market_timeframe,market_duration_seconds,series_slug,slug_prefix,slug,condition_id,winner,category,already_winner_side,crossed_to_winner,official_margin_bps_abs,aligned_final_move_bps,net_aligned_notional,final_quote_volume,reversion_5s_bps,reversion_30s_bps,taker_fee_bps,payout_window_seconds,has_push,slippage_usd,fees_usd,spot_cost_usd,pm_status,pm_late_winner_buy_profit,pm_late_winner_buy_notional,realized_net_usd,pm_over_spot_cost_ratio,profitable
5m,300,btc-up-or-down-5m,btc-updown-5m,btc-updown-5m-1772338800,0xdccf27ed77197e376967dc2950ffaab374a29df0c1c5ec7111e26d92db4fbf2f,Up,already_winner_assist,1,0,9.378334797890465,0.8328202570474181,999.999929714,999.999929714,,,10.0,60,1,0.08328201985118136,1.9999998594280002,2.0832818792791814,truncated_http_400_at_offset_3500,251.88087486085774,15437.570860139138,249.79759298157856,120.90580605827998,1
5m,300,btc-up-or-down-5m,btc-updown-5m,btc-updown-5m-1772348100,0xb998b13ad0317bc4cc9a4469dda3b3fa889ea982c98496027cab1d4adf21c1e2,Down,other,0,0,1.057986244590117,0.014939699638269252,11.780683199999999,11.780683199999999,0.014939699637620188,,10.0,60,1,1.759998685416046e-05,0.0235613664,0.02357896638685416,ok,2948.3317826343987,3881.684688365603,2948.3082036680116,125040.75599675838,1
5m,300,btc-up-or-down-5m,btc-updown-5m,btc-updown-5m-1772360100,0xd53a5bcbf1829bf8665df9110f735b8a956d3dfc2477ba3eb8d8ab55d09c71b4,Down,already_winner_assist,1,0,8.80944690914492,-0.015044709114509077,-9.734326470000001,9.734326470000001,,,10.0,60,0,0.0,0.0,0.0,ok,154.22668237304018,13340.439852626952,154.22668237304018,,1
5m,300,btc-up-or-down-5m,btc-updown-5m,btc-updown-5m-1772362800,0xb633ca49da76ead9bc156c213388ed6313045b14ca43f0188bf69efffd9166a6,Up,other,0,0,2.9215187639132227,-0.015049395878310121,-1148.839878032,1225.09017224,,,10.0,60,0,0.0,0.0,0.0,truncated_http_400_at_offset_3500,3340.7992475386527,7586.4644404613455,3340.7992475386527,,1
5m,300,btc-up-or-down-5m,btc-updown-5m,btc-updown-5m-1772373600,0x5906904d0568b88d3f4c7d649e7766ba527b445bfe5bd1a8d198604085a83c4e,Up,already_winner_assist,1,0,4.308776638121244,1.911477682598875,20241.417440888003,20433.615504858,-1.4035087742327357,-14.905945366823422,10.0,60,1,3.869101770242505,40.48283488177601,44.35193665201851,truncated_http_400_at_offset_3500,7694.627137350435,17261.11929664954,7650.2752006984165,173.4902175235733,1
5m,300,btc-up-or-down-5m,btc-updown-5m,btc-updown-5m-1772375400,0x81336517c3c80b7d460a46b36ec3484c2512a1a4f7047ef1e1365db8241722be,Up,already_winner_assist,1,0,9.324277296171157,0.0,51.508533355,66.163796069,,-0.0,10.0,60,0,0.0,0.0,0.0,truncated_http_400_at_offset_3500,1697.8993274260897,29844.376368573907,1697.8993274260897,,1
5m,300,btc-up-or-down-5m,btc-updown-5m,btc-updown-5m-1772378700,0x916361bf16894ec3594549cc6994a672070ec6f1e6bd514449aad97ba67f6724,Up,already_winner_assist,1,0,0.8696512629171819,-0.23852970292120698,-142.812548494,448.43054772600004,-2.027321140571606,-7.540747964327039,10.0,60,0,0.0,0.0,0.0,truncated_http_400_at_offset_3500,3980.101473017451,18056.440437982546,3980.101473017451,,1
5m,300,btc-up-or-down-5m,btc-updown-5m,btc-updown-5m-1772379300,0x3f8371e391b2debc466c02ecf5a90a3c6beba04d2d8d121bee94cdee5d3d2619,Up,already_winner_assist,1,0,2.0273499042122083,0.014880786302432586,69.820959192,69.820959192,,,10.0,60,1,0.00010389907731670183,0.13964191838400003,0.13974581746131673,truncated_http_400_at_offset_3500,8387.955188616474,13708.612471383514,8387.815442799012,60022.94266115232,1
5m,300,btc-up-or-down-5m,btc-updown-5m,btc-updown-5m-1772384100,0xd517f4e351623e97daf2387f3112f83e7a6f8ebe2112d8e38533367349226d56,Up,flip,0,1,1.7173198536856034,4.431139336558639,1.02843968,1.02843968,-3.280500177193781,-3.340960126255114,10.0,60,1,0.00045571595213257784,0.00205687936,0.002512595312132578,truncated_http_400_at_offset_3500,3688.176568869379,26169.24381413063,3688.174056274067,1467875.2885752304,1
5m,300,btc-up-or-down-5m,btc-updown-5m,btc-updown-5m-1772385900,0x034571c74193258fddc66e5a27e0f7916373233309bfc3cf7868833e1c2ad8b6,Up,flip,0,1,1.6794570731908618,2.6207852658864597,14.696578633999998,14.696578633999998,-0.0,-0.0,10.0,60,1,0.0038516576742928946,0.029393157267999993,0.03324481494229289,truncated_http_400_at_offset_3500,17534.476271675678,8082.364246324312,17534.443026860736,527434.9188621572,1
5m,300,btc-up-or-down-5m,btc-updown-5m,btc-updown-5m-1772390100,0xf42eda33cf5e2029178aef04f383e228e1dcf523de562fa2144517048742c3e6,Down,already_winner_assist,1,0,2.695130255228006,0.783192685380546,73.15685883600001,92.956400364,,,10.0,60,1,0.005729591672577237,0.14631371767200002,0.15204330934457727,truncated_http_400_at_offset_3500,1573.25253184094,8543.095255159053,1573.1004885315954,10347.39732134784,1
5m,300,btc-up-or-down-5m,btc-updown-5m,btc-updown-5m-1772390700,0xf5cf1cdd6cb2bb441804d551d889f08804934ec226213238caa31071c96b920b,Up,already_winner_assist,1,0,0.8449246184657256,0.6628991898500091,360.365555264,360.365555264,2.832694740335794,,10.0,60,1,0.023888603463435427,0.7207311105280001,0.7446197139914356,truncated_http_400_at_offset_3500,13576.8464637521,22308.428857247873,13576.101844038109,18233.262172143157,1
5m,300,btc-up-or-down-5m,btc-updown-5m,btc-updown-5m-1772391600,0x70d4ebfb1ab4837bafc7fb657a5b901ea8005217d8b44c0b436e32d95cb57c56,Down,already_winner_assist,1,0,2.190474434732296,0.01508180749501417,409309.407419947,416922.828200653,,-1.4630434497208695,10.0,60,1,0.6173125688605965,818.618814839894,819.2361274087546,truncated_http_400_at_offset_3500,2799.7108167684623,5049.22843723154,1980.4746893597078,3.417465030044455,1
5m,300,btc-up-or-down-5m,btc-updown-5m,btc-updown-5m-1772393400,0xbcba3ed46b2f666f07b09f8cac2230a2b3007684eefaf81cb094107d14472bcc,Down,already_winner_assist,1,0,0.7705669786064211,0.015150241155057824,-23.944881618000007,63.68811327800001,0.015150241155938153,,10.0,60,0,0.0,0.0,0.0,truncated_http_400_at_offset_3500,3878.191073783448,4630.119674216551,3878.191073783448,,1
5m,300,btc-up-or-down-5m,btc-updown-5m,btc-updown-5m-1772397300,0x0e51443233387f3c984cb2d0bd055769c012d6d9a45236335fb426ec4834705d,Down,already_winner_assist,1,0,3.6435665911130277,-0.01534129393136373,566.2757681319999,594.438994348,-0.5983279038142029,-5.555086806808309,10.0,60,0,0.0,0.0,0.0,truncated_http_400_at_offset_3500,3587.2937427360384,12524.921591263957,3587.2937427360384,,1
5m,300,btc-up-or-down-5m,btc-updown-5m,btc-updown-5m-1772398500,0x766c9e255fc103622d8ef36cffb5df198a83db5c6b2bcaac0eeb9c6a6386eafb,Down,already_winner_assist,1,0,1.471594323372555,0.44406503263059244,179.421526134,179.421526134,-1.2710537435478937,,10.0,60,1,0.00796748258573254,0.358843052268,0.36681053485373255,truncated_http_400_at_offset_3500,6892.8212858134975,6334.788535186514,6892.454475278644,18791.23043334086,1
5m,300,btc-up-or-down-5m,btc-updown-5m,btc-updown-5m-1772409300,0xe8774cf047c0992f70446a3c2d1965de2e822c55caf6cd4267837d437abe54d7,Up,already_winner_assist,1,0,6.975895008159876,0.5475609961491962,466.72400615099997,466.72400615099997,-2.494065202318234,-4.713868287532549,10.0,60,1,0.02555598617347851,0.9334480123019999,0.9590039984754785,truncated_http_400_at_offset_3500,801.9376837049199,16707.76961429503,800.9786797064444,836.2193327449669,1
5m,300,btc-up-or-down-5m,btc-updown-5m,btc-updown-5m-1772410200,0xafa4792b9303c5fb9a223763d9c7dcf97c88f9f8e5a79861b9b3270e220657cb,Down,other,0,0,0.2352454550914563,0.9089160122417702,423.445740421,423.445740421,-12.460475231480372,-19.440272038604153,10.0,60,1,0.038487661378421904,0.8468914808419998,0.8853791422204217,truncated_http_400_at_offset_3500,11341.573394170438,2814.6660808295555,11340.688015028218,12809.84931012399,1
5m,300,btc-up-or-down-5m,btc-updown-5m,btc-updown-5m-1772412300,0x4a0748aea90e3449dc44e1b4d15667e65e7d78e770fec784827e86453fd92d33,Up,already_winner_assist,1,0,0.2742629648533433,-1.1267529470877957,1138.44078871,1444.63017305,2.9902666293420754,,10.0,60,0,0.0,0.0,0.0,truncated_http_400_at_offset_3500,7057.738779587178,4928.216727412829,7057.738779587178,,1
5m,300,btc-up-or-down-5m,btc-updown-5m,btc-updown-5m-1772414700,0x30e2e784f794c792f12ea669ebb708b8886b1e417de6714ae4fbe2a82740c95b,Down,already_winner_assist,1,0,5.274545321388026,-4.508119198890039,7105.508820417001,7265.267086623001,0.0,0.8112456681659409,10.0,60,0,0.0,0.0,0.0,truncated_http_400_at_offset_3500,2970.565063129082,19263.289448870888,2970.565063129082,,1
5m,300,btc-up-or-down-5m,btc-updown-5m,btc-updown-5m-1772415000,0xf1a9546c5dc2710a7efc30c26c3b7375b7b7b43d375113c6a39141dd88511438,Up,already_winner_assist,1,0,4.08707535796996,0.015017641973364994,-214.76255329000003,254.075012882,-0.0,,10.0,60,0,0.0,0.0,0.0,truncated_http_400_at_offset_3500,1098.469345252143,10493.46908274785,1098.469345252143,,1
5m,300,btc-up-or-down-5m,btc-updown-5m,btc-updown-5m-1772415600,0xf2741fbee4be3e1ac0349d7eb2b363730e98c2b5e0f4ae4464dcb5d3f880fdcd,Down,already_winner_assist,1,0,7.74037752182337,0.015019423870559509,-167.57252816,250.85129247999998,,3.8892772816629657,10.0,60,0,0.0,0.0,0.0,truncated_http_400_at_offset_3500,2040.4004616195452,20659.93884938045,2040.4004616195452,,1
5m,300,btc-up-or-down-5m,btc-updown-5m,btc-updown-5m-1772416800,0x2a62dcac4895d16db07f822753cd7fc32afa1d9e4d6a675a2f47bf9960ff9a74,Up,already_winner_assist,1,0,2.301540819953005,0.9016184056476474,14440.525725501,14440.525725501,-0.0,,10.0,60,1,1.3019843781340048,28.881051451002005,30.18303582913601,truncated_http_400_at_offset_3500,5286.964825490625,4331.740358509373,5256.781789661489,175.16345457825224,1
5m,300,btc-up-or-down-5m,btc-updown-5m,btc-updown-5m-1772430600,0xcb4795c70a21ff4f657f9b686d3cf96b6e52e9d48d829f599c45480df0b0aad0,Down,already_winner_assist,1,0,9.245216270477455,0.25435527298539984,-97.32082567200001,97.32082567200001,,,10.0,60,0,0.0,0.0,0.0,ok,764.3252175642442,27283.927627435787,764.3252175642442,,1
5m,300,btc-up-or-down-5m,btc-updown-5m,btc-updown-5m-1772433300,0x288db01bc1fffa7d3a8fb46ffb6f1c99d913efb2846f2dfde9995c9dab41b71e,Down,already_winner_assist,1,0,9.788757864348254,-0.015095740960734598,-226.270614108,226.270614108,,,10.0,60,0,0.0,0.0,0.0,truncated_http_400_at_offset_3500,299.2285923217591,14910.166756678236,299.2285923217591,,1
5m,300,btc-up-or-down-5m,btc-updown-5m,btc-updown-5m-1772437800,0x9054ed248d28e34a52cbe3bfd47f775759299b20108e6544802d1c4c88a12e66,Down,already_winner_assist,1,0,1.7703564320326073,1.7287500270530032,-1077.543596966,1562.406830302,-1.6835438182032658,,10.0,60,0,0.0,0.0,0.0,truncated_http_400_at_offset_3500,9431.010179209194,4150.003687790803,9431.010179209194,,1
5m,300,btc-up-or-down-5m,btc-updown-5m,btc-updown-5m-1772439300,0xf36c227cb4f7598c3683758c8d72055c6603d8c28045a7abe1bb4e013658bb81,Down,already_winner_assist,1,0,7.726633712379159,0.015149919819390312,1312.5340051199998,1312.5340051199998,,,10.0,60,1,0.001988478493779123,2.6250680102399997,2.627056488733779,truncated_http_400_at_offset_3500,405.2129672799096,19961.838167720092,402.5859107911758,154.24600461302572,1
5m,300,btc-up-or-down-5m,btc-updown-5m,btc-updown-5m-1772446800,0x178fee52018e91e335bc0717f5f7c818e9097818e4930bec0b7b35515bab6075,Up,flip,0,1,6.364060494287339,10.516789299312443,60055.18035902701,60055.18035902701,,,10.0,60,1,63.1587678168094,120.11036071805403,183.26912853486343,truncated_http_400_at_offset_3500,6250.981210566017,2784.1447144339836,6067.712082031153,34.108206114904334,1
5m,300,btc-up-or-down-5m,btc-updown-5m,btc-updown-5m-1772447400,0x457969ca808e083f5f2cc9570659f4496c39cb364cd94fd7f9d0efa383854d93,Up,already_winner_assist,1,0,1.2851800338978274,0.13582414697091036,45.244103280000004,45.244103280000004,,,10.0,60,1,0.0006145241733469768,0.09048820656,0.09110273073334699,truncated_http_400_at_offset_3500,8437.59997120162,7256.522465798357,8437.508868470886,92616.32338879108,1
5m,300,btc-up-or-down-5m,btc-updown-5m,btc-updown-5m-1772455800,0xb1b30e5f8f8b0c59f38315f5d7c794e4b95b2b1511c001b7969f2d97e18ffcf1,Down,flip,0,1,1.606968938554734,1.6667651611936187,228.721675024,228.721675024,-3.106985665416283,,10.0,60,1,0.038122531953985184,0.4574433500480001,0.49556588200198526,truncated_http_400_at_offset_3500,4938.297506219574,2964.1027947804296,4937.801940337572,9964.966688727354,1
5m,300,btc-up-or-down-5m,btc-updown-5m,btc-updown-5m-1772460000,0x996037eae97a6d5d81324fdd3abec4a44b476c6905a0ebb7f8fe7f7d390c34b0,Down,already_winner_assist,1,0,5.205305084858582,-3.9152771246913995,-10840.417748963,11039.105787376999,5.3198727542621205,,10.0,60,0,0.0,0.0,0.0,truncated_http_400_at_offset_3500,547.7745684824645,20862.837422517514,547.7745684824645,,1
5m,300,btc-up-or-down-5m,btc-updown-5m,btc-updown-5m-1772463000,0x8a79b889900d097b24929711797407451036cb76a696ee4dadb8e040a96439b7,Down,flip,0,1,3.7130202867483244,4.76267623626164,893.01120988,893.01120988,1.1050235276735798,3.8521204308754817,10.0,60,1,0.4253123268010732,1.78602241976,2.2113347465610733,truncated_http_400_at_offset_3500,5061.197813307591,5258.588892692412,5058.98647856103,2288.752447443085,1
5m,300,btc-up-or-down-5m,btc-updown-5m,btc-updown-5m-1772464500,0xf11cd61fba869c1c81b0a6b6a7e5072b1d7f1741ffd10ce8f419adf5908569a9,Down,flip,0,1,3.5015720730116393,6.343146910372621,11268.196145737002,11272.961485585001,2.2074038754268352,20.60782847977291,10.0,60,1,7.1475823567304335,22.536392291474005,29.68397464820444,truncated_http_400_at_offset_3500,6338.15005807552,37644.38092292451,6308.466083427315,213.52093623550206,1
5m,300,btc-up-or-down-5m,btc-updown-5m,btc-updown-5m-1772483100,0xa298e5dffe94c5e5f5f329882bf53b33fe67b69fa94175ca9cadc911f7cf46eb,Down,flip,0,1,2.8041198808104726,3.1457823943404413,1037.6786880959999,1037.6786880959999,-0.391479946489116,,10.0,60,1,0.3264311347994682,2.0753573761919997,2.401788510991468,truncated_http_400_at_offset_3500,11980.995691397087,9363.343252602903,11978.593902886096,4988.364144706181,1
5m,300,btc-up-or-down-5m,btc-updown-5m,btc-updown-5m-1772485200,0xd9dd6a1b0b45f5701be5757ac3bd857adb941fe48edae32013833b3d50c4f8f3,Down,already_winner_assist,1,0,8.242352464883815,-1.056853660774121,-347.020652588,398.977157612,2.8804449111427,8.653311010034828,10.0,60,0,0.0,0.0,0.0,truncated_http_400_at_offset_3500,857.7792324725297,14570.966597527475,857.7792324725297,,1
5m,300,btc-up-or-down-5m,btc-updown-5m,btc-updown-5m-1772487300,0x29f5630bee02868e81dcb03505101cc70adb9f24e0b220b686e51962509cc6e3,Up,flip,0,1,2.7029350668409875,7.561981599436061,119663.11797543899,119996.31513351899,,0.014398340160711684,10.0,60,1,90.48902962614162,239.326235950878,329.8152655770196,truncated_http_400_at_offset_3500,3870.6935847470954,6524.3478622529055,3540.878319170076,11.735944295893113,1
5m,300,btc-up-or-down-5m,btc-updown-5m,btc-updown-5m-1772488500,0xd19c2936e02fd79ee07a68058ae82b7e6f2a8f080599921134bb421cb159d406,Down,already_winner_assist,1,0,9.920645085030982,1.69963674274798,-6859.861234317001,7057.371303059001,0.0,,10.0,60,0,0.0,0.0,0.0,truncated_http_400_at_offset_3500,680.6600720959013,19683.856798904104,680.6600720959013,,1
5m,300,btc-up-or-down-5m,btc-updown-5m,btc-updown-5m-1772491200,0x17a4e5b0c3d6d4228aea74d88092d99cd755498972fb7076f1ad2634af6eb64d,Up,already_winner_assist,1,0,5.233193414685358,2.002652440598928,20845.718025825,20845.718025825,-0.9939734963004963,-1.7141824148149363,10.0,60,1,4.174672808045551,41.69143605165,45.86610885969555,truncated_http_400_at_offset_3500,7134.518904678153,7918.088696321849,7088.652795818458,155.55099575816755,1
5m,300,btc-up-or-down-5m,btc-updown-5m,btc-updown-5m-1772494800,0x975e94a2a0891929c71a2898d1b859a0a477c856c718c617e043e120a55da32a,Down,already_winner_assist,1,0,6.653563113717647,-0.0,13.76026373,13.76026373,0.014536774769576603,,10.0,60,0,0.0,0.0,0.0,truncated_http_400_at_offset_3500,3319.8308027863977,18906.20905321359,3319.8308027863977,,1
5m,300,btc-up-or-down-5m,btc-updown-5m,btc-updown-5m-1772499900,0x485b74795869a09050a0085fcefac9dbfae8c8e6f6e529654eb0157461bb4bee,Up,other,0,0,0.4379841489330191,0.014480256532662389,204.04923576300004,503.53956941300004,-2.8956299355646067,,10.0,60,1,0.0002954685279141949,0.4080984715260001,0.4083939400539143,truncated_http_400_at_offset_3500,5323.594944077014,10788.507972922986,5323.186550136959,13035.440592909428,1
5m,300,btc-up-or-down-5m,btc-updown-5m,btc-updown-5m-1772503800,0xabec292c1c56dd88db2dda4a65c060683c23173a2c2b3d26dab22de388251e25,Down,flip,0,1,1.0970728413971178,2.9289852441369595,984.385266345,984.385266345,,,10.0,60,1,0.28832499196703354,1.9687705326899998,2.2570955246570334,truncated_http_400_at_offset_3500,7601.84778579468,7712.554335205322,7599.590690270023,3367.977873665663,1
5m,300,btc-up-or-down-5m,btc-updown-5m,btc-updown-5m-1772504700,0x7f9c335cc96c267daef3d7285677a13079f0dca42e24100f529bdd5b711f9799,Up,already_winner_assist,1,0,8.089114741953455,0.0,4164.0051555909995,4164.0051555909995,-0.9498043044960508,,10.0,60,0,0.0,0.0,0.0,truncated_http_400_at_offset_3500,825.6054442408137,16356.27133575918,825.6054442408137,,1
5m,300,btc-up-or-down-5m,btc-updown-5m,btc-updown-5m-1772505600,0xbfb7acbdec1f1ad3877cc1a066e0e833cd4291a1d15409fc7c782a230d5f26ab,Up,already_winner_assist,1,0,6.064516921399878,0.0,49.019409708000005,49.019409708000005,,-2.9220072644470068,10.0,60,0,0.0,0.0,0.0,truncated_http_400_at_offset_3500,1118.8336803148845,18311.232403685088,1118.8336803148845,,1
5m,300,btc-up-or-down-5m,btc-updown-5m,btc-updown-5m-1772511600,0x8415d6da343d22738808c69df9acb5b0c5003c145885d0a1d033dc2f43fd3d13,Down,already_winner_assist,1,0,3.2429864419849985,-2.414573499274558,-4647.530990805,4657.805722527,0.7462047808835615,,10.0,60,0,0.0,0.0,0.0,truncated_http_400_at_offset_3500,563.4464777797474,18736.907318220266,563.4464777797474,,1
5m,300,btc-up-or-down-5m,btc-updown-5m,btc-updown-5m-1772519100,0x01a55b612ef870d5272f56206f0b005ee218b01f2417861344a2148fa0449552,Up,already_winner_assist,1,0,0.1621812862614392,0.0,93.520176812,93.520176812,,,10.0,60,0,0.0,0.0,0.0,truncated_http_400_at_offset_3500,5907.736645944524,32231.830091055486,5907.736645944524,,1
5m,300,btc-up-or-down-5m,btc-updown-5m,btc-updown-5m-1772521200,0xa4b9bb5a1de4749bc501db0a40585bf8fe02523a58df50887e7e00f8aa195d81,Up,other,0,0,0.49595906489797204,3.9512542073858943,30389.557293369002,30614.264193369003,-2.9367239000494356,,10.0,60,1,12.007686611601896,60.77911458673801,72.7868011983399,truncated_http_400_at_offset_3500,48504.378011997454,864.1070390025706,48431.59121079912,666.3897466770902,1
5m,300,btc-up-or-down-5m,btc-updown-5m,btc-updown-5m-1772532000,0x9c2f6f030c991ece82882dc4144c4fb848b2d25e23d215fbb570b5d2893ca4ff,Down,flip,0,1,3.3321570705443793,4.156983980438469,-28.65690176699998,188.582341767,,,10.0,60,0,0.0,0.0,0.0,truncated_http_400_at_offset_3500,3714.7855577514274,12863.879609248572,3714.7855577514274,,1
5m,300,btc-up-or-down-5m,btc-updown-5m,btc-updown-5m-1772532900,0x38bfb93af89a6bc6bbc9d2b25a59405a452fa30de943d6d0871271b9f250235c,Up,already_winner_assist,1,0,6.5804694816542435,0.0,109.10567535,255.83872935,-0.21043676150588111,-2.825495607715567,10.0,60,0,0.0,0.0,0.0,truncated_http_400_at_offset_3500,2052.0138907999667,27576.10104420004,2052.0138907999667,,1
5m,300,btc-up-or-down-5m,btc-updown-5m,btc-updown-5m-1772535900,0xddcf601dea27ded0850f9c0975254f889235ad99e4654d648b6c7ba5a72af68f,Down,already_winner_assist,1,0,1.9695789130766925,-4.182669171518613,8713.121542375,10982.256054059,1.194727073488765,0.8213901959004325,10.0,60,0,0.0,0.0,0.0,truncated_http_400_at_offset_3500,973.0135834129992,46560.16087458695,973.0135834129992,,1
5m,300,btc-up-or-down-5m,btc-updown-5m,btc-updown-5m-1772538300,0x4a0ab39b3372244692f826a38bb938eb9bec9e1c3fabf1d2f98c357f068d5329,Down,already_winner_assist,1,0,2.3188339870965207,-0.0,-1000.0420297960002,1000.0420297960002,0.0,,10.0,60,0,0.0,0.0,0.0,truncated_http_400_at_offset_3500,5042.750706660269,9231.798599339723,5042.750706660269,,1
5m,300,btc-up-or-down-5m,btc-updown-5m,btc-updown-5m-1772538900,0xe4f8df6d84ce860e823b93126d5d4b66d323bb7ac848ded7ad94894160510e98,Up,already_winner_assist,1,0,3.975120893817918,-2.387265145479955,281.611114445,338.047504945,-6.086400216530838,-7.5179561861023325,10.0,60,0,0.0,0.0,0.0,truncated_http_400_at_offset_3500,3888.3569579872055,50260.60698001279,3888.3569579872055,,1
5m,300,btc-up-or-down-5m,btc-updown-5m,btc-updown-5m-1772540400,0xdbf31cc1cc692540e660b708eccd7cf6360608dded3ede0f40144f6e26dee669,Down,already_winner_assist,1,0,0.9344823916463717,0.08886203280758968,-245.700242292,245.700242292,,1.3920811339202022,10.0,60,0,0.0,0.0,0.0,truncated_http_400_at_offset_3500,8790.55287706379,8196.6452949362,8790.55287706379,,1
5m,300,btc-up-or-down-5m,btc-updown-5m,btc-updown-5m-1772542200,0x49e499abee012d460e0bcc1e8ec90eac9c9aa153068f3c02cbfe99400e37db20,Up,other,0,0,3.0553561260905693,0.9800078408451477,285.351995622,285.351995622,-1.9448826265276955,,10.0,60,1,0.02796471931103703,0.570703991244,0.598668710555037,truncated_http_400_at_offset_3500,5769.834691937275,738.9512190627271,5769.23602322672,9637.77560144734,1
5m,300,btc-up-or-down-5m,btc-updown-5m,btc-updown-5m-1772547300,0x155332d671bf6995385f1f91c596b39e60d251186cb52cd5515a71d2d79ebd8a,Down,already_winner_assist,1,0,5.762530767484609,0.9385915323586727,-49.500041249999995,49.500041249999995,,,10.0,60,0,0.0,0.0,0.0,truncated_http_400_at_offset_3500,3044.3546395401736,25850.147376459816,3044.3546395401736,,1
5m,300,btc-up-or-down-5m,btc-updown-5m,btc-updown-5m-1772555100,0xbbc2311aa1c175f0bad5021ae20fd9e98bc519c499b2f51fd0b22504816e08b5,Down,already_winner_assist,1,0,8.319358593240146,-0.0,-97.329194206,97.329194206,-5.84250540918855,-11.499325627348824,10.0,60,0,0.0,0.0,0.0,truncated_http_400_at_offset_3500,1808.9844076722645,31231.05479932779,1808.9844076722645,,1
5m,300,btc-up-or-down-5m,btc-updown-5m,btc-updown-5m-1772558700,0x55a12e16dab6ac198aa84141dcd627f1b70bbc56accd89497049c6b025c0c07f,Up,already_winner_assist,1,0,3.824554341388653,-2.1682313177555215,1296.7092369770003,1703.289403403,6.22895457980723,18.214113196799424,10.0,60,0,0.0,0.0,0.0,truncated_http_400_at_offset_3500,4932.517190625142,14598.28331337487,4932.517190625142,,1
5m,300,btc-up-or-down-5m,btc-updown-5m,btc-updown-5m-1772562900,0x431328c072299698f26dde8e83aa334a1f4e3717cb5559bb51e81c078d09c857,Up,already_winner_assist,1,0,6.827722567929042,0.5965141750248046,415.45354838800006,415.45354838800006,-2.909315211364658,-4.567246233597771,10.0,60,1,0.02478239306777956,0.830907096776,0.8556894898437796,truncated_http_400_at_offset_3500,1341.0180884873382,20741.20473551269,1340.1623989974944,1567.1784033857464,1
5m,300,btc-up-or-down-5m,btc-updown-5m,btc-updown-5m-1772563500,0x054fa8cb9c71b0db12513d5fd16fee671c61de222f3941f9dfbb624d51d0ac70,Up,flip,0,1,2.2140905260097994,4.003188046809036,31181.047527647996,32397.385347408,,4.017748018970168,10.0,60,1,12.48235967496649,62.362095055295995,74.84445473026248,truncated_http_400_at_offset_3500,8066.828634082553,5735.991356917449,7991.984179352291,107.78124662882773,1
5m,300,btc-up-or-down-5m,btc-updown-5m,btc-updown-5m-1772571300,0x5041c6e30ae65bee5d52509d2c9a3c19fdcd34ea478a559c244b60ce37156f63,Up,flip,0,1,3.4355996647616966,6.682121763602621,2340.8251496989997,2340.8251496989997,3.1060450919293854,,10.0,60,1,1.5641678677592048,4.681650299397999,6.2458181671572035,truncated_http_400_at_offset_3500,12863.082938621876,10347.632909378128,12856.837120454718,2059.471248500424,1
5m,300,btc-up-or-down-5m,btc-updown-5m,btc-updown-5m-1772574900,0x1f0b53a6e89bf3a92a7f00865678d1947fa4c53ef81b87a573d2262e03ffcc3b,Down,already_winner_assist,1,0,3.048653079593215,-0.0,-112.89251655,112.89251655,-0.014698327845519015,,10.0,60,0,0.0,0.0,0.0,truncated_http_400_at_offset_3500,1546.5940863256317,11119.555347674357,1546.5940863256317,,1
5m,300,btc-up-or-down-5m,btc-updown-5m,btc-updown-5m-1772578200,0x6e91f677edf76b17d0f550a4fccdd6b38af8d50ef9810cedb17ea521b3aeda27,Up,already_winner_assist,1,0,4.804698544553751,-0.23419786500540551,-409.40423272500004,409.40423272500004,-0.0,,10.0,60,0,0.0,0.0,0.0,truncated_http_400_at_offset_3500,1635.4758787037158,7373.1805992962845,1635.4758787037158,,1
5m,300,btc-up-or-down-5m,btc-updown-5m,btc-updown-5m-1772585700,0x9dcd99cedcc44b8ce23ad021899f6ed3a673c1ca7ce03ef3596ca366f04240a6,Down,flip,0,1,0.5979975348610168,1.981696470771976,4534.779424829,4534.779424829,0.01468067692715333,,10.0,60,1,0.8986556381913,9.069558849658002,9.968214487849302,truncated_http_400_at_offset_3500,8757.887871426023,3275.8789475739823,8747.919656938173,878.5814031290558,1
5m,300,btc-up-or-down-5m,btc-updown-5m,btc-updown-5m-1772586300,0x556fd61f922e10ab05fbca39f2fb3cf2dbd0a08255a14065a99b728895b4db00,Down,already_winner_assist,1,0,0.11907571778895759,-0.9525240061568603,-1963.402015596,1963.402015596,,,10.0,60,0,0.0,0.0,0.0,truncated_http_400_at_offset_3500,788.8248027867154,16665.593903213277,788.8248027867154,,1
5m,300,btc-up-or-down-5m,btc-updown-5m,btc-updown-5m-1772588400,0x9abfc654ccdba798d58c08a4792d314c7a94a1a2819421ab84b24a284093ab67,Up,already_winner_assist,1,0,1.156743447544675,-1.8923045851697025,137.3856,137.3856,,,10.0,60,0,0.0,0.0,0.0,truncated_http_400_at_offset_3500,2577.01881708668,7263.180493913324,2577.01881708668,,1
5m,300,btc-up-or-down-5m,btc-updown-5m,btc-updown-5m-1772594100,0x30a6b58d2b9755f1c6058066001c8ce855eb6f835c095b1b0c3645beaf3ccdf7,Up,flip,0,1,3.760143359110415,5.6243877271599425,1589.5508902780002,1727.6784872340002,-2.1815280299392175,,10.0,60,1,0.8940250518975745,3.1791017805560005,4.073126832453575,truncated_http_400_at_offset_3500,10327.186834088849,6557.7654659111695,10323.113707256394,2535.4444530930423,1
5m,300,btc-up-or-down-5m,btc-updown-5m,btc-updown-5m-1772598300,0x7941cedf4beff1046d103aee338f484296aa312101241a740e127a07f11bd710,Down,already_winner_assist,1,0,1.6082524995324874,1.0796173432532816,498.319787626,498.319787626,-1.5530786857861199,-10.758170846515055,10.0,60,1,0.05379946852073216,0.996639575252,1.0504390437727322,ok,2330.5901661575385,5801.695950842467,2329.539727113766,2218.6819691955143,1
5m,300,btc-up-or-down-5m,btc-updown-5m,btc-updown-5m-1772598600,0x04b1127f62b59a78c935db4893b2fe1eadd5a56141a8ca85988e75d6163061a6,Down,flip,0,1,2.254712336425164,5.695194814951191,8411.476823806,8758.297974194,-0.04439087945069439,,10.0,60,1,4.790499919302205,16.822953647612,21.613453566914202,truncated_http_400_at_offset_3500,5620.576009013542,5025.793176986458,5598.962555446627,260.0498801180714,1
5m,300,btc-up-or-down-5m,btc-updown-5m,btc-updown-5m-1772598900,0x848d2349a9665003fed57e11ba6baecb56a56f83c5ae21b07a8f0ede57f13e68,Down,flip,0,1,2.7231808469079075,4.0544720345521075,6978.0646367399995,7024.98075534,,-3.656353176353195,10.0,60,1,2.8292367924959336,13.95612927348,16.785366065975936,truncated_http_400_at_offset_3500,2999.9018280880637,25069.908335912012,2983.116462022088,178.72126328950833,1
5m,300,btc-up-or-down-5m,btc-updown-5m,btc-updown-5m-1772599500,0xdffe5aab689fba9a83d71ce3e3dde0d47e3841e2acaa0f88903bdfed99a804cb,Up,flip,0,1,2.100258065388427,2.2322303103907295,24441.810897596,24491.371131228,,4.021330848565796,10.0,60,1,5.455975112645223,48.883621795192,54.33959690783722,truncated_http_400_at_offset_3500,26923.978032537118,7210.611365462893,26869.63843562928,495.4762192697451,1
5m,300,btc-up-or-down-5m,btc-updown-5m,btc-updown-5m-1772600700,0xeb6b1af2c5db624b56008d4fc0540bcfa7876bf172fdb0b25532dce13a5e7455,Up,already_winner_assist,1,0,8.90740325856625,0.0,-1753.0753101120001,1753.0753101120001,-3.4036082996453145,,10.0,60,0,0.0,0.0,0.0,truncated_http_400_at_offset_3500,1034.3978852424873,18996.820786757515,1034.3978852424873,,1
5m,300,btc-up-or-down-5m,btc-updown-5m,btc-updown-5m-1772615400,0xee3aa242c63b2fca98271ee4f900719340c822d58e91f0fb861e81ce44e5d0d5,Up,already_winner_assist,1,0,5.139936603294673,-0.014070387112133837,-220.479919488,220.479919488,-4.051453514346298,,10.0,60,0,0.0,0.0,0.0,truncated_http_400_at_offset_3500,1944.2939607658457,16931.487067234153,1944.2939607658457,,1
5m,300,btc-up-or-down-5m,btc-updown-5m,btc-updown-5m-1772621400,0xf2664ccbbedbf30e02c075c3434c5495177233c98b4f97a4698dcc7d2b4d0f07,Up,already_winner_assist,1,0,2.3464313483987707,-3.2818936540274413,-24327.034161809,24327.034161809,,0.9819723905308803,10.0,60,0,0.0,0.0,0.0,truncated_http_400_at_offset_3500,1195.0825393615064,20536.461261638506,1195.0825393615064,,1
5m,300,btc-up-or-down-5m,btc-updown-5m,btc-updown-5m-1772628000,0x366587b5ab195db8e412c55619c938a85163458b233c21be547d444f8577c32c,Up,already_winner_assist,1,0,7.337606172548094,-2.408978316053418,498.75332737199994,498.75332737199994,-0.0,4.157204389283247,10.0,60,0,0.0,0.0,0.0,truncated_http_400_at_offset_3500,308.02824388379395,15737.5693841162,308.02824388379395,,1
5m,300,btc-up-or-down-5m,btc-updown-5m,btc-updown-5m-1772629200,0xbc1b847196d0f8ce190ecf0cee9bc91ed421e8923bb1fdcc4c937226c36b7583,Down,flip,0,1,1.1225401743838568,4.092587848038211,1046.5091310900002,1066.15448715,,,10.0,60,1,0.42829305527599615,2.0930182621800006,2.521311317455997,truncated_http_400_at_offset_3500,7224.914260428562,4554.602947571438,7222.392949111106,2865.538345228427,1
5m,300,btc-up-or-down-5m,btc-updown-5m,btc-updown-5m-1772631000,0xdbc23e36969c5c1bc2871926f317cc5b0eea832837d888322977dceef25fb0e2,Down,already_winner_assist,1,0,2.973136696931147,-0.8130411809848461,-130.291809,130.291809,,-7.993101117598098,10.0,60,0,0.0,0.0,0.0,truncated_http_400_at_offset_3500,8689.805250479832,10738.223238520159,8689.805250479832,,1
5m,300,btc-up-or-down-5m,btc-updown-5m,btc-updown-5m-1772635800,0x1870969594539a3cdfe5607e8a60b768370c774a7ec0a7f1add7aceaaea981d3,Up,already_winner_assist,1,0,7.326434981407894,3.9465638562141945,42049.665909396,42049.665909396,,13.170581841881141,10.0,60,1,16.595169164390445,84.099331818792,100.69450098318244,truncated_http_400_at_offset_3500,3621.6461910888947,15337.972926911085,3520.9516901057123,35.9666730131943,1
5m,300,btc-up-or-down-5m,btc-updown-5m,btc-updown-5m-1772640900,0x36a0c6ab2fe94f3417a3480b8d32fb4fcbf0b25bf8fc448a1d2bd8e790db53b6,Down,flip,0,1,2.4002710324849548,4.117966057519459,24941.31280515,25086.98580515,,0.0823759418323431,10.0,60,1,10.270747956158315,49.882625610299996,60.15337356645831,truncated_http_400_at_offset_3500,10287.830186788315,7940.817487211675,10227.676813221857,171.0266536493115,1
5m,300,btc-up-or-down-5m,btc-updown-5m,btc-updown-5m-1772642400,0x4e022dbb482867deffdb9bd3a88a538f9bed91f59c364b59b80659fc0a9de23e,Down,flip,0,1,0.5748907186582312,3.9199966082481126,76343.44212871199,76392.090840488,-4.263203698130546,-6.996982836737722,10.0,60,1,29.926603420653706,152.68688425742397,182.61348767807766,truncated_http_400_at_offset_3500,10126.587182021402,7255.896654978597,9943.973694343324,55.4536650648345,1
5m,300,btc-up-or-down-5m,btc-updown-5m,btc-updown-5m-1772643300,0xbfcfbbdbcb49d8bbbe3a319d99a2101a31f4343305326f2dbde9b8058d6aac9b,Up,already_winner_assist,1,0,6.047697712671744,3.627175492790157,40.213797656,86.825365984,4.527355120151788,15.417762949092335,10.0,60,1,0.014586250132986544,0.080427595312,0.09501384544498655,truncated_http_400_at_offset_3500,8398.948439109363,19563.19778289068,8398.853425263918,88397.10044124456,1
5m,300,btc-up-or-down-5m,btc-updown-5m,btc-updown-5m-1772647500,0x6d9ddc523cefffca0013c1d422f8596c84b8e317eb625ff4dcc4e76967530581,Down,flip,0,1,1.6796991245754926,3.59880916018755,904.612979077,1840.921427429,-0.9544469736959801,,10.0,60,1,0.3255529475526856,1.8092259581539998,2.1347789057066855,truncated_http_400_at_offset_3500,5908.409812974019,6022.681664025979,5906.275034068312,2767.691678599443,1
5m,300,btc-up-or-down-5m,btc-updown-5m,btc-updown-5m-1772649900,0x3f7d268c16070dc23af9c082b25c07ba72a23da27afc6fac78b243baac9260f0,Down,already_winner_assist,1,0,1.8921545535360578,-0.6799252084889135,-24630.5421048,24630.5421048,1.0877841846909664,9.065783271838482,10.0,60,0,0.0,0.0,0.0,truncated_http_400_at_offset_3500,3252.6325184870952,6534.833556512904,3252.6325184870952,,1
5m,300,btc-up-or-down-5m,btc-updown-5m,btc-updown-5m-1772650500,0xcb3d74f8b64e8b9c1512a938b6ef08991903604a4a78b344e27eaa8926db41cc,Up,already_winner_assist,1,0,7.426187804892045,1.1941999892049662,217.88611515799997,722.141254796,-1.5332522413157132,-1.5061170769906076,10.0,60,1,0.026019959636959557,0.435772230316,0.46179218995295956,truncated_http_400_at_offset_3500,11406.941709405077,23782.085389594915,11406.479917215123,24701.460868290225,1
5m,300,btc-up-or-down-5m,btc-updown-5m,btc-updown-5m-1772651100,0xc19bb31ca2285baa9e64765afdb99e37d0cc24eb01870726a600946259d4510c,Up,already_winner_assist,1,0,4.446485536152639,0.013574276746662919,752.002270144,752.002270144,-1.3301897440272483,,10.0,60,1,0.0010207886929053426,1.5040045402880002,1.5050253289809057,truncated_http_400_at_offset_3500,1499.3790302864516,25519.223609713536,1497.8740049574706,996.2483696548301,1
5m,300,btc-up-or-down-5m,btc-updown-5m,btc-updown-5m-1772652600,0x070b64a2a55679822bc36ac1019623088d3460713ff4cd9e2e4b5eedec2d14ef,Up,other,0,0,1.9237237076925258,1.3047821643916608,-10.760383072000002,10.760383072000002,,-6.331212271763369,10.0,60,0,0.0,0.0,0.0,truncated_http_400_at_offset_3500,6404.859757491223,4049.4138575087745,6404.859757491223,,1
5m,300,btc-up-or-down-5m,btc-updown-5m,btc-updown-5m-1772655300,0x25f2a89d35c799524535a956f9dc74e700d978ba240119d5f539b568890abbd8,Down,already_winner_assist,1,0,4.813685075307601,0.013617364317418208,798.751760527,2834.132339577,0.0,2.600580175495686,10.0,60,1,0.0010876893722275344,1.597503521054,1.5985912104262276,truncated_http_400_at_offset_3500,3087.6420670644916,12986.312015935478,3086.0434758540655,1931.4769447789236,1
5m,300,btc-up-or-down-5m,btc-updown-5m,btc-updown-5m-1772658000,0xe7d7bf5d86b6d212a4b1736a787298ec3c2388a24ed54436ba6931d3a8ced5ba,Up,already_winner_assist,1,0,4.74998504783317,-3.513456094359186,-871.76129927,871.76129927,-0.013673427949831583,,10.0,60,0,0.0,0.0,0.0,truncated_http_400_at_offset_3500,4124.988335596098,25212.809257403856,4124.988335596098,,1
5m,300,btc-up-or-down-5m,btc-updown-5m,btc-updown-5m-1772658600,0x6ff88768f5c1792855d08e6f99376c8bb4e625061a8f21caba0409550cc8c09d,Up,already_winner_assist,1,0,7.625841080341571,-2.0107499960020365,-4475.856595417,5455.860918377,5.582976446103518,,10.0,60,0,0.0,0.0,0.0,truncated_http_400_at_offset_3500,7334.250582097233,20677.077097902784,7334.250582097233,,1
5m,300,btc-up-or-down-5m,btc-updown-5m,btc-updown-5m-1772658900,0x1be7e23ebe1dfe121f3a33d7eb57243139ae62692e3acfc944cccd73ceb989e0,Up,flip,0,1,2.324194096112828,6.115576371597138,11089.983403604,11089.983403604,,,10.0,60,1,6.782164046448503,22.179966807207997,28.9621308536565,truncated_http_400_at_offset_3500,8169.125066666855,11610.25928033314,8140.162935813199,282.0622939639641,1
5m,300,btc-up-or-down-5m,btc-updown-5m,btc-updown-5m-1772659500,0x5d6c636adea1b26423c0ef23e9ccbaf157e418ff77c3bae7caa73b65a9b837d2,Down,already_winner_assist,1,0,0.3533340020434061,-1.4892104001745161,-4566.180465003999,4697.624654996,,,10.0,60,0,0.0,0.0,0.0,truncated_http_400_at_offset_3500,3337.0468430870633,11314.658266912931,3337.0468430870633,,1
5m,300,btc-up-or-down-5m,btc-updown-5m,btc-updown-5m-1772660700,0xab897b44908de159b8ea857211196d4b3f6482226d688e19fd893bfa14f145d7,Down,other,0,0,0.6764680466232688,5.266525892912013,32875.973551109,32875.973551109,-0.43672770853117787,,10.0,60,1,17.314216596160605,65.751947102218,83.0661636983786,truncated_http_400_at_offset_3500,3957.7608026182884,5607.599504381709,3874.6946389199097,47.64588403274896,1
5m,300,btc-up-or-down-5m,btc-updown-5m,btc-updown-5m-1772665500,0x8c9f1fc67bd3c14fbbe55340f0ca2ea5a1651ee7c75c94092a1556a597645530,Down,flip,0,1,0.6375364422677434,0.9215886268725542,8968.192663752,8968.192663752,,,10.0,60,1,0.8264984362515719,17.936385327504,18.76288376375557,truncated_http_400_at_offset_3500,3164.2732068551427,7091.915418144852,3145.510323091387,168.64535572978377,1
5m,300,btc-up-or-down-5m,btc-updown-5m,btc-updown-5m-1772666100,0x834f23e155a2d5697f4799611e60e8ed76d30256dc84f4a3900787cac21b54b4,Up,already_winner_assist,1,0,1.5174063649086533,0.0,-174.26028226699998,174.26028226699998,,12.504223007620437,10.0,60,0,0.0,0.0,0.0,truncated_http_400_at_offset_3500,4182.502728572922,12211.053111427089,4182.502728572922,,1
5m,300,btc-up-or-down-5m,btc-updown-5m,btc-updown-5m-1772668500,0x0503f59e7f0af7cac45e9d0c50035f5e17a580e86299e75f841e8b8306cb4922,Up,already_winner_assist,1,0,1.3239121138619936,-6.711668101408051,-9183.995988026,9506.271161426,-3.920271360492031,-3.590202499846447,10.0,60,0,0.0,0.0,0.0,truncated_http_400_at_offset_3500,4370.121112395399,33814.39801860453,4370.121112395399,,1
5m,300,btc-up-or-down-5m,btc-updown-5m,btc-updown-5m-1772668800,0x236aab1435a9301c85512c571e2efbdcf66623b25e5d7307a90bf189fbb601c5,Up,already_winner_assist,1,0,2.7183258245027977,-5.5003535363778475,-15317.052489500004,18561.648941856,,-0.013754656810871133,10.0,60,0,0.0,0.0,0.0,truncated_http_400_at_offset_3500,1252.9951241372505,37124.697749862746,1252.9951241372505,,1
5m,300,btc-up-or-down-5m,btc-updown-5m,btc-updown-5m-1772672100,0x3bc493a2d4c2fc12d58d10e56361896d962aab94dadd7170df97b2e960b67d07,Down,flip,0,1,0.07795620515849086,6.111617550797994,31413.073266639,31461.734770587,,,10.0,60,1,19.198468990089417,62.826146533278006,82.02461552336743,truncated_http_400_at_offset_3500,2456.6897750877324,1653.1762779122673,2374.665159564365,29.95064054140995,1
5m,300,btc-up-or-down-5m,btc-updown-5m,btc-updown-5m-1772675400,0x3e40cbe51bba448cb2f2ea26e2f54422b8a0ce9ee3912793f490794b01f41d65,Down,already_winner_assist,1,0,6.809546529932943,3.0446160471530557,396.956695155,396.956695155,-2.4528988426245113,-4.685835494392035,10.0,60,1,0.12085807240937566,0.79391339031,0.9147714627193756,truncated_http_400_at_offset_3500,5330.436855716975,17790.117005283,5329.522084254255,5827.069462651342,1
5m,300,btc-up-or-down-5m,btc-updown-5m,btc-updown-5m-1772680200,0x6f7d4c7ee9ddd0ef7f2dc85474e4016965a8c03fe9d5ed5561fe9dc624591a89,Down,already_winner_assist,1,0,2.231474445796358,-0.013766529299735058,279.93818172199997,297.517061722,1.89959930038337,1.4178510220243776,10.0,60,0,0.0,0.0,0.0,ok,572.7057213196524,16690.189876680328,572.7057213196524,,1
5m,300,btc-up-or-down-5m,btc-updown-5m,btc-updown-5m-1772687100,0x20b7ee9d4dea8194ac5f92ab7e3b704716a9ac82d48a2d31087cb8b9c6169349,Up,already_winner_assist,1,0,2.813938522350067,2.6643118336300646,6399.834557361,6436.237757361,-1.5378362674064534,0.8651368397834148,10.0,60,1,1.705115494445154,12.799669114722,14.504784609167155,truncated_http_400_at_offset_3500,9255.685509516246,5179.7009864837455,9241.180724907079,638.112578636057,1
5m,300,btc-up-or-down-5m,btc-updown-5m,btc-updown-5m-1772689800,0x6a74af8935dd4ef9689608ac945160c4994b61d7736f8d552c76bd77524a4284,Up,already_winner_assist,1,0,1.7245788957628336,-7.35672196683701,-123349.525836393,123349.525836393,,-4.762473456401636,10.0,60,0,0.0,0.0,0.0,truncated_http_400_at_offset_3500,8466.379648263066,20720.210045736974,8466.379648263066,,1
5m,300,btc-up-or-down-5m,btc-updown-5m,btc-updown-5m-1772691000,0x7b8169bf02179c04658df8efcf52e35c0dd40fc82070bef57d8191d2246dca2f,Up,already_winner_assist,1,0,6.058811094964663,0.0,7.21697,7.21697,,,10.0,60,0,0.0,0.0,0.0,truncated_http_400_at_offset_3500,2697.790706098836,21901.80846290122,2697.790706098836,,1
5m,300,btc-up-or-down-5m,btc-updown-5m,btc-updown-5m-1772696400,0x416c11e311471d45b3aaa94ad0986f5c8ece4429c8adf0c1f6787cfbf87c1b8d,Down,already_winner_assist,1,0,4.732020796168163,3.5587706415595393,10836.536061761999,11317.613265087999,,-0.7617691607666579,10.0,60,1,3.856474639279983,21.673072123524,25.529546762803985,truncated_http_400_at_offset_3500,2513.0192207300465,15494.550039269945,2487.4896739672427,98.43571623415825,1
5m,300,btc-up-or-down-5m,btc-updown-5m,btc-updown-5m-1772718600,0x283d7b2ac115ba02c622eaed72ba3438a88ce3ba3aced720aeaf286d2d01ddaa,Up,already_winner_assist,1,0,2.931161705698841,0.0,-167308.001082,167308.001082,,,10.0,60,0,0.0,0.0,0.0,truncated_http_400_at_offset_3500,1857.5686069253438,7300.821842074661,1857.5686069253438,,1
5m,300,btc-up-or-down-5m,btc-updown-5m,btc-updown-5m-1772720400,0xfbae4fc865e96598c538c6134a6e7e0533f83ae2966e573245b3cf5b04107b5d,Up,already_winner_assist,1,0,1.5285118785421856,-1.9166320283753082,2585.6657430100004,2914.516129078,-0.11031972033899452,,10.0,60,0,0.0,0.0,0.0,truncated_http_400_at_offset_3500,7243.72548873219,6140.3308132678185,7243.72548873219,,1
5m,300,btc-up-or-down-5m,btc-updown-5m,btc-updown-5m-1772726100,0x7f469f8f9f269929e652475fdc895647281a6022ad082c084b6940d7da9274e8,Down,already_winner_assist,1,0,9.279890318544853,-0.013957269818500333,-87.962106683,87.962106683,1.2142079087764812,-7.4280204530405225,10.0,60,0,0.0,0.0,0.0,truncated_http_400_at_offset_3500,206.50419467755603,13923.779416322423,206.50419467755603,,1
5m,300,btc-up-or-down-5m,btc-updown-5m,btc-updown-5m-1772734200,0xabeecbc8b2f451c1b61208d17995cd4290d701314d33f36311ef2a40dbda7b4e,Up,already_winner_assist,1,0,9.098099807684184,0.0,2276.17101712,2276.17101712,-0.16894840879064912,,10.0,60,0,0.0,0.0,0.0,truncated_http_400_at_offset_3500,1153.0347781880341,32314.326775811922,1153.0347781880341,,1
5m,300,btc-up-or-down-5m,btc-updown-5m,btc-updown-5m-1772741400,0x40e8bf893143d71d9ca4c344603f407dff88cfea4d120b4daa44bca5c109e56b,Up,already_winner_assist,1,0,6.018982738628749,0.0,-190.83125474000002,190.83125474000002,,-15.58656161107734,10.0,60,0,0.0,0.0,0.0,truncated_http_400_at_offset_3500,4528.704503453052,17424.61009454692,4528.704503453052,,1
5m,300,btc-up-or-down-5m,btc-updown-5m,btc-updown-5m-1772743200,0xd2bcbf3ee589cbc9252302c82a35732fe6ee1045d85b8f6b289e96659c594b9a,Down,already_winner_assist,1,0,9.008375272605175,-0.4357760926908688,46.504896016000004,83.058959776,,2.445616665995251,10.0,60,0,0.0,0.0,0.0,truncated_http_400_at_offset_3500,1141.2571990705674,22932.064816929473,1141.2571990705674,,1
5m,300,btc-up-or-down-5m,btc-updown-5m,btc-updown-5m-1772743800,0x1b4bf4abcefd3873b278beec81f1fdfa41c2c1ced5b922b3696cf7c596898f80,Down,other,0,0,1.40654626659781,0.014045841413237318,9.571509575999999,9.571509575999999,-0.252828519068831,,10.0,60,1,1.3443990558977833e-05,0.019143019151999997,0.019156463142558974,truncated_http_400_at_offset_3500,6961.215501879351,8146.2189971206635,6961.196345416209,363387.3043304095,1
5m,300,btc-up-or-down-5m,btc-updown-5m,btc-updown-5m-1772744100,0x138344d4aa48c1339e09dcde0fbc5b52f640b985522882fb3180a7531ad177b1,Up,already_winner_assist,1,0,9.14693317257353,1.8809155903367383,208.39326604200002,397.98396653,,,10.0,60,1,0.039197014301958946,0.416786532084,0.45598354638595895,truncated_http_400_at_offset_3500,325.98559117988344,20402.07614682012,325.5296076334975,714.9064780156758,1
5m,300,btc-up-or-down-5m,btc-updown-5m,btc-updown-5m-1772744700,0x57d8e9a0b7b6f520366af716f29cb0ca9b9e7ad7321d1b7cb75d6af4a4267adc,Up,flip,0,1,0.31503869783782373,1.9065269165415466,-988.988944072,1054.5625538,,,10.0,60,0,0.0,0.0,0.0,truncated_http_400_at_offset_3500,12687.417690540555,2630.2797824594395,12687.417690540555,,1
5m,300,btc-up-or-down-5m,btc-updown-5m,btc-updown-5m-1772745000,0xafc07b4699f4f6c91bfbc5cd3426a397d5beeea035011c021a78eb8a177419f8,Down,already_winner_assist,1,0,3.873811822111854,-0.0,-22.598030841,26.662803440999998,-0.33655538372505406,,10.0,60,0,0.0,0.0,0.0,truncated_http_400_at_offset_3500,756.2050916417977,7682.350575358204,756.2050916417977,,1
5m,300,btc-up-or-down-5m,btc-updown-5m,btc-updown-5m-1772745900,0x22b81a1409da3b35dfd58db66b42e1d4e095483f2632b00c041d87c86da5be71,Up,already_winner_assist,1,0,5.96721735882587,0.7689237378236483,286145.156980654,286145.156980654,,-0.09785877999551174,10.0,60,1,22.00238036656991,572.290313961308,594.2926943278779,truncated_http_400_at_offset_3500,3510.280384200078,13884.133581799942,2915.9876898722,5.906652425148974,1
5m,300,btc-up-or-down-5m,btc-updown-5m,btc-updown-5m-1772751000,0xb31dad374960533097073eb4ec4c27e8571659721be8baeb977d99246ef216d1,Down,other,0,0,0.09063635184190337,2.203525790518299,-2819.8992798110003,2819.8992798110003,,,10.0,60,0,0.0,0.0,0.0,truncated_http_400_at_offset_3500,3064.166483855155,4037.5595561448426,3064.166483855155,,1
5m,300,btc-up-or-down-5m,btc-updown-5m,btc-updown-5m-1772754300,0xc8de2dc226e68a9e31b524a9c3efe55522418cd37c6bcb1743c2616c7cafe908,Down,already_winner_assist,1,0,9.80882347008606,1.9615853906427994,310443.560946981,311743.368113319,,,10.0,60,1,60.89615537727254,620.887121893962,681.7832772712345,truncated_http_400_at_offset_3500,4526.879253572524,17034.36016642749,3845.0959763012897,6.639762816845376,1
5m,300,btc-up-or-down-5m,btc-updown-5m,btc-updown-5m-1772761500,0x6ee201f829abd7ff2dc4be68855a206a453ad07a4fd7007105e092e934173ae2,Up,flip,0,1,0.28326200576405425,2.810812652547144,855.738930177,855.738930177,-0.37939918630343245,,10.0,60,1,0.2405321812218669,1.7114778603540002,1.952010041575867,truncated_http_400_at_offset_3500,7998.725412916898,3519.4858610831043,7996.773402875322,4097.686611519421,1
5m,300,btc-up-or-down-5m,btc-updown-5m,btc-updown-5m-1772762100,0x3ebe821b64356036a0281fd264ad888ce173c29adb4dee0cc5783d6087ff82b3,Up,already_winner_assist,1,0,9.053457930246307,0.0,-81.877465584,81.877465584,,4.590217863269106,10.0,60,0,0.0,0.0,0.0,truncated_http_400_at_offset_3500,624.502101237855,17587.728674762115,624.502101237855,,1
5m,300,btc-up-or-down-5m,btc-updown-5m,btc-updown-5m-1772762400,0xf6d8d7fcd967ce427a59d59503fb8b100d9121f30937eb3ea4c3394303696588,Down,already_winner_assist,1,0,6.7773768718596346,-0.01404416468582327,90.51351099699997,339.22053851699997,0.0,,10.0,60,0,0.0,0.0,0.0,truncated_http_400_at_offset_3500,3691.973119800489,19609.984277199506,3691.973119800489,,1
5m,300,btc-up-or-down-5m,btc-updown-5m,btc-updown-5m-1772768400,0x6e3de547c6cf0553f3e5407bfd3674702f0a97ab4c8bfe436515d1c280fcf492,Down,other,0,0,1.1932723764121744,-0.0,-271.688420729,316.363165021,-1.8562059204390788,,10.0,60,0,0.0,0.0,0.0,truncated_http_400_at_offset_3500,1738.183969200848,6453.3713167991555,1738.183969200848,,1
5m,300,btc-up-or-down-5m,btc-updown-5m,btc-updown-5m-1772772600,0x34f29fb1b96314c897b04bf743af7b41ea4e4f7522f83277fded04659c03654f,Down,already_winner_assist,1,0,2.7670341881617952,1.9988333117532464,493.75220012000005,493.75220012000005,-1.7156294594393682,,10.0,60,1,0.09869283453513114,0.9875044002400002,1.0861972347751314,truncated_http_400_at_offset_3500,3811.1232949337177,10598.641579066276,3810.0370976989425,3508.684401799928,1
5m,300,btc-up-or-down-5m,btc-updown-5m,btc-updown-5m-1772777700,0xd6a75df172dc4f360d3f95fd29996b99a83df06fddfdc4cf80d0b4a98736c6fc,Up,already_winner_assist,1,0,8.417759979400447,3.9940842600491924,-4488.857602145001,5231.151382145001,-4.4612539420699235,-10.155695483317706,10.0,60,0,0.0,0.0,0.0,truncated_http_400_at_offset_3500,11242.877719498869,14654.44639350112,11242.877719498869,,1
5m,300,btc-up-or-down-5m,btc-updown-5m,btc-updown-5m-1772784900,0xd7efdfcac3b9c574c1bef704011afc2408e76d8132c11f43a067b8ed07104a74,Up,already_winner_assist,1,0,4.821010342776201,0.0,-7.380155476999999,39.44046637699999,-0.0,,10.0,60,0,0.0,0.0,0.0,truncated_http_400_at_offset_3500,5019.716637754606,10545.822849245396,5019.716637754606,,1
5m,300,btc-up-or-down-5m,btc-updown-5m,btc-updown-5m-1772785800,0x463d60baa6ddd28342b6e2724f55de14cdfd6fa4e4e3bcb80e8c75f0f713bb80,Down,already_winner_assist,1,0,0.3116326603092187,-0.0,-10644.602578511001,10659.075725711,,,10.0,60,0,0.0,0.0,0.0,truncated_http_400_at_offset_3500,3168.9349422641794,3898.740066735825,3168.9349422641794,,1
5m,300,btc-up-or-down-5m,btc-updown-5m,btc-updown-5m-1772787300,0xe1f8d2cbb24a2a31465e714ed4f22fdff37990c8e3f6586b363b7ed0bb5afb73,Down,already_winner_assist,1,0,7.493245748855312,-1.3706595508028578,-22.530099658,22.530099658,3.729503666074297,3.7860006018231407,10.0,60,0,0.0,0.0,0.0,truncated_http_400_at_offset_3500,544.1524627779422,21698.814571222014,544.1524627779422,,1
5m,300,btc-up-or-down-5m,btc-updown-5m,btc-updown-5m-1772790300,0x524dc4fea579fb5569dab5908e23e54204efde106e634913cf3cf6086ba42d10,Down,already_winner_assist,1,0,9.757337167476361,-0.11350914954777507,-3655.1100670610003,3655.1100670610003,,,10.0,60,0,0.0,0.0,0.0,truncated_http_400_at_offset_3500,543.5376881518854,24985.51167984812,543.5376881518854,,1
5m,300,btc-up-or-down-5m,btc-updown-5m,btc-updown-5m-1772795100,0xeb36841ef9df6d72361e9786bedba44bedbabdac0478d933a31f205895d658bf,Down,flip,0,1,0.9447165484150575,7.988654549475389,-7843.622928639,17168.307579515,0.8516702678539998,0.7665065050332415,10.0,60,0,0.0,0.0,0.0,truncated_http_400_at_offset_3500,8905.447209742764,13006.62666625723,8905.447209742764,,1
5m,300,btc-up-or-down-5m,btc-updown-5m,btc-updown-5m-1772798100,0x3e8b0bafa7da80a15b42f25b4d4197aa73dbc10a92cb00d263ad511e65378559,Down,already_winner_assist,1,0,4.475837493733103,-0.01423914212184655,-56.78365795,56.78365795,-2.9336914736038238,-2.9194481738290836,10.0,60,0,0.0,0.0,0.0,truncated_http_400_at_offset_3500,1530.557275372869,18664.79076162714,1530.557275372869,,1
5m,300,btc-up-or-down-5m,btc-updown-5m,btc-updown-5m-1772800800,0x114d850ec353e24407bccb095c6f2c5dc078f12deac976cac5c82748778f1360,Down,already_winner_assist,1,0,0.48970487670987856,-0.0,-214.64215793800003,214.64215793800003,0.0,2.3217850905232376,10.0,60,0,0.0,0.0,0.0,truncated_http_400_at_offset_3500,4227.091605926436,7418.101387073568,4227.091605926436,,1
5m,300,btc-up-or-down-5m,btc-updown-5m,btc-updown-5m-1772802900,0x579329f5a3ff04e4a346b1316faaff2a1fa9c144f5627861562894ab544d5ead,Up,already_winner_assist,1,0,3.580278511000649,-3.198149669251689,-898.9152748290003,6542.774072635,,11.330247898570692,10.0,60,0,0.0,0.0,0.0,truncated_http_400_at_offset_3500,3031.9299709393217,26646.96324506069,3031.9299709393217,,1
5m,300,btc-up-or-down-5m,btc-updown-5m,btc-updown-5m-1772805600,0xda4b7ed6d136a763c6f855d76b06e56fd1c7b9cbdd4958151fda546bcfb381e1,Down,already_winner_assist,1,0,3.516649755871548,0.014450793961071054,-1723.3631542619996,3024.1565838899996,-2.6448469358692486,,10.0,60,0,0.0,0.0,0.0,truncated_http_400_at_offset_3500,5315.703835456259,11780.140910543738,5315.703835456259,,1
5m,300,btc-up-or-down-5m,btc-updown-5m,btc-updown-5m-1772811000,0x8e86049a418ccbc1c58962edf1c21a8b879e4c065a2bfea8470c5476fcaabf0c,Down,already_winner_assist,1,0,6.113022273217,-2.338697094914536,-2758.445876532,2758.445876532,,-0.842448970604698,10.0,60,0,0.0,0.0,0.0,truncated_http_400_at_offset_3500,5012.702969189833,32386.123913810214,5012.702969189833,,1
5m,300,btc-up-or-down-5m,btc-updown-5m,btc-updown-5m-1772813400,0xb232d747ee55bc165be85c3c544869da6b397ff714fb89b336709646e67381f0,Down,already_winner_assist,1,0,5.03965532560585,-0.014629068984924973,-6841.760286921,6841.760286921,-1.1996547349566378,2.954633237423078,10.0,60,0,0.0,0.0,0.0,truncated_http_400_at_offset_3500,5454.739347958115,9323.054274041882,5454.739347958115,,1
5m,300,btc-up-or-down-5m,btc-updown-5m,btc-updown-5m-1772814000,0x85d1a127ab32a8a694a247030bc3874abba4842537707139447aa1edb9da8ab5,Up,already_winner_assist,1,0,4.339366763215495,-1.6810100717469911,-386.46652681999996,1053.96309774,-3.858594262612388,-6.517819011998184,10.0,60,0,0.0,0.0,0.0,truncated_http_400_at_offset_3500,6393.804689220377,13795.831745779602,6393.804689220377,,1
5m,300,btc-up-or-down-5m,btc-updown-5m,btc-updown-5m-1772823900,0x7605341f57efe6c6ab1785cefb5c48a0a72efc6e5596eb598460e6302535e0ee,Up,already_winner_assist,1,0,2.468427449473079,-0.014646488688652795,-4708.513884337,5095.894387345,2.1825665751121526,,10.0,60,0,0.0,0.0,0.0,truncated_http_400_at_offset_3500,6907.972791908236,7125.460297091768,6907.972791908236,,1
5m,300,btc-up-or-down-5m,btc-updown-5m,btc-updown-5m-1772828400,0x0cfe712c2e46dc06e6f01c1f6f9d7c928b6ef6e4b54d4f9b152ccf50f1ad68ba,Down,flip,0,1,0.0735579042099482,1.7189994290290367,1556.79647309,1556.79647309,,-8.364135839614727,10.0,60,1,0.2676132248356128,3.1135929461800003,3.381206171015613,truncated_http_400_at_offset_3500,15064.585445343935,7045.5801286560545,15061.20423917292,4455.38801344935,1
5m,300,btc-up-or-down-5m,btc-updown-5m,btc-updown-5m-1772830200,0x8d7f02661d97ed9ba08f0ad14527cd7301bac5eda37eaab8d55fbd908f33c8e7,Up,already_winner_assist,1,0,0.3457752213453092,0.01468457891570742,49.019487221,49.019487221,-2.6869149606253,,10.0,60,1,7.198305285042859e-05,0.098038974442,0.09811095749485042,truncated_http_400_at_offset_3500,3768.252375000386,6723.737756999616,3768.154264042891,38408.068489171266,1
5m,300,btc-up-or-down-5m,btc-updown-5m,btc-updown-5m-1772835900,0xad8855c7b2c9a4fb93b141f56c3b2f1d3c40cac120dd615bb382d377d8ce2c38,Down,already_winner_assist,1,0,2.732406129837912,-0.0,-7209.662557416001,7209.662557416001,,-1.464405432047117,10.0,60,0,0.0,0.0,0.0,truncated_http_400_at_offset_3500,4706.938715132888,8975.698659867108,4706.938715132888,,1
5m,300,btc-up-or-down-5m,btc-updown-5m,btc-updown-5m-1772837400,0x7f5b3bd2e28e20bbdf3eca7016218f78e0089040544c8828c2ffcbbceee0549b,Up,other,0,0,2.2944466020380196,0.0,68550.97408383999,68550.97408383999,,-0.0,10.0,60,0,0.0,0.0,0.0,truncated_http_400_at_offset_3500,1958.0947055426839,9296.451669457307,1958.0947055426839,,1
5m,300,btc-up-or-down-5m,btc-updown-5m,btc-updown-5m-1772838300,0xbb9105201ce4194d3b0961daad047bdd7c358c11a91a62eeb50bb68d2972d15e,Down,already_winner_assist,1,0,2.4799844417904535,-4.216839307202306,-105214.07873294901,105214.07873294901,-4.377934402371974,,10.0,60,0,0.0,0.0,0.0,truncated_http_400_at_offset_3500,4061.107861798763,19999.312110201237,4061.107861798763,,1
5m,300,btc-up-or-down-5m,btc-updown-5m,btc-updown-5m-1772839800,0x0bba1c86b98f1ffeca3e239f0110e49a1f67f30972ba4be92acea6e504377552,Down,already_winner_assist,1,0,2.2495107118881132,-1.4929545745073507,-363.36878091799997,363.36878091799997,,-2.1516818696960063,10.0,60,0,0.0,0.0,0.0,truncated_http_400_at_offset_3500,9518.944027401896,14856.802983598101,9518.944027401896,,1
5m,300,btc-up-or-down-5m,btc-updown-5m,btc-updown-5m-1772840400,0xe9c81ee452dd1965da1f79af574733f59377c2377d2abec4dc328748312a8003,Up,other,0,0,1.7652950991860268,1.6711327973764603,976.960670618,976.960670618,0.029315712635639257,,10.0,60,1,0.1632631018416641,1.9539213412360001,2.1171844430776643,truncated_http_400_at_offset_3500,7101.509753533603,10244.042516466398,7099.392569090525,3354.2234720043707,1
5m,300,btc-up-or-down-5m,btc-updown-5m,btc-updown-5m-1772841600,0xf57c3271db6e86bfe63e2a004cee0817e77530e16dacf5a9a38e2cb63518d12e,Down,other,0,0,0.07677216412328289,6.750797510859611,13429.974148775,13741.472433409,4.388536742967289,5.533055745432762,10.0,60,1,9.06630360544592,26.859948297549998,35.926251902995915,truncated_http_400_at_offset_3500,12401.210921030863,5954.422926969144,12365.284669127866,345.18521315597405,1
5m,300,btc-up-or-down-5m,btc-updown-5m,btc-updown-5m-1772842800,0x6ca3985f6e548d21bc8646c846b7656464068437cc8327cf4d30e554cde4abba,Down,already_winner_assist,1,0,1.2252241092966252,-4.266452480211226,-46595.24588242,46595.24588242,-4.222459146667354,-1.6418555936952566,10.0,60,0,0.0,0.0,0.0,truncated_http_400_at_offset_3500,4376.349886854597,5069.661190145409,4376.349886854597,,1
5m,300,btc-up-or-down-5m,btc-updown-5m,btc-updown-5m-1772843100,0x410bb5b9c9eefb385f5b3c52aa97fd06aab963d8c230267c0d28c85f81b99aa8,Down,already_winner_assist,1,0,2.618223634342049,-1.3048791502494885,-30.4346199,30.4346199,,,10.0,60,0,0.0,0.0,0.0,truncated_http_400_at_offset_3500,3498.1088358460734,11737.798697153932,3498.1088358460734,,1
5m,300,btc-up-or-down-5m,btc-updown-5m,btc-updown-5m-1772844900,0xd5ba784c1e197f566b38fc8c8578f18629da2445ad5af5662145d8d5aebbbdc1,Down,already_winner_assist,1,0,7.60878218723987,-0.0,-6513.878889144001,6513.878889144001,-0.45388957752980086,,10.0,60,0,0.0,0.0,0.0,ok,800.062001111927,19419.184300888075,800.062001111927,,1
5m,300,btc-up-or-down-5m,btc-updown-5m,btc-updown-5m-1772850900,0xf10531b47281fe02e36d1113f9f4055005b080bde81af6ca6c270eb25085c4c6,Up,flip,0,1,0.025836444852803352,3.435855980399287,1854.837894171,1854.837894171,-2.201851031655984,,10.0,60,1,0.637295587135865,3.7096757883420004,4.346971375477866,truncated_http_400_at_offset_3500,8020.736504092026,10010.810288907966,8016.389532716548,1845.1321187295143,1
5m,300,btc-up-or-down-5m,btc-updown-5m,btc-updown-5m-1772852400,0xd2b5e02d318d5ab28edaddc2a529af561bbeab1b4eaf925f3c356eedc8b82cb1,Up,already_winner_assist,1,0,1.5292087822686644,1.0972813037929228,16248.819552971001,16828.932072861004,-0.014629604029483604,,10.0,60,1,1.782952590417996,32.497639105942,34.28059169636,truncated_http_400_at_offset_3500,5411.0310805690915,20278.404160430902,5376.750488872732,157.8453233391432,1
5m,300,btc-up-or-down-5m,btc-updown-5m,btc-updown-5m-1772874900,0x51c8ff943fc10ad7cc16a7f63ca86ccd3eb0d0a0b40fa8ea3a1d9f152d9cb312,Down,flip,0,1,0.016408018464396514,1.8536035724654343,722.88396215,772.09453175,,,10.0,60,1,0.13399402947192077,1.4457679243000001,1.579761953771921,truncated_http_400_at_offset_3500,9373.68406802274,7281.150406977255,9372.104306068968,5933.605405321763,1
5m,300,btc-up-or-down-5m,btc-updown-5m,btc-updown-5m-1772875200,0x9c6085b2e6a5ceae7a09d0b933b1a0ed2402523efccf8179a3a4c17672b638c7,Down,already_winner_assist,1,0,0.7416690232230599,0.014715566494733502,2.210582656,2.210582656,,0.014715566495954091,10.0,60,1,3.2529976066472594e-06,0.004421165312,0.004424418309606647,truncated_http_400_at_offset_3500,2695.9120786454087,8064.619112354592,2695.907654227099,609325.7666870764,1
5m,300,btc-up-or-down-5m,btc-updown-5m,btc-updown-5m-1772880000,0x622ae0d828cfa3d9800b3c1cb9d6f552b35d576050f41c1337722c13e886c296,Down,flip,0,1,2.0387937355885977,2.1920000911601982,2221.635467784,2221.635467784,,-1.7215718140280756,10.0,60,1,0.4869825147907258,4.443270935567999,4.930253450358725,truncated_http_400_at_offset_3500,1191.6902870330694,10288.26133996693,1186.7600335827105,241.70974150352495,1
5m,300,btc-up-or-down-5m,btc-updown-5m,btc-updown-5m-1772883300,0x323ac58a42d2f8fea40c57a4cdc459801e25200cfbbfc2062c152feb3c55e7ef,Up,already_winner_assist,1,0,0.17612693767352605,0.0,499.99966800000004,499.99966800000004,,,10.0,60,0,0.0,0.0,0.0,truncated_http_400_at_offset_3500,2357.8631404880975,8444.567940511904,2357.8631404880975,,1
5m,300,btc-up-or-down-5m,btc-updown-5m,btc-updown-5m-1772883600,0xf81c06dc3ce74f584a846f41e2cc62fda34503893d8a1b11b80fd382834c07df,Up,flip,0,1,0.6190419025032204,3.9792930452110147,897.9729509719999,897.9729509719999,-0.11744584645295074,,10.0,60,1,0.3573297518590491,1.7959459019439996,2.153275653803049,truncated_http_400_at_offset_3500,3512.189011702153,7423.341612297846,3510.03573604835,1631.0912193239326,1
5m,300,btc-up-or-down-5m,btc-updown-5m,btc-updown-5m-1772883900,0x5ecb600547d30facf8f562e516a29fbc4a849d6d212bbc4dee5821dc1f61ae81,Down,already_winner_assist,1,0,7.525197877366455,0.014691784722075338,7.146846,7.146846,0.014691784721067329,,10.0,60,1,1.0499992287382525e-05,0.014293691999999998,0.014304191992287382,ok,267.78764755283186,15235.024142447122,267.7733433608396,18720.920950810727,1
5m,300,btc-up-or-down-5m,btc-updown-5m,btc-updown-5m-1772889900,0x0e4c69f1e5c9f7f76b81b7dbfc945c86ceffa176a151fa8fb241e4e15dc8127e,Down,flip,0,1,3.441586844207617,6.617209396735943,617737.692420732,617737.692420732,-0.9561811602819774,,10.0,60,1,408.76996630044454,1235.4753848414641,1644.2453511419087,truncated_http_400_at_offset_3500,6418.019630027192,1598.6979709728118,4773.774278885283,3.9033223512354494,1
5m,300,btc-up-or-down-5m,btc-updown-5m,btc-updown-5m-1772890200,0x558de1ecbc605a33c10ac8facf21346de03f5f7dafa9b9e67c49849a3f78c0f3,Down,flip,0,1,1.330064993610793,4.911858707814671,95312.493273268,95339.28598430801,,0.4559926630110962,10.0,60,1,46.81615000478287,190.624986546536,237.4411365513189,truncated_http_400_at_offset_3500,4775.75295131998,2829.9582166800196,4538.311814768661,20.113418511571947,1
5m,300,btc-up-or-down-5m,btc-updown-5m,btc-updown-5m-1772893200,0x4ee045ef77e446f208d6572f427e3a2fdb7bb15a07372581379b813eee9b5e8e,Up,already_winner_assist,1,0,0.8814473066175638,-1.93228307220694,-1869.388741482,1911.5697066179998,-0.0,,10.0,60,0,0.0,0.0,0.0,truncated_http_400_at_offset_3500,1853.7686868464064,5793.277762153592,1853.7686868464064,,1
5m,300,btc-up-or-down-5m,btc-updown-5m,btc-updown-5m-1772893500,0xb5cd473abda657df6eaf090a7c9b4ca3fecc7c0d00f555ce9bf98a2a1a933834,Up,already_winner_assist,1,0,2.0422893113405607,-0.36869050721964935,-845.7624593,881.72014019,-0.0,-3.3472112660841344,10.0,60,0,0.0,0.0,0.0,ok,1545.0059129524354,5891.8415990475705,1545.0059129524354,,1
5m,300,btc-up-or-down-5m,btc-updown-5m,btc-updown-5m-1772895600,0xc88344b28289c32c6ee9b50df6c3f0b7645c8706c7f4727a3457a91929b7afc4,Down,already_winner_assist,1,0,2.4518797730511657,1.2793280457183833,3.120088715999991,71.23850889,-0.014705871541175726,-4.854111969352358,10.0,60,1,0.0003991616999508248,0.006240177431999981,0.006639339131950806,truncated_http_400_at_offset_3500,4170.749340611246,8721.307988388748,4170.742701272115,628187.4231337501,1
5m,300,btc-up-or-down-5m,btc-updown-5m,btc-updown-5m-1772897400,0x594b795bc049a14e670e70e4200d048d9ccaf41afba1f32d52eeb1379d2bc6bb,Up,already_winner_assist,1,0,6.550128651195995,0.0,0.0013789459999991038,25.998532414,,,10.0,60,0,0.0,0.0,0.0,truncated_http_400_at_offset_3500,1376.3266629581447,32483.29232804185,1376.3266629581447,,1
5m,300,btc-up-or-down-5m,btc-updown-5m,btc-updown-5m-1772901600,0xfdb2f8f2b2171081f543360d9ea3872b6ed0a2a793d3f206175546108f5e4cab,Up,other,0,0,1.3094820187525302,-0.014754975193598346,-14.063719051,16.010182587,,-0.014754975194142561,10.0,60,0,0.0,0.0,0.0,truncated_http_400_at_offset_3500,2872.9491599874154,6687.285371012579,2872.9491599874154,,1
5m,300,btc-up-or-down-5m,btc-updown-5m,btc-updown-5m-1772902800,0xd1f7237e73202a26f701d28bae9a3a90fcb9a77924705bb82858382affe45795,Up,already_winner_assist,1,0,8.68091083606787,0.0,2271.372631323,2486.617662609,,0.4126853584243306,10.0,60,0,0.0,0.0,0.0,truncated_http_400_at_offset_3500,1022.4092997118538,30797.95109728812,1022.4092997118538,,1
5m,300,btc-up-or-down-5m,btc-updown-5m,btc-updown-5m-1772907300,0xc30c34907758a6d8f8715c0bb3059e7e6f53d78971fecf49bf8d74f3e0d0d941,Down,flip,0,1,0.1806645515987539,0.38445159463534223,973.8108385579999,1151.1937700419999,,,10.0,60,1,0.03743831297568029,1.9476216771159998,1.98505999009168,truncated_http_400_at_offset_3500,7272.412363064153,6998.506086935851,7270.4273030740615,3663.5730906693034,1
5m,300,btc-up-or-down-5m,btc-updown-5m,btc-updown-5m-1772911200,0xd43b8f1a80a81df3626ceb6258d23b215e8f4e6c7a648868d63661938da2848a,Down,already_winner_assist,1,0,4.995663657366465,3.786424895470662,3584.1620505120004,3711.416882088,2.8065465480675305,,10.0,60,1,1.3571160417459813,7.168324101024,8.52544014276998,truncated_http_400_at_offset_3500,6911.532472874028,10272.052243125963,6903.007032731258,810.6950910605325,1
5m,300,btc-up-or-down-5m,btc-updown-5m,btc-updown-5m-1772911800,0x2f6fd0af989388958b1db959ef086d36f68066875e6fc34e5eacc52ff67ed9b9,Up,already_winner_assist,1,0,1.710347599394606,-7.032688910505729,-34399.188267191006,34973.907860895,-1.9779790026921826,,10.0,60,0,0.0,0.0,0.0,truncated_http_400_at_offset_3500,6370.868274381365,24928.23270461861,6370.868274381365,,1
5m,300,btc-up-or-down-5m,btc-updown-5m,btc-updown-5m-1772914800,0x1e1c8410bbd5e30b489a7fabd1614b46668196d63eb16f94b08e6910bf908add,Up,flip,0,1,0.9178562493615128,2.483136615752477,637.95090502,637.95090502,-0.4757402221402674,,10.0,60,1,0.15841192513075927,1.2759018100400001,1.4343137351707593,truncated_http_400_at_offset_3500,5312.055738271533,11019.349475728466,5310.621424536363,3703.55216436599,1
5m,300,btc-up-or-down-5m,btc-updown-5m,btc-updown-5m-1772915100,0x284dc5337ab0f3681a6e93bb27ec290b4b667a1e4c4fdbd6d5c7acb7d0c9ef3d,Down,flip,0,1,0.46413409927965843,0.7580886952553199,266.57163094,266.57163094,,,10.0,60,1,0.020208493989138727,0.5331432618799999,0.5533517558691387,truncated_http_400_at_offset_3500,4361.830636482823,10830.661637517196,4361.277284726954,7882.564011442924,1
5m,300,btc-up-or-down-5m,btc-updown-5m,btc-updown-5m-1772918100,0x1ba1908e17e2535ac0d949390995cd6052a6f47ce600c9da6edca683fed355a8,Down,other,0,0,1.456596897607944,4.449256306063897,2335.475481658,2335.475481658,-1.186802754775088,,10.0,60,1,1.0391129014424472,4.670950963315999,5.710063864758446,truncated_http_400_at_offset_3500,11461.56953831037,7089.728009689631,11455.859474445611,2007.2576786836396,1
5m,300,btc-up-or-down-5m,btc-updown-5m,btc-updown-5m-1772921700,0xb2582e1a362671a5f05c54feb4ed7e9a23aae1d46b0e25614c3d72513d956a5c,Up,already_winner_assist,1,0,3.899301303264995,0.014846718764319746,-952.738671766,1483.456589166,,0.014846718764457622,10.0,60,0,0.0,0.0,0.0,truncated_http_400_at_offset_3500,2626.530612181178,8896.181192818824,2626.530612181178,,1
5m,300,btc-up-or-down-5m,btc-updown-5m,btc-updown-5m-1772924700,0xf58554bae6868b71e2c127678161539b53e5cacc310c80bd38d390042021bdaa,Down,flip,0,1,2.212696814230967,3.564321183070284,4611.688871673,6167.949871913,-1.3518040290987712,,10.0,60,1,1.643754033503357,9.223377743346,10.867131776849355,truncated_http_400_at_offset_3500,3160.491530095725,4450.031671904273,3149.6243983188756,290.83033085405617,1
5m,300,btc-up-or-down-5m,btc-updown-5m,btc-updown-5m-1772928300,0x64c0f2c853814ca221d8cd209e033ad86edc7bb6c578037b16023b05386f57b6,Up,already_winner_assist,1,0,5.109031630362228,-0.014832250948248131,-5.000585902000001,5.000585902000001,,-3.1736004169579513,10.0,60,0,0.0,0.0,0.0,truncated_http_400_at_offset_3500,5818.598173891778,12967.162318108245,5818.598173891778,,1
5m,300,btc-up-or-down-5m,btc-updown-5m,btc-updown-5m-1772928600,0xd3e1c99ae4764e59071227cc35df06c9fff9b062a75da2af356230a3c9f5ce12,Down,other,0,0,1.0284670975221546,4.626965801477273,2356.4032884430003,2412.099451419,,1.2755953413574308,10.0,60,1,1.0902997430114347,4.712806576886001,5.803106319897435,truncated_http_400_at_offset_3500,4902.002342281377,2799.018188718615,4896.19923596148,844.7204087013894,1
5m,300,btc-up-or-down-5m,btc-updown-5m,btc-updown-5m-1772930100,0x4f8cdae97bb192785f946b67241d3fed1131c312171e6c0e25f9ead893c1eb6d,Down,already_winner_assist,1,0,3.8699569810880767,-1.0400647821149132,-709.81774731,709.81774731,,,10.0,60,0,0.0,0.0,0.0,truncated_http_400_at_offset_3500,2916.124556548639,7849.303227451365,2916.124556548639,,1
5m,300,btc-up-or-down-5m,btc-updown-5m,btc-updown-5m-1772931300,0x7dfa557a815d56e72b4a48352091aa0b3f668d721c697ed584a16951fdfd6025,Down,already_winner_assist,1,0,0.9437610097691774,-0.0,-1001.779688637,1001.779688637,,,10.0,60,0,0.0,0.0,0.0,truncated_http_400_at_offset_3500,2588.558236048379,9186.915013951624,2588.558236048379,,1
5m,300,btc-up-or-down-5m,btc-updown-5m,btc-updown-5m-1772932200,0x85e9b474f35bea9c06da007ca71e68f4ffe533aa5d623e0c5161b379f4fb644f,Down,already_winner_assist,1,0,3.269249912690487,-0.014867246639863175,-238.41957568,238.41957568,,4.295708296796983,10.0,60,0,0.0,0.0,0.0,ok,1894.4090882284393,6171.127909771558,1894.4090882284393,,1
5m,300,btc-up-or-down-5m,btc-updown-5m,btc-updown-5m-1772933100,0x8c0a056d071cc2dd2847a5c4cbc7847ae69110a3511754e6f19bb92b26d06dc5,Down,already_winner_assist,1,0,2.3004622439263063,0.029745217340134862,-48.661868248000005,48.661868248000005,-0.8180281510354919,-2.6625553399863864,10.0,60,0,0.0,0.0,0.0,truncated_http_400_at_offset_3500,4565.246647451621,938.9067535483773,4565.246647451621,,1
5m,300,btc-up-or-down-5m,btc-updown-5m,btc-updown-5m-1772935200,0x8da908b4fa9d61bbf7893ae6bcb8b3d48853851527fe0c36dcc74150ad8e589a,Down,already_winner_assist,1,0,4.535408564650902,-0.0,-2933.98025301,2950.20454689,,,10.0,60,0,0.0,0.0,0.0,ok,521.2842938813338,15115.132817118649,521.2842938813338,,1
5m,300,btc-up-or-down-5m,btc-updown-5m,btc-updown-5m-1772940900,0x901ea896efabde21b06c6c763d6546cf6f77c0a0583f6719b789125d76a0d925,Down,already_winner_assist,1,0,1.4747452045002287,0.014926386793102533,243.3942882,243.3942882,,,10.0,60,1,0.0003632997288905072,0.48678857640000006,0.48715187612889055,ok,10918.16211770905,5903.937734290964,10917.67496583292,22412.234567316587,1
5m,300,btc-up-or-down-5m,btc-updown-5m,btc-updown-5m-1772941500,0x761f2997bcee73cf22e523332e202065af09e5d130ecf5b0157ac1d151c329ee,Up,already_winner_assist,1,0,0.7307037362356508,-4.745086015377498,-26534.277343138,26534.277343138,0.7910666194162774,-5.401461510132199,10.0,60,0,0.0,0.0,0.0,truncated_http_400_at_offset_3500,2586.5574764669414,10088.424907533063,2586.5574764669414,,1
5m,300,btc-up-or-down-5m,btc-updown-5m,btc-updown-5m-1772943000,0xcf6f3e3e81971f7d713b0d7b5f7db3711489424c13f0afcdaee7cd5c3345b749,Down,already_winner_assist,1,0,2.452790041689156,-0.7312041368504766,-39.385503191999994,39.385503191999994,-0.10445446046678399,,10.0,60,0,0.0,0.0,0.0,truncated_http_400_at_offset_3500,5035.493227739704,20524.88890726026,5035.493227739704,,1
5m,300,btc-up-or-down-5m,btc-updown-5m,btc-updown-5m-1772943900,0xd83504e8e358ad51655222ef66bf09dc1201184af8b1e831c1977ff22553964b,Down,already_winner_assist,1,0,4.22692266358789,1.5816079913108543,-72776.67529564501,73064.999246351,-1.1938320680451846,-2.1788508289734048,10.0,60,0,0.0,0.0,0.0,truncated_http_400_at_offset_3500,4565.19527701676,9840.20387498323,4565.19527701676,,1
5m,300,btc-up-or-down-5m,btc-updown-5m,btc-updown-5m-1772944800,0xe0aa00b5ccb51923688de11b49dd468d700f0defc2554c749a48ff48eaa36047,Down,already_winner_assist,1,0,3.9997929136537596,-0.0,-205.92565758,205.92565758,0.0,-3.4357074907752576,10.0,60,0,0.0,0.0,0.0,ok,4641.937298756141,5963.253687243866,4641.937298756141,,1
5m,300,btc-up-or-down-5m,btc-updown-5m,btc-updown-5m-1772946900,0xcb5bb0db9da525a8d634a649bc28b868371b2d0064a5ae79a91807db94155dfb,Up,already_winner_assist,1,0,6.641896208284963,0.2088956730333181,97.32347276800002,97.32347276800002,,,10.0,60,1,0.002033045234581117,0.194646945536,0.19667999077058113,truncated_http_400_at_offset_3500,510.7661528348485,19908.63688416518,510.56947284407795,2596.940089501202,1
5m,300,btc-up-or-down-5m,btc-updown-5m,btc-updown-5m-1772952900,0x985471d022b17e4005b8ef16841f71dd2caf2dc1a256993fd79d3c015f86f635,Up,already_winner_assist,1,0,5.610621132473193,-0.014888274666121104,-3.4255118999999996,3.4255118999999996,,,10.0,60,0,0.0,0.0,0.0,truncated_http_400_at_offset_3500,2531.299864430511,6319.149841569487,2531.299864430511,,1
5m,300,btc-up-or-down-5m,btc-updown-5m,btc-updown-5m-1772955900,0xdf19a7c925db74730ae293563c853dc7416e8a91ae45ab1a4a0bae03821094e8,Down,already_winner_assist,1,0,4.97098003145679,0.014863909758643974,686.353898024,843.736563596,,,10.0,60,1,0.0010201902402722264,1.372707796048,1.3737279862882723,truncated_http_400_at_offset_3500,4633.250432190746,14173.839172809277,4631.876704204458,3372.7568182617442,1
5m,300,btc-up-or-down-5m,btc-updown-5m,btc-updown-5m-1772963400,0x56da43b2d37be049b49ce74ba7d808f27479355c75af858b7ab44e189e347b3b,Down,already_winner_assist,1,0,2.4297904493243485,-0.0,83.34217772000001,83.34217772000001,,,10.0,60,0,0.0,0.0,0.0,ok,1009.7772289447502,15642.10338205526,1009.7772289447502,,1
5m,300,btc-up-or-down-5m,btc-updown-5m,btc-updown-5m-1772965500,0xc886dd181c11f8d965471cc09a2f0bfdac524cb2b83c5de76e8561dfcbce512c,Down,already_winner_assist,1,0,7.307267362083937,0.014695800600055502,3.149196648,3.149196648,,,10.0,60,1,4.6279965989371184e-06,0.006298393296000001,0.006303021292598938,truncated_http_400_at_offset_3500,1098.494483777637,18969.69675322236,1098.4881807563445,174280.62397115788,1
5m,300,btc-up-or-down-5m,btc-updown-5m,btc-updown-5m-1772967300,0xcb0471391cf20c331db047ff022ad784fd390eb169ba1211b545570d0c7e1b6b,Down,already_winner_assist,1,0,3.323916808863768,0.3682158982789391,200444.709784896,200444.709784896,-1.2520354799018778,-1.5761172604937916,10.0,60,1,7.380692886870673,400.889419569792,408.2701124566627,truncated_http_400_at_offset_3500,967.7683640395752,14084.201514960418,559.4982515829125,2.3704119760720976,1
5m,300,btc-up-or-down-5m,btc-updown-5m,btc-updown-5m-1772970900,0x816bacd02858112f2cfeabae106ab03064882eb9f2703e0d28879a9420b17774,Down,already_winner_assist,1,0,2.408017639417003,-0.01480857327637969,-15.62339376,15.62339376,-6.117807231030823,,10.0,60,0,0.0,0.0,0.0,ok,1132.9958514440937,9325.57027755591,1132.9958514440937,,1
5m,300,btc-up-or-down-5m,btc-updown-5m,btc-updown-5m-1772980500,0x2743655a539836b43faad7d027f49de1ec7f463c7ee2e606a99a0d2542e259a4,Up,already_winner_assist,1,0,0.473065123198234,-3.8951057448723807,-719.381350486,860.742746286,,-3.538365282439097,10.0,60,0,0.0,0.0,0.0,truncated_http_400_at_offset_3500,2491.890469429812,30022.06000257026,2491.890469429812,,1
5m,300,btc-up-or-down-5m,btc-updown-5m,btc-updown-5m-1772981100,0xeba13e380ff8b879f59501a1a128ff26ba8af10054cdae97bb8ddaf185a9d727,Up,already_winner_assist,1,0,4.569084557468695,0.0,873.8712709150001,873.8712709150001,,,10.0,60,0,0.0,0.0,0.0,truncated_http_400_at_offset_3500,1328.2187447782471,9238.221875221743,1328.2187447782471,,1
5m,300,btc-up-or-down-5m,btc-updown-5m,btc-updown-5m-1772983800,0x298602c9de2628de17661ff44ce33958e26785786affd2800d6152ca98db2451,Down,already_winner_assist,1,0,4.735404787787416,2.2189575011782185,2401.149880562,2493.23820199,,,10.0,60,1,0.5328049538926233,4.802299761124,5.335104715016623,truncated_http_400_at_offset_3500,3509.505446059622,8707.683791940382,3504.1703413446053,657.8137887680967,1
5m,300,btc-up-or-down-5m,btc-updown-5m,btc-updown-5m-1772984100,0x8d8419860e796f746af6ee8b7027b56353521a56cfda425384c4acd61d3efbb4,Up,already_winner_assist,1,0,2.5426049695007307,0.0,-49.086992916999996,49.086992916999996,,-3.022315280264249,10.0,60,0,0.0,0.0,0.0,truncated_http_400_at_offset_3500,4111.945674733346,6732.745295266639,4111.945674733346,,1
5m,300,btc-up-or-down-5m,btc-updown-5m,btc-updown-5m-1772994300,0x28acb7b619ccb87f0b324a49cf62ff779d38e5696e27c5f595d16d578eba8141,Down,already_winner_assist,1,0,1.8770325777057657,0.014939320216763302,6.69374,6.69374,,,10.0,60,1,9.999992530775718e-06,0.013387479999999998,0.013397479992530775,truncated_http_400_at_offset_3500,2204.9253410838637,12558.746208916153,2204.9119436038714,164577.61775446808,1
5m,300,btc-up-or-down-5m,btc-updown-5m,btc-updown-5m-1772998500,0xb34b4bf5792a8c6c94019d5ba1c8c1e23b22e72ae63b80e3ec1c19121766948c,Up,other,0,0,0.08995177553071688,3.7878928999135617,55544.942408961004,55629.794825461,,,10.0,60,1,21.039829297701107,111.089884817922,132.1297141156231,truncated_http_400_at_offset_3500,14773.883161494134,3988.0448375058745,14641.75344737851,111.81348011217153,1
5m,300,btc-up-or-down-5m,btc-updown-5m,btc-updown-5m-1772999100,0x5bbd23b0c9aef03968f2dbfd998e10ff0b292c1cf69640bf6e3f1c688f81ec91,Up,already_winner_assist,1,0,9.607008382768568,0.0,42.372938624,42.372938624,,-0.0,10.0,60,0,0.0,0.0,0.0,truncated_http_400_at_offset_3500,1369.006989228969,8883.900005771038,1369.006989228969,,1
5m,300,btc-up-or-down-5m,btc-updown-5m,btc-updown-5m-1773000300,0x2ecd9ef38c8cb85a8d536ef9281e544a468aa736e206206b2733fbfeaeb0b70f,Down,flip,0,1,0.30160088759892,2.7228192506365736,9224.850382814,9224.850382814,,,10.0,60,1,2.5117600206568125,18.449700765628002,20.961460786284814,truncated_http_400_at_offset_3500,2685.0227385169082,5468.306478483092,2664.0612777306233,128.09330255617164,1
5m,300,btc-up-or-down-5m,btc-updown-5m,btc-updown-5m-1773001500,0x47d46a1ef04770348083c3d9eed44a05c08e191f71fbb9214f78d9fa39097caa,Down,flip,0,1,1.853974512973901,4.429381636797053,6157.651577580001,6157.651577580001,0.0,,10.0,60,1,2.727458882352726,12.31530315516,15.042762037512727,truncated_http_400_at_offset_3500,4866.219217680132,6666.75352331987,4851.176455642619,323.49240156462287,1
5m,300,btc-up-or-down-5m,btc-updown-5m,btc-updown-5m-1773005400,0x93a3f87f097a91fb4965c26f7c5f1069301f5a11113210de91b0046a2dec35e3,Down,flip,0,1,0.6624163152089986,8.050465950348721,110950.79008779099,130917.365947399,,,10.0,60,1,89.32055577660498,221.90158017558196,311.22213595218693,truncated_http_400_at_offset_3500,16982.764248609677,2830.947280390306,16671.54211265749,54.56798307951572,1
5m,300,btc-up-or-down-5m,btc-updown-5m,btc-updown-5m-1773007800,0xac0419e70bc7eebaf8610359a328d3233597110d977ad5aef3ac17c6e567e1f9,Up,already_winner_assist,1,0,5.663377212593731,0.37843954243604716,739.0944602200001,739.0944602200001,0.060549364382140786,-6.174110095284901,10.0,60,1,0.027970256934267412,1.4781889204400003,1.5061591773742677,truncated_http_400_at_offset_3500,8028.1933376390925,6493.216391360911,8026.687178461718,5330.242286631936,1
5m,300,btc-up-or-down-5m,btc-updown-5m,btc-updown-5m-1773009300,0x6e124aef173b969950a031b7c6bae5f6e707dfcfef1e85074658138f82ffbcb9,Down,already_winner_assist,1,0,5.641567083811874,1.4387998919219884,-401.97194400000006,401.97194400000006,,3.6344638430184286,10.0,60,0,0.0,0.0,0.0,truncated_http_400_at_offset_3500,3182.836009737887,9695.703272262113,3182.836009737887,,1
5m,300,btc-up-or-down-5m,btc-updown-5m,btc-updown-5m-1773009600,0x49ed20e250e3415d645fdde532d450ce844099d4c03ab467853263ddaa015800,Up,already_winner_assist,1,0,6.744468749785907,0.015137306726458416,99.64726018,99.64726018,-0.0,-6.869971685669597,10.0,60,1,0.0001508391141795866,0.19929452036,0.1994453594741796,truncated_http_400_at_offset_3500,1969.1977271969483,7188.065439803056,1968.9982818374742,9873.369490213096,1
5m,300,btc-up-or-down-5m,btc-updown-5m,btc-updown-5m-1773011700,0x657f3e339eea3177bf16ad71cd017adaf17dc2a2f7d6a7769aec61a097b3b89d,Down,already_winner_assist,1,0,6.273092607238438,-0.01508590290300223,-380.04449330100005,380.04449330100005,,-2.2631397992785267,10.0,60,0,0.0,0.0,0.0,truncated_http_400_at_offset_3500,2271.6794666443734,12188.508523355622,2271.6794666443734,,1
5m,300,btc-up-or-down-5m,btc-updown-5m,btc-updown-5m-1773015000,0x2cacf26a3cd0fdb96a5b2d3e8879cf07fd4cf15a514a2437cb6a146e8b9084a1,Up,already_winner_assist,1,0,0.38374075645839684,-0.015082535402735879,-171.450487638,171.450487638,-6.287444994091056,,10.0,60,0,0.0,0.0,0.0,truncated_http_400_at_offset_3500,3785.1839302400813,7008.724083759917,3785.1839302400813,,1
5m,300,btc-up-or-down-5m,btc-updown-5m,btc-updown-5m-1773017700,0x8c4fac57da1261f878d2753dfd9a91aca9a848546544636e20241124b8cffa3e,Up,already_winner_assist,1,0,6.12875846782615,-3.1940699049688632,-34632.426473299005,34632.426473299005,,,10.0,60,0,0.0,0.0,0.0,truncated_http_400_at_offset_3500,514.0172790842472,17459.109184915746,514.0172790842472,,1
5m,300,btc-up-or-down-5m,btc-updown-5m,btc-updown-5m-1773018300,0x0607852f80c7a35ab6e457d47cd86583ed997cf71c31cd056e2a10b6dd989575,Down,already_winner_assist,1,0,2.9170668179953085,-2.265193797015124,-429.87965833,429.87965833,3.562866514739833,6.792504355532705,10.0,60,0,0.0,0.0,0.0,truncated_http_400_at_offset_3500,1803.4917863557819,13388.220004644194,1803.4917863557819,,1
5m,300,btc-up-or-down-5m,btc-updown-5m,btc-updown-5m-1773018900,0xab2de0d70327cf153a03a2b936ffbc751c4c11be2b4bff703ca0fda56153d847,Down,already_winner_assist,1,0,2.2335477133297563,0.9949513763396975,177.303401254,223.64398364599998,-3.875223872831341,-4.463424123512845,10.0,60,1,0.017640826310737694,0.354606802508,0.3722476288187377,truncated_http_400_at_offset_3500,6029.874650722129,5199.606501277869,6029.502403093311,16198.557583447542,1
5m,300,btc-up-or-down-5m,btc-updown-5m,btc-updown-5m-1773020400,0x9a79d1d200d7190dc4c8e26d5d288bb759dc0f61efa008617145be562e99f4fa,Up,already_winner_assist,1,0,6.531666773674902,0.93073667875326,375.018850476,375.018850476,,,10.0,60,1,0.03490437993618977,0.750037700952,0.7849420808881897,truncated_http_400_at_offset_3500,2457.1812533012962,10180.4702246987,2456.396311220408,3130.3981696597393,1
5m,300,btc-up-or-down-5m,btc-updown-5m,btc-updown-5m-1773028200,0xd103941b269aefc0ced3083b6219be37ff60ed0ec6726197986b073c3c4c1f27,Down,already_winner_assist,1,0,8.94010785021102,2.0273876285495036,82.576880105,84.518021923,,,10.0,60,1,0.016741534512909263,0.16515376021,0.18189529472290927,truncated_http_400_at_offset_3500,2577.0391157495774,27614.65264625041,2576.8572204548545,14167.706315192581,1
5m,300,btc-up-or-down-5m,btc-updown-5m,btc-updown-5m-1773071400,0x16d1e8e274437ea763d2573357b04d513423ab0879878b005b4a1041df9b5d18,Up,already_winner_assist,1,0,5.792254336330524,0.17419225599661947,24.929944050000003,24.929944050000003,,,10.0,60,1,0.00043426031959390007,0.049859888100000006,0.050294148419593905,truncated_http_400_at_offset_3500,1671.4939582165887,23652.6731957834,1671.443664068169,33234.36246045271,1
5m,300,btc-up-or-down-5m,btc-updown-5m,btc-updown-5m-1773075000,0x3511ebaf9d5db4ba5c2fe2adf11cd18e83f041facab9275e2b45eb10056bc8f9,Down,already_winner_assist,1,0,8.43689705318462,-0.5944471389615072,1299.0313531640002,1299.0313531640002,0.028996517517961326,-7.527439611973441,10.0,60,0,0.0,0.0,0.0,truncated_http_400_at_offset_3500,7036.179613213329,17306.185906786643,7036.179613213329,,1
5m,300,btc-up-or-down-5m,btc-updown-5m,btc-updown-5m-1773077400,0x5035e2e03db712ed3aecb8e4112d95e825db2769269691aeb78e3afff4c5e488,Down,other,0,0,1.1042653462394303,1.5440708438732227,21.671037079999998,21.671037079999998,,4.864472118655806,10.0,60,1,0.00334616165117235,0.043342074159999994,0.046688235811172346,truncated_http_400_at_offset_3500,20148.34176591544,1212.2120780845619,20148.295077679628,431550.7197017285,1
5m,300,btc-up-or-down-5m,btc-updown-5m,btc-updown-5m-1773082200,0x6b34350c277322ea40249ec223720db87e28fe5511c994064c8e0fa14199553c,Up,already_winner_assist,1,0,5.474983441694323,0.9059572540480706,20.737016999999998,20.737016999999998,,-2.542086891700033,10.0,60,1,0.0018786850978468157,0.04147403399999999,0.04335271909784681,truncated_http_400_at_offset_3500,2055.3512195110625,18890.041404488933,2055.3078667919644,47409.97248343634,1
5m,300,btc-up-or-down-5m,btc-updown-5m,btc-updown-5m-1773085500,0x91fea60473f24d4c4ac635100e685847c1e2ee7edcebc7a6b88eaad8511a89d1,Down,already_winner_assist,1,0,6.248929069735903,-0.0,-98.99315274999992,1077.471670178,,-4.3089097166674,10.0,60,0,0.0,0.0,0.0,truncated_http_400_at_offset_3500,3668.9920147735616,27396.256773226414,3668.9920147735616,,1
5m,300,btc-up-or-down-5m,btc-updown-5m,btc-updown-5m-1773088800,0x63b6d80a11a24549d2a04f32e7c5b51dee96923518aa254c11c4caf5b02e6d13,Up,already_winner_assist,1,0,4.5283023114101315,-0.9577126347034395,-817.427302081,1873.974733753,1.8141010852357926,-0.1451138708572537,10.0,60,0,0.0,0.0,0.0,ok,1062.8264824015737,7532.053725598423,1062.8264824015737,,1
5m,300,btc-up-or-down-5m,btc-updown-5m,btc-updown-5m-1773089700,0x1bc8f0629408ee6b951d12809e642df8ee08c4d895360810512ba827a4c87772,Up,already_winner_assist,1,0,5.437344598188748,-0.014492323054715454,-474.268375794,670.822237686,2.2030773601157168,-2.173613786369966,10.0,60,0,0.0,0.0,0.0,truncated_http_400_at_offset_3500,1045.6703833024596,6362.941609697535,1045.6703833024596,,1
5m,300,btc-up-or-down-5m,btc-updown-5m,btc-updown-5m-1773091200,0x47fa77ecdf7e593e91d91d76539adcaddd66e662f0ea0b83e8ececa0d2ef6421,Down,already_winner_assist,1,0,9.973327105856544,0.7983632106859143,76.48639642400002,150.235347816,-2.1486393968922117,,10.0,60,1,0.006106392502286029,0.15297279284800003,0.15907918535028606,ok,151.93032453745417,11525.992312462538,151.77124535210388,955.060991813037,1
5m,300,btc-up-or-down-5m,btc-updown-5m,btc-updown-5m-1773094200,0x3e90b3ed2185876a7d989a8068e009fbf61960a705c85c0d61366d822ff307c5,Up,already_winner_assist,1,0,9.878693790597145,0.5666632038767472,2074.147692185,2074.147692185,0.47948215935847516,,10.0,60,1,0.11753431765671132,4.14829538437,4.2658297020267115,truncated_http_400_at_offset_3500,3623.8879428699465,29712.10400113008,3619.62211316792,849.5153805948287,1
5m,300,btc-up-or-down-5m,btc-updown-5m,btc-updown-5m-1773096300,0xc06f4d5ff82f762e8c9ff7e02424f81e012176bc5a06fcc4e82d06b7d1451e8c,Down,already_winner_assist,1,0,0.16562890119570886,-4.452055366316652,-359383.38660579897,359383.38660579897,,,10.0,60,0,0.0,0.0,0.0,truncated_http_400_at_offset_3500,6417.021901196379,7226.127493803624,6417.021901196379,,1
5m,300,btc-up-or-down-5m,btc-updown-5m,btc-updown-5m-1773107700,0x908b0ae95bd02282778b202995f1cd46d6b8a4f028ab9eeaacb262be0518b856,Up,already_winner_assist,1,0,5.0819678414358185,-2.3524063565711772,-75526.63113584,75526.63113584,-7.618058629256712,,10.0,60,0,0.0,0.0,0.0,truncated_http_400_at_offset_3500,5357.805128939841,12810.105106060166,5357.805128939841,,1
5m,300,btc-up-or-down-5m,btc-updown-5m,btc-updown-5m-1773110100,0xe6f02c0c25131991775ca8b383d05b7a5eb012d9f5afe3d534ac579e52f7ed3f,Up,already_winner_assist,1,0,5.201056275593867,-3.1261620762787974,-3362.8581479399995,3932.4780516599994,,-3.925389109987689,10.0,60,0,0.0,0.0,0.0,truncated_http_400_at_offset_3500,6513.054444168398,26964.181294831586,6513.054444168398,,1
5m,300,btc-up-or-down-5m,btc-updown-5m,btc-updown-5m-1773122700,0xbd080c4d09ef22cdc86da795278267db047b4c9857417c7a7bbca4ee6af60c45,Up,already_winner_assist,1,0,2.3168690964963163,1.873828415725196,-1503.3028033569997,1699.4547468569997,-2.14517393892785,,10.0,60,0,0.0,0.0,0.0,truncated_http_400_at_offset_3500,4361.123246864741,6482.628721135263,4361.123246864741,,1
5m,300,btc-up-or-down-5m,btc-updown-5m,btc-updown-5m-1773129300,0x1d0bf4ced8cb429f9deb0f550fff5847be3831daf4b6faeb8a84f1aa21e89c0f,Up,flip,0,1,0.13295540108365442,2.1452078483223302,2586.859199841,2586.859199841,-6.390275638329055,-11.371857372228854,10.0,60,1,0.5549350658003737,5.173718399682,5.728653465482374,truncated_http_400_at_offset_3500,9584.3706739838,5153.416291016203,9578.642020518317,1673.0582032468533,1
5m,300,btc-up-or-down-5m,btc-updown-5m,btc-updown-5m-1773132000,0x1c30bd47dac6de8c6a473743f889f9d7d9d68f21aa53abf03ec7603751c4a03d,Down,already_winner_assist,1,0,2.1359700578214853,-0.014097005727400073,-102.102034097,297.822892057,-5.231353552223963,,10.0,60,0,0.0,0.0,0.0,truncated_http_400_at_offset_3500,7535.874209808638,11947.959360191368,7535.874209808638,,1
5m,300,btc-up-or-down-5m,btc-updown-5m,btc-updown-5m-1773135600,0x0ee1f13a51d6ca5188de6536e60ee17320996804ab4f7a31c3e2a439a772a51f,Down,already_winner_assist,1,0,5.042805234721225,0.014067259790440052,447.499055796,457.499589024,-1.9414716697573657,-6.332275820369106,10.0,60,1,0.000629508547385896,0.8949981115919999,0.8956276201393858,truncated_http_400_at_offset_3500,2454.0750839583825,17545.58552804159,2453.179456338243,2740.0618613977726,1
5m,300,btc-up-or-down-5m,btc-updown-5m,btc-updown-5m-1773137400,0x80411059cd7c191c6a75c0d5da841a4e76d2f536a0c74a73573c2e1210fcba06,Down,already_winner_assist,1,0,3.348475223902208,-0.0,-7.942739680000001,7.942739680000001,,,10.0,60,0,0.0,0.0,0.0,truncated_http_400_at_offset_3500,1421.0416970969059,16891.097135903095,1421.0416970969059,,1
5m,300,btc-up-or-down-5m,btc-updown-5m,btc-updown-5m-1773139500,0x68db37c24c0c1fe998a9d8e2386496c805d300f17ae1c147951af9ab30034773,Down,already_winner_assist,1,0,6.045852631110634,0.014146762761335713,4.6625475,4.6625475,0.014146762762236514,1.768190261877472,10.0,60,1,6.595995334595891e-06,0.009325094999999999,0.009331690995334594,truncated_http_400_at_offset_3500,772.0696987365465,15727.589140263442,772.0603670455512,82736.3121134792,1
5m,300,btc-up-or-down-5m,btc-updown-5m,btc-updown-5m-1773143700,0xbbfcf7dff2e0cb0599d089413d9da3f1d4dad46026f2d0d77d6fd77080101ddc,Down,already_winner_assist,1,0,4.542363549397999,1.0763912012585892,-1294.956348234,1973.0960501939999,2.761560511657219,2.747400608114115,10.0,60,0,0.0,0.0,0.0,truncated_http_400_at_offset_3500,2074.4655751546547,17921.28229284537,2074.4655751546547,,1
5m,300,btc-up-or-down-5m,btc-updown-5m,btc-updown-5m-1773144900,0xe5ecb8c908c6edca07fd54031784f02f0757bf41769bddce1f54ae076914a0d3,Up,already_winner_assist,1,0,4.008015647594726,0.014193325871793862,19.884712211,19.884712211,,,10.0,60,1,2.8223020027756164e-05,0.039769424421999995,0.03979764744202775,truncated_http_400_at_offset_3500,1204.4019894923845,21170.83736850764,1204.3621918449423,30263.145359202626,1
5m,300,btc-up-or-down-5m,btc-updown-5m,btc-updown-5m-1773148200,0x54a544ebb45c6628254217d3b6ea0914ea6caae372cf033911d9418d9e9de2b4,Up,flip,0,1,0.8656171954346596,4.778648299013952,1333.915080176,1333.915080176,-3.9851729484789162,,10.0,60,1,0.6374311028912102,2.6678301603519996,3.3052612632432097,truncated_http_400_at_offset_3500,15200.628260900045,5553.018940099959,15197.3229996368,4598.918829788598,1
5m,300,btc-up-or-down-5m,btc-updown-5m,btc-updown-5m-1773151200,0x9a0b8fb65674b8401d76539e87bb08ef836305f8be6adf2f59a1439d2bc8a5df,Up,already_winner_assist,1,0,7.817295228262459,0.014289807294907772,689027.455213903,689117.453564097,-5.614313933325937,-16.804962916922907,10.0,60,1,0.9846069555907369,1378.054910427806,1379.0395173833967,truncated_http_400_at_offset_3500,9005.173974309218,21320.451916690752,7626.134456925822,6.5300333027408275,1
5m,300,btc-up-or-down-5m,btc-updown-5m,btc-updown-5m-1773157200,0x35cd8ab03d51bf263da9d38c229463bf05a944b28640f9a3a7716cfaee0fde0a,Down,other,0,0,2.055796102570269,0.014055396535589154,120.16230271,120.16230271,,-4.878415778536767,10.0,60,1,0.00016889288132185493,0.24032460541999998,0.24049349830132183,truncated_http_400_at_offset_3500,26885.79139424012,5460.607031759849,26885.55090074182,111794.25466444033,1
5m,300,btc-up-or-down-5m,btc-updown-5m,btc-updown-5m-1773159000,0xe7a4d111d3dddfe22fd3e129370d28cb6eafcb0e861bc5d144e2f855fdb40565,Up,already_winner_assist,1,0,1.4987068377191883,-2.333023679530056,24671.851502086003,25185.600823526005,-0.014055989221657997,-12.670480743166747,10.0,60,0,0.0,0.0,0.0,truncated_http_400_at_offset_3500,8210.241811839509,4243.358180160478,8210.241811839509,,1
5m,300,btc-up-or-down-5m,btc-updown-5m,btc-updown-5m-1773161700,0x9974a8bdad62279c2eb36acd791b235c47bdcab72d4063d5a18d2e3e14754506,Down,already_winner_assist,1,0,6.989841586222276,1.164277444421864,-23.116915362999997,23.116915362999997,-2.0763974018628866,,10.0,60,0,0.0,0.0,0.0,truncated_http_400_at_offset_3500,227.24731884340153,16231.485636156589,227.24731884340153,,1
5m,300,btc-up-or-down-5m,btc-updown-5m,btc-updown-5m-1773164400,0x585cd6f23d994b59eeb8e69134c071be06486658fb07f4d3d63072fac48db190,Up,already_winner_assist,1,0,4.303373206062154,0.0141419612498457,7.071160000000001,7.071160000000001,4.172746088127013,8.545388698516781,10.0,60,1,1.0000007071145894e-05,0.014142320000000002,0.014152320007071147,truncated_http_400_at_offset_3500,3212.027146867877,10862.91993813213,3212.0129945478698,226961.17281569392,1
5m,300,btc-up-or-down-5m,btc-updown-5m,btc-updown-5m-1773167100,0xa77956c02ebf79fa769af0d8000c96d02d7a96900069cd136c5492e90765a6fa,Down,other,0,0,0.6029012566572222,1.748377247405199,8036.105082079999,18182.557889832002,0.5686115077126225,,10.0,60,1,1.4050143283265961,16.072210164159998,17.477224492486595,truncated_http_400_at_offset_3500,10105.71366454761,1838.0929304523916,10088.236440055123,578.2218835085642,1
5m,300,btc-up-or-down-5m,btc-updown-5m,btc-updown-5m-1773169200,0x800217f0b97c4e0fc54422950d2a37bb6d3db4c8c22bc673586e499f70391b14,Down,flip,0,1,2.2925664355247806,4.741258750182443,9496.398844346,9496.398844346,,-6.6872812693359815,10.0,60,1,4.502488411597791,18.992797688692,23.495286100289793,truncated_http_400_at_offset_3500,10363.91771052553,3839.3786724744673,10340.42242442524,441.1062570716132,1
5m,300,btc-up-or-down-5m,btc-updown-5m,btc-updown-5m-1773171600,0xf319e956eac2a52d5f886ee747adb6f0b0ca47a7da4cfd7b02eac647110d1db1,Up,already_winner_assist,1,0,8.349784060879898,-1.099950503335711,-1957.68691093,1962.2971306880002,-0.1285718877573896,,10.0,60,0,0.0,0.0,0.0,truncated_http_400_at_offset_3500,222.9762415888419,12730.806466411148,222.9762415888419,,1
5m,300,btc-up-or-down-5m,btc-updown-5m,btc-updown-5m-1773171900,0x2298e6e8418087afb2f3dbfede8f1f87c35e0a1004812b3e51c610a7164f0a6d,Up,flip,0,1,0.05471483817442893,2.1433317459474734,3464.812835321,3464.812835321,,,10.0,60,1,0.7426243343709774,6.929625670641999,7.672250005012977,truncated_http_400_at_offset_3500,5494.939349282605,4906.867863717393,5487.267099277592,716.2096315542719,1
5m,300,btc-up-or-down-5m,btc-updown-5m,btc-updown-5m-1773173700,0x3ab5e734cf12e22ef18eb1d7bc4fe95753dda6abbe9fb34b2c73e55ac97ba7ef,Up,other,0,0,0.9805250135627592,2.353674560440456,865.857579064,865.857579064,-5.689324542627055,,10.0,60,1,0.20379469568074976,1.731715158128,1.9355098538087496,truncated_http_400_at_offset_3500,6951.469804264822,3643.3662077351837,6949.534294411013,3591.5445176295684,1
5m,300,btc-up-or-down-5m,btc-updown-5m,btc-updown-5m-1773184800,0x56ca20e59804afb25f494f539a8ef8cfa93212f3e441265906e788f339681c25,Up,already_winner_assist,1,0,2.663425776641246,2.148858606210593,3047.414935958,3047.414935958,-0.3151271036775283,3.868278019825948,10.0,60,1,0.6548463811828051,6.094829871916001,6.749676253098806,truncated_http_400_at_offset_3500,7037.841493925768,9130.459079074235,7031.091817672669,1042.6931944616847,1
5m,300,btc-up-or-down-5m,btc-updown-5m,btc-updown-5m-1773190800,0x89db7d0e3635eeae5ce8f99575a8fc100c561756994e780fc99b1569be1949c8,Down,already_winner_assist,1,0,3.402923112529702,-0.014281236098964534,-3892.651625931,3892.651625931,1.627927238102128,,10.0,60,0,0.0,0.0,0.0,truncated_http_400_at_offset_3500,1963.75962919146,15557.285383808554,1963.75962919146,,1
5m,300,btc-up-or-down-5m,btc-updown-5m,btc-updown-5m-1773197400,0x910948a697cbf710cc82c9d465a4a95a692762442316ecd33a101cbfdb7437dd,Up,already_winner_assist,1,0,9.213472789098573,1.2037108701016772,69.04585414900001,118.197824269,,,10.0,60,1,0.00831112451746063,0.138091708298,0.14640283281546063,truncated_http_400_at_offset_3500,251.20886796925325,15018.510104030762,251.0624651364378,1715.8743662146185,1
5m,300,btc-up-or-down-5m,btc-updown-5m,btc-updown-5m-1773198300,0x196497c0dd4e0b0f330df02d3c4e795a101e9a5c45b88f37cd5b431f94fb94ac,Up,flip,0,1,0.2555667615895671,2.9548538709855947,2138.221591541,2742.109634631,,-1.563137492597237,10.0,60,1,0.6318132346789904,4.276443183082,4.90825641776099,truncated_http_400_at_offset_3500,7125.604639486676,1382.6343585133236,7120.696383068916,1451.7588391881895,1
5m,300,btc-up-or-down-5m,btc-updown-5m,btc-updown-5m-1773199200,0x1d3ae38b8bb6f1d15838cadb38b3cd9ca784c0332873de0607f3c14b11e4b135,Down,already_winner_assist,1,0,5.322304896296968,2.0556535936695437,-87.54108820500001,87.54108820500001,,,10.0,60,0,0.0,0.0,0.0,truncated_http_400_at_offset_3500,2964.7579720601234,5968.645518939871,2964.7579720601234,,1
5m,300,btc-up-or-down-5m,btc-updown-5m,btc-updown-5m-1773201000,0xa427828697680baf4022eb1b51a340a0f21607c8f243004bc767043a1611a2f8,Up,already_winner_assist,1,0,2.127301457761649,-2.1697101366760996,-350045.893382191,350045.893382191,,,10.0,60,0,0.0,0.0,0.0,ok,493.9865597835107,10608.959406216489,493.9865597835107,,1
5m,300,btc-up-or-down-5m,btc-updown-5m,btc-updown-5m-1773205200,0xee5d60b821f60fb4604c4a4cfe15a757211ec9e37a496cd94031437f9456fd08,Down,already_winner_assist,1,0,0.5827445995104751,-1.6112898695422597,4486.08440692,5966.20477202,,,10.0,60,0,0.0,0.0,0.0,truncated_http_400_at_offset_3500,950.5143879613499,9345.09268403865,950.5143879613499,,1
5m,300,btc-up-or-down-5m,btc-updown-5m,btc-updown-5m-1773207900,0x76be65198fc9861c19a176e1267729bceb224af53c922ad8c538773c8fe57c2e,Up,already_winner_assist,1,0,2.8225406522307184,-0.043130187752848485,10.705471696999998,10.705471696999998,,,10.0,60,0,0.0,0.0,0.0,ok,3730.6330606468255,3879.9307403531743,3730.6330606468255,,1
5m,300,btc-up-or-down-5m,btc-updown-5m,btc-updown-5m-1773214800,0x260dea5b5bf094b8de094ead8184efdf745f01a0de509a8b7169387d5ad65b95,Down,other,0,0,2.566167883471794,0.10063638134570342,623.0608305280001,641.305841468,,,10.0,60,1,0.006270258734258651,1.2461216610560002,1.2523919197902589,truncated_http_400_at_offset_3500,7053.9854271868935,7391.1729288131055,7052.733035267103,5632.410522393215,1
5m,300,btc-up-or-down-5m,btc-updown-5m,btc-updown-5m-1773215400,0xf4ca325a1e97e5025cd275a2d04d0e6b9caf10cdccc3347d8211b5ccc728c404,Up,already_winner_assist,1,0,1.5289471747582704,-1.1770413786688823,98.998203552,98.998203552,-0.0,,10.0,60,0,0.0,0.0,0.0,truncated_http_400_at_offset_3500,4717.143960383453,7608.526258616539,4717.143960383453,,1
5m,300,btc-up-or-down-5m,btc-updown-5m,btc-updown-5m-1773216900,0x35cc93c66d44c12f4ad72b82176b2e431a2464f594454e543d72c0e74eb4c342,Down,already_winner_assist,1,0,4.852394392922466,-0.7471693779003047,-19657.767131125,19657.767131125,,,10.0,60,0,0.0,0.0,0.0,truncated_http_400_at_offset_3500,1464.143415243129,17006.502652756863,1464.143415243129,,1
5m,300,btc-up-or-down-5m,btc-updown-5m,btc-updown-5m-1773220800,0xf14fc311118abf14108278c80b323c6d2b2ff92a7a9a575e10ba52c82473da0c,Up,already_winner_assist,1,0,1.7965340364302838,-4.353188779476403,-33125.297851613,33303.298162932995,-4.784094485882864,-4.769731261482223,10.0,60,0,0.0,0.0,0.0,truncated_http_400_at_offset_3500,4774.821376276165,24616.65062372388,4774.821376276165,,1
5m,300,btc-up-or-down-5m,btc-updown-5m,btc-updown-5m-1773235500,0x4641eaaf9999f9b3d25892b1e318b6b5bc79b77bcbfd0dbeab55e9d7b9591f31,Down,already_winner_assist,1,0,7.768845104159308,0.9398536398486509,-699.59249397,767.0039819699999,6.135934630553688,12.794359134842715,10.0,60,0,0.0,0.0,0.0,truncated_http_400_at_offset_3500,1213.5884047287443,49097.698358271264,1213.5884047287443,,1
5m,300,btc-up-or-down-5m,btc-updown-5m,btc-updown-5m-1773238800,0x257c3e149120f827dd57edb90fab73b3673b7fdf5c46df1d1fd6d49c632f0e4f,Down,already_winner_assist,1,0,5.174165760122337,3.4490516514493805,1344.0268070519999,1425.900940788,-10.638517974220948,,10.0,60,1,0.46356178784549384,2.6880536141039997,3.1516154019494937,truncated_http_400_at_offset_3500,8869.00431626123,6482.579865738765,8865.85270085928,2814.1137750421994,1
5m,300,btc-up-or-down-5m,btc-updown-5m,btc-updown-5m-1773240000,0xc0c04eb5d01d6446dd0534ddb5013cf4814d09e6f239f5f2999fe7682dde7263,Up,already_winner_assist,1,0,3.322943609743344,-0.014113519270808736,-3.5427,3.5427,-0.014113519270177403,-5.7707680461764035,10.0,60,0,0.0,0.0,0.0,truncated_http_400_at_offset_3500,4262.6140461183795,11298.727729881626,4262.6140461183795,,1
5m,300,btc-up-or-down-5m,btc-updown-5m,btc-updown-5m-1773244500,0x725cc2d5f30becfb6314ae5ec6bf614ac16eff9022d5dbb97ee510d0815720b0,Down,already_winner_assist,1,0,0.9252473431277509,0.6548499470616214,820.404300965,1147.932428805,,,10.0,60,1,0.053724171305605674,1.6408086019299997,1.6945327732356052,truncated_http_400_at_offset_3500,4160.7694476781135,8985.312503321882,4159.074914904878,2455.4080708237834,1
5m,300,btc-up-or-down-5m,btc-updown-5m,btc-updown-5m-1773251400,0xd3111caed8ae0978ceee4b68c9a7c5c4e339351999c6188d3decb39e3a95aeb7,Down,already_winner_assist,1,0,9.35397290923275,0.8474755826173124,73.847730365,73.847730365,-8.888694773882769,,10.0,60,1,0.006258414831604457,0.14769546073,0.15395387556160448,truncated_http_400_at_offset_3500,4865.492415424927,35469.25224657513,4865.338461549365,31603.57215871454,1
5m,300,btc-up-or-down-5m,btc-updown-5m,btc-updown-5m-1773254400,0x9ec395e8c6028efc30b98f63fec2559a200d4ed3d4d8e5aba83739c185b14723,Up,already_winner_assist,1,0,6.747728273932149,0.0,19.415521943999998,19.415521943999998,-0.0,7.560739837374708,10.0,60,0,0.0,0.0,0.0,truncated_http_400_at_offset_3500,3534.1463798941722,12254.01825410582,3534.1463798941722,,1
5m,300,btc-up-or-down-5m,btc-updown-5m,btc-updown-5m-1773255600,0xf8ebe621f4a96ab955486924f8ad7cd72536a2cb27986abcdda578a29cae847c,Down,already_winner_assist,1,0,8.805268773114246,-0.0,-49974.95650344001,49974.95650344001,,,10.0,60,0,0.0,0.0,0.0,truncated_http_400_at_offset_3500,333.2936633136114,12178.913045686366,333.2936633136114,,1
5m,300,btc-up-or-down-5m,btc-updown-5m,btc-updown-5m-1773256200,0x170eeecda1ee966707085abf3066cab2f1b727d0aca872cc41ed9b36c379ab61,Up,already_winner_assist,1,0,3.443308965538065,0.0,659.7937250220001,659.7937250220001,0.014183139793180453,,10.0,60,0,0.0,0.0,0.0,truncated_http_400_at_offset_3500,4176.33836949869,6188.882846501315,4176.33836949869,,1
5m,300,btc-up-or-down-5m,btc-updown-5m,btc-updown-5m-1773256500,0x61f30d3741df751d457625bb520bb0bd1586537be0463f407c7634cd61cc30f7,Up,already_winner_assist,1,0,3.4389548689980316,0.07090745230361982,9.733849187999999,9.733849187999999,1.7728371610407074,-2.764998539405228,10.0,60,1,6.902024470287385e-05,0.019467698375999997,0.019536718620702873,truncated_http_400_at_offset_3500,5020.8633706471755,5490.377855352819,5020.843833928555,256996.2473292017,1
5m,300,btc-up-or-down-5m,btc-updown-5m,btc-updown-5m-1773258000,0xec0c9c10a997017a8aac714e0ab4e64f98124f973838cf58ebd9bcc2b006a55c,Up,already_winner_assist,1,0,2.6418298825344935,1.6266775147709875,1028.954013188,1028.954013188,0.480903192864829,,10.0,60,1,0.167377635698629,2.0579080263760003,2.2252856620746293,truncated_http_400_at_offset_3500,8163.779725462737,10906.221740537258,8161.554439800662,3668.643475575923,1
5m,300,btc-up-or-down-5m,btc-updown-5m,btc-updown-5m-1773259500,0x243b80e7af0ff3cfebe61c637b21578738ae404cacf07f347b818baf4e68c725,Down,already_winner_assist,1,0,0.6168753013413407,-0.0,-36.57704313399999,36.57704313399999,,,10.0,60,0,0.0,0.0,0.0,truncated_http_400_at_offset_3500,5418.3590858083635,13150.245044191639,5418.3590858083635,,1
5m,300,btc-up-or-down-5m,btc-updown-5m,btc-updown-5m-1773262200,0x805e48f31ad588ec9b019485433370c119deaba81cfaec3d7cd0724784fcb10b,Up,already_winner_assist,1,0,8.297835279576693,2.5635378662342845,17.737486068000003,17.737486068000003,-0.0,,10.0,60,1,0.004547071718712108,0.03547497213600001,0.04002204385471212,truncated_http_400_at_offset_3500,5731.479150093976,14217.442260906,5731.439128050121,143208.05731212458,1
5m,300,btc-up-or-down-5m,btc-updown-5m,btc-updown-5m-1773263100,0xce6d23ae8c9288fe0c11b41a083ea8a8195620cdd960e218675843eb2c3f3b4f,Down,already_winner_assist,1,0,4.5407902495485395,-0.0,-58.391579523000004,58.391579523000004,,-2.8003598221055603,10.0,60,0,0.0,0.0,0.0,ok,494.6532836161115,13606.124860383894,494.6532836161115,,1
5m,300,btc-up-or-down-5m,btc-updown-5m,btc-updown-5m-1773263700,0x004aff5c484213e8101fc6421b55f585987433e4a958d498bda42271d7b3ef6f,Down,flip,0,1,0.9996233587413771,5.682547010899203,-3743.1307308019996,5270.467621338,-0.9781205775299606,1.2331461187491626,10.0,60,0,0.0,0.0,0.0,truncated_http_400_at_offset_3500,18813.492149664875,3956.8880053351163,18813.492149664875,,1
5m,300,btc-up-or-down-5m,btc-updown-5m,btc-updown-5m-1773264900,0xcb17068bd9e5d2e4ffa864319596796b8f2f279c064ea4b6e23b8a69abcef63b,Down,other,0,0,0.8726223153297951,2.8588776128064275,90.30369932599999,423.948286226,,,10.0,60,1,0.025816722435670424,0.18060739865199998,0.20642412108767041,ok,5389.256440812292,4390.9847931877075,5389.050016691204,26107.68747574524,1
5m,300,btc-up-or-down-5m,btc-updown-5m,btc-updown-5m-1773266100,0x0d4e8bc4827dd6240cc730b46b5697549ca13f66dc0271507c249de74dff8169,Down,already_winner_assist,1,0,0.07536473626560118,-0.0,-32.410457042000004,32.410457042000004,-2.9257227061760736,,10.0,60,0,0.0,0.0,0.0,truncated_http_400_at_offset_3500,5024.123088231556,6339.069139768447,5024.123088231556,,1
5m,300,btc-up-or-down-5m,btc-updown-5m,btc-updown-5m-1773268500,0xd63862dcb53670f87c4dda7bf5b9a014703b56f6a29fba0f10f84079b7d0b000,Down,already_winner_assist,1,0,2.797725746738321,-0.44050703788263096,-87794.91642120498,168298.652384193,-6.481673863286129,,10.0,60,0,0.0,0.0,0.0,truncated_http_400_at_offset_3500,2065.033189866736,13702.912981133257,2065.033189866736,,1
5m,300,btc-up-or-down-5m,btc-updown-5m,btc-updown-5m-1773268800,0x0e23a085bd525fc296f0785a809f2ea4c242055471081cc71e0d42025c00ad0a,Down,other,0,0,0.3006760087057396,5.9658245260271485,32459.695707927003,32618.888753509,-0.028417204343235705,,10.0,60,1,19.36488487617291,64.91939141585401,84.28427629202692,truncated_http_400_at_offset_3500,32493.718371488416,4849.518224511554,32409.43409519639,385.52526996737396,1
5m,300,btc-up-or-down-5m,btc-updown-5m,btc-updown-5m-1773269100,0xd925740ef504ffba50419118440645585a7c9b01a6b8eb978e2138a4e3352369,Up,already_winner_assist,1,0,2.66828078199844,-6.845142417591457,-92069.484078388,92069.484078388,,,10.0,60,0,0.0,0.0,0.0,truncated_http_400_at_offset_3500,1209.5768573482976,27563.262766651707,1209.5768573482976,,1
5m,300,btc-up-or-down-5m,btc-updown-5m,btc-updown-5m-1773270300,0x3f3b64ca4abe2b84c6c17d045485b3d1125c69de55c56f3c69f30537e8732de1,Down,already_winner_assist,1,0,6.248243650158443,-0.0,1415.197819235,1415.197819235,,,10.0,60,0,0.0,0.0,0.0,ok,2942.3851757496986,19035.205414250282,2942.3851757496986,,1
5m,300,btc-up-or-down-5m,btc-updown-5m,btc-updown-5m-1773274500,0xf88fbd267082261ecd7f995327ea02eae9808a6ad6f24a13b301e370cbb0c799,Down,already_winner_assist,1,0,7.660412540836912,1.6091032559259875,512.8307263400001,512.8307263400001,,2.1216835424834963,10.0,60,1,0.08251975914925833,1.02566145268,1.1081812118292584,truncated_http_400_at_offset_3500,2492.03333034533,25798.213655654654,2490.925149133501,2248.759772990346,1
5m,300,btc-up-or-down-5m,btc-updown-5m,btc-updown-5m-1773290700,0x212aa45e53704ff522d44c0aa8b388e86d020ac80aa1df0abfdd23aedda9fe2e,Up,flip,0,1,1.29493390525481,5.044856083564144,-7937.378616329001,8439.760151151,0.01441024972343851,,10.0,60,0,0.0,0.0,0.0,truncated_http_400_at_offset_3500,26877.93816407606,1023.0931229239485,26877.93816407606,,1
5m,300,btc-up-or-down-5m,btc-updown-5m,btc-updown-5m-1773291900,0x6c2416bf21a6b117b897eb1da906bfee4671569b680642b73b54d08e8e116e55,Up,already_winner_assist,1,0,7.097477056715256,0.6048683261104416,26.122677886,26.122677886,-1.137629397572014,,10.0,60,1,0.001580078044642707,0.052245355772000006,0.05382543381664271,ok,379.78090093443086,14399.479975065553,379.7270755006142,7055.788945949998,1
5m,300,btc-up-or-down-5m,btc-updown-5m,btc-updown-5m-1773296400,0x8e7787c0d6097f0d05fb4f8c09a3d9e4da34c7bea78be97bdcef14bf865c9fb6,Down,other,0,0,2.4305179097292613,4.993606991778601,-3771.1044792280004,10130.625132388,,,10.0,60,0,0.0,0.0,0.0,truncated_http_400_at_offset_3500,13679.41559302601,1531.5943019739973,13679.41559302601,,1
5m,300,btc-up-or-down-5m,btc-updown-5m,btc-updown-5m-1773298200,0xbb12ac5c206733f6a9e7e8a8de5d1342d71db11e9be0d66b10284c2d02001ee1,Up,flip,0,1,1.076255825827445,2.9933312258137987,193.741259781,193.741259781,,,10.0,60,1,0.05799317626309703,0.387482519562,0.44547569582509705,truncated_http_400_at_offset_3500,16497.22251914227,2977.292505857725,16496.777043446444,37032.822831303056,1
5m,300,btc-up-or-down-5m,btc-updown-5m,btc-updown-5m-1773302100,0xe78524145f6523ccd2fd072e0048a4f037c3da8d802b06fe43a325e04c26cee5,Down,already_winner_assist,1,0,1.4901008411631262,-0.0,-112.16541468000001,112.16541468000001,0.8019384001062151,,10.0,60,0,0.0,0.0,0.0,truncated_http_400_at_offset_3500,1263.2235431384595,12281.003571861547,1263.2235431384595,,1
5m,300,btc-up-or-down-5m,btc-updown-5m,btc-updown-5m-1773307500,0x62cc3aa3d7a5e5a2c678348e0ea758c0e2571d7399707ab9ebfe9f4985e8466b,Up,already_winner_assist,1,0,2.6272886323302456,-2.869378727462949,-1287.096554777,1287.096554777,,-7.645068407012213,10.0,60,0,0.0,0.0,0.0,truncated_http_400_at_offset_3500,1784.8029007134023,31699.78396928661,1784.8029007134023,,1
5m,300,btc-up-or-down-5m,btc-updown-5m,btc-updown-5m-1773312600,0xdccbe75ce50b22e90b20e2f24f856e0781d32e0db6fe011225a55203cbdd327c,Up,already_winner_assist,1,0,2.0177441129798157,1.9886702679781012,369.654884159,369.654884159,-0.8947726111820228,,10.0,60,1,0.07351216775398925,0.739309768318,0.8128219360719893,truncated_http_400_at_offset_3500,11564.35411444331,3269.5058275566917,11563.541292507238,14227.413903626597,1
5m,300,btc-up-or-down-5m,btc-updown-5m,btc-updown-5m-1773314700,0xa9f841fa1022282fcba82bc4256de82285204903913ee8edda29899fcc4e2278,Up,already_winner_assist,1,0,4.200320117674621,0.2550731209735249,-316.090259416,410.62154079999993,,-8.215542284156303,10.0,60,0,0.0,0.0,0.0,truncated_http_400_at_offset_3500,9893.82393636727,11626.843879632694,9893.82393636727,,1
5m,300,btc-up-or-down-5m,btc-updown-5m,btc-updown-5m-1773316500,0x98079e457f80618e935c543a0ccdb995296f6bc30b10e44018b2a74cf99bb0ec,Up,already_winner_assist,1,0,0.4796582448517842,-1.519130038322425,89.486161118,89.486161118,-3.875454580408796,-1.9876002206363692,10.0,60,0,0.0,0.0,0.0,truncated_http_400_at_offset_3500,2993.974749223401,14728.073671776587,2993.974749223401,,1
5m,300,btc-up-or-down-5m,btc-updown-5m,btc-updown-5m-1773318900,0x023e5287a79f03eba5908be3220307a87d6b7d3968d1503bfa3b82b4e961155c,Down,flip,0,1,0.4565600414151753,0.7251049094897872,2686.7931222340003,2723.0225935860003,,,10.0,60,1,0.19482068837152677,5.373586244468001,5.568406932839528,truncated_http_400_at_offset_3500,3875.133793503117,15871.519785496892,3869.5653865702775,695.9142606208648,1
5m,300,btc-up-or-down-5m,btc-updown-5m,btc-updown-5m-1773323700,0x032559d60694390f93a21e793043b0d79fa03a62cfa4f2b833f367ca58cca158,Up,already_winner_assist,1,0,9.592611697518077,2.6435992543254323,111.047752498,132.013837074,-0.2143152591832645,,10.0,60,1,0.029356575569822796,0.222095504996,0.2514520805658228,truncated_http_400_at_offset_3500,4500.008912535119,16231.137944464885,4499.7574604545525,17896.08939567771,1
5m,300,btc-up-or-down-5m,btc-updown-5m,btc-updown-5m-1773327000,0x4e7c074507230254594e4da42076bfbdfd0be14055eaa43fb1860eaa4c3e6ee8,Up,already_winner_assist,1,0,5.812674635521377,1.0214438477334413,111.41198373,111.41198373,,-2.7760737146737613,10.0,60,1,0.011380108534478676,0.22282396746,0.23420407599447868,truncated_http_400_at_offset_3500,8034.683137524129,9813.119591475868,8034.448933448135,34306.333497430445,1
5m,300,btc-up-or-down-5m,btc-updown-5m,btc-updown-5m-1773332400,0x7ce5947d226065084aefc7af6c08e028846aeba606ffde9595265ae5bd341424,Up,already_winner_assist,1,0,0.4287824258166321,-0.08535129883445004,-140383.088881539,140792.870841819,-0.8534802083126687,,10.0,60,0,0.0,0.0,0.0,truncated_http_400_at_offset_3500,2059.3876971338655,6575.220299866132,2059.3876971338655,,1
5m,300,btc-up-or-down-5m,btc-updown-5m,btc-updown-5m-1773335400,0x933d2dfb8cde77a0244250b240dcef0cc58efbb960861254babdcf5b82524cac,Up,already_winner_assist,1,0,8.650605243705133,0.0,20.359952379,20.359952379,4.55732548255905,,10.0,60,0,0.0,0.0,0.0,truncated_http_400_at_offset_3500,699.6454647322967,15762.451949267695,699.6454647322967,,1
5m,300,btc-up-or-down-5m,btc-updown-5m,btc-updown-5m-1773339900,0x661766ebec5a01f28941a21ec9cee094a4a6d4c8b8912174500218ba74cf14f7,Up,other,0,0,1.599446489915991,0.014282459927142969,33.51595904,33.51595904,,,10.0,60,1,4.786903419085651e-05,0.06703191807999999,0.06707978711419084,truncated_http_400_at_offset_3500,4520.59584171746,4999.105496282541,4520.528761930345,67391.326600694,1
5m,300,btc-up-or-down-5m,btc-updown-5m,btc-updown-5m-1773342300,0x6c0cd93b5f78535f6b033ea22d024fc47a0c7aaad04a358ced488c762d4fd2ed,Up,already_winner_assist,1,0,4.559809279689253,0.0,44.261311467999995,54.26124426799999,,,10.0,60,0,0.0,0.0,0.0,truncated_http_400_at_offset_3500,2571.2536380931406,17392.644399906836,2571.2536380931406,,1
5m,300,btc-up-or-down-5m,btc-updown-5m,btc-updown-5m-1773345300,0x5811e5f0ea5b6089e6881fc9bd7e41c48769cb2212553744ae428a1e661a90f0,Down,other,0,0,1.81431211099269,-1.4476134272967038,-63.40408204600001,218.43751795400001,2.3838477401784206,,10.0,60,0,0.0,0.0,0.0,truncated_http_400_at_offset_3500,9209.731559574744,6353.558595425252,9209.731559574744,,1
5m,300,btc-up-or-down-5m,btc-updown-5m,btc-updown-5m-1773347100,0xce691c23bccb0c09bd7b020384f1cff1d538b5708aa9f84fff5cdb4990f0b5c6,Down,already_winner_assist,1,0,6.226577063674069,-0.0,-2939.121329787,2939.121329787,-2.019087493067136,-7.097045637196582,10.0,60,0,0.0,0.0,0.0,ok,565.1040604758142,17878.62748352417,565.1040604758142,,1
5m,300,btc-up-or-down-5m,btc-updown-5m,btc-updown-5m-1773349800,0xb4cf9294a18b865d773fb6cf3075a0b72a955ba500775e1c9e81003ccb527fd4,Up,already_winner_assist,1,0,9.52153849740068,0.0,1459.6269174200002,1459.6269174200002,-2.3148756425793686,1.2215614126793255,10.0,60,0,0.0,0.0,0.0,truncated_http_400_at_offset_3500,1104.2750874559088,21409.430226544086,1104.2750874559088,,1
5m,300,btc-up-or-down-5m,btc-updown-5m,btc-updown-5m-1773352500,0xb865e6e4f005291e7591d0db20d91b8e341c11ef8de2b888bf000f0de7e50fda,Down,already_winner_assist,1,0,4.2636658958987645,0.9387214052431229,70202.62283404601,71293.20496455401,-4.60954725051928,-0.34137508733371275,10.0,60,1,6.590070475852861,140.40524566809202,146.99531614394488,truncated_http_400_at_offset_3500,10362.249395648812,15553.951892351168,10215.254079504868,70.49373862702944,1
5m,300,btc-up-or-down-5m,btc-updown-5m,btc-updown-5m-1773354900,0xbb1864f121ec6105a24f4cc1dfec577e1db4ec92afd433a2a1e3a95e7ed40bca,Up,already_winner_assist,1,0,1.3915182691527683,-1.6970531924290793,-2297.087635669,2297.087635669,,4.108346277251544,10.0,60,0,0.0,0.0,0.0,truncated_http_400_at_offset_3500,1712.0899178289933,10784.74940217101,1712.0899178289933,,1
5m,300,btc-up-or-down-5m,btc-updown-5m,btc-updown-5m-1773355200,0x775c0d1c6adb29ca103bb8722cb654ee47d2f52ee0967b107388e7bd1775b46a,Down,already_winner_assist,1,0,4.089185393311379,0.4994210284399251,6.221649132,6.221649132,,,10.0,60,1,0.0003107222408095807,0.012443298264,0.01275402050480958,truncated_http_400_at_offset_3500,5551.255690226392,9183.333964773594,5551.242936205887,435255.35246967786,1
5m,300,btc-up-or-down-5m,btc-updown-5m,btc-updown-5m-1773355800,0x08eeb1b59d066f758aa4c3b44dcd031b1ce75622ff494d681fb720035a2b1617,Up,flip,0,1,1.4909549081699942,4.597497728689579,390.805677766,390.805677766,,,10.0,60,1,0.17967282158881762,0.7816113555319999,0.9612841771208175,truncated_http_400_at_offset_3500,5978.488988832201,2521.871267167799,5977.527704655081,6219.273271238713,1
5m,300,btc-up-or-down-5m,btc-updown-5m,btc-updown-5m-1773358200,0x900bfd9ffafe5e5d6d779bc64b9f9782dbe0a0e3a267f4d94c9a5a5093eaabeb,Up,already_winner_assist,1,0,0.8918246466142155,-2.8913203897770328,-3218.1879149600004,3218.1879149600004,,3.3317242122608524,10.0,60,0,0.0,0.0,0.0,truncated_http_400_at_offset_3500,1742.6859274376134,6081.138514562388,1742.6859274376134,,1
5m,300,btc-up-or-down-5m,btc-updown-5m,btc-updown-5m-1773363600,0xa76b3ddde78429c508c64e96c00ef22e91aab88d1f1572b7b8648f1f130bee8a,Up,already_winner_assist,1,0,9.469508278182062,0.0,7409.518818070001,7612.772902214001,,,10.0,60,0,0.0,0.0,0.0,truncated_http_400_at_offset_3500,409.6726376433346,14727.959869356662,409.6726376433346,,1
5m,300,btc-up-or-down-5m,btc-updown-5m,btc-updown-5m-1773363900,0x060b84f26d2decf8ae4b145168c0096647024bb4a0193a78633db3f448219239,Up,already_winner_assist,1,0,9.619672299599225,0.013961771273642346,303.283281035,322.747846451,-5.499421582717066,,10.0,60,1,0.0004234371800930462,0.60656656207,0.6069899992500931,truncated_http_400_at_offset_3500,654.118384478558,16937.191553521425,653.5113944793079,1077.6427705344236,1
5m,300,btc-up-or-down-5m,btc-updown-5m,btc-updown-5m-1773367500,0xa5b9e0ff967b04ee4390058cf0b5ebb2051e6f1bb9d7cb82ee83d5a34007bdac,Up,already_winner_assist,1,0,2.961245386425065,2.65486974532872,267.335953506,267.335953506,,,10.0,60,1,0.07097421348016848,0.534671907012,0.6056461204921685,truncated_http_400_at_offset_3500,6452.612447231151,6045.595771768851,6452.006801110659,10654.096887448963,1
5m,300,btc-up-or-down-5m,btc-updown-5m,btc-updown-5m-1773368100,0xfdfdeafae6c76960eedf68e3d8e93b2c823a6b0a576c87a98a46df960bedf9e8,Up,already_winner_assist,1,0,4.258588486500416,3.4231240043065174,305645.975561466,306252.541028516,,2.6685388511102364,10.0,60,1,104.62640757641374,611.291951122932,715.9183586993457,truncated_http_400_at_offset_3500,5905.041068270905,7049.539199729082,5189.122709571559,8.248204556451057,1
5m,300,btc-up-or-down-5m,btc-updown-5m,btc-updown-5m-1773368700,0x07d8fbca421c0b25f708e12dc6911a7ebe82e0120fb2cb3c4bca3a53c4895e3d,Down,already_winner_assist,1,0,0.04366950594078047,-0.0,-201.54993877900003,212.066181719,,,10.0,60,0,0.0,0.0,0.0,ok,2190.3133625698497,8334.770736430146,2190.3133625698497,,1
5m,300,btc-up-or-down-5m,btc-updown-5m,btc-updown-5m-1773373500,0xcd2b51cbe49567b33346e25c3b69c85940d8c27fbe08945956790b7e2bdde9e9,Down,other,0,0,1.0412371595825614,-0.0,-1211.3817184420002,1735.183109758,,9.943709316996609,10.0,60,0,0.0,0.0,0.0,truncated_http_400_at_offset_3500,10340.583367512263,7655.372916487721,10340.583367512263,,1
5m,300,btc-up-or-down-5m,btc-updown-5m,btc-updown-5m-1773389400,0x9038ed70e796ed6250bb4cedbadf52800e6bbe056c794c028b09f7563f92c988,Up,flip,0,1,3.2183096175787043,3.6103205181284115,135.62788529300002,185.204166707,,,10.0,60,1,0.048966013710368454,0.27125577058600003,0.3202217842963685,truncated_http_400_at_offset_3500,10727.708445023352,5542.596936976644,10727.388223239055,33500.870244026715,1
5m,300,btc-up-or-down-5m,btc-updown-5m,btc-updown-5m-1773391200,0xfbb7ca64b264d0563c85edf78cdcd0cc4e3a20b775fd35cb0c82f77f4df8c34a,Down,already_winner_assist,1,0,9.312150833444322,0.444595112860567,52690.395044991004,52690.395044991004,,,10.0,60,1,2.3425892131695636,105.380790089982,107.72337930315156,truncated_http_400_at_offset_3500,610.6304212532486,19179.51164174675,502.9070419500971,5.6685041372015705,1
5m,300,btc-up-or-down-5m,btc-updown-5m,btc-updown-5m-1773396300,0x1605a756e9e76e4ddba9b8129b75ae06c20c0e7b61f323f07c2b5ee1bfdf9b0c,Down,already_winner_assist,1,0,4.489070499592764,1.3026733925195346,-37477.299829788004,37477.299829788004,,,10.0,60,0,0.0,0.0,0.0,ok,785.8768830840983,8421.249348915895,785.8768830840983,,1
5m,300,btc-up-or-down-5m,btc-updown-5m,btc-updown-5m-1773398100,0x183b49e471aedc6dee10d7e9985683b77481ed985d279b3faaee29f195d71996,Up,already_winner_assist,1,0,7.508401050384625,0.4139752526185215,300.44455294400007,300.44455294400007,,,10.0,60,1,0.01243766097028512,0.600889105888,0.6133267668582851,truncated_http_400_at_offset_3500,744.6725656492833,13989.603812350713,744.059238882425,1214.1530516657638,1
5m,300,btc-up-or-down-5m,btc-updown-5m,btc-updown-5m-1773401400,0x811cb68aa586568e257d069a839ad971cad81661917c8526ea252b6df54e66ae,Down,already_winner_assist,1,0,4.769915483092125,3.11144148678754,6719.805980388,7741.443197488,,,10.0,60,1,2.0908283110542243,13.439611960775999,15.530440271830223,truncated_http_400_at_offset_3500,7121.913458810485,14852.313575189546,7106.383018538655,458.5776922067378,1
5m,300,btc-up-or-down-5m,btc-updown-5m,btc-updown-5m-1773403800,0x04936ad83cff5e08ddd4154affd858fa0d4bf1deabf1c29d017b0b3df1d895bf,Up,already_winner_assist,1,0,1.6714635721111613,1.2427351788766046,271.779873015,687.8565534749999,,-0.013807301162697372,10.0,60,1,0.03377504091063569,0.54355974603,0.5773347869406357,truncated_http_400_at_offset_3500,6090.657442270554,6028.647068729445,6090.080107483614,10549.611040321437,1
5m,300,btc-up-or-down-5m,btc-updown-5m,btc-updown-5m-1773404100,0xaec9c620042475c1d507f78df48c99484e3e1a691c30b7fe5d606fe10f6b634f,Down,already_winner_assist,1,0,8.834164824099206,-0.0,-42.764214939999995,42.764214939999995,-0.013818806426972157,,10.0,60,0,0.0,0.0,0.0,ok,365.58450988636315,20787.95735011363,365.58450988636315,,1
5m,300,btc-up-or-down-5m,btc-updown-5m,btc-updown-5m-1773405300,0x441f4db4fd9ae801c5f981eb2a2d58e017c5532720c82102b441f8a550b401fe,Up,flip,0,1,1.088360403622813,2.762114305564481,41.816041565999996,41.816041565999996,,0.013808673919242445,10.0,60,1,0.011550068661152754,0.08363208313199999,0.09518215179315274,truncated_http_400_at_offset_3500,6579.73305729949,2550.107152700513,6579.637875147697,69127.80319989388,1
5m,300,btc-up-or-down-5m,btc-updown-5m,btc-updown-5m-1773410400,0x8b651d719a119dd5d13000b55e9de741008ecc2445f0c3374223f58b97077c98,Down,already_winner_assist,1,0,2.3205998754017587,0.013626512286715993,4.867713279,4.867713279,3.7193486255393964,14.188764662815576,10.0,60,1,6.63299548045041e-06,0.009735426558,0.009742059553480452,truncated_http_400_at_offset_3500,1926.0387285692466,7554.119461430749,1926.0289865096931,197703.44432776017,1
5m,300,btc-up-or-down-5m,btc-updown-5m,btc-updown-5m-1773412200,0xc8f0638b0b4587c8a1cfa277a2ad2b1c4dd3faf24b20bf4e8536d5d953fd29a0,Up,already_winner_assist,1,0,5.413787018104667,2.507051943663546,228.91948447400003,228.91948447400003,0.4065062683822657,23.78128857316839,10.0,60,1,0.05739130384929988,0.4578389689480001,0.5152302727972999,truncated_http_400_at_offset_3500,2472.8046395585407,8373.980601441459,2472.289409285743,4799.41643594258,1
5m,300,btc-up-or-down-5m,btc-updown-5m,btc-updown-5m-1773414000,0x442e12afc7a0c0130cd16354737df8d368cefeef91cfe627a2b9cda0351ef5c1,Down,already_winner_assist,1,0,2.479504971094549,-1.906875396999515,-6694.408223275,6710.908617745,9.432301842442357,4.019828444754962,10.0,60,0,0.0,0.0,0.0,truncated_http_400_at_offset_3500,2930.8815080776258,14766.474286922388,2930.8815080776258,,1
5m,300,btc-up-or-down-5m,btc-updown-5m,btc-updown-5m-1773420000,0x9381752fd4ef6ff7a9ed1e79a0a00c6483370e9b41d51cf62da6736aca1d9f19,Down,already_winner_assist,1,0,0.8142004712631821,-1.4335371161024422,-374.490253055,374.490253055,,,10.0,60,0,0.0,0.0,0.0,truncated_http_400_at_offset_3500,7083.332678868017,10854.056940131986,7083.332678868017,,1
5m,300,btc-up-or-down-5m,btc-updown-5m,btc-updown-5m-1773428400,0xfae06031bac96372d07f5a17f42c2782a83bcbc20a6ffea63956f5aa1c3fc62c,Down,already_winner_assist,1,0,0.25661312412991455,-0.0,-59.33079727799999,59.33079727799999,,,10.0,60,0,0.0,0.0,0.0,truncated_http_400_at_offset_3500,6442.024864035986,9412.436323964013,6442.024864035986,,1
5m,300,btc-up-or-down-5m,btc-updown-5m,btc-updown-5m-1773435000,0xa12ee0b64f6f499e98ade5d63a3d37adae148eca3d228770815bef64f0555fde,Down,other,0,0,0.7397325241778575,2.4640956193780688,1273.47630996,1741.1935225,,-1.7224273384802264,10.0,60,1,0.3137967396754183,2.5469526199200003,2.8607493595954185,truncated_http_400_at_offset_3500,5548.244525629716,3913.3552073702867,5545.3837762701205,1939.4374788619639,1
5m,300,btc-up-or-down-5m,btc-updown-5m,btc-updown-5m-1773436200,0x19d8c71d658a919baa5a26b260e148bca916299e3fac59fd6d0bb9558005b281,Down,already_winner_assist,1,0,5.3263949318935495,0.014002180140693696,-157.8530733739999,3792.011745526,-0.36406356553795216,0.6300786970387846,10.0,60,0,0.0,0.0,0.0,truncated_http_400_at_offset_3500,681.7100115391179,16891.835047460914,681.7100115391179,,1
5m,300,btc-up-or-down-5m,btc-updown-5m,btc-updown-5m-1773441900,0xaef089831244035c3a42de19fe3f664c1278cf2e221f54df27427e6dcbea4785,Up,already_winner_assist,1,0,5.456143647437897,0.7348410768162668,-153.308517236,170.22464189599998,-0.0565240000909359,,10.0,60,0,0.0,0.0,0.0,truncated_http_400_at_offset_3500,630.1629156500169,16305.593863349995,630.1629156500169,,1
5m,300,btc-up-or-down-5m,btc-updown-5m,btc-updown-5m-1773444000,0xbedb34b794d78d4415aec5e52cd167f12c1ac1b8598cdb444f39f7907e603b90,Down,already_winner_assist,1,0,0.17895932234862955,-0.0,-1.460010133,1.460010133,0.0,,10.0,60,0,0.0,0.0,0.0,truncated_http_400_at_offset_3500,6043.9141082070055,6473.336136792992,6043.9141082070055,,1
5m,300,btc-up-or-down-5m,btc-updown-5m,btc-updown-5m-1773444600,0xd6b82da735d3215f7cd4f0be81b8b49f14c99e4e2a6de46d4593bc4283597a8e,Up,already_winner_assist,1,0,2.1103328329447546,0.0,13.482468123,13.482468123,-0.0,0.26791373461451967,10.0,60,0,0.0,0.0,0.0,truncated_http_400_at_offset_3500,3133.4449760674725,10581.308573932516,3133.4449760674725,,1
5m,300,btc-up-or-down-5m,btc-updown-5m,btc-updown-5m-1773444900,0x33ded6b624ff40e27202f337a8ab2d4ca317b5819c9823666f08d440c049b5a6,Up,already_winner_assist,1,0,0.8681763748971192,-1.3254819697466833,-10583.981905364997,10701.996571802998,-0.9165754210511176,-1.9881570765974996,10.0,60,0,0.0,0.0,0.0,truncated_http_400_at_offset_3500,3811.842410883063,13041.224759116934,3811.842410883063,,1
5m,300,btc-up-or-down-5m,btc-updown-5m,btc-updown-5m-1773445500,0xde6dee529d1bad26939a1fa8c7d306a97acdd6a44842965c8fa5058c98128004,Down,other,0,0,0.5820888307025864,1.1978621697738585,-1681.6868455800002,1823.5978455800002,,,10.0,60,0,0.0,0.0,0.0,truncated_http_400_at_offset_3500,5861.737918658875,8215.993222341125,5861.737918658875,,1
5m,300,btc-up-or-down-5m,btc-updown-5m,btc-updown-5m-1773446100,0xd95c25a1e33bfd71a28fd2941f0116160adc8ea6e772cd252a6ef44703967425,Down,other,0,0,0.5512403408016673,1.9870335556971215,692.223123313,721.9198337869999,,-9.74358653732843,10.0,60,1,0.13754705740523973,1.384446246626,1.5219933040312397,truncated_http_400_at_offset_3500,5564.3986218939335,7011.955309106056,5562.876628589902,3655.9941539530723,1
5m,300,btc-up-or-down-5m,btc-updown-5m,btc-updown-5m-1773452100,0x1d66a31e36ec8210cbe22ed7658640e1984473636743e923b6bdc99402b371b2,Up,already_winner_assist,1,0,2.970345174642475,1.8664313886127655,408.64657200499994,564.534653405,1.852290447266311,1.2159687822077612,10.0,60,1,0.07627107888391385,0.81729314401,0.8935642228939138,truncated_http_400_at_offset_3500,14249.74068754206,6748.753179457923,14248.847123319167,15947.08060422628,1
5m,300,btc-up-or-down-5m,btc-updown-5m,btc-updown-5m-1773452700,0x90f0b9b995af6e4fff81e14630c3ea1e1a56f119906d3ae64a9f9d1fd27f7c0a,Up,already_winner_assist,1,0,9.390893806069206,-0.014106929110862467,-2989.199112527,3016.7997527190005,,-0.01410692911106529,10.0,60,0,0.0,0.0,0.0,ok,247.60475235424272,13980.473924645754,247.60475235424272,,1
5m,300,btc-up-or-down-5m,btc-updown-5m,btc-updown-5m-1773454200,0x7d920c5ca2357ab1836a258e342e48bd0a8b0361b4d72a7b4a358ce9b19b1f2d,Up,other,0,0,1.4813497975465961,1.1574400825971487,33.555315861000004,33.555315861000004,-0.0,,10.0,60,1,0.003883826756172926,0.067110631722,0.07099445847817293,truncated_http_400_at_offset_3500,5226.0730013238535,5999.6746686761435,5226.002006865376,73612.4074096656,1
5m,300,btc-up-or-down-5m,btc-updown-5m,btc-updown-5m-1773458700,0x391f9b75816e171168e78e7744ff3af303f45fbfa2262ac4acaa61ec99ecf02a,Up,already_winner_assist,1,0,0.7430483423624733,0.014078013310981961,493.64346359999996,493.64346359999996,-4.292869469098073,-4.715019394299709,10.0,60,1,0.0006949519251440039,0.9872869272,0.987981879125144,ok,2488.9690865218595,4058.1864844781408,2487.9811046427344,2519.245685685892,1
5m,300,btc-up-or-down-5m,btc-updown-5m,btc-updown-5m-1773462300,0x387c15fe83aa84a6f51f89982f1c511d9d2f15a4d3463086240908f271f48a31,Up,already_winner_assist,1,0,8.500686647989781,1.011345328937931,947.8275486099999,947.8275486099999,4.0459951522333695,,10.0,60,1,0.09585809639254131,1.89565509722,1.9915131936125412,ok,3481.212017810848,5814.81431918915,3479.2205046172353,1748.0235777379114,1
5m,300,btc-up-or-down-5m,btc-updown-5m,btc-updown-5m-1773463500,0x1ef316c3c4a8f074b922d005e0daed38163352f7298485ea5f2a1732d6a30d36,Up,already_winner_assist,1,0,1.1158364586731186,0.2945431670734254,492.826213508,492.826213508,,,10.0,60,1,0.014515859374345049,0.985652427016,1.000168286390345,ok,2656.47325620017,7490.540343799837,2655.4730879137796,2656.0262831243217,1
5m,300,btc-up-or-down-5m,btc-updown-5m,btc-updown-5m-1773469500,0xf2f0e8823aa436221874258ff66acc39d119c04d951fd24c4072abcc73003041,Down,already_winner_assist,1,0,9.346573324224181,0.08482111932724551,2622.224493888,2622.224493888,,,10.0,60,1,0.02224200166989,5.244448987776,5.26669098944589,ok,288.314189767398,14384.82999423259,283.0474987779521,54.74294777217062,1
5m,300,btc-up-or-down-5m,btc-updown-5m,btc-updown-5m-1773471000,0x32772029cec038706583b8251a8f17af0dd1d954716bdbe329e59268173e6b29,Down,already_winner_assist,1,0,1.5735746237229264,0.01415829970241226,41.621493771,41.621493771,0.014158299701743924,6.326762628374786,10.0,60,1,5.8928958287190305e-05,0.08324298754199999,0.08330191650028718,ok,3672.4026427971403,7195.93535520285,3672.31934088064,44085.45201699507,1
5m,300,btc-up-or-down-5m,btc-updown-5m,btc-updown-5m-1773483600,0x86064228919b067727f0da44b4d8af6eaf27aa1e2b82e71fa5afe9c706e36d0b,Down,other,0,0,1.1018660339173327,0.014187486210354858,71851.21358678502,72430.45685138501,-2.525693266562775,,10.0,60,1,0.10193881019597739,143.70242717357004,143.80436598376602,ok,5824.468916718419,2679.334979281571,5680.664550734653,40.502726581861495,1
5m,300,btc-up-or-down-5m,btc-updown-5m,btc-updown-5m-1773486900,0xd3ee9d5152ac4f23838aaedbedd208f4e76e7f4a7d14d689946d0d4e50c96e8a,Down,other,0,0,0.9732574329533427,-0.01414790359693684,-149.999714542,149.999714542,,,10.0,60,0,0.0,0.0,0.0,ok,4211.325168518673,4709.4006364813295,4211.325168518673,,1
5m,300,btc-up-or-down-5m,btc-updown-5m,btc-updown-5m-1773489900,0xcceacad986bf2d15e5932a5cf0cf01323398f8d43dc5b1a09c0f98684ca78d26,Down,already_winner_assist,1,0,0.8356778962305487,0.014127576252918817,243.77412699,243.77412699,-3.9847731326168923,,10.0,60,1,0.000344393756753994,0.48754825398,0.487892647736754,ok,6829.126673673623,7196.057605326381,6828.638781025887,13997.191196368116,1
5m,300,btc-up-or-down-5m,btc-updown-5m,btc-updown-5m-1773495300,0x190343633fc76d4d47a5c131c4e1e9a8386672d11f2f0effd60220f5c543cb92,Down,already_winner_assist,1,0,3.6525427494700735,-0.014103288253034254,-9.134046510000001,9.134046510000001,,0.0,10.0,60,0,0.0,0.0,0.0,ok,1717.4990873808695,9996.07486661914,1717.4990873808695,,1
5m,300,btc-up-or-down-5m,btc-updown-5m,btc-updown-5m-1773495600,0x7b979f122aed4096ddd03f646329c061ed9c3f3cb027408822e24f7d125dcc7b,Down,other,0,0,0.7262915858185293,0.01410505870994338,23.835394992,35.615574048,,,10.0,60,1,3.361996457368505e-05,0.047670789984000005,0.04770440994857369,truncated_http_400_at_offset_3500,3634.3711714559277,4838.542108544061,3634.323467045979,76185.2242879401,1
5m,300,btc-up-or-down-5m,btc-updown-5m,btc-updown-5m-1773496500,0x1800bec1f4321c257915eeb0398ef7338b820298fdf1a84318300ce73dde5ad0,Down,other,0,0,0.5572473019106682,5.741269232084411,22097.168975776,22097.168975776,4.697647242302381,,10.0,60,1,12.686579635679296,44.194337951552,56.880917587231295,truncated_http_400_at_offset_3500,8846.915656226987,4742.893582773009,8790.034738639755,155.53398277479536,1
5m,300,btc-up-or-down-5m,btc-updown-5m,btc-updown-5m-1773498900,0x7e3d0a3173fd619d1b324698ba9b69b96e5a6c807a3d16992b4ef2b420225b7b,Down,already_winner_assist,1,0,5.146417884799646,0.3109606564360092,-140.23549627999998,140.23549627999998,,,10.0,60,0,0.0,0.0,0.0,truncated_http_400_at_offset_3500,3212.8219665187003,19556.73677648133,3212.8219665187003,,1
5m,300,btc-up-or-down-5m,btc-updown-5m,btc-updown-5m-1773507000,0x308d7827c7bf0fab315de0a5cb8c5e61ceb86005c3ae59a5669b10b640277709,Up,already_winner_assist,1,0,5.355875650291923,0.014142701267956205,4874.758476465,4874.758476465,,-0.9050912804886079,10.0,60,1,0.006894225288608182,9.749516952930001,9.75641117821861,truncated_http_400_at_offset_3500,579.1850533369826,13268.615405663006,569.428642158764,59.36455964771403,1
5m,300,btc-up-or-down-5m,btc-updown-5m,btc-updown-5m-1773511200,0xa3eeeaf7e27d3e1289fe9a2bf2b5af543c2c3bb9231f30213d4ed74c2bc47005,Down,already_winner_assist,1,0,3.101525486823259,-0.0,-22.648449851000002,26.667366139000002,0.0,,10.0,60,0,0.0,0.0,0.0,ok,535.0411371660016,13489.311881834015,535.0411371660016,,1
5m,300,btc-up-or-down-5m,btc-updown-5m,btc-updown-5m-1773514500,0xf222365d2fe97a0bf5b8f89d619cbeed7b778c6d50580fa9987880867c888d5f,Up,already_winner_assist,1,0,2.4195708942309553,-0.6790085911348219,-4.934768808999998,37.875842809,,1.8958097003392378,10.0,60,0,0.0,0.0,0.0,truncated_http_400_at_offset_3500,1099.765706178343,6227.356339821659,1099.765706178343,,1
5m,300,btc-up-or-down-5m,btc-updown-5m,btc-updown-5m-1773516300,0x88d0796cbc78a3d6e54bd1c36d2466cbc23b02e9a9e4b275ddebb8026c23c0ac,Down,already_winner_assist,1,0,1.3419746987824197,0.014146702720389603,37.458172098,37.458172098,,0.14146612664572186,10.0,60,1,5.299096251195985e-05,0.074916344196,0.07496933515851197,ok,778.3575643005969,10737.033990699381,778.2825949654384,10382.345830530187,1
5m,300,btc-up-or-down-5m,btc-updown-5m,btc-updown-5m-1773519600,0xf163b83de66768807baec88040f54c9f49ade08bd50f0bc7249f989f7b51e1f4,Down,other,0,0,1.503486296327068,1.017555662585008,2848.759373592,2848.759373592,,,10.0,60,1,0.28987712319406594,5.697518747184,5.987395870378066,truncated_http_400_at_offset_3500,8090.243312963085,4169.946078036918,8084.255917092707,1351.212361452265,1
5m,300,btc-up-or-down-5m,btc-updown-5m,btc-updown-5m-1773524100,0x9c6a9622ad309c83af0d662cfdef284e2ca3bef9961002f4c76829dbe8c96ef4,Up,already_winner_assist,1,0,0.6407239926523011,0.014143121318023052,4.877286084,4.877286084,,,10.0,60,1,6.898004878871757e-06,0.009754572167999999,0.00976147017287887,ok,851.8957343862373,13203.050753613768,851.8859729160645,87271.25313081755,1
5m,300,btc-up-or-down-5m,btc-updown-5m,btc-updown-5m-1773525300,0x2832666ae1b41301ccc1ce23ae2f57504840a7bc5ba2b9c91d9d852b85a59595,Up,flip,0,1,1.1096943184382353,2.8249305961183553,3377.199171876,3377.199171876,-0.0,2.824930596117948,10.0,60,1,0.9540353269818085,6.754398343752,7.708433670733809,truncated_http_400_at_offset_3500,3270.3171037854386,4291.124576214561,3262.6086701147046,424.2518316271792,1
5m,300,btc-up-or-down-5m,btc-updown-5m,btc-updown-5m-1773538200,0xbbdf580fd5c57f8ec796cd7336e6e8c75573ca5dfae7335e98c4cb52b7509528,Down,already_winner_assist,1,0,7.971225100653911,-0.0,-7934.85081824,7934.85081824,2.0733617519289598,,10.0,60,0,0.0,0.0,0.0,ok,408.4600660749313,17998.24792192505,408.4600660749313,,1
5m,300,btc-up-or-down-5m,btc-updown-5m,btc-updown-5m-1773548700,0x08f5ad5ed8d7d12fb0e34820489e19d1793dfce2405b4297e89005954a973542,Down,other,0,0,0.13601484474046463,0.503103168397597,1.9799019470000003,1.9799019470000003,-2.739561379815406,,10.0,60,1,9.960949426522712e-05,0.003959803894000001,0.0040594133882652286,truncated_http_400_at_offset_3500,4269.662105539298,6388.676119460706,4269.65804612591,1051792.8816714867,1
5m,300,btc-up-or-down-5m,btc-updown-5m,btc-updown-5m-1773549600,0x5f7496bafbbae82f4adc81d6ff5af315091eec2c73599d38efac66a8eca36c94,Up,flip,0,1,1.4876520190281861,5.3797060624435336,94172.272814893,94172.272814893,-1.8857053117519587,,10.0,60,1,50.661914697636625,188.344545629786,239.00646032742264,ok,13473.793808517847,565.7241374821522,13234.787348190424,56.3741824805056,1
5m,300,btc-up-or-down-5m,btc-updown-5m,btc-updown-5m-1773549900,0xa5c54c795bdbd477e18c325780e5bc6e352df1feb372e67ce712b4674cf60c5b,Down,already_winner_assist,1,0,6.913417476840053,1.1599541900979888,-9.803835808,9.803835808,,,10.0,60,0,0.0,0.0,0.0,ok,723.0149356065202,11423.683073393473,723.0149356065202,,1
5m,300,btc-up-or-down-5m,btc-updown-5m,btc-updown-5m-1773551100,0x1c1a34a7593e09a5de04de927428b97ee5153639356dffa00ea1c45e07aa450e,Down,already_winner_assist,1,0,2.564373607701245,-0.0,9422.531579766,9580.166420234,,,10.0,60,0,0.0,0.0,0.0,ok,3284.063506877659,2955.415866122341,3284.063506877659,,1
5m,300,btc-up-or-down-5m,btc-updown-5m,btc-updown-5m-1773552000,0x01ad564256a5ea266dd722f3b639af2aaf27bb03473d2e28764d702fb6a4989e,Up,already_winner_assist,1,0,2.5268852582273564,-1.4777720800451868,9.801842838,9.801842838,,1.2967157554493074,10.0,60,0,0.0,0.0,0.0,truncated_http_400_at_offset_3500,4991.614842544298,10884.355000455715,4991.614842544298,,1
5m,300,btc-up-or-down-5m,btc-updown-5m,btc-updown-5m-1773555000,0x3822c6cfdfa8e60480370681c49a644186981a886fe9b2624e405d6ef2bbbe2a,Down,already_winner_assist,1,0,0.7914858901235794,-1.271586403562428,-36994.650229855004,63447.762908057004,0.33533650322761427,,10.0,60,0,0.0,0.0,0.0,truncated_http_400_at_offset_3500,7950.582882264386,21095.6235757356,7950.582882264386,,1
5m,300,btc-up-or-down-5m,btc-updown-5m,btc-updown-5m-1773556800,0x697686e10477a4e610d2fa0398832481b5c69881da0fde867b1f11238a88dcda,Down,other,0,0,1.4394532428150142,1.8615549075990239,-8469.288595841,9097.529447441,,,10.0,60,0,0.0,0.0,0.0,truncated_http_400_at_offset_3500,5032.59182035326,11567.544893646744,5032.59182035326,,1
5m,300,btc-up-or-down-5m,btc-updown-5m,btc-updown-5m-1773561900,0x0cc31d4792dee1b2a3a040f3c850edbf8063bdc1447e137bd002f05d1186911e,Up,already_winner_assist,1,0,1.5037680905661979,-3.5937949392657913,38.937803787,38.937803787,,,10.0,60,0,0.0,0.0,0.0,ok,235.35952877120738,10317.16507022879,235.35952877120738,,1
5m,300,btc-up-or-down-5m,btc-updown-5m,btc-updown-5m-1773568500,0x3d1333ed9c3f10f304a481b6164c8d4c1d22430166b5b44028ea5dfeb608a4cc,Up,already_winner_assist,1,0,5.922267825232858,0.0,-31223.673063324,31223.673063324,-0.0,,10.0,60,0,0.0,0.0,0.0,ok,189.57598105074584,10701.165299949258,189.57598105074584,,1
5m,300,btc-up-or-down-5m,btc-updown-5m,btc-updown-5m-1773584400,0xe70e1184e0f29b4b2dda5f763ee67a59cf93b1f98d3364719e481d61859be171,Down,already_winner_assist,1,0,2.985518863030345,-0.9517464554624517,-263.7470763,263.7470763,0.0,0.11196421623758875,10.0,60,0,0.0,0.0,0.0,truncated_http_400_at_offset_3500,949.3743304583762,12403.480420541631,949.3743304583762,,1
5m,300,btc-up-or-down-5m,btc-updown-5m,btc-updown-5m-1773591600,0x4463bf9cdee756a80f60dffaa919c2361251799d20f7c883a5cdf20618cd9642,Down,already_winner_assist,1,0,7.590481908511149,-0.9382971593991003,310.4944288010001,314.41641428500003,,,10.0,60,0,0.0,0.0,0.0,truncated_http_400_at_offset_3500,249.70689803102098,11308.503295968958,249.70689803102098,,1
5m,300,btc-up-or-down-5m,btc-updown-5m,btc-updown-5m-1773593700,0x1b8892de523f8829a2df18803ff8d71eda03154476a6471da19f1a42e8e1c89c,Up,already_winner_assist,1,0,0.9155193976713326,0.3079494347258782,9961.916045971999,9961.916045971999,-0.0,,10.0,60,1,0.3067766415143733,19.923832091944,20.23060873345837,ok,2168.746991750645,4355.942942249365,2148.516383017187,107.20127210823198,1
5m,300,btc-up-or-down-5m,btc-updown-5m,btc-updown-5m-1773598200,0xd0a7e03e8a1739cfc42c96bd9fce1bb0e89699e9b10b6e9a4179077de32f18fb,Down,already_winner_assist,1,0,6.313811226408052,-0.0,-628.7055505200001,628.7055505200001,,,10.0,60,0,0.0,0.0,0.0,ok,202.1085504546347,11575.328376545353,202.1085504546347,,1
5m,300,btc-up-or-down-5m,btc-updown-5m,btc-updown-5m-1773600000,0xe818a368128a46c13bec58311e115470703f73f216d52627e7686b9f394c45f9,Down,other,0,0,1.0155686838354407,-0.0,-95.52491485600001,142.813258336,,,10.0,60,0,0.0,0.0,0.0,ok,1785.6808027370864,7185.249667262912,1785.6808027370864,,1
5m,300,btc-up-or-down-5m,btc-updown-5m,btc-updown-5m-1773604500,0xa188a5c64b49227c4b5375eb07b44509228b76aee25aa1591806173f962af235,Up,already_winner_assist,1,0,5.73246333342554,0.01397289119197338,-9.993621698000002,21.653349922,0.01397289119287032,,10.0,60,0,0.0,0.0,0.0,ok,132.41514452085323,7854.930205479146,132.41514452085323,,1
5m,300,btc-up-or-down-5m,btc-updown-5m,btc-updown-5m-1773612900,0xc47e94407042665b0d745523c62080286e427291b633a2a09468e40aa70296e3,Up,flip,0,1,2.0187388278270704,3.188937616450661,1.68063948,1.68063948,,,10.0,60,1,0.0005359454457464078,0.0033612789599999997,0.0038972244057464073,truncated_http_400_at_offset_3500,4010.387894747572,3405.4189292524256,4010.3839975231663,1029036.9445583648,1
5m,300,btc-up-or-down-5m,btc-updown-5m,btc-updown-5m-1773615900,0xbc4a02007e00fa97a6ce9d2ba0e88f8d0a3ba45c19ea4531114cf6ea4a658c56,Down,already_winner_assist,1,0,0.3134403827196498,-1.0692196351820538,-201.84767205499998,203.903301607,-1.9877431709361402,7.8785420689122185,10.0,60,0,0.0,0.0,0.0,truncated_http_400_at_offset_3500,7985.381577541566,5127.775259458439,7985.381577541566,,1
5m,300,btc-up-or-down-5m,btc-updown-5m,btc-updown-5m-1773627600,0x8d672d49391adf5b1608b293c9dd548ec4b2fb7223c9117ff48c3c7d3b152328,Down,already_winner_assist,1,0,6.9128774569784674,-0.0,-132.86205156,132.86205156,-0.6479572460774381,,10.0,60,0,0.0,0.0,0.0,ok,268.86619248690937,20426.05412251306,268.86619248690937,,1
5m,300,btc-up-or-down-5m,btc-updown-5m,btc-updown-5m-1773628800,0xe7aaaf6fc2e96a815880cec0d66c5adc0ae531bf9c0aae9cd035b920b3558c86,Up,other,0,0,0.7049395486118416,-0.013804994786049452,-19.9666725,19.9666725,,,10.0,60,0,0.0,0.0,0.0,truncated_http_400_at_offset_3500,746.8589300177001,4691.435194982304,746.8589300177001,,1
5m,300,btc-up-or-down-5m,btc-updown-5m,btc-updown-5m-1773637800,0xb1d50b81c07bef93e5882f022349b633920090407ec996405296bab2a3e0cf1d,Down,already_winner_assist,1,0,3.739473025447941,2.0846136636643786,-4.901807483999999,4.901807483999999,,,10.0,60,0,0.0,0.0,0.0,truncated_http_400_at_offset_3500,12769.06585985316,12898.185074146853,12769.06585985316,,1
5m,300,btc-up-or-down-5m,btc-updown-5m,btc-updown-5m-1773640200,0xaf1bcf154cb1a4674acfa371e5d0b1e9b9eff49d76ffb37afe2be9aa44663b5f,Down,already_winner_assist,1,0,4.968004968005361,-3.72855074472999,-4660.266556994,4660.266556994,,2.687476846818628,10.0,60,0,0.0,0.0,0.0,truncated_http_400_at_offset_3500,5878.543535126932,18356.830190873075,5878.543535126932,,1
5m,300,btc-up-or-down-5m,btc-updown-5m,btc-updown-5m-1773641400,0x78da89f55eed8a3685426fce757594d76b388c1a69a29ac44d20819be520bbc2,Down,already_winner_assist,1,0,4.835108385459308,-2.497488950732594,-10652.675188055,10652.675188055,,5.006672275425697,10.0,60,0,0.0,0.0,0.0,truncated_http_400_at_offset_3500,996.4446393112481,21736.740534688786,996.4446393112481,,1
5m,300,btc-up-or-down-5m,btc-updown-5m,btc-updown-5m-1773643200,0x593e4d7659d17e332601d4b23fca9252bc2e90c0bbe9cf7ed6a9653eb7a99339,Up,already_winner_assist,1,0,1.6982751558353355,-0.7042539651069688,-1106.215602104,1854.835873896,,,10.0,60,0,0.0,0.0,0.0,truncated_http_400_at_offset_3500,4938.891407936733,4397.227628063265,4938.891407936733,,1
5m,300,btc-up-or-down-5m,btc-updown-5m,btc-updown-5m-1773648300,0x6fe09505286ed0268002e2f88c2b0443540088204c03a6efc0c2385461f4d4e4,Up,already_winner_assist,1,0,5.67519084760258,-0.14920807812921066,-66952.57544793599,66952.57544793599,,,10.0,60,0,0.0,0.0,0.0,truncated_http_400_at_offset_3500,348.35981597134816,15918.07572802865,348.35981597134816,,1
5m,300,btc-up-or-down-5m,btc-updown-5m,btc-updown-5m-1773654000,0xfda5c0bf46c7a65037c05fa405920c6fff9b81bd660da0576948713f769c5f59,Up,already_winner_assist,1,0,3.30748434721425,0.0,-5000.390185503999,5000.390185503999,0.16388740935452548,,10.0,60,0,0.0,0.0,0.0,truncated_http_400_at_offset_3500,1429.6232117223656,12182.33016527763,1429.6232117223656,,1
5m,300,btc-up-or-down-5m,btc-updown-5m,btc-updown-5m-1773662700,0x64d863a261536468f3bda46c4e6548a8448044d81f1105f9a417dd1ecf027a1e,Down,already_winner_assist,1,0,6.371523346843125,0.013589809274989045,2006.914928593,2045.844125377,,,10.0,60,1,0.002727359111070713,4.013829857186001,4.0165572162970715,truncated_http_400_at_offset_3500,437.028356469268,19525.89064753072,433.0117992529709,108.80670507967304,1
5m,300,btc-up-or-down-5m,btc-updown-5m,btc-updown-5m-1773663000,0x0f384bcc78b6b8aef88fe296a762e11ed213bff546ef7050905060aa634a95e3,Up,already_winner_assist,1,0,0.19640144588714956,0.09510824337210325,830.869650894,830.869650894,1.1957122858738545,,10.0,60,1,0.0079022552967721,1.661739301788,1.669641557084772,truncated_http_400_at_offset_3500,16535.804167721744,6501.343302278268,16534.13452616466,9903.804860124344,1
5m,300,btc-up-or-down-5m,btc-updown-5m,btc-updown-5m-1773664800,0xdc5c101af4bc6da399ff37166ef75c933e8ae6e9222f0224e8ef6f9e80d176de,Down,other,0,0,2.266368836146909,0.013544400237913496,8494.314998975999,8494.314998975999,-2.8447305622433046,-1.368078928095877,10.0,60,1,0.01150504020930427,16.988629997951996,17.0001350381613,truncated_http_400_at_offset_3500,6111.758002094956,4193.8560559050475,6094.757867056795,359.51232083601093,1
5m,300,btc-up-or-down-5m,btc-updown-5m,btc-updown-5m-1773672000,0xafcc9d1dfb61139d544ace82b048c1e2f5a1cc33e6a9fed5866d4bfbb90e0a1c,Down,already_winner_assist,1,0,6.020367442136754,0.013669708405732693,-624.536836485,689.571098085,,0.027339398125540013,10.0,60,0,0.0,0.0,0.0,truncated_http_400_at_offset_3500,1418.907186264076,17406.17631573591,1418.907186264076,,1
5m,300,btc-up-or-down-5m,btc-updown-5m,btc-updown-5m-1773676800,0x7806e24f5b78990ce75dc9f83e89dcb466a96a63307053a62dc6266a03a7818e,Down,already_winner_assist,1,0,0.4939998127707062,-2.0061234597444964,150.31710420000002,150.31710420000002,-2.456533025427429,2.0602929099887803,10.0,60,0,0.0,0.0,0.0,truncated_http_400_at_offset_3500,3369.1684721547003,3528.182244845298,3369.1684721547003,,1
5m,300,btc-up-or-down-5m,btc-updown-5m,btc-updown-5m-1773677400,0x5557717d60511fdddd32d0fa3ec71607b8cfae1bc728bec98f9841b25a433f3b,Up,flip,0,1,0.02196842487202277,4.542047777770921,21.463177591999994,65.073480112,,,10.0,60,1,0.009748677808564619,0.04292635518399999,0.05267503299256461,truncated_http_400_at_offset_3500,10797.21148516811,8731.076878831904,10797.158810135119,204977.78305506142,1
5m,300,btc-up-or-down-5m,btc-updown-5m,btc-updown-5m-1773680100,0x7d03bad762370cb85101b91319909794b66e8586111658a0d376e8031036e38c,Down,already_winner_assist,1,0,8.404714576861522,-0.0,-4008.489215677,4008.489215677,2.507646640998875,5.1501611918998,10.0,60,0,0.0,0.0,0.0,truncated_http_400_at_offset_3500,1233.230681045231,16189.61741795476,1233.230681045231,,1
5m,300,btc-up-or-down-5m,btc-updown-5m,btc-updown-5m-1773680700,0xc381c6dca6c4f2fa6cea0c473c5a7006ada57ddad2b7a799512b1d017b3549dc,Down,already_winner_assist,1,0,4.427296307101885,0.3525810970776678,-30.372068449999986,185.41760485,1.2068606653327343,,10.0,60,0,0.0,0.0,0.0,truncated_http_400_at_offset_3500,1116.5568535909113,23127.705761409088,1116.5568535909113,,1
5m,300,btc-up-or-down-5m,btc-updown-5m,btc-updown-5m-1773681600,0xa008220d1988563d9f29897692c3368f854144ead045a52d8f31698c77b2e2fa,Down,already_winner_assist,1,0,8.339830682062487,-0.0,164.34742755199997,164.34742755199997,,,10.0,60,0,0.0,0.0,0.0,truncated_http_400_at_offset_3500,821.4565770064771,14679.99585199355,821.4565770064771,,1
5m,300,btc-up-or-down-5m,btc-updown-5m,btc-updown-5m-1773687600,0x1e45115d74c3bd6bcb09dcdd5407be7eaa63ab9409fcf77a739e38898f046c76,Down,already_winner_assist,1,0,6.163151074476829,-0.013537670940161605,8.011383324999997,494.223855565,,,10.0,60,0,0.0,0.0,0.0,truncated_http_400_at_offset_3500,1544.1870944606444,13527.073494539356,1544.1870944606444,,1
5m,300,btc-up-or-down-5m,btc-updown-5m,btc-updown-5m-1773688200,0xce734f23df0df454759b1bf4c5e2fb373e1462b123a98583d25cb10f996114a6,Down,already_winner_assist,1,0,5.705956960905602,-0.013479605019924836,232.494755841,277.589579373,-0.013479605019989963,-0.013479605019989963,10.0,60,0,0.0,0.0,0.0,truncated_http_400_at_offset_3500,821.9903973577927,16815.579835642195,821.9903973577927,,1
5m,300,btc-up-or-down-5m,btc-updown-5m,btc-updown-5m-1773688800,0x61d6ec8eef98441ba8fa04422b12063396a99e828decb0487413759a42ed7a06,Down,other,0,0,0.7162550995995425,-0.0,-151.684670592,151.684670592,0.0,-0.013493264500861744,10.0,60,0,0.0,0.0,0.0,truncated_http_400_at_offset_3500,3834.699095653973,4958.517025346033,3834.699095653973,,1
5m,300,btc-up-or-down-5m,btc-updown-5m,btc-updown-5m-1773692100,0xb2042a092a0e04db3bfec859067b5f58e6c162283e89bb65ca024e8f16c8e4af,Down,other,0,0,0.03632453086905683,-0.013530161097585695,-2801.92788359,2801.92788359,-0.013530161097644176,0.0,10.0,60,0,0.0,0.0,0.0,truncated_http_400_at_offset_3500,4258.480696909587,12814.157223090411,4258.480696909587,,1
5m,300,btc-up-or-down-5m,btc-updown-5m,btc-updown-5m-1773697800,0x2a673ee88913aad64d110f8bc2580aafebf3679b33628236a0508bf42f53901b,Down,already_winner_assist,1,0,0.06945390490444611,-0.0,-47.279278368,47.279278368,,-3.3148823084162857,10.0,60,0,0.0,0.0,0.0,truncated_http_400_at_offset_3500,4976.318597107637,4962.725243892366,4976.318597107637,,1
5m,300,btc-up-or-down-5m,btc-updown-5m,btc-updown-5m-1773700800,0x3a35e748bae64db4f39c5ea8315fda011ecb1f519b039dfcbf721a87b3d46eed,Up,other,0,0,1.0814053974618092,0.013376700595457732,5.955882223,5.955882223,0.013376700595605126,,10.0,60,1,7.967005327888021e-06,0.011911764445999999,0.011919731451327888,truncated_http_400_at_offset_3500,7600.600015485669,4705.423480514332,7600.588095754218,637648.5952323149,1
5m,300,btc-up-or-down-5m,btc-updown-5m,btc-updown-5m-1773701700,0x7310837621712a2386f305272fa0afda1d5730098a309fdc51dd457bad240ce3,Up,already_winner_assist,1,0,5.331850931234014,2.2075985631896065,879.1712548649999,1882.2144417270001,4.884129153175975,,10.0,60,1,0.19408571990375773,1.7583425097299998,1.9524282296337576,truncated_http_400_at_offset_3500,2118.485669444281,10640.166448555703,2116.533241214647,1085.0517510913437,1
5m,300,btc-up-or-down-5m,btc-updown-5m,btc-updown-5m-1773704100,0x9fdb34a9edd2e493e3c57dd5580561c309348457826ec45e502939f9106f9bb3,Down,already_winner_assist,1,0,0.0811218511246013,-0.0,-200.00012131199998,200.00012131199998,,-0.013381300835287224,10.0,60,0,0.0,0.0,0.0,truncated_http_400_at_offset_3500,5145.921328519576,5786.430898480426,5145.921328519576,,1
5m,300,btc-up-or-down-5m,btc-updown-5m,btc-updown-5m-1773708000,0x49ae389f6be27e03176cfea0f578f96e255b3990d2fc4fc85f5341c3014f35bc,Down,other,0,0,0.36326632346157034,7.303297736748237,103399.85540215799,103612.980400854,0.0,-2.6667662417429954,10.0,60,1,75.51599299386754,206.799710804316,282.31570379818356,truncated_http_400_at_offset_3500,13710.875870069129,2807.8586809308817,13428.560166270945,48.56575700751842,1
5m,300,btc-up-or-down-5m,btc-updown-5m,btc-updown-5m-1773708600,0xbbfcd70b073bd02740f5051d71d9dec27d8722f2b3b585f3979383c6f4f8ceb8,Up,flip,0,1,0.1325628572349566,0.5865235550876974,1957.7385225100002,1970.3719578700002,,-0.49318636389562814,10.0,60,1,0.11482597581547013,3.9154770450200007,4.030303020835471,truncated_http_400_at_offset_3500,5675.702211980668,5947.154087019335,5671.671908959833,1408.2569431228796,1
5m,300,btc-up-or-down-5m,btc-updown-5m,btc-updown-5m-1773710100,0x8b5c1f75c1110e7a9af3bd801a28d72675345f1d6bfc17194a79c15bc659172d,Up,other,0,0,1.2802491831662661,-0.013186532068569807,9718.350348901999,11331.361705297999,-4.996450514835591,7.110072528101803,10.0,60,0,0.0,0.0,0.0,truncated_http_400_at_offset_3500,7640.474297223304,4307.847786776696,7640.474297223304,,1
5m,300,btc-up-or-down-5m,btc-updown-5m,btc-updown-5m-1773717900,0x9ac37ce9553923cb46513332e3aa6573985eeff7937690af55beb94b6d90883d,Up,already_winner_assist,1,0,3.689873995666539,-1.1223164623535482,-184.37087099000001,184.37087099000001,2.7528808537268294,3.3276069400999235,10.0,60,0,0.0,0.0,0.0,truncated_http_400_at_offset_3500,1170.328170632321,14088.158605367682,1170.328170632321,,1
5m,300,btc-up-or-down-5m,btc-updown-5m,btc-updown-5m-1773720000,0x1e5810a9f5d449b16981d84e62aa2c35ca31ae517c9ada46c8f52db1d0fbbf56,Up,already_winner_assist,1,0,5.673599841734875,2.6041526986068386,37330.591779181996,37330.591779181996,1.691279712165383,,10.0,60,1,9.721456132234707,74.66118355836399,84.3826396905987,truncated_http_400_at_offset_3500,6102.714930634528,12426.257643365456,6018.332290943929,72.32192490079744,1
5m,300,btc-up-or-down-5m,btc-updown-5m,btc-updown-5m-1773721500,0x9007728266ef6b97207f0217a81e2f65843a4b2ac71ea2be8371284d140e9969,Up,already_winner_assist,1,0,4.1528519741730605,0.6584556797873302,49.99989353,49.99989353,,-1.0749365125964792,10.0,60,1,0.0032922713883590284,0.09999978706000001,0.10329205844835904,truncated_http_400_at_offset_3500,3186.063216859502,14019.374510140487,3185.9599248010536,30845.190469820845,1
5m,300,btc-up-or-down-5m,btc-updown-5m,btc-updown-5m-1773723300,0x16d116c2a6f9eefd5b7d3f167f34ed7638c53e6b0a11c007b62b39860127549c,Up,already_winner_assist,1,0,0.7910552640127713,0.511807258886634,45296.20739774,45296.20739774,,,10.0,60,1,2.3182927746197786,90.59241479548,92.91070757009977,truncated_http_400_at_offset_3500,3475.5337255955073,12908.25950940449,3382.6230180254074,37.40724633889229,1
5m,300,btc-up-or-down-5m,btc-updown-5m,btc-updown-5m-1773727500,0x2208218a04f7ae95cfde2c0749f9836a1e6b2d2c08ab75b2c80d20703371e8d5,Up,flip,0,1,0.4084980113764623,1.5143955494886554,172.00560512500002,172.00560512500002,,-1.8656363361098398,10.0,60,1,0.02604845228884031,0.34401121025000003,0.3700596625388403,truncated_http_400_at_offset_3500,5776.214643441292,10019.614259558699,5775.844583778753,15608.873995649385,1
5m,300,btc-up-or-down-5m,btc-updown-5m,btc-updown-5m-1773736200,0xa7a709e73f4c6c4c07aad2134ad4fec71e7a9a71b67209eb0f9298cd6495a316,Down,already_winner_assist,1,0,6.770659734244658,0.013465429194807036,11.13963,11.13963,,0.0,10.0,60,1,1.4999989902134831e-05,0.02227926,0.022294259989902133,truncated_http_400_at_offset_3500,3828.338257965037,18350.788724034977,3828.315963705047,171718.56162523574,1
5m,300,btc-up-or-down-5m,btc-updown-5m,btc-updown-5m-1773736500,0x081941e7b65fba226ea0409a8b2b293a4f22de96161387feaa53bdd5fc243bd1,Down,already_winner_assist,1,0,6.697901889523988,0.01347615360840017,75.534113341,75.534113341,,0.013476153607646578,10.0,60,1,0.00010179093140576245,0.15106822668199998,0.15117001761340576,truncated_http_400_at_offset_3500,807.1040651767263,18559.30032582327,806.9528951591129,5339.048562134667,1
5m,300,btc-up-or-down-5m,btc-updown-5m,btc-updown-5m-1773738300,0xb88ece20072efc5f3542c44330ae09ea4d396c0b3d307082a7f9f52bdfee2d75,Up,already_winner_assist,1,0,2.4712598344765637,0.0,-7.411060000000001,7.411060000000001,-0.0,10.044092245638154,10.0,60,0,0.0,0.0,0.0,truncated_http_400_at_offset_3500,2529.3526129000848,15702.063652099934,2529.3526129000848,,1
5m,300,btc-up-or-down-5m,btc-updown-5m,btc-updown-5m-1773743400,0xf7dbefff7afa138b3605a85ef1d86f5a7e433187261001c6802164e097f2f61f,Down,already_winner_assist,1,0,4.751894826535898,-4.151421107327714,-1418.258597729,1418.258597729,-1.0987378768389136,,10.0,60,0,0.0,0.0,0.0,truncated_http_400_at_offset_3500,2791.528845855225,30765.610952144805,2791.528845855225,,1
5m,300,btc-up-or-down-5m,btc-updown-5m,btc-updown-5m-1773746100,0x68f9b6c30390d176175d1ededf1899553af2883b829c85148c741750e344fc07,Up,flip,0,1,6.934038858264619,7.720635098106268,237700.90043523902,237700.90043523902,-0.2162542068292823,0.14867748002683945,10.0,60,1,183.52019147517697,475.40180087047804,658.921992345655,truncated_http_400_at_offset_3500,3192.761266392642,3777.983089607356,2533.839274046987,4.845431330994026,1
5m,300,btc-up-or-down-5m,btc-updown-5m,btc-updown-5m-1773748800,0xa0705a93e1c771848fb155c28adda9c4f24039737f129bfd5a80aff59582e86c,Up,already_winner_assist,1,0,2.6038670354077116,0.0,-54202.277048411,54453.272764823,,,10.0,60,0,0.0,0.0,0.0,ok,3336.6618963613882,15317.246088638607,3336.6618963613882,,1
5m,300,btc-up-or-down-5m,btc-updown-5m,btc-updown-5m-1773752100,0x6e30e46f12764c4066b31e14a776c4e1e791a45f2c07a610acc28509d77a2103,Down,already_winner_assist,1,0,3.739962697628301,-0.013559864428226515,-97.307086037,97.307086037,0.0,,10.0,60,0,0.0,0.0,0.0,truncated_http_400_at_offset_3500,1194.149605015602,11377.304353984393,1194.149605015602,,1
5m,300,btc-up-or-down-5m,btc-updown-5m,btc-updown-5m-1773752400,0x52b6c75268f70ea7b07cc5e156756d3e745c087bade203bab65f90bedf6fcffb,Up,other,0,0,1.5633945799831177,0.0,137.072255627,163.920989693,,-2.7121586236603936,10.0,60,0,0.0,0.0,0.0,truncated_http_400_at_offset_3500,6827.908943698564,4610.084011301434,6827.908943698564,,1
5m,300,btc-up-or-down-5m,btc-updown-5m,btc-updown-5m-1773752700,0xc6eb489895323b625cab8614354204cd14210686181b2de80ec05efd77e4d750,Up,already_winner_assist,1,0,4.895034726272075,-0.1490820947672213,-24807.696378111,26869.968543275,-0.0,,10.0,60,0,0.0,0.0,0.0,truncated_http_400_at_offset_3500,687.056587937288,12708.306947062705,687.056587937288,,1
5m,300,btc-up-or-down-5m,btc-updown-5m,btc-updown-5m-1773753000,0x2a1b05dff962d9ac15f237f41f01026f62094d1f14dde2e07f8d9333378e7fe4,Up,already_winner_assist,1,0,6.526102303101532,0.5012005107882999,81.35129789999999,81.35129789999999,,,10.0,60,1,0.004077331206077114,0.16270259579999996,0.16677992700607708,truncated_http_400_at_offset_3500,1065.5387818754875,11400.020330124527,1065.3720019484815,6388.891043444705,1
5m,300,btc-up-or-down-5m,btc-updown-5m,btc-updown-5m-1773756900,0xdade058b23ee0de9955da40307a2489993f3a576a0497fda90efd68a85516d06,Down,already_winner_assist,1,0,5.105297400787161,-1.4926730137500703,-1176.3732418749998,1176.3732418749998,-2.4969602353123883,,10.0,60,0,0.0,0.0,0.0,truncated_http_400_at_offset_3500,807.8157371044392,25730.756493895602,807.8157371044392,,1
5m,300,btc-up-or-down-5m,btc-updown-5m,btc-updown-5m-1773761100,0xfb420e97d85a03e53b2e01b7a53d2b4dd20842a98502ce30be23f046cdc4039e,Down,flip,0,1,0.3500457665509965,1.6602517546711586,-941.3603740799999,941.3603740799999,0.0,3.6710819036538123,10.0,60,0,0.0,0.0,0.0,truncated_http_400_at_offset_3500,9455.160225104908,11426.5649068951,9455.160225104908,,1
5m,300,btc-up-or-down-5m,btc-updown-5m,btc-updown-5m-1773763200,0xe8fc4c40b0799fc694c3b9a21c4a71aae04aa58fd4c086d2136eb5d357794310,Up,already_winner_assist,1,0,5.765738662141711,0.013518290584635459,39.40885548599999,39.40885548599999,,-3.2844029676462227,10.0,60,1,5.327403600676531e-05,0.07881771097199998,0.07887098500800674,truncated_http_400_at_offset_3500,6042.332682313059,16698.638066686945,6042.253811328052,76610.33625609799,1
5m,300,btc-up-or-down-5m,btc-updown-5m,btc-updown-5m-1773765900,0x875a108bb96b4e352ea0647cb64f74ef46065841ae3c5a5d8aa1a7842dacd00d,Up,already_winner_assist,1,0,0.41383866438905154,-1.9688012491318834,100786.649042118,100786.649042118,-0.9979340077221757,,10.0,60,0,0.0,0.0,0.0,truncated_http_400_at_offset_3500,10517.068564003137,9660.878954996855,10517.068564003137,,1
5m,300,btc-up-or-down-5m,btc-updown-5m,btc-updown-5m-1773770100,0x9620c5eb1acc338bd17ffd9d6ed93a14830f5f57da3e144926c1509ece394a4c,Up,other,0,0,1.0784227212578859,0.01341814495672026,53753.721307602,53753.721307602,,0.32204044830764006,10.0,60,1,0.07212752244685462,107.507442615204,107.57957013765085,ok,2557.1105132717425,4608.397502728257,2449.5309431340916,23.769480673699043,1
5m,300,btc-up-or-down-5m,btc-updown-5m,btc-updown-5m-1773770400,0x2b334c8e27c113072dda3ccd57e2b029e0ff9eb5c20cfd91306516df324def6b,Up,already_winner_assist,1,0,4.720337587613872,0.0,108.245119367,111.75467063299999,-0.013409112698348706,,10.0,60,0,0.0,0.0,0.0,ok,1196.1881024566458,4657.208376543353,1196.1881024566458,,1
5m,300,btc-up-or-down-5m,btc-updown-5m,btc-updown-5m-1773771000,0x9c9a9163cd75a902c60436944f50a6f9167f1df2fd28c0d1ddf991a1e4c86545,Down,already_winner_assist,1,0,1.6573626734020828,0.013398817823288108,-231.903581245,427.50279596499996,-2.747136797217346,,10.0,60,0,0.0,0.0,0.0,ok,833.0804061905343,3308.9985888094684,833.0804061905343,,1
5m,300,btc-up-or-down-5m,btc-updown-5m,btc-updown-5m-1773771900,0x369503f75905aed463c8216b0db9cdce80f45daacb0b8ef79893f103cb7ab6de,Down,already_winner_assist,1,0,6.181547954576242,0.6850948220932331,-10.378513077999997,327.375248938,,6.64746759329964,10.0,60,0,0.0,0.0,0.0,ok,7038.8020746361135,10033.700444363887,7038.8020746361135,,1
5m,300,btc-up-or-down-5m,btc-updown-5m,btc-updown-5m-1773774000,0x5a8f6fb58fbc41595923b86b8f04f6955eb440cbf2b7e28091ddeb3e7843d953,Down,already_winner_assist,1,0,0.5199711688385814,-0.0,-23.051901699,23.051901699,-0.013387624613037254,,10.0,60,0,0.0,0.0,0.0,truncated_http_400_at_offset_3500,2800.2733554447414,7026.354519555262,2800.2733554447414,,1
5m,300,btc-up-or-down-5m,btc-updown-5m,btc-updown-5m-1773774600,0xd86fbdfe2bffe9fddee707c919a27208dceabbe7d5f01d7adc11f7cf1d23461c,Up,already_winner_assist,1,0,1.5755642471526943,-3.383246277100572,-19784.185954421002,19894.155635853,,,10.0,60,0,0.0,0.0,0.0,truncated_http_400_at_offset_3500,4792.289956115563,2934.5136068844313,4792.289956115563,,1
5m,300,btc-up-or-down-5m,btc-updown-5m,btc-updown-5m-1773777600,0x660977366c83c0fa1bc987d4cd138e965992422f86745e6eabde1540fd60ab0f,Down,already_winner_assist,1,0,8.914464310655847,0.46993774676155914,-1951.593342481,2803.036637481,,-3.1290057067569754,10.0,60,0,0.0,0.0,0.0,truncated_http_400_at_offset_3500,3352.882095396823,2041.6171376031782,3352.882095396823,,1
5m,300,btc-up-or-down-5m,btc-updown-5m,btc-updown-5m-1773777900,0x5d1e18f24fe3bb3528592678882377d6ea2b6432372ee08c5e6b6a685418a766,Up,already_winner_assist,1,0,1.598871325456738,-1.9201009790401264,33507.559894043996,33659.67825846,,-0.18799819522278724,10.0,60,0,0.0,0.0,0.0,ok,1914.2707652606123,11324.728611739383,1914.2707652606123,,1
5m,300,btc-up-or-down-5m,btc-updown-5m,btc-updown-5m-1773791700,0xf7d93931e93869e1d2f7f90ef77964dda59ae6f070896366d66809b1884b5a8d,Down,already_winner_assist,1,0,7.3176229534564685,-0.0,114.75036899499986,1097.411664395,0.013526317819315728,,10.0,60,0,0.0,0.0,0.0,ok,207.31861747817067,6900.853330521825,207.31861747817067,,1
5m,300,btc-up-or-down-5m,btc-updown-5m,btc-updown-5m-1773798000,0x6393dd9add712e6907ae43e0a7c16ec4e18d03d603461aff224497f32c361061,Down,other,0,0,0.6403580612654148,4.905647252969847,42469.840723502,42539.405635822,-0.013480368203868984,,10.0,60,1,20.83420574793145,84.93968144700399,105.77388719493544,truncated_http_400_at_offset_3500,4229.9781073922895,3198.6857816077136,4124.2042201973545,39.99075971933104,1
5m,300,btc-up-or-down-5m,btc-updown-5m,btc-updown-5m-1773804600,0xd3460882101a1e0d23bcdb2ad5a2b544598eb63518591b6d1c9fb2939684e9b7,Up,already_winner_assist,1,0,6.780764121177733,0.0,6.398493462,6.398493462,,-0.4155376219634104,10.0,60,0,0.0,0.0,0.0,truncated_http_400_at_offset_3500,3328.859916767038,19620.030493232953,3328.859916767038,,1
5m,300,btc-up-or-down-5m,btc-updown-5m,btc-updown-5m-1773821400,0x621a5438dac29f33c4b531453a569b9427ea10cf80cc41ea2314e8c69df611c6,Up,already_winner_assist,1,0,7.9507701294438,0.0,-9.370899879,9.370899879,,,10.0,60,0,0.0,0.0,0.0,truncated_http_400_at_offset_3500,284.9371308908435,15316.958880109161,284.9371308908435,,1
5m,300,btc-up-or-down-5m,btc-updown-5m,btc-updown-5m-1773829500,0x2ae49df2a93b54dddec1b4695306b368908c4c4912c7c19b3ab9608802d6ea3d,Up,already_winner_assist,1,0,2.1036788664949833,-0.9567256812015004,-25.86887394,25.86887394,,,10.0,60,0,0.0,0.0,0.0,truncated_http_400_at_offset_3500,964.7910261549617,3729.9656718450383,964.7910261549617,,1
5m,300,btc-up-or-down-5m,btc-updown-5m,btc-updown-5m-1773834900,0xffcdaa669cb23895322f0a71f9d315703c1fe42c1e2cb1dd279ca6f21fe27fce,Down,already_winner_assist,1,0,6.007389126833193,-0.0,-9.852394499999999,9.852394499999999,-6.373578239662144,-11.05011875467957,10.0,60,0,0.0,0.0,0.0,truncated_http_400_at_offset_3500,170.43362536677705,9971.989519633216,170.43362536677705,,1
5m,300,btc-up-or-down-5m,btc-updown-5m,btc-updown-5m-1773835200,0xbba07adefd89eed84ab45c4fba191ae71a6bb2b0bbb304119376d6395f82da9c,Down,already_winner_assist,1,0,2.7150260175142713,-5.416542527157622,-18957.471812984,18957.471812984,-1.4943984080241326,,10.0,60,0,0.0,0.0,0.0,truncated_http_400_at_offset_3500,591.0042418342773,12659.177318165703,591.0042418342773,,1
5m,300,btc-up-or-down-5m,btc-updown-5m,btc-updown-5m-1773838800,0x1f1a74a8e08c151b22a980ea96b77c7ddc001bdc6f84d8a55fc42e4b7ef6d939,Down,other,0,0,2.7632591536413535,0.013812469481686197,136.834931102,177.15649599800003,,1.0773153312402595,10.0,60,1,0.00018900283098750086,0.273669862204,0.2738588650349875,truncated_http_400_at_offset_3500,8587.836943252858,7162.2852457471345,8587.563084387823,31358.623143916477,1
5m,300,btc-up-or-down-5m,btc-updown-5m,btc-updown-5m-1773844200,0xf99b4025c3699534ca385e2a1271525a02fba53efe127e29740ebcd42731230d,Up,already_winner_assist,1,0,8.789770879662429,0.850628873225295,6426.994149948,6426.994149948,-5.562165707742156,-7.722072686855361,10.0,60,1,0.5466986791995829,12.853988299896,13.400686979095584,truncated_http_400_at_offset_3500,738.2154032909287,23515.77437670907,724.8147163118332,55.08787754258484,1
5m,300,btc-up-or-down-5m,btc-updown-5m,btc-updown-5m-1773846300,0xb35601214850fcef828d6b4132628938407ac296ade5f7db14ab9dbb4b6519e7,Up,already_winner_assist,1,0,6.434196341909919,-0.014014051890919949,-179.493286967,179.493286967,0.967017012544256,11.329777631144523,10.0,60,0,0.0,0.0,0.0,truncated_http_400_at_offset_3500,1018.1462768247053,25856.878808175272,1018.1462768247053,,1
5m,300,btc-up-or-down-5m,btc-updown-5m,btc-updown-5m-1773847200,0x288dfe793be4d838fad6d5bf568bccab215b01520e1f7f6b3de0088e942cd799,Up,already_winner_assist,1,0,7.549729054611965,0.8558802839150148,-81008.158871639,81207.13645162899,3.1292294843533415,,10.0,60,0,0.0,0.0,0.0,truncated_http_400_at_offset_3500,2267.6005053303693,25963.35909866963,2267.6005053303693,,1
5m,300,btc-up-or-down-5m,btc-updown-5m,btc-updown-5m-1773847500,0x3a3d99db1fd5783cc8d84c6ef5536a5a64f53655570582e1313f11a99c6d2697,Up,already_winner_assist,1,0,5.728733920516398,2.4539068774347403,-177.442898082,466.533442622,,,10.0,60,0,0.0,0.0,0.0,truncated_http_400_at_offset_3500,2450.2141349342446,28785.9969240658,2450.2141349342446,,1
5m,300,btc-up-or-down-5m,btc-updown-5m,btc-updown-5m-1773848100,0xabc7fb1301a8b167339a4a168f090802a19c14b120f9169b42cb7a6ee9e8704b,Down,already_winner_assist,1,0,5.858291652062963,-0.0,-990.099346296,990.099346296,,,10.0,60,0,0.0,0.0,0.0,truncated_http_400_at_offset_3500,1690.8565942603716,17388.99421873964,1690.8565942603716,,1
5m,300,btc-up-or-down-5m,btc-updown-5m,btc-updown-5m-1773854100,0xd118f8ba8cde31d372d193f45dbf55752c3167453d01ab55224ab88b631985c4,Up,already_winner_assist,1,0,8.332212642178385,0.0,2624.434229,2624.434229,-0.40643883206270853,-5.030269295529854,10.0,60,0,0.0,0.0,0.0,truncated_http_400_at_offset_3500,2565.878673741683,19810.35852925831,2565.878673741683,,1
5m,300,btc-up-or-down-5m,btc-updown-5m,btc-updown-5m-1773857100,0xc1e0ff1b7e34ab508ad36586fcff655abd014a19907226ef1f56c09e053a7227,Down,already_winner_assist,1,0,9.93479873830562,3.8673418767009946,36172.080431893,36373.700498227,0.0,4.159418464767937,10.0,60,1,13.988980142165643,72.344160863786,86.33314100595165,truncated_http_400_at_offset_3500,3074.8315238113014,18946.677146188664,2988.4983828053496,35.61588849870907,1
5m,300,btc-up-or-down-5m,btc-updown-5m,btc-updown-5m-1773858000,0xd1f6ecb479df1ed23a3fc86db7c2e6317f604ba52a78752ffdb2b652856e9f52,Down,already_winner_assist,1,0,1.0957182910843561,-0.6839749556147912,12.049503922000007,81.04562627800001,0.0,-4.467620298668439,10.0,60,0,0.0,0.0,0.0,truncated_http_400_at_offset_3500,1417.8335854620907,17538.8883235379,1417.8335854620907,,1
5m,300,btc-up-or-down-5m,btc-updown-5m,btc-updown-5m-1773859200,0x48804cdf538562ee2ef958cac8e74eccf06a4e00cba4e4f86131a9d1e478a534,Up,already_winner_assist,1,0,9.766185554836271,0.0,-67.65326857800001,67.65326857800001,,7.427750808176954,10.0,60,0,0.0,0.0,0.0,truncated_http_400_at_offset_3500,761.0270911488253,17656.43723685117,761.0270911488253,,1
5m,300,btc-up-or-down-5m,btc-updown-5m,btc-updown-5m-1773862500,0x084f03dd270b3420cefa7321499a71044ad8df3acab7aa8857295a38330e103f,Down,already_winner_assist,1,0,5.704195261643325,2.1085836300221974,-52404.15931445801,82565.853976058,0.8716018078602213,3.387574381569057,10.0,60,0,0.0,0.0,0.0,truncated_http_400_at_offset_3500,1489.3089795751287,14940.70473942488,1489.3089795751287,,1
5m,300,btc-up-or-down-5m,btc-updown-5m,btc-updown-5m-1773864900,0x4c3118eed588f6714aad234175a7ce26b135715d5c78546b1a50553958b265af,Up,already_winner_assist,1,0,6.832421363727921,-1.1016093393704829,-1133.57345952,1608.069460512,-0.6779278009474792,-1.6947333377671492,10.0,60,0,0.0,0.0,0.0,truncated_http_400_at_offset_3500,199.5799696134223,13001.739406386574,199.5799696134223,,1
5m,300,btc-up-or-down-5m,btc-updown-5m,btc-updown-5m-1773867300,0x8b55652d065143c97713e60b46b1227fcf1bbe92732b89f3f5d51f6049f489d3,Down,already_winner_assist,1,0,1.7122696279169656,0.01403624016772454,-516.5369294639999,649.4755703,,,10.0,60,0,0.0,0.0,0.0,ok,877.3335583710175,13928.976242628976,877.3335583710175,,1
5m,300,btc-up-or-down-5m,btc-updown-5m,btc-updown-5m-1773867900,0x8679b463c784eafd6af11ac96583ce77727e2bcbc6678fa704066ec479f546b5,Up,already_winner_assist,1,0,8.266509807066923,0.0,91701.391866156,91701.391866156,-0.0,,10.0,60,0,0.0,0.0,0.0,truncated_http_400_at_offset_3500,440.5471137133413,15310.94660328665,440.5471137133413,,1
5m,300,btc-up-or-down-5m,btc-updown-5m,btc-updown-5m-1773875400,0xfe861bb96cc68d969c2ef0ca073c8f1fe4efd1d02583a6e9448d1bd6bd35d342,Down,already_winner_assist,1,0,9.521814978911506,0.014051308353379869,5514.38653388,5514.38653388,-0.14051416945102888,-1.7706228422869228,10.0,60,1,0.007748434556727351,11.02877306776,11.036521502316727,truncated_http_400_at_offset_3500,324.2505673240251,12523.871224675966,313.2140458217084,29.37977942198184,1
5m,300,btc-up-or-down-5m,btc-updown-5m,btc-updown-5m-1773877200,0x9ae7c18afe43ea372aae92e6733319e8436dd00e3dcb89894caa318eded7d865,Down,already_winner_assist,1,0,5.818145668753413,1.584916090427295,66.17476188,66.17476188,-1.8797836340221494,-5.205340993702756,10.0,60,1,0.010488144488380681,0.13234952376,0.14283766824838068,truncated_http_400_at_offset_3500,957.6739131739773,14412.361874826034,957.531075505729,6704.631382729354,1
5m,300,btc-up-or-down-5m,btc-updown-5m,btc-updown-5m-1773882900,0xdb7af68b0c40a995db13a8c748df69065b2ad3f12db488e1d0bc3d6e336e24be,Down,other,0,0,0.11387436144818326,-0.0,-333.68752754999997,333.68752754999997,,-0.014083544996564078,10.0,60,0,0.0,0.0,0.0,truncated_http_400_at_offset_3500,15149.261946075185,7323.913520924802,15149.261946075185,,1
5m,300,btc-up-or-down-5m,btc-updown-5m,btc-updown-5m-1773888000,0xd8232bfb55effc0c6f75dede32f0b98be01058739e7b8e4cd3863df3d06e669a,Down,other,0,0,0.5002125456820457,2.7236403727623606,184193.35303541,184242.66005623998,,,10.0,60,1,50.16764527217132,368.38670607081997,418.5543513429913,truncated_http_400_at_offset_3500,10245.215985685263,4932.360578314747,9826.661634342272,24.477623880416072,1
5m,300,btc-up-or-down-5m,btc-updown-5m,btc-updown-5m-1773889800,0x14aa5fab3d7280fa3b3b9928a6dffdd3f3f00604c8ab8262daf7a7c47bd8bcea,Down,flip,0,1,0.3252389864187926,0.8988599933289589,312622.307236258,312642.10030805797,0.0,,10.0,60,1,28.100368499686663,625.244614472516,653.3449829722026,truncated_http_400_at_offset_3500,11572.787822870194,3617.9570301298145,10919.44283989799,17.71313490496731,1
5m,300,btc-up-or-down-5m,btc-updown-5m,btc-updown-5m-1773895500,0xec87057bf9881001ee5e2d5c51c2ca1a1b35b5f3d9a92c91c9d193c7cf30107c,Down,already_winner_assist,1,0,2.1998105331079234,-0.0,-1032.879982916,1032.879982916,,,10.0,60,0,0.0,0.0,0.0,truncated_http_400_at_offset_3500,2133.3091249449267,5802.453649055075,2133.3091249449267,,1
5m,300,btc-up-or-down-5m,btc-updown-5m,btc-updown-5m-1773897000,0xc8ea45dd3561960db9cc6ae9729326922414ec433adbdfeebc85b853a16b237a,Down,already_winner_assist,1,0,1.4511378210105563,0.5507350549191694,3338.7492184220005,3505.1346429620003,0.0,,10.0,60,1,0.18387662341689742,6.677498436844001,6.861375060260898,truncated_http_400_at_offset_3500,2819.7922050393277,4564.7790119606725,2812.930829979067,410.96604984775564,1
5m,300,btc-up-or-down-5m,btc-updown-5m,btc-updown-5m-1773899400,0xeb5ff24c1b49a98979b5291715a17ce3e26098a41e47300f024822f0ad3efd5e,Up,already_winner_assist,1,0,0.9619651740361542,0.9317585679116989,50.7193636,50.7193636,,,10.0,60,1,0.0047258201593328745,0.10143872720000001,0.10616454735933288,truncated_http_400_at_offset_3500,5982.39696342558,9647.00457257443,5982.290798878221,56350.232843522506,1
5m,300,btc-up-or-down-5m,btc-updown-5m,btc-updown-5m-1773899700,0xa91486b8ee83418693930d8e8c18dd713739cddc2d168b49f0f77ee149ff976b,Down,already_winner_assist,1,0,2.6069356975073528,-3.1493861428889782,-89060.29349030502,89566.842640735,1.8072714486172021,,10.0,60,0,0.0,0.0,0.0,truncated_http_400_at_offset_3500,1898.150985423074,15481.640987576924,1898.150985423074,,1
5m,300,btc-up-or-down-5m,btc-updown-5m,btc-updown-5m-1773902100,0x7a9d09951d44de7bb4a635311a5af4e7ff3040d8d7f1c57558f74ef7907d086d,Up,already_winner_assist,1,0,8.657270815724825,1.4286492287305652,-54.182571632,54.182571632,-0.014144021498900917,,10.0,60,0,0.0,0.0,0.0,truncated_http_400_at_offset_3500,4742.063930057724,18459.897754942245,4742.063930057724,,1
5m,300,btc-up-or-down-5m,btc-updown-5m,btc-updown-5m-1773915900,0x2d16d213fd0751201297b126595d7bc6dbf1ef8dabc4f9c8693758e9d18a7efb,Down,already_winner_assist,1,0,3.912824866236432,-0.0,-234.19917183799998,234.19917183799998,0.0,,10.0,60,0,0.0,0.0,0.0,truncated_http_400_at_offset_3500,1718.1001541552196,17946.63531084476,1718.1001541552196,,1
5m,300,btc-up-or-down-5m,btc-updown-5m,btc-updown-5m-1773918900,0x7d625358a34f97561d3eb481b0ae0a889907273c18ea0e49623fd7ea297a2851,Up,already_winner_assist,1,0,6.61197727349647,1.2397303673566762,6.969665178999999,6.969665178999999,,,10.0,60,1,0.0008640505572714703,0.013939330357999997,0.014803380915271468,truncated_http_400_at_offset_3500,2884.208371860923,18111.70530613905,2884.193568480008,194834.43602302464,1
5m,300,btc-up-or-down-5m,btc-updown-5m,btc-updown-5m-1773919800,0x417226956d2d119db64fa3c5f99173dedd238479d93098e75a96a305f5c6eaed,Down,already_winner_assist,1,0,6.049985873862303,-0.0,-16682.719397333,16682.719397333,0.0,-5.246761884585199,10.0,60,0,0.0,0.0,0.0,truncated_http_400_at_offset_3500,1473.6413693435334,18570.896623656474,1473.6413693435334,,1
5m,300,btc-up-or-down-5m,btc-updown-5m,btc-updown-5m-1773920700,0xd78550f1a51e1e499fa36a93029c877e400a43bee3283bf8731a03d3c0d6f808,Down,already_winner_assist,1,0,2.656344694964399,-0.4142522782684021,-362.97480511000003,362.97480511000003,,-0.5142467785721179,10.0,60,0,0.0,0.0,0.0,truncated_http_400_at_offset_3500,2242.494000431979,15665.110561568046,2242.494000431979,,1
5m,300,btc-up-or-down-5m,btc-updown-5m,btc-updown-5m-1773925500,0x110b8e5ff98372a00b2db55470f05fac8e16be62b0b7ed43bc12c2871fac6ba6,Down,already_winner_assist,1,0,1.4390380883720852,0.4898309651936877,63137.997427596,63737.996902396,-6.413235985490392,-8.460572724746255,10.0,60,1,3.0926946220355918,126.275994855192,129.36868947722758,truncated_http_400_at_offset_3500,5535.151111722147,9235.390431277847,5405.78242224492,42.78586367450592,1
5m,300,btc-up-or-down-5m,btc-updown-5m,btc-updown-5m-1773931500,0xbf0942b4f1f8b917b56ea2357abf8b5df8afd7cba2228cf7177dd041206c0cf3,Up,already_winner_assist,1,0,2.213436224712535,0.01443069119475701,8003.393723856,8003.393723856,-1.803672426233413,-12.373865324994995,10.0,60,1,0.01154945033390223,16.006787447712,16.018336898045902,truncated_http_400_at_offset_3500,14714.15578080936,7556.058109190614,14698.137443911315,918.581989782245,1
5m,300,btc-up-or-down-5m,btc-updown-5m,btc-updown-5m-1773932100,0x1652b986ed6d16c3f2ea14e308276b8f21fb8284641332114ea3fe707163e718,Down,other,0,0,2.1726021859820404,0.8919387445420529,-1297.635740369,1642.773380015,-7.469512432717966,,10.0,60,0,0.0,0.0,0.0,truncated_http_400_at_offset_3500,11347.783832912331,1459.9842890876548,11347.783832912331,,1
5m,300,btc-up-or-down-5m,btc-updown-5m,btc-updown-5m-1773933000,0x9d627235b097b02403ebc3f2d467d6ca528d75e7a810143c0211fc8d4a4a89b8,Down,already_winner_assist,1,0,0.277950484920692,0.014344413676538501,23.519243494999998,23.519243494999998,,,10.0,60,1,3.373697580515171e-05,0.047038486989999996,0.04707222396580515,truncated_http_400_at_offset_3500,6456.284496156913,15880.275972843081,6456.2374239329465,137156.98881886218,1
5m,300,btc-up-or-down-5m,btc-updown-5m,btc-updown-5m-1773937500,0xb2a3cb0c355474b9ad215bb17c684637cfde8ab430fcf0887e5d12ad5e199c10,Up,already_winner_assist,1,0,9.388982764131907,3.2648928664448773,-51359.63682279999,51359.63682279999,4.588412971495576,8.963029902530348,10.0,60,0,0.0,0.0,0.0,truncated_http_400_at_offset_3500,949.4140162487906,18660.535598751227,949.4140162487906,,1
5m,300,btc-up-or-down-5m,btc-updown-5m,btc-updown-5m-1773938400,0xb72fcb0af9676c53402358e48f9ae165c1c0ff5f0037db6e6ec79b027b6e4fc0,Up,already_winner_assist,1,0,9.687276010135236,-0.014384442938433816,-378.92159631000004,378.92159631000004,-0.28768492748834457,,10.0,60,0,0.0,0.0,0.0,truncated_http_400_at_offset_3500,432.24292238966007,14011.045532610327,432.24292238966007,,1
5m,300,btc-up-or-down-5m,btc-updown-5m,btc-updown-5m-1773953100,0x5463890b4169e6aac06d2da974507f9831e4e4fada1dafe092a41e07805e36d8,Down,already_winner_assist,1,0,8.509157421039548,-0.0,-201.337499316,201.337499316,0.0,,10.0,60,0,0.0,0.0,0.0,truncated_http_400_at_offset_3500,293.1482373619092,15572.292234638075,293.1482373619092,,1
5m,300,btc-up-or-down-5m,btc-updown-5m,btc-updown-5m-1773954900,0x0346afcb09c8b56e89d9ce6d53c526d27a541d1a99aaf16e65537c88983a531b,Down,already_winner_assist,1,0,8.272950488752702,1.6423151016651083,25476.331445292002,144459.440389774,,-5.410220917127771,10.0,60,1,4.184016386762873,50.952662890584,55.13667927734687,ok,456.78407285886067,16116.474568141137,401.6473935815138,8.28457714257979,1
5m,300,btc-up-or-down-5m,btc-updown-5m,btc-updown-5m-1773958500,0x832ecb47394903838f2ef408ec8f255654c7d139ec36d110df946e2da6e43171,Down,already_winner_assist,1,0,0.3214170193308466,-0.0,-2.116089696,2.116089696,-0.014196005668705018,-1.874047009990427,10.0,60,0,0.0,0.0,0.0,truncated_http_400_at_offset_3500,2995.0207800975486,12690.440348902452,2995.0207800975486,,1
5m,300,btc-up-or-down-5m,btc-updown-5m,btc-updown-5m-1773960300,0x3398d5d4e9d59f34dcd7cffd30757fa5202ecb2ad69f1640fe4029cd29a30ef3,Up,already_winner_assist,1,0,3.1242005453821515,3.010907069196734,-11.640552522000007,412.449763338,-1.9829933420712216,,10.0,60,0,0.0,0.0,0.0,truncated_http_400_at_offset_3500,7382.108352637881,15295.73881336216,7382.108352637881,,1
5m,300,btc-up-or-down-5m,btc-updown-5m,btc-updown-5m-1773967500,0x3ffedb934baea60692c61422325e2d5dd379e4d643d93e838395daae68f8fd3d,Up,already_winner_assist,1,0,2.6826262293967864,0.0,20.082346991,20.082346991,,,10.0,60,0,0.0,0.0,0.0,ok,0.0,0.0,0.0,,0
5m,300,btc-up-or-down-5m,btc-updown-5m,btc-updown-5m-1773968100,0xa49422700abd0802c61e822da523eb1b04c7cd169d4e80d2eb20e05e758c50fa,Up,already_winner_assist,1,0,0.8073339560543449,-2.948913304087471,-8003.680710016,11895.471245116,,,10.0,60,0,0.0,0.0,0.0,truncated_http_400_at_offset_3500,2246.245252599074,11797.072920400919,2246.245252599074,,1
5m,300,btc-up-or-down-5m,btc-updown-5m,btc-updown-5m-1773969600,0xfa5592010a2f5febfc72aac3dafddb96e73eea3f10ddd444934f2c99dba704f0,Down,already_winner_assist,1,0,4.789615030351965,-1.350194181293185,-19.5853941,19.5853941,,0.0,10.0,60,0,0.0,0.0,0.0,ok,0.0,0.0,0.0,,0
5m,300,btc-up-or-down-5m,btc-updown-5m,btc-updown-5m-1773972600,0xa4a8cbca5d7abf455439546fba33a08deff35cca26e991df47726cb39a999a37,Down,already_winner_assist,1,0,4.064234913447538,-0.0,-360.9462108,360.9462108,,-8.786759573539568,10.0,60,0,0.0,0.0,0.0,ok,0.0,0.0,0.0,,0
5m,300,btc-up-or-down-5m,btc-updown-5m,btc-updown-5m-1773973500,0xe9a20af9a826c3114309f2d67210b3f604a9ce279e772096d9b992fc616ce690,Up,other,0,0,1.2964180828930572,1.5379094714282446,-32693.446906321,32713.250559107004,-2.8615908504766914,,10.0,60,0,0.0,0.0,0.0,ok,436.1542002560095,269.9043617439905,436.1542002560095,,1
5m,300,btc-up-or-down-5m,btc-updown-5m,btc-updown-5m-1773978300,0xe4f475aae2dc3bafb98f96193eb33d6381f425d9b1d311a20aca0567747efa81,Up,already_winner_assist,1,0,4.645346227002054,-2.68929069456096,-1.7208171960000003,1.7208171960000003,,-16.36516890592859,10.0,60,0,0.0,0.0,0.0,truncated_http_400_at_offset_3500,190.182181128065,9403.492527871926,190.182181128065,,1
5m,300,btc-up-or-down-5m,btc-updown-5m,btc-updown-5m-1773980700,0xe47f9f2e4f8515cee130de89278b33b07a02465d9b8b0374912f1226de84805c,Up,already_winner_assist,1,0,2.4350074503320216,0.01410438230300727,200.398141,200.398141,-0.0,,10.0,60,1,0.0002826491993475956,0.400796282,0.4010789311993476,ok,1281.8533171619638,14710.89111583804,1281.4522382307644,3196.012598639459,1
5m,300,btc-up-or-down-5m,btc-updown-5m,btc-updown-5m-1773982500,0xa56e5e37fe50b373346f2094c333a4de44e49a5e39ebc82c1441374af9260950,Up,already_winner_assist,1,0,4.857572419912427,0.0,867.722224838,867.722224838,,1.8935459813771611,10.0,60,0,0.0,0.0,0.0,truncated_http_400_at_offset_3500,1208.8802559959083,21227.87183600409,1208.8802559959083,,1
5m,300,btc-up-or-down-5m,btc-updown-5m,btc-updown-5m-1773983700,0xd641bf4ff14d862df935881b1018afd3c4e014509b3c821e78040522a670b89c,Down,already_winner_assist,1,0,5.592631164985915,0.014123565662056355,438.4909430160001,438.4909430160001,,2.7819574003317125,10.0,60,1,0.0006193055625903489,0.8769818860320001,0.8776011915945905,truncated_http_400_at_offset_3500,3218.5395387111375,9137.032940288864,3217.661937519543,3667.42840545042,1
5m,300,btc-up-or-down-5m,btc-updown-5m,btc-updown-5m-1774004400,0xe30888bd027ab92ca03ebf50980050391ea30a88504c9aa0d81ee6f0fbda7e3e,Up,already_winner_assist,1,0,2.9047998108524253,2.2089559091593824,446.69126617,446.69126617,,,10.0,60,1,0.0986721311976108,0.89338253234,0.9920546635376107,truncated_http_400_at_offset_3500,3603.3206042782613,13940.605965721725,3602.3285496147237,3632.179492437467,1
5m,300,btc-up-or-down-5m,btc-updown-5m,btc-updown-5m-1774007400,0x291bd7e84a9cd33966d18f3be81d37d850b503f88b559e8d84d7b3adc64d273c,Up,already_winner_assist,1,0,8.453622458278028,0.0,9.11924416,9.11924416,,,10.0,60,0,0.0,0.0,0.0,truncated_http_400_at_offset_3500,70.81573449982352,3988.2340375001772,70.81573449982352,,1
5m,300,btc-up-or-down-5m,btc-updown-5m,btc-updown-5m-1774008000,0xa8c82a0ff9efb9ce8d32b2b1ae2256e35a927942a4c1e66654f56ee726f96d91,Up,already_winner_assist,1,0,3.4666019227072664,-1.886429837851543,-6047.818888351,6047.818888351,,,10.0,60,0,0.0,0.0,0.0,truncated_http_400_at_offset_3500,4193.769007294387,21460.83687970557,4193.769007294387,,1
5m,300,btc-up-or-down-5m,btc-updown-5m,btc-updown-5m-1774011000,0xc1c0c0f99726f81400009961ab0bc15acb56236f12301bca4c12fb8d9d7316fe,Down,already_winner_assist,1,0,3.1887484319569115,-0.0,-61.93600034799999,61.93600034799999,,-1.223147643978133,10.0,60,0,0.0,0.0,0.0,truncated_http_400_at_offset_3500,3244.0383784949263,15562.54778150507,3244.0383784949263,,1
5m,300,btc-up-or-down-5m,btc-updown-5m,btc-updown-5m-1774015200,0x8ab33fb585243c0cc7324f791ef0b9c805ae9c61b44da33dc1af5f02a6d11bc9,Up,already_winner_assist,1,0,5.865095392717354,2.3037666686771523,-82419.07265846801,93504.15003846801,-1.788272797912879,,10.0,60,0,0.0,0.0,0.0,truncated_http_400_at_offset_3500,2870.261460409292,22196.250441590702,2870.261460409292,,1
5m,300,btc-up-or-down-5m,btc-updown-5m,btc-updown-5m-1774015500,0xfaa152b39b352009d6bc650b6c258779c0df8092859aad6112db46efcae0cc6a,Down,already_winner_assist,1,0,2.7866857005751178,-0.0,-9.8523558,9.8523558,-1.345638772459837,17.062446528677153,10.0,60,0,0.0,0.0,0.0,truncated_http_400_at_offset_3500,1796.9885625761776,27237.816233423782,1796.9885625761776,,1
5m,300,btc-up-or-down-5m,btc-updown-5m,btc-updown-5m-1774020300,0x56e4caeae74621db4bee94861359eb56cb05d216bdce518bc8cdf30a72bdf0e2,Up,already_winner_assist,1,0,2.534041884162601,2.449809364076288,9270.447583561001,9504.099783495001,3.1375830409563092,1.2606456527981147,10.0,60,1,2.2710829299386135,18.540895167122002,20.811978097060617,truncated_http_400_at_offset_3500,10557.743892238524,9486.54481476147,10536.931914141463,507.29170687190225,1
5m,300,btc-up-or-down-5m,btc-updown-5m,btc-updown-5m-1774023000,0x91000a2216eaa4d61385753dbd1a9b35555adcf97456c942416fbdecf84a8260,Up,already_winner_assist,1,0,7.646589597450068,-0.01428576530746564,14170.672812252,14310.677812228,,8.689525809996272,10.0,60,0,0.0,0.0,0.0,truncated_http_400_at_offset_3500,1120.6429549350796,18238.228946064934,1120.6429549350796,,1
5m,300,btc-up-or-down-5m,btc-updown-5m,btc-updown-5m-1774023600,0x191a928b954f7aa27c9e9485eabadf381671cf77ee00e9412735ed83e9526fce,Down,already_winner_assist,1,0,7.595241410473245,0.34281551529111637,264.66546431300003,303.880697671,-2.5143396062385697,,10.0,60,1,0.009073142752822368,0.5293309286260001,0.5384040713788224,truncated_http_400_at_offset_3500,805.7870041910528,19425.19763480895,805.2486001196739,1496.6213054954762,1
5m,300,btc-up-or-down-5m,btc-updown-5m,btc-updown-5m-1774027200,0xc0ad3e2ad1d067f6e2ead9cc695d1a57596d6b240cefdcab77d9a27360c182f6,Down,already_winner_assist,1,0,9.176616517057898,2.953273782772987,-3016.0729713120004,3351.729219312,,,10.0,60,0,0.0,0.0,0.0,truncated_http_400_at_offset_3500,2274.1823253542593,15920.252257645743,2274.1823253542593,,1
5m,300,btc-up-or-down-5m,btc-updown-5m,btc-updown-5m-1774032900,0xd0a8195b45cae6b4c3c8e28387933c15f78d807cf7065ea3b05ba35e64cec6df,Down,already_winner_assist,1,0,6.9943296710829195,-0.0,-10.543198376000001,10.543198376000001,8.326448849554168,12.164885106313008,10.0,60,0,0.0,0.0,0.0,truncated_http_400_at_offset_3500,1153.0996082453407,19202.442615754648,1153.0996082453407,,1
5m,300,btc-up-or-down-5m,btc-updown-5m,btc-updown-5m-1774036500,0x122810dd65dcbc9cab8a981e81235482a6e720d5450c8eba76b7b6c905e35cbc,Up,already_winner_assist,1,0,4.114049152793266,1.1971814941433983,-1498.387992079,2027.2110778210001,,,10.0,60,0,0.0,0.0,0.0,truncated_http_400_at_offset_3500,11820.385134879396,18515.707558120554,11820.385134879396,,1
5m,300,btc-up-or-down-5m,btc-updown-5m,btc-updown-5m-1774039800,0x630b852a83e6e1fa053bb487b6331ef0c0568dfbf4d7b26d10d77dea33f27e31,Down,already_winner_assist,1,0,2.52883214035395,-0.0,-38.70662790600001,59.332015806,,,10.0,60,0,0.0,0.0,0.0,truncated_http_400_at_offset_3500,3810.5510705664756,24190.13457943352,3810.5510705664756,,1
5m,300,btc-up-or-down-5m,btc-updown-5m,btc-updown-5m-1774040400,0x318f9bf7d685749ab5e257b66033932b31e3f5cfbe4730308067f6e2e4615593,Down,already_winner_assist,1,0,1.3025953245943633,-0.0,-183.173379069,539.004021117,0.014278524030048772,-2.456209509881847,10.0,60,0,0.0,0.0,0.0,truncated_http_400_at_offset_3500,1776.4915346151047,7551.5863163849,1776.4915346151047,,1
5m,300,btc-up-or-down-5m,btc-updown-5m,btc-updown-5m-1774041900,0xaaaf02482690091afba2e98f6c60238d7a8710e477c678b09b9f1fb14a8a698d,Up,already_winner_assist,1,0,8.612217336323845,0.5390560279127614,13508.763428036,13508.763428036,-0.04255581727430775,2.4685473150086525,10.0,60,1,0.7281980355530264,27.017526856072003,27.74572489162503,truncated_http_400_at_offset_3500,801.2395147386845,10162.526285261321,773.4937898470595,28.877944903884504,1
5m,300,btc-up-or-down-5m,btc-updown-5m,btc-updown-5m-1774043400,0xd0b4603d920a86dd7b9b4347634bc11e0eb60f2517860d1f8117844ed4f467c0,Down,already_winner_assist,1,0,3.8025538260695697,-0.0,-6.731304623999999,6.731304623999999,0.0,,10.0,60,0,0.0,0.0,0.0,truncated_http_400_at_offset_3500,8067.213289102281,21196.496961897697,8067.213289102281,,1
5m,300,btc-up-or-down-5m,btc-updown-5m,btc-updown-5m-1774044900,0xf51b87625a023b2f3a7cf6d7d53ae87dd1fd49f270b1bbf42bfffd9ad3634ac5,Down,other,0,0,0.3036602474807323,2.4572557660847094,-1720.0865853260007,8277.484295998001,-0.9745962319081745,0.46607766698400094,10.0,60,0,0.0,0.0,0.0,truncated_http_400_at_offset_3500,19266.67995799633,7912.99707300361,19266.67995799633,,1
5m,300,btc-up-or-down-5m,btc-updown-5m,btc-updown-5m-1774046400,0xe201b34e40d3a3d496b3d0393ee88c0911654e635314c8bcf64393befc94c02f,Down,already_winner_assist,1,0,7.577982865950745,3.069456737333532,-3876.6415361550007,3876.6415361550007,,,10.0,60,0,0.0,0.0,0.0,truncated_http_400_at_offset_3500,757.9289401810873,20269.7663998189,757.9289401810873,,1
5m,300,btc-up-or-down-5m,btc-updown-5m,btc-updown-5m-1774048200,0x7f34659c7f38d45eaaca2843820b69e6875b84eb814703d835b878600646124b,Down,already_winner_assist,1,0,5.864334072829253,0.8649274068976116,-434.4865797449999,529.0170532069999,,-3.1342160922729057,10.0,60,0,0.0,0.0,0.0,truncated_http_400_at_offset_3500,1927.8632393183975,17456.207485681574,1927.8632393183975,,1
5m,300,btc-up-or-down-5m,btc-updown-5m,btc-updown-5m-1774055700,0x387d4e34140ecb3ada3649d52ae4feff048b29a28f05ce8545a666ba5565655c,Down,already_winner_assist,1,0,9.785873212150477,0.014166061658935636,58.30127208,58.30127208,0.014166061659596734,0.014166061659596734,10.0,60,1,8.258994150796625e-05,0.11660254416,0.11668513410150796,truncated_http_400_at_offset_3500,365.42298891941357,27444.362264080544,365.3063037853121,3131.7013236795096,1
5m,300,btc-up-or-down-5m,btc-updown-5m,btc-updown-5m-1774056600,0x65bf1f6488eac4ff39c85a292e6405a75dc8bc35b79f3eb7db65e58be9429b51,Down,already_winner_assist,1,0,0.9345900561938402,-3.17370362539136,-289.577860175,289.577860175,,,10.0,60,0,0.0,0.0,0.0,truncated_http_400_at_offset_3500,3143.3701294440934,17637.07891655591,3143.3701294440934,,1
5m,300,btc-up-or-down-5m,btc-updown-5m,btc-updown-5m-1774063200,0xaa86e18fee0f0fd42827fcb6a187cec46e4315ce68de012c410137f10c24abd2,Up,already_winner_assist,1,0,0.09707087365045115,0.0,60.182461413,60.182461413,,,10.0,60,0,0.0,0.0,0.0,ok,2121.2480649748077,6074.166996025201,2121.2480649748077,,1
5m,300,btc-up-or-down-5m,btc-updown-5m,btc-updown-5m-1774067700,0xae51a8d2914cb175bcd241c543b834172da889e695861b86604b4b2e1a089624,Down,already_winner_assist,1,0,1.223059571446886,-0.0,-14771.031747678,14771.031747678,,0.0,10.0,60,0,0.0,0.0,0.0,truncated_http_400_at_offset_3500,7369.7233250205945,13235.994759979447,7369.7233250205945,,1
5m,300,btc-up-or-down-5m,btc-updown-5m,btc-updown-5m-1774068300,0x5d097fc51e180902475d0f368bacb0a18a0953556e0c4d748e66345d6fbe687a,Down,other,0,0,0.47720491148761257,-0.014157137144451834,-13.406674840000003,13.406674840000003,,,10.0,60,0,0.0,0.0,0.0,truncated_http_400_at_offset_3500,5229.339693262791,7218.340202737214,5229.339693262791,,1
5m,300,btc-up-or-down-5m,btc-updown-5m,btc-updown-5m-1774091400,0x1f917dde7dc04319c67aa2bb05cb64a3d47235f4651b94d8b7e3e1232ac7e130,Down,already_winner_assist,1,0,4.351903093540261,-0.014170317296072321,-45.790820787,45.790820787,,0.0,10.0,60,0,0.0,0.0,0.0,ok,219.95819355933733,10537.009740440668,219.95819355933733,,1
5m,300,btc-up-or-down-5m,btc-updown-5m,btc-updown-5m-1774106700,0x035139e120004059775b69f395d18a0fe968836674f614975607ea59768df879,Up,already_winner_assist,1,0,2.6631588129067154,0.0,227.09358541100002,227.09358541100002,,-0.9909427837739615,10.0,60,0,0.0,0.0,0.0,truncated_http_400_at_offset_3500,333.75142782863566,15354.59838017134,333.75142782863566,,1
5m,300,btc-up-or-down-5m,btc-updown-5m,btc-updown-5m-1774109400,0x61e786d2999260b0c67dea94dd927a80f95725204c82503f913a9bda18f27ccf,Down,already_winner_assist,1,0,6.119510986675308,-0.0,-72.99300424,72.99300424,,,10.0,60,0,0.0,0.0,0.0,truncated_http_400_at_offset_3500,3117.9433226470246,19640.281697352948,3117.9433226470246,,1
5m,300,btc-up-or-down-5m,btc-updown-5m,btc-updown-5m-1774111200,0xafb48b3eee8fbfc3ab0d691be7d49b9f27f23402d13781db6d62a7c1e33e3054,Down,already_winner_assist,1,0,8.36534194139683,0.014213014715944402,1017.4998065,1017.4998065,,,10.0,60,1,0.0014461739723255081,2.034999613,2.0364457869723256,ok,96.84970969981737,7648.378619300183,94.81326391284504,47.55820671455641,1
5m,300,btc-up-or-down-5m,btc-updown-5m,btc-updown-5m-1774114800,0x9f052bd930193d871eedbbb77b242a324e4fd5ab27782270a84b70cdf634b52f,Down,flip,0,1,1.2728213905476338,1.4490530037794236,-115.984025886,256.775825886,0.0,,10.0,60,0,0.0,0.0,0.0,truncated_http_400_at_offset_3500,3580.604373567861,6542.500169432139,3580.604373567861,,1
5m,300,btc-up-or-down-5m,btc-updown-5m,btc-updown-5m-1774116000,0x1056670999f6fcaa533bd69a16c6d64fdc86d78c943352588dee886af2292e10,Up,already_winner_assist,1,0,0.40764999683812914,0.01422294032279726,14.92519452,14.92519452,,,10.0,60,1,2.1228015096410068e-05,0.029850389039999998,0.029871617055096406,truncated_http_400_at_offset_3500,4714.506503282623,2864.912394717366,4714.476631665568,157825.6207083466,1
5m,300,btc-up-or-down-5m,btc-updown-5m,btc-updown-5m-1774116600,0xead38e3e0dd82c44b72e0ed79bfcb61e5dcb51c5f8744d525064aa94535dc2d3,Up,already_winner_assist,1,0,1.5350966064971103,0.0,329.83452588,329.83452588,,,10.0,60,0,0.0,0.0,0.0,truncated_http_400_at_offset_3500,7322.095004179078,8598.124803820909,7322.095004179078,,1
5m,300,btc-up-or-down-5m,btc-updown-5m,btc-updown-5m-1774116900,0xa4ad2d551dd88890405352b7680d19c7c5435471da1e7a406d39884df1f26e48,Up,already_winner_assist,1,0,2.231496801937001,0.5683901203960117,16.697457212,16.697457212,,-0.0,10.0,60,1,0.0009490669715035933,0.033394914424,0.03434398139550359,truncated_http_400_at_offset_3500,5410.884304151726,13521.543346848286,5410.849960170331,157549.70985571676,1
5m,300,btc-up-or-down-5m,btc-updown-5m,btc-updown-5m-1774123800,0x84f2549ac0b43fbf73c4e99f09832b8b4fa1659a0f6b52c6fab2fab5adc50c23,Up,already_winner_assist,1,0,0.4667630011533974,-1.4349393549647647,-143.59592868,157.145717304,,,10.0,60,0,0.0,0.0,0.0,truncated_http_400_at_offset_3500,3924.7014361932474,10042.115546806757,3924.7014361932474,,1
5m,300,btc-up-or-down-5m,btc-updown-5m,btc-updown-5m-1774127700,0x699fb7fa9f77674dfd2acef61d59f61c32f15c45b70768bae850f0b07f69f057,Up,already_winner_assist,1,0,0.3717598536003189,-0.014212105730653322,-23.500371375,23.500371375,-0.0,,10.0,60,0,0.0,0.0,0.0,truncated_http_400_at_offset_3500,2612.4875730486146,3025.477405951383,2612.4875730486146,,1
5m,300,btc-up-or-down-5m,btc-updown-5m,btc-updown-5m-1774128600,0x12d3609fc1095fbdaaa8e5ec3be5c6fde0250f8a4b5107542e509397b396b528,Down,other,0,0,0.8946095017976183,3.2972062161119657,37973.022902649,40465.069917949,0.0,,10.0,60,1,12.520488715917631,75.946045805298,88.46653452121564,truncated_http_400_at_offset_3500,6261.168841126952,8368.27130587304,6172.702306605737,70.77443323639436,1
5m,300,btc-up-or-down-5m,btc-updown-5m,btc-updown-5m-1774128900,0x946ea1c6f16815a5c03df76edbcb898affa52683742f6031a05ab85fecd01aa7,Up,already_winner_assist,1,0,1.328143056678435,0.0,4.877441763,4.877441763,,,10.0,60,0,0.0,0.0,0.0,ok,3052.2043652109924,6275.571448789005,3052.2043652109924,,1
5m,300,btc-up-or-down-5m,btc-updown-5m,btc-updown-5m-1774131300,0x1445c8fc026a1ed8cf807bf93f436580fa147c4a6959475b0409b175523d62fd,Up,flip,0,1,0.7700948569135357,0.4551810269957459,193.16254187,202.89531687800002,,,10.0,60,1,0.008792392418549538,0.38632508374,0.39511747615854953,truncated_http_400_at_offset_3500,11958.668210710333,8595.903104289679,11958.273093234175,30266.108011662982,1
5m,300,btc-up-or-down-5m,btc-updown-5m,btc-updown-5m-1774132500,0xce9025aa50733ce7c0338b064ce1206f4d076091c6e946cd9e8a8027e3193f38,Down,flip,0,1,1.4841145584892073,5.4027541141746696,8411.638430978,8411.638430978,,,10.0,60,1,4.544601413991615,16.823276861956,21.367878275947614,truncated_http_400_at_offset_3500,14806.672986266776,2965.479673733243,14785.30510799083,692.9407213505916,1
5m,300,btc-up-or-down-5m,btc-updown-5m,btc-updown-5m-1774135200,0xb26962ed54e66f429c5333b73c00d36fdf568922bbf6a5a135da0f3558ce1d3a,Down,already_winner_assist,1,0,3.9926687745636604,0.014253389634642896,233.83333440399997,233.83333440399997,,-4.26267492866333,10.0,60,1,0.0003332917624827959,0.46766666880799995,0.46799996057048276,truncated_http_400_at_offset_3500,2293.1075560420268,19210.007275957974,2292.6395560814562,4899.802882989079,1
5m,300,btc-up-or-down-5m,btc-updown-5m,btc-updown-5m-1774138800,0x3b6f568510051ae2bd50edf0d33c133873e8118b97d6ccb36e9235dc1184a103,Down,already_winner_assist,1,0,6.3581253285217105,-0.0,-73.013839056,73.013839056,-3.1957514209818303,-12.876392785394023,10.0,60,0,0.0,0.0,0.0,truncated_http_400_at_offset_3500,772.2674122960163,10083.853836703975,772.2674122960163,,1
5m,300,btc-up-or-down-5m,btc-updown-5m,btc-updown-5m-1774144500,0x16d4a29dbefa315aed3d28dfc51918fe79c46bfd89ba4ec43cf58fee4afffc37,Up,already_winner_assist,1,0,0.8251134402291125,-2.769779834714042,2641.798829466,2641.798829466,-1.319729007891125,,10.0,60,0,0.0,0.0,0.0,truncated_http_400_at_offset_3500,5202.166585969674,7615.295199030325,5202.166585969674,,1
5m,300,btc-up-or-down-5m,btc-updown-5m,btc-updown-5m-1774146000,0xf40e737c7e1e9d53d800a78db62c481fa7db27bc2383c105513dc71289abde41,Up,already_winner_assist,1,0,8.35297618068652,-0.014478097171398929,-66.849896628,66.849896628,,-0.014478097171990086,10.0,60,0,0.0,0.0,0.0,truncated_http_400_at_offset_3500,317.35291871617557,11312.258288283838,317.35291871617557,,1
5m,300,btc-up-or-down-5m,btc-updown-5m,btc-updown-5m-1774152000,0xf62d7627448b04e46a255c63a49594abe900b1aad4fe33cb7455ada33ff40b73,Up,already_winner_assist,1,0,7.6423888523913455,-0.17294430473362205,2600.3039068229996,2600.3039068229996,,,10.0,60,0,0.0,0.0,0.0,truncated_http_400_at_offset_3500,233.93245839982686,21486.074147600142,233.93245839982686,,1
5m,300,btc-up-or-down-5m,btc-updown-5m,btc-updown-5m-1774154700,0x9da95b1f2ff92709dc62791a61c55e16c61618378895ea51440a213cbc9fff86,Down,already_winner_assist,1,0,2.347715752513204,-0.14424665023459377,-9.804111204,9.804111204,,,10.0,60,0,0.0,0.0,0.0,truncated_http_400_at_offset_3500,4030.5065043961504,10404.78710560386,4030.5065043961504,,1
5m,300,btc-up-or-down-5m,btc-updown-5m,btc-updown-5m-1774159200,0x6649a4f925d7774bc9df354ef9a8454be9d14efc5a09b4971303179bc21aaa53,Down,other,0,0,1.1522929884394757,-0.0,-610.98600429,610.98600429,,,10.0,60,0,0.0,0.0,0.0,truncated_http_400_at_offset_3500,4977.704107185735,7398.43068081426,4977.704107185735,,1
5m,300,btc-up-or-down-5m,btc-updown-5m,btc-updown-5m-1774188300,0xc0656e692d0181d933d80619581c371e3a364c52aea07ee694bd7a7f8e2a045f,Up,already_winner_assist,1,0,9.744393679927752,0.0,51.29643736799999,51.29643736799999,-1.5000571651862469,-6.508326738063705,10.0,60,0,0.0,0.0,0.0,truncated_http_400_at_offset_3500,491.32910553529683,13251.11208446471,491.32910553529683,,1
5m,300,btc-up-or-down-5m,btc-updown-5m,btc-updown-5m-1774195500,0xbc622fa037de186f610697eb738310581004b80dec8836c4d552f538cc492584,Down,already_winner_assist,1,0,8.31091242713585,-0.0,623.750605105,919.314307967,0.0,-3.0675894875384735,10.0,60,0,0.0,0.0,0.0,truncated_http_400_at_offset_3500,524.3316171085174,11407.221223891474,524.3316171085174,,1
5m,300,btc-up-or-down-5m,btc-updown-5m,btc-updown-5m-1774197600,0xee1071bc7cf3a9f5c191e4297898df7e2c55cf89288690f49fa42432f3a13228,Down,already_winner_assist,1,0,1.1990954034832653,-0.0,-8.413597731,8.413597731,,,10.0,60,0,0.0,0.0,0.0,truncated_http_400_at_offset_3500,2958.7300501939885,7135.826029806004,2958.7300501939885,,1
5m,300,btc-up-or-down-5m,btc-updown-5m,btc-updown-5m-1774203000,0xccaa9a60ea015ee0b9456ff5e861205d8ab31ac55f78ce37b33302e6f7e9b070,Up,already_winner_assist,1,0,2.9365886252498865,0.0,428.712611604,428.712611604,,,10.0,60,0,0.0,0.0,0.0,truncated_http_400_at_offset_3500,1444.773090251917,13406.202380748091,1444.773090251917,,1
5m,300,btc-up-or-down-5m,btc-updown-5m,btc-updown-5m-1774205400,0x0706ee6cb140aef6811df032646ce50a351b004452f54976a9104345a072b980,Down,flip,0,1,1.6268163564784126,1.6194674613626643,24.996952915,24.996952915,,0.014590967754020757,10.0,60,1,0.00404817518790571,0.049993905830000004,0.05404208101790572,truncated_http_400_at_offset_3500,5771.716892439665,5587.526414560343,5771.662850358647,106800.41892774867,1
5m,300,btc-up-or-down-5m,btc-updown-5m,btc-updown-5m-1774207800,0xd70d0e6df51f9c668c84e1c0db3b041306c3c6e71d40e75b98c1115b94ce29fe,Up,already_winner_assist,1,0,5.515138486620801,1.0688085795968514,14077.809333295,14077.809333295,-6.746962110728688,-5.76666677768421,10.0,60,1,1.5046483397354327,28.155618666589998,29.66026700632543,truncated_http_400_at_offset_3500,16103.18387189885,2373.195036101161,16073.523604892524,542.9210690674039,1
5m,300,btc-up-or-down-5m,btc-updown-5m,btc-updown-5m-1774209900,0xc1017fef30755235613dcc835db1ec146c17e128a67f5a8e6cbfbd78da6464f4,Up,already_winner_assist,1,0,3.267439519931683,0.0,823.927781488,823.927781488,,,10.0,60,0,0.0,0.0,0.0,truncated_http_400_at_offset_3500,1044.0062685061225,14561.207388493876,1044.0062685061225,,1
5m,300,btc-up-or-down-5m,btc-updown-5m,btc-updown-5m-1774215900,0xd7c6978b6cf70ac8984ce96534033e178b944035bec217c410d88362aeba4f78,Down,already_winner_assist,1,0,2.358887683142435,-0.0,-999.999749939,999.999749939,,,10.0,60,0,0.0,0.0,0.0,truncated_http_400_at_offset_3500,911.8803586295882,13681.506999370413,911.8803586295882,,1
5m,300,btc-up-or-down-5m,btc-updown-5m,btc-updown-5m-1774227300,0xf0e315d95de361bc4e0e6b1ff6689659771bb9f68a72d86360e87dcb70fcb865,Down,already_winner_assist,1,0,5.343511489253106,-0.0,-386.72953825,386.72953825,-1.9801746164930314,,10.0,60,0,0.0,0.0,0.0,truncated_http_400_at_offset_3500,4879.234680260828,17100.887755739197,4879.234680260828,,1
5m,300,btc-up-or-down-5m,btc-updown-5m,btc-updown-5m-1774230900,0xbe9999cc6ad1104e54686c7cde852754cabe4564a6de3157db3f585f9f8c057f,Down,flip,0,1,1.0415262609852804,1.8407704191571235,5832.957563440999,5852.419090103,,2.002741996092773,10.0,60,1,1.0737135738981003,11.665915126881998,12.739628700780099,truncated_http_400_at_offset_3500,12349.917910091082,6250.518406908937,12337.178281390303,969.4095644510304,1
5m,300,btc-up-or-down-5m,btc-updown-5m,btc-updown-5m-1774233600,0x0266ad18bcfd33a6aaf88e5d1efa992c47e8d94c5df2bf1624808e4700f695a5,Up,already_winner_assist,1,0,3.9858574793638337,-0.7179187392342183,-289.55115428,319.0244502,,,10.0,60,0,0.0,0.0,0.0,truncated_http_400_at_offset_3500,615.542483171177,19442.527526828835,615.542483171177,,1
5m,300,btc-up-or-down-5m,btc-updown-5m,btc-updown-5m-1774235700,0x4cad6f79aab2b5bebf8152f5fe98649bdd77e40ccccf889ea856369c29369d4b,Down,already_winner_assist,1,0,6.696058295090711,0.014662745849224933,51654.38674,51654.38674,,,10.0,60,1,0.07573951447661945,103.30877348,103.38451299447662,truncated_http_400_at_offset_3500,3081.692367775534,18106.957590224447,2978.3078547810574,29.808065816784136,1
5m,300,btc-up-or-down-5m,btc-updown-5m,btc-updown-5m-1774236600,0x4589c66684cd06a3ab13352971b5fd8db2bd34aed8236c22d60320d6525c6989,Up,flip,0,1,2.989765931789883,0.9971230076811476,46.593284724,46.593284724,,1.011787323169011,10.0,60,1,0.004645923620173895,0.093186569448,0.09783249306817389,truncated_http_400_at_offset_3500,15914.664795014965,9713.874631985072,15914.566962521898,162672.58756173108,1
5m,300,btc-up-or-down-5m,btc-updown-5m,btc-updown-5m-1774242600,0x9522a7bc7462dee3ff7fccb18df9a04fc41d5a2b9fd0be3f6feba1d21bb94e0b,Up,already_winner_assist,1,0,8.09286229151242,0.0,-63.836843303,73.640356697,-0.014547856262505255,,10.0,60,0,0.0,0.0,0.0,truncated_http_400_at_offset_3500,1515.8804495071836,29131.66426149277,1515.8804495071836,,1
5m,300,btc-up-or-down-5m,btc-updown-5m,btc-updown-5m-1774242900,0x2f0ca67533a598a3da96d98687e2dab82ae8ff479b3f46805449878ca4f111e7,Up,already_winner_assist,1,0,8.474860419723003,0.0,14.889609432,14.889609432,0.014534978791172543,-0.0,10.0,60,0,0.0,0.0,0.0,truncated_http_400_at_offset_3500,10287.561905958304,22032.30703804177,10287.561905958304,,1
5m,300,btc-up-or-down-5m,btc-updown-5m,btc-updown-5m-1774269300,0x170e2880913c17bd980ffb7393ab3e25c8bf23e9bb98505f155ab46fe8670b61,Up,already_winner_assist,1,0,6.129852933544416,0.0,-827.329219185,827.329219185,-3.525707132717215,,10.0,60,0,0.0,0.0,0.0,truncated_http_400_at_offset_3500,1037.1664725843802,19779.62296241563,1037.1664725843802,,1
5m,300,btc-up-or-down-5m,btc-updown-5m,btc-updown-5m-1774280100,0xd4b992c805e0bfb9834c932a6b656548eaef18d0989060d8d89340049c97396a,Up,already_winner_assist,1,0,0.4495934549086632,-1.7936827108122533,-1355.767274264,1617.7361257359998,1.5679704632132427,,10.0,60,0,0.0,0.0,0.0,truncated_http_400_at_offset_3500,8871.15527161063,31016.740143389354,8871.15527161063,,1
5m,300,btc-up-or-down-5m,btc-updown-5m,btc-updown-5m-1774283700,0x2733f2a059439d78aecbacacf571a92449a6a8a4e8368e05f1e683db0e51ca84,Down,already_winner_assist,1,0,2.939479828445113,0.5967578997596122,-2043.6710266619998,2043.6710266619998,,-0.028417931146142834,10.0,60,0,0.0,0.0,0.0,truncated_http_400_at_offset_3500,11565.071713639418,26665.358490360628,11565.071713639418,,1
5m,300,btc-up-or-down-5m,btc-updown-5m,btc-updown-5m-1774285500,0x919073d2f0bead6cee638c64dafe3a4125541cde0df6975a266c948ea727e7ae,Up,already_winner_assist,1,0,1.5687808363868097,-1.3168057709288064,97.154424875,230.543417675,1.2744932844379564,-5.959640248104673,10.0,60,0,0.0,0.0,0.0,truncated_http_400_at_offset_3500,2831.8291899747383,28236.445577025283,2831.8291899747383,,1
5m,300,btc-up-or-down-5m,btc-updown-5m,btc-updown-5m-1774285800,0x1d8406549238fc2a2d0e632e14793463855951da0f7bb25984e41ff6f756b968,Down,other,0,0,0.5495227096883867,3.2847650909611503,151.037868003,175.314752153,-2.3792967307699224,,10.0,60,1,0.04961239162294525,0.30207573600599996,0.3516881276289452,truncated_http_400_at_offset_3500,13818.05226489791,2600.0727051020845,13817.700576770281,39290.6418481004,1
5m,300,btc-up-or-down-5m,btc-updown-5m,btc-updown-5m-1774289400,0x335b012c9de9ab47a62d92d5ffcaa3cbb865f055d3a3f4c03fce0603fd59e817,Down,flip,0,1,2.5521947763263073,1.8454200179027132,130.63085656399994,790.037487156,,-2.3671440517681224,10.0,60,1,0.024106879765898353,0.2612617131279999,0.28536859289389827,truncated_http_400_at_offset_3500,12649.724305469,3943.383021530998,12649.438936876108,44327.668217406965,1
5m,300,btc-up-or-down-5m,btc-updown-5m,btc-updown-5m-1774292400,0x6dba3a469c82083d781c76853b0ab457c85ac5eca0d0888c8f39c3acff8009f4,Up,already_winner_assist,1,0,6.338391032692246,0.0,232.841003092,232.841003092,-0.4641131536824601,-8.435058287305287,10.0,60,0,0.0,0.0,0.0,truncated_http_400_at_offset_3500,4413.807744576099,28048.68550742387,4413.807744576099,,1
5m,300,btc-up-or-down-5m,btc-updown-5m,btc-updown-5m-1774298100,0x4860010167b96f7faf35dbe9be33328c149e1569dd32dd7136048ee84a7fdd6d,Up,already_winner_assist,1,0,5.399806938990166,0.0,48.661528649999994,48.661528649999994,0.8604158634972796,0.8604158634972796,10.0,60,0,0.0,0.0,0.0,truncated_http_400_at_offset_3500,763.705912091384,17310.147530908613,763.705912091384,,1
5m,300,btc-up-or-down-5m,btc-updown-5m,btc-updown-5m-1774299000,0x105cd8077ff5e4a4428f43c478f201310e0db678f9d27c4a125405e41a226285,Up,already_winner_assist,1,0,4.068916846528537,0.0,94.117308568,94.117308568,-0.5500057469938742,,10.0,60,0,0.0,0.0,0.0,truncated_http_400_at_offset_3500,1084.4903658150834,17001.980871184907,1084.4903658150834,,1
5m,300,btc-up-or-down-5m,btc-updown-5m,btc-updown-5m-1774304400,0xb0f80a9aaf12e3b7e86923a713823b8d0dcdec0cb38d178428d66f2de81522ea,Down,already_winner_assist,1,0,4.1990808139322295,-0.0,1.541407951,11.480793631,0.0,,10.0,60,0,0.0,0.0,0.0,truncated_http_400_at_offset_3500,296.59655712363895,13492.339891876374,296.59655712363895,,1
5m,300,btc-up-or-down-5m,btc-updown-5m,btc-updown-5m-1774304700,0xb78419f9235222404d6b5283f04bdd4b2819c8411a859ec30a8fb6dd88f248ee,Down,already_winner_assist,1,0,5.843149823432173,1.8827339901138844,-51.000099306,51.000099306,,,10.0,60,0,0.0,0.0,0.0,truncated_http_400_at_offset_3500,1535.3997580337577,15224.196208966236,1535.3997580337577,,1
5m,300,btc-up-or-down-5m,btc-updown-5m,btc-updown-5m-1774307400,0x3d1f500343e96dfdfd7a75b6953bee0d0cf3d8cbe5bfcb3411d59c0f03f0c7ad,Down,already_winner_assist,1,0,7.102292502130659,-0.0,-9252.674265356,9271.859268556,,-5.573397030401638,10.0,60,0,0.0,0.0,0.0,truncated_http_400_at_offset_3500,475.1845562469172,10949.586445753073,475.1845562469172,,1
5m,300,btc-up-or-down-5m,btc-updown-5m,btc-updown-5m-1774310100,0xab4d1e6ab268de4bc2a38ff529e059f0cf20ce3e049f3d3ef1b79ad1d4f6e2a8,Up,already_winner_assist,1,0,6.463717077731792,0.0,-209.080011384,311.61692844,-0.0,-15.054851547876128,10.0,60,0,0.0,0.0,0.0,truncated_http_400_at_offset_3500,491.4914836386859,16135.989772361305,491.4914836386859,,1
5m,300,btc-up-or-down-5m,btc-updown-5m,btc-updown-5m-1774311000,0x771395050f3498bc0e0d1a293cea4b28461bb6f6628a7588470b572ade335f8b,Down,already_winner_assist,1,0,3.3329873843611524,0.014127855679795537,46.212217448000004,46.212217448000004,,,10.0,60,1,6.528795387486733e-05,0.092424434896,0.09248972284987486,truncated_http_400_at_offset_3500,5491.914018225932,13232.170137774085,5491.821528503082,59378.64066411096,1
5m,300,btc-up-or-down-5m,btc-updown-5m,btc-updown-5m-1774315800,0x40292c90e8965c2b9f463173acc528bc750a7dea8fa46df4cd076dfbb908dbb5,Down,already_winner_assist,1,0,3.23200675513669,-2.6564816187805937,-461235.74984236894,558743.596283465,,,10.0,60,0,0.0,0.0,0.0,truncated_http_400_at_offset_3500,878.5853512522564,67127.94743974783,878.5853512522564,,1
5m,300,btc-up-or-down-5m,btc-updown-5m,btc-updown-5m-1774317900,0x55c0cb8c7dfccc9b6686a3d972256d74992868a5ad0262530e6c025574d0552e,Down,already_winner_assist,1,0,5.563410465096518,-0.48199944721171706,1607.752330101,2397.842449599,,,10.0,60,0,0.0,0.0,0.0,truncated_http_400_at_offset_3500,202.87800559770338,12677.42940440229,202.87800559770338,,1
5m,300,btc-up-or-down-5m,btc-updown-5m,btc-updown-5m-1774320000,0x1109ac819c48df8b88fd948fd66e61d3ff912cb8118c44f23408c232260ea6e3,Up,already_winner_assist,1,0,9.617276570338596,0.0,49.019951592,49.019951592,-0.0,,10.0,60,0,0.0,0.0,0.0,truncated_http_400_at_offset_3500,531.7733489675308,14285.060734032468,531.7733489675308,,1
5m,300,btc-up-or-down-5m,btc-updown-5m,btc-updown-5m-1774322700,0x060516b61eb971ae91f298c2055ab6747922774c29ae13b07f33f0bf191c44db,Up,already_winner_assist,1,0,1.3318274874741631,0.0,12.476900772,12.476900772,,,10.0,60,0,0.0,0.0,0.0,truncated_http_400_at_offset_3500,2276.8221394279317,10665.910637572037,2276.8221394279317,,1
5m,300,btc-up-or-down-5m,btc-updown-5m,btc-updown-5m-1774329600,0xb969c449254234d5d571ea41b909c9a1381ef929d076302ce636e77941e2d9ef,Down,already_winner_assist,1,0,6.7950104174838915,0.45605679055007603,125.43718712799998,145.044122672,,,10.0,60,1,0.005720648097722498,0.25087437425599995,0.25659502235372245,truncated_http_400_at_offset_3500,2068.0060270305803,17705.472481969427,2067.7494320082264,8059.415993579891,1
5m,300,btc-up-or-down-5m,btc-updown-5m,btc-updown-5m-1774333500,0xfdfe614c7f2f5a6a7924095e1c9d7d13202dba45033121f51de3f6c360f87126,Up,other,0,0,1.5144884357607227,2.7724481392118143,184447.946297914,184447.946297914,-3.638560250498756,-8.45477350719983,10.0,60,1,51.13723654950923,368.895892595828,420.0331291453372,truncated_http_400_at_offset_3500,8533.303145027572,12990.711332972422,8113.2700158822345,20.315785953338295,1
5m,300,btc-up-or-down-5m,btc-updown-5m,btc-updown-5m-1774344900,0x76a14b85fef1339ed20ab5506db53d378fce4a553f345372094c61e703197f78,Up,already_winner_assist,1,0,9.69038190877867,0.0,6.684275548,6.684275548,,,10.0,60,0,0.0,0.0,0.0,ok,952.2663697861013,18648.28033521392,952.2663697861013,,1
5m,300,btc-up-or-down-5m,btc-updown-5m,btc-updown-5m-1774349400,0x51596df47bba67ad4d09332ab4fe06e854f4f79df6019a54b31cf7596460304f,Up,flip,0,1,4.099442900184855,2.7542054502197413,9.565033542999998,9.565033542999998,-2.3882375201659065,,10.0,60,1,0.0026344067515665236,0.019130067085999996,0.02176447383756652,truncated_http_400_at_offset_3500,3662.1192594022455,13246.618120597745,3662.0974949284077,168261.32746114235,1
5m,300,btc-up-or-down-5m,btc-updown-5m,btc-updown-5m-1774362000,0xe6fb0bcc21cc9f6bb2836c6bd0e07fdd83896f4c282be41e5a96c75ea138bc65,Down,already_winner_assist,1,0,0.06312617343182067,-2.833193600480733,613.57200833,1270.2057631979999,-0.014307041996096686,,10.0,60,0,0.0,0.0,0.0,truncated_http_400_at_offset_3500,13349.111844608093,15026.165091391944,13349.111844608093,,1
5m,300,btc-up-or-down-5m,btc-updown-5m,btc-updown-5m-1774364700,0xe3e4f736311552201596b20100a24199d71281d568344aa486c98e9e6a525541,Down,already_winner_assist,1,0,4.747977081842125,-0.0,1617.0070034639998,1739.671396536,0.0,-4.405317919216873,10.0,60,0,0.0,0.0,0.0,truncated_http_400_at_offset_3500,6693.992134043546,23602.979695956437,6693.992134043546,,1
5m,300,btc-up-or-down-5m,btc-updown-5m,btc-updown-5m-1774368300,0xc1eb3011b740ed4c5b7aeb80daa9b0a3895f6061c5216fb014c2bf69892e1e5d,Up,already_winner_assist,1,0,7.744916278683844,-0.1001970303037194,-11282.355600703,12782.918369701,0.18608286270448937,1.1594958067163208,10.0,60,0,0.0,0.0,0.0,truncated_http_400_at_offset_3500,1580.9361027863615,23120.82397221369,1580.9361027863615,,1
5m,300,btc-up-or-down-5m,btc-updown-5m,btc-updown-5m-1774375500,0x781127c39861af758c02379f91c32fdef311d48ec619d12b30dc2f69d6c71aed,Up,already_winner_assist,1,0,6.425153546661048,0.9093093801529929,1237.399437331,1367.188628171,,2.6271193931456347,10.0,60,1,0.11251789153611137,2.474798874662,2.5873167661981116,truncated_http_400_at_offset_3500,960.1941817934347,16029.286886206582,957.6068650272366,371.11581942259653,1
5m,300,btc-up-or-down-5m,btc-updown-5m,btc-updown-5m-1774376100,0xf7ff32787fa9097d052781bd795e6eabe54cf398a895bb9af444c7286a0fe8b8,Up,already_winner_assist,1,0,5.202616523813912,3.071352738722117,314804.09581684,315397.82768884,,,10.0,60,1,96.68744218479912,629.60819163368,726.2956338184791,truncated_http_400_at_offset_3500,17893.099001913266,12859.046424086699,17166.80336809479,24.636109827400166,1
5m,300,btc-up-or-down-5m,btc-updown-5m,btc-updown-5m-1774376400,0xc2110974a566c8a31084c17f1f1d8701eb101563fad0a1cbe3bc7086721fe6c0,Up,already_winner_assist,1,0,6.660365229117076,0.0,3.950720436,3.950720436,,-0.0,10.0,60,0,0.0,0.0,0.0,truncated_http_400_at_offset_3500,1306.6938754454868,16873.736038554496,1306.6938754454868,,1
5m,300,btc-up-or-down-5m,btc-updown-5m,btc-updown-5m-1774386600,0x22f723ab1771c9cda811622a5f0cd1452fcbc745044304ac0cb3efd8086506c3,Down,already_winner_assist,1,0,7.2745454698414544,-0.014298879469385408,-7138.490362598001,7146.874230338001,5.946561176084012,7.589818573189328,10.0,60,0,0.0,0.0,0.0,truncated_http_400_at_offset_3500,392.69939955744144,10139.21067544256,392.69939955744144,,1
5m,300,btc-up-or-down-5m,btc-updown-5m,btc-updown-5m-1774390200,0xbb07335ad6c138041967ec2ec173b0547dc6fb0e143ddc15c6a99b2ca92552c5,Up,already_winner_assist,1,0,4.757465530933617,-0.014180002367297329,-1482.7913668,1482.7913668,3.474706652715769,4.7230593253157425,10.0,60,0,0.0,0.0,0.0,truncated_http_400_at_offset_3500,2330.40603419733,19061.346590802674,2330.40603419733,,1
5m,300,btc-up-or-down-5m,btc-updown-5m,btc-updown-5m-1774390800,0x1bd86abd035759871c885103aacc7bc19df5eede1a39b8365210706b5230e07b,Up,already_winner_assist,1,0,1.2235496042590626,0.0,1379.34520356,1379.34520356,,5.087026629024485,10.0,60,0,0.0,0.0,0.0,truncated_http_400_at_offset_3500,4831.6821141144555,10442.830653885549,4831.6821141144555,,1
5m,300,btc-up-or-down-5m,btc-updown-5m,btc-updown-5m-1774392000,0x886c3554ac958e2ea468e6e1ba4eb08e8fa4da1e65d09c5ad7f92383282e278a,Up,already_winner_assist,1,0,4.498398412696734,0.0,14007.546162690998,14028.100110852998,0.014232778514674305,,10.0,60,0,0.0,0.0,0.0,truncated_http_400_at_offset_3500,555.8787157283433,17769.03604627165,555.8787157283433,,1
5m,300,btc-up-or-down-5m,btc-updown-5m,btc-updown-5m-1774393800,0x81e5980eafa1fac232326ad000b137640ca88ef14fbbc38f898a89340ed59ab2,Up,already_winner_assist,1,0,0.6774219795835152,-1.6311096617007743,-147.4295688,253.8821528,,0.8794912574309183,10.0,60,0,0.0,0.0,0.0,truncated_http_400_at_offset_3500,2158.6135268646476,9140.770858135355,2158.6135268646476,,1
5m,300,btc-up-or-down-5m,btc-updown-5m,btc-updown-5m-1774397100,0x98135e1ba56d68be4751e7af064c558ab10f8c85f80cad15a10e5cdee8514854,Up,already_winner_assist,1,0,9.560780223740736,0.014154972889853594,2921.273646232,2921.273646232,,,10.0,60,1,0.004135054926625772,5.842547292463999,5.846682347390625,truncated_http_400_at_offset_3500,1305.6862230079266,20638.324094992025,1299.839540660536,223.32087591361184,1
5m,300,btc-up-or-down-5m,btc-updown-5m,btc-updown-5m-1774408200,0x23e5ca057c9faad9f20092e2e2a22d6b558f69239f702d664d24123b719ff304,Down,other,0,0,1.0432545201406331,1.3052144755477162,-709.6064532150001,1025.454579345,0.0,,10.0,60,0,0.0,0.0,0.0,truncated_http_400_at_offset_3500,11420.717351167148,5145.936086832865,11420.717351167148,,1
5m,300,btc-up-or-down-5m,btc-updown-5m,btc-updown-5m-1774410000,0x41c4a9b40320abb71ff0589efdd06d46eb81d6341eab0f296b55283f201e60a2,Down,already_winner_assist,1,0,2.256098442575717,-0.0,-7195.386050962001,7195.386050962001,,,10.0,60,0,0.0,0.0,0.0,truncated_http_400_at_offset_3500,617.377359430637,16681.327761569366,617.377359430637,,1
5m,300,btc-up-or-down-5m,btc-updown-5m,btc-updown-5m-1774412100,0xfe80a360ddcbed2e7e4195a9ac140796772b535b633b67d42cb57ac4c19e2cd6,Down,already_winner_assist,1,0,1.4719117159382342,-0.0,-29.390244621,29.390244621,0.0,,10.0,60,0,0.0,0.0,0.0,truncated_http_400_at_offset_3500,1888.651102185862,10635.793314814147,1888.651102185862,,1
5m,300,btc-up-or-down-5m,btc-updown-5m,btc-updown-5m-1774419600,0x56c1ffe9b3128993df1a90a9a26de9ac02b54942925c9422e98b50c873c93984,Up,already_winner_assist,1,0,0.9508156256947036,-2.8090637434862327,-57192.447614682,57192.447614682,2.17756727260363,,10.0,60,0,0.0,0.0,0.0,truncated_http_400_at_offset_3500,608.1019491615649,14022.636236838449,608.1019491615649,,1
5m,300,btc-up-or-down-5m,btc-updown-5m,btc-updown-5m-1774421400,0x3892df238ae499e579428af13945a3640793b9af58c609832791f96ae7f98f07,Down,already_winner_assist,1,0,6.077712228208008,0.014058676699677461,0.9993821199999998,0.9993821199999998,,,10.0,60,1,1.4049990124518261e-06,0.0019987642399999996,0.0020001692390124513,truncated_http_400_at_offset_3500,6476.832348480239,13201.225433519769,6476.830348310999,3238142.164249092,1
5m,300,btc-up-or-down-5m,btc-updown-5m,btc-updown-5m-1774428900,0xdcd54dc8d26923439568435a64d5e0c893881a062cbbd3ff71aedfb6fb48509b,Down,already_winner_assist,1,0,1.4722941289468054,-0.0,-187.095348837,187.095348837,0.0,,10.0,60,0,0.0,0.0,0.0,truncated_http_400_at_offset_3500,6664.629270653859,10863.221093346143,6664.629270653859,,1
5m,300,btc-up-or-down-5m,btc-updown-5m,btc-updown-5m-1774440600,0x9a8daa1311795a7acfac74f4fbb6d24345214c6aa8e33a9578222dc531cf28f4,Down,already_winner_assist,1,0,8.763757191115442,-0.0,1409.2056897920002,1412.6034903680002,,-5.772174931679408,10.0,60,0,0.0,0.0,0.0,truncated_http_400_at_offset_3500,521.3862390214139,16857.643405978575,521.3862390214139,,1
5m,300,btc-up-or-down-5m,btc-updown-5m,btc-updown-5m-1774448100,0xa2e0602a0b75753d0ffe4f4730702d63680a1deea026f052042702db7dd3ccd6,Down,already_winner_assist,1,0,7.995853055434542,3.840961801615004,245.34804107800002,245.34804107800002,4.667837215085238,,10.0,60,1,0.09423724538816669,0.490696082156,0.5849333275441667,truncated_http_400_at_offset_3500,7425.887748738161,10642.999193261818,7425.302815410616,12695.272091805116,1
5m,300,btc-up-or-down-5m,btc-updown-5m,btc-updown-5m-1774450200,0x13a43a1a3f99430dec2036cecdd95c5e2a2994f6d977dc219fecaa7eda046309,Down,already_winner_assist,1,0,8.95550447669903,3.308176271857028,2378.847993076,2464.57828668,-0.46267119718834865,,10.0,60,1,0.7869648485048735,4.757695986152,5.544660834656874,truncated_http_400_at_offset_3500,8003.165079579341,18886.351275420697,7997.620418744685,1443.4002941272079,1
5m,300,btc-up-or-down-5m,btc-updown-5m,btc-updown-5m-1774455300,0x621db847a93bbff6a4cb2e1fe62c960e8824c5161d261b69d7e17e36a3d44c8b,Up,already_winner_assist,1,0,5.729515800956076,0.9169090016565375,248.05610135599997,648.176355116,,,10.0,60,1,0.022744487224914282,0.4961122027119999,0.5188566899369141,truncated_http_400_at_offset_3500,3644.682152642924,23532.33238635707,3644.163295952987,7024.44860658165,1
5m,300,btc-up-or-down-5m,btc-updown-5m,btc-updown-5m-1774458600,0x2a0a1c513e92e39871e9293558f90926fb7c073b5db8ca83eb9cd87b8a0fbe2c,Down,already_winner_assist,1,0,6.282134721252433,-0.014058103547397989,5324.951333068,5340.562269032,,-8.016325605186324,10.0,60,0,0.0,0.0,0.0,truncated_http_400_at_offset_3500,775.6847549544664,17118.236579045515,775.6847549544664,,1
5m,300,btc-up-or-down-5m,btc-updown-5m,btc-updown-5m-1774462200,0xbf2c1678f4009ae472342ed505f1cd9e0d64ac0234c13bf1cbc8392347b9f2ea,Up,already_winner_assist,1,0,7.76102103862265,0.11288210592987913,10476.0792235,10476.0792235,-1.5237837272462813,-10.478374681292069,10.0,60,1,0.1182561884636933,20.952158447,21.070414635463692,truncated_http_400_at_offset_3500,862.6792418981535,20859.156069101842,841.6088272626898,40.942679905604464,1
5m,300,btc-up-or-down-5m,btc-updown-5m,btc-updown-5m-1774469700,0xe108aea73281e2531b5f0144d349ed4ec9a5a056414797fe22c94c0aabb32ed7,Up,already_winner_assist,1,0,8.920294788924807,0.0,20.328846865000003,20.328846865000003,-0.0,,10.0,60,0,0.0,0.0,0.0,ok,613.2225414854205,21743.57168751458,613.2225414854205,,1
5m,300,btc-up-or-down-5m,btc-updown-5m,btc-updown-5m-1774473900,0x2661a59125f37718549dca6474265481b3dbb5608a096d48f9f1c51c3efaca59,Down,already_winner_assist,1,0,5.630104420668295,-0.29595326195423505,-49261.14978954099,49272.24164709299,0.493235973350028,,10.0,60,0,0.0,0.0,0.0,truncated_http_400_at_offset_3500,444.9009928158915,16373.711512184133,444.9009928158915,,1
5m,300,btc-up-or-down-5m,btc-updown-5m,btc-updown-5m-1774483500,0x8170f08f547d8c21ac17a91f5d3635b868550a2d81646ba4129edc88250eef6b,Down,flip,0,1,3.6695887394927125,3.2717298264293007,-27144.317564026,31058.431207714002,-1.3202284295243971,,10.0,60,0,0.0,0.0,0.0,truncated_http_400_at_offset_3500,8580.853380845916,12268.43080615409,8580.853380845916,,1
5m,300,btc-up-or-down-5m,btc-updown-5m,btc-updown-5m-1774484100,0x4b8663ad0275b41b59aca2bab5f03ebb36a1751b0a5240e5078d07035d782218,Down,other,0,0,1.0251142539781855,-0.014036791833854449,-23339.139297373997,23339.139297373997,,,10.0,60,0,0.0,0.0,0.0,truncated_http_400_at_offset_3500,17678.645364732238,6362.372358267803,17678.645364732238,,1
5m,300,btc-up-or-down-5m,btc-updown-5m,btc-updown-5m-1774486500,0x06c7cf00d9df94640c0d079f5c32e4c7098b0f9c9c8ed8d4148371dbb296dd29,Up,already_winner_assist,1,0,9.901808080228916,0.5471829549675381,11075.809001094,11500.617408138,-0.2665654653368138,,10.0,60,1,0.6060493897874671,22.151618002188,22.757667391975467,truncated_http_400_at_offset_3500,669.7949834225645,17360.62484857745,647.0373160305891,29.431618446921302,1
5m,300,btc-up-or-down-5m,btc-updown-5m,btc-updown-5m-1774487400,0x667752b5b359a55cc4641de933e9a059df18a34c0d38a29b3057d4e9aee6d121,Up,already_winner_assist,1,0,3.543315532142667,0.014036318977209312,74039.089586843,74039.089586843,-0.49125875240038147,2.5549346173990455,10.0,60,1,0.10392362782231049,148.07817917368598,148.18210280150828,ok,368.9927947621982,9939.113723237797,220.8106919606899,2.490130641866167,1
5m,300,btc-up-or-down-5m,btc-updown-5m,btc-updown-5m-1774488300,0xcabf089ffa6873da56e4c9238bec67c7fb552ffd9243c40513297001a767970f,Up,already_winner_assist,1,0,2.0241835245534934,0.0,49949.59665966,49949.59665966,-0.0,2.6371900051831747,10.0,60,0,0.0,0.0,0.0,truncated_http_400_at_offset_3500,3707.2388309991497,10211.88714600085,3707.2388309991497,,1
5m,300,btc-up-or-down-5m,btc-updown-5m,btc-updown-5m-1774489800,0x2dd1603f04fabc760bc788ad03fada035b9abec501bbf19f910174f8f5c26d91,Up,already_winner_assist,1,0,2.9997300735957104,-0.014041285593335104,-13.201773345,13.201773345,,,10.0,60,0,0.0,0.0,0.0,truncated_http_400_at_offset_3500,1434.741125281794,11886.810190718204,1434.741125281794,,1
5m,300,btc-up-or-down-5m,btc-updown-5m,btc-updown-5m-1774493100,0x811fb44654ba7860e00272f79a7dfdc9d5812a3c2046b3dfaf18739da3fc888d,Up,already_winner_assist,1,0,3.782994123217157,0.0,93.430851624,93.430851624,,,10.0,60,0,0.0,0.0,0.0,truncated_http_400_at_offset_3500,12221.204585308287,10628.929662691713,12221.204585308287,,1
5m,300,btc-up-or-down-5m,btc-updown-5m,btc-updown-5m-1774494300,0xb740871d16634fec4542d46f7b87f7f0e31a1e3232375d7abe5d0d5ccfb018a4,Up,already_winner_assist,1,0,9.953425594681422,0.01412460301066331,174.3767259,174.3767259,,,10.0,60,1,0.00024630020276367507,0.3487534518,0.3489997520027637,truncated_http_400_at_offset_3500,1160.288905912338,21158.887181087648,1159.939906160335,3324.6124080430573,1
5m,300,btc-up-or-down-5m,btc-updown-5m,btc-updown-5m-1774494900,0x682d6fcbdbdd473dd34f4b3627edf49a32913faed90601ccc6f55441825a2fe5,Down,already_winner_assist,1,0,8.174737093815644,-0.0,-98.038985913,98.038985913,,,10.0,60,0,0.0,0.0,0.0,truncated_http_400_at_offset_3500,3606.2434098849167,23613.488648115086,3606.2434098849167,,1
5m,300,btc-up-or-down-5m,btc-updown-5m,btc-updown-5m-1774503300,0xdef659fba9602f69b6b02d90012d7d4ca297d6ee6af0cd94e384d748a621f6b3,Down,already_winner_assist,1,0,2.760627839902388,0.382827493015436,14537.163500096998,14735.728588608998,0.0,,10.0,60,1,0.5565225858297634,29.074327000193996,29.63084958602376,truncated_http_400_at_offset_3500,7725.0368958531835,23037.204894146787,7695.40604626716,260.7092609149121,1
5m,300,btc-up-or-down-5m,btc-updown-5m,btc-updown-5m-1774513800,0x247f0b080af79f06cc6a98e007d3e0cd663fedc947d42239b3df289098032340,Up,already_winner_assist,1,0,6.271094179933968,0.0,19.446495552000002,42.492848216,,,10.0,60,0,0.0,0.0,0.0,ok,169.83112041679905,11922.094904583193,169.83112041679905,,1
5m,300,btc-up-or-down-5m,btc-updown-5m,btc-updown-5m-1774518900,0x2f54f8405b9cdc8efc0629ca44d232a109da937591c66296a4ca6ce2b134b726,Down,already_winner_assist,1,0,1.94521612981421,0.2588103351726524,804.1568534999999,1123.7596762679998,-1.6968114365545361,,10.0,60,1,0.02081241047857205,1.6083137069999998,1.6291261174785718,truncated_http_400_at_offset_3500,11389.611879925973,12700.05306407403,11387.982753808494,6991.240124216953,1
5m,300,btc-up-or-down-5m,btc-updown-5m,btc-updown-5m-1774529100,0x31ab5c1f861aad55b895b373b913236996e41489706f0c4b45b3761d5af779f7,Up,already_winner_assist,1,0,3.779405210980257,0.014418207312184383,77.701116608,77.701116608,,,10.0,60,1,0.00011203108076423571,0.15540223321600002,0.15551426429676427,truncated_http_400_at_offset_3500,2874.7249834710296,18657.666780528936,2874.5694692067327,18485.28169728057,1
5m,300,btc-up-or-down-5m,btc-updown-5m,btc-updown-5m-1774530900,0x02eed7c552e30731eaf30e8ead73bef6e428f805b75f93a127a7e11ae829c3af,Down,other,0,0,1.25438223136635,0.014396951300794492,546187.811145533,546277.809430973,,-4.305618322338027,10.0,60,1,0.7863439318149777,1092.3756222910658,1093.161966222881,truncated_http_400_at_offset_3500,11369.312152609435,8419.180826390497,10276.150186386554,10.400391253908102,1
5m,300,btc-up-or-down-5m,btc-updown-5m,btc-updown-5m-1774532100,0x385553a6a52abd8074d62440887b465986a80d023a92e66d9aff301a45cdf2aa,Up,already_winner_assist,1,0,8.134551953097478,3.175281327735064,91.61096232399998,91.61096232399998,1.8473137512884248,1.601947740961471,10.0,60,1,0.02908905780832376,0.18322192464799997,0.21231098245632374,truncated_http_400_at_offset_3500,131.82411125894686,17962.74875174103,131.61180027649053,620.9010468220384,1
5m,300,btc-up-or-down-5m,btc-updown-5m,btc-updown-5m-1774533900,0x9961fdf7c2c442da8847e47a1d41f5ac48c70ffb6dcc5c39e9671d13bdafdb95,Down,already_winner_assist,1,0,8.860554396867265,0.014363575123160877,889.688086094,1112.474006094,,,10.0,60,1,0.0012779101660792393,1.7793761721880001,1.7806540823540793,truncated_http_400_at_offset_3500,1944.4782325859794,25456.177550414108,1942.6975785036254,1092.002232132206,1
5m,300,btc-up-or-down-5m,btc-updown-5m,btc-updown-5m-1774538700,0xe772c36ab0005565b4aafe2986c8e6ecf27350bd3195640920a919f9e6bdc464,Up,already_winner_assist,1,0,3.815014733610051,0.0,1.35572031,1.35572031,,,10.0,60,0,0.0,0.0,0.0,truncated_http_400_at_offset_3500,1039.94470349306,21992.766680506928,1039.94470349306,,1
5m,300,btc-up-or-down-5m,btc-updown-5m,btc-updown-5m-1774539300,0x92e9cf1e4f8400fd4ba0d2324d16baba0dbeb604433809aea18d7231537353ff,Up,flip,0,1,2.9501008871591554,4.628538139298939,2050.763977527,2054.147178657,-0.0,,10.0,60,1,0.9492039284684112,4.101527955054,5.0507318835224115,truncated_http_400_at_offset_3500,14737.741915111932,1406.5287148880498,14732.69118322841,2917.9418458525934,1
5m,300,btc-up-or-down-5m,btc-updown-5m,btc-updown-5m-1774541700,0xe35cda86f84e9b43e0fffeb0d66fec4a361295a9baaa47b7a082f64f9989c4d9,Up,already_winner_assist,1,0,3.316130078725102,0.014491650999291214,659.7065944749999,659.7065944749999,,,10.0,60,1,0.0009560237729062635,1.3194131889499996,1.3203692127229059,truncated_http_400_at_offset_3500,7756.040504354332,24585.421736645632,7754.72013514161,5874.145223637552,1
5m,300,btc-up-or-down-5m,btc-updown-5m,btc-updown-5m-1774544100,0x25c15e3003c3a948ddf3d2e82feb2ed7cd9091ab30c5cd2b744714e530b28923,Down,already_winner_assist,1,0,5.341647034014259,-0.0,-29.197363056,29.197363056,0.0,,10.0,60,0,0.0,0.0,0.0,truncated_http_400_at_offset_3500,761.7394336196465,17991.656883380332,761.7394336196465,,1
5m,300,btc-up-or-down-5m,btc-updown-5m,btc-updown-5m-1774548000,0xa5509b13aadcf7b705f31707e49e707c82d2484a67727e382febc6c423c3ac82,Down,already_winner_assist,1,0,9.99752670400685,-0.0,-202.26223103200005,339.04023103200007,-1.4038330514611006,,10.0,60,0,0.0,0.0,0.0,truncated_http_400_at_offset_3500,1957.5644330582963,39147.775907941694,1957.5644330582963,,1
5m,300,btc-up-or-down-5m,btc-updown-5m,btc-updown-5m-1774549200,0x7b1791518d2d9c4246733aa1d71f6ec4edb0d9ee606d5824b1d229392c300d8d,Down,already_winner_assist,1,0,0.9340440354590622,0.014646402878279315,-38.165012790999526,2811.2684559130003,0.01464640287829687,,10.0,60,0,0.0,0.0,0.0,truncated_http_400_at_offset_3500,9002.065008895546,7191.618268104439,9002.065008895546,,1
5m,300,btc-up-or-down-5m,btc-updown-5m,btc-updown-5m-1774551600,0x74744bb916aca75e2be3c84e21c997471aae099bfd2212a1af26eeec9bd23bf7,Down,already_winner_assist,1,0,3.71343769021149,-0.0146165387575178,-9.231330401000001,9.231330401000001,-0.014616538758926888,,10.0,60,0,0.0,0.0,0.0,truncated_http_400_at_offset_3500,116.11201661390598,8935.162578386089,116.11201661390598,,1
5m,300,btc-up-or-down-5m,btc-updown-5m,btc-updown-5m-1774554000,0xdaa7414bf20774248c4819b77f5b6f14af000ec729bcff04e1f889e5a8d5f39d,Up,already_winner_assist,1,0,2.157807310077561,0.0,395.762708326,395.762708326,0.014582435601022816,-0.0,10.0,60,0,0.0,0.0,0.0,truncated_http_400_at_offset_3500,1937.8706743282387,16429.516971671754,1937.8706743282387,,1
5m,300,btc-up-or-down-5m,btc-updown-5m,btc-updown-5m-1774556100,0xd438c9fc89649c8473f2326a7cce2411f37708abaae3e3c47dbe66f93531fbbd,Down,already_winner_assist,1,0,4.9816052307808985,-0.0,-39.849117368,39.849117368,-1.7363799127108182,,10.0,60,0,0.0,0.0,0.0,truncated_http_400_at_offset_3500,10585.376657248198,17733.95653975179,10585.376657248198,,1
5m,300,btc-up-or-down-5m,btc-updown-5m,btc-updown-5m-1774557900,0xdc2b523878a170a60fe75db1902d82c139dc43c43786808e565fc76d30aa49bb,Down,already_winner_assist,1,0,1.9564700237866683,-0.0,-2355.08732288,2355.08732288,0.0,,10.0,60,0,0.0,0.0,0.0,truncated_http_400_at_offset_3500,2018.2535650195996,12708.505795980416,2018.2535650195996,,1
5m,300,btc-up-or-down-5m,btc-updown-5m,btc-updown-5m-1774559400,0x32529e19b0ae32acf33c78897ca578276fe404dff075f7a0731f67284c6c6cb4,Up,already_winner_assist,1,0,1.6036793176940858,0.290397147159076,8309.5686744,8309.5686744,0.29039714715846016,,10.0,60,1,0.24130750371681847,16.6191373488,16.860444852516817,truncated_http_400_at_offset_3500,1554.7627950394235,18096.50024396054,1537.9023501869067,92.21362832590616,1
5m,300,btc-up-or-down-5m,btc-updown-5m,btc-updown-5m-1774561500,0x899974b05755e6d7d4e89aa2e662af305476a0af33c58310044584d8d3ead078,Down,already_winner_assist,1,0,2.1081415657859,-0.0,-3744.517881078,3744.517881078,,,10.0,60,0,0.0,0.0,0.0,truncated_http_400_at_offset_3500,6724.91108628535,15594.825758714664,6724.91108628535,,1
5m,300,btc-up-or-down-5m,btc-updown-5m,btc-updown-5m-1774562400,0xcac45ec997e39cbc809f60c478428d9ec27552c573d0ae2e44908caca8791ec6,Up,already_winner_assist,1,0,2.16984322162001,0.014516706187512449,1337.574367192,1337.574367192,,-0.0,10.0,60,1,0.0019417174092474156,2.675148734384,2.6770904517932474,truncated_http_400_at_offset_3500,689.9088463977888,16997.74900260227,687.2317559459956,257.7084558109173,1
5m,300,btc-up-or-down-5m,btc-updown-5m,btc-updown-5m-1774566600,0x1b2b30fb8a8dfaee0ce36cdddcf9cd3f2a80ddc65a4535d72b8e47547866b584,Down,already_winner_assist,1,0,4.528350259341486,-0.0,22.95970650400001,195.741118048,-0.01454277867326197,0.0,10.0,60,0,0.0,0.0,0.0,truncated_http_400_at_offset_3500,1010.8296171073655,19164.53629189263,1010.8296171073655,,1
5m,300,btc-up-or-down-5m,btc-updown-5m,btc-updown-5m-1774566900,0xe0601b585db1e83109e5780deed0e30beb831b15a0247fec592b322e5e9eb752,Up,already_winner_assist,1,0,4.265981505773346,0.0,4522.125699,4522.125699,,,10.0,60,0,0.0,0.0,0.0,truncated_http_400_at_offset_3500,1182.9215415732997,15905.7539114267,1182.9215415732997,,1
5m,300,btc-up-or-down-5m,btc-updown-5m,btc-updown-5m-1774568100,0x3c743f67412a2ad1f7f644c39fb3f0e0c938fb129005a1c2f9135b970d157166,Up,already_winner_assist,1,0,4.191195381271275,-2.591326060093444,136.43982979,136.43982979,,,10.0,60,0,0.0,0.0,0.0,truncated_http_400_at_offset_3500,350.3791010169173,13105.458734983084,350.3791010169173,,1
5m,300,btc-up-or-down-5m,btc-updown-5m,btc-updown-5m-1774569000,0xbb2adf3a5d4b63b865cea9370057ef1140663c9418422fde84bd22ab9dfac189,Up,already_winner_assist,1,0,6.062802311868739,-0.014537852571011868,71.27268006999999,162.30394013,-0.0,,10.0,60,0,0.0,0.0,0.0,ok,376.5335681077229,13300.73054489228,376.5335681077229,,1
5m,300,btc-up-or-down-5m,btc-updown-5m,btc-updown-5m-1774574400,0x46a14b747d39a57f42f09ad0c6112d2d3a066b215c29ebb2fe67672c67825810,Up,already_winner_assist,1,0,6.3283255848291144,0.0,252.217320388,282.15548693200003,,,10.0,60,0,0.0,0.0,0.0,truncated_http_400_at_offset_3500,1480.3473921840614,21255.86261381592,1480.3473921840614,,1
5m,300,btc-up-or-down-5m,btc-updown-5m,btc-updown-5m-1774574700,0xe2cbf885991bf9fb304f4a845b020ebc283d6d9f3241c0d5cb19547c9cc35526,Down,already_winner_assist,1,0,2.394058254877615,-0.0,-1123.4830956370001,1123.4830956370001,-0.014521786674592084,0.8277069834876987,10.0,60,0,0.0,0.0,0.0,truncated_http_400_at_offset_3500,5718.2707981335,14584.896976866525,5718.2707981335,,1
5m,300,btc-up-or-down-5m,btc-updown-5m,btc-updown-5m-1774579200,0xb7f2c557c73aafda42efa709fcdf37858b42202302202c10d9e40d6da3c957e6,Down,already_winner_assist,1,0,2.263636171051361,4.036092594550595,177729.044283899,190449.563627709,,,10.0,60,1,71.73308794707995,355.45808856779803,427.19117651487795,truncated_http_400_at_offset_3500,7818.888818656654,4320.239845343338,7391.697642141776,18.303020400479507,1
5m,300,btc-up-or-down-5m,btc-updown-5m,btc-updown-5m-1774585500,0xb4215af7fdaaa1c3468dead9ee6f8ebd67a416c8cde13031190bb869301c4fe3,Up,already_winner_assist,1,0,6.459544204960294,0.014600533064147816,17.902099166,17.902099166,,,10.0,60,1,2.6138019079083602e-05,0.035804198332,0.03583033635107908,truncated_http_400_at_offset_3500,212.84246346201866,11076.01596353797,212.8066331256676,5940.286504053669,1
5m,300,btc-up-or-down-5m,btc-updown-5m,btc-updown-5m-1774585800,0xb9fea6430dfa86452cd399e39cc198639f7baca8d8f9d0abcfc5d0694320d48f,Up,already_winner_assist,1,0,8.361888949833682,-0.16045686445844007,116.78808332,116.78808332,-0.0,,10.0,60,0,0.0,0.0,0.0,truncated_http_400_at_offset_3500,839.9004419667873,20384.6852530332,839.9004419667873,,1
5m,300,btc-up-or-down-5m,btc-updown-5m,btc-updown-5m-1774592700,0x0c5440c2a1be221274d9d7868c90d01e7eb565b0da3c1f00c10d6f78490ebc31,Down,other,0,0,1.4764558783585797,3.3586199441175606,110010.848420635,110010.848420635,-2.3269782692517427,,10.0,60,1,36.948462957483855,220.02169684127,256.97015979875385,truncated_http_400_at_offset_3500,12920.740776264696,4453.829600735315,12663.770616465943,50.281094063153375,1
5m,300,btc-up-or-down-5m,btc-updown-5m,btc-updown-5m-1774594500,0x81c59a44a2e434bcdbdf071e236dad4acd9227aa119153e6f1532d63ac9d7b54,Down,already_winner_assist,1,0,6.975582632574918,0.014575910245690155,167.12969829500003,237.034131383,3.9784348954048316,4.1095651434377585,10.0,60,1,0.00024360674817371954,0.33425939659000004,0.33450300333817373,ok,277.14965889470693,14654.13257510527,276.81515589136876,828.5416158566323,1
5m,300,btc-up-or-down-5m,btc-updown-5m,btc-updown-5m-1774596300,0x4e02d044498c488d59f5e4829c54d2e6ded7d312711292effa555f53940bfdf7,Up,already_winner_assist,1,0,6.216644380038503,-0.01451843442013555,54.78975879200001,144.209803688,,,10.0,60,0,0.0,0.0,0.0,ok,174.69648136508786,9853.985259634905,174.69648136508786,,1
5m,300,btc-up-or-down-5m,btc-updown-5m,btc-updown-5m-1774600200,0x7241b0768cf4e94811238d12664dc9ced0c11e1e7f4ec67c0221e960954eb543,Down,already_winner_assist,1,0,0.8931421538222238,-0.0,13032.168156658,14239.431843342,0.0,2.8303789303709186,10.0,60,0,0.0,0.0,0.0,truncated_http_400_at_offset_3500,14541.715567120385,8177.616949879599,14541.715567120385,,1
5m,300,btc-up-or-down-5m,btc-updown-5m,btc-updown-5m-1774601700,0x25fa4fa96a9c4e806510e21c3a273bd45153aa50353195234fa7aa28d7e279ba,Down,already_winner_assist,1,0,7.597016718146047,-0.0,10.200184224000001,10.200184224000001,-1.9886323945990385,-6.409231870395626,10.0,60,0,0.0,0.0,0.0,truncated_http_400_at_offset_3500,929.3735123698438,18616.31274763018,929.3735123698438,,1
5m,300,btc-up-or-down-5m,btc-updown-5m,btc-updown-5m-1774605600,0xf168ee39051df457835f06b6c9b4f0f9ac1e1da9a44ba7ddf57513f4fb281f77,Down,other,0,0,1.987039906632168,-0.0,-19.802227802,19.802227802,,-0.014779661117831185,10.0,60,0,0.0,0.0,0.0,truncated_http_400_at_offset_3500,7813.081605122862,8807.360547877122,7813.081605122862,,1
5m,300,btc-up-or-down-5m,btc-updown-5m,btc-updown-5m-1774610400,0x84035ad7da154571f00801330e3d4363a44795867513a5e9fcdfa3ea9fd1e7cd,Down,already_winner_assist,1,0,7.730534973892189,-0.0,-79.12089694800001,100.142855148,,3.9325935961247813,10.0,60,0,0.0,0.0,0.0,truncated_http_400_at_offset_3500,1131.2075010698268,17094.486419930196,1131.2075010698268,,1
5m,300,btc-up-or-down-5m,btc-updown-5m,btc-updown-5m-1774611300,0xbd88fe56c796ea5ee09b57076e20c0d761817f83d3d594c99b1e185c0523253e,Up,already_winner_assist,1,0,2.5424386147828733,0.0,587.4847764189999,648.493602059,,-1.6794298375175791,10.0,60,0,0.0,0.0,0.0,truncated_http_400_at_offset_3500,16567.469212456348,7239.171826543646,16567.469212456348,,1
5m,300,btc-up-or-down-5m,btc-updown-5m,btc-updown-5m-1774611600,0xf84a3384b846283a9da73541adb78c94842bb15b5c30ac8cb74918a49df2bd67,Up,already_winner_assist,1,0,7.021493882672037,0.0,54.064364494,142.492319434,-0.014986426045945338,-0.014986426045945338,10.0,60,0,0.0,0.0,0.0,truncated_http_400_at_offset_3500,329.1852694146699,18032.069625585318,329.1852694146699,,1
5m,300,btc-up-or-down-5m,btc-updown-5m,btc-updown-5m-1774613100,0xd47d43bdf6822b1baa61f9412f69d6993e175b570200d2b0173e85d7524f87ed,Up,already_winner_assist,1,0,8.303037013440761,-0.1800080103613296,-1702.3244302340004,3832.7853947260005,0.8700843987361448,4.981507008856013,10.0,60,0,0.0,0.0,0.0,truncated_http_400_at_offset_3500,473.806769397094,16939.03735160291,473.806769397094,,1
5m,300,btc-up-or-down-5m,btc-updown-5m,btc-updown-5m-1774613400,0xd7f99f83f378bbb1d82c198b828e041d1732a20b080d7ca70c6ef863482eeb06,Down,already_winner_assist,1,0,7.531746240041442,-0.0,-30565.152794022,30565.152794022,0.0,,10.0,60,0,0.0,0.0,0.0,truncated_http_400_at_offset_3500,2028.4612807146677,19019.968659285318,2028.4612807146677,,1
5m,300,btc-up-or-down-5m,btc-updown-5m,btc-updown-5m-1774617300,0x0ac38dad7e7db286de3085b319977aa81646afde1a9126ade9b3c40d85158746,Up,already_winner_assist,1,0,2.599494363813757,0.0,23.285571023,23.285571023,-1.5635688490745256,,10.0,60,0,0.0,0.0,0.0,truncated_http_400_at_offset_3500,2648.608873973534,16571.68957402645,2648.608873973534,,1
5m,300,btc-up-or-down-5m,btc-updown-5m,btc-updown-5m-1774620300,0x20d359890d5d33c9140596d6ee903690318e088e9a8e4b7c68b7bf20cbf3d8b3,Up,already_winner_assist,1,0,4.004003563783671,0.4524941478198058,2509.85277892,2509.85277892,3.3942052945089363,,10.0,60,1,0.11356936943505769,5.01970555784,5.133274927275058,truncated_http_400_at_offset_3500,2788.4349836317983,22431.356702368237,2783.301708704523,543.2078006996613,1
5m,300,btc-up-or-down-5m,btc-updown-5m,btc-updown-5m-1774620600,0x563310993bdbcd2f464069cd2e7607f9578521a4818dd87dce1b3ad394a3246a,Up,already_winner_assist,1,0,6.370413845293734,-0.8441744431209393,-15823.793404847002,18263.389308497,3.482973046690981,,10.0,60,0,0.0,0.0,0.0,truncated_http_400_at_offset_3500,25197.99077722404,13155.19663077599,25197.99077722404,,1
5m,300,btc-up-or-down-5m,btc-updown-5m,btc-updown-5m-1774625700,0xe70ab80b4712062e236de4b75a8b3dd69ffbfdd4c5fa280b569ffbfd55d6580d,Down,already_winner_assist,1,0,6.211535726949688,-1.74632256527076,-85.879955701,113.94576682900001,-1.7463225652701024,,10.0,60,0,0.0,0.0,0.0,truncated_http_400_at_offset_3500,8075.463009813932,17887.77100018607,8075.463009813932,,1
5m,300,btc-up-or-down-5m,btc-updown-5m,btc-updown-5m-1774628100,0x4afad2dd677adba9a408d24f684b15a2eb487a0341dbc7fcec035077bc131bfa,Down,other,0,0,0.5647442805040815,-0.272985782005298,-80897.12584440601,80907.016604406,0.015165658277907086,,10.0,60,0,0.0,0.0,0.0,truncated_http_400_at_offset_3500,6134.424894568181,8846.176961431831,6134.424894568181,,1
5m,300,btc-up-or-down-5m,btc-updown-5m,btc-updown-5m-1774629900,0xb1e74e9bf8bb6c4c7bac0a23a62a4a60273cf1b9413a2eeb58277661552533bb,Up,already_winner_assist,1,0,4.366566824729827,-2.3322696875846676,1281.2798562239998,1429.27650544,4.196426130628943,,10.0,60,0,0.0,0.0,0.0,truncated_http_400_at_offset_3500,3767.6472927333452,24713.92868826664,3767.6472927333452,,1
5m,300,btc-up-or-down-5m,btc-updown-5m,btc-updown-5m-1774630800,0x35d88a0d9fa89b580668a26b964e2ae15f22085b3cadfeccabef8f9f073c61b9,Up,already_winner_assist,1,0,8.660236980924214,0.9999500033329732,106.79603853600001,106.79603853600001,1.0151015299649826,,10.0,60,1,0.010679069909002154,0.21359207707200004,0.2242711469810022,truncated_http_400_at_offset_3500,702.6940958145359,19183.91121118547,702.4698246675549,3133.234503295515,1
5m,300,btc-up-or-down-5m,btc-updown-5m,btc-updown-5m-1774632600,0x52bfc2ac7aee51e4ebecf28348e32ff3d64aa21b0c79db6d6b7f147a7e94d675,Up,already_winner_assist,1,0,5.255088822072271,0.6072631713442475,2.2976446420000016,73.04067859400001,,,10.0,60,1,0.0001395274971923039,0.004595289284000003,0.004734816781192307,truncated_http_400_at_offset_3500,7303.5830520298305,25049.114297970176,7303.57831721305,1542527.0690602444,1
5m,300,btc-up-or-down-5m,btc-updown-5m,btc-updown-5m-1774634100,0xd39032defff7617fe73a1e0eed756c22a1b8fb7225adae9ae6ab113994bfe584,Down,already_winner_assist,1,0,6.716051348489769,-0.01524389082152652,300.834737767,697.3650382330001,,,10.0,60,0,0.0,0.0,0.0,truncated_http_400_at_offset_3500,1862.0186936946366,23489.01456930531,1862.0186936946366,,1
5m,300,btc-up-or-down-5m,btc-updown-5m,btc-updown-5m-1774639200,0x9cb563d7d457593fbcf97b3785234a41ab118105c6776e55cc8df0165734af95,Down,already_winner_assist,1,0,4.7071307969131615,-0.0,285.338964376,285.338964376,0.44056443907784393,,10.0,60,0,0.0,0.0,0.0,truncated_http_400_at_offset_3500,1344.762407782857,25167.43814921714,1344.762407782857,,1
5m,300,btc-up-or-down-5m,btc-updown-5m,btc-updown-5m-1774643400,0xfb0e638c2ae49b060ade83c484b7fc9fdff018b16201020fd9cd7014e0d315a2,Down,already_winner_assist,1,0,6.288963810230407,-0.06078694782781612,-131.08995598999996,176.79332724199998,0.12157278714826508,,10.0,60,0,0.0,0.0,0.0,truncated_http_400_at_offset_3500,441.2706115361731,15985.19443646382,441.2706115361731,,1
5m,300,btc-up-or-down-5m,btc-updown-5m,btc-updown-5m-1774648800,0xc106d4cc2d5f9d911b3c56ed1f6a1a01e61bfcd163216df57f2b0f683e5c917f,Down,already_winner_assist,1,0,6.57088149166414,-0.015151503673003578,-220.02585560900005,222.97869560900003,-0.015151503673728455,,10.0,60,0,0.0,0.0,0.0,truncated_http_400_at_offset_3500,439.7443863055446,20392.73731969445,439.7443863055446,,1
5m,300,btc-up-or-down-5m,btc-updown-5m,btc-updown-5m-1774654500,0xf1687533d1a995f6231535404a5ade3ac79cf01b4dd03a01cf70bc03762d35f4,Up,already_winner_assist,1,0,7.144434452678374,1.7677494555818,14222.679223364,14415.034260916,,-0.015107622929296625,10.0,60,1,2.514213345401629,28.445358446728,30.95957179212963,truncated_http_400_at_offset_3500,1900.4851963785934,18189.688902621398,1869.5256245864637,61.38602979197936,1
5m,300,btc-up-or-down-5m,btc-updown-5m,btc-updown-5m-1774656000,0x7502f762421103574508387c9b93016a5672df069d17b496c0ccd2fdf3f38bbd,Up,already_winner_assist,1,0,7.611815839335893,-0.015060932769357696,-35461.264983597,35461.264983597,-0.015060932770264945,,10.0,60,0,0.0,0.0,0.0,truncated_http_400_at_offset_3500,344.8920514161571,12668.363825583823,344.8920514161571,,1
5m,300,btc-up-or-down-5m,btc-updown-5m,btc-updown-5m-1774658100,0xb89d43331b60f7f0b905efce6497892bd6996853343317a2488ded9a000e977c,Up,already_winner_assist,1,0,6.7403546134782975,0.0,446.3833920000001,446.3833920000001,-0.0,,10.0,60,0,0.0,0.0,0.0,truncated_http_400_at_offset_3500,860.4180910947866,23668.20666390523,860.4180910947866,,1
5m,300,btc-up-or-down-5m,btc-updown-5m,btc-updown-5m-1774658400,0xcc807952b4460db48fa140685a85076471b511409ee312e22c3948e513e270ea,Up,other,0,0,1.879709354781892,0.0,-15112.617097089,15146.801296671,-0.015054334857991262,0.07527201424132984,10.0,60,0,0.0,0.0,0.0,truncated_http_400_at_offset_3500,6585.558078099965,8480.715217900044,6585.558078099965,,1
5m,300,btc-up-or-down-5m,btc-updown-5m,btc-updown-5m-1774661400,0x17b251b3e56a37b6d5aaee44ac020aec1832fc53aa527b070feb9374a6f594ff,Up,already_winner_assist,1,0,0.28063186841655613,-5.454725536665732,-136703.470283342,136703.470283342,2.055737707202251,6.289470032238391,10.0,60,0,0.0,0.0,0.0,truncated_http_400_at_offset_3500,1515.2558700426368,30209.95759595735,1515.2558700426368,,1
5m,300,btc-up-or-down-5m,btc-updown-5m,btc-updown-5m-1774662000,0x480b4311d4b0bbd33e7921e700003978d8750fccf183b4fc538af0e25a1047e9,Up,already_winner_assist,1,0,7.747762998097023,0.0,-60099.444509727,60099.444509727,-3.1321755636199264,,10.0,60,0,0.0,0.0,0.0,ok,396.23102755452095,14124.456771445462,396.23102755452095,,1
5m,300,btc-up-or-down-5m,btc-updown-5m,btc-updown-5m-1774662300,0x24b5e3cf903750f6cc5bdb6ab0fa18bb6e25998e658d3300779f073f99bc895f,Up,other,0,0,2.256691928896418,0.0,-52872.4,52872.4,-0.0,-1.815527302196922,10.0,60,0,0.0,0.0,0.0,truncated_http_400_at_offset_3500,635.6871982883421,8061.245456711659,635.6871982883421,,1
5m,300,btc-up-or-down-5m,btc-updown-5m,btc-updown-5m-1774665900,0x83573687f0124d1bd0a0afa20b833568e2d61b311383c2f465e433dd6243b9cd,Down,already_winner_assist,1,0,1.6605854681842405,-0.0,-98.03909678799998,98.03909678799998,,0.0,10.0,60,0,0.0,0.0,0.0,truncated_http_400_at_offset_3500,9107.986482680286,14846.14040231972,9107.986482680286,,1
5m,300,btc-up-or-down-5m,btc-updown-5m,btc-updown-5m-1774666200,0xb759d4d07dc4d6aab978eefafd89d88d40e6b98354b7e87348562cd0fc7c6bae,Up,already_winner_assist,1,0,0.8156094802074002,-4.212510612511837,-10583.350692516002,10603.250754208,,,10.0,60,0,0.0,0.0,0.0,truncated_http_400_at_offset_3500,9975.918261039897,15873.497723960121,9975.918261039897,,1
5m,300,btc-up-or-down-5m,btc-updown-5m,btc-updown-5m-1774667400,0x66d14894378672a6f605efb70d04a2d1aa3bea08c23b86aaece425eddbb38f3a,Up,other,0,0,0.7909470328497984,0.015133595596232306,66.026659004,66.026659004,0.015133595597123324,-1.0592947830559618,10.0,60,1,9.992207559368665e-05,0.132053318008,0.1321532400835937,truncated_http_400_at_offset_3500,2287.965926799408,16791.729556200597,2287.8337735593245,17312.97640036788,1
5m,300,btc-up-or-down-5m,btc-updown-5m,btc-updown-5m-1774668900,0x8822cfc0e4b699881f2a64a6586c8d0bf279d6331d1189972dd992af46bc4972,Up,already_winner_assist,1,0,0.9966307607002488,-3.734505436890325,-298.2062388,298.2062388,,-1.0131413514750258,10.0,60,0,0.0,0.0,0.0,truncated_http_400_at_offset_3500,3840.2518002835304,32904.528318716446,3840.2518002835304,,1
5m,300,btc-up-or-down-5m,btc-updown-5m,btc-updown-5m-1774669500,0x386c3fae41654f15a876bf0c6c34120bfa76c8cb090bb4ba7c6614ae9a333ba3,Up,other,0,0,0.8365134088742838,0.4079569741944656,10960.782266316,11093.1571611,,4.080318865520365,10.0,60,1,0.44715275681706323,21.921564532632,22.368717289449066,truncated_http_400_at_offset_3500,7816.42885493256,11824.60909006749,7794.060137643111,349.43572104688513,1
5m,300,btc-up-or-down-5m,btc-updown-5m,btc-updown-5m-1774671000,0x8603c0b4143cdb3d1422183a98e17e7b72b566684faf3a9fb86b12ceb73fc351,Down,already_winner_assist,1,0,1.1039236383335946,-0.0,-486.610926759,486.610926759,,,10.0,60,0,0.0,0.0,0.0,ok,1159.1947752389206,9365.802981761077,1159.1947752389206,,1
5m,300,btc-up-or-down-5m,btc-updown-5m,btc-updown-5m-1774672200,0x7348b52b26dbf8fe24bc7f9691d143b38f8b02468815690855726cc848f37ff0,Up,already_winner_assist,1,0,2.842940024325824,0.0,9.828225836,9.828225836,,,10.0,60,0,0.0,0.0,0.0,ok,537.6253752646637,10486.095096735347,537.6253752646637,,1
5m,300,btc-up-or-down-5m,btc-updown-5m,btc-updown-5m-1774673700,0x761d93f0236116f6f942e2d892620100f0d9a2df249844b26439943f55cc5415,Up,other,0,0,0.7969037926520768,3.3977932792351946,141.654282389,221.24106535099997,,,10.0,60,1,0.048131196867622864,0.283308564778,0.33143976164562283,truncated_http_400_at_offset_3500,9539.65686918676,6325.206168813228,9539.325429425115,28782.475650542532,1
5m,300,btc-up-or-down-5m,btc-updown-5m,btc-updown-5m-1774676700,0x188380186adfb9a8d220b90c5272059800ac90cc4c95cb1a867fbe5a41b56ec2,Down,already_winner_assist,1,0,0.4157216182079208,-1.026026366760935,-53.785569022999994,53.785569022999994,,,10.0,60,0,0.0,0.0,0.0,truncated_http_400_at_offset_3500,1350.377181580971,13212.677193419031,1350.377181580971,,1
5m,300,btc-up-or-down-5m,btc-updown-5m,btc-updown-5m-1774680300,0x75cc659a0d4af651d26c07ba841f6ed47bad7510644d73a2dd05530d2a010654,Down,already_winner_assist,1,0,9.509698337399902,-0.01507716872058573,-1.941347385,1.941347385,-0.015077168719760739,,10.0,60,0,0.0,0.0,0.0,truncated_http_400_at_offset_3500,827.465937958642,18202.65938504138,827.465937958642,,1
5m,300,btc-up-or-down-5m,btc-updown-5m,btc-updown-5m-1774683600,0x38035c0ed18b195607cf3b35e18dc6c43db64a2d7d58631b77558eb42722ed56,Up,already_winner_assist,1,0,0.6352447217574557,-1.204949935788643,-215135.195856216,219141.985094424,,,10.0,60,0,0.0,0.0,0.0,truncated_http_400_at_offset_3500,7549.768094499927,5948.82976550007,7549.768094499927,,1
5m,300,btc-up-or-down-5m,btc-updown-5m,btc-updown-5m-1774684800,0x9304d4d27714b14d91525da02bd7b3a1f2c6d0ceb308827a2aa22a81228facf9,Up,other,0,0,0.5281569472360063,0.19548886879467195,9195.718928144,9195.718928144,,,10.0,60,1,0.17976606910166237,18.391437856288,18.571203925389664,truncated_http_400_at_offset_3500,7198.896026604075,7833.4375143959105,7180.324822678685,387.637551960866,1
5m,300,btc-up-or-down-5m,btc-updown-5m,btc-updown-5m-1774685400,0x8954ec2bd7d6fc689c4730af32f31c900833327796e72f1e38492e7d26384e87,Up,other,0,0,0.015743300942845713,-0.8579033599700565,-2.044303414,2.044303414,,,10.0,60,0,0.0,0.0,0.0,truncated_http_400_at_offset_3500,12138.263942881757,5228.371029118247,12138.263942881757,,1
5m,300,btc-up-or-down-5m,btc-updown-5m,btc-updown-5m-1774686600,0x41f40f15fa1046d432d194967a4403b720da63fe6fd8d251eed04ff2fce8048d,Down,already_winner_assist,1,0,5.267016994734244,-0.0,-98.029575343,98.029575343,,-0.01504332854587057,10.0,60,0,0.0,0.0,0.0,truncated_http_400_at_offset_3500,4490.333996903256,18503.732458096703,4490.333996903256,,1
5m,300,btc-up-or-down-5m,btc-updown-5m,btc-updown-5m-1774687200,0x6f790c420580e4d17b6d2b79399800ff7f3ffc106a1a7e4d53977bc33df50292,Down,already_winner_assist,1,0,5.261057247710486,2.3947676700311673,-44.009137456000005,44.009137456000005,0.0,,10.0,60,0,0.0,0.0,0.0,truncated_http_400_at_offset_3500,967.4010123106866,18059.10887468932,967.4010123106866,,1
5m,300,btc-up-or-down-5m,btc-updown-5m,btc-updown-5m-1774687800,0xed97dcec6c2234405808e66150ec7be4f0f13c0c18c9b686807fc9a7362b560a,Down,already_winner_assist,1,0,7.5223032354679145,0.015070034214899868,38.240096704,38.240096704,,,10.0,60,1,5.762795657103597e-05,0.076480193408,0.07653782136457103,truncated_http_400_at_offset_3500,1194.9418936015288,27796.329597398486,1194.8653557801642,15612.436731242802,1
5m,300,btc-up-or-down-5m,btc-updown-5m,btc-updown-5m-1774690800,0xb0ca9c510f949be117857e5e9426a8bb8d1d605a9e7be668004254c3f7b33b1c,Down,already_winner_assist,1,0,1.3219179405814487,0.01510198749760737,67.154682137,67.154682137,,,10.0,60,1,0.0001014169170038771,0.134309364274,0.1344107811910039,truncated_http_400_at_offset_3500,4708.860952357619,13747.955811642378,4708.726541576428,35033.357522609076,1
5m,300,btc-up-or-down-5m,btc-updown-5m,btc-updown-5m-1774694400,0x4334db8c1f141bbefd74d59ec4bae831580ba8d1194e3b96a6052dfe3e465a6a,Up,already_winner_assist,1,0,7.895122561823326,-0.015117512202605106,-6.446823063999999,6.446823063999999,,,10.0,60,0,0.0,0.0,0.0,ok,735.8986803568948,18199.849952643108,735.8986803568948,,1
5m,300,btc-up-or-down-5m,btc-updown-5m,btc-updown-5m-1774703400,0xbe02c77380b564b6982d8cd91f64303052d231a8061d72be9db1757b623ee348,Down,other,0,0,0.1650963715030279,1.835795611885431,6252.661923255,6252.661923255,-1.836132688322038,-1.836132688322038,10.0,60,1,1.1478609321314648,12.50532384651,13.653184778641466,truncated_http_400_at_offset_3500,8480.963082993574,4108.6923160064225,8467.309898214933,621.1710469385046,1
5m,300,btc-up-or-down-5m,btc-updown-5m,btc-updown-5m-1774706100,0x415b3b37d075bfef12c310fa9fc4cfacbef6e1070c35588781ef7bda8458a7d6,Down,already_winner_assist,1,0,3.958901052703985,-0.9433347789829651,154097.944580015,154097.944580015,,-3.0699078145627507,10.0,60,0,0.0,0.0,0.0,ok,658.7771500749938,17497.070762924996,658.7771500749938,,1
5m,300,btc-up-or-down-5m,btc-updown-5m,btc-updown-5m-1774709100,0x0ec6fa9dadc8e5eacc8739476f8d0eb8f3b05dc79a90d96c620577c90bd81ba0,Up,already_winner_assist,1,0,1.9258152153751884,-0.014958717677199442,6.310711597999998,13.688343814,-0.014958717678531271,-0.014958717678531271,10.0,60,0,0.0,0.0,0.0,truncated_http_400_at_offset_3500,1003.9301740826787,10022.36162291734,1003.9301740826787,,1
5m,300,btc-up-or-down-5m,btc-updown-5m,btc-updown-5m-1774713300,0xc4f835bd213559a31b8aa50211a3f5c30d0c052134e735b5e82918490150cc5c,Up,already_winner_assist,1,0,1.5111531608332711,0.0,11.461688445,11.461688445,-0.0,-0.5972065664641503,10.0,60,0,0.0,0.0,0.0,truncated_http_400_at_offset_3500,3357.601560667581,13373.302079332401,3357.601560667581,,1
5m,300,btc-up-or-down-5m,btc-updown-5m,btc-updown-5m-1774714800,0xcba3755f6241e8cf6ddaa4b21f6d7b3fec5336702d919699cb859ad3c6e3ca0e,Down,already_winner_assist,1,0,0.6436195401449355,-0.0,-18.88183803,56.527436526,,,10.0,60,0,0.0,0.0,0.0,truncated_http_400_at_offset_3500,2370.4265341584237,7763.281596841584,2370.4265341584237,,1
5m,300,btc-up-or-down-5m,btc-updown-5m,btc-updown-5m-1774715400,0xe84334d8b082ddf50a6aa659bb19283ac94edfd52a5357fb7547c0371bb18084,Down,already_winner_assist,1,0,8.643879737187875,-0.014932694611532219,-133.96186325499997,142.93947268099998,,-3.4948585610094476,10.0,60,0,0.0,0.0,0.0,ok,151.82258227471348,13743.196750725268,151.82258227471348,,1
5m,300,btc-up-or-down-5m,btc-updown-5m,btc-updown-5m-1774716900,0x47741b92e82a96a09ae3424f9d1268335b585563ef7a9b64177f6e7a8fd68cbc,Up,already_winner_assist,1,0,8.464396683423088,0.0,67.15310159699999,67.15310159699999,,,10.0,60,0,0.0,0.0,0.0,ok,107.10097125637893,7574.952479743619,107.10097125637893,,1
5m,300,btc-up-or-down-5m,btc-updown-5m,btc-updown-5m-1774717500,0xd3a3d31a2d42a4c0fb6c05817fffa08b7169348d5a804745227cbd99349a3a30,Down,already_winner_assist,1,0,9.16447978928614,0.014955608017792362,18.599697965,18.599697965,0.014955608017324297,,10.0,60,1,2.7816979201387027e-05,0.037199395930000004,0.03722721290920139,truncated_http_400_at_offset_3500,586.3971690150454,21822.260851984982,586.3599418021362,15751.841816503715,1
5m,300,btc-up-or-down-5m,btc-updown-5m,btc-updown-5m-1774722300,0x2c53f28bbede9e7fb8822565e58092120fd70e5fe7816b629617dd49d749958d,Down,flip,0,1,2.0588586820504893,4.248177386399832,1935.616505854,1935.616505854,,,10.0,60,1,0.8222842268911221,3.8712330117079996,4.693517238599122,truncated_http_400_at_offset_3500,4534.415573018719,6409.35698998128,4529.72205578012,966.1018256688262,1
5m,300,btc-up-or-down-5m,btc-updown-5m,btc-updown-5m-1774723500,0x2dfe97d6778cb582a624249caf2b14d13b705d81a4a945114b90d46282048cb2,Down,already_winner_assist,1,0,5.802271674555101,-0.014955786956142452,-49.401649992,49.401649992,0.0,,10.0,60,0,0.0,0.0,0.0,ok,2032.0269459949177,15695.17914400508,2032.0269459949177,,1
5m,300,btc-up-or-down-5m,btc-updown-5m,btc-updown-5m-1774724100,0x2764382c12bd9f32abcff63c46a614e7e61a73e36953d5b2355907b083a50e35,Up,already_winner_assist,1,0,0.0324024337812099,0.0,294.46409881400007,350.824138306,2.213097358400893,2.8113158638700364,10.0,60,0,0.0,0.0,0.0,truncated_http_400_at_offset_3500,5788.359308445332,7794.802184554674,5788.359308445332,,1
5m,300,btc-up-or-down-5m,btc-updown-5m,btc-updown-5m-1774725600,0xbe036e71f504f1420ed27c47d0f80008f537183addf6a62fd2df03ffe282408c,Up,other,0,0,3.1455271244341776,0.0,39.610395999999994,39.610395999999994,-0.0,-0.0,10.0,60,0,0.0,0.0,0.0,ok,1533.0273603002133,16602.041583699774,1533.0273603002133,,1
5m,300,btc-up-or-down-5m,btc-updown-5m,btc-updown-5m-1774731600,0x45595f17be2137c76294ab0692e916dfb1f5ddfada0b83503d00adad916a104b,Up,already_winner_assist,1,0,1.3669578860534572,0.44860886398783306,157.578850817,157.578850817,,,10.0,60,1,0.0070691269253522595,0.315157701634,0.32222682855935225,truncated_http_400_at_offset_3500,4949.401696880455,11886.479986119544,4949.079470051896,15359.992583512658,1
5m,300,btc-up-or-down-5m,btc-updown-5m,btc-updown-5m-1774736400,0x7ef2df3040680ff419ed69355eea9cf59c72d072a41f0873da0ea0ba7035a34a,Up,already_winner_assist,1,0,7.750810115140868,1.3186918595884936,-133.4744,133.4744,,,10.0,60,0,0.0,0.0,0.0,ok,882.8925265348718,21263.99313146512,882.8925265348718,,1
5m,300,btc-up-or-down-5m,btc-updown-5m,btc-updown-5m-1774753200,0xcb26895ceb55e7ad2fb7eeeacd184190c7f5b4e5d7a1c4f7f1a86794ddafd715,Down,already_winner_assist,1,0,1.1937160520862833,-1.9927287939582705,-177.364878968,177.364878968,0.38950960745239677,,10.0,60,0,0.0,0.0,0.0,truncated_http_400_at_offset_3500,5189.296207546052,7683.4800954539505,5189.296207546052,,1
5m,300,btc-up-or-down-5m,btc-updown-5m,btc-updown-5m-1774761600,0xa8ff58e2d1cd10119f407d12d0fa03b89becb52a369c89d063c2c4457d7fcb68,Up,other,0,0,1.6722612319703916,1.6956006705996662,186.595350796,186.595350796,,-3.4053380127016606,10.0,60,1,0.03163912019404776,0.373190701592,0.40482982178604776,truncated_http_400_at_offset_3500,10165.274199532012,7042.889295467972,10164.869369710226,25109.99351452016,1
5m,300,btc-up-or-down-5m,btc-updown-5m,btc-updown-5m-1774762800,0x5044418347404b9fe28639a76b4711f1565e5d44ed730d4a9926c1a8df26c09e,Up,already_winner_assist,1,0,1.3680417037351544,0.01501247912430831,6661.186894815,6661.186894815,-0.9457407521489968,,10.0,60,1,0.01000009292015263,13.322373789630001,13.332373882550154,truncated_http_400_at_offset_3500,4643.00862823722,6072.944441762779,4629.67625435467,348.25070682379686,1
5m,300,btc-up-or-down-5m,btc-updown-5m,btc-updown-5m-1774763100,0x94cb1e3406cf4cf9b0214b482eefc00b2f371c4fc869d5df93c3d70b5f6eba7b,Up,flip,0,1,1.8515185845145328,3.9332075814479084,6.995667,6.995667,,,10.0,60,1,0.0027515410481684945,0.013991334000000001,0.016742875048168494,truncated_http_400_at_offset_3500,13173.056354925298,3589.427167074707,13173.03961205025,786785.8009467914,1
5m,300,btc-up-or-down-5m,btc-updown-5m,btc-updown-5m-1774764300,0x1cc9668d592745a8f2ff57ca676bd0b45bf8656882fa95715b561427ecc6358e,Down,other,0,0,1.5820339503051155,1.6465734843070108,6.67999,6.67999,-2.6949779249782093,,10.0,60,1,0.001099909440943599,0.013359980000000002,0.014459889440943601,truncated_http_400_at_offset_3500,7168.988896081295,11860.425525918718,7168.974436191854,495784.48890363524,1
5m,300,btc-up-or-down-5m,btc-updown-5m,btc-updown-5m-1774764600,0xc1764e223b73b7cbe8488ceae69cdab3fc478948f90a5c08ef157a85bc855a94,Down,already_winner_assist,1,0,2.3151612475464343,0.5840793450979891,-7.010829,7.010829,,,10.0,60,0,0.0,0.0,0.0,truncated_http_400_at_offset_3500,5249.02298465415,14971.83873434587,5249.02298465415,,1
5m,300,btc-up-or-down-5m,btc-updown-5m,btc-updown-5m-1774768800,0xcd9aedc77cabbf182df00a01eaf89c3c2843590cfa06d5b9a9dadab3a7eda5ea,Up,flip,0,1,3.2148036908912956,2.567415310043309,40372.393806979,40372.393806979,,,10.0,60,1,10.365270196313555,80.74478761395801,91.11005781027157,truncated_http_400_at_offset_3500,4935.20147972167,5261.734611278334,4844.091421911398,54.167471718641416,1
5m,300,btc-up-or-down-5m,btc-updown-5m,btc-updown-5m-1774791000,0xd26e3194b47f8f3f77bd245db9291d9f298df68ad0c635422084344a0a932e3f,Up,already_winner_assist,1,0,0.4728839058430613,-1.4115979311984836,66604.66262906,66673.12321426,,,10.0,60,0,0.0,0.0,0.0,truncated_http_400_at_offset_3500,3080.9406443080206,13492.089698691974,3080.9406443080206,,1
5m,300,btc-up-or-down-5m,btc-updown-5m,btc-updown-5m-1774793100,0xb9eaf0b67c77028036e730fdc666dfe2cc7e757f4a46632cba991aacd3287711,Up,already_winner_assist,1,0,3.1533007759811174,-0.015048014453477292,-33226.95,33226.95,,,10.0,60,0,0.0,0.0,0.0,truncated_http_400_at_offset_3500,1234.6709672979985,13987.141252702006,1234.6709672979985,,1
5m,300,btc-up-or-down-5m,btc-updown-5m,btc-updown-5m-1774799700,0x66ac7a00e9e898d3c52115e0e76383d2a9256f69e3c7d718bdf3fe9eb029e67a,Down,already_winner_assist,1,0,1.5947076313986728,-0.0,-164.84816737499997,267.99271783499995,-0.015045863554112977,,10.0,60,0,0.0,0.0,0.0,ok,633.0714176674859,12496.329221332519,633.0714176674859,,1
5m,300,btc-up-or-down-5m,btc-updown-5m,btc-updown-5m-1774817400,0xd7dad71976e1b56c0a993e3b3ea4dd0fb13638708a96af9dacdf82e1d99d6f90,Up,already_winner_assist,1,0,0.07872188155989822,0.0,70.373359827,70.373359827,,0.015029988583327757,10.0,60,0,0.0,0.0,0.0,truncated_http_400_at_offset_3500,3376.1525579821127,6581.2822410178915,3376.1525579821127,,1
5m,300,btc-up-or-down-5m,btc-updown-5m,btc-updown-5m-1774818300,0xcb042a038cf687726ac0bc2a42a4826ababff8ba933e2b11069417d2b3e65cf0,Down,already_winner_assist,1,0,6.516341503933646,-0.015034620972704865,-1005.1760790760001,1005.1760790760001,,0.0,10.0,60,0,0.0,0.0,0.0,truncated_http_400_at_offset_3500,2516.747745721615,19062.02050927839,2516.747745721615,,1
5m,300,btc-up-or-down-5m,btc-updown-5m,btc-updown-5m-1774820400,0xc2440eb1d48cd90ce0138f25a5ed3a3e7d29412b8cba6b78187004d2e06193df,Up,other,0,0,1.5916789762281303,3.5902031404082946,4.527576,4.527576,,,10.0,60,1,0.0016254917573637225,0.009055152,0.010680643757363722,truncated_http_400_at_offset_3500,4790.228652593763,12032.331683406248,4790.217971950006,448496.24811155803,1
5m,300,btc-up-or-down-5m,btc-updown-5m,btc-updown-5m-1774823400,0x712c8ec24b408977a40a1a1575dd4bb6be348cadd3ec541e780f2ec9a381eb86,Down,already_winner_assist,1,0,0.22307819343824117,-0.0,-221.03025868800003,221.03025868800003,,0.4824603064246315,10.0,60,0,0.0,0.0,0.0,truncated_http_400_at_offset_3500,3677.08984400961,3742.1904279903893,3677.08984400961,,1
5m,300,btc-up-or-down-5m,btc-updown-5m,btc-updown-5m-1774827300,0x4ba82a2166485986e5f0b704176d27881e25f85ab36723542885f4e761aa0d08,Down,already_winner_assist,1,0,5.171459580901413,-0.0,66.057459812,216.49551058000003,1.684683423892607,7.40441810525446,10.0,60,0,0.0,0.0,0.0,truncated_http_400_at_offset_3500,1785.788662502761,11192.99310749723,1785.788662502761,,1
5m,300,btc-up-or-down-5m,btc-updown-5m,btc-updown-5m-1774829100,0x859b706572bc36c8fd8698fb8b82b8a2743396abe6a5e47e126f1483c2fec5c0,Up,already_winner_assist,1,0,1.2801357932679245,-1.8227635880528688,53.518903581000004,53.518903581000004,-0.0,0.5468938708246792,10.0,60,0,0.0,0.0,0.0,truncated_http_400_at_offset_3500,4299.450992444184,10661.402549555809,4299.450992444184,,1
5m,300,btc-up-or-down-5m,btc-updown-5m,btc-updown-5m-1774831500,0x4fc9343f55b87eedf3322f2f12be413c042654dc2fb35c91f4a2e41b51d32a19,Up,already_winner_assist,1,0,0.7970521510399622,0.19610549571215255,31.040135395999997,163.628438716,2.640204291713705,4.013386054094318,10.0,60,1,0.0006087141138804912,0.062080270791999986,0.06268898490588047,truncated_http_400_at_offset_3500,3310.774264243644,6192.99715975635,3310.7115752587383,52812.695391612266,1
5m,300,btc-up-or-down-5m,btc-updown-5m,btc-updown-5m-1774832700,0xc467bd8324c84bfd6e94a7a3ed0002e220a250be4e4bc5a1e34d11fe6e245637,Down,already_winner_assist,1,0,7.688870486165923,-0.0,-9.803963069999998,9.803963069999998,,1.6436542542434096,10.0,60,0,0.0,0.0,0.0,truncated_http_400_at_offset_3500,7586.85660529635,26890.3140627036,7586.85660529635,,1
5m,300,btc-up-or-down-5m,btc-updown-5m,btc-updown-5m-1774834800,0x1c251ad65b4d6fa2664a34585cea8cb05b87d7906a1126a5ff6123545024e012,Up,other,0,0,1.033830587400624,7.497181396069844,538.693775976,538.693775976,-2.507821939766755,,10.0,60,1,0.40386849554258836,1.077387551952,1.4812560474945884,truncated_http_400_at_offset_3500,15431.142565826269,2544.377634173738,15429.661309778774,10417.606457659134,1
5m,300,btc-up-or-down-5m,btc-updown-5m,btc-updown-5m-1774835700,0xd5d48f257132cfeda8de9afe2504cf0330cc589147d3563a88c8368c6e02c73b,Up,other,0,0,1.1416471556761483,0.015020439062831827,14350.777696320001,14350.777696320001,-5.01556487425188,-8.03270178434272,10.0,60,1,0.02155549818918207,28.701555392640003,28.723110890829187,truncated_http_400_at_offset_3500,5737.622044970417,4757.346589029594,5708.898934079588,199.7562891699988,1
5m,300,btc-up-or-down-5m,btc-updown-5m,btc-updown-5m-1774844100,0xb1629d80e709ca250231ac13b813a7bba75fb4c7c5a5b1c0ebf301726e64a988,Down,already_winner_assist,1,0,3.60673819690512,-0.20793170335374436,-546.4430290180001,546.4430290180001,,,10.0,60,0,0.0,0.0,0.0,truncated_http_400_at_offset_3500,4674.776454055575,23158.500513944466,4674.776454055575,,1
5m,300,btc-up-or-down-5m,btc-updown-5m,btc-updown-5m-1774845000,0xf0a1466117bec0db5667841b574a53679532f1aac5f08074ffeed2c6c73db142,Up,already_winner_assist,1,0,5.068702183014009,-0.6970806413884036,-90.477743937,136.57396022700001,5.133196165196535,,10.0,60,0,0.0,0.0,0.0,truncated_http_400_at_offset_3500,721.7429220733565,24820.757630926644,721.7429220733565,,1
5m,300,btc-up-or-down-5m,btc-updown-5m,btc-updown-5m-1774846800,0xac459255357bc555821c973f3867ee56596979762d48d0f3fe56f2b9361fc019,Up,other,0,0,0.9765946630732472,2.7243075023287093,3834.7408123919995,3834.7408123919995,-3.2415510883635954,-0.04441190860857217,10.0,60,1,1.0447013164685612,7.669481624783999,8.71418294125256,truncated_http_400_at_offset_3500,11230.349694811024,2943.0962831889883,11221.635511869772,1288.7438524668837,1
5m,300,btc-up-or-down-5m,btc-updown-5m,btc-updown-5m-1774848000,0xffce623d14d95a5f264269b9207068e58cf8f973a917c39673dcf3b79fab1010,Up,flip,0,1,0.20480834707147472,1.0501381828786487,28.342986903000003,28.342986903000003,,,10.0,60,1,0.0029764052763669763,0.056685973806,0.05966237908236698,truncated_http_400_at_offset_3500,6063.841622142114,5435.198167857877,6063.781959763031,101635.93399067558,1
5m,300,btc-up-or-down-5m,btc-updown-5m,btc-updown-5m-1774852500,0x29d3a246d223a4fad9c8f5cf00eb55e3b7eb48e71e84cf70fc037b36b4cdf98f,Down,other,0,0,2.3520347388655014,1.917646741156198,1603.59907525,1603.59907525,,-1.9477541044341282,10.0,60,1,0.30751365407742554,3.2071981505,3.5147118045774257,truncated_http_400_at_offset_3500,9604.516838064312,5523.999635935689,9601.002126259735,2732.6612741208987,1
5m,300,btc-up-or-down-5m,btc-updown-5m,btc-updown-5m-1774864800,0xc2d5ae1e9deca7e623604d8cbece98ccf3b6b22d323dab0f0489caee6e9bbfbe,Down,already_winner_assist,1,0,4.598088245605126,-0.0,-19.8022669,19.8022669,,,10.0,60,0,0.0,0.0,0.0,ok,219.1120425422212,14495.954710457774,219.1120425422212,,1
5m,300,btc-up-or-down-5m,btc-updown-5m,btc-updown-5m-1774872300,0xba704b864f81de7228bea0885d9fc454f73e4401bfd2d29557d1cc6092285f82,Up,already_winner_assist,1,0,2.1834882261671362,-1.741723129466337,-186.28108549300003,191.98875826900002,,,10.0,60,0,0.0,0.0,0.0,truncated_http_400_at_offset_3500,328.893422270365,16595.91749272965,328.893422270365,,1
5m,300,btc-up-or-down-5m,btc-updown-5m,btc-updown-5m-1774877400,0xba48ba5e248e0c522eb10c2bac692f00cf250589b8bb0343e5a9c93dc4a0d72a,Up,already_winner_assist,1,0,4.372521645265928,-0.014734104664163116,-67.359258656,67.359258656,,8.726402784892057,10.0,60,0,0.0,0.0,0.0,truncated_http_400_at_offset_3500,570.9943266291534,28238.660866370876,570.9943266291534,,1
5m,300,btc-up-or-down-5m,btc-updown-5m,btc-updown-5m-1774881000,0x9af3b315a8d8d46b14f599f5ef0070ad40ba335f087b903f987b85f166a18e27,Up,already_winner_assist,1,0,6.090504974116157,0.014858852049549431,49.019301,49.019301,0.014858852050202789,1.8575276360645252,10.0,60,1,7.283705411313305e-05,0.09803860199999999,0.09811143905411313,truncated_http_400_at_offset_3500,2385.5095954779963,22820.939949522053,2385.411484038942,24314.286065687756,1
5m,300,btc-up-or-down-5m,btc-updown-5m,btc-updown-5m-1774883400,0xb8a0c62a9e2a72baa577bcdb8aef7c4181038b8b79c4f06d9ac854f299d618f1,Down,already_winner_assist,1,0,6.756238270260368,1.9846030414742604,3107.5160546770003,3312.4493692030005,,,10.0,60,1,0.6167185813542069,6.215032109354,6.8317506907082075,truncated_http_400_at_offset_3500,10846.26643577874,16168.181334221275,10839.434685088032,1587.6262069297454,1
5m,300,btc-up-or-down-5m,btc-updown-5m,btc-updown-5m-1774889100,0xd8a94c255424423e000bfda611d0ecc4253956a6fc645e361853b31233afe9b7,Down,already_winner_assist,1,0,3.3588546555875105,3.7290676797354076,-30.166335033000003,38.165185137,,,10.0,60,0,0.0,0.0,0.0,truncated_http_400_at_offset_3500,11065.089698207517,3071.130271792486,11065.089698207517,,1
5m,300,btc-up-or-down-5m,btc-updown-5m,btc-updown-5m-1774890900,0xb7a7d2520fda4a125a770b62fa29ace467269633a5d32f6f1747ed8689f6aa8d,Down,already_winner_assist,1,0,8.37284902983189,-0.0,-1009.899745155,1009.899745155,,,10.0,60,0,0.0,0.0,0.0,truncated_http_400_at_offset_3500,265.57336302018473,17534.335730979816,265.57336302018473,,1
5m,300,btc-up-or-down-5m,btc-updown-5m,btc-updown-5m-1774892400,0xb974e148df928393b7cd71abbed124b3ad0703a6ed73d5dc261647954c592d0e,Up,already_winner_assist,1,0,3.951820836599483,-1.0912240929190917,13.37874,13.37874,-0.11959201185283835,-3.4825317012004064,10.0,60,0,0.0,0.0,0.0,truncated_http_400_at_offset_3500,5220.799325458836,21711.991637541174,5220.799325458836,,1
5m,300,btc-up-or-down-5m,btc-updown-5m,btc-updown-5m-1774895100,0x00c9ab4a49d82904292dd6e29a628081258494c2c9b9ee38feccb6bac3638614,Up,already_winner_assist,1,0,2.6721013766353847,0.0,-25.027130696000004,86.385418904,-1.2605306850887452,-2.025775372448934,10.0,60,0,0.0,0.0,0.0,truncated_http_400_at_offset_3500,3871.781967468858,12623.95699653113,3871.781967468858,,1
5m,300,btc-up-or-down-5m,btc-updown-5m,btc-updown-5m-1774895700,0xb13664fa4969ad01540e3f8b14819414e0cfcde10430469d99ff6e4de90337e1,Down,already_winner_assist,1,0,8.871016688209748,0.7800990729771655,-617.0311924590001,633.3760087310001,,-0.8251710171614062,10.0,60,0,0.0,0.0,0.0,truncated_http_400_at_offset_3500,2155.103102841823,21775.66028515818,2155.103102841823,,1
5m,300,btc-up-or-down-5m,btc-updown-5m,btc-updown-5m-1774897200,0x549aa49c059516d5d058a58ccec9d98c5e6c1c1b81dbc1ead170a72f454ce5f5,Down,already_winner_assist,1,0,8.959457989105367,-0.0,-19536.908650896003,19536.908650896003,,,10.0,60,0,0.0,0.0,0.0,truncated_http_400_at_offset_3500,202.11991531799802,14221.558901681998,202.11991531799802,,1
5m,300,btc-up-or-down-5m,btc-updown-5m,btc-updown-5m-1774908600,0xc2c19b5be0acd68044a39752c38bac2722469959ba89856b0733fdd3f982f2ff,Up,already_winner_assist,1,0,3.8889318211184487,-0.014989571006661206,-93155.57865057999,93155.57865057999,-1.3040086292892157,4.617857396268807,10.0,60,0,0.0,0.0,0.0,truncated_http_400_at_offset_3500,520.2662504963037,18643.532602503685,520.2662504963037,,1
5m,300,btc-up-or-down-5m,btc-updown-5m,btc-updown-5m-1774910100,0xcc018e53a65c6a3a917ce668a6757c5f6d102e78b973b182886e3199cb35ed5c,Down,flip,0,1,0.3115348840467826,1.168591848152989,-24.749676342,24.749676342,-0.014982833419401277,,10.0,60,0,0.0,0.0,0.0,truncated_http_400_at_offset_3500,3952.314338140847,4802.6686298591485,3952.314338140847,,1
5m,300,btc-up-or-down-5m,btc-updown-5m,btc-updown-5m-1774913400,0x0a05864061166afbb041151710a24eb5a25043eb18c8ef97e875afdc53ec847a,Up,already_winner_assist,1,0,6.308161614464855,0.029989413736956728,-183.873159936,183.873159936,,-0.014994673141023885,10.0,60,0,0.0,0.0,0.0,ok,359.8548258255125,17198.540440174485,359.8548258255125,,1
5m,300,btc-up-or-down-5m,btc-updown-5m,btc-updown-5m-1774914300,0xcd16d22f5d797b7eb653535b0b95b1215780bc30f9ebd67c21bcf4f94a34302d,Down,already_winner_assist,1,0,4.480461385888772,-0.34494420530894904,-56.546982978,67.451208726,,0.0,10.0,60,0,0.0,0.0,0.0,truncated_http_400_at_offset_3500,2768.4767407618897,19910.342229238104,2768.4767407618897,,1
5m,300,btc-up-or-down-5m,btc-updown-5m,btc-updown-5m-1774914600,0x34cd522052b44d65d3c0625275fa4e501005e08c35f142e876e781518c8e0de8,Up,already_winner_assist,1,0,2.9307705840902916,-0.014995415152819271,-142.90824039,142.90824039,-1.8592600198690958,,10.0,60,0,0.0,0.0,0.0,ok,1277.015833256822,11810.36731374318,1277.015833256822,,1
5m,300,btc-up-or-down-5m,btc-updown-5m,btc-updown-5m-1774916100,0xcd444b1e0a32be5c91debeb29007b053c0669fb4e879b9de7b398e16f07a55b5,Down,already_winner_assist,1,0,8.034050825212848,-0.7664787294643802,-372.75913563000006,372.75913563000006,8.667640128076325,,10.0,60,0,0.0,0.0,0.0,ok,114.00352951761381,9763.338785482381,114.00352951761381,,1
5m,300,btc-up-or-down-5m,btc-updown-5m,btc-updown-5m-1774918500,0x850dc16651118076b1b96a49d13e57c4cbe0aef906b81dabd92e4510aaa571ad,Up,already_winner_assist,1,0,8.878841181422976,2.4131885338719523,127.51586103800001,331.016119022,,,10.0,60,1,0.030771981374371087,0.255031722076,0.2858037034503711,truncated_http_400_at_offset_3500,3402.3274558582,22883.49473614175,3402.04165215475,11904.420463358354,1
5m,300,btc-up-or-down-5m,btc-updown-5m,btc-updown-5m-1774921500,0x4fbead7ff8fbd664df90061e396310c0de7f5152a3f1b2be0c24cd42d9b1b862,Down,already_winner_assist,1,0,5.704329199152524,0.35366306523375324,51.8731557,90.7949373,,-9.170133137752746,10.0,60,1,0.0018345619248209737,0.10374631139999999,0.10558087332482095,truncated_http_400_at_offset_3500,8577.960892633042,5612.839374366949,8577.855311759717,81245.40574922915,1
5m,300,btc-up-or-down-5m,btc-updown-5m,btc-updown-5m-1774925700,0x00821edd919d32b5d20dfd40d3925bd510b53fda6b978c3d027355e2bfa737a9,Down,already_winner_assist,1,0,6.349134559938283,0.014727529656154028,33.882091756,45.077460244,-2.4892641407159197,-9.267916362186018,10.0,60,1,4.9899951114902194e-05,0.067764183512,0.0678140834631149,truncated_http_400_at_offset_3500,4457.573717677163,30130.298450322814,4457.505903593699,65732.27108645807,1
5m,300,btc-up-or-down-5m,btc-updown-5m,btc-updown-5m-1774926600,0xa88840ce94154d15783774e7285617765ad80dd2ca2c81e15358a51f5ecd847d,Down,already_winner_assist,1,0,7.034739355898128,-1.4738284932465013,6393.412540848,7177.687459152,,4.862093447974899,10.0,60,0,0.0,0.0,0.0,truncated_http_400_at_offset_3500,1289.5877300921502,34233.13267990785,1289.5877300921502,,1
5m,300,btc-up-or-down-5m,btc-updown-5m,btc-updown-5m-1774927500,0x5e6f16b0838e3bd8f8ee97bfa3d89fc60f56c36b45eb350d37afa7132ab57678,Up,already_winner_assist,1,0,3.8314363622031555,0.04425735059240801,-27.1142,27.1142,,,10.0,60,0,0.0,0.0,0.0,ok,820.4266887007627,15493.083151299226,820.4266887007627,,1
5m,300,btc-up-or-down-5m,btc-updown-5m,btc-updown-5m-1774935000,0x22b7a406ecd6e06c9a1f98a877c89fa88e58e9ec16d6a3fbcb8d2ea282675cf8,Up,already_winner_assist,1,0,8.412914460277014,0.0,-21193.249952737006,21197.095206899005,-0.0,,10.0,60,0,0.0,0.0,0.0,truncated_http_400_at_offset_3500,5037.211285282847,27141.398045717116,5037.211285282847,,1
5m,300,btc-up-or-down-5m,btc-updown-5m,btc-updown-5m-1774943400,0x91543d0852f8657869152a4234545a2498f894c4d68fbab6009e7541997ed001,Down,already_winner_assist,1,0,0.6062084677207481,-0.13367921592919543,-1290.630873194,1290.630873194,,0.0,10.0,60,0,0.0,0.0,0.0,truncated_http_400_at_offset_3500,3836.7642362748197,6495.417679725176,3836.7642362748197,,1
5m,300,btc-up-or-down-5m,btc-updown-5m,btc-updown-5m-1774947000,0xaebd72169afc188350a5a81594a6b4108ce27a8151a1db5f6cdc3729a6be3401,Down,already_winner_assist,1,0,1.3858742495778529,-0.0,-8.851182046999998,22.888968047,0.0,,10.0,60,0,0.0,0.0,0.0,truncated_http_400_at_offset_3500,8110.765282043588,12332.506384956447,8110.765282043588,,1
5m,300,btc-up-or-down-5m,btc-updown-5m,btc-updown-5m-1774954800,0x90de62b1ded15bd2dec4b6b64db79762d50f842b0957d3ab4555fdc63c3d7972,Up,already_winner_assist,1,0,3.9461326266273042,2.47315347932008,49.2096626,49.2096626,,,10.0,60,1,0.012170304827535722,0.0984193252,0.11058963002753573,truncated_http_400_at_offset_3500,8023.414811471187,16223.983104528843,8023.304221841159,72551.24019741666,1
5m,300,btc-up-or-down-5m,btc-updown-5m,btc-updown-5m-1774961700,0xa9a9af2c8408cd950edfe6af52068def2b888112bb7dd1bae46b44b5a29cbb34,Down,already_winner_assist,1,0,8.133812267183789,-0.0,-99.502223704,99.502223704,,,10.0,60,0,0.0,0.0,0.0,ok,525.737670224937,18485.362247775058,525.737670224937,,1
5m,300,btc-up-or-down-5m,btc-updown-5m,btc-updown-5m-1774971900,0x1f06a8de2e5d61ae18208f6608ad6924715e540e87fa03f4cd716819e5be4c8f,Up,already_winner_assist,1,0,2.2276176595794754,-3.094316124774494,99.999999555,99.999999555,-0.0,,10.0,60,0,0.0,0.0,0.0,truncated_http_400_at_offset_3500,6735.174736024179,21885.939618975863,6735.174736024179,,1
5m,300,btc-up-or-down-5m,btc-updown-5m,btc-updown-5m-1774974600,0x8e61cdf2b455ae1d826cf46ac26c12c2e72e733fbe64063426df5bc9fb11679c,Down,already_winner_assist,1,0,8.690145987192503,0.9851216782512733,4933.755010856,4933.755010856,,-4.8225259174927055,10.0,60,1,0.4860349016375091,9.867510021711999,10.353544923349508,truncated_http_400_at_offset_3500,8174.2594821244165,23182.830654875586,8163.905937201067,789.5131129135948,1
5m,300,btc-up-or-down-5m,btc-updown-5m,btc-updown-5m-1774975500,0x87a6756cbe7de8c2ebe996d26511c2022a0ed4e33bb6dcb4dff7c13f9c767856,Down,already_winner_assist,1,0,2.055696083840543,-6.250623603449438,-1495.4671912800002,1499.442200576,,,10.0,60,0,0.0,0.0,0.0,truncated_http_400_at_offset_3500,284.9472662841225,6136.928694715877,284.9472662841225,,1
5m,300,btc-up-or-down-5m,btc-updown-5m,btc-updown-5m-1774976100,0x67a7c27b4435340a5b080c7d181d42ca2e89dc5b89da817e25ca57de56f5d9c1,Down,already_winner_assist,1,0,1.2704982895391177,-1.4794081210971453,-1874.8343462400003,1874.8343462400003,,,10.0,60,0,0.0,0.0,0.0,truncated_http_400_at_offset_3500,1062.5078355772127,22463.375718422783,1062.5078355772127,,1
5m,300,btc-up-or-down-5m,btc-updown-5m,btc-updown-5m-1774981800,0x133d3f07d510b22627dc2a4c0b8fcb6d912ba7e9d2ca344cd5fcb34090248369,Down,already_winner_assist,1,0,4.542705992636233,0.05909257442853494,-13.53804,13.53804,-1.4774278598850277,,10.0,60,0,0.0,0.0,0.0,truncated_http_400_at_offset_3500,1464.1052619373786,12091.966742062605,1464.1052619373786,,1
5m,300,btc-up-or-down-5m,btc-updown-5m,btc-updown-5m-1774983300,0xab532ac83755c1af8ef707af6b888b28eb001894fc30c5ebb5811eb264758033,Up,already_winner_assist,1,0,8.142648194104302,1.696701984268517,4761.577525295001,9273.863306575,,,10.0,60,1,0.8078978035416402,9.52315505059,10.331052854131642,truncated_http_400_at_offset_3500,2507.73538976314,24887.015554236837,2497.4043369090086,242.73764011963556,1
5m,300,btc-up-or-down-5m,btc-updown-5m,btc-updown-5m-1774986000,0xd5d42302558d57ad10a619f373e55f7c1fd0176cc212b045b0d056eb55fc3be8,Up,already_winner_assist,1,0,8.130285252172666,0.0,11.034761138,11.034761138,,,10.0,60,0,0.0,0.0,0.0,truncated_http_400_at_offset_3500,888.8904189911207,16245.980637008872,888.8904189911207,,1
5m,300,btc-up-or-down-5m,btc-updown-5m,btc-updown-5m-1774989600,0x56aff564d19987654a258bbc4973751a1b6c341863a7f2a957b568da1f600ef7,Down,already_winner_assist,1,0,6.4829310971983976,-0.6178169586829426,8498.14941061,8498.14941061,,0.0,10.0,60,0,0.0,0.0,0.0,ok,219.9684716686161,11337.357143331385,219.9684716686161,,1
5m,300,btc-up-or-down-5m,btc-updown-5m,btc-updown-5m-1774991700,0xef81feaa214975b60e99a120e0cc24fbd99708107fd47c0e24c844a73e60c491,Down,already_winner_assist,1,0,8.924027813156917,-0.0,-43.454284868,54.584971804000006,0.014730436690230213,,10.0,60,0,0.0,0.0,0.0,ok,212.30394859876435,11705.61477140124,212.30394859876435,,1
5m,300,btc-up-or-down-5m,btc-updown-5m,btc-updown-5m-1774992600,0x145169ea8a95afedbb46bf416f57fa930eab3e50907dce6388379261fca0fe84,Up,already_winner_assist,1,0,7.980661274904924,-0.8821077676778953,-512.7555462839999,512.7555462839999,,,10.0,60,0,0.0,0.0,0.0,ok,108.14328717908562,8417.208981820912,108.14328717908562,,1
5m,300,btc-up-or-down-5m,btc-updown-5m,btc-updown-5m-1775001000,0x56c63e2aed634d9d62f78d152c8031da959ca4a429f905053cad5faadc1c0f4f,Up,already_winner_assist,1,0,8.212372314927167,0.0,-351.519958487,1012.9800415130001,,,10.0,60,0,0.0,0.0,0.0,ok,30.57827679324714,2172.9413702067536,30.57827679324714,,1
5m,300,btc-up-or-down-5m,btc-updown-5m,btc-updown-5m-1775003100,0x569d0894ba1b93af9d99bbb6ea458a891379a77162e643c47aa09860d6d1924b,Up,flip,0,1,3.5542006283805567,5.874960689687004,10889.530855002,10889.530855002,-0.44158688670743695,,10.0,60,1,6.397556570227046,21.779061710004,28.176618280231047,truncated_http_400_at_offset_3500,13738.294052389328,9836.214030610636,13710.117434109097,487.57781774075534,1
5m,300,btc-up-or-down-5m,btc-updown-5m,btc-updown-5m-1775009100,0xc9d334cb94923e0f1093b5ffe9d0ae1fc60efca919bb00592b4c75435664edca,Up,already_winner_assist,1,0,0.0914133359445472,-4.247681169208017,4345.861044682999,13165.162947061,,,10.0,60,0,0.0,0.0,0.0,truncated_http_400_at_offset_3500,5994.796504150061,30346.180477849968,5994.796504150061,,1
5m,300,btc-up-or-down-5m,btc-updown-5m,btc-updown-5m-1775011500,0x173fe49e1088be1a60aebad3d198e1b225a1be1a4d7ea12c6d5ac34d3bd9f6c3,Down,flip,0,1,3.6422409935658493,9.052157013353279,5953.483776068,5953.483776068,,0.9914036434064403,10.0,60,1,5.389186991741891,11.906967552136,17.29615454387789,truncated_http_400_at_offset_3500,35825.76194854839,4054.6519284516853,35808.46579400451,2071.3137048852977,1
5m,300,btc-up-or-down-5m,btc-updown-5m,btc-updown-5m-1775013600,0x6f4978976ad3df09d52da8dd9eed527ecf9ed52469dede6f88ee6b3e1a9ffa38,Down,already_winner_assist,1,0,5.448083129718287,2.636134646636555,-9.898193365,9.898193365,,,10.0,60,0,0.0,0.0,0.0,ok,2404.5658465311258,15792.546401468862,2404.5658465311258,,1
5m,300,btc-up-or-down-5m,btc-updown-5m,btc-updown-5m-1775015400,0xee5b54f3f865dde14869ec53400c7048ebdaf3059aed0d051f6da9ac633b60be,Down,already_winner_assist,1,0,4.670742639905722,-0.0,-24.345344028000007,34.622655540000004,,,10.0,60,0,0.0,0.0,0.0,ok,1649.9078279548996,7662.138614045098,1649.9078279548996,,1
5m,300,btc-up-or-down-5m,btc-updown-5m,btc-updown-5m-1775055900,0x62b94d918259e6ac3813eb6f9c6208bb891d487feba6f4642f8df6dd785eec05,Down,already_winner_assist,1,0,3.562130698097663,-0.7878070810411948,-246.534512624,248.589563676,0.0,,10.0,60,0,0.0,0.0,0.0,truncated_http_400_at_offset_3500,2933.681357231949,21242.831124767992,2933.681357231949,,1
5m,300,btc-up-or-down-5m,btc-updown-5m,btc-updown-5m-1775068800,0x2bd3024639caca97974642c65f24448f89aa90b10ed753850ee62b90f99fa7f8,Up,already_winner_assist,1,0,4.867907097774996,0.01466276734851957,50.489142,50.489142,-0.0,,10.0,60,1,7.403105427723681e-05,0.100978284,0.10105231505427724,truncated_http_400_at_offset_3500,1922.830796948611,20374.381353051424,1922.7297446335567,19028.072695967625,1
5m,300,btc-up-or-down-5m,btc-updown-5m,btc-updown-5m-1775069700,0x1719e5465beaae17cc8740ed4e97d6f8ea1fe9a7a8c6948e5dc48397b9abccd3,Down,already_winner_assist,1,0,1.901718623847354,-2.159943056430156,-5485.28152841,5502.39299399,2.0272771680507846,,10.0,60,0,0.0,0.0,0.0,truncated_http_400_at_offset_3500,564.3576867205193,12319.245546279506,564.3576867205193,,1
5m,300,btc-up-or-down-5m,btc-updown-5m,btc-updown-5m-1775070300,0x3c8f3e7360e31208a8e801363a6db6b82311cb5fc66edf2efef1bed2baad2853,Up,already_winner_assist,1,0,0.5385042597469559,-0.7629555728817037,-17291.912991593,17401.243893903,1.1885659965246793,7.83833691255475,10.0,60,0,0.0,0.0,0.0,truncated_http_400_at_offset_3500,1703.6069659352354,5754.471825064763,1703.6069659352354,,1
5m,300,btc-up-or-down-5m,btc-updown-5m,btc-updown-5m-1775071200,0x43cc4fe01d5398b45825d4172f068ee73b97a789b881f883ac8d6d15210ec622,Up,already_winner_assist,1,0,3.6083839295818683,0.014686304213076687,1056.1133123729999,1056.1133123729999,-4.258118387167558,-6.0048907159850575,10.0,60,1,0.0015510401388989963,2.1122266247459995,2.1137776648848985,truncated_http_400_at_offset_3500,1956.302562097335,17325.93178490263,1954.1887844324501,925.5006307410584,1
5m,300,btc-up-or-down-5m,btc-updown-5m,btc-updown-5m-1775074500,0x18405443379783b62d44d85ecf92e6fb5bb40def36bf87a310e5c25e00dc6341,Down,already_winner_assist,1,0,2.5399646295258442,-0.014694288989732844,-790.988232834,896.789803682,-0.014694288990328354,0.4995929787675412,10.0,60,0,0.0,0.0,0.0,truncated_http_400_at_offset_3500,668.9609813258791,13441.096922674098,668.9609813258791,,1
5m,300,btc-up-or-down-5m,btc-updown-5m,btc-updown-5m-1775075100,0x6b17fe96ce5bfc30e2872b96cb69c478277298714b91a24fa134937aefa626aa,Down,already_winner_assist,1,0,9.337732690081861,0.07348958689277443,-58559.46873512599,82578.899017622,0.0734895868943777,1.792991758511202,10.0,60,0,0.0,0.0,0.0,ok,281.1485948958835,15659.1282071041,281.1485948958835,,1
5m,300,btc-up-or-down-5m,btc-updown-5m,btc-updown-5m-1775076600,0x3ca5bbe6b3841f3d73eeb9a082cae567600f3dc9c2a101e7b76361dc9eb27067,Up,already_winner_assist,1,0,8.73605270565357,0.0,54.164689591999995,54.164689591999995,,,10.0,60,0,0.0,0.0,0.0,ok,319.99837534116415,14865.743123658818,319.99837534116415,,1
5m,300,btc-up-or-down-5m,btc-updown-5m,btc-updown-5m-1775078700,0x09d9359c66f5199c1a442e4e3f7b8ceccdab017a6df3fe25a669583dd5f35dc2,Up,already_winner_assist,1,0,2.5105056268466286,0.0,16623.416342746,16623.416342746,-1.3591315024489916,,10.0,60,0,0.0,0.0,0.0,truncated_http_400_at_offset_3500,1550.0626694694959,12048.896323530505,1550.0626694694959,,1
5m,300,btc-up-or-down-5m,btc-updown-5m,btc-updown-5m-1775084700,0xc10dba0619b4cda900bc6103bd2afcd28089ecbfd5a30ccd1af32c43c984b00c,Down,already_winner_assist,1,0,0.3547464859960608,0.01466063918795498,-210.02179484499993,349.510835845,0.014660639187328375,,10.0,60,0,0.0,0.0,0.0,truncated_http_400_at_offset_3500,9632.642144839168,16577.592261160877,9632.642144839168,,1
5m,300,btc-up-or-down-5m,btc-updown-5m,btc-updown-5m-1775086200,0x58f1ded16e5a92805f5b391c3359f9b490ce3da095054eee265560aface60424,Up,other,0,0,0.7055041980965512,-0.014682854022767977,-929.5950132930001,1124.242599759,-0.0,-0.24960558647900077,10.0,60,0,0.0,0.0,0.0,ok,10376.047412619688,4505.051686380304,10376.047412619688,,1
5m,300,btc-up-or-down-5m,btc-updown-5m,btc-updown-5m-1775087400,0x163114c38d34939b7aab68bc38c3f01d88c20aba170f4a597d8b9bf38ad51686,Down,already_winner_assist,1,0,3.753646035698378,-0.0,-673.333368984,673.333368984,0.0,,10.0,60,0,0.0,0.0,0.0,truncated_http_400_at_offset_3500,363.2999234475641,8848.201740552435,363.2999234475641,,1
5m,300,btc-up-or-down-5m,btc-updown-5m,btc-updown-5m-1775091900,0x9b0554fa3d948b462a89a8cd0b209bf79a361ea93ccebbfdc1fe79a040d4d547,Up,already_winner_assist,1,0,6.2976788666562085,0.0,3.408335,3.408335,-5.147816508231088,-17.99845417801474,10.0,60,0,0.0,0.0,0.0,truncated_http_400_at_offset_3500,1111.087010514116,18990.075595485887,1111.087010514116,,1
5m,300,btc-up-or-down-5m,btc-updown-5m,btc-updown-5m-1775093700,0xddf435a9c680c22955230bef486d83ad5b7c92cf29f3b68407508ef10e3e41cb,Down,already_winner_assist,1,0,0.6092181234766938,-6.257315578063317,-120.04786037400004,634.120326372,0.0,-9.097436845051565,10.0,60,0,0.0,0.0,0.0,truncated_http_400_at_offset_3500,3703.1865419591,28110.411931040886,3703.1865419591,,1
5m,300,btc-up-or-down-5m,btc-updown-5m,btc-updown-5m-1775096700,0x04a36cb1ccac124d6dd362d81e9e823383a98e9444fbb9f0d7c8a92a770b7491,Down,flip,0,1,3.425108624726912,2.749917445081942,-1191.211745165,1191.211745165,-1.1809031531122747,-2.2572907972207954,10.0,60,0,0.0,0.0,0.0,truncated_http_400_at_offset_3500,8347.222422903598,13866.010606096395,8347.222422903598,,1
5m,300,btc-up-or-down-5m,btc-updown-5m,btc-updown-5m-1775099700,0xa42e624d06eeea2493512b5feb4c0eaf46bbb0848b287d360b5d93cd4c5b0660,Down,flip,0,1,5.19725650224415,5.797297004189533,123203.281658408,123414.200470358,,-6.205482607938975,10.0,60,1,71.4246015664608,246.406563316816,317.8311648832768,truncated_http_400_at_offset_3500,6890.723225708338,6721.746238291647,6572.892060825061,21.68045172108578,1
5m,300,btc-up-or-down-5m,btc-updown-5m,btc-updown-5m-1775103300,0x68fbcc060419538a58d1b8beefc404343b15c0b2aa31c801208cc02b5cdd3441,Up,already_winner_assist,1,0,2.4043772000972776,0.0,5.9838792640000005,5.9838792640000005,,,10.0,60,0,0.0,0.0,0.0,truncated_http_400_at_offset_3500,4815.951679520195,17664.679616479807,4815.951679520195,,1
5m,300,btc-up-or-down-5m,btc-updown-5m,btc-updown-5m-1775106600,0xabcf1c207b7ec9ca7b12782a77a49439a146faa3434e5804b62ee56b0a8d5e5a,Up,already_winner_assist,1,0,5.923902730237312,0.0,-102.65738138300001,112.46191009900001,-0.0,,10.0,60,0,0.0,0.0,0.0,truncated_http_400_at_offset_3500,3026.3452059526276,6935.301198047382,3026.3452059526276,,1
5m,300,btc-up-or-down-5m,btc-updown-5m,btc-updown-5m-1775107500,0x8a90319ad67afcf8f31918a619541ddd5fc13ae89fbc12e8a6a44bf2d9866593,Down,already_winner_assist,1,0,0.3167929852733266,-0.9181181594436159,-132045.683781152,132059.796338072,,5.627275885006565,10.0,60,0,0.0,0.0,0.0,truncated_http_400_at_offset_3500,7500.183111641916,8465.991154358098,7500.183111641916,,1
5m,300,btc-up-or-down-5m,btc-updown-5m,btc-updown-5m-1775120100,0x2c2253e523a948f39a1c3d4bce6ee7474953211d8b060b042c01124b06eed241,Down,already_winner_assist,1,0,7.330917096314554,-2.0024255010315626,49.785030644,53.48364146,0.015054312193932556,3.4016984737392706,10.0,60,0,0.0,0.0,0.0,truncated_http_400_at_offset_3500,802.3777137296511,14878.267617270356,802.3777137296511,,1
5m,300,btc-up-or-down-5m,btc-updown-5m,btc-updown-5m-1775132700,0x02cbca03184a57311a361bbe306b49e24d2493136d797d8d86eaad759dfc27f2,Up,already_winner_assist,1,0,3.1247609547789,-0.015120712428642711,-295.141726475,314.606432515,,,10.0,60,0,0.0,0.0,0.0,truncated_http_400_at_offset_3500,2529.0282407556238,15272.007097244392,2529.0282407556238,,1
5m,300,btc-up-or-down-5m,btc-updown-5m,btc-updown-5m-1775135100,0x3f84d13f83faaf41f53c95793aca74f6850d4dcf6acaab45528e3abfe27cbc17,Up,already_winner_assist,1,0,7.683587319561519,-0.9238413937484568,-1266.6450361050001,1320.1059644250001,0.015145651949085327,0.015145651949085327,10.0,60,0,0.0,0.0,0.0,truncated_http_400_at_offset_3500,668.723544920653,18374.571039079336,668.723544920653,,1
5m,300,btc-up-or-down-5m,btc-updown-5m,btc-updown-5m-1775139000,0xd30c98a32d543f0c2b13c7e43b68738b4736b4084b6a6bd954939cb281397e95,Up,already_winner_assist,1,0,5.4331199531390215,0.030127560089067976,1662.147524055,1662.147524055,,,10.0,60,1,0.005007644940786257,3.32429504811,3.3293026930507863,truncated_http_400_at_offset_3500,1248.336072897613,24984.015932102382,1245.0067702045621,374.9542135364411,1
5m,300,btc-up-or-down-5m,btc-updown-5m,btc-updown-5m-1775139600,0xd697a792f77e8bc1c58f60948d23e627424ba511a9bebe30ab3a508cddb92942,Up,already_winner_assist,1,0,0.06744608451575607,0.0,216.36780965900002,216.36780965900002,,11.031324350005011,10.0,60,0,0.0,0.0,0.0,truncated_http_400_at_offset_3500,5212.058562846174,14427.032773153813,5212.058562846174,,1
5m,300,btc-up-or-down-5m,btc-updown-5m,btc-updown-5m-1775141700,0x9d6154f551528e09b4d8907706743ced47a1a03866d1f30f4237fcdb3d8eed27,Down,other,0,0,0.3336155754882649,1.7796481577902592,1983.692511154,2188.044408386,0.0,,10.0,60,1,0.3530274723097549,3.967385022308,4.320412494617755,truncated_http_400_at_offset_3500,13711.657476167402,4037.654344832598,13707.337063672785,3173.691746621182,1
5m,300,btc-up-or-down-5m,btc-updown-5m,btc-updown-5m-1775155200,0x9934600cbb5d1a7ef61361b115e50ac813727d19529e94a508840cba0209ac78,Up,already_winner_assist,1,0,7.787194689385645,0.0,-239.39898594099998,386.64730572099995,,,10.0,60,0,0.0,0.0,0.0,truncated_http_400_at_offset_3500,1359.23221530831,20609.733329691688,1359.23221530831,,1
5m,300,btc-up-or-down-5m,btc-updown-5m,btc-updown-5m-1775156400,0x49d3af7dd56ca5ea047f8ccc1c6f9e72d4f73c6901d3233a36f3b3d6c0299a4d,Down,already_winner_assist,1,0,4.694800683378129,0.014936486324961014,116.62553818300003,380.42941124300006,-0.29873441168732895,2.7628703262022953,10.0,60,1,0.00017419757562115985,0.23325107636600007,0.23342527394162121,truncated_http_400_at_offset_3500,3827.6449179637416,20679.724573036223,3827.4114926898,16397.73128817671,1
5m,300,btc-up-or-down-5m,btc-updown-5m,btc-updown-5m-1775170500,0x4c067ac3d8d4bc639b00165b1ae79a9823484d3215d4736eb31b73ba7a284ac4,Down,already_winner_assist,1,0,2.7438436949298732,0.28367078961542086,-169.51822219500002,169.51822219500002,,,10.0,60,0,0.0,0.0,0.0,ok,6636.386099816781,6401.738695183214,6636.386099816781,,1
5m,300,btc-up-or-down-5m,btc-updown-5m,btc-updown-5m-1775173200,0x02df94a0dcfc39e04ee95a49d288652d2f74984f0bfc766c4127af12094d12dd,Down,flip,0,1,1.7019023600789844,3.0799225179485044,129172.83868943999,129172.83868943999,0.014953371649580358,0.014953371649580358,10.0,60,1,39.7842334586936,258.34567737887994,298.12991083757356,truncated_http_400_at_offset_3500,1606.8564561229764,8252.013206877014,1308.7265452854028,5.389786122461293,1
5m,300,btc-up-or-down-5m,btc-updown-5m,btc-updown-5m-1775176200,0xf471e23359ddb5272a7713ff397a140ab305868aa9c0a034ff4dc0be7ea39d85,Up,flip,0,1,0.39092224628478955,0.7183220001168713,137.05545460000002,137.05545460000002,-0.14964392228948567,-0.1646081913557803,10.0,60,1,0.009844994827519906,0.2741109092000001,0.28395590402751997,truncated_http_400_at_offset_3500,2480.9389255995316,7644.427842400463,2480.654969695504,8737.057023329538,1
5m,300,btc-up-or-down-5m,btc-updown-5m,btc-updown-5m-1775178600,0x5f12c2b8a4e3fea56b74dcb03218f15a7abe992e332ad386e8b02d8a4cce9764,Up,already_winner_assist,1,0,3.8319154904599717,0.28437983868558736,-13.715337537999998,33.189990777999995,,,10.0,60,0,0.0,0.0,0.0,ok,9181.031415887654,3704.7529071123467,9181.031415887654,,1
5m,300,btc-up-or-down-5m,btc-updown-5m,btc-updown-5m-1775179200,0x07e9134a6edf19939c7fc7eb41cfafe903168aacbe00961852d542c504854a08,Up,already_winner_assist,1,0,5.84818746881157,-0.9730356849804525,-200335.79831449798,200475.48975177,-0.0,,10.0,60,0,0.0,0.0,0.0,truncated_http_400_at_offset_3500,3982.449164482067,14690.778991517895,3982.449164482067,,1
5m,300,btc-up-or-down-5m,btc-updown-5m,btc-updown-5m-1775179800,0x62a9cb15d52d0ba81ce0f87d5618a027060bfa903a2da37b3d7172523eb40052,Down,flip,0,1,5.70598135053416,4.398386132512431,6206.311031615,6206.311031615,-3.427294618497045,,10.0,60,1,2.7297752375514333,12.412622063229998,15.14239730078143,truncated_http_400_at_offset_3500,12231.550723181954,4339.141557818044,12216.408325881172,807.7684451292754,1
5m,300,btc-up-or-down-5m,btc-updown-5m,btc-updown-5m-1775185800,0x06224084d3b8021cd417e4c75e272c1fb269325c10f7d55f6e86d04ee23126b4,Up,already_winner_assist,1,0,7.4517554062420635,-0.31520764306130805,66.6217,66.6217,-3.466737736993657,-3.451732804120694,10.0,60,0,0.0,0.0,0.0,truncated_http_400_at_offset_3500,435.01976145783647,12778.45490054216,435.01976145783647,,1
5m,300,btc-up-or-down-5m,btc-updown-5m,btc-updown-5m-1775191200,0x4f445f51802af9ccb5636fa845b44514fa52221e4fdb5a808535817607a0825a,Up,already_winner_assist,1,0,4.947273396098891,0.0,171.34893334000003,171.34893334000003,-0.0,,10.0,60,0,0.0,0.0,0.0,truncated_http_400_at_offset_3500,2218.0942922365307,14705.912620763462,2218.0942922365307,,1
5m,300,btc-up-or-down-5m,btc-updown-5m,btc-updown-5m-1775193600,0x384fd8e5090f5cb5990102344e314a7444dffa1a066c1c22d66edbe7550011ed,Down,already_winner_assist,1,0,6.571480239764197,-0.015041427853075379,-9.803597926000002,9.803597926000002,0.0,,10.0,60,0,0.0,0.0,0.0,truncated_http_400_at_offset_3500,1021.3780993081072,15441.348195691895,1021.3780993081072,,1
5m,300,btc-up-or-down-5m,btc-updown-5m,btc-updown-5m-1775197200,0x6a52d7f89d64534ef64406f8eb1604eee21cc67783f070106ae0b4d7296c4618,Down,already_winner_assist,1,0,2.258704046694284,-0.0,133269.0686549,133269.0686549,,3.1810052244663254,10.0,60,0,0.0,0.0,0.0,truncated_http_400_at_offset_3500,14628.327073803874,19429.613697196186,14628.327073803874,,1
5m,300,btc-up-or-down-5m,btc-updown-5m,btc-updown-5m-1775200500,0xb607bd0a35517a590481803b475c14a3a124d88d1f72ba5480516764032296e1,Up,other,0,0,3.615799264621438,0.0,2420.3841446300003,2420.3841446300003,,,10.0,60,0,0.0,0.0,0.0,truncated_http_400_at_offset_3500,3472.193622383541,8205.029530616468,3472.193622383541,,1
5m,300,btc-up-or-down-5m,btc-updown-5m,btc-updown-5m-1775200800,0x1f74a2af93525ca21e60e67e083a9e68a70000b40ba1fc341c2c951a25ba0132,Up,already_winner_assist,1,0,0.07143974422737355,-1.466128689828122,-133671.557552122,133671.557552122,0.25435032569355553,,10.0,60,0,0.0,0.0,0.0,truncated_http_400_at_offset_3500,10504.203340691687,6835.069896308312,10504.203340691687,,1
5m,300,btc-up-or-down-5m,btc-updown-5m,btc-updown-5m-1775202300,0x4e059ac34fac4743899f0938f3d3e66a58d4fce3512a6f98f1f822176271d8bd,Down,already_winner_assist,1,0,7.225659828309067,-0.0,31.946917607000003,31.946917607000003,0.0,,10.0,60,0,0.0,0.0,0.0,truncated_http_400_at_offset_3500,2196.5734212676753,18178.314497732328,2196.5734212676753,,1
5m,300,btc-up-or-down-5m,btc-updown-5m,btc-updown-5m-1775202600,0xfda30f73c5f3ff63e291af45ce2e1f548e0c188b187c065b4fd00d8a8f5c4f92,Up,already_winner_assist,1,0,4.419541397954478,-5.710294414232521,-1604385.562589202,2149562.844597402,,-0.014913631433411673,10.0,60,0,0.0,0.0,0.0,truncated_http_400_at_offset_3500,2172.7073162432816,20621.134027756685,2172.7073162432816,,1
5m,300,btc-up-or-down-5m,btc-updown-5m,btc-updown-5m-1775208600,0x0fe4e91b6df78899d791e19fdf8176d8bcf242fde888190115fa66dc4b724d85,Up,already_winner_assist,1,0,1.9867893098888305,0.0,1779.5621437200002,1779.5621437200002,,,10.0,60,0,0.0,0.0,0.0,truncated_http_400_at_offset_3500,773.0297645406141,9509.706354459386,773.0297645406141,,1
5m,300,btc-up-or-down-5m,btc-updown-5m,btc-updown-5m-1775214300,0xd45e117655772a0782021552836aaca682f26b42d3df69aa4910370d59287adf,Down,already_winner_assist,1,0,6.5336369900807565,0.014959277106095724,-5.657368341999998,12.577483653999998,0.014959277105753855,2.4978891470951403,10.0,60,0,0.0,0.0,0.0,ok,146.128580515391,7407.441004484604,146.128580515391,,1
5m,300,btc-up-or-down-5m,btc-updown-5m,btc-updown-5m-1775217600,0x4c08affc3c97bad211167dfbde02e3043e3de24f323a2ce11f90e7944a91930b,Down,other,0,0,0.09997514050957684,-0.0,-274.93295931700004,274.93295931700004,-0.23874859922679426,,10.0,60,0,0.0,0.0,0.0,truncated_http_400_at_offset_3500,3284.7498953958925,6386.419480604112,3284.7498953958925,,1
5m,300,btc-up-or-down-5m,btc-updown-5m,btc-updown-5m-1775217900,0x26bdb348187c1d20354cd7bb4755dd5e0e3d6700474c9bbf4ffd8a7e8e4fb88b,Up,other,0,0,0.21636627318302537,0.0,1448.783363276,1448.783363276,-0.0,10.002747857082937,10.0,60,0,0.0,0.0,0.0,truncated_http_400_at_offset_3500,2188.1272226402884,3338.799917359707,2188.1272226402884,,1
5m,300,btc-up-or-down-5m,btc-updown-5m,btc-updown-5m-1775220600,0x5efeee2e6fca04d1196ccba5bdc638d646317c6957c013d82be813e2e6ccd938,Up,already_winner_assist,1,0,3.1589024066082545,0.0,18.719425219,18.719425219,,0.014978569412749514,10.0,60,0,0.0,0.0,0.0,truncated_http_400_at_offset_3500,1426.798739332966,12788.962750667044,1426.798739332966,,1
5m,300,btc-up-or-down-5m,btc-updown-5m,btc-updown-5m-1775223300,0x1641f3420540582aa269a003cdb2ffad4870857ddbd5f3a6e50eafab5651d844,Down,already_winner_assist,1,0,2.448795222367209,-0.0,-6.6605300000000005,6.6605300000000005,-0.015013831493371377,,10.0,60,0,0.0,0.0,0.0,truncated_http_400_at_offset_3500,1843.4520965023814,10386.442298497612,1843.4520965023814,,1
5m,300,btc-up-or-down-5m,btc-updown-5m,btc-updown-5m-1775224800,0xcea43001032a709d37dbb615f2df5dd5dfb89e4bad9897ef76eb0ce45aae6c1a,Up,already_winner_assist,1,0,6.672540972327828,0.0,291.864201134,310.18366801400003,-0.0,,10.0,60,0,0.0,0.0,0.0,truncated_http_400_at_offset_3500,299.730763400399,13614.526536599597,299.730763400399,,1
5m,300,btc-up-or-down-5m,btc-updown-5m,btc-updown-5m-1775225100,0x022fae785b5b8da7577d728fb6aae33532821e7bc26223941fdb793c0f0b5de8,Up,already_winner_assist,1,0,5.468549931439336,0.0,3.175500836000001,16.529100836,1.5128151196535944,,10.0,60,0,0.0,0.0,0.0,truncated_http_400_at_offset_3500,140.91453018576584,8265.048460814247,140.91453018576584,,1
5m,300,btc-up-or-down-5m,btc-updown-5m,btc-updown-5m-1775225400,0xeb857a701f686ee33abc89a5a38873073e13cf2581644dcd539c550e8e10c76f,Up,flip,0,1,4.830176056241241,5.991342689295617,470164.827043921,470171.502173921,-1.3176138033115834,,10.0,60,1,281.69185992735345,940.3296540878418,1222.0215140151954,truncated_http_400_at_offset_3500,9507.586038957395,13443.341066042645,8285.5645249422,7.780211665601799,1
5m,300,btc-up-or-down-5m,btc-updown-5m,btc-updown-5m-1775225700,0x44ec33961df4b74c6d9bce1a4086424c6b18cf5ae532268292b40795efeb53ea,Up,flip,0,1,0.6818517657931741,3.8779799355119895,600929.198735635,600929.198735635,0.014970003856093438,1.7815878186527465,10.0,60,1,233.03913753600892,1201.8583974712699,1434.8975350072787,truncated_http_400_at_offset_3500,15429.36827476773,13153.840690232277,13994.47073976045,10.752940818655363,1
5m,300,btc-up-or-down-5m,btc-updown-5m,btc-updown-5m-1775226000,0xbfd2142923e8a85e5bbbdee060e8cbba0f872f2dcb7516b1c1a7d5819f872d56,Up,already_winner_assist,1,0,3.8446927788951015,0.014963306230088442,1.9695121729999983,36.960415931,0.014963306231384263,,10.0,60,1,2.94704137684859e-06,0.003939024345999996,0.003941971387376845,truncated_http_400_at_offset_3500,4151.627184098176,14692.88552390182,4151.623242126789,1053185.5196597064,1
5m,300,btc-up-or-down-5m,btc-updown-5m,btc-updown-5m-1775226600,0x2d838db155e9fa165097869f87dd055e5355a1568f2dbb82ac622059ded39d17,Down,already_winner_assist,1,0,1.4790621944799907,-0.8818282846895605,-133861.44504031297,133867.610063215,0.0,1.2852375540209473,10.0,60,0,0.0,0.0,0.0,truncated_http_400_at_offset_3500,7259.785825547923,11068.379016452061,7259.785825547923,,1
5m,300,btc-up-or-down-5m,btc-updown-5m,btc-updown-5m-1775226900,0x04d8b6466729ada6c56f57e43297bd16cdad416c81afc08d19cf8604f6991251,Down,already_winner_assist,1,0,1.437277084509327,-0.0,-133790.261332885,133790.261332885,-0.014948811533135813,-1.0614211542235066,10.0,60,0,0.0,0.0,0.0,truncated_http_400_at_offset_3500,4906.310894182383,10357.597814817598,4906.310894182383,,1
5m,300,btc-up-or-down-5m,btc-updown-5m,btc-updown-5m-1775228100,0x9e2ecca01b2dd6dbdeb71c38f73bb449912d82d824c5be0a47ec511bedd7e6bb,Down,already_winner_assist,1,0,2.945898565824453,2.4349055025926885,502105.73626577004,502218.16551593004,,-1.4343322386261708,10.0,60,1,122.25800201168765,1004.2114725315402,1126.4694745432278,truncated_http_400_at_offset_3500,4221.219421459778,6870.416637540223,3094.7499469165496,3.7473003191421945,1
5m,300,btc-up-or-down-5m,btc-updown-5m,btc-updown-5m-1775228400,0xd0e2a400c8f81bce682c591fe0e526a86622fb15bed2b7129c84c504b392ce56,Up,already_winner_assist,1,0,1.9199584656383963,0.0,64.00027956,64.00027956,,,10.0,60,0,0.0,0.0,0.0,truncated_http_400_at_offset_3500,3682.1234453848488,11049.762302615143,3682.1234453848488,,1
5m,300,btc-up-or-down-5m,btc-updown-5m,btc-updown-5m-1775229900,0x741a52f29af90a4f4e8ffe56337f55e62bef4660bc1299a4ec55a27157dcb0b8,Up,already_winner_assist,1,0,0.43811792791621956,0.029885850991090784,-133622.203492398,134062.92711325598,,-0.01494289200366252,10.0,60,0,0.0,0.0,0.0,truncated_http_400_at_offset_3500,5875.5147834399795,2777.3875025600237,5875.5147834399795,,1
5m,300,btc-up-or-down-5m,btc-updown-5m,btc-updown-5m-1775230200,0x52f9d3aed6f3790263d274dd09b409be2105c57db00104ae5aa769cee49fe074,Down,already_winner_assist,1,0,4.121024837917213,3.2133460250537973,406735.03799873806,406735.03799873806,,,10.0,60,1,130.69804176033503,813.4700759974761,944.1681177578112,truncated_http_400_at_offset_3500,15359.973560943432,5101.039647056546,14415.805443185622,16.268261204815882,1
5m,300,btc-up-or-down-5m,btc-updown-5m,btc-updown-5m-1775231400,0x9780f5fd97d3abaa15c1048c41a9acbef8e8b93e28bfb63fc991da38af8c5a01,Up,already_winner_assist,1,0,0.18079714401133157,-0.3740804168591789,-133648.757252752,133666.993632136,,,10.0,60,0,0.0,0.0,0.0,truncated_http_400_at_offset_3500,5461.978607727141,2475.8809452728506,5461.978607727141,,1
5m,300,btc-up-or-down-5m,btc-updown-5m,btc-updown-5m-1775231700,0x37d539d23efaafe15c11269c0a061a25c9daef4feccfe36e80eaca7ed5ebbac3,Down,flip,0,1,1.346427816497765,5.505784204627071,536895.37503639,536895.37503639,0.0,0.014965478382626516,10.0,60,1,295.60300754126837,1073.7907500727802,1369.3937576140486,truncated_http_400_at_offset_3500,13826.28638121405,9695.07136478596,12456.8926236,10.09664773505625,1
5m,300,btc-up-or-down-5m,btc-updown-5m,btc-updown-5m-1775232000,0x374830f7746bc9888ff7178cce14c413e3c5d0b0e95e9aad400fc0aab2f4ec32,Up,already_winner_assist,1,0,3.389515696438525,-0.5086431943876991,-133664.711648752,133705.840840216,,,10.0,60,0,0.0,0.0,0.0,truncated_http_400_at_offset_3500,2392.54603433098,11230.767188669013,2392.54603433098,,1
5m,300,btc-up-or-down-5m,btc-updown-5m,btc-updown-5m-1775232300,0xa2fc62f229cc9ff619147340282c7f758ec90ecaacc542d1af7e07df9b37c40f,Up,flip,0,1,0.8294412078043463,1.1519780747928345,133832.003942599,133832.003942599,,,10.0,60,1,15.417153424746223,267.66400788519803,283.08116130994426,truncated_http_400_at_offset_3500,2678.2820331758644,6284.22520382413,2395.20087186592,9.461180746829795,1
5m,300,btc-up-or-down-5m,btc-updown-5m,btc-updown-5m-1775232900,0x6d69a8c6d51a2c7a6b0408fc4d1e62398f0e03f33f040c7bdf829abe94cac1b5,Up,flip,0,1,1.4423042898887457,2.3318316044928333,133920.95836977998,133920.95836977998,,-0.31385888757576647,10.0,60,1,31.2281123230622,267.84191673955996,299.07002906262215,truncated_http_400_at_offset_3500,2089.7378131668797,4200.252793833121,1790.6677841042576,6.987453138372854,1
5m,300,btc-up-or-down-5m,btc-updown-5m,btc-updown-5m-1775233800,0x785e60c991febbb4185a0f31423ec95abff0060b5658979b2a2e59d126c30e8a,Up,flip,0,1,0.7707943731482862,5.5239052128993205,786850.485908894,786850.485908894,,1.3433718055418897,10.0,60,1,434.6487500884503,1573.7009718177878,2008.349721906238,truncated_http_400_at_offset_3500,7236.879643990724,7335.013235009277,5228.529922084485,3.6033961441345945,1
5m,300,btc-up-or-down-5m,btc-updown-5m,btc-updown-5m-1775234700,0x3441fd93c6d9f68ecf855600cc129e09c8bc116e18c46f8292ff770f3b0d42da,Up,already_winner_assist,1,0,8.489443405124437,0.0,142.93687505699998,142.93687505699998,-0.0,-0.0,10.0,60,0,0.0,0.0,0.0,truncated_http_400_at_offset_3500,189.63926484539405,6809.050103154607,189.63926484539405,,1
5m,300,btc-up-or-down-5m,btc-updown-5m,btc-updown-5m-1775235300,0xaa6de5ac702013862e2c1611a0448884cfb14333095092ceb62e98812d24e7b4,Down,already_winner_assist,1,0,5.237097474914982,-0.0,-491.64858114800006,491.64858114800006,-0.014924248248344634,0.0,10.0,60,0,0.0,0.0,0.0,truncated_http_400_at_offset_3500,1600.575337257078,6288.117125742938,1600.575337257078,,1
5m,300,btc-up-or-down-5m,btc-updown-5m,btc-updown-5m-1775235600,0x757b1713a1927aa6f1f2a3b07da5a73d6928ebfe02a95fbbdcfac46ab571772a,Down,already_winner_assist,1,0,3.1178314118523747,-2.6570019621093808,-3349680.300407614,3350129.72631851,,,10.0,60,0,0.0,0.0,0.0,truncated_http_400_at_offset_3500,6025.795730706843,6583.949758293161,6025.795730706843,,1
5m,300,btc-up-or-down-5m,btc-updown-5m,btc-updown-5m-1775237400,0xbeaa34352babdfdaba158cd485bbbe13b90b74012ead2e7e7e18ad059df7f4e0,Up,already_winner_assist,1,0,0.11628110186702037,-9.088952765183105,-1522935.1606400332,1523870.877058537,-0.014955719854363201,,10.0,60,0,0.0,0.0,0.0,truncated_http_400_at_offset_3500,1213.7364252485575,20354.249122751415,1213.7364252485575,,1
5m,300,btc-up-or-down-5m,btc-updown-5m,btc-updown-5m-1775238000,0xc3054fbefb0ded41498e98de3dcce5a9f3b3e1d831aa3cf26ad542b956943831,Up,flip,0,1,1.456834658373149,3.8722632067895932,410690.27840932703,410706.418437941,-0.0,,10.0,60,1,159.03008544706117,821.380556818654,980.4106422657152,truncated_http_400_at_offset_3500,6922.9382803873095,1719.9422426126846,5942.5276381215945,7.061263905080117,1
5m,300,btc-up-or-down-5m,btc-updown-5m,btc-updown-5m-1775238900,0x413c3c8c7e7d6aba0117fc93c487872d65fb07637a6d4cfc338f1d1e821b6326,Down,flip,0,1,1.6751881546589853,2.9323670695854047,1336682.8238934781,1336682.8238934781,-0.07481653116143795,1.8702313829971966,10.0,60,1,391.9644695265662,2673.3656477869563,3065.3301173135224,truncated_http_400_at_offset_3500,4456.650864669191,8307.043030330802,1391.3207473556686,1.4538893672486513,1
5m,300,btc-up-or-down-5m,btc-updown-5m,btc-updown-5m-1775241000,0xcc4e789561a06bd6b33654cb5d7a26a66d9b7ac04e4707b8d2c80a4bccaefb8a,Up,already_winner_assist,1,0,1.737477843631982,0.014950130105175796,199102.58587011,199102.58587011,-0.3139475692850578,-0.29899790853115726,10.0,60,1,0.29766095630350803,398.20517174021995,398.50283269652346,truncated_http_400_at_offset_3500,672.9595723871074,7690.6031636128855,274.45673969058396,1.6887196706568814,1
5m,300,btc-up-or-down-5m,btc-updown-5m,btc-updown-5m-1775242200,0x058bdaf4a5704abfad2af01c4f0aaae5cbed881a9b3236effde12128896d0a52,Down,already_winner_assist,1,0,2.793955514713216,1.1374997767207824,134064.794779699,135997.805466239,,-1.1226595367119079,10.0,60,1,15.249867412802512,268.129589559398,283.37945697220056,truncated_http_400_at_offset_3500,758.7088748758594,9026.654449124138,475.3294179036588,2.677360183346983,1
5m,300,btc-up-or-down-5m,btc-updown-5m,btc-updown-5m-1775242500,0x3c9824ba750de2e7265426106c5b008f5564a43d6de177b34d30ecd38e2dbb60,Down,already_winner_assist,1,0,0.10182549320492856,0.718523076127091,133503.981492821,133705.927761351,,0.6736168963627366,10.0,60,1,9.592569145743598,267.007962985642,276.6005321313856,ok,1545.19336729333,4475.4570897066715,1268.5928351619445,5.586371636332794,1
5m,300,btc-up-or-down-5m,btc-updown-5m,btc-updown-5m-1775243400,0x25dcbfb8d3935e31a44f3c76098bc0ea3336275deb075490fa64ae3da0b4f8b3,Down,flip,0,1,0.7763771157108894,2.8903054415412153,133532.71539757302,133532.71539757302,,0.0,10.0,60,1,38.59503339373797,267.0654307951461,305.6604641888841,truncated_http_400_at_offset_3500,3533.835133034731,5902.513702965279,3228.174668845847,11.56130918799817,1
5m,300,btc-up-or-down-5m,btc-updown-5m,btc-updown-5m-1775244000,0x630cf8ac0b93929e94a860aec2275a0833ef861b238cd077f2a0d6b39b2093ab,Up,already_winner_assist,1,0,0.5254708872065242,-2.54554658002762,-133547.907211446,133547.907211446,0.31449484268571026,,10.0,60,0,0.0,0.0,0.0,truncated_http_400_at_offset_3500,4306.427389519388,6927.899921480622,4306.427389519388,,1
5m,300,btc-up-or-down-5m,btc-updown-5m,btc-updown-5m-1775244600,0x25b288a0b65d6fd65fd26163d78168b0cb9c0d16a82218eae32e3853719379ce,Up,flip,0,1,1.7654624636748657,2.0812137593932176,130424.13655455002,137103.09655455,-0.0,,10.0,60,1,27.144050755430943,260.84827310910003,287.992323864531,ok,1793.3174259754476,5248.914298024554,1505.3251021109165,6.226962586749389,1
5m,300,btc-up-or-down-5m,btc-updown-5m,btc-updown-5m-1775244900,0x93844ed848c75ccfe6314d13d1c339a2955d48d4333fd86ef42a2b89522b6d23,Up,other,0,0,1.2062302848342252,0.0,4075.349976,4075.349976,,,10.0,60,0,0.0,0.0,0.0,ok,1187.4252112395402,8967.506080760475,1187.4252112395402,,1
5m,300,btc-up-or-down-5m,btc-updown-5m,btc-updown-5m-1775246100,0x18a37a17318c4114ce578ff09346bd4b6e38e710c7ece35c52efe6fde0f8268b,Up,already_winner_assist,1,0,1.4655766392816065,0.014952477290776187,-9.907366612999999,29.137639256999996,,,10.0,60,0,0.0,0.0,0.0,ok,3978.677967497734,11343.109702502254,3978.677967497734,,1
5m,300,btc-up-or-down-5m,btc-updown-5m,btc-updown-5m-1775248200,0x15661353d00422464c3b87577cafaf2bcc37ea1fd4ba4d5e038240b31a0b074d,Down,already_winner_assist,1,0,0.659980889133792,-0.014954131938052489,631.7278828400001,705.6941171600001,,,10.0,60,0,0.0,0.0,0.0,truncated_http_400_at_offset_3500,5923.97842984571,4225.392019154299,5923.97842984571,,1
5m,300,btc-up-or-down-5m,btc-updown-5m,btc-updown-5m-1775248800,0xb4f0f5312c9b818fe9f397d9405b0ac372da3f2f2d4007f6687196e53ad0afe5,Down,flip,0,1,0.5941309312676119,2.25763503971127,463268.997219774,473011.798225748,0.16448069333435536,,10.0,60,1,104.58923209352648,926.537994439548,1031.1272265330745,truncated_http_400_at_offset_3500,3994.414475961109,7422.610095038908,2963.2872494280346,3.8738328046980186,1
5m,300,btc-up-or-down-5m,btc-updown-5m,btc-updown-5m-1775249100,0x08afd7ebff224a099a04438f3f5a29e4ecf397d54ba2fd0fdbc851d1a26b0b00,Down,already_winner_assist,1,0,0.4811455085965082,0.6429430646229864,133836.083755567,133873.045357951,,-0.11962187525438536,10.0,60,1,8.604898184694294,267.672167511134,276.2770656958283,truncated_http_400_at_offset_3500,5057.623541086218,6989.532258913777,4781.34647539039,18.306345944235886,1
5m,300,btc-up-or-down-5m,btc-updown-5m,btc-updown-5m-1775253600,0x04f2bcf35bd77c8acc0a2aca10571929c863f1c7a2cddce326c3baffed4201e8,Down,already_winner_assist,1,0,6.584090061593822,-0.0,-296.53887219,296.53887219,0.0,,10.0,60,0,0.0,0.0,0.0,truncated_http_400_at_offset_3500,200.92208732717245,9584.209863672826,200.92208732717245,,1
5m,300,btc-up-or-down-5m,btc-updown-5m,btc-updown-5m-1775254800,0xc91144764987fded913d497978df75a27658612bdd758e2949bc85de63e19518,Down,already_winner_assist,1,0,2.2280562150961565,-0.0,668.8230000000001,668.8230000000001,,1.0615100214261461,10.0,60,0,0.0,0.0,0.0,ok,1051.7152220795797,8849.80920392043,1051.7152220795797,,1
5m,300,btc-up-or-down-5m,btc-updown-5m,btc-updown-5m-1775258400,0x6dee255d372c64bee16c347ae4823a7de202111e9571858579eee4b1f49cf8af,Down,already_winner_assist,1,0,1.4711918349543798,-0.0,88.26166799999999,88.26166799999999,,-2.2136633975887605,10.0,60,0,0.0,0.0,0.0,ok,458.3157874972683,5439.147951502732,458.3157874972683,,1
5m,300,btc-up-or-down-5m,btc-updown-5m,btc-updown-5m-1775267100,0xed8c649b32d64e202a55b37e1e9c31c071b82097bd11084d36d6dfd04a944a99,Up,already_winner_assist,1,0,1.2691442676222198,0.0,-8.05483368,8.05483368,,-0.014962433072072316,10.0,60,0,0.0,0.0,0.0,ok,1183.3772416328984,2004.1182723671006,1183.3772416328984,,1
5m,300,btc-up-or-down-5m,btc-updown-5m,btc-updown-5m-1775267400,0xcb52660fe1ff8e93dd8262b32161257d1dc845640af2b7760944aeddb4a6ec57,Up,other,0,0,1.549722100477216,0.0,43.795717389,43.795717389,,,10.0,60,0,0.0,0.0,0.0,ok,1549.7888825238056,6131.150230476195,1549.7888825238056,,1
5m,300,btc-up-or-down-5m,btc-updown-5m,btc-updown-5m-1775272200,0xae4325bef1465a4f069650459ce2a6c6e0ba352977896339bb3ee58e9ffda546,Up,already_winner_assist,1,0,2.107445274348071,0.01494883387732342,9.119112767999999,9.119112767999999,-0.0,,10.0,60,1,1.3632010187741092e-05,0.018238225535999998,0.01825185754618774,ok,498.0106551951698,6669.384797804828,497.9924033376236,27285.477871768133,1
5m,300,btc-up-or-down-5m,btc-updown-5m,btc-updown-5m-1775278500,0xfac070ab408a6da373a7c7460b7b863ff1ff86edf1817ecc6cd70ffcc78cd106,Down,flip,0,1,1.1242718006582015,1.2114350509885203,-114212.252858797,153222.947141203,,,10.0,60,0,0.0,0.0,0.0,ok,4440.21748592358,3416.1085040764406,4440.21748592358,,1
5m,300,btc-up-or-down-5m,btc-updown-5m,btc-updown-5m-1775279100,0x731237479c4fbb791579248be55ed373baceef57d73aef449fc152f99c3c2cc4,Up,already_winner_assist,1,0,2.6105409927732044,2.1230978169980363,133872.395010809,133872.395010809,,,10.0,60,1,28.42241896037474,267.744790021618,296.1672089819927,truncated_http_400_at_offset_3500,3123.040065447755,5877.665465552238,2826.872856465762,10.544854294243084,1
5m,300,btc-up-or-down-5m,btc-updown-5m,btc-updown-5m-1775279400,0xac9796f678898eca9810b8c957cde8caf73c0083a459daf239e8c124a46903de,Down,already_winner_assist,1,0,4.474156999552489,1.2262782470637774,-104236.876964892,163232.52676674598,0.0,,10.0,60,0,0.0,0.0,0.0,truncated_http_400_at_offset_3500,2398.889621123837,5372.676589876154,2398.889621123837,,1
5m,300,btc-up-or-down-5m,btc-updown-5m,btc-updown-5m-1775280000,0xd02508dafb71f2c494d0bbd7a9bbb714f234a329fe883d73ac87b51131440e0e,Down,already_winner_assist,1,0,0.31172317803320626,2.213484617094471,1696884.595151915,1696904.198521625,,,10.0,60,1,375.6027948353343,3393.76919030383,3769.3719851391643,truncated_http_400_at_offset_3500,8734.994997508584,4470.812825491414,4965.6230123694195,2.3173608314452654,1
5m,300,btc-up-or-down-5m,btc-updown-5m,btc-updown-5m-1775287500,0x183e34a372caf2e11dfef0eeef4d40e636f93e87c4cb63cb68b5381ebd819a4f,Down,other,0,0,0.5966999844732206,-1.8071313034624337,-2473731.0101944883,2480821.267806172,,,10.0,60,0,0.0,0.0,0.0,truncated_http_400_at_offset_3500,6029.026039857837,4630.919752142154,6029.026039857837,,1
5m,300,btc-up-or-down-5m,btc-updown-5m,btc-updown-5m-1775289600,0x2b2a3f1296c2eb0aef18d7f3d7128a9d54a141b1e53e300fcafc9e1d6c09541f,Down,already_winner_assist,1,0,0.2858261998848428,-0.17909752756191688,133999.474643491,134011.874255683,-0.014924671450450105,,10.0,60,0,0.0,0.0,0.0,truncated_http_400_at_offset_3500,9285.161614364506,11562.11306163551,9285.161614364506,,1
5m,300,btc-up-or-down-5m,btc-updown-5m,btc-updown-5m-1775299800,0xd3eaafd2a00dbec81396636126aafb01214497dba3423ba8fa5b872aeb6ea834,Up,already_winner_assist,1,0,2.9079231836380197,0.0,-49.83242320000001,49.83242320000001,-0.0,4.006186558690598,10.0,60,0,0.0,0.0,0.0,ok,345.88658338629756,11649.225222613708,345.88658338629756,,1
5m,300,btc-up-or-down-5m,btc-updown-5m,btc-updown-5m-1775301600,0x1388ffed7a0eccbfecc9857e2d40910f7f88b8477f123703421bc0c7c23bd942,Down,already_winner_assist,1,0,0.7613739354599856,1.5646572277728004,201395.30865418198,201458.829005776,0.014902652150088128,,10.0,60,1,31.511462532529986,402.79061730836395,434.30207984089395,ok,1983.146724887048,7056.513434112957,1548.8446450461543,4.566284199268794,1
5m,300,btc-up-or-down-5m,btc-updown-5m,btc-updown-5m-1775303100,0x1ae59cfc79372eaa9369636ce5872eff8de1654f79d048600ac7b6a401631f81,Down,already_winner_assist,1,0,2.61514785451174,0.014896924456563756,27212.947515012995,27493.239136452998,-1.996388629002674,-1.9814887302459714,10.0,60,1,0.0405389223371583,54.425895030025984,54.46643395236314,ok,781.9805913270706,8486.023431672938,727.5141573747075,14.35711014256961,1
5m,300,btc-up-or-down-5m,btc-updown-5m,btc-updown-5m-1775304300,0xa8c70239925d1cdc77faa7a1dafd49466355d84e558bee5f81dca74e65cc8fe8,Down,already_winner_assist,1,0,9.306150118023679,-0.0,-69.73427344800001,72.716756952,,,10.0,60,0,0.0,0.0,0.0,ok,14.42482630000001,1428.0578036999998,14.42482630000001,,1
5m,300,btc-up-or-down-5m,btc-updown-5m,btc-updown-5m-1775304900,0x1ea1c790139ddf876922755e24568c3ce5da9458cf8891253b8e90fa01242009,Down,already_winner_assist,1,0,0.2816418577591476,-0.7750251141821792,-98.47587655199999,98.47587655199999,,,10.0,60,0,0.0,0.0,0.0,ok,1017.5370026139759,7033.528557386033,1017.5370026139759,,1
5m,300,btc-up-or-down-5m,btc-updown-5m,btc-updown-5m-1775305200,0x6453cf603bbe5c6e8f917f9490698f444bd958ecea1f79de46ed0a4d9bc34232,Up,other,0,0,1.8931287916692763,0.014903762677879266,6769.254761288,6769.254761288,,-1.8329934398862688,10.0,60,1,0.010088736646834061,13.538509522575998,13.548598259222832,ok,3737.8640319790347,6072.059496020969,3724.315433719812,275.8856643663921,1
5m,300,btc-up-or-down-5m,btc-updown-5m,btc-updown-5m-1775309100,0x0ba8951401e4ee64fd25fddf1edaef73039323db186fcdd8b61f4a20dd7c9925,Up,already_winner_assist,1,0,1.08621542765623,1.654081001585885,134211.093264884,134211.093264884,0.5513299345975851,0.5513299345975851,10.0,60,1,22.199601957151593,268.422186529768,290.62178848691957,ok,1207.0599376803734,3379.2498183196276,916.4381491934539,4.153370413019467,1
5m,300,btc-up-or-down-5m,btc-updown-5m,btc-updown-5m-1775310000,0x3e0554e37fd86031c40b5a07a303f24448b02232d6ccd37713937f3d45d009fb,Down,other,0,0,0.18308858914277443,-0.0,-134472.4,134472.4,-0.014872951528320275,,10.0,60,0,0.0,0.0,0.0,truncated_http_400_at_offset_3500,3590.3291483711632,10236.442340628848,3590.3291483711632,,1
5m,300,btc-up-or-down-5m,btc-updown-5m,btc-updown-5m-1775310900,0x39a34b15e7d3205b9f1104e97bc477487fa0dabeefb3ef9e7718ee42cfffbeec,Up,already_winner_assist,1,0,0.27766905525726443,-1.815946395871402,-537446.164053295,537446.164053295,,,10.0,60,0,0.0,0.0,0.0,truncated_http_400_at_offset_3500,4208.317021098648,4723.028785901356,4208.317021098648,,1
5m,300,btc-up-or-down-5m,btc-updown-5m,btc-updown-5m-1775311500,0x888298724f872ac16f5c0bdd33d3ce2e6195ae05002c379123e0b5a5fad9f6d5,Up,already_winner_assist,1,0,2.4442844117636735,1.2202163071739809,107594.16546799701,107594.16546799701,-1.1456773383424994,-1.1307992530904436,10.0,60,1,13.128815526082557,215.18833093599403,228.31714646207658,ok,6910.345025955532,6336.34768004447,6682.027879493456,30.266430415042606,1
5m,300,btc-up-or-down-5m,btc-updown-5m,btc-updown-5m-1775316000,0xd78cb662059852398369630a925ec047955eaaf7e727fae565a63c2060d5a5a3,Down,already_winner_assist,1,0,7.595932011658959,1.9298857715976812,297.403468501,297.403468501,-0.2375501453626074,,10.0,60,1,0.0573954722283879,0.594806937002,0.652202409230388,truncated_http_400_at_offset_3500,6446.945301138408,11973.457630861596,6446.2930987291775,9884.884216766284,1
5m,300,btc-up-or-down-5m,btc-updown-5m,btc-updown-5m-1775317200,0x05935ce5b643b7f09dde5ffd19ce88cc0a7879f3b896c5316f5ee27f95e22eef,Down,already_winner_assist,1,0,0.5767424296552077,0.7575144321273594,269310.992848773,269310.992848773,,,10.0,60,1,20.400696381349363,538.621985697546,559.0226820788954,truncated_http_400_at_offset_3500,2374.1213543775675,2720.915995622431,1815.0986722986722,4.246914178059247,1
5m,300,btc-up-or-down-5m,btc-updown-5m,btc-updown-5m-1775318400,0xe68a661fb96aed0eb1fa4ace0a9bde2449f0c653e0200576464bc68b50fb4d1c,Down,already_winner_assist,1,0,4.27373540979755,0.014848416231369219,4.99716224,4.99716224,0.0,,10.0,60,1,7.419994491520136e-06,0.00999432448,0.01000174447449152,truncated_http_400_at_offset_3500,671.5129039993129,13266.84860600075,671.5029022548384,67139.57807179952,1
5m,300,btc-up-or-down-5m,btc-updown-5m,btc-updown-5m-1775318700,0xae83a3044c15967b67d5ea0a831ddd6d246008ff38ac333f295e53973f356871,Down,already_winner_assist,1,0,1.9547179690181218,-0.0,68821.812971178,69019.617590622,,,10.0,60,0,0.0,0.0,0.0,truncated_http_400_at_offset_3500,2981.3863605201987,8274.800645479816,2981.3863605201987,,1
5m,300,btc-up-or-down-5m,btc-updown-5m,btc-updown-5m-1775319000,0xad456a143d1021aeaaa13a4bcb15baa572d09059950cba9ad35b0c8f456a6fc6,Up,other,0,0,0.46458349277114597,0.49015494104527685,269424.59097648,269424.59097648,-1.3663657217922767,,10.0,60,1,13.205979450622436,538.84918195296,552.0551614035824,truncated_http_400_at_offset_3500,2084.6843342265906,6330.383712773416,1532.6291728230083,3.776224696326266,1
5m,300,btc-up-or-down-5m,btc-updown-5m,btc-updown-5m-1775319600,0x9afca8103eb71cd710d929ef2f2c8c5d1574fdab63661a20c084c2a24b1d7ca0,Up,other,0,0,2.786964763250891,0.0,557.194541028,571.039603152,-2.2416714946594007,,10.0,60,0,0.0,0.0,0.0,ok,984.9639332720379,8992.587323727967,984.9639332720379,,1
5m,300,btc-up-or-down-5m,btc-updown-5m,btc-updown-5m-1775321100,0x40f3fc9b3b8e1d1dd165ae01e534816ca4fcd2a3cb31a3de4c886a6516554aa3,Down,already_winner_assist,1,0,9.532194993716363,2.209025732271396,-601.2932924390001,943.032299981,,-0.014827324684872856,10.0,60,0,0.0,0.0,0.0,truncated_http_400_at_offset_3500,237.94422432283554,10741.727163677167,237.94422432283554,,1
5m,300,btc-up-or-down-5m,btc-updown-5m,btc-updown-5m-1775322600,0x8e9a6161d57d318977d540d58aad2d2747770462bb8af9c26c32a10097afc7bb,Up,already_winner_assist,1,0,5.951036069244639,0.0,-202065.47204400002,202065.47204400002,,-3.97825621060255,10.0,60,0,0.0,0.0,0.0,truncated_http_400_at_offset_3500,4407.291172942586,23683.92505305741,4407.291172942586,,1
5m,300,btc-up-or-down-5m,btc-updown-5m,btc-updown-5m-1775323500,0x0672b2798bbe443927c5b11d97ceac7cb52630a869c30d403cdd22e8e2e7b808,Up,other,0,0,0.327574228685552,-0.7717675558687574,-404242.384368721,404295.753969157,,,10.0,60,0,0.0,0.0,0.0,ok,5133.838675208535,12419.46937879146,5133.838675208535,,1
5m,300,btc-up-or-down-5m,btc-updown-5m,btc-updown-5m-1775323800,0xf805096adb58bce887752ee9451b6f3bd472e2df5f8271e1d897d4d706180301,Down,already_winner_assist,1,0,1.092390237002809,0.17811183642595327,134747.27794768402,134747.27794768402,0.014842774203280012,,10.0,60,1,2.4000085128660356,269.4945558953681,271.8945644082341,ok,1419.552659488322,9669.39446851167,1147.6580950800878,5.220967409105484,1
5m,300,btc-up-or-down-5m,btc-updown-5m,btc-updown-5m-1775325300,0x53f24a9030c835ce64214846dc87a8a7132dbabf3891a79e5f64c393cce3d629,Down,already_winner_assist,1,0,0.07663527224515339,1.0696108706429908,740686.3394323831,740686.3394323831,,0.0,10.0,60,1,79.2246160393641,1481.3726788647662,1560.5972949041302,ok,2739.004270911729,1670.7632460882664,1178.4069760075986,1.755099973488029,1
5m,300,btc-up-or-down-5m,btc-updown-5m,btc-updown-5m-1775325900,0x001ebdde23f4d19e6e01e1972ac2c50977fdccaba9bb7bafd66cc8745296a55b,Up,already_winner_assist,1,0,2.002896932087833,0.16341774850762306,4.9145002269999996,4.9145002269999996,,,10.0,60,1,8.031165621365424e-05,0.009829000453999998,0.009909312110213652,ok,1490.0495859633538,11599.376504036645,1490.0396766512436,150368.6198790268,1
5m,300,btc-up-or-down-5m,btc-updown-5m,btc-updown-5m-1775333400,0x45e3bb1a0b24f2b8e3fb8fd0de14c248a30009d6fb9933f1171fd4f2faec8495,Up,other,0,0,0.5518156889911233,-0.25291202159136483,-134423.22065861,134442.82812004,,-0.26778900013586293,10.0,60,0,0.0,0.0,0.0,ok,1914.7195017602346,8423.09870123976,1914.7195017602346,,1
5m,300,btc-up-or-down-5m,btc-updown-5m,btc-updown-5m-1775333700,0xf4403e558961a86f162aac83ab44b0141f3be1ddaf9fd1225d7994a9ada7028a,Up,already_winner_assist,1,0,4.0563223093806275,0.0,30.165395688999993,37.14033750499999,,,10.0,60,0,0.0,0.0,0.0,ok,104.10421744702813,6931.730028552974,104.10421744702813,,1
5m,300,btc-up-or-down-5m,btc-updown-5m,btc-updown-5m-1775334300,0x93751b5f819e1060a475f8c3327f3e7b769940c4128d5da99822b879df0cbc3d,Up,already_winner_assist,1,0,0.13342378812363678,0.014867025608110259,134526.0,134526.0,,,10.0,60,1,0.20000014869566407,269.052,269.2520001486957,ok,1181.3330672735415,8981.543386726455,912.0810671248457,4.387462550403134,1
5m,300,btc-up-or-down-5m,btc-updown-5m,btc-updown-5m-1775334600,0x7e1d3be381901a89a8c00b45bd1ea3c54aa48ee0c3d2de49089822998be1526a,Up,flip,0,1,0.4176396823815629,0.43115271658712556,134562.507134796,134562.507134796,,,10.0,60,1,5.801699050194176,269.125014269592,274.9267133197862,ok,3686.765296822434,3726.922713177555,3411.8385835026475,13.409992984327076,1
5m,300,btc-up-or-down-5m,btc-updown-5m,btc-updown-5m-1775335200,0x0dfefc5ca97fc9158be896824d4f11357069eaaea1459425e05276243811284a,Down,already_winner_assist,1,0,1.0640340863949456,1.8586324236172338,394609.589385935,394609.589385935,,,10.0,60,1,73.34341775029819,789.21917877187,862.5625965221682,ok,7779.284328886516,3563.005431113492,6916.721732364348,9.018805545536527,1
5m,300,btc-up-or-down-5m,btc-updown-5m,btc-updown-5m-1775338800,0x5ded19ddc99e2b9ef40d338968a984beb088f7db8528c0835138a7bf91cc679f,Up,already_winner_assist,1,0,1.5055295523479804,0.08915715285373167,507834.657778412,507834.657778412,-1.3075469249675546,,10.0,60,1,4.527709220797239,1015.669315556824,1020.1970247776212,ok,2896.2904967146856,4337.69896528531,1876.0934719370644,2.8389521105945277,1
5m,300,btc-up-or-down-5m,btc-updown-5m,btc-updown-5m-1775339400,0x25837f106f43892ec58d1cf397261243e1a289fe3d48ce446856c99f88224beb,Up,already_winner_assist,1,0,7.611675679464543,1.3650337718686736,147.172484206,147.172484206,,,10.0,60,1,0.020089541123099897,0.29434496841200003,0.31443450953509994,truncated_http_400_at_offset_3500,1160.4657199495184,18099.90153805047,1160.1512854399832,3690.6436308956636,1
5m,300,btc-up-or-down-5m,btc-updown-5m,btc-updown-5m-1775340600,0x23ae5a160b236aae6125d9d7f97bf0aca754748bb1f6997d8195ede632012915,Up,already_winner_assist,1,0,1.2749352335477,-0.38585399883204646,134768.814785366,134836.194685366,0.2522972031501603,0.014840835744979785,10.0,60,0,0.0,0.0,0.0,truncated_http_400_at_offset_3500,1822.379613259037,5755.713394740973,1822.379613259037,,1
5m,300,btc-up-or-down-5m,btc-updown-5m,btc-updown-5m-1775341200,0xd796b6eec7afd4ed964bc957c9ccb7f3da4836fcc8cdfc0e478091d1ed3580ba,Up,already_winner_assist,1,0,1.010613338777517,0.9490465796233848,202342.08533115502,202342.08533115502,-0.0,,10.0,60,1,19.20320639973957,404.68417066231,423.8873770620496,truncated_http_400_at_offset_3500,8243.721991859125,3418.086991140866,7819.834614797076,19.447906302367645,1
5m,300,btc-up-or-down-5m,btc-updown-5m,btc-updown-5m-1775343600,0xef802db5388412c72ca0e22ad968d0f0005b200660095db806d442aca1f46d51,Down,already_winner_assist,1,0,5.057596714321692,-0.0,-172.39497416700002,172.39497416700002,,-0.4454237168083532,10.0,60,0,0.0,0.0,0.0,ok,2366.5022301583863,12522.048563841608,2366.5022301583863,,1
5m,300,btc-up-or-down-5m,btc-updown-5m,btc-updown-5m-1775343900,0x0f86c14f0387d309e6ef85cdfdd01400785857dd12c28931ee654925ad86f3c5,Up,flip,0,1,4.6831431260840874,7.527610873623665,484501.887820201,497986.648383277,-0.014841760857600106,1.6921051461067171,10.0,60,1,364.71416790465383,969.003775640402,1333.7179435450557,ok,6885.312006183414,6135.437329816577,5551.594062638358,5.1624948434614915,1
5m,300,btc-up-or-down-5m,btc-updown-5m,btc-updown-5m-1775344200,0x4a25479cc0526b3e013661785ed5c1cfb6cfa2c7170167c0704aa01448fc2c37,Down,already_winner_assist,1,0,5.437201441375884,0.014845594681960375,-14.049302990000001,23.38944059,,,10.0,60,0,0.0,0.0,0.0,ok,232.8884668953192,10067.35839410468,232.8884668953192,,1
5m,300,btc-up-or-down-5m,btc-updown-5m,btc-updown-5m-1775362800,0xd5f3f89a15970925fa65bee3e3fbe6343511e2f27921c84c7bfb781fe5f65c65,Up,other,0,0,0.6117861763199053,0.0,4.362027978,4.362027978,-0.0,,10.0,60,0,0.0,0.0,0.0,ok,560.8502036136256,6738.894349386372,560.8502036136256,,1
5m,300,btc-up-or-down-5m,btc-updown-5m,btc-updown-5m-1775363400,0x7b13eda368553b0b48183ea63ea3d9c5057f36c03afaec09d99d1beb3125f18e,Down,already_winner_assist,1,0,2.563825570792161,-0.014889826453148836,-650.2464779999999,650.2464779999999,,,10.0,60,0,0.0,0.0,0.0,ok,531.6248199549448,11398.25751304506,531.6248199549448,,1
5m,300,btc-up-or-down-5m,btc-updown-5m,btc-updown-5m-1775366400,0x858a30fe3c1ab46b7b8ef63bfc55f05ec4de2ce1b7fb5685dcf80fa72d5134ed,Down,already_winner_assist,1,0,4.678045952547274,-0.014911652188486547,-6.912053730999999,12.695446115,,,10.0,60,0,0.0,0.0,0.0,ok,44.5007596402383,4013.5934493597624,44.5007596402383,,1
5m,300,btc-up-or-down-5m,btc-updown-5m,btc-updown-5m-1775375100,0x8cf2925835152f80d18f381419fa195444fe61359af4a346cb18568b9f1aa0bb,Down,other,0,0,2.720158405136168,1.2431877446696113,98800.465977906,98800.465977906,-3.250992367826295,,10.0,60,1,12.282752847137964,197.600931955812,209.88368480294997,ok,8163.437624033238,145.67702696676554,7953.553939230288,38.8950557624215,1
5m,300,btc-up-or-down-5m,btc-updown-5m,btc-updown-5m-1775379000,0x2ea2e88f59e8ab5dbd90960f4127ae5c5bfa119b8a9a9be6e2b772c96e944379,Up,already_winner_assist,1,0,0.06882503557249302,-1.2710251881965289,-200608.300769995,200608.300769995,,,10.0,60,0,0.0,0.0,0.0,ok,4083.9396674247355,3419.522081575264,4083.9396674247355,,1
5m,300,btc-up-or-down-5m,btc-updown-5m,btc-updown-5m-1775380800,0x4a5f364b84fe791e406d31b3d62d54ec47692261817b5aa1fd48a33e0cc8b15f,Up,already_winner_assist,1,0,8.733356986798588,1.9111780081580745,2589.504229988,2592.1499715880004,,,10.0,60,1,0.4949003536385375,5.179008459976,5.6739088136145375,ok,145.9588124684337,8694.524665531571,140.28490365481917,25.724560838589035,1
5m,300,btc-up-or-down-5m,btc-updown-5m,btc-updown-5m-1775381100,0x8784e6160b2950704be7b3df8f131e997a4b8e611c3eb05f544edc9b0403d53d,Up,already_winner_assist,1,0,0.09576492623478607,0.13432946091534648,133987.832988003,134017.974903015,,,10.0,60,1,1.7998513374493923,267.97566597600604,269.77551731345545,truncated_http_400_at_offset_3500,2426.143425916396,4254.1791240836,2156.3679086029406,8.993193489450084,1
5m,300,btc-up-or-down-5m,btc-updown-5m,btc-updown-5m-1775382300,0xd207870398d50722cc4275b8c9c6f06836fe43bba18305edbab6db250562bbde,Up,already_winner_assist,1,0,2.234122715602916,2.2680034057580616,231802.80827366002,231802.80827366002,,,10.0,60,1,52.57295586289439,463.60561654732004,516.1785724102144,ok,2116.1912906078896,3466.1373793921084,1600.0127181976752,4.099727117161544,1
5m,300,btc-up-or-down-5m,btc-updown-5m,btc-updown-5m-1775383200,0xa31986346c762b042b8cec0251eb6736eed7b76cf4ca6a02f0647925f02c58f3,Down,already_winner_assist,1,0,1.6266820099140593,-1.581813328434439,-804535.2911911369,804535.2911911369,,,10.0,60,0,0.0,0.0,0.0,truncated_http_400_at_offset_3500,3847.6182619881242,4398.413137011874,3847.6182619881242,,1
5m,300,btc-up-or-down-5m,btc-updown-5m,btc-updown-5m-1775383500,0x68b899e8d12ed2245a17ebd29b84f97838f6e1617d0f448d073df7e0e30d9ad5,Down,flip,0,1,2.774524679250312,3.8355032254874386,508167.28650257696,508167.28650257696,,,10.0,60,1,194.90772664678332,1016.334573005154,1211.2422996519372,ok,1930.7893093502832,3322.1628156497163,719.5470096983461,1.5940570354132408,1
5m,300,btc-up-or-down-5m,btc-updown-5m,btc-updown-5m-1775384100,0x817861911f4c46855f53790a29203f37127c8dc59f08b250c46ae48dd73ac7fb,Down,flip,0,1,0.058613688641055456,0.8214343592692831,133913.424120659,133913.424120659,,,10.0,60,1,11.00010877401093,267.82684824131803,278.82695701532896,ok,1140.5272735673732,6395.990439432626,861.7003165520442,4.090448376211597,1
5m,300,btc-up-or-down-5m,btc-updown-5m,btc-updown-5m-1775387100,0x4e4eed949db87a82c6f1ffa5d2ed858e3bc0662e98eb17d0bc36bc1d5918defa,Down,flip,0,1,0.20434664708846947,1.9090943046146978,201118.38212626602,201118.38212626602,,,10.0,60,1,38.39539578705769,402.23676425253205,440.63216003958973,ok,2015.7074998198268,5119.365068180171,1575.075339780237,4.574580983010229,1
5m,300,btc-up-or-down-5m,btc-updown-5m,btc-updown-5m-1775387400,0x32d06b59d9339fb935dd6c5c9cbc1311305be7e45f2a35a78ac91cf6caa8247f,Down,already_winner_assist,1,0,1.0232457264970276,1.1785020357703535,268202.483157799,268202.483157799,,,10.0,60,1,31.607717240013006,536.404966315598,568.012683555611,truncated_http_400_at_offset_3500,1774.0458988604762,4823.658372139538,1206.0332153048653,3.1232505016532595,1
5m,300,btc-up-or-down-5m,btc-updown-5m,btc-updown-5m-1775388600,0x14cde232f9089fe3a0c56687af4109693cc4be56e0410adf0a1856db09417a17,Up,flip,0,1,1.3378215221708096,3.9258155714241356,591212.014255319,591216.014778679,,,10.0,60,1,232.09893315765598,1182.424028510638,1414.5229616682939,truncated_http_400_at_offset_3500,2665.8301206884616,7498.4479333115305,1251.3071590201678,1.8846142430550377,1
5m,300,btc-up-or-down-5m,btc-updown-5m,btc-updown-5m-1775388900,0x3c1931471065b68f45f9bb382f42337833deb4d666f591a6c9ae8a038dc2b119,Down,already_winner_assist,1,0,4.292265351190358,-0.0,-74.939339199,74.939339199,,,10.0,60,0,0.0,0.0,0.0,truncated_http_400_at_offset_3500,948.6195072409189,14168.68760175908,948.6195072409189,,1
5m,300,btc-up-or-down-5m,btc-updown-5m,btc-updown-5m-1775391600,0xfb94c87761b827bcd729c43c5fe393f2c140f06aaa603dfffb34e64725472ea9,Down,already_winner_assist,1,0,2.202593222978404,-0.0,-51.109374624000004,51.109374624000004,,0.0,10.0,60,0,0.0,0.0,0.0,ok,423.1610742381644,10230.640881761849,423.1610742381644,,1
5m,300,btc-up-or-down-5m,btc-updown-5m,btc-updown-5m-1775393100,0xb02053049c08e0fbbd1643de8943f987207718ef6bdaa4964ec79257dd52baea,Down,already_winner_assist,1,0,6.421400332194406,-0.014993706391349853,-114.759569449,114.759569449,,,10.0,60,0,0.0,0.0,0.0,ok,193.6427774541777,9581.072505545822,193.6427774541777,,1
5m,300,btc-up-or-down-5m,btc-updown-5m,btc-updown-5m-1775394000,0x19bf20dfb0fafe91b5db7ccfd94c5aa765c88b3345694203520aea0dc96951ba,Up,already_winner_assist,1,0,9.959137834994644,0.0,-24.1638807,24.1638807,,,10.0,60,0,0.0,0.0,0.0,ok,42.64484910000003,4221.840060899999,42.64484910000003,,1
5m,300,btc-up-or-down-5m,btc-updown-5m,btc-updown-5m-1775400000,0x07ad0c743a6b065566c118b3a142839ff71b6adf3e974a9737f451f58682d593,Up,already_winner_assist,1,0,0.5718323255921567,0.0,133879.4,133879.4,-0.0,,10.0,60,0,0.0,0.0,0.0,truncated_http_400_at_offset_3500,774.671000524563,9379.184909475442,774.671000524563,,1
5m,300,btc-up-or-down-5m,btc-updown-5m,btc-updown-5m-1775400300,0x3fe51189d64d842571aa3732c0d140e73cb81ba89160a3f2d865ec61899b5322,Down,already_winner_assist,1,0,1.3927108007326177,-0.0747124504559639,-133849.119467245,133849.119467245,,,10.0,60,0,0.0,0.0,0.0,truncated_http_400_at_offset_3500,1010.719321182658,12058.485173817346,1010.719321182658,,1
5m,300,btc-up-or-down-5m,btc-updown-5m,btc-updown-5m-1775400600,0xb3e8dc00c7b7c60c9348d24d46de3e2b45a50a47bfb4a82f33ed0e734e3cc95e,Down,already_winner_assist,1,0,0.063889481234002,1.4646452595593908,220097.285459292,220097.285459292,,,10.0,60,1,32.236444578984205,440.1945709185841,472.4310154975683,truncated_http_400_at_offset_3500,3028.824045907013,9375.774340093005,2556.3930304094447,6.411145641479593,1
5m,300,btc-up-or-down-5m,btc-updown-5m,btc-updown-5m-1775401500,0x029096332834ff77d3c1e0d03f72f3df60f60e5d12fc8fe5d213b9730d075ba9,Up,already_winner_assist,1,0,5.809457023168972,1.9287196127577018,8048.181241474999,8048.181241474999,,,10.0,60,1,1.5522685007461459,16.09636248295,17.648630983696144,truncated_http_400_at_offset_3500,1015.5541499177931,16659.04152708221,997.9055189340969,57.542942047797645,1
5m,300,btc-up-or-down-5m,btc-updown-5m,btc-updown-5m-1775401800,0xe6bfa4c24b002374269f9514d614c4398d37a6194735293510722bd1954d29a9,Up,already_winner_assist,1,0,1.3228009192975312,-4.8418769495237886,-602241.7631749071,602241.7631749071,-4.647649247420464,,10.0,60,0,0.0,0.0,0.0,truncated_http_400_at_offset_3500,3166.2897715882496,4670.079312411754,3166.2897715882496,,1
5m,300,btc-up-or-down-5m,btc-updown-5m,btc-updown-5m-1775403000,0x1a48b056fc3ff9668f346d2c03ac2bb3fede83693a6c7921cbf4602d4190e7a2,Down,already_winner_assist,1,0,2.2472171122830726,2.327058438194771,255476.756527848,255476.756527848,,,10.0,60,1,59.45093420407598,510.95351305569596,570.4044472597719,truncated_http_400_at_offset_3500,3185.178351579414,5277.34811042057,2614.773904319642,5.58406998206455,1
5m,300,btc-up-or-down-5m,btc-updown-5m,btc-updown-5m-1775404500,0x78d702abf6df6c70129fd2c5ca3bf28921b15b42d1313b549311662f77e2afa9,Down,already_winner_assist,1,0,7.500830089518861,0.014864638883156063,-39.5891718150001,1696.496002173,3.314267655218489,,10.0,60,0,0.0,0.0,0.0,ok,139.923678393487,8537.709930606512,139.923678393487,,1
5m,300,btc-up-or-down-5m,btc-updown-5m,btc-updown-5m-1775405400,0x97aa213465d22bfd221b0bd2d2b26ce2d9abe1275fcca5e7ac95b678c73242d0,Down,already_winner_assist,1,0,6.207436600468134,1.4715861272343793,171965.09929867098,171978.553198671,-1.2487883795648094,0.8027101878654909,10.0,60,1,25.30614544964067,343.930198597342,369.23634404698265,truncated_http_400_at_offset_3500,2712.7773866791667,12989.910649320858,2343.541042632184,7.346994493949343,1
5m,300,btc-up-or-down-5m,btc-updown-5m,btc-updown-5m-1775407800,0x5e1fcb94064c49ca4f2a561a2e62d14735a65c95adb9e21fee814c612dccf1b4,Down,already_winner_assist,1,0,3.2314091285650695,-0.014888429830190444,-154.33883257899998,259.737376943,-0.014888429830011816,,10.0,60,0,0.0,0.0,0.0,truncated_http_400_at_offset_3500,3541.256825885912,18243.08941111409,3541.256825885912,,1
5m,300,btc-up-or-down-5m,btc-updown-5m,btc-updown-5m-1775412600,0xb13d966ce1a270b38cf2871f15296fd6da95dceaa2a9772dcb24a47263b4f445,Up,already_winner_assist,1,0,1.9049780347419227,-1.8725200310331402,-672520.7561797621,673378.067378798,,,10.0,60,0,0.0,0.0,0.0,truncated_http_400_at_offset_3500,2142.3551772148417,13570.31722778517,2142.3551772148417,,1
5m,300,btc-up-or-down-5m,btc-updown-5m,btc-updown-5m-1775414100,0x8a53d7a63cca570e04fb3a7a28a980681c06f30d80d322cd63799fef37a1782e,Up,already_winner_assist,1,0,2.7267297953773646,-2.9222308547825646,-134811.029056968,134814.989483988,,-0.014835815737588276,10.0,60,0,0.0,0.0,0.0,truncated_http_400_at_offset_3500,7027.410281227071,14496.997363772929,7027.410281227071,,1
5m,300,btc-up-or-down-5m,btc-updown-5m,btc-updown-5m-1775414700,0x6deb22e1ce54ceffc58b3df60da88751606aeb35815557b7d0ebd2fe59523c9b,Down,already_winner_assist,1,0,0.4479726801497064,1.3800338797966563,121721.280800107,121917.332066807,-0.014840108957492366,,10.0,60,1,16.79794913963899,243.44256160021396,260.24051073985294,truncated_http_400_at_offset_3500,3034.620390174552,4687.28745582545,2774.379879434699,11.660830135735795,1
5m,300,btc-up-or-down-5m,btc-updown-5m,btc-updown-5m-1775415900,0x73ad30b6cbda6486182638e15c41e47cbea324d09deaf2b89deaaaea6086b2ce,Up,already_winner_assist,1,0,2.515107087441748,0.0,-134676.172998573,134820.267846957,,,10.0,60,0,0.0,0.0,0.0,truncated_http_400_at_offset_3500,5647.9879123425935,5808.809713657409,5647.9879123425935,,1
5m,300,btc-up-or-down-5m,btc-updown-5m,btc-updown-5m-1775419200,0x60a96e59d2078f0d27432c62a873614ea762a3d6f7a704fd9a9290f02d172c6c,Down,flip,0,1,0.2106075205021682,3.5787765569683807,718.557946497,718.557946497,,,10.0,60,1,0.25715583337468034,1.437115892994,1.6942717263686804,truncated_http_400_at_offset_3500,6476.994860470308,2635.9837755296776,6475.300588743939,3822.878443679398,1
5m,300,btc-up-or-down-5m,btc-updown-5m,btc-updown-5m-1775424000,0xa17587ea224742ad0a9694fb4e1c83d97fe27caef20daf048f9b62dac1f0848a,Down,already_winner_assist,1,0,1.9284182998138362,-1.6601594384093303,-89.37281085,89.37281085,,,10.0,60,0,0.0,0.0,0.0,ok,660.060868582032,16013.405925417961,660.060868582032,,1
5m,300,btc-up-or-down-5m,btc-updown-5m,btc-updown-5m-1775424300,0x52f59311f14049a1022a5d42c541f5f2a95b77372478b5962a42127049b3fda4,Down,already_winner_assist,1,0,0.9491147319421703,-0.0,-2775.2771781280003,2775.2771781280003,0.0,,10.0,60,0,0.0,0.0,0.0,ok,1103.19297553034,4766.9054254696575,1103.19297553034,,1
5m,300,btc-up-or-down-5m,btc-updown-5m,btc-updown-5m-1775430000,0x75567f15b4d4849cf786961cbbfd74e9b373f350ec387f07d0dd86c466254ed6,Down,already_winner_assist,1,0,2.294652801581883,-1.72753292624048,-3834.9441985099998,3858.9160349979998,0.014638834339148216,5.678259444132426,10.0,60,0,0.0,0.0,0.0,truncated_http_400_at_offset_3500,4500.068866377722,6211.91306662228,4500.068866377722,,1
5m,300,btc-up-or-down-5m,btc-updown-5m,btc-updown-5m-1775433300,0x12d5a782689a99db5c8139fe4b6599f224ca80ae2a1b00c75901a36db8f0b2b6,Up,already_winner_assist,1,0,4.297808940304491,0.0,4.69436949,34.90923009,-8.92566114216536,-25.075914069722877,10.0,60,0,0.0,0.0,0.0,ok,3528.0036069197185,12256.745143080276,3528.0036069197185,,1
5m,300,btc-up-or-down-5m,btc-updown-5m,btc-updown-5m-1775436900,0xd45f9778bc6435b589f7bfe4e485a6b4340c419583b89ab39390870421fe173d,Down,already_winner_assist,1,0,7.15895243965662,-0.0,-1.191186675,1.191186675,4.227662585463963,,10.0,60,0,0.0,0.0,0.0,ok,418.54718013697965,15068.643846863017,418.54718013697965,,1
5m,300,btc-up-or-down-5m,btc-updown-5m,btc-updown-5m-1775437500,0x0db1c9cfff8160aaea185347091a9842d3c7cb6d4b7436d5d5f8b4213cd7125b,Down,already_winner_assist,1,0,0.19239519009468867,0.26127852291896914,344439.458649007,344488.598531315,,4.426297503490681,10.0,60,1,8.99946329908219,688.8789172980141,697.8783805970963,truncated_http_400_at_offset_3500,4404.450376670131,8942.823968329862,3706.571996073035,6.311200488689356,1
5m,300,btc-up-or-down-5m,btc-updown-5m,btc-updown-5m-1775443500,0xb7c4e547af15afae6bfc269995d12b92ea8771e7572600a14b5f3d73e6f685be,Up,already_winner_assist,1,0,3.794893391073785,-2.903619360239349,-8040.562737275,8040.562737275,,,10.0,60,0,0.0,0.0,0.0,truncated_http_400_at_offset_3500,1096.306224170762,20843.229606829216,1096.306224170762,,1
5m,300,btc-up-or-down-5m,btc-updown-5m,btc-updown-5m-1775444700,0xb1114b170f19b580a54dd773f220a64bf3a8da65e4bb8d4b5bb7a440cd092e52,Down,already_winner_assist,1,0,4.924795863466443,-0.0,197.39824640999998,197.39824640999998,,8.659705229330601,10.0,60,0,0.0,0.0,0.0,ok,288.1624221793854,9458.102857820617,288.1624221793854,,1
5m,300,btc-up-or-down-5m,btc-updown-5m,btc-updown-5m-1775479200,0x1de1b0ae6d09f196f020e8a17c6840266a4b3e57b0f85d3e56bd912628489251,Down,already_winner_assist,1,0,2.1045290244275474,0.014390632273057346,13896.408599025002,13899.431400975001,0.6763373314148503,2.302237785286126,10.0,60,1,0.019997810606472082,27.792817198050006,27.81281500865648,truncated_http_400_at_offset_3500,817.6762863800806,9426.015895619914,789.8634713714241,29.3992638330779,1
5m,300,btc-up-or-down-5m,btc-updown-5m,btc-updown-5m-1775483700,0x8e04360cffb0351a2a08e7931bf16cd5446f35dd16de4a9cbab7b6aaceb29f4c,Down,already_winner_assist,1,0,1.2300210166859302,-1.3691355083612369,1551.8004337599996,1758.8652435599997,-2.133050472026498,8.786827814883683,10.0,60,0,0.0,0.0,0.0,truncated_http_400_at_offset_3500,257.34024740009204,11482.467679599904,257.34024740009204,,1
5m,300,btc-up-or-down-5m,btc-updown-5m,btc-updown-5m-1775485200,0x569e022d5a9ac269e82d2657841b66e0c377d193964974a6714b89404fb5479f,Up,already_winner_assist,1,0,5.73075341878015,0.4604084687221178,4296.582052097,4449.612600697,0.014387443791209435,-1.8414219281930682,10.0,60,1,0.19781827633449145,8.593164104194,8.790982380528492,truncated_http_400_at_offset_3500,1033.8128262599496,13480.794637740073,1025.021843879421,117.59923766310624,1
5m,300,btc-up-or-down-5m,btc-updown-5m,btc-updown-5m-1775490900,0x59ac24b68eecac9363f212f9ecdb24504a6ab1868a491e12766d4008020f470b,Up,already_winner_assist,1,0,4.537595686450271,1.9581457137360605,14230.64142693,14230.64142693,-1.2575848100342593,0.8289491930362201,10.0,60,1,2.7865669513857796,28.461282853860002,31.24784980524578,truncated_http_400_at_offset_3500,6726.773290241928,12536.367386758067,6695.525440436682,215.2715573124862,1
5m,300,btc-up-or-down-5m,btc-updown-5m,btc-updown-5m-1775495100,0x320cfc5703d911fb7a1fb9358e30c3411fac2ff82ff24596ff53a43c80311401,Up,already_winner_assist,1,0,8.619725361989335,0.28714467642915925,486232.21240449604,486276.351067006,-0.0,,10.0,60,1,13.961899130032325,972.464424808992,986.4263239390243,truncated_http_400_at_offset_3500,4765.65273604675,34430.30109795317,3779.2264121077255,4.831230290992657,1
5m,300,btc-up-or-down-5m,btc-updown-5m,btc-updown-5m-1775498700,0x073f4c84b2bec7772d37d2ea62363ce887ede16ca4124a3987cb355c08cd3e51,Up,already_winner_assist,1,0,3.639316478752345,-0.014379788920119827,-1189.964863309,1189.964863309,,,10.0,60,0,0.0,0.0,0.0,truncated_http_400_at_offset_3500,2633.0123781481407,17049.750122851863,2633.0123781481407,,1
5m,300,btc-up-or-down-5m,btc-updown-5m,btc-updown-5m-1775500200,0xc09f9c12d11e37403515b42546c09544abe48b80cd17eef494b883005f058489,Down,already_winner_assist,1,0,5.669894892838911,1.0455105000982927,-27.146911867,34.035214943,0.3150968636651548,1.231685835739541,10.0,60,0,0.0,0.0,0.0,truncated_http_400_at_offset_3500,1060.1370537376058,17875.84700126238,1060.1370537376058,,1
5m,300,btc-up-or-down-5m,btc-updown-5m,btc-updown-5m-1775501100,0xabf6447acfc5c029a31d2b0f8c27247dc1535c21246001bb5e5f2f0540762c98,Up,flip,0,1,1.8079795294263417,3.4108709659988716,69.78880000000001,69.78880000000001,,,10.0,60,1,0.02380405916719021,0.13957760000000002,0.16338165916719022,truncated_http_400_at_offset_3500,4239.186302554169,547.3771654458301,4239.022920895001,25946.524990397873,1
5m,300,btc-up-or-down-5m,btc-updown-5m,btc-updown-5m-1775501700,0x5def691b962d62ef606666812d471510414dd512c55d38fe09992f8c5b6828db,Down,already_winner_assist,1,0,1.018574661733886,0.2002858365087092,-18232.353809572,18246.333989572,-3.276673618969473,,10.0,60,0,0.0,0.0,0.0,ok,2150.6443170118623,6528.7473489881395,2150.6443170118623,,1
5m,300,btc-up-or-down-5m,btc-updown-5m,btc-updown-5m-1775504700,0xc62c1d72ac76cf16dd3d427404d385cbd4b90153c2bd056945c213844701d803,Down,already_winner_assist,1,0,5.8197257663469095,-0.0,-51.20332644,51.20332644,,0.4302167002175113,10.0,60,0,0.0,0.0,0.0,ok,291.47858913539574,10100.322270864599,291.47858913539574,,1
5m,300,btc-up-or-down-5m,btc-updown-5m,btc-updown-5m-1775505000,0x695778227d9dab0d149218237ca7877159168b02f93e5924a6f0af8ede122a90,Up,already_winner_assist,1,0,1.8797896643942005,-0.7025145004021467,-2.02336047,2.02336047,5.36367599620672,,10.0,60,0,0.0,0.0,0.0,truncated_http_400_at_offset_3500,657.0534531374807,8725.413124862534,657.0534531374807,,1
5m,300,btc-up-or-down-5m,btc-updown-5m,btc-updown-5m-1775512500,0x34e9b0170c47e6d6ee92c63771857266e8c8299d28e71a659303953eed466249,Down,flip,0,1,1.2073233818677818,1.1075383820115592,-117.062873231,395.172073231,-8.66316740419102,,10.0,60,0,0.0,0.0,0.0,truncated_http_400_at_offset_3500,3337.4878244890306,9541.79814251096,3337.4878244890306,,1
5m,300,btc-up-or-down-5m,btc-updown-5m,btc-updown-5m-1775517600,0x71c1c677397df036d43cc44f289628cf8ef46b21744eb041dac15703fced5951,Down,flip,0,1,2.4290430700907617,2.3890094027901205,-65.894054882,119.27087566200001,-0.3496590096550197,,10.0,60,0,0.0,0.0,0.0,truncated_http_400_at_offset_3500,6366.939159287472,5736.016037712523,6366.939159287472,,1
5m,300,btc-up-or-down-5m,btc-updown-5m,btc-updown-5m-1775521500,0x667ec0010c2447a36aa91551bf9966c11e65bf47abfe88ee13089aa146019f76,Down,flip,0,1,0.8784031361261857,3.6407124884778717,37020.1323943,37020.1323943,,,10.0,60,1,13.477965833303221,74.04026478860001,87.51823062190323,truncated_http_400_at_offset_3500,7428.798532352922,5618.68261364707,7341.280301731019,84.88286931264483,1
5m,300,btc-up-or-down-5m,btc-updown-5m,btc-updown-5m-1775523000,0x81dad110fe414e07655af6b5aba1bdffa91d8f9cf3e206b06bc8b8f6bf318ffa,Down,already_winner_assist,1,0,3.738534560871488,-0.01452271461253892,-33.848328892999994,33.848328892999994,,-0.014522714613666318,10.0,60,0,0.0,0.0,0.0,ok,1998.9265715338329,15048.355123466186,1998.9265715338329,,1
5m,300,btc-up-or-down-5m,btc-updown-5m,btc-updown-5m-1775527500,0x55a1a926b59648f8d9506b346777126f6329823977fc1491b4b4057df618e939,Up,already_winner_assist,1,0,2.606595505916132,0.0,36.418141750000004,36.418141750000004,,,10.0,60,0,0.0,0.0,0.0,truncated_http_400_at_offset_3500,5329.550443046153,10427.888974953832,5329.550443046153,,1
5m,300,btc-up-or-down-5m,btc-updown-5m,btc-updown-5m-1775535000,0xbfafcd8fc1560ed398ab58405de698db933a437023a6236b3d5e60585ffaf1df,Up,flip,0,1,1.2622658048186601,2.1265501319665443,-3009.0288025509994,3077.6917025509997,-0.014563852661185928,0.6262657305797372,10.0,60,0,0.0,0.0,0.0,ok,11511.718641612058,7136.379370387938,11511.718641612058,,1
5m,300,btc-up-or-down-5m,btc-updown-5m,btc-updown-5m-1775538600,0x93d8a820da8ecd13bf70ca4433cbb85f76098c04953c97c34e58826706fc409b,Down,already_winner_assist,1,0,3.5113084847642932,-0.01453136704539629,11.529526041,21.333153123,-2.3834264774893685,,10.0,60,0,0.0,0.0,0.0,ok,800.8941933883253,6650.123298611686,800.8941933883253,,1
5m,300,btc-up-or-down-5m,btc-updown-5m,btc-updown-5m-1775551500,0x086dfe912b6c5b43f8adb381f15a5c07315caf405828010ffdd81c862524a72d,Down,other,0,0,0.751749454702475,-0.0,28.353014608,62.226450344,0.0,,10.0,60,0,0.0,0.0,0.0,truncated_http_400_at_offset_3500,5973.671191835601,8081.158692164382,5973.671191835601,,1
5m,300,btc-up-or-down-5m,btc-updown-5m,btc-updown-5m-1775559600,0x80683d39309898e37245a0d7d904f2b98cbcf65ce4e43a7e39a4d6e612c67c15,Down,already_winner_assist,1,0,6.143411633838153,-3.3003373244281833,-97687.12861742501,97687.12861742501,,3.3578919206286404,10.0,60,0,0.0,0.0,0.0,truncated_http_400_at_offset_3500,933.0391947051285,18267.23706129485,933.0391947051285,,1
5m,300,btc-up-or-down-5m,btc-updown-5m,btc-updown-5m-1775560800,0x0371554208d6439dd071e667692bd4341e78eca420e63ab578c56d1e8ba43f29,Up,other,0,0,0.4393612625603811,0.0,1966.9246503359998,2039.973846312,-0.0,-0.16107457240454923,10.0,60,0,0.0,0.0,0.0,truncated_http_400_at_offset_3500,5309.6265584056955,7275.523390594313,5309.6265584056955,,1
5m,300,btc-up-or-down-5m,btc-updown-5m,btc-updown-5m-1775571300,0x43db52dff1009e8a1719db4a4f36160c93946f0f87400977df70e72ecce1302e,Down,already_winner_assist,1,0,5.043939128671858,-0.0,-60.090737505,60.090737505,1.8271649376606252,,10.0,60,0,0.0,0.0,0.0,truncated_http_400_at_offset_3500,339.03276834908354,15592.202557650906,339.03276834908354,,1
5m,300,btc-up-or-down-5m,btc-updown-5m,btc-updown-5m-1775572200,0xba916d3cc4d5215de02555a664f77498fa3402f811f5e795f5175385a60082cb,Down,already_winner_assist,1,0,5.2090571515686594,-0.0,-81.11529007200001,113.531920164,,,10.0,60,0,0.0,0.0,0.0,truncated_http_400_at_offset_3500,14600.3235166381,11218.675499361916,14600.3235166381,,1
5m,300,btc-up-or-down-5m,btc-updown-5m,btc-updown-5m-1775574000,0x2ffa19f91d7d86c7ab0da605d61ced14cf5ec4e8cedf45a5bb8f76dbdedfee5a,Up,already_winner_assist,1,0,2.5565678538859467,0.0,10.000098406,10.000098406,3.28618956018396,,10.0,60,0,0.0,0.0,0.0,truncated_http_400_at_offset_3500,3072.736633468176,14121.55738553182,3072.736633468176,,1
5m,300,btc-up-or-down-5m,btc-updown-5m,btc-updown-5m-1775576400,0x8d630934cd0fb3e766d12dfba6cac00791aaa3b711fe79f60f1ae19dcc302db3,Down,already_winner_assist,1,0,3.9752020227937583,1.747570111011644,340.466339316,340.466339316,-1.1309434209893432,,10.0,60,1,0.05949887983941902,0.680932678632,0.7404315584714191,truncated_http_400_at_offset_3500,4173.575202435629,7232.053278564369,4172.834770877157,5636.679251019162,1
5m,300,btc-up-or-down-5m,btc-updown-5m,btc-updown-5m-1775577300,0x4c20e9891ba0123ee27542893089ead1e2938a45f3d77586d61efab6457e0343,Up,flip,0,1,0.0667783185872699,1.5700602744657637,-230.38092223200002,230.38092223200002,-0.014672297893105164,,10.0,60,0,0.0,0.0,0.0,truncated_http_400_at_offset_3500,9062.894582298082,13360.50998270189,9062.894582298082,,1
5m,300,btc-up-or-down-5m,btc-updown-5m,btc-updown-5m-1775578500,0x02097dec09676a31da38e6c9a7bbc0adb03c8c9f812a67ac20b3d8a75bb6ac7c,Down,already_winner_assist,1,0,4.542396364764981,-0.0,-99.999809597,99.999809597,-0.3230135401675019,,10.0,60,0,0.0,0.0,0.0,truncated_http_400_at_offset_3500,1111.4490741771651,15300.16125882284,1111.4490741771651,,1
5m,300,btc-up-or-down-5m,btc-updown-5m,btc-updown-5m-1775580000,0xd94b7ae4b1fcae5cb038e8d5783ed2dd9a88e2cba1eae5f158b0e2123984648a,Down,already_winner_assist,1,0,0.43749977089456493,0.014638984348284268,7084.180953603,7084.180953603,,4.068812753171704,10.0,60,1,0.010370521410020784,14.168361907205998,14.17873242861602,truncated_http_400_at_offset_3500,3619.282064627006,15608.702453372985,3605.10333219839,255.26132768557244,1
5m,300,btc-up-or-down-5m,btc-updown-5m,btc-updown-5m-1775580300,0xd1f5712f931ee3b3544e974c5741b01da345a4c291428106811ba777969b8eb1,Down,already_winner_assist,1,0,1.2937102403842153,-0.5270277393468399,-65.61393115399999,65.61393115399999,-3.0893639011215357,,10.0,60,0,0.0,0.0,0.0,truncated_http_400_at_offset_3500,5839.835501794497,12298.28796320551,5839.835501794497,,1
5m,300,btc-up-or-down-5m,btc-updown-5m,btc-updown-5m-1775580600,0xb63fcfee18cb7711e99669f42fe1134d65caf101efc8d853bcb5454e8197d613,Down,already_winner_assist,1,0,9.421322197826889,1.0111230875121748,123.301906752,123.301906752,0.9964698598106768,-0.08792857854806209,10.0,60,1,0.01246734046512205,0.24660381350399999,0.25907115396912206,ok,118.16644016903396,9606.580751830956,117.90736901506484,456.11577498557745,1
5m,300,btc-up-or-down-5m,btc-updown-5m,btc-updown-5m-1775589900,0x639bea84cc4e6d0e9d039e2c187e54d24854ada62b46a72b97202846e1b22802,Down,already_winner_assist,1,0,3.6007899048068683,3.3684493275745915,68765.143059783,69213.227882837,-2.6109641680447075,,10.0,60,1,23.163189990029665,137.53028611956603,160.69347610959568,truncated_http_400_at_offset_3500,4072.641769712867,15871.811904287131,3911.948293603271,25.344163735279807,1
5m,300,btc-up-or-down-5m,btc-updown-5m,btc-updown-5m-1775590800,0x3e3e96e56538b09f8d85d53d1650ab57c7564bef53d9264d57c2766bff881a57,Up,already_winner_assist,1,0,8.28169586679315,-0.1897238277862879,-54760.93507119799,54785.239202688,,,10.0,60,0,0.0,0.0,0.0,truncated_http_400_at_offset_3500,3153.5381452669744,21276.974843732987,3153.5381452669744,,1
5m,300,btc-up-or-down-5m,btc-updown-5m,btc-updown-5m-1775591700,0x9de4e86643aa3dc0ffab425c375f06e2f5116da20e66b295bb807efd1c400582,Down,already_winner_assist,1,0,2.0946436617204984,0.014489383267593867,-3361.6931134569995,3520.575925057,,,10.0,60,0,0.0,0.0,0.0,truncated_http_400_at_offset_3500,2021.6455109750448,22868.417381024916,2021.6455109750448,,1
5m,300,btc-up-or-down-5m,btc-updown-5m,btc-updown-5m-1775598300,0x76b6f3aa5759eec70b4d59327e06ef99164a7f5f4e1bf70248f334550af62dad,Down,already_winner_assist,1,0,7.697921244947103,0.44384088454608406,44.92794576300001,63.595970643,,,10.0,60,1,0.001994085918828841,0.08985589152600003,0.09184997744482887,truncated_http_400_at_offset_3500,2499.964271975842,21491.43406602413,2499.8724219983974,27217.908392818987,1
5m,300,btc-up-or-down-5m,btc-updown-5m,btc-updown-5m-1775607000,0xa8394db54f13bfde3cb129ed7b8f650f2dd34b4c5db40831c40901afd80daf3b,Up,already_winner_assist,1,0,9.467063131414909,0.0,655.249209505,655.249209505,0.9451020786771753,8.105761860528533,10.0,60,0,0.0,0.0,0.0,truncated_http_400_at_offset_3500,1215.0585616297337,26118.196083370214,1215.0585616297337,,1
5m,300,btc-up-or-down-5m,btc-updown-5m,btc-updown-5m-1775616000,0xef779ac93894c583e519df9893f8834d53c7a2564f20a64a4559d02e71233931,Up,other,0,0,1.2609761818287046,0.28056865657051744,23814.047905395997,25072.278802252,,,10.0,60,1,0.6681475428322899,47.628095810792,48.296243353624284,truncated_http_400_at_offset_3500,6040.574203617069,5533.195333382928,5992.277960263445,125.07337598471346,1
5m,300,btc-up-or-down-5m,btc-updown-5m,btc-updown-5m-1775625300,0xaeb94c5681b296887e3f582d1287d87de632c717fb3f6c7fd92140ee76d6021a,Up,other,0,0,2.6386185768228403,0.6698605994689881,793.8560066930002,793.8560066930002,-2.4697232291376925,,10.0,60,1,0.053177286053543014,1.5877120133860003,1.6408892994395434,ok,5486.119753380831,3171.372857619165,5484.478864081391,3343.3820034384107,1
5m,300,btc-up-or-down-5m,btc-updown-5m,btc-updown-5m-1775626800,0x1cf00a71f5e21a2e3ef5b872ce6f01d5d456f350ef9516452253799b39c923ee,Down,already_winner_assist,1,0,1.4295173924883944,-4.533923239527889,-412287.681283622,412287.681283622,,,10.0,60,0,0.0,0.0,0.0,truncated_http_400_at_offset_3500,2854.6825976619907,10644.659047338022,2854.6825976619907,,1
5m,300,btc-up-or-down-5m,btc-updown-5m,btc-updown-5m-1775632200,0x5a81f35fded69d653678610cc61630630b70b3eadcadfba65f4b67166410e84b,Up,already_winner_assist,1,0,0.9716925135501877,-2.4665775386398963,-99938.063157397,99980.761920777,,,10.0,60,0,0.0,0.0,0.0,truncated_http_400_at_offset_3500,3600.5307567089676,18896.491373291017,3600.5307567089676,,1
5m,300,btc-up-or-down-5m,btc-updown-5m,btc-updown-5m-1775634600,0x6f60b66dcb1a7543cb633d65f5ddb3d3f38c2d547c26de1a6b7dbe830df62e2d,Up,already_winner_assist,1,0,2.7263429249482494,0.0,198.019952928,198.019952928,,,10.0,60,0,0.0,0.0,0.0,ok,891.2972848026518,13178.826021197361,891.2972848026518,,1
5m,300,btc-up-or-down-5m,btc-updown-5m,btc-updown-5m-1775636400,0xb0e2530adf224ca529545b44121deb9e7a0d8210c1b813eb2879ab2062f455ef,Down,already_winner_assist,1,0,7.537723818063227,-0.0,-2.4377793300000006,6.971835810000001,,,10.0,60,0,0.0,0.0,0.0,ok,75.86934190953617,6591.701447090468,75.86934190953617,,1
5m,300,btc-up-or-down-5m,btc-updown-5m,btc-updown-5m-1775639400,0x4e2b25e0f92ee2763c34048c52a44c6273f0d08da7e9641bb8522b87ab2cde4c,Down,other,0,0,1.3416513543675352,0.013918843400083352,49.4193017,49.4193017,-4.009433359294915,,10.0,60,1,6.87859521303773e-05,0.0988386034,0.09890738935213038,ok,2970.1528592045397,12085.64802579545,2970.0539518151877,30029.63558799629,1
5m,300,btc-up-or-down-5m,btc-updown-5m,btc-updown-5m-1775652300,0x4bd4ed77f920e363d1f07f03517f62546c84f450e9bda87443b614fb5c982d6e,Down,already_winner_assist,1,0,2.647509228114562,-0.3198048912342795,-20.0002328,20.0002328,0.0,0.9593533131812219,10.0,60,0,0.0,0.0,0.0,truncated_http_400_at_offset_3500,1213.9503742995366,13002.250277700477,1213.9503742995366,,1
5m,300,btc-up-or-down-5m,btc-updown-5m,btc-updown-5m-1775652600,0xe73b3425cd331eee56b7cb3ed23b6bcb4ae9b4fd408bcc73776563c77cd80044,Up,already_winner_assist,1,0,6.265973027482445,0.0,-2839.035744123,2840.982029243,-4.305944353167,-0.9863638676527199,10.0,60,0,0.0,0.0,0.0,ok,190.37080241055767,10957.597613589436,190.37080241055767,,1
5m,300,btc-up-or-down-5m,btc-updown-5m,btc-updown-5m-1775653800,0x1c4348ba04ec1dcc53372d5d50123d0754f5f2dc2ef09921117043593e48d0aa,Down,already_winner_assist,1,0,3.8200426748814924,-1.9975960031840074,-7466.6004056990005,7466.6004056990005,0.23417477842242063,0.06887550408248988,10.0,60,0,0.0,0.0,0.0,truncated_http_400_at_offset_3500,3324.217167019594,23524.95592098035,3324.217167019594,,1
5m,300,btc-up-or-down-5m,btc-updown-5m,btc-updown-5m-1775658000,0x40b887ee7d6e412c9d072bb9798de0ed77265adf0047b6b47a136b6a838a1c5e,Up,already_winner_assist,1,0,9.271235774129892,0.0,19.464854499999998,19.464854499999998,-6.294366749758584,-7.818406380533945,10.0,60,0,0.0,0.0,0.0,truncated_http_400_at_offset_3500,9782.168575787084,4470.7061822129035,9782.168575787084,,1
5m,300,btc-up-or-down-5m,btc-updown-5m,btc-updown-5m-1775659200,0x88161cd469b578fa09e1206b0a128f11f44d561f1f6aad31903ffeb3ce3ad685,Down,already_winner_assist,1,0,3.249983508178628,-0.0,4591.605911115,4725.110568885,0.014064687718007705,,10.0,60,0,0.0,0.0,0.0,truncated_http_400_at_offset_3500,3787.1914988207573,11920.259022179242,3787.1914988207573,,1
5m,300,btc-up-or-down-5m,btc-updown-5m,btc-updown-5m-1775660100,0xf2472956741c294c2cb2e98719a753e166a0b32ef06058752dc2fa42016e9e91,Up,other,0,0,0.9753518198924379,1.3261813614768656,-207.51906823999997,236.94343173999997,,0.31036710788293986,10.0,60,0,0.0,0.0,0.0,truncated_http_400_at_offset_3500,8077.952184987953,4068.48791701205,8077.952184987953,,1
5m,300,btc-up-or-down-5m,btc-updown-5m,btc-updown-5m-1775661900,0xf2962b8eebaed7b0e11723710d8a4c84fc5b66474bab880be7d96bd846fb2518,Up,other,0,0,0.5661542363831807,-0.22484289104047533,1019.1152434260001,1253.376510174,-1.3911342614529603,-0.2248428910395389,10.0,60,0,0.0,0.0,0.0,truncated_http_400_at_offset_3500,14035.551834931406,3730.2211650685767,14035.551834931406,,1
5m,300,btc-up-or-down-5m,btc-updown-5m,btc-updown-5m-1775662500,0xadd95c24cbb3ce9762eedf699c49423726beb1d64cbebcfdb639c2dfbd62de3f,Up,already_winner_assist,1,0,8.082080355118688,0.7438768760893564,3377.754845723,3398.136878177,2.933722458613302,,10.0,60,1,0.2512633722832111,6.755509691445999,7.00677306372921,truncated_http_400_at_offset_3500,2676.5172170410824,18456.7404399589,2669.510443977353,381.98999635026877,1
5m,300,btc-up-or-down-5m,btc-updown-5m,btc-updown-5m-1775662800,0x4623b72a6898093cd2a6943ae8886945ec49805acbdcb87f3d75451de556d48e,Down,already_winner_assist,1,0,7.349693228129115,-1.699940787148176,-2277.8829882709997,2277.8829882709997,4.213483208403233,4.66281665040154,10.0,60,0,0.0,0.0,0.0,truncated_http_400_at_offset_3500,1584.661312732273,21047.821073267707,1584.661312732273,,1
5m,300,btc-up-or-down-5m,btc-updown-5m,btc-updown-5m-1775664900,0xc4f486b752ef32b986fe26b95709051e231e99cc86c98fdc91b4c179a12d70e2,Up,already_winner_assist,1,0,5.276151737190293,0.0,-54.236044879999994,56.66335588,,1.723042617348864,10.0,60,0,0.0,0.0,0.0,truncated_http_400_at_offset_3500,5729.996711459155,25432.351514540773,5729.996711459155,,1
5m,300,btc-up-or-down-5m,btc-updown-5m,btc-updown-5m-1775672400,0x0444db11209c7d15351e5f3ba32fc793cd11885f9924bfb332228e2e84c0a0e0,Down,other,0,0,0.5014129932862122,-0.0,-2088.5054455149993,2730.3937548069994,0.014001709608174205,,10.0,60,0,0.0,0.0,0.0,truncated_http_400_at_offset_3500,5534.456166761756,8010.9068812382375,5534.456166761756,,1
5m,300,btc-up-or-down-5m,btc-updown-5m,btc-updown-5m-1775674800,0xc97b620feb8a322ec68ce4a91fdf5fa9d3ceac9e2b25281bb1a80488dd19f283,Up,already_winner_assist,1,0,0.3037367732485548,0.0,192.31884498,416.07072658,-0.0,1.4063688844370297,10.0,60,0,0.0,0.0,0.0,truncated_http_400_at_offset_3500,4103.320285513405,7948.798187486594,4103.320285513405,,1
5m,300,btc-up-or-down-5m,btc-updown-5m,btc-updown-5m-1775677500,0x8f62470633a41e60f13d14b990074dd4ba244b9546e9e103c98acc9540d5308f,Up,already_winner_assist,1,0,4.905221114860089,-0.6585644558326565,-1386.9930708680001,1386.9930708680001,-0.0,1.4994468190415435,10.0,60,0,0.0,0.0,0.0,ok,344.94716325815546,12348.442573741851,344.94716325815546,,1
5m,300,btc-up-or-down-5m,btc-updown-5m,btc-updown-5m-1775679000,0x47d2ae49c8c02e298c72a699ccb6accade78255da7459f2bc2539139bb428019,Up,already_winner_assist,1,0,5.108168183129772,0.2659464649916005,29632.742982752996,29632.742982752996,-0.013996986450704256,,10.0,60,1,0.7880723244267815,59.26548596550599,60.05355828993277,truncated_http_400_at_offset_3500,1005.1792963705274,14253.197752629512,945.1257380805946,16.738047253047338,1
5m,300,btc-up-or-down-5m,btc-updown-5m,btc-updown-5m-1775681100,0x12c38850bc44fb52b1369eea98e6930bee40668e371d4dbabd62e2c6b0a7781a,Up,other,0,0,0.6147864860832989,0.0,69.29600939299999,168.557580593,,,10.0,60,0,0.0,0.0,0.0,truncated_http_400_at_offset_3500,2281.1043162293768,2752.323719770624,2281.1043162293768,,1
5m,300,btc-up-or-down-5m,btc-updown-5m,btc-updown-5m-1775687700,0x58016bbe7821f58bd7734020f8980c0c69417658b955a929ecd4db3fa77776d5,Up,already_winner_assist,1,0,5.383338585317997,-0.7571285762183921,-3.56597,3.56597,,,10.0,60,0,0.0,0.0,0.0,ok,818.0957161206815,16305.239577879329,818.0957161206815,,1
5m,300,btc-up-or-down-5m,btc-updown-5m,btc-updown-5m-1775688300,0xea76e53cb991b6be7e2323e139479441da1243b8bad2bef8394097934a3a75e2,Up,already_winner_assist,1,0,4.047244340760954,0.0,-997.469816737,1062.8169711369999,,,10.0,60,0,0.0,0.0,0.0,truncated_http_400_at_offset_3500,3112.138203199773,14107.426830800225,3112.138203199773,,1
5m,300,btc-up-or-down-5m,btc-updown-5m,btc-updown-5m-1775691300,0xb734bec603a0b9658d3e2b9fa8be26bc4a8cead350d73b823ee92862af819fdb,Up,already_winner_assist,1,0,7.39447525393766,-1.2802016827528164,-19.996425707,79.987763669,,,10.0,60,0,0.0,0.0,0.0,ok,3.7950078500000024,633.0098821500001,3.7950078500000024,,1
5m,300,btc-up-or-down-5m,btc-updown-5m,btc-updown-5m-1775692800,0x5d26c9545b70e45e44660b83eb9e933251c6e7b0ca261156593c805615ee164b,Down,already_winner_assist,1,0,5.747815241255168,-0.014077676396515873,-854.354571584,854.354571584,0.08446564219418685,,10.0,60,0,0.0,0.0,0.0,truncated_http_400_at_offset_3500,904.4864099983109,23878.767033001648,904.4864099983109,,1
5m,300,btc-up-or-down-5m,btc-updown-5m,btc-updown-5m-1775695500,0x57706451a493bff37401272c741d726a7563feb71fca808772acd16c449d859b,Down,already_winner_assist,1,0,8.828204675133543,-0.0,-486.617811936,486.617811936,0.1413423566319457,,10.0,60,0,0.0,0.0,0.0,truncated_http_400_at_offset_3500,662.5301325181919,16925.58254348181,662.5301325181919,,1
5m,300,btc-up-or-down-5m,btc-updown-5m,btc-updown-5m-1775696100,0xaebd8f491a67a0da4fda95bf194eef9aaf25e4942065e2c32a8d75e23853f257,Up,already_winner_assist,1,0,7.279538173192429,0.0,14778.324874456,14778.324874456,-0.0,-4.7287298031008405,10.0,60,0,0.0,0.0,0.0,ok,217.20255685118454,16983.94187414881,217.20255685118454,,1
5m,300,btc-up-or-down-5m,btc-updown-5m,btc-updown-5m-1775702100,0xccf3958b583e3da0784b873a299553f134bcec6e1964a19220fcb8055adc25e0,Down,already_winner_assist,1,0,2.0511770930769315,0.014075001460869102,8408.958041021999,8408.958041021999,,-1.3794462530484766,10.0,60,1,0.011835609671177161,16.817916082043997,16.829751691715174,truncated_http_400_at_offset_3500,8801.962374444756,7955.796408555237,8785.13262275304,523.0001330784768,1
5m,300,btc-up-or-down-5m,btc-updown-5m,btc-updown-5m-1775702400,0xeb8639afb5bd43b45018a57b396e2f2872e1bda6dc8561f5241a76351d9c7152,Up,other,0,0,0.9565492938609114,2.210808326996605,140117.91868166998,140120.137427694,,,10.0,60,1,30.977386138286914,280.23583736333995,311.2132235016269,truncated_http_400_at_offset_3500,18256.555538986537,6201.533132013434,17945.34231548491,58.66253153889876,1
5m,300,btc-up-or-down-5m,btc-updown-5m,btc-updown-5m-1775704500,0x968c595cb455bb69744368d484a5d98a672a448c781c6208f0ad5ca988383ba3,Down,already_winner_assist,1,0,0.5512013668329566,-2.268306901785885,-98.06871687200001,98.06871687200001,-0.014087274894878864,,10.0,60,0,0.0,0.0,0.0,truncated_http_400_at_offset_3500,5240.984007799246,6404.4404402007585,5240.984007799246,,1
5m,300,btc-up-or-down-5m,btc-updown-5m,btc-updown-5m-1775712000,0x062f24d39296718fc83b3dff6500ea921b0f8b33ffdfdf009ddc302190114848,Down,other,0,0,0.07220570563096163,0.9021708492155918,-33.81557256,33.81557256,,,10.0,60,0,0.0,0.0,0.0,truncated_http_400_at_offset_3500,9789.0367054305,7792.9658045694805,9789.0367054305,,1
5m,300,btc-up-or-down-5m,btc-updown-5m,btc-updown-5m-1775719800,0x8917a806d1635231e62a6b9324fdb8ce560b3ca790bc20b666ee25cabd4390b8,Up,already_winner_assist,1,0,5.119639994738823,0.0,42.050056077,42.050056077,,,10.0,60,0,0.0,0.0,0.0,truncated_http_400_at_offset_3500,2890.319949415933,20730.72605158411,2890.319949415933,,1
5m,300,btc-up-or-down-5m,btc-updown-5m,btc-updown-5m-1775720700,0x70520bb04d44f8b981c6400ea23f03f2e79f98de29865ffb4e5c2ab6e10c41db,Down,flip,0,1,4.377030094739854,3.830532772542701,4.006946512,4.006946512,0.01408552873756039,,10.0,60,1,0.0015348739932041664,0.008013893024,0.009548767017204165,truncated_http_400_at_offset_3500,3803.3037359724563,14478.749813027589,3803.294187205439,398303.12427981367,1
5m,300,btc-up-or-down-5m,btc-updown-5m,btc-updown-5m-1775723700,0x6248ec5b05428b627fb07b831cdc7b939bd0acf170f163c84bbcc019f4b5c3e7,Up,already_winner_assist,1,0,7.940320120279958,0.0,88.88930220099999,88.88930220099999,-0.0,,10.0,60,0,0.0,0.0,0.0,ok,97.35442939873369,7881.317866601269,97.35442939873369,,1
5m,300,btc-up-or-down-5m,btc-updown-5m,btc-updown-5m-1775724600,0x08c12140c54d993b83de466b719a2385e0af5fe4be90e446b006bca5a432e959,Down,already_winner_assist,1,0,0.05311045902610031,-0.0,-5.039993464,5.039993464,0.2806710283131745,0.26663766398858935,10.0,60,0,0.0,0.0,0.0,ok,2022.9109794734181,6425.544641526583,2022.9109794734181,,1
5m,300,btc-up-or-down-5m,btc-updown-5m,btc-updown-5m-1775731200,0x603f2dfe904a77e215d3eb444ab56d5aa0dcc18132ecb101f08906769403e53f,Up,already_winner_assist,1,0,3.6263620556334137,0.0,257.07002085600004,257.07002085600004,-0.0,0.014003042861797252,10.0,60,0,0.0,0.0,0.0,ok,1416.704391880104,17845.567345119918,1416.704391880104,,1
5m,300,btc-up-or-down-5m,btc-updown-5m,btc-updown-5m-1775732100,0x8a1b8a8983db300041b5012f852983645abc72105a845ce6de4c4ef361601db1,Down,already_winner_assist,1,0,8.41719126722934,-0.0,-6.9994817320000005,6.9994817320000005,-2.160133207263606,,10.0,60,0,0.0,0.0,0.0,ok,180.53525493285542,9806.070441067153,180.53525493285542,,1
5m,300,btc-up-or-down-5m,btc-updown-5m,btc-updown-5m-1775737800,0x35a6a6bf11b0c80febae3922c2d9105526d3a9e0138edffb33992ee41cad3c91,Down,already_winner_assist,1,0,5.045943072286063,-0.014038860969143948,-217.54914092599998,217.54914092599998,0.0,,10.0,60,0,0.0,0.0,0.0,truncated_http_400_at_offset_3500,573.7365659194966,18643.806707080475,573.7365659194966,,1
5m,300,btc-up-or-down-5m,btc-updown-5m,btc-updown-5m-1775741700,0xb137252f717f35a2503c7dd6a81903ed20a899bd9df027e95e71038fd8b4758b,Down,already_winner_assist,1,0,4.57057397990226,0.014096826875334702,7.093789999999999,7.093789999999999,-4.737659261977719,-12.2576606321958,10.0,60,1,9.999992951998055e-06,0.01418758,0.014197579992951999,truncated_http_400_at_offset_3500,1060.8549048244006,20258.706267175603,1060.8407072444077,74720.82603873569,1
5m,300,btc-up-or-down-5m,btc-updown-5m,btc-updown-5m-1775742300,0xa6713f810047e2a24d2690ab07b2c0d564fe5906f789b6d00c113942935ddaca,Down,already_winner_assist,1,0,1.1831434619027599,-0.0,-24.847306780000004,30.942186980000002,,-2.003846828138108,10.0,60,0,0.0,0.0,0.0,truncated_http_400_at_offset_3500,4684.567703441127,13966.27883355889,4684.567703441127,,1
5m,300,btc-up-or-down-5m,btc-updown-5m,btc-updown-5m-1775747700,0x5624a721de2ab49e369b41054732830169067dc2aba0214a76957f3d0a825877,Up,already_winner_assist,1,0,5.674162289316146,0.0,285.54879999999997,285.54879999999997,-5.391669930751311,,10.0,60,0,0.0,0.0,0.0,truncated_http_400_at_offset_3500,900.100726610771,22723.818292389176,900.100726610771,,1
5m,300,btc-up-or-down-5m,btc-updown-5m,btc-updown-5m-1775754600,0x83bbe61c1ed0106020f4fae9863146196db91f055805004881d72495767b2644,Up,already_winner_assist,1,0,3.7545007649335584,-0.013796500240361232,-8266.466083998,8266.466083998,-0.013796500239682881,,10.0,60,0,0.0,0.0,0.0,truncated_http_400_at_offset_3500,8539.672357209922,13774.157039790063,8539.672357209922,,1
5m,300,btc-up-or-down-5m,btc-updown-5m,btc-updown-5m-1775754900,0x6e0708874b80df82f8b475a7123331e02dc16ccb0753dbb57bc5f0ee66d25e1a,Down,already_winner_assist,1,0,7.517077753250557,1.6289522835838026,-3401.3784183029993,8368.786440819,,,10.0,60,0,0.0,0.0,0.0,truncated_http_400_at_offset_3500,2305.024796465589,20305.763615534433,2305.024796465589,,1
5m,300,btc-up-or-down-5m,btc-updown-5m,btc-updown-5m-1775757300,0x8d637c3a13296e575a511b8d8b3ac17c2519a376b4258dc030ac5799fbeb7dcd,Down,already_winner_assist,1,0,2.259010978826426,-0.0,20276.490333804,20466.479450603998,,,10.0,60,0,0.0,0.0,0.0,truncated_http_400_at_offset_3500,2117.0089782764935,17082.20580572352,2117.0089782764935,,1
5m,300,btc-up-or-down-5m,btc-updown-5m,btc-updown-5m-1775759100,0xb2a40427f6d19220b21a30a867fe7803fb9754cbef4643bd577699e3505d33d6,Up,already_winner_assist,1,0,6.036243517878207,-0.013905179191294042,-1244.47629063,1244.47629063,,5.257543235046718,10.0,60,0,0.0,0.0,0.0,truncated_http_400_at_offset_3500,820.3170318043465,20621.570767195604,820.3170318043465,,1
5m,300,btc-up-or-down-5m,btc-updown-5m,btc-updown-5m-1775761200,0x1a2ed2947ee989884fed83c4aa3cce38016a1468d3767d36ab26242b9c952490,Up,already_winner_assist,1,0,5.004568990640536,0.0,9.231548080000001,9.231548080000001,,0.13903506881747968,10.0,60,0,0.0,0.0,0.0,truncated_http_400_at_offset_3500,1153.266621505823,21135.15464049412,1153.266621505823,,1
5m,300,btc-up-or-down-5m,btc-updown-5m,btc-updown-5m-1775762700,0xcd5bd879dfa53985e1b060cc60342dc4fdaa833e8dfbf17f116b7a82a99ed7c7,Up,already_winner_assist,1,0,4.614361261288268,0.0,-4299.773804459,4740.0798841490005,0.9606903611864539,-6.527465341490668,10.0,60,0,0.0,0.0,0.0,truncated_http_400_at_offset_3500,1879.6647592523223,18692.125818747652,1879.6647592523223,,1
5m,300,btc-up-or-down-5m,btc-updown-5m,btc-updown-5m-1775766300,0xe94083241dc9cf5ec197abd5112ad7a85661e21d5bd3a1e1533cf8a2ba011b95,Down,already_winner_assist,1,0,4.415555160516518,0.013831268210264118,-2792.407501337,2833.382746663,0.013831268211229245,0.013831268211229245,10.0,60,0,0.0,0.0,0.0,truncated_http_400_at_offset_3500,535.9900508964631,18597.052098103533,535.9900508964631,,1
5m,300,btc-up-or-down-5m,btc-updown-5m,btc-updown-5m-1775766900,0x9a015593e9beed0f7eddac2d9163b685652b2fec7c67338311bae66dcc6c9d09,Down,already_winner_assist,1,0,6.37965104383451,-0.0,-11.552883957,11.552883957,,-0.980709716926383,10.0,60,0,0.0,0.0,0.0,ok,184.0158418988706,13082.703771101134,184.0158418988706,,1
5m,300,btc-up-or-down-5m,btc-updown-5m,btc-updown-5m-1775771700,0xb74d7900602ce3c9938bd3fca097d5a44342e2d5d218593e6cd0ccd93e79e5b0,Down,already_winner_assist,1,0,3.5761115901681455,-0.0,-592.5055175550001,1329.4266175550001,,,10.0,60,0,0.0,0.0,0.0,ok,405.0367582884004,14502.782565711608,405.0367582884004,,1
5m,300,btc-up-or-down-5m,btc-updown-5m,btc-updown-5m-1775775900,0x64ade39655452d5b2c6b0b9fb2af8d19bbae70e6b9afe4ca6d880c95ce6b808f,Up,already_winner_assist,1,0,8.223012001333686,0.0,17.67726878,17.67726878,,,10.0,60,0,0.0,0.0,0.0,ok,79.27589505778676,6752.719137942214,79.27589505778676,,1
5m,300,btc-up-or-down-5m,btc-updown-5m,btc-updown-5m-1775777400,0x719e3a823a2dc70b4929a638adf52d274f6fd231d18f3187f42cc27b3c713539,Down,already_winner_assist,1,0,7.653462697303984,-0.3903080925313018,-103.838956644,103.838956644,0.0557570553567841,,10.0,60,0,0.0,0.0,0.0,ok,114.00987533397694,9559.834119666035,114.00987533397694,,1
5m,300,btc-up-or-down-5m,btc-updown-5m,btc-updown-5m-1775779500,0x72d0d7c58ceb672184c4b5563667434ae0b7e29867458be83a274e7f8c41e51d,Up,flip,0,1,2.414871512160251,4.525444562909056,109638.029489599,109638.029489599,3.508781736866648,,10.0,60,1,49.61608244417685,219.27605897919796,268.8921414233748,truncated_http_400_at_offset_3500,7917.725583414086,7605.775212585906,7648.833441990711,29.44573069894038,1
5m,300,btc-up-or-down-5m,btc-updown-5m,btc-updown-5m-1775781300,0xc4cf101b6b41dee4d2128f3fd91e36ac98990d6efd860e4f1e6d84e086c39d63,Down,already_winner_assist,1,0,2.0421482946648353,-0.013917371174208881,-1448.312531351,1448.312531351,2.5048113381823627,,10.0,60,0,0.0,0.0,0.0,truncated_http_400_at_offset_3500,3362.6835883260255,6778.046943673966,3362.6835883260255,,1
5m,300,btc-up-or-down-5m,btc-updown-5m,btc-updown-5m-1775781900,0x867a3152be97378219bca1ba4a5f46c747136da2e7b1785513e4684beec495e4,Up,already_winner_assist,1,0,1.236326944851321,-4.00194544352951,-1668.6307144839984,16095.861394952002,,-2.6125625496004004,10.0,60,0,0.0,0.0,0.0,truncated_http_400_at_offset_3500,3305.3499456257373,18493.130929374227,3305.3499456257373,,1
5m,300,btc-up-or-down-5m,btc-updown-5m,btc-updown-5m-1775783400,0x86ed610977aef65e52cbaab157bfd6cb71157f90e2fddab748b8f28595ede32c,Up,already_winner_assist,1,0,5.865618317639071,-0.013888281275836915,-3576.366582784,3623.9434172160004,-0.013888281275305841,-0.013888281275305841,10.0,60,0,0.0,0.0,0.0,truncated_http_400_at_offset_3500,379.9868595113559,17048.57080948865,379.9868595113559,,1
5m,300,btc-up-or-down-5m,btc-updown-5m,btc-updown-5m-1775794200,0x5ffc5d59498e20480e09511e666ed831d551429475639c4e05cdf0f77a084d0b,Down,already_winner_assist,1,0,8.452946113022312,-0.0,-6.999911392,6.999911392,,,10.0,60,0,0.0,0.0,0.0,truncated_http_400_at_offset_3500,1960.3463529514354,29237.8464920485,1960.3463529514354,,1
5m,300,btc-up-or-down-5m,btc-updown-5m,btc-updown-5m-1775795100,0x739eaf1f12abb190005c435d5ddf225e55b15c2755f3ff6249a88b4780dffadb,Down,other,0,0,0.25020782327427354,2.22535936994977,254.79254064000003,254.79254064000003,,,10.0,60,1,0.05670049677065316,0.50958508128,0.5662855780506532,truncated_http_400_at_offset_3500,17293.2550238877,8413.83459011229,17292.68873830965,30538.045986297133,1
5m,300,btc-up-or-down-5m,btc-updown-5m,btc-updown-5m-1775802600,0x79af810b989a60a7a064d6f3f5feec8b95c85ec65e5e8250ea6decb36b4411ad,Up,flip,0,1,1.8160987047388641,2.09819701728041,18.495184477,18.495184477,-0.0,,10.0,60,1,0.0038806540903692337,0.03699036895399999,0.04087102304436922,ok,5734.593146824358,6250.424192175647,5734.552275801314,140309.50829390628,1
5m,300,btc-up-or-down-5m,btc-updown-5m,btc-updown-5m-1775806200,0xe806ce3acba7a4b5fba1e39510176ea642fb40296919d7e5a0d20c85077ed83e,Up,already_winner_assist,1,0,2.7795721305187775,-0.01393942899978287,-1837.6787275689999,1837.6787275689999,,-1.7562150544423958,10.0,60,0,0.0,0.0,0.0,truncated_http_400_at_offset_3500,954.7933778498798,7830.080384150125,954.7933778498798,,1
5m,300,btc-up-or-down-5m,btc-updown-5m,btc-updown-5m-1775808000,0x0a66715a698adc4e1b553db35751da0c6fc50feec1abc1c10c1a4f98c2c10694,Down,already_winner_assist,1,0,1.1057872211761632,0.013989741323294365,21.444269999999996,21.444269999999996,,,10.0,60,1,2.9999979016688162e-05,0.04288853999999999,0.04291853997901668,truncated_http_400_at_offset_3500,5516.566691017018,18189.697679983,5516.523772477039,128535.74920568417,1
5m,300,btc-up-or-down-5m,btc-updown-5m,btc-updown-5m-1775809200,0xeb11124d773ba4454d854ee1e2700d4bccf47d1886f12d9ccd639e592789c6d4,Up,already_winner_assist,1,0,3.281704568937454,0.0,84.745747328,84.745747328,0.01395339426710642,,10.0,60,0,0.0,0.0,0.0,ok,1345.7728092587952,18346.830044741208,1345.7728092587952,,1
5m,300,btc-up-or-down-5m,btc-updown-5m,btc-updown-5m-1775812200,0x5fad6c1de899145a266b64307f4a5cefc7f6f8718256ffbeeac5a4a99a060998,Up,already_winner_assist,1,0,4.094370997257084,0.6974152399206701,788.7662397660001,788.7662397660001,-0.0,,10.0,60,1,0.05500975963477298,1.5775324795320003,1.6325422391667732,ok,628.5312840233602,14499.517641976654,626.8987417841934,385.00154479565185,1
5m,300,btc-up-or-down-5m,btc-updown-5m,btc-updown-5m-1775817300,0xa80537295d245d9f40d9e77800c179fb8f897b549996a5ff55f0ae0ad3309911,Up,already_winner_assist,1,0,2.4016915598858373,0.0,6527.813022035,6546.986982505,-0.0,,10.0,60,0,0.0,0.0,0.0,ok,745.0297668956218,14452.284025104384,745.0297668956218,,1
5m,300,btc-up-or-down-5m,btc-updown-5m,btc-updown-5m-1775823000,0xe0b01fb42265b2ec1cb0f840fc3503e62e26519db755955dbbe1208f9b30cf02,Down,already_winner_assist,1,0,7.448897946115006,-0.0,-19.464760271999996,19.464760271999996,,0.0,10.0,60,0,0.0,0.0,0.0,ok,212.71380335731246,12706.990605642688,212.71380335731246,,1
5m,300,btc-up-or-down-5m,btc-updown-5m,btc-updown-5m-1775823600,0x969f88ae0c97357a7fd4391c95a23c8736088d5b2410f014c209f961a523d8b9,Down,already_winner_assist,1,0,7.602975116409568,-1.2476986907025647,-83.432629836,227.707029836,,0.0,10.0,60,0,0.0,0.0,0.0,truncated_http_400_at_offset_3500,353.23728306534093,16308.414696934653,353.23728306534093,,1
5m,300,btc-up-or-down-5m,btc-updown-5m,btc-updown-5m-1775825700,0x5e085e6cf85d92069842468b58d3a9180c5dde3d3b98aa14309b54bb521bd7ec,Up,already_winner_assist,1,0,6.312164992953476,0.013837641566470781,328.05322173599995,328.05322173599995,,5.328907928387542,10.0,60,1,0.0004539482897108729,0.656106443472,0.6565603917617109,ok,764.6509865632831,20020.690087436662,763.9944261715215,1164.6316106756592,1
5m,300,btc-up-or-down-5m,btc-updown-5m,btc-updown-5m-1775829900,0x7e7762e1fa5f1aa8c95ee5370f420765e42441627d9c9445d4fac2a319bc5fca,Up,already_winner_assist,1,0,0.06637228880176853,0.0,10.95122655,10.95122655,-0.0,,10.0,60,0,0.0,0.0,0.0,truncated_http_400_at_offset_3500,6148.670076989291,14976.365491010692,6148.670076989291,,1
5m,300,btc-up-or-down-5m,btc-updown-5m,btc-updown-5m-1775830500,0x04099865477855559167e7e23a8242b440727bc76250e32d13c27630057d8483,Up,already_winner_assist,1,0,6.868824211003304,1.6491014495860905,212.03167793699998,234.073103601,-2.4868803450969947,-17.450058624784518,10.0,60,1,0.034966174744407774,0.424063355874,0.4590295306184078,truncated_http_400_at_offset_3500,1738.3339371848815,23497.463729815106,1737.874907654263,3786.9762645618594,1
5m,300,btc-up-or-down-5m,btc-updown-5m,btc-updown-5m-1775833200,0x52174f9947bbaf90c8c2a1f43a6c593dab0e74f945479c0c39d06032668dce64,Down,other,0,0,0.4426116684850309,3.6459233224860785,59248.503784983004,77242.712862711,0.0,-2.029134539951746,10.0,60,1,21.60155017720742,118.497007569966,140.09855774717343,truncated_http_400_at_offset_3500,10188.514714306923,2325.05101469308,10048.41615655975,72.7239086407546,1
5m,300,btc-up-or-down-5m,btc-updown-5m,btc-updown-5m-1775835000,0x811de19d936b52d8201d429bbb0c0aca9625d66b9579eed3cfb7d389a8b9da10,Down,already_winner_assist,1,0,9.963922194335638,-0.0,680.5457190569999,798.851503023,-0.013744561449957494,-3.285487591097695,10.0,60,0,0.0,0.0,0.0,truncated_http_400_at_offset_3500,1557.895366416064,25047.613572583858,1557.895366416064,,1
5m,300,btc-up-or-down-5m,btc-updown-5m,btc-updown-5m-1775835300,0x43d140fa81a602cb8b72e7f2e432fb28f9985049474193b7f75eb42ff28b5463,Up,other,0,0,1.4252765929414706,0.0,658325.8844400919,658325.8844400919,0.01374828404064785,,10.0,60,0,0.0,0.0,0.0,truncated_http_400_at_offset_3500,4504.405463311193,10200.47603868879,4504.405463311193,,1
5m,300,btc-up-or-down-5m,btc-updown-5m,btc-updown-5m-1775835600,0x5ded28a2581f2b31f1b14a88cc6550f5d3b136d418f8931b09959ab14e1dc1f8,Up,flip,0,1,1.7547886260910728,3.615157583950155,2270.206164988,2270.206164988,,,10.0,60,1,0.8207153034486766,4.540412329976,5.361127633424677,truncated_http_400_at_offset_3500,12927.066265510228,3044.520656489759,12921.705137876803,2411.2588152004964,1
5m,300,btc-up-or-down-5m,btc-updown-5m,btc-updown-5m-1775839500,0xd6361e4bfade4576fb9a4706d49d6a37cd423b7de1ffc6789b212e549abfb1d2,Up,already_winner_assist,1,0,6.865130834916371,0.0,70.42346192699999,70.42346192699999,-1.11254643450893,,10.0,60,0,0.0,0.0,0.0,truncated_http_400_at_offset_3500,368.89765301119826,17985.29985298878,368.89765301119826,,1
5m,300,btc-up-or-down-5m,btc-updown-5m,btc-updown-5m-1775841900,0x8db0d7477d92fbfa14c815baf795ea46edc2b5e21f22b51d970f108946c82937,Up,already_winner_assist,1,0,3.4857792466209996,1.0276485423619122,66.058835363,66.058835363,2.1102192239789033,,10.0,60,1,0.006788526587091249,0.132117670726,0.13890619731309126,truncated_http_400_at_offset_3500,1201.627908688054,10678.070504311956,1201.4890024907409,8650.642893776823,1
5m,300,btc-up-or-down-5m,btc-updown-5m,btc-updown-5m-1775847600,0x049fcc93319a1f2183d05cfa6c1d2286eb1681999e17a0a8ce93ee4675f9ce26,Up,already_winner_assist,1,0,6.969185264464887,0.8061965087880002,4923.137769371,4923.137769371,,0.3142722650208926,10.0,60,1,0.39690164819492435,9.846275538742,10.243177186936926,ok,412.0908542363932,17151.391314763616,401.8476770494563,40.230764997595735,1
5m,300,btc-up-or-down-5m,btc-updown-5m,btc-updown-5m-1775850000,0xd5cbcdcb8dc9d72fb0122afd23b74acd1cf7d441f21c5f67742ef7934c7d4cbe,Down,already_winner_assist,1,0,1.0043261215970138,-0.0,-2611.9854863,2611.9854863,0.0,,10.0,60,0,0.0,0.0,0.0,truncated_http_400_at_offset_3500,5294.56783852916,8499.139685470827,5294.56783852916,,1
5m,300,btc-up-or-down-5m,btc-updown-5m,btc-updown-5m-1775852100,0xfdecfe3bf36c86460221d24ec171f0914a7319f692105670201044cd0e2c1c0f,Up,already_winner_assist,1,0,3.0485890679088508,3.8344212779390316,144.700691184,144.700691184,-0.040928950751408164,1.964786663237938,10.0,60,1,0.055484340920841445,0.289401382368,0.34488572328884143,truncated_http_400_at_offset_3500,5115.390960394878,7466.273467605113,5115.046074671589,14832.133124022484,1
5m,300,btc-up-or-down-5m,btc-updown-5m,btc-updown-5m-1775854200,0xdaba973907ba828f2bcb3027d68d016621d085cdc92b9e0b02f4056fda40fc9e,Up,already_winner_assist,1,0,4.464103197841769,0.9685183790734649,44.810127021999996,44.810127021999996,0.013640452671250176,-4.145835267888653,10.0,60,1,0.00433994315894235,0.089620254044,0.09396019720294234,ok,560.0947683003681,15540.61085669962,560.0008081031651,5960.979063194525,1
5m,300,btc-up-or-down-5m,btc-updown-5m,btc-updown-5m-1775857500,0xcc97b44dac3db8910e0afed297714bd502d4c868cc5e8f7397fb0dcde0a858d1,Up,already_winner_assist,1,0,5.049820213139859,0.0,1400.3364324170002,1410.397235845,,,10.0,60,0,0.0,0.0,0.0,ok,450.54899174214563,16090.511068257869,450.54899174214563,,1
5m,300,btc-up-or-down-5m,btc-updown-5m,btc-updown-5m-1775858400,0x99853a897403c09416a9498196612257871d21ef858707e38fab53c2cd319490,Up,already_winner_assist,1,0,1.91846631086598,-2.089503122396133,41.102449545000006,41.102449545000006,,,10.0,60,0,0.0,0.0,0.0,truncated_http_400_at_offset_3500,6206.141697496322,15231.289368503652,6206.141697496322,,1
5m,300,btc-up-or-down-5m,btc-updown-5m,btc-updown-5m-1775862300,0x605e1a9a549adbdd8da28da10235ea4deaa38fa2be52ed26747ebd4ea718aa2a,Up,already_winner_assist,1,0,3.553310388004373,-1.111156076733175,-31807.397403080002,31807.397403080002,-0.013718729015080686,1.1524404310795593,10.0,60,0,0.0,0.0,0.0,truncated_http_400_at_offset_3500,5660.218425062218,9130.000948937783,5660.218425062218,,1
5m,300,btc-up-or-down-5m,btc-updown-5m,btc-updown-5m-1775862600,0x20939474af277107112b1d0f8ac99d525130ca270ca18a69abef09de2c10948e,Up,already_winner_assist,1,0,1.0792368130026475,-1.124723620929572,114.40234463000002,792.33948104,,0.8916391007490793,10.0,60,0,0.0,0.0,0.0,truncated_http_400_at_offset_3500,804.2853371554052,6997.416980844606,804.2853371554052,,1
5m,300,btc-up-or-down-5m,btc-updown-5m,btc-updown-5m-1775868600,0x14113462dd40d6396e9fb51b91e3bb6d178c0e2bb3d322312118724515044bf4,Up,other,0,0,0.426299680940487,0.0,695.83071881,695.83071881,,-2.4840918747645016,10.0,60,0,0.0,0.0,0.0,ok,5302.65944160013,5562.95182639987,5302.65944160013,,1
5m,300,btc-up-or-down-5m,btc-updown-5m,btc-updown-5m-1775868900,0xf0e6ce2f39e39c51f9382c46d6baf0520919ce4ad2c53d0192c66b3ade6d4199,Down,already_winner_assist,1,0,1.2430839942968985,-0.0,-104.712263437,104.712263437,-0.013724528134081135,,10.0,60,0,0.0,0.0,0.0,ok,1213.9221007366284,4484.873741263367,1213.9221007366284,,1
5m,300,btc-up-or-down-5m,btc-updown-5m,btc-updown-5m-1775873100,0x214350cb74c63ec15df82b5e177b9fef4ca8e6c637454cf11d62d3fdc51e202b,Down,other,0,0,0.7793711374870985,5.384295660771146,53429.202976762004,53926.308460568,,,10.0,60,1,28.767862574624044,106.858405953524,135.62626852814805,truncated_http_400_at_offset_3500,10375.559447871568,3438.7002461284396,10239.933179343421,76.50110528343713,1
5m,300,btc-up-or-down-5m,btc-updown-5m,btc-updown-5m-1775877300,0xba14805730296f1856bf23de7347f2cbf06dc85275bc3134cfe71a3e86936dc6,Down,already_winner_assist,1,0,1.4979451614580999,-0.0,-54.21357824,54.21357824,,,10.0,60,0,0.0,0.0,0.0,ok,5219.84284382078,4961.324693179219,5219.84284382078,,1
5m,300,btc-up-or-down-5m,btc-updown-5m,btc-updown-5m-1775877600,0xf6d1355294a10200e7da3b23975ac7b7fc4904e8d55a2e600dbcf5e3306512c3,Down,flip,0,1,3.739624348106389,0.9443975674401563,2297.298879998,2663.6863742299997,-0.7254673963765977,,10.0,60,1,0.21695634739531064,4.594597759996,4.81155410739131,ok,2313.723597315985,9657.34232068401,2308.912043208594,480.86824873521397,1
5m,300,btc-up-or-down-5m,btc-updown-5m,btc-updown-5m-1775882400,0x198816e903b7920751944df45218112f3d92c4cdcea347da08a4222e46d18503,Up,already_winner_assist,1,0,0.3496905923890584,0.0,3641.95,3641.95,-0.0,,10.0,60,0,0.0,0.0,0.0,ok,738.9167724329927,2784.394727567006,738.9167724329927,,1
5m,300,btc-up-or-down-5m,btc-updown-5m,btc-updown-5m-1775893500,0x470f347a516ed9ec08412587f1d2e775d0ae8e1f9cfa47715f044d11b09d1ef9,Down,already_winner_assist,1,0,5.282890991057934,-0.0,25340.270542500002,25340.270542500002,,0.0,10.0,60,0,0.0,0.0,0.0,truncated_http_400_at_offset_3500,1712.2127181908738,18552.934796809077,1712.2127181908738,,1
5m,300,btc-up-or-down-5m,btc-updown-5m,btc-updown-5m-1775898000,0x13bbe52d82bf15102749a7ab1aa4a78c9e539957abd1c242d8cbc688b210f518,Up,already_winner_assist,1,0,0.2145936030469089,0.0,-19.49213322,19.49213322,,,10.0,60,0,0.0,0.0,0.0,ok,1943.734795530799,5939.820809469193,1943.734795530799,,1
5m,300,btc-up-or-down-5m,btc-updown-5m,btc-updown-5m-1775900400,0x22b298c07950930b4e681ebffcfc7e39db144d74986f10888d2371e7ce588b26,Down,already_winner_assist,1,0,1.8637754427967688,-0.0,-2.4126597199999997,7.587730875999999,,,10.0,60,0,0.0,0.0,0.0,ok,2023.7624380476848,7448.413075952319,2023.7624380476848,,1
5m,300,btc-up-or-down-5m,btc-updown-5m,btc-updown-5m-1775901600,0x6645bf365676fd8b7651bb315c708d52ee7ed92765a1afde7ffaf5f57e666f59,Down,already_winner_assist,1,0,3.7758389425537437,0.013711769018355597,-19.801251452,19.802710052,,0.0,10.0,60,0,0.0,0.0,0.0,truncated_http_400_at_offset_3500,963.5827726300766,15724.498616369918,963.5827726300766,,1
5m,300,btc-up-or-down-5m,btc-updown-5m,btc-updown-5m-1775901900,0x438f9f097069802e07ebacbc7866996712d42a9adf882e489d613b14e2a90baa,Up,already_winner_assist,1,0,2.486694397091621,0.0,6.999927039,6.999927039,,,10.0,60,0,0.0,0.0,0.0,truncated_http_400_at_offset_3500,1836.7797915271162,8423.643701472898,1836.7797915271162,,1
5m,300,btc-up-or-down-5m,btc-updown-5m,btc-updown-5m-1775902500,0x5cf8777dae195b4d21b514011c4b5e1842c68c60ab341448c5bf316b64d97429,Down,other,0,0,0.4619017833350679,-0.0,-6.999562512,6.999562512,0.0,,10.0,60,0,0.0,0.0,0.0,truncated_http_400_at_offset_3500,1103.4257943033151,4220.380228696682,1103.4257943033151,,1
5m,300,btc-up-or-down-5m,btc-updown-5m,btc-updown-5m-1775904900,0x97105f627dfcc947da128d32ca8790c06f27143451ae729649f17da8f9e7f8c6,Up,already_winner_assist,1,0,2.079419700334162,0.013721665619785566,3.902590125,3.902590125,-0.0,,10.0,60,1,5.355003674632716e-06,0.007805180250000001,0.007810535253674634,truncated_http_400_at_offset_3500,599.5297305716604,7581.565948428339,599.5219200364066,76759.10947199153,1
5m,300,btc-up-or-down-5m,btc-updown-5m,btc-updown-5m-1775909400,0x18cf7cb07779e6b4c932c3b0982058974e46bc8c8feb1f4d0abdd48048b83cb6,Up,flip,0,1,1.2008600849573678,1.7548092786713403,56.04277852000001,381.592847256,,,10.0,60,1,0.00983443877494189,0.11208555704000002,0.12191999581494191,ok,5878.110004727316,416.67870827268314,5877.988084731501,48212.84618192977,1
5m,300,btc-up-or-down-5m,btc-updown-5m,btc-updown-5m-1775910600,0x6a79489fc86780cf52fa1a962a4741e477004914f14dbb0f4d50156d7db020c8,Up,already_winner_assist,1,0,4.32138062030787,0.0,17025.186965864,17025.186965864,-1.7829639216488613,,10.0,60,0,0.0,0.0,0.0,ok,1447.315329761538,14434.897487238479,1447.315329761538,,1
5m,300,btc-up-or-down-5m,btc-updown-5m,btc-updown-5m-1775915700,0x5e0a463c2f1d7217273e94d7a9bc2e03848a88464185b968a46e13f6f06fb75a,Down,other,0,0,1.7264496975805614,1.0039049159202176,688164.1834575799,688164.1834575799,0.0,,10.0,60,1,69.0851406733287,1376.32836691516,1445.4135075884885,truncated_http_400_at_offset_3500,3652.71790197465,5360.388539025354,2207.304394386161,2.527109289347104,1
5m,300,btc-up-or-down-5m,btc-updown-5m,btc-updown-5m-1775917500,0xccfd7adc77961cdf7ab0d3d160062f00b8086adc42e1a4610fca933e055e5348,Down,already_winner_assist,1,0,3.653205236336599,0.10995384687448187,64.18507766900001,126.501020805,-1.0033847060963799,-1.0033847060963799,10.0,60,1,0.0007057396201643952,0.12837015533800003,0.12907589495816443,ok,1098.0063054274467,7257.634213572555,1097.8772295324886,8506.672030306883,1
5m,300,btc-up-or-down-5m,btc-updown-5m,btc-updown-5m-1775917800,0xbe8bb68fe1dc58bc3dc5c7ead9d639607e19ca8e4b60670682e40f04785daa94,Down,already_winner_assist,1,0,1.7523149211376507,-0.0,4653.3504,4653.3504,0.0,0.0,10.0,60,0,0.0,0.0,0.0,ok,916.3585021807603,13260.079785819242,916.3585021807603,,1
5m,300,btc-up-or-down-5m,btc-updown-5m,btc-updown-5m-1775918100,0x787aa92cb73cad3326304bf31651f23badf04193541295aa81ffeddc55e1c843,Down,already_winner_assist,1,0,8.866699448650657,0.729149255112491,1393.8145551359999,3359.274056064,,,10.0,60,1,0.10162988446423622,2.7876291102719994,2.8892589947362355,ok,265.3999516140028,15159.743625386007,262.5106926192666,91.85744583559963,1
5m,300,btc-up-or-down-5m,btc-updown-5m,btc-updown-5m-1775919900,0xb0c25c60d5cb551e440cec0248c7a8e2e2bef0ebd9c2dce7e4056eb8bc1bfc83,Down,already_winner_assist,1,0,2.754575048528782,0.013751498053015749,5.8837185629999995,5.8837185629999995,,0.0,10.0,60,1,8.090994436358712e-06,0.011767437125999999,0.011775528120436357,ok,862.5572679153981,7903.965794084604,862.5454923872777,73249.98582598052,1
5m,300,btc-up-or-down-5m,btc-updown-5m,btc-updown-5m-1775921400,0x2289f8c63a1f93977527dfa864ad069df0cb21e7f2b8b70a85ebf85803f332ca,Up,already_winner_assist,1,0,3.371174071129911,0.0137332360107572,142.996260833,148.31619779300001,,,10.0,60,1,0.00019638013986753852,0.285992521666,0.28618890180586753,ok,505.99620610446624,13448.245147895543,505.71001720266037,1768.0497144075212,1
5m,300,btc-up-or-down-5m,btc-updown-5m,btc-updown-5m-1775922000,0x5c426fccc8a28da137966290b8b5866eb435ea47225adc3901f0483309997283,Down,already_winner_assist,1,0,2.7310266609726126,0.013734009321832306,216.812722749,216.812722749,0.01373400932222029,,10.0,60,1,0.0002977707955326609,0.433625445498,0.43392321629353264,ok,547.9025051508437,13228.86941284919,547.4685819345501,1262.6715616437734,1
5m,300,btc-up-or-down-5m,btc-updown-5m,btc-updown-5m-1775923800,0xc35720037fc947b388a36fbe5f3af095d7825801eb9bf7e88d7c5b69c1a40596,Up,already_winner_assist,1,0,4.291299796201388,0.013715793667145685,252.17369521199998,252.17369521199998,-0.0,,10.0,60,1,0.0003458762371809475,0.504347390424,0.504693266661181,ok,259.2916246709411,10097.952585329067,258.78693140427987,513.7608163197727,1
5m,300,btc-up-or-down-5m,btc-updown-5m,btc-updown-5m-1775925300,0xb3142a3ffb6e0aec74b91672c04cf60b24c0475a98dafc3d92a685d20f82225e,Up,already_winner_assist,1,0,8.394608902317122,0.0,-4.910870289,4.912329471,-0.0,-3.371183810775633,10.0,60,0,0.0,0.0,0.0,ok,74.50855399781155,6628.4282000021885,74.50855399781155,,1
5m,300,btc-up-or-down-5m,btc-updown-5m,btc-updown-5m-1775926500,0x94c477f2def5f42b8a04b1fba28140ed2dbb85a54c1be0fe6967e54d500949e2,Down,already_winner_assist,1,0,5.857213126505269,-0.0,-0.0007306810000000001,0.0007306810000000001,-0.013685872280319998,1.081124726579682,10.0,60,0,0.0,0.0,0.0,truncated_http_400_at_offset_3500,1354.9773770479017,13736.090995952094,1354.9773770479017,,1
5m,300,btc-up-or-down-5m,btc-updown-5m,btc-updown-5m-1775926800,0xa8b04035a878ef294a570ae2412d7e477975097b3338ba077d94da0397299c2e,Down,other,0,0,0.9649124968059835,-0.0,-142.73898122399999,545.509382584,,,10.0,60,0,0.0,0.0,0.0,truncated_http_400_at_offset_3500,3575.5783870796,5346.596761920396,3575.5783870796,,1
5m,300,btc-up-or-down-5m,btc-updown-5m,btc-updown-5m-1775927100,0x5e72ff2c8ffaa2aae9a31549c0a29a533a0e04aa68f26084cf0b4482c65738b8,Down,already_winner_assist,1,0,3.8812429874556225,-0.0,-50.636011464,50.636011464,0.0,,10.0,60,0,0.0,0.0,0.0,truncated_http_400_at_offset_3500,384.781573196018,11990.693285803967,384.781573196018,,1
5m,300,btc-up-or-down-5m,btc-updown-5m,btc-updown-5m-1775928300,0x9886175a267d2ecfb22b9c89d053ef7d81270aa5371e76fc57750fc44487a33e,Down,already_winner_assist,1,0,3.196949226285473,-0.013680592371303259,-118.177712062,118.177712062,,,10.0,60,0,0.0,0.0,0.0,ok,331.4079215541898,11009.558284445808,331.4079215541898,,1
5m,300,btc-up-or-down-5m,btc-updown-5m,btc-updown-5m-1775930700,0x9c8e73a8e91b81109777eb50a9b7e4987a98a0ac51e06b27069287af005fcfa2,Up,already_winner_assist,1,0,6.107269241572039,0.0,1834.1407097519998,1841.450699752,,,10.0,60,0,0.0,0.0,0.0,ok,375.2856467715191,10902.894520228481,375.2856467715191,,1
5m,300,btc-up-or-down-5m,btc-updown-5m,btc-updown-5m-1775931600,0xb8b003f9f01d79fae8007b0ac79e232ffccdbb9961f6f6508d869a9c85d023a6,Up,already_winner_assist,1,0,2.5972626327795245,-0.013654869087890289,325.8892056840001,476.31749499600005,,,10.0,60,0,0.0,0.0,0.0,truncated_http_400_at_offset_3500,653.7097946225647,6740.425932377438,653.7097946225647,,1
5m,300,btc-up-or-down-5m,btc-updown-5m,btc-updown-5m-1775934000,0x619ceff1f77b5b5679b87e3a12012a6030910338469ea19abb051fb179db1443,Down,already_winner_assist,1,0,2.2265376595046438,-0.0,-278.206611674,278.206611674,0.0,1.3591240738106993,10.0,60,0,0.0,0.0,0.0,truncated_http_400_at_offset_3500,554.9774271618763,7447.0699638381275,554.9774271618763,,1
5m,300,btc-up-or-down-5m,btc-updown-5m,btc-updown-5m-1775944500,0x25ea3af7aafb75fe8d57b7d981b17108b7f0e7c342a8f3d27d8064d20c0221fc,Down,already_winner_assist,1,0,9.504644687537468,-0.0,-51.287783581,51.287783581,-0.10890917927546259,,10.0,60,0,0.0,0.0,0.0,ok,117.79339672045047,7787.012013279546,117.79339672045047,,1
5m,300,btc-up-or-down-5m,btc-updown-5m,btc-updown-5m-1775949000,0xe57422883818985f66bcdc7bd1957e62f5c5edce152326124afc73ac30f8d4a0,Up,already_winner_assist,1,0,7.016721442540073,0.0,65.70170952800001,65.70170952800001,-0.0,-0.0,10.0,60,0,0.0,0.0,0.0,truncated_http_400_at_offset_3500,1459.2068573202203,23812.465285679762,1459.2068573202203,,1
5m,300,btc-up-or-down-5m,btc-updown-5m,btc-updown-5m-1775951100,0xb52cf011b36ab1364364998bb5fb11722c333accd9f36fb9c770e9af02508d19,Down,other,0,0,0.6772942222028387,1.1488656332234994,-2.713164054,2.713164054,-0.013677766857333093,,10.0,60,0,0.0,0.0,0.0,truncated_http_400_at_offset_3500,5822.197910299604,6795.768730700388,5822.197910299604,,1
5m,300,btc-up-or-down-5m,btc-updown-5m,btc-updown-5m-1775954400,0xd15e23dcadbefad2f646f2ede1e0c7a099b28a0801223269748feba47f9ad310,Down,other,0,0,0.5415099244214958,-0.0,5230.613088885999,5269.703007525999,,-1.80670204826637,10.0,60,0,0.0,0.0,0.0,truncated_http_400_at_offset_3500,3527.9151190969574,2692.7947399030454,3527.9151190969574,,1
5m,300,btc-up-or-down-5m,btc-updown-5m,btc-updown-5m-1775954700,0xbe1d24445fdbe3a055f4254e2de0e76c1f4c5812c826d51e6b2ccbe0fe0853e8,Down,other,0,0,0.47649027992358856,0.12319122769223403,97.90181376000001,97.90181376000001,0.013687989133265029,-1.2593751599413678,10.0,60,1,0.0012060644630390853,0.19580362752,0.19700969198303908,truncated_http_400_at_offset_3500,8476.953353178813,7660.5609888211775,8476.75634348683,43028.103175292556,1
5m,300,btc-up-or-down-5m,btc-updown-5m,btc-updown-5m-1775955300,0xce8e9af044c4427862c1a678cacb96956b9cacd466afa9072c8bf7885a9a79ae,Up,already_winner_assist,1,0,3.8436509503869067,-0.013680423927756535,-12.876054165000001,12.876054165000001,,,10.0,60,0,0.0,0.0,0.0,truncated_http_400_at_offset_3500,582.0524218815112,6358.321504118496,582.0524218815112,,1
5m,300,btc-up-or-down-5m,btc-updown-5m,btc-updown-5m-1775955600,0x777c1af126f6e83ed2691ff1d4a756fb62ffc57844c59b14c64a49ed5e7d842d,Down,already_winner_assist,1,0,4.336041496926605,-0.013683737357934577,-3692.14588444,3692.14588444,0.0,,10.0,60,0,0.0,0.0,0.0,truncated_http_400_at_offset_3500,1955.0169153352854,14975.281788664712,1955.0169153352854,,1
5m,300,btc-up-or-down-5m,btc-updown-5m,btc-updown-5m-1775963400,0x1f7977d68e714c81e9aecabee3d119fa68df1fbc10879d4d9bdc0acf9e9f33cb,Up,already_winner_assist,1,0,4.1464798608805005,0.0,-57214.574364166,57289.79981392,1.2121811682295565,0.8220378601835607,10.0,60,0,0.0,0.0,0.0,truncated_http_400_at_offset_3500,7270.123691570741,8147.196391429259,7270.123691570741,,1
5m,300,btc-up-or-down-5m,btc-updown-5m,btc-updown-5m-1775966700,0x5a3a4950bfd34002fa72a9008c65c6031e4449cf9ad034c3b630bfd817d89bc9,Down,already_winner_assist,1,0,8.692553188372328,0.013966275635519344,48.96649188,48.96649188,,,10.0,60,1,6.838795225004998e-05,0.09793298376000001,0.09800137171225005,truncated_http_400_at_offset_3500,2384.3426750980634,19462.632911901943,2384.2446737263513,24329.686752741884,1
5m,300,btc-up-or-down-5m,btc-updown-5m,btc-updown-5m-1775967000,0x4135440bb63f2be6332ee091d38e41d7d5561d010619316b4ef6a4afb18b8572,Up,flip,0,1,2.0312643156753194,1.8157794073460154,2529.08671903,2529.08671903,-2.69512609724379,,10.0,60,1,0.4592263583806972,5.05817343806,5.517399796440697,truncated_http_400_at_offset_3500,7348.906699399362,4840.731404600634,7343.389299602922,1331.951094814659,1
5m,300,btc-up-or-down-5m,btc-updown-5m,btc-updown-5m-1775983800,0x0e5a2bb6f7a68b19c84feb9bb2690b7137964e3076d29537f3c962c863d4d610,Down,other,0,0,1.6191063482077008,0.01395672438571598,7.165,7.165,,,10.0,60,1,9.9999930223655e-06,0.01433,0.014339999993022367,ok,890.2312510501179,7609.553440949881,890.2169110501248,62080.282530215576,1
5m,300,btc-up-or-down-5m,btc-updown-5m,btc-updown-5m-1775992800,0x2aea5d3cce168485fa2ba706142492ed6f55525259adbb50a061df655eab5b58,Down,flip,0,1,4.4161236169007765,2.9910701405294766,25548.065049685996,26275.204393718,-0.013979063557456472,,10.0,60,1,7.641605451842049,51.096130099372,58.737735551214044,truncated_http_400_at_offset_3500,1678.8716834776994,2702.0566175223025,1620.1339479264855,28.58250607931376,1
5m,300,btc-up-or-down-5m,btc-updown-5m,btc-updown-5m-1775996100,0x690ad4090b8dcdfdd56d7268c98f6be640fd7057eb63ee6eefa0c7ae982f3cb3,Up,flip,0,1,4.427520401980277,1.9738790076267896,-4645.666055998999,5545.665747198999,-0.0,,10.0,60,0,0.0,0.0,0.0,ok,3078.402149451636,10015.341011548364,3078.402149451636,,1
5m,300,btc-up-or-down-5m,btc-updown-5m,btc-updown-5m-1776000300,0x2667ec81ad8c389cc14b22ac0d712355dbedac73c558bfc4d8ce0c3f79230256,Down,already_winner_assist,1,0,6.984571921527637,-0.0,-176.584755049,219.818994071,-0.014067081693763023,-4.15064745505755,10.0,60,0,0.0,0.0,0.0,truncated_http_400_at_offset_3500,533.4201399668078,13024.946744033197,533.4201399668078,,1
5m,300,btc-up-or-down-5m,btc-updown-5m,btc-updown-5m-1776002700,0xf78ba14bccc35008808281f781517ab856a30e52b2add7d34ef1f45bb3c5ce56,Up,already_winner_assist,1,0,8.058766895176309,0.0,2727.3837389759997,2727.3837389759997,,-0.0,10.0,60,0,0.0,0.0,0.0,ok,136.76404944557376,7546.481862554432,136.76404944557376,,1
5m,300,btc-up-or-down-5m,btc-updown-5m,btc-updown-5m-1776003600,0x573bc54f4e1dbf7568d9caf11e691e88ec5332e38f0b612489afe85989340010,Up,already_winner_assist,1,0,6.2343887025247176,5.022216731910519,19.46488352,19.46488352,-0.0,4.487519075166377,10.0,60,1,0.009775686369883333,0.03892976704,0.04870545340988333,truncated_http_400_at_offset_3500,1223.6627051078108,14833.619679892194,1223.613999654401,25123.7309056547,1
5m,300,btc-up-or-down-5m,btc-updown-5m,btc-updown-5m-1776005400,0x79d13c7918112521944a322928f0e688d4d232c8462195f595ba866d8aa5fd18,Down,already_winner_assist,1,0,6.665040199087923,-0.7351153286170946,4.477121942,4.477121942,0.014136303652349856,,10.0,60,0,0.0,0.0,0.0,truncated_http_400_at_offset_3500,750.1337163205098,12596.762759679512,750.1337163205098,,1
5m,300,btc-up-or-down-5m,btc-updown-5m,btc-updown-5m-1776006000,0xe9c25ebb0c974e0bf6c473b90c2869ecc3f1c812392a21328102118452991421,Up,already_winner_assist,1,0,6.495365254669848,0.8473439303474788,33.896344584999994,41.341226185,,,10.0,60,1,0.0028721861845066375,0.06779268916999999,0.07066487535450662,truncated_http_400_at_offset_3500,442.5141584211208,8702.810733578886,442.4434935457663,6262.151545603761,1
5m,300,btc-up-or-down-5m,btc-updown-5m,btc-updown-5m-1776006900,0x37345ad4b3bff09564534b08f22c585529c1f071749c0d85edf2a1a4dbdd0006,Down,already_winner_assist,1,0,6.226558736498624,0.7766776417470591,-5.249979438,5.249979438,,,10.0,60,0,0.0,0.0,0.0,truncated_http_400_at_offset_3500,640.4830272924324,9829.047758707577,640.4830272924324,,1
5m,300,btc-up-or-down-5m,btc-updown-5m,btc-updown-5m-1776009300,0x05c17f96b3bacdac55eca6b559ec392cb9a6b69bb65f0792b7d4e927394eed68,Down,already_winner_assist,1,0,3.519521041764822,-0.0,-3293.3032274139996,3293.3032274139996,1.1140309387788518,-3.6249847886648565,10.0,60,0,0.0,0.0,0.0,ok,101.72472836344058,6211.312310636563,101.72472836344058,,1
5m,300,btc-up-or-down-5m,btc-updown-5m,btc-updown-5m-1776013200,0x426922030504ee22a76e3603648cb13c506f37e2bdc18809a089637ffc5be83d,Up,already_winner_assist,1,0,4.630163803832188,0.0,-7.009032449999999,7.009032449999999,,-0.0,10.0,60,0,0.0,0.0,0.0,truncated_http_400_at_offset_3500,404.01787280542123,12431.225228194577,404.01787280542123,,1
5m,300,btc-up-or-down-5m,btc-updown-5m,btc-updown-5m-1776015300,0x6cebc68fc146d9a0e66351b44971503dad81b1b09be637af093769d8f9431532,Up,flip,0,1,2.297469940192632,3.4075196684510467,-6.141901965,6.141901965,,,10.0,60,0,0.0,0.0,0.0,truncated_http_400_at_offset_3500,5466.369379308249,5253.45352769175,5466.369379308249,,1
5m,300,btc-up-or-down-5m,btc-updown-5m,btc-updown-5m-1776015900,0x9b4b0bce119737093f038231662592b9a3026f206f3dd894ababcba52933b3b6,Up,other,0,0,0.2105850784533399,1.0841153875448453,1151.031626911,1151.033047499,,-1.956741932393924,10.0,60,1,0.12478510982849925,2.3020632538220003,2.4268483636504996,truncated_http_400_at_offset_3500,9151.270744170632,5286.388801829363,9148.843895806982,3770.8457113509808,1
5m,300,btc-up-or-down-5m,btc-updown-5m,btc-updown-5m-1776016500,0xc6f70e753470770cfa61c58463bf66e08d7b56d14929fb6b111b82bedfe16da9,Up,other,0,0,1.9153011797507304,2.867593125056526,51489.574373707,51489.574373707,-4.622964976606554,-4.622964976606554,10.0,60,1,14.765114948612888,102.979148747414,117.74426369602689,truncated_http_400_at_offset_3500,11277.566848367933,9990.691834632093,11159.822584671905,95.7801806590131,1
5m,300,btc-up-or-down-5m,btc-updown-5m,btc-updown-5m-1776017400,0x36d6585674e480c5bc0b43e6064d574a94114e5995338961e8ddce6717ddcb2b,Up,flip,0,1,2.5368207787905073,5.043477268313707,62075.007494345,63657.850975085006,,-0.014045131220206137,10.0,60,1,31.307388922813196,124.15001498869,155.4574039115032,truncated_http_400_at_offset_3500,7333.207911406644,8658.793582593362,7177.7505074951405,47.17181508821026,1
5m,300,btc-up-or-down-5m,btc-updown-5m,btc-updown-5m-1776018000,0x710d104facac17d1cfcbd99be96e03d4f66d0450466bec185a170d494a9a56f3,Up,already_winner_assist,1,0,0.6723452044685169,-0.014058617405913026,-114.31184946799999,114.31184946799999,,,10.0,60,0,0.0,0.0,0.0,truncated_http_400_at_offset_3500,5103.682325478981,10136.931829521027,5103.682325478981,,1
5m,300,btc-up-or-down-5m,btc-updown-5m,btc-updown-5m-1776018300,0x50735e731d19033217b9281353b4ef7ef7eccfc3e1aed7530f814e82b97ca1d9,Down,already_winner_assist,1,0,2.155099694976266,-0.05624360229043825,-78.688637742,78.688637742,,2.29165774321404,10.0,60,0,0.0,0.0,0.0,truncated_http_400_at_offset_3500,2311.445271268061,9768.313479731942,2311.445271268061,,1
5m,300,btc-up-or-down-5m,btc-updown-5m,btc-updown-5m-1776021000,0x534b465e3b1f8bc1d3e0ff65e60758fb7bdd39424353f3ef773b640396457874,Down,other,0,0,2.006293692735114,2.050898820618486,349.362524878,349.362524878,,0.0,10.0,60,1,0.07165071902405867,0.6987250497559999,0.7703757687800585,truncated_http_400_at_offset_3500,4492.764921517751,5229.339802482245,4491.99454574897,5831.913597999512,1
5m,300,btc-up-or-down-5m,btc-updown-5m,btc-updown-5m-1776022200,0x483ac027d2f4b6c4f31e1d46040500c60300ed287b3897e89f823b2df2f04d00,Down,already_winner_assist,1,0,0.13786211877227642,-0.22475950733781389,5.7377427569999995,8.561058837,0.0,0.0,10.0,60,0,0.0,0.0,0.0,truncated_http_400_at_offset_3500,6041.243325646205,3292.6006023537925,6041.243325646205,,1
5m,300,btc-up-or-down-5m,btc-updown-5m,btc-updown-5m-1776024600,0x8041da9c4e91e8c36d8c2ac05293cc4553e62a6b47f8e9cc877d34d7d83fdfdb,Up,already_winner_assist,1,0,1.4282719564685649,0.0,-3.6033468269999993,3.6033468269999993,,,10.0,60,0,0.0,0.0,0.0,truncated_http_400_at_offset_3500,783.3450222853004,6330.707640714701,783.3450222853004,,1
5m,300,btc-up-or-down-5m,btc-updown-5m,btc-updown-5m-1776031800,0xea7b9f4a68fcd97f42167f211d367b2a51725f7baf1265702f31dbffd15e421d,Up,flip,0,1,2.888809506537794,4.525745009931053,370.234004546,370.234004546,-0.9161788020960987,,10.0,60,1,0.16755846985808504,0.7404680090920001,0.9080264789500851,truncated_http_400_at_offset_3500,4350.635402419302,5178.230187580692,4349.727375940352,4791.308957696662,1
5m,300,btc-up-or-down-5m,btc-updown-5m,btc-updown-5m-1776033600,0x156c87f5f20ddbdd3bbfb1dc143e5a36ed0339dce67dfd8bbabe9d762b2f33fb,Down,already_winner_assist,1,0,6.916287623772554,-2.725224653745016,-18.384874722000003,18.384874722000003,-0.6494680012226745,,10.0,60,0,0.0,0.0,0.0,truncated_http_400_at_offset_3500,1630.5231447996775,17172.68540720035,1630.5231447996775,,1
5m,300,btc-up-or-down-5m,btc-updown-5m,btc-updown-5m-1776035700,0x27fdfb3f8a3a6264e186390673897f2694a8b4618fa157f0029c6603986f6b76,Up,already_winner_assist,1,0,7.8874225387902985,0.36774325867093693,48.539523710999994,48.539523710999994,,,10.0,60,1,0.0017850082623818348,0.09707904742199998,0.09886405568438181,truncated_http_400_at_offset_3500,1915.593640629256,17932.693002370743,1915.4947765735717,19376.037401749792,1
5m,300,btc-up-or-down-5m,btc-updown-5m,btc-updown-5m-1776036900,0xda78be9c42374786e83fa67b10093b38bb232db1848aa7fa1601148f33b875e5,Up,already_winner_assist,1,0,8.232641411064165,-0.22648806196396276,-2.4831049650000003,2.4831049650000003,-2.236344859356652,,10.0,60,0,0.0,0.0,0.0,ok,122.9169482905206,7101.409915709476,122.9169482905206,,1
5m,300,btc-up-or-down-5m,btc-updown-5m,btc-updown-5m-1776040500,0x51a37608127aaaaf8e6852b4f13f3c8b88b8e0bde5dfcf90b078d6ba73bafbde,Down,already_winner_assist,1,0,3.6130028120883666,0.7035386590361825,78.29714529599998,107.80265931999999,-0.7035881591832541,-0.7035881591832541,10.0,60,1,0.005508506860790898,0.15659429059199997,0.16210279745279088,truncated_http_400_at_offset_3500,7677.840629931633,10209.252304068379,7677.6785271341805,47364.02301858885,1
5m,300,btc-up-or-down-5m,btc-updown-5m,btc-updown-5m-1776042300,0x9000803cd92caa5a7aaa4a03edd8f408554c4afcb1b499ecaa04425309702e14,Down,already_winner_assist,1,0,6.250473576746279,-0.0,-8.296097653999999,18.94165291,0.0,,10.0,60,0,0.0,0.0,0.0,truncated_http_400_at_offset_3500,3304.8338651416093,12301.252012858384,3304.8338651416093,,1
5m,300,btc-up-or-down-5m,btc-updown-5m,btc-updown-5m-1776042900,0xc338aca15eab2fd44b27208b4455450aa16303317145296f89596ea91c4f2989,Down,already_winner_assist,1,0,3.484371987137461,-1.3495788912612607,69.87255320100002,69.87255320100002,,,10.0,60,0,0.0,0.0,0.0,truncated_http_400_at_offset_3500,5799.149165617696,17066.089831382327,5799.149165617696,,1
5m,300,btc-up-or-down-5m,btc-updown-5m,btc-updown-5m-1776043200,0x58e3db6473d5ddceb500c19473cc9de586a20075bbbae35f82173f237e6c800e,Down,already_winner_assist,1,0,2.3552878188870223,3.136231302371431,88.9610689,88.9610689,0.014066013204751121,2.165932977061467,10.0,60,1,0.027900248897660164,0.1779221378,0.20582238669766015,truncated_http_400_at_offset_3500,2122.7066498937434,10682.834880106257,2122.500827507046,10313.293339717526,1
5m,300,btc-up-or-down-5m,btc-updown-5m,btc-updown-5m-1776044100,0xf792ec4a650adb06c703e14fa3f4e048f7c621b504650cfa69a5740b69e2dd1b,Down,flip,0,1,3.774903407062515,1.9816465861420156,-2836.0157857230006,3127.8901540770003,,0.323274120317842,10.0,60,0,0.0,0.0,0.0,truncated_http_400_at_offset_3500,3262.357626724184,4052.4164432758134,3262.357626724184,,1
5m,300,btc-up-or-down-5m,btc-updown-5m,btc-updown-5m-1776048000,0xe581ff7e28caa9c238b4d8cb8cf1b205cb0f89f42908807b64f929e0a55c0883,Down,flip,0,1,0.9664569842141129,1.4773636261954683,4091.287138299,4091.287138299,,-1.6183153935001946,10.0,60,1,0.6044318802444292,8.182574276598,8.787006156842429,truncated_http_400_at_offset_3500,3516.7712712545053,1125.512322745495,3507.984265097663,400.22405908023643,1
5m,300,btc-up-or-down-5m,btc-updown-5m,btc-updown-5m-1776062100,0x31f88b615a1291ff8d1d453d999ac2c1d69f9faf115c4b7eb137fafd0bb24c4e,Up,already_winner_assist,1,0,4.634171513693613,-0.014076606298281696,-2.929681352,2.929681352,,,10.0,60,0,0.0,0.0,0.0,truncated_http_400_at_offset_3500,880.5877518244727,10160.797676175542,880.5877518244727,,1
5m,300,btc-up-or-down-5m,btc-updown-5m,btc-updown-5m-1776069900,0xb17f27aabf0f833af95cc03cc398b7023249935be908a1e0f38e74c8daad959c,Up,already_winner_assist,1,0,3.1263450048795414,0.0,-18.121036401999998,18.121036401999998,,,10.0,60,0,0.0,0.0,0.0,truncated_http_400_at_offset_3500,633.4060342177877,14476.247812782207,633.4060342177877,,1
5m,300,btc-up-or-down-5m,btc-updown-5m,btc-updown-5m-1776072600,0xbbface736ab6ede942e003129ffa160282bcb8a33c1dc1836164b8c71709af0c,Up,already_winner_assist,1,0,3.3428891281090785,0.01412216947406414,18.491506198,18.491506198,-0.0,,10.0,60,1,2.6114018435886343e-05,0.036983012396,0.037009126414435885,ok,692.7305004832695,12130.738355516736,692.693491356855,18717.829022115504,1
5m,300,btc-up-or-down-5m,btc-updown-5m,btc-updown-5m-1776079500,0x1729cbfbaf1fa4b8e81fcdddb3b2cc8c9e4e5f54dc7c66920ab5a1fe488148e1,Up,already_winner_assist,1,0,1.0199565576000988,-0.028218057863986956,-77.96415,77.96415,-0.0,-0.04232705693752698,10.0,60,0,0.0,0.0,0.0,ok,1962.154244193176,5134.094374806822,1962.154244193176,,1
5m,300,btc-up-or-down-5m,btc-updown-5m,btc-updown-5m-1776090300,0x7e7544eeb92238fe5cfad0bb403a57a5f0f764de0fa9213b389b277c76d8d5c5,Up,other,0,0,0.0671566019102543,0.8932097918474295,2085.220394719,2085.220394719,-6.654692187062312,,10.0,60,1,0.1862539274722973,4.170440789438,4.3566947169102965,truncated_http_400_at_offset_3500,5223.77795287042,2558.0940531295837,5219.42125815351,1199.0231797960464,1
5m,300,btc-up-or-down-5m,btc-updown-5m,btc-updown-5m-1776090900,0xc9b82210d5d67d3699db8f13289a245e900ed632f45bd98e4484a8c96778ea7d,Up,already_winner_assist,1,0,2.1558796519437053,0.8911650736028615,794.441022236,841.8044142,,,10.0,60,1,0.07079780920540774,1.588882044472,1.6596798536774078,truncated_http_400_at_offset_3500,3168.7858388965433,11640.444370103447,3167.1261590428658,1909.2753532407828,1
5m,300,btc-up-or-down-5m,btc-updown-5m,btc-updown-5m-1776095100,0x7558f2aebd8f78f29dbd63089674be14cd5e3f84642cdb96cd8fd75a0561e7b3,Down,already_winner_assist,1,0,0.9882549175988001,0.06957465534497181,-173.29692707700002,317.14602281099997,,0.7096387732916284,10.0,60,0,0.0,0.0,0.0,truncated_http_400_at_offset_3500,5874.576003916901,8196.574722083104,5874.576003916901,,1
5m,300,btc-up-or-down-5m,btc-updown-5m,btc-updown-5m-1776097500,0x6bc29c6fbeb1b5bb208767b1c3594e53f13f25b0e43b874477c286a14ca63d36,Up,already_winner_assist,1,0,2.8326610956671217,0.0,-42.48245245,42.48245245,-0.6363954563500307,-5.40807088209825,10.0,60,0,0.0,0.0,0.0,truncated_http_400_at_offset_3500,8251.98764085119,18074.04857214879,8251.98764085119,,1
5m,300,btc-up-or-down-5m,btc-updown-5m,btc-updown-5m-1776099900,0xf7ba817b8643e1acbf71200f2d822c643bb6b6045415434ba33b3c54a1f38964,Up,flip,0,1,2.1220445246282966,5.562489592682455,831.2560604560001,3422.43629056,-0.0,,10.0,60,1,0.4623853185140719,1.6625121209120004,2.1248974394260722,truncated_http_400_at_offset_3500,15628.629342338201,1531.205518661801,15626.504444898776,7355.004082719137,1
5m,300,btc-up-or-down-5m,btc-updown-5m,btc-updown-5m-1776103500,0x2e665fc75ca779f4a2b0d62178f2ca1dcf24d7c552ee76935ad3656987c4745b,Up,already_winner_assist,1,0,2.2616216601633576,-2.0075692349981766,-79.161745784,251.845553124,0.013846704517209478,,10.0,60,0,0.0,0.0,0.0,truncated_http_400_at_offset_3500,764.9748581767851,12400.09869182323,764.9748581767851,,1
5m,300,btc-up-or-down-5m,btc-updown-5m,btc-updown-5m-1776104100,0x1cb432b4422c47f59423cf2d06b539b672f46ed5e9110319e636505b9d13d107,Up,already_winner_assist,1,0,4.263211533486317,0.0,9.829190745,9.829190745,0.013841433915951556,2.8794307785820368,10.0,60,0,0.0,0.0,0.0,truncated_http_400_at_offset_3500,3314.343599445033,16396.429032554966,3314.343599445033,,1
5m,300,btc-up-or-down-5m,btc-updown-5m,btc-updown-5m-1776105600,0x740bc3561fe73a5bc21a57fbc2f02862bc78ee57222bf153ea5eedae90fc977d,Up,already_winner_assist,1,0,5.993052682950384,-0.8840951292133854,2.9411002139999995,14.92550849,,,10.0,60,0,0.0,0.0,0.0,ok,224.5494305962266,12440.584414403787,224.5494305962266,,1
5m,300,btc-up-or-down-5m,btc-updown-5m,btc-updown-5m-1776107100,0xa195e26a6bf2e2c6dae87a8bdab94a24a58c9fa5332ac6b240900272a1b5219e,Down,already_winner_assist,1,0,5.172621298101477,0.013818500900945146,-48.366355673,55.448160935,,-1.9762422578010317,10.0,60,0,0.0,0.0,0.0,ok,1054.8005828476423,16340.166232152344,1054.8005828476423,,1
5m,300,btc-up-or-down-5m,btc-updown-5m,btc-updown-5m-1776107400,0x04275ee3b4049e8ce8c8dc2ad7070df386c9ce2059dea7550fb95a2e2f4618ba,Up,already_winner_assist,1,0,0.17198993855800493,-0.5803349363280919,-117.99309013899999,156.359321939,-1.3402464277292765,,10.0,60,0,0.0,0.0,0.0,truncated_http_400_at_offset_3500,1134.2124792365,16771.542397763522,1134.2124792365,,1
5m,300,btc-up-or-down-5m,btc-updown-5m,btc-updown-5m-1776111300,0xa96ffe237be040fe18c8596e016f568e9f189c3c9a5d7123537418b87d560b77,Down,already_winner_assist,1,0,1.6391473552681992,0.013680218063260344,-2569.5105584479998,2645.380642192,,2.4484609356869917,10.0,60,0,0.0,0.0,0.0,truncated_http_400_at_offset_3500,3096.834957024658,7223.359758975351,3096.834957024658,,1
5m,300,btc-up-or-down-5m,btc-updown-5m,btc-updown-5m-1776113100,0xc5f76659f65abdc455871905e88cd6d14224c2c3b4c93a155e251012ed258ee5,Down,already_winner_assist,1,0,3.5324581045092724,-0.0,-499.99989753899996,499.99989753899996,-0.013654552118783945,-8.100423836905373,10.0,60,0,0.0,0.0,0.0,truncated_http_400_at_offset_3500,1637.74331419297,15529.073885807045,1637.74331419297,,1
5m,300,btc-up-or-down-5m,btc-updown-5m,btc-updown-5m-1776116700,0x66e1b09bba0ae58302d8a67aac6e7ef85b5fda52155daab00f692caf04496f00,Down,other,0,0,0.05069708328761138,-0.6275828104386767,-2445.3546741970003,2466.604170257,,,10.0,60,0,0.0,0.0,0.0,truncated_http_400_at_offset_3500,5181.226985084084,6825.748115915917,5181.226985084084,,1
5m,300,btc-up-or-down-5m,btc-updown-5m,btc-updown-5m-1776118800,0x04e513de2c84d4fcad4b16d625a758d9330b2671704b53426b30ce3d55a88123,Up,already_winner_assist,1,0,7.338935162610655,-1.3195525389563727,934.0101467970001,934.0101467970001,-0.0,0.013465719307576254,10.0,60,0,0.0,0.0,0.0,truncated_http_400_at_offset_3500,641.7065218117276,19747.06768618828,641.7065218117276,,1
5m,300,btc-up-or-down-5m,btc-updown-5m,btc-updown-5m-1776121200,0xb8d5c7b5b7490350bc404c4cd976d4c2ac0ff7c9310654ce0ad87793c448dbd4,Up,flip,0,1,2.6484589165302257,5.8938255847869225,-2502.940920911001,11981.970530619,6.845200288450167,,10.0,60,0,0.0,0.0,0.0,truncated_http_400_at_offset_3500,7885.699447838944,3797.7940811610524,7885.699447838944,,1
5m,300,btc-up-or-down-5m,btc-updown-5m,btc-updown-5m-1776124200,0x70407b50fdbbfa8e65cf76b18b1383816569645ebfed25a1cd9d876b513552f0,Up,already_winner_assist,1,0,9.479414536712927,-0.5630947689981488,21.541096017,21.541096017,0.013407404774845193,,10.0,60,0,0.0,0.0,0.0,truncated_http_400_at_offset_3500,825.4711471276798,16753.87225787228,825.4711471276798,,1
5m,300,btc-up-or-down-5m,btc-updown-5m,btc-updown-5m-1776126600,0xd1b20201528abcbec7ccaa42c2e03645f0c53c4b1f7d09a8f01f24718d34fbbe,Down,already_winner_assist,1,0,4.587053446875509,-0.013469854801329893,-27.999578284999995,27.999578284999995,0.0,,10.0,60,0,0.0,0.0,0.0,truncated_http_400_at_offset_3500,630.6750348517296,15424.538044148265,630.6750348517296,,1
5m,300,btc-up-or-down-5m,btc-updown-5m,btc-updown-5m-1776129600,0x54a7c7e2d839f4feb216dd3711accb14dbebf75056f6d3d25c0cdbe29e6386cc,Down,other,0,0,0.8434220366246692,-0.013449202695789876,1236.1036808210001,3432.236829079,-0.013449202696141676,,10.0,60,0,0.0,0.0,0.0,truncated_http_400_at_offset_3500,10122.319272276303,8311.912365723647,10122.319272276303,,1
5m,300,btc-up-or-down-5m,btc-updown-5m,btc-updown-5m-1776131100,0x399bcbfa52e755a1b211783b6c62874941281bad04c7ef063759fb6182805897,Up,already_winner_assist,1,0,3.593942337562476,-0.013442657990335154,-39777.695021739004,40211.628840861005,,1.263690542687777,10.0,60,0,0.0,0.0,0.0,truncated_http_400_at_offset_3500,2335.106665766163,9689.465710233842,2335.106665766163,,1
5m,300,btc-up-or-down-5m,btc-updown-5m,btc-updown-5m-1776131700,0x6640eb68a9de9b777c47a035760e665f6c051d13dfd183d06311922ed6bd6150,Down,already_winner_assist,1,0,2.162940549322917,-0.0,-4.64388912,4.64388912,,,10.0,60,0,0.0,0.0,0.0,ok,1543.2975350679458,9297.152422932051,1543.2975350679458,,1
5m,300,btc-up-or-down-5m,btc-updown-5m,btc-updown-5m-1776133500,0xa2411e4cc2abf83f432629719d0538831c74fce7edc43912d4016c46a2fdfdd3,Down,already_winner_assist,1,0,9.509468509787766,0.12088414664970448,168.336210219,188.13892658100002,,-6.8928130040498194,10.0,60,1,0.002034917912256908,0.336672420438,0.3387073383502569,ok,483.5289797026089,13663.247772297409,483.19027236425865,1427.5716081550972,1
5m,300,btc-up-or-down-5m,btc-updown-5m,btc-updown-5m-1776134400,0x0fe989d2abb47cd95c9d3cdf7198123f83022bca3bd84494ee9425640c065f97,Up,already_winner_assist,1,0,3.45858925470238,0.10744110213183627,1563.656754645,1563.656754645,,,10.0,60,1,0.016800100507494913,3.1273135092900004,3.144113609797495,ok,1122.4345561665327,11003.615449833502,1119.2904425567353,356.99554642964256,1
5m,300,btc-up-or-down-5m,btc-updown-5m,btc-updown-5m-1776135600,0x36900f86c98243fc4ad0e18e2037297a4ffb291fd4343ed0a2c8819c1a279ddd,Down,already_winner_assist,1,0,1.5983310728484967,-0.02689976207120859,-25843.937819675997,25905.889380323995,0.013449853900670022,,10.0,60,0,0.0,0.0,0.0,truncated_http_400_at_offset_3500,3228.1423334508827,8240.786141549104,3228.1423334508827,,1
5m,300,btc-up-or-down-5m,btc-updown-5m,btc-updown-5m-1776137400,0xc9e6cd415aa8143e82aba738e1d08bf687fe52ad748d139a0de0536a991d47b9,Up,already_winner_assist,1,0,8.442660225731306,-0.013443073625087617,-2.021113809,2.021113809,,2.850339707185633,10.0,60,0,0.0,0.0,0.0,ok,2.364874210000004,1327.3873857899998,2.364874210000004,,1
5m,300,btc-up-or-down-5m,btc-updown-5m,btc-updown-5m-1776139500,0x53decfe4fcc84b6e1222302ccca3aa53a2a534dcbe7bb74889370e1905d1d45a,Up,already_winner_assist,1,0,3.973367418508493,0.0,-59.35289413999999,59.35289413999999,,0.7384369173474862,10.0,60,0,0.0,0.0,0.0,ok,716.2161309144163,7772.593510085586,716.2161309144163,,1
5m,300,btc-up-or-down-5m,btc-updown-5m,btc-updown-5m-1776140700,0xdff3530b8484867dc0b68a321c98138addf3585052c181266a578ea961c5d280,Up,already_winner_assist,1,0,6.381372311406424,0.0,-39.126012958,39.126012958,,,10.0,60,0,0.0,0.0,0.0,truncated_http_400_at_offset_3500,1505.4625199116513,17883.53655408835,1505.4625199116513,,1
5m,300,btc-up-or-down-5m,btc-updown-5m,btc-updown-5m-1776141900,0x798349b646ff6f2d0584c3831e4c54855393bf40bda1f38964d7c1745208e962,Up,already_winner_assist,1,0,3.6766259970262145,0.08061839685113527,-1424.4977295519998,1523.0230330519998,,,10.0,60,0,0.0,0.0,0.0,ok,685.8048099134037,4925.352731086595,685.8048099134037,,1
5m,300,btc-up-or-down-5m,btc-updown-5m,btc-updown-5m-1776143400,0x634e80496eba94498eccb78fcd13f83f4482e9ba0761b0fc71ba565b0b10de02,Down,other,0,0,0.12496439935623067,2.0303189889115485,158360.731901658,158517.974909062,0.01344717713657349,,10.0,60,1,32.15228010778671,316.721463803316,348.8737439111027,ok,6271.310247002585,6484.954626997398,5922.436503091482,17.975873382436575,1
5m,300,btc-up-or-down-5m,btc-updown-5m,btc-updown-5m-1776144600,0x0ef3cf9c5b2342c110adc861d9d802fe985f656835a9355465df8ed685ff2f4f,Down,already_winner_assist,1,0,5.2181785104293885,-0.0,1899.6420060430003,1903.4872432270001,,,10.0,60,0,0.0,0.0,0.0,truncated_http_400_at_offset_3500,1774.5309534492749,21784.922671550765,1774.5309534492749,,1
5m,300,btc-up-or-down-5m,btc-updown-5m,btc-updown-5m-1776145500,0xec1183fb7538fd9e3c02a01dbde2dc7df1f81756a913bacdf763dbabb70d55e6,Down,already_winner_assist,1,0,3.107733318596342,0.9689296564643479,206.03193636199998,212.651684954,,,10.0,60,1,0.019963045331991704,0.41206387272399997,0.4320269180559917,truncated_http_400_at_offset_3500,1972.4224289670165,8993.479138032986,1971.9904020489605,4565.508181393887,1
5m,300,btc-up-or-down-5m,btc-updown-5m,btc-updown-5m-1776153000,0x917ae6da8f73b8ab7d4d4d346597c73a45407da1ecd5c0b6354aa7113758b285,Up,already_winner_assist,1,0,6.825090582664012,0.0,-2.749303725,2.749303725,,,10.0,60,0,0.0,0.0,0.0,ok,479.35842838079503,14097.602256619204,479.35842838079503,,1
5m,300,btc-up-or-down-5m,btc-updown-5m,btc-updown-5m-1776153900,0xcf5ef1f93890996128545b92e47927c6cc145bdea738db217a0a8cdd7ffe9663,Up,already_winner_assist,1,0,1.3185416796654115,0.0,-185.127073998,206.616395378,3.8618685218752846,,10.0,60,0,0.0,0.0,0.0,ok,1142.6982917452217,10903.93905725478,1142.6982917452217,,1
5m,300,btc-up-or-down-5m,btc-updown-5m,btc-updown-5m-1776160800,0xbf22ef4b27d01b0649bcb8bcb41fc9e5106ea6364c23ebd9140ac3dc72322d3d,Down,already_winner_assist,1,0,5.262590094701243,-0.013419441415697127,82.964622885,122.568384333,,2.710358011947541,10.0,60,0,0.0,0.0,0.0,ok,552.783679067003,15877.068282932994,552.783679067003,,1
5m,300,btc-up-or-down-5m,btc-updown-5m,btc-updown-5m-1776161700,0xcc123f42f33beed10e8989d01597c7f8e97e3c317e4c18b4d478f4dcee493cc3,Down,already_winner_assist,1,0,1.2902155620989146,-0.0,-1.9611883699999997,1.9611883699999997,-1.327701556098107,,10.0,60,0,0.0,0.0,0.0,ok,865.8877092380236,9409.674824761985,865.8877092380236,,1
5m,300,btc-up-or-down-5m,btc-updown-5m,btc-updown-5m-1776162000,0x4ded63819f2851a80dd8aa2080131d571b25a1954f54f3466ab654e06db347e0,Up,already_winner_assist,1,0,4.202582385433408,-0.013402876389991769,-19.200343272,19.200343272,,,10.0,60,0,0.0,0.0,0.0,ok,308.50786846810337,14217.513134531868,308.50786846810337,,1
5m,300,btc-up-or-down-5m,btc-updown-5m,btc-updown-5m-1776163800,0xfc71003cff61d6a81a32262cafbb0446641dfb3ed3dcfe629085c157fa7017d6,Down,already_winner_assist,1,0,4.186205866362299,1.3307891532089497,8048.814404101,8048.814404101,,,10.0,60,1,1.0711274905169565,16.097628808202,17.168756298718957,truncated_http_400_at_offset_3500,3310.7130120045695,20328.98723999543,3293.5442557058504,192.83359577138373,1
5m,300,btc-up-or-down-5m,btc-updown-5m,btc-updown-5m-1776164400,0x3dfa51fbc34efc347adf40f21c951fe2e8f5768e1dc689c81ad67454496e0656,Up,already_winner_assist,1,0,7.31347100180102,0.013436570988215315,1.941716942,1.941716942,-0.0,,10.0,60,1,2.6090017530203362e-06,0.0038834338840000003,0.0038860428857530206,ok,268.4907234013931,13267.407931598585,268.48683735850733,69091.03458063514,1
5m,300,btc-up-or-down-5m,btc-updown-5m,btc-updown-5m-1776166800,0xd7322e8d0093ddb765ce875a062f850627de594716fd853d1606de852fc8a724,Down,already_winner_assist,1,0,9.428399263144726,0.20173424204051166,-7632.432259581001,8868.337712589,,-0.5917772552135238,10.0,60,0,0.0,0.0,0.0,truncated_http_400_at_offset_3500,536.3894272211511,15173.946875778853,536.3894272211511,,1
5m,300,btc-up-or-down-5m,btc-updown-5m,btc-updown-5m-1776167700,0xa1d42037069faee7521edc33245b7edd158b5942c6e2e6635649b47bb79501a1,Up,already_winner_assist,1,0,1.377431675401648,0.24192117671631286,344.34445288800003,344.34445288800003,1.2365475071762617,0.9677198243607783,10.0,60,1,0.008330421523839992,0.6886889057760001,0.6970193272998401,truncated_http_400_at_offset_3500,871.583520582336,7387.17692741766,870.8865012550361,1250.4438348341564,1
5m,300,btc-up-or-down-5m,btc-updown-5m,btc-updown-5m-1776170700,0xf4fb190e259d8185e572f04991eb927c3cf4513dca56157eeb90befd76582ab4,Up,already_winner_assist,1,0,9.97261716624135,-0.026881612036267443,558.028314016,558.028314016,,,10.0,60,0,0.0,0.0,0.0,ok,508.10223989675507,14988.060577103246,508.10223989675507,,1
5m,300,btc-up-or-down-5m,btc-updown-5m,btc-updown-5m-1776174300,0x8dde5bc6f87d44cded51f402b0aff49d92a8c791d3e91c898eb62cf64c05d1d4,Down,already_winner_assist,1,0,6.932105147492675,0.372426598751374,166932.507003135,166988.503539001,-1.849037408367392,2.500312552093822,10.0,60,1,6.217010580421748,333.86501400627003,340.0820245866918,truncated_http_400_at_offset_3500,4139.359223198668,26669.298676801307,3799.277198611976,12.1716495549252,1
5m,300,btc-up-or-down-5m,btc-updown-5m,btc-updown-5m-1776175800,0xb9364010a2999b5e20d0313ae635babf590b9adb3001a9696a05b399978fac8a,Up,already_winner_assist,1,0,0.7444850714880249,1.295987729602201,1027.384336299,1027.384336299,,3.0286418492220246,10.0,60,1,0.13314774934290052,2.054768672598,2.1879164219409004,truncated_http_400_at_offset_3500,4962.780928924925,8174.92673107508,4960.5930125029845,2268.2680559262144,1
5m,300,btc-up-or-down-5m,btc-updown-5m,btc-updown-5m-1776176100,0xb6e64291fb15e487e6094baf6a4eb2c75395fbc86639a27a351ad7e98fdcef42,Down,already_winner_assist,1,0,1.9275569183558854,-2.724611858863671,15013.853355838,15228.946644161999,,4.455653431817112,10.0,60,0,0.0,0.0,0.0,truncated_http_400_at_offset_3500,4263.608379297632,12601.422517702387,4263.608379297632,,1
5m,300,btc-up-or-down-5m,btc-updown-5m,btc-updown-5m-1776176400,0x00c235fc37435b6c9050b7011043b7b384d61c2761db1501194707dc6de04e43,Up,already_winner_assist,1,0,8.047887247726353,-0.568272300381083,149913.00990178803,149935.21685838402,-0.013216001668467729,-4.703793246672402,10.0,60,0,0.0,0.0,0.0,truncated_http_400_at_offset_3500,523.2838427541104,9327.40394824588,523.2838427541104,,1
5m,300,btc-up-or-down-5m,btc-updown-5m,btc-updown-5m-1776179700,0x4dcba292d392a47131763d0073b775373835d21b32c31ff155790f99cc8c97ab,Up,already_winner_assist,1,0,5.26371782281975,0.614919826680385,-1626.021538178,1814.349781426,,-7.162366880383264,10.0,60,0,0.0,0.0,0.0,truncated_http_400_at_offset_3500,6146.762839190632,12660.07689380937,6146.762839190632,,1
5m,300,btc-up-or-down-5m,btc-updown-5m,btc-updown-5m-1776184200,0xdfdae103da8e12a319093f07a0eded337bbe36db20ed20488967da6facf6e5cd,Down,already_winner_assist,1,0,9.62403679455166,1.6348828204230554,-19.603820874,19.603820874,,-4.467384181579726,10.0,60,0,0.0,0.0,0.0,truncated_http_400_at_offset_3500,1214.9875503293695,19303.32509767064,1214.9875503293695,,1
5m,300,btc-up-or-down-5m,btc-updown-5m,btc-updown-5m-1776189000,0x021803c506b3a98ffdc8ae32dd8e8d7cb257c37cebadf638e14fe7644b26609a,Up,already_winner_assist,1,0,1.3982935756888566,1.2313705035422486,63243.877659688,63243.877659688,,-8.815930246885388,10.0,60,1,7.787664547977438,126.48775531937599,134.27541986735343,truncated_http_400_at_offset_3500,4242.670124555953,10561.604384444063,4108.3947046886,31.596774217851316,1
5m,300,btc-up-or-down-5m,btc-updown-5m,btc-updown-5m-1776189600,0x0ecee03dff7bc6f9ce1f147c3ae28edfda2bf862364ed1394397f8c90f5c3fc0,Up,flip,0,1,2.5791020457600964,1.0295817567211814,-32236.479276907,68995.332164493,0.46797856666693727,,10.0,60,0,0.0,0.0,0.0,truncated_http_400_at_offset_3500,2854.6638173720035,11489.771946628003,2854.6638173720035,,1
5m,300,btc-up-or-down-5m,btc-updown-5m,btc-updown-5m-1776193800,0x30eaa16ea93ab69c1b7c24141012d1b9fadcb25a4c19e9bac61c5b55f993fb09,Down,already_winner_assist,1,0,9.958636535761546,1.1169838755463204,-117.009549756,117.009549756,,5.328102231859067,10.0,60,0,0.0,0.0,0.0,truncated_http_400_at_offset_3500,810.0602875395133,15885.676264460497,810.0602875395133,,1
5m,300,btc-up-or-down-5m,btc-updown-5m,btc-updown-5m-1776195600,0xce361a6da2f1ca534931bbff059426c1c9f8cdc2fecbb28809cd6fffeac2cd32,Down,already_winner_assist,1,0,5.93874172164788,-0.269687526563097,-218.317895363,218.317895363,-0.28317209381222075,1.3078813352312222,10.0,60,0,0.0,0.0,0.0,truncated_http_400_at_offset_3500,1110.4992502784596,14268.758924721553,1110.4992502784596,,1
5m,300,btc-up-or-down-5m,btc-updown-5m,btc-updown-5m-1776198600,0x99f337278c1b6716753b5135be1a939659b18399ba1a114c871f9c10b0b20e73,Up,already_winner_assist,1,0,1.5625986201204298,-3.420962994031958,23.709467055000005,221.906643729,-0.28287990604914126,,10.0,60,0,0.0,0.0,0.0,ok,161.05496660332298,9258.851486396678,161.05496660332298,,1
5m,300,btc-up-or-down-5m,btc-updown-5m,btc-updown-5m-1776198900,0x3569d87aed40effa20ace18d5377f960f83cfcbb985417e1c638d302e476e0d4,Down,already_winner_assist,1,0,4.107302711125004,-0.04043369177841501,-2838.696327743,2850.4741372870003,0.47171432450206013,,10.0,60,0,0.0,0.0,0.0,ok,348.0460093204161,13177.407171679588,348.0460093204161,,1
5m,300,btc-up-or-down-5m,btc-updown-5m,btc-updown-5m-1776200700,0xe0d335c93906215ff41bcbe0f8ca2088ff65c5b1f43ddd1cdc245d004ece0821,Down,already_winner_assist,1,0,8.000501799262581,-0.350104694805138,3.651600216,3.651600216,,,10.0,60,0,0.0,0.0,0.0,ok,162.177648367643,7890.362573632359,162.177648367643,,1
5m,300,btc-up-or-down-5m,btc-updown-5m,btc-updown-5m-1776201900,0xc6326fd20c5f289a8b84566327c47c7243703e2ff8065b031106e8b7c44aa23c,Up,already_winner_assist,1,0,9.058903914162597,0.013491243845231458,494931.91036451,495330.12339731003,-2.3876634802941816,,10.0,60,1,0.6677247089513844,989.8638207290201,990.5315454379714,ok,440.4729337225123,13708.991121277491,-550.0586117154592,0.4446833982735539,0
5m,300,btc-up-or-down-5m,btc-updown-5m,btc-updown-5m-1776206700,0x594ee8f0ba03eb2ae23932df59243d52c2923fadc4636035113118c27512400e,Up,already_winner_assist,1,0,5.7333076074003415,2.1881217493409237,-40.75339658199999,269.906004506,,,10.0,60,0,0.0,0.0,0.0,truncated_http_400_at_offset_3500,512.0669361503388,7426.440996849676,512.0669361503388,,1
5m,300,btc-up-or-down-5m,btc-updown-5m,btc-updown-5m-1776216600,0xd80e59ef8f19a9295922acab47efcf4858342e6e0c677cc3e39dcc02280aafb6,Down,already_winner_assist,1,0,5.481928202171714,-0.6429214352225193,-73.902291528,73.902291528,,,10.0,60,0,0.0,0.0,0.0,truncated_http_400_at_offset_3500,1731.0895213849747,25976.239569615023,1731.0895213849747,,1
5m,300,btc-up-or-down-5m,btc-updown-5m,btc-updown-5m-1776219300,0xc885924739f5b30482909a8e106be63a8ab66dd8a0db2ce8be14909dc6a813b1,Down,flip,0,1,1.6999802789689802,1.622522221052105,-5.430874836,5.430874836,,,10.0,60,0,0.0,0.0,0.0,truncated_http_400_at_offset_3500,3198.423020349426,6821.556246650565,3198.423020349426,,1
5m,300,btc-up-or-down-5m,btc-updown-5m,btc-updown-5m-1776220500,0x0901570b01ddffc76a445cd61d86ada52070006f4f0df712f2bdeb0a701ef6d6,Down,flip,0,1,0.3347819669336258,4.9025880989770805,303.08918139800005,1351.929122134,0.0,,10.0,60,1,0.14859214136505405,0.6061783627960001,0.7547705041610542,truncated_http_400_at_offset_3500,10648.747883743796,7287.176778256259,10647.993113239634,14108.590392758046,1
5m,300,btc-up-or-down-5m,btc-updown-5m,btc-updown-5m-1776220800,0x8e010456661d92f6482f72e1360890af3a84a78219808d448b19ad6bcf8f5b28,Up,already_winner_assist,1,0,9.801539360398253,1.8977694536281002,312.317338765,312.317338765,-0.0,-0.0,10.0,60,1,0.05927063053466363,0.6246346775299999,0.6839053080646635,ok,220.2750426651499,12226.977997334858,219.59113735708524,322.0841249039155,1
5m,300,btc-up-or-down-5m,btc-updown-5m,btc-updown-5m-1776222000,0xe17442b30e23458b90dc10f65645ef876cf1096ee57fb9886fb33a24e70efd4f,Down,already_winner_assist,1,0,9.812575672961355,-0.0,-222.21166540800002,222.21166540800002,0.0,,10.0,60,0,0.0,0.0,0.0,ok,199.75840986733596,12411.601541132663,199.75840986733596,,1
5m,300,btc-up-or-down-5m,btc-updown-5m,btc-updown-5m-1776224400,0x9cb638663a9d9df8ae3e981ccc15098f035b00dd5aadf00855810ed8c6ece04f,Down,already_winner_assist,1,0,0.08479835646384726,-0.0,80.94286827,80.94286827,,,10.0,60,0,0.0,0.0,0.0,ok,1796.427003853265,1449.9682371467345,1796.427003853265,,1
5m,300,btc-up-or-down-5m,btc-updown-5m,btc-updown-5m-1776233100,0x6796532a4b5f7bfbf2359c9f8dbc081a2b98354b962513b15e4619626027f14a,Up,already_winner_assist,1,0,1.1455548272578637,0.0,-744.2885657880001,744.2885657880001,,,10.0,60,0,0.0,0.0,0.0,truncated_http_400_at_offset_3500,5651.656424014543,3194.7538449854583,5651.656424014543,,1
5m,300,btc-up-or-down-5m,btc-updown-5m,btc-updown-5m-1776236100,0xd39c8d6258a7b16ad3cb27afbb143b58a2975071c8a0a641014b06279725fbc4,Down,already_winner_assist,1,0,1.4816734808429521,-0.013530637082859016,-118.19259300799999,118.19259300799999,3.070980945498698,,10.0,60,0,0.0,0.0,0.0,truncated_http_400_at_offset_3500,2235.8746415704168,5248.04145042956,2235.8746415704168,,1
5m,300,btc-up-or-down-5m,btc-updown-5m,btc-updown-5m-1776239100,0x0d4f5bae1ae9451953995ad800e659e45042b1342c552b82763d2beb37d1388a,Up,already_winner_assist,1,0,7.818564120410951,6.989633233830108,299068.392470745,299068.392470745,,,10.0,60,1,209.03783752016653,598.13678494149,807.1746224616566,truncated_http_400_at_offset_3500,3125.171919613174,20085.191899386806,2317.997297151517,3.87174204025676,1
5m,300,btc-up-or-down-5m,btc-updown-5m,btc-updown-5m-1776240300,0x4f1dc76044149ff7bfa32f6d574ef822fa16f917bce72660c48a37ec15a4196f,Down,flip,0,1,1.8406744276306164,2.7920051250659825,75.035657021,75.035657021,,,10.0,60,1,0.02094999389653253,0.15007131404200003,0.17102130793853254,ok,5768.339606842154,5080.229297157846,5768.168585534216,33728.77728730373,1
5m,300,btc-up-or-down-5m,btc-updown-5m,btc-updown-5m-1776243300,0x2457410133ad258f6514b5c18e5fac680b6dac7256da03c4376c815be47c701c,Down,already_winner_assist,1,0,6.671321131706316,-0.0,-5587.4551859250005,5587.4551859250005,0.0,,10.0,60,0,0.0,0.0,0.0,ok,218.42851139058143,10840.380391609415,218.42851139058143,,1
5m,300,btc-up-or-down-5m,btc-updown-5m,btc-updown-5m-1776246300,0x7a7485e08c59fa1244f71161afc68a4671959d569e5d040bdd4c16b6ce12d21c,Down,already_winner_assist,1,0,2.361810915493958,-0.0,-240.79989788700001,240.79989788700001,,,10.0,60,0,0.0,0.0,0.0,ok,796.0224869761338,12088.64257802386,796.0224869761338,,1
5m,300,btc-up-or-down-5m,btc-updown-5m,btc-updown-5m-1776248400,0xe65ffdece853863951d513c583b7f2b7f95f678035337c51f8889f43b5f61184,Down,already_winner_assist,1,0,2.5593293471767407,0.013513230466724454,5.19342527,5.19342527,,,10.0,60,1,7.017995258522067e-06,0.010386850539999999,0.01039386853525852,truncated_http_400_at_offset_3500,1920.876069835144,8901.930165164858,1920.865675966609,184808.57856909264,1
5m,300,btc-up-or-down-5m,btc-updown-5m,btc-updown-5m-1776249000,0xd2d894ad34c5bd48a0825ca51bfbf63290b126cb0b256f2fbdf6b21fd9e9fff6,Down,already_winner_assist,1,0,9.188623942576294,0.01353983385112267,-115.23940199599998,257.06083946,,,10.0,60,0,0.0,0.0,0.0,ok,4.2272025993682805,418.49296940063164,4.2272025993682805,,1
5m,300,btc-up-or-down-5m,btc-updown-5m,btc-updown-5m-1776249300,0xb99e67df66df85f82c9873f435ce348fc3104e9379025dd91bbc9dd10f71d42d,Up,already_winner_assist,1,0,0.9825402585538666,0.0,42.842167163999996,42.842167163999996,-0.0,,10.0,60,0,0.0,0.0,0.0,truncated_http_400_at_offset_3500,795.3896541108749,7068.304010889124,795.3896541108749,,1
5m,300,btc-up-or-down-5m,btc-updown-5m,btc-updown-5m-1776251400,0xcc1c724458da794578326b79ea9ad4769be5c3d8a40262f45675ab6d1445062c,Up,already_winner_assist,1,0,5.180597789517722,0.0,-25.965096747999993,174.02985062,0.013506532096920088,-0.0,10.0,60,0,0.0,0.0,0.0,ok,129.7442182271596,7498.255053772838,129.7442182271596,,1
5m,300,btc-up-or-down-5m,btc-updown-5m,btc-updown-5m-1776253200,0x63328161deb715a744855022d838715c8e6d5c2877f6243636a67d1c115d1630,Up,already_winner_assist,1,0,5.283028501820951,-0.01350439804554448,-732.4734718379999,732.4734718379999,,,10.0,60,0,0.0,0.0,0.0,ok,637.3218541998832,16198.13357780012,637.3218541998832,,1
5m,300,btc-up-or-down-5m,btc-updown-5m,btc-updown-5m-1776261900,0x9055648322ee30ed36e59fabd448ba3560c5ac868f9bc3b89950e8b85ed13035,Up,already_winner_assist,1,0,0.7035243574738819,-0.027038134584620753,-13.477244957000002,13.477244957000002,,-5.1899818299211224,10.0,60,0,0.0,0.0,0.0,truncated_http_400_at_offset_3500,6826.893651248391,3814.209111751598,6826.893651248391,,1
5m,300,btc-up-or-down-5m,btc-updown-5m,btc-updown-5m-1776267900,0x2495bfba154fe2a3f842f24c67976799014ca08f246fe726f7617d99b15c8098,Up,already_winner_assist,1,0,7.578214982991327,0.0,205.7682304,205.7682304,-0.3651295838539603,,10.0,60,0,0.0,0.0,0.0,truncated_http_400_at_offset_3500,358.5146364869754,16238.20509651302,358.5146364869754,,1
5m,300,btc-up-or-down-5m,btc-updown-5m,btc-updown-5m-1776270900,0x425c141896f202fe9041226238473c8943ad925a5c682ff785c30dbe181a8db5,Down,other,0,0,0.0688375877348614,-0.0,-1293.646286328,1293.646286328,0.0,-14.418366114928714,10.0,60,0,0.0,0.0,0.0,truncated_http_400_at_offset_3500,8433.789679278894,3464.376675721105,8433.789679278894,,1
5m,300,btc-up-or-down-5m,btc-updown-5m,btc-updown-5m-1776274200,0x62b58c7b640adb70e6c632137f9f2ee0a5fae333d554442208910156126b3371,Up,flip,0,1,2.1843111430369255,1.8885028005962472,1150.8151652919998,1152.8777345279998,,3.736883010921402,10.0,60,1,0.2173317662622575,2.3016303305839996,2.518962096846257,truncated_http_400_at_offset_3500,8213.921875544582,3845.8657574554077,8211.402913447735,3260.835836247167,1
5m,300,btc-up-or-down-5m,btc-updown-5m,btc-updown-5m-1776275700,0x41718d20799fcc65c77ae0fe552780d8a67bbc9acf0e8fd5093e83f877df60a9,Up,other,0,0,1.8627843121339036,2.8870775151514083,3238.5522543049997,3259.0132659049996,,,10.0,60,1,0.934995139504687,6.477104508609999,7.412099648114686,truncated_http_400_at_offset_3500,3595.4607669689676,3818.4051320310355,3588.048667320853,485.0799284496257,1
5m,300,btc-up-or-down-5m,btc-updown-5m,btc-updown-5m-1776277200,0x3f01b6b1303ff38b4e537d0b4569c264e5f6fe491747b7bb98b772223c4efdf7,Down,already_winner_assist,1,0,4.5136690470667125,0.013456803994855233,80.225533044,80.225533044,,,10.0,60,1,0.00010795792735558898,0.16045106608800003,0.16055902401535563,truncated_http_400_at_offset_3500,844.4759908548784,5708.525935145124,844.3154318308631,5259.598431378818,1
5m,300,btc-up-or-down-5m,btc-updown-5m,btc-updown-5m-1776278400,0xce0d45dcac26d73082bc8d25424cd43f803f55fef1ec1aa072808bce646a0ad2,Up,already_winner_assist,1,0,6.423190506799355,0.0,-88.48235004200001,88.48235004200001,,-4.385846969268558,10.0,60,0,0.0,0.0,0.0,ok,524.9564854833923,14038.586169516617,524.9564854833923,,1
5m,300,btc-up-or-down-5m,btc-updown-5m,btc-updown-5m-1776279300,0xe7ce043bf5a3a16d519e74ef69db929bda6fbeae6c66877cfb547e002698358e,Up,already_winner_assist,1,0,3.285464906931774,-0.4973241943188017,-504.86624565600005,504.86624565600005,-0.49732419431891073,,10.0,60,0,0.0,0.0,0.0,truncated_http_400_at_offset_3500,1225.2140387626384,14698.008301237382,1225.2140387626384,,1
5m,300,btc-up-or-down-5m,btc-updown-5m,btc-updown-5m-1776279600,0xb30f084b8a8f3bb99c8616f7a1a9ffd0264ba9c0594518211386907ec9da2033,Up,already_winner_assist,1,0,8.67018236763847,-0.7118560979167906,-12.87244004699999,89.412123883,,,10.0,60,0,0.0,0.0,0.0,truncated_http_400_at_offset_3500,803.7244067915854,12179.64959420843,803.7244067915854,,1
5m,300,btc-up-or-down-5m,btc-updown-5m,btc-updown-5m-1776282300,0x6f2a0177ca0ba7535be2027dd7b7f4de9e8a39da180398295205c85042f0a126,Down,already_winner_assist,1,0,4.119843287122297,-0.0,-124.999681365,124.999681365,,,10.0,60,0,0.0,0.0,0.0,truncated_http_400_at_offset_3500,454.8410752098984,14015.652667790104,454.8410752098984,,1
5m,300,btc-up-or-down-5m,btc-updown-5m,btc-updown-5m-1776284100,0x76c7ece411fc1bf7f9f72f26ee5099d153ccaeac51d6d2224337a914877e9a24,Down,already_winner_assist,1,0,7.775301620468748,2.063283870965265,-1191.10244839,1348.0022139900002,-0.6297883176364503,0.10719406144835342,10.0,60,0,0.0,0.0,0.0,truncated_http_400_at_offset_3500,64.89093058215141,6336.561567417851,64.89093058215141,,1
5m,300,btc-up-or-down-5m,btc-updown-5m,btc-updown-5m-1776287100,0x66d08d718af47f8580f39e33f07aabc031dee7339a180e1603f2acbbef265f68,Down,already_winner_assist,1,0,4.511554851463269,0.20056760633250806,2026.218746679,2183.600987287,,-0.9761531150712865,10.0,60,1,0.040639384392746156,4.052437493358,4.093076877750746,truncated_http_400_at_offset_3500,1399.4633149274189,18520.390298072543,1395.3702380496682,341.9098533268843,1
5m,300,btc-up-or-down-5m,btc-updown-5m,btc-updown-5m-1776293100,0x3c1dc8dba03548bb49c0a0220133335a1421a954ef05f13109822e23079f7152,Up,already_winner_assist,1,0,7.219740875194965,0.0,443.362682875,443.362682875,-0.0,,10.0,60,0,0.0,0.0,0.0,truncated_http_400_at_offset_3500,407.49003676565763,11860.991807234355,407.49003676565763,,1
5m,300,btc-up-or-down-5m,btc-updown-5m,btc-updown-5m-1776293400,0x604f611d38d112852cae0a936982ef5639565bd56baafd06a32401a6f13186d7,Down,already_winner_assist,1,0,4.697413322297003,0.5590272926582401,20.541902098,20.541902098,-1.3045185612872672,-11.653515052997067,10.0,60,1,0.0011483483915895563,0.041083804196,0.042232152587589555,truncated_http_400_at_offset_3500,2014.0330032736185,5027.552699726373,2013.990771121031,47689.56541101026,1
5m,300,btc-up-or-down-5m,btc-updown-5m,btc-updown-5m-1776298200,0x4364b6aadd880131e7fb5b93e73f8630f36c6d382beb066911e2346302ed4c06,Down,flip,0,1,3.836067311407205,4.956051976573303,82908.272296708,83191.415149956,0.0,,10.0,60,1,41.08977067903773,165.816544593416,206.90631527245375,truncated_http_400_at_offset_3500,6939.424668236436,5438.848478763537,6732.518352963983,33.53896984293891,1
5m,300,btc-up-or-down-5m,btc-updown-5m,btc-updown-5m-1776302700,0x2fe6e0e09111f2d195e8d1353ec2936dd9572ac13d99af4974de5a6948113794,Up,already_winner_assist,1,0,1.5998682239826085,-0.013400864758654369,-1.2924497719999999,6.169750228,,-0.013400864758194164,10.0,60,0,0.0,0.0,0.0,truncated_http_400_at_offset_3500,2193.2214036789487,3904.45554932105,2193.2214036789487,,1
5m,300,btc-up-or-down-5m,btc-updown-5m,btc-updown-5m-1776311100,0xd7c9265216a620bee5059af20acde0669b20dace3e2f8b2e227ddfc32bb91047,Down,already_winner_assist,1,0,4.6471101839938,-0.0,401.39150562000003,401.39150562000003,,,10.0,60,0,0.0,0.0,0.0,ok,660.5779879474031,13798.411363052599,660.5779879474031,,1
5m,300,btc-up-or-down-5m,btc-updown-5m,btc-updown-5m-1776316200,0x00897a069211a08e1025eabfde3c87e86285310a429c9b06fb54fccacc4c9feb,Up,already_winner_assist,1,0,0.4503979768163584,0.013345246189548732,4.902123402,4.902123402,-0.0,,10.0,60,1,6.5420043651238174e-06,0.009804246804000001,0.009810788808365126,ok,3246.555113563066,3514.5033304369363,3246.5453027742574,330916.82809387404,1
5m,300,btc-up-or-down-5m,btc-updown-5m,btc-updown-5m-1776317400,0x3dbccb3b362232f617eb3716a485b3c9bd622b9e518e225e438c332c2c8e1dc9,Up,already_winner_assist,1,0,4.934423251901917,1.251607785037136,63.503234653999996,67.462933686,,-0.013314134351280734,10.0,60,1,0.007948114286798643,0.127006469308,0.13495458359479864,truncated_http_400_at_offset_3500,1475.6960776075887,14000.564023392426,1475.5611230239938,10934.760704670607,1
5m,300,btc-up-or-down-5m,btc-updown-5m,btc-updown-5m-1776320700,0x8a6d8c4c46bc41cf574e58d862fe2670088ebeb974236f09b57dd0148397bea3,Down,already_winner_assist,1,0,3.086571790869608,-0.01332502740100005,-1.9414607160000001,1.9414607160000001,,-0.23985320984736025,10.0,60,0,0.0,0.0,0.0,truncated_http_400_at_offset_3500,759.7285745515192,8657.246476448474,759.7285745515192,,1
5m,300,btc-up-or-down-5m,btc-updown-5m,btc-updown-5m-1776324900,0xacf5e59c1e5f2da2394a7e9ccd148c9e2efcbce9c96b2d0949de49edb7789476,Down,already_winner_assist,1,0,2.777475472708323,-0.013358259846755602,-50.847225723,50.847225723,0.0,,10.0,60,0,0.0,0.0,0.0,ok,279.29797347501597,9815.754891524986,279.29797347501597,,1
5m,300,btc-up-or-down-5m,btc-updown-5m,btc-updown-5m-1776327000,0xb81f58bc0fd9ea64445a04f46353fb7abbd97e970d81ca14eec356adc1454337,Down,other,0,0,0.6160885672664071,0.013411522509857568,544874.66954625,545339.95633081,0.0,,10.0,60,1,0.7307598895670736,1089.7493390925001,1090.4800989820671,truncated_http_400_at_offset_3500,4907.91308412748,6853.651870872493,3817.432985145413,4.500690190228029,1
5m,300,btc-up-or-down-5m,btc-updown-5m,btc-updown-5m-1776329700,0x5433bf0498ed66f8379beeb66837fac83e23d5934c7f1226ad87184710e28f14,Down,already_winner_assist,1,0,2.0174859086620582,-1.3124168040323336,2303.6810884569995,2470.5670162349998,0.0,0.0,10.0,60,0,0.0,0.0,0.0,ok,589.4938547626557,8427.708100237356,589.4938547626557,,1
5m,300,btc-up-or-down-5m,btc-updown-5m,btc-updown-5m-1776331200,0x3a29589f3b0a80aef2f73d1464d7e8e99378bf573ed9f5efaa5bbc034466fa9e,Up,already_winner_assist,1,0,6.235751454860307,0.0,-2.6593510019999997,2.6593510019999997,-0.0,,10.0,60,0,0.0,0.0,0.0,ok,125.63479670572922,7952.686653294277,125.63479670572922,,1
5m,300,btc-up-or-down-5m,btc-updown-5m,btc-updown-5m-1776333900,0x8ecb63e5bde4781b9f9798aec545cef85766de6298eeb84eb6d9cfe3f0210385,Down,already_winner_assist,1,0,3.690017759207878,-0.0,-74.5594,74.5594,0.6169387234282125,,10.0,60,0,0.0,0.0,0.0,truncated_http_400_at_offset_3500,570.9244742052958,11342.287751794714,570.9244742052958,,1
5m,300,btc-up-or-down-5m,btc-updown-5m,btc-updown-5m-1776334500,0xbb31040e3e4eb673c1b567fd99b914de37ab0eb5ed0736143cf1024d1350ee64,Down,already_winner_assist,1,0,9.267195616557446,0.013442043622063493,83821.79782366799,83821.79782366799,,,10.0,60,1,0.11267362628255319,167.64359564733599,167.75626927361853,truncated_http_400_at_offset_3500,881.2068509406422,12590.836277059307,713.4505816670237,5.252899666619025,1
5m,300,btc-up-or-down-5m,btc-updown-5m,btc-updown-5m-1776337500,0x5ccd7d66f0fa3cf0bbd0b18a2fdb8005a4dd545c1785f9e3b4127c67598234c0,Down,already_winner_assist,1,0,8.395069256483954,-0.0,103.138464548,103.138464548,0.013452586022631823,-2.4217603355991635,10.0,60,0,0.0,0.0,0.0,ok,308.68706946486185,12534.088304535142,308.68706946486185,,1
5m,300,btc-up-or-down-5m,btc-updown-5m,btc-updown-5m-1776339300,0x059ab5c32d2fe75a20be0f8814e2b804c50d7c99e59e383aaca608f4bddce95d,Down,flip,0,1,2.6727173059868963,0.9941533046312511,181.34147475,181.34147475,,,10.0,60,1,0.018028122638941706,0.3626829495,0.38071107213894173,truncated_http_400_at_offset_3500,3710.467194867983,8586.001945131984,3710.086483795844,9746.149945210514,1
5m,300,btc-up-or-down-5m,btc-updown-5m,btc-updown-5m-1776346800,0x4727adc4fd419521dc354f3abcd3f311e22440e9dc320f029a8f4032899f0103,Down,already_winner_assist,1,0,1.6687555680303348,-3.511913734166587,-29865.929636748002,29865.929636748002,-0.8309521644377773,,10.0,60,0,0.0,0.0,0.0,truncated_http_400_at_offset_3500,926.5933290983852,8796.713642901617,926.5933290983852,,1
5m,300,btc-up-or-down-5m,btc-updown-5m,btc-updown-5m-1776353400,0x80f868939d393ce4d642f53486a177371eda114a00088b920a3b36daeb76db52,Up,already_winner_assist,1,0,1.3493674313915502,0.013471669414010299,491.50660215899995,491.50660215899995,,0.013471669414892421,10.0,60,1,0.0006621414459089528,0.983013204318,0.9836753457639089,truncated_http_400_at_offset_3500,4736.430321240991,6457.008074759004,4735.446645895227,4815.034087860303,1
5m,300,btc-up-or-down-5m,btc-updown-5m,btc-updown-5m-1776358800,0x435094f3c09040be5516cd89807102c891bde46d85a5219d8da02f22c403d516,Down,already_winner_assist,1,0,3.582316111344151,-0.0,28.567391627,32.431664257,0.013482494666770197,,10.0,60,0,0.0,0.0,0.0,truncated_http_400_at_offset_3500,2562.308700576303,6086.418403423702,2562.308700576303,,1
5m,300,btc-up-or-down-5m,btc-updown-5m,btc-updown-5m-1776360600,0xc03664f3d2dafe708c006f4ca7eff1ac9b08df4f0dfe0529303e42aab2d169f8,Down,other,0,0,1.350162837050927,1.993137150594782,301.7666187,301.7666187,-2.3303194192088776,,10.0,60,1,0.060146225854034,0.6035332374,0.6636794632540339,truncated_http_400_at_offset_3500,7501.36708818129,761.3568298187051,7500.7034087180355,11302.695809513125,1
5m,300,btc-up-or-down-5m,btc-updown-5m,btc-updown-5m-1776366600,0xcf677ca0cc2c578f2f4806a197b2d620081de800bfa44dad83ffd3ae72e2db22,Down,already_winner_assist,1,0,6.092735682241431,-1.336453508775713,-1355.918536299,1355.918536299,0.0,5.677935628483144,10.0,60,0,0.0,0.0,0.0,ok,76.41705412778697,7482.317954872213,76.41705412778697,,1
5m,300,btc-up-or-down-5m,btc-updown-5m,btc-updown-5m-1776367200,0xbf3cd7f7021103e2a6542ec319b98017799911f70de23a06c6f1293c38f5341b,Up,already_winner_assist,1,0,6.285628535177202,1.3468866601912168,-8264.188147235,9229.228494467,-3.346427986033292,,10.0,60,0,0.0,0.0,0.0,truncated_http_400_at_offset_3500,3564.088150270225,20525.954152729784,3564.088150270225,,1
5m,300,btc-up-or-down-5m,btc-updown-5m,btc-updown-5m-1776372600,0x74b718196040d3cde028882b01dff6b6e75d988e05605c7fdd9d9f92b6f12e69,Up,already_winner_assist,1,0,4.244147553144501,-0.013300375003425615,-357.28892633500004,372.520085957,-0.013300375002611544,-0.013300375002611544,10.0,60,0,0.0,0.0,0.0,truncated_http_400_at_offset_3500,969.7719051759175,9163.78098682406,969.7719051759175,,1
5m,300,btc-up-or-down-5m,btc-updown-5m,btc-updown-5m-1776378000,0xd8f5b28a448df365d50201c33fc80e57e119c676b17c3b08423afe4279ae72fd,Down,already_winner_assist,1,0,3.348332502467096,-0.44083317476976996,-1150.3864087929999,1423.368658277,0.0,,10.0,60,0,0.0,0.0,0.0,truncated_http_400_at_offset_3500,788.2045053787995,11037.30511262122,788.2045053787995,,1
5m,300,btc-up-or-down-5m,btc-updown-5m,btc-updown-5m-1776379500,0x2d964908d0fe24cd914f141fbf64dc809643d3c9ef28ffd05b219af592e550c7,Up,already_winner_assist,1,0,3.3961485480768743,1.5074314397377666,-29.856144881,104.247218469,,,10.0,60,0,0.0,0.0,0.0,ok,442.5814768533181,5153.186631146681,442.5814768533181,,1
5m,300,btc-up-or-down-5m,btc-updown-5m,btc-updown-5m-1776392700,0xa0fe18c7f8a183b3734c5389535ccc59c0272e95d5aa5920b0d6e3405457649d,Down,already_winner_assist,1,0,6.598474980730019,-0.0,-126.194399253,126.194399253,0.0,,10.0,60,0,0.0,0.0,0.0,truncated_http_400_at_offset_3500,488.27740717089176,18851.21901482911,488.27740717089176,,1
5m,300,btc-up-or-down-5m,btc-updown-5m,btc-updown-5m-1776395700,0x037ed73ac96f9dea86c257398a539dd4aa0033b11ef5054b9f8ed590b6d2d9bb,Up,already_winner_assist,1,0,1.9579710274297624,0.0,19.512334356000004,19.512334356000004,-0.0,,10.0,60,0,0.0,0.0,0.0,truncated_http_400_at_offset_3500,689.8347197873779,4816.64537721263,689.8347197873779,,1
5m,300,btc-up-or-down-5m,btc-updown-5m,btc-updown-5m-1776397200,0x451a22902ba2458fb7341dd38e661b23f44ab7ee548465710ac740ab24d55ddc,Down,already_winner_assist,1,0,2.1700785933957274,-1.337005644154697,143.78836167,143.78836167,-2.6474446297191134,,10.0,60,0,0.0,0.0,0.0,truncated_http_400_at_offset_3500,6895.893866837335,9857.072503162675,6895.893866837335,,1
5m,300,btc-up-or-down-5m,btc-updown-5m,btc-updown-5m-1776402300,0xe17de1727f4e7d588886c5ba7b81c68c2fe21d2a193cd637faed29411ca9b40e,Down,already_winner_assist,1,0,8.756427192371545,3.979336977072701,8103.803537384999,8172.430591521,0.013401098220019813,,10.0,60,1,3.224776507124868,16.207607074769996,19.432383581894864,truncated_http_400_at_offset_3500,1221.0129490390957,19726.808811960917,1201.580565457201,62.833925848227516,1
5m,300,btc-up-or-down-5m,btc-updown-5m,btc-updown-5m-1776403200,0x349c36b58e964909ade7d766cede5f3175a846b73870c2445912cb0b38120aa4,Up,already_winner_assist,1,0,7.367188382919608,0.013378472300312989,9.803816520000002,9.803816520000002,-0.0,,10.0,60,1,1.3116008775017091e-05,0.019607633040000003,0.01962074904877502,truncated_http_400_at_offset_3500,1237.5561928195227,32664.283889180406,1237.536572070474,63073.850531551805,1
5m,300,btc-up-or-down-5m,btc-updown-5m,btc-updown-5m-1776404100,0x0999f2d14ab05a1d0204f9f68f8c0fe2dce8220a4d9c92f25a83113de95f0720,Down,already_winner_assist,1,0,5.91559250739158,-0.0,240.91542180000002,240.91542180000002,0.013390582536904568,,10.0,60,0,0.0,0.0,0.0,ok,2689.5287785389387,13595.445639461059,2689.5287785389387,,1
5m,300,btc-up-or-down-5m,btc-updown-5m,btc-updown-5m-1776405900,0x08fc683cd37492bbf0e403a8f568e8f7cad74d0aabffec7b18eaa63c933f5abc,Down,flip,0,1,2.762595567798253,5.7819406981036305,89499.74510810299,89546.200170075,0.0,,10.0,60,1,51.748221871044194,178.99949021620597,230.74771208725016,truncated_http_400_at_offset_3500,11206.730227334298,1835.164041665692,10975.982515247048,48.56702641149836,1
5m,300,btc-up-or-down-5m,btc-updown-5m,btc-updown-5m-1776406500,0xb68c5eb6bddd9da0ff9ad68001265b21eecad4fa13495fb10283a5c1dcc53417,Down,other,0,0,2.366101912337632,5.34853756994046,134974.796769212,135530.076334788,,,10.0,60,1,72.19177715152085,269.949593538424,342.14137068994484,ok,6905.280851730358,339.9179082696419,6563.139481040414,20.182536937306125,1
5m,300,btc-up-or-down-5m,btc-updown-5m,btc-updown-5m-1776410400,0x5f43a2f10174c722805179b21e8ee1ee9561f0ab8014a106e3a3fe4843a35241,Down,already_winner_assist,1,0,6.950984045552733,-0.0,80.260612892,90.426121732,-0.8801689930139754,,10.0,60,0,0.0,0.0,0.0,ok,541.585844978168,13115.473015021827,541.585844978168,,1
5m,300,btc-up-or-down-5m,btc-updown-5m,btc-updown-5m-1776411300,0xaec0af579a2b8843e3f6f31d255d833e945126acbb1661b39a724f100c1ed996,Down,already_winner_assist,1,0,1.6841222894724839,0.013335956072275546,960.08800524,960.08800524,,,10.0,60,1,0.0012803691463399295,1.9201760104799999,1.9214563796263397,ok,1953.7440503739365,8246.18242462606,1951.8225939943102,1016.8037490155648,1
5m,300,btc-up-or-down-5m,btc-updown-5m,btc-updown-5m-1776412500,0xe154021d89a56d7532659623ad0e4c250def8f44032b69fa9b1407a40382023f,Up,already_winner_assist,1,0,3.6768051115573557,0.0,3308.46231408,3308.46231408,-0.9458148035067182,-0.9724561786283157,10.0,60,0,0.0,0.0,0.0,truncated_http_400_at_offset_3500,3324.169967865968,9630.54404413403,3324.169967865968,,1
5m,300,btc-up-or-down-5m,btc-updown-5m,btc-updown-5m-1776417600,0xb5e30f0168a8baef57e63196ee9ca55a8a6d76efae24ace1ea64d1f51efa19dd,Up,already_winner_assist,1,0,7.801037639228028,0.0,193.603209408,196.636421408,,-4.930843049920307,10.0,60,0,0.0,0.0,0.0,ok,409.6912639733107,16242.813689026701,409.6912639733107,,1
5m,300,btc-up-or-down-5m,btc-updown-5m,btc-updown-5m-1776419100,0x128b6e434e3813ec29a2fd12340dd561d45b5ee4530470ca7d335ff9c08da881,Up,other,0,0,0.623570593770749,0.9375010322690269,20024.951141568003,20024.951141568003,-3.3663566636124482,,10.0,60,1,1.8773412366356832,40.04990228313601,41.92724351977169,truncated_http_400_at_offset_3500,4289.709936362997,3385.7894726370114,4247.782692843225,102.31318770908686,1
5m,300,btc-up-or-down-5m,btc-updown-5m,btc-updown-5m-1776427500,0x07843c418524a13e91ed158ecfbc32fe87b6a8a38d6e91598791fb5b40637340,Up,already_winner_assist,1,0,5.244527315670238,-0.013224023555810453,-1.025404554,2.976400554,-1.4677598638998277,,10.0,60,0,0.0,0.0,0.0,ok,2005.5705150801455,20806.870038919857,2005.5705150801455,,1
5m,300,btc-up-or-down-5m,btc-updown-5m,btc-updown-5m-1776432000,0x5cd422ffa0819d14c5634054a486a38f7bef2619bdaf3e666a8b5dbaa0218423,Up,already_winner_assist,1,0,8.813813748193196,0.0,13485.315021188,13485.315021188,-0.0,-6.394202807511648,10.0,60,0,0.0,0.0,0.0,truncated_http_400_at_offset_3500,1452.386527021403,18036.419015978587,1452.386527021403,,1
5m,300,btc-up-or-down-5m,btc-updown-5m,btc-updown-5m-1776432900,0x7dd5c61e7f058faee09ce6504f9d37ccfef9af89ae0ffe537f2478be1d49ae70,Up,flip,0,1,2.7530600425732215,10.64695013228656,9625.64525615,9625.64525615,,-3.6291291532789476,10.0,60,1,10.248376503330974,19.2512905123,29.499667015630973,truncated_http_400_at_offset_3500,6392.581521999733,1573.248743000266,6363.081854984102,216.70012473742497,1
5m,300,btc-up-or-down-5m,btc-updown-5m,btc-updown-5m-1776434400,0x7bff8ed1e1f1fe014abe14fb15751591cea18e666d39db8fa9f6fae68c14327b,Down,other,0,0,3.131160678534532,0.5687039625988028,-976.635482562,976.635482562,-2.1587844188580467,-5.119791596688693,10.0,60,0,0.0,0.0,0.0,truncated_http_400_at_offset_3500,6053.043346220434,5191.669148779563,6053.043346220434,,1
5m,300,btc-up-or-down-5m,btc-updown-5m,btc-updown-5m-1776438600,0x558fb72de9ba13a7a79c65ed1968a435ce0125e81363955b5a727fa0a9774d0b,Up,already_winner_assist,1,0,2.8563666989161076,1.3997194163291262,202265.17120689302,202304.39307844502,,-10.908527314163992,10.0,60,1,28.31144873854231,404.53034241378606,432.84179115232837,truncated_http_400_at_offset_3500,3373.6766035769424,9818.444868423056,2940.834812424614,7.7942487822060995,1
5m,300,btc-up-or-down-5m,btc-updown-5m,btc-updown-5m-1776439800,0x66f3b61afdd720c9dacf4e25fd0a9de77342a50c0c9a26976ccbc148345562d4,Up,already_winner_assist,1,0,6.749343753593334,0.012850059720150183,3735.292417899,3777.306149439,,,10.0,60,1,0.004799873064222633,7.470584835798001,7.475384708862224,truncated_http_400_at_offset_3500,6968.838929246912,10698.658517753072,6961.36354453805,932.2381657475379,1
5m,300,btc-up-or-down-5m,btc-updown-5m,btc-updown-5m-1776441900,0x2b06a3a92cf4cb6dbcd709d93b0a37b48ad8580b440fd5f35e00ed41420d4d70,Down,already_winner_assist,1,0,4.44808331654334,0.3593659757802726,890.749508816,890.749508816,0.6802175415315956,,10.0,60,1,0.03201050664114604,1.781499017632,1.813509524273146,truncated_http_400_at_offset_3500,5431.887962016744,9388.718523983267,5430.07445249247,2995.2354202241327,1
5m,300,btc-up-or-down-5m,btc-updown-5m,btc-updown-5m-1776444900,0xa893cd029134ff922d6a6fdb844f42d365832c7e5bfb2938903b35388c7390de,Up,already_winner_assist,1,0,1.2981309542776251,0.0,3.8946800000000006,3.8946800000000006,0.012838033444772164,2.0029325053035647,10.0,60,0,0.0,0.0,0.0,truncated_http_400_at_offset_3500,3963.9989011488938,4692.165853851105,3963.9989011488938,,1
5m,300,btc-up-or-down-5m,btc-updown-5m,btc-updown-5m-1776445200,0x20bda526b06718a915273875388001c03014861f6c61f6891bf4591574768da7,Up,already_winner_assist,1,0,1.4199153707243952,-0.8856014683679004,-33.89021436899999,110.826473331,1.103902939812172,,10.0,60,0,0.0,0.0,0.0,truncated_http_400_at_offset_3500,2268.8041550475796,8447.734851952428,2268.8041550475796,,1
5m,300,btc-up-or-down-5m,btc-updown-5m,btc-updown-5m-1776448200,0xd6454adf8eae6c6f27af883b854f34a9e26eaeedb390f2ba574c8b0d1e94eac9,Down,already_winner_assist,1,0,4.54126189990808,-0.5930219368301273,6682.827881053001,6682.827881053001,0.6058773976706938,,10.0,60,0,0.0,0.0,0.0,truncated_http_400_at_offset_3500,4405.875534476051,7350.789973523935,4405.875534476051,,1
5m,300,btc-up-or-down-5m,btc-updown-5m,btc-updown-5m-1776450300,0x0608e929854ba8f5712daf6bf569f0720369a6fbc6b48fdde9a78b0e2f348cff,Down,already_winner_assist,1,0,8.647106756764781,-0.0,39399.464743346005,67257.524279626,1.527692009906445,0.24600007122202222,10.0,60,0,0.0,0.0,0.0,truncated_http_400_at_offset_3500,1203.8644199800483,17488.069814019957,1203.8644199800483,,1
5m,300,btc-up-or-down-5m,btc-updown-5m,btc-updown-5m-1776452400,0x47eb25051677907200c69f1226c68b2e9b5ff36330d64751d893ddc132ec6a96,Down,already_winner_assist,1,0,3.485025660931713,0.23322376136607711,2254.051737017,2254.051737017,-3.2268202170072042,,10.0,60,1,0.05256984244208444,4.508103474034,4.560673316476084,truncated_http_400_at_offset_3500,3913.104527088648,5317.645384911352,3908.543853772172,858.0102663683449,1
5m,300,btc-up-or-down-5m,btc-updown-5m,btc-updown-5m-1776454200,0xa93ca16eae247fcda99c0b1f6497cef749b26278f4899a5e43338c23696928d0,Up,already_winner_assist,1,0,7.12885057859342,0.5557806684125504,-2.7907647559999997,2.7907647559999997,-0.0,,10.0,60,0,0.0,0.0,0.0,ok,633.5254984061851,15101.760028593828,633.5254984061851,,1
5m,300,btc-up-or-down-5m,btc-updown-5m,btc-updown-5m-1776454500,0x085ace688145bf12df524eeba244a1666b2bb530a7b36c8607d284b66e096c27,Up,already_winner_assist,1,0,0.8234155068394343,0.0,751.356568324,751.356568324,0.03877158688729969,0.8659345862912076,10.0,60,0,0.0,0.0,0.0,truncated_http_400_at_offset_3500,5527.240554915188,13678.167481084804,5527.240554915188,,1
5m,300,btc-up-or-down-5m,btc-updown-5m,btc-updown-5m-1776455100,0xd079a1b0775c7589ec8f1db0fc5415f1847e6021a3dbd953f874567de376d221,Up,flip,0,1,1.1227242858962982,2.804412897743025,33359.385863116,48833.845863115996,0.6848761895114908,,10.0,60,1,9.355349197530883,66.71877172623199,76.07412092376288,truncated_http_400_at_offset_3500,5031.5948540253075,1563.7481199746917,4955.5207331015445,66.14069006551759,1
5m,300,btc-up-or-down-5m,btc-updown-5m,btc-updown-5m-1776456600,0x1232eff286d00d6c7d9d33917a72e374ee4333f766751e9e10f5432457b18525,Down,already_winner_assist,1,0,6.3046634175420575,-0.0,3.6139816409999996,3.6139816409999996,-1.9339267540397345,,10.0,60,0,0.0,0.0,0.0,truncated_http_400_at_offset_3500,816.5796340206922,15396.32335397932,816.5796340206922,,1
5m,300,btc-up-or-down-5m,btc-updown-5m,btc-updown-5m-1776459600,0xd06658943c0e810e7654d04a7b8daf0ca8a67a63578e210728db04194349205c,Up,already_winner_assist,1,0,1.9773878901292952,0.0,694.117666451,706.4062063810001,,-3.100550889376108,10.0,60,0,0.0,0.0,0.0,truncated_http_400_at_offset_3500,1138.853179939549,4061.2450660604504,1138.853179939549,,1
5m,300,btc-up-or-down-5m,btc-updown-5m,btc-updown-5m-1776463200,0x3c66ed347dd69bb5d78bc5e84636a6d52be06b311fbecc16c5619125af57174e,Up,already_winner_assist,1,0,1.0091554323208014,0.0,-142478.64671600598,142478.64671600598,0.632278868740252,,10.0,60,0,0.0,0.0,0.0,truncated_http_400_at_offset_3500,3846.5763927590333,18514.914190241,3846.5763927590333,,1
5m,300,btc-up-or-down-5m,btc-updown-5m,btc-updown-5m-1776465000,0x9a5d357cc2daecb87e2b6243e567f916791880b587eb14010aa3cb1a260492b5,Up,already_winner_assist,1,0,9.774240823463339,0.0,26.200110089,26.200110089,,,10.0,60,0,0.0,0.0,0.0,truncated_http_400_at_offset_3500,424.4102445430586,20783.53668545691,424.4102445430586,,1
5m,300,btc-up-or-down-5m,btc-updown-5m,btc-updown-5m-1776467400,0x570d8addcd6c687c438fbd004a9ccf31170fb65236eb8d8acf9a4091d7a40e6e,Down,already_winner_assist,1,0,0.6175247780522695,-2.2013995810420584,-375.48679377100007,375.48679377100007,0.0,0.0,10.0,60,0,0.0,0.0,0.0,truncated_http_400_at_offset_3500,5806.331700048215,5063.029680951763,5806.331700048215,,1
5m,300,btc-up-or-down-5m,btc-updown-5m,btc-updown-5m-1776474000,0x8cb1b9d2fb8b3d6e6890ec603f5999830ec13243fed91c54df2c23640bc18539,Up,flip,0,1,2.698199608606254,2.8627184232653464,8058.990270736999,8058.990270736999,,,10.0,60,1,2.3070619920954987,16.117980541474,18.4250425335695,truncated_http_400_at_offset_3500,9340.050389818629,7229.614371181381,9321.625347285059,506.92151037380387,1
5m,300,btc-up-or-down-5m,btc-updown-5m,btc-updown-5m-1776474900,0x0c4fd2d3ea1173c8ea4d671c2b900ded621484b7d0d83bd8acf254b29de1cfcb,Up,flip,0,1,1.6125635734448878,4.473659786849009,108098.272091942,108194.78660276,,,10.0,60,1,48.359489288558336,216.19654418388401,264.5560334724423,truncated_http_400_at_offset_3500,8517.727169059175,4604.937087940802,8253.171135586734,32.19630660945191,1
5m,300,btc-up-or-down-5m,btc-updown-5m,btc-updown-5m-1776476400,0x6f89384511c3d226106b882570bbbf8cc3ef6e9a8013c78c3bf6b21598ef1b0d,Down,flip,0,1,4.624865407438433,7.39037589299383,294.921552575,294.921552575,,,10.0,60,1,0.21795811324745923,0.58984310515,0.8078012183974592,truncated_http_400_at_offset_3500,8158.661054575707,5047.747318424278,8157.853253357309,10099.837520375506,1
5m,300,btc-up-or-down-5m,btc-updown-5m,btc-updown-5m-1776477300,0xdc2c3626252bdf0bcc68d42b4f60892be7e04330a37013132b7ccbd3b6bddb7a,Up,already_winner_assist,1,0,4.6920776238476165,0.0,517.315487268,517.315487268,-0.0,,10.0,60,0,0.0,0.0,0.0,truncated_http_400_at_offset_3500,698.822559995527,13203.50069500448,698.822559995527,,1
5m,300,btc-up-or-down-5m,btc-updown-5m,btc-updown-5m-1776481500,0x2b90710a4dad7c16e2610cc61472ed6e8051d8646fc32b73e38866b92617db8f,Up,flip,0,1,0.3598597695348287,3.000944285157198,907.06431583,907.06431583,,,10.0,60,1,0.2722049474860062,1.8141286316600003,2.0863335791460065,ok,2293.990316522699,1037.8394744773004,2291.903982943553,1099.5318962664119,1
5m,300,btc-up-or-down-5m,btc-updown-5m,btc-updown-5m-1776484800,0xafa976943a326fa95778360575178718c48256e86c300cd8a3ca6b64f45a1776,Up,already_winner_assist,1,0,6.95506804407442,-0.012976875855027804,48.838446350999995,54.073909545,-0.5450142872951542,-5.669291081824377,10.0,60,0,0.0,0.0,0.0,truncated_http_400_at_offset_3500,3619.325736854022,14823.21561914592,3619.325736854022,,1
5m,300,btc-up-or-down-5m,btc-updown-5m,btc-updown-5m-1776486000,0x898de450d30900507ee8039c54f42806979b2562ef41b30827325a5154535dbe,Down,already_winner_assist,1,0,4.519916462275159,-0.0,-37.684518755999996,37.684518755999996,,,10.0,60,0,0.0,0.0,0.0,truncated_http_400_at_offset_3500,3125.3025739278055,10222.243130072191,3125.3025739278055,,1
5m,300,btc-up-or-down-5m,btc-updown-5m,btc-updown-5m-1776488700,0xd0147798781a2f442640d824855c9d5a55faf0463f99ffdeaacd51e35b37ffc1,Up,already_winner_assist,1,0,4.698373391490457,0.9320907189937111,-49.25847717799999,71.041234792,,,10.0,60,0,0.0,0.0,0.0,ok,844.259349918556,13517.782421081445,844.259349918556,,1
5m,300,btc-up-or-down-5m,btc-updown-5m,btc-updown-5m-1776489600,0x71efbbbc4a152f4d996af68478cf8b7e7126c288b45a54a1613fda15e95d2196,Up,other,0,0,0.5725356784648914,0.01295357761629695,42.789750864,42.789750864,,,10.0,60,1,5.5428035899883345e-05,0.085579501728,0.08563492976389987,truncated_http_400_at_offset_3500,15046.93846198749,8231.941260012489,15046.852827057726,175710.29139012215,1
5m,300,btc-up-or-down-5m,btc-updown-5m,btc-updown-5m-1776490800,0x89e6e923887c14d3ebb8b66ee95e07c7d9466de95d406b7c04f554bc4f4a669e,Down,already_winner_assist,1,0,3.003522703412081,-0.01295629646902594,-73.023264638,126.97691943800001,,0.0,10.0,60,0,0.0,0.0,0.0,ok,1350.8877634176738,4730.272662582322,1350.8877634176738,,1
5m,300,btc-up-or-down-5m,btc-updown-5m,btc-updown-5m-1776493200,0x081018a9db41d3e4f2984826ba74eec776fb610edab8edc7072d3c29f989fd5e,Down,already_winner_assist,1,0,6.749460920532154,0.01296343468828973,5.422942,5.422942,,,10.0,60,1,7.0299954435383285e-06,0.010845884,0.010852913995443539,ok,194.48472217783714,10615.524881822148,194.4738692638417,17920.04638196609,1
5m,300,btc-up-or-down-5m,btc-updown-5m,btc-updown-5m-1776495300,0x0444852c77d2b35b5389389d5571945407c00f9c8a32b982ca7e72f434a8c6a3,Up,other,0,0,0.27580285942632715,0.18146326795245157,122.719172319,122.719172319,2.1129549494217255,3.772520924867962,10.0,60,1,0.0022269022049425775,0.245438344638,0.24766524684294255,ok,10255.073981453754,3037.340478546273,10254.82631620691,41406.99638797942,1
5m,300,btc-up-or-down-5m,btc-updown-5m,btc-updown-5m-1776502200,0x02351a2302b85955597bce8aba1aa97800f5b69c1441d587cd36f1085e5aa222,Up,already_winner_assist,1,0,8.23822027641881,0.7167407844860119,2534.9031139880003,2534.9031139880003,-1.4202981477252887,,10.0,60,1,0.18168684465157936,5.069806227976001,5.25149307262758,ok,865.4066156650629,12435.612138334933,860.1551225924353,164.79248924002815,1
5m,300,btc-up-or-down-5m,btc-updown-5m,btc-updown-5m-1776518700,0x59966fa59bbcd697fe2ed8ab82656709d85e9024f9da5385da4fcc3d96ec5225,Down,already_winner_assist,1,0,7.782395402400101,-0.0,-162.327209148,162.327209148,0.0,-8.805779262708427,10.0,60,0,0.0,0.0,0.0,ok,727.0701252924054,17276.780076707586,727.0701252924054,,1
5m,300,btc-up-or-down-5m,btc-updown-5m,btc-updown-5m-1776519600,0xa34850c2e37d597437bfeca5971f6046432131f170471395f682263f09d06225,Up,already_winner_assist,1,0,9.632682685598661,0.0,15.916960721999999,22.221133878,-1.7110058518648,-1.7110058518648,10.0,60,0,0.0,0.0,0.0,truncated_http_400_at_offset_3500,287.99586143278043,20786.074815567197,287.99586143278043,,1
5m,300,btc-up-or-down-5m,btc-updown-5m,btc-updown-5m-1776522600,0x250f0d6d6bb4dc016826920f5eb5ae293fab2ad59ea67b269316ab301f1d7ff1,Up,already_winner_assist,1,0,9.36642380015016,1.4299686021619604,8195.217436346,8270.17223108,,-2.97735181840844,10.0,60,1,1.1718903621865013,16.390434872692,17.562325234878504,ok,346.9241390556488,20492.592765944322,329.3618138207703,19.75388420473292,1
5m,300,btc-up-or-down-5m,btc-updown-5m,btc-updown-5m-1776522900,0x364f47c1ad089eae0d75530c4136f06bd53b389273562cc1bcc2fb6b805617b5,Up,already_winner_assist,1,0,5.76292276902846,0.0,181538.673567219,181809.263245609,-0.41953622898192516,,10.0,60,0,0.0,0.0,0.0,truncated_http_400_at_offset_3500,1138.4081882780897,14660.6493827219,1138.4081882780897,,1
5m,300,btc-up-or-down-5m,btc-updown-5m,btc-updown-5m-1776524100,0x0385ac1a4e074482f77c966c6a95f1700a2baa7a65096b340ecbd0c62a6f8a66,Up,already_winner_assist,1,0,0.8269019720192506,-0.013109381402306912,-32.768877896,32.768877896,,,10.0,60,0,0.0,0.0,0.0,ok,1619.4102483131917,8044.6614296868065,1619.4102483131917,,1
5m,300,btc-up-or-down-5m,btc-updown-5m,btc-updown-5m-1776524400,0x8170ca42b8776b268aff6df08c3b361b7df00192c2b13498250809fe2a155490,Up,already_winner_assist,1,0,8.212050242106159,2.5809071966520807,-1853.148597373,1951.714562803,-0.13099275479364694,,10.0,60,0,0.0,0.0,0.0,truncated_http_400_at_offset_3500,440.9137557225228,13927.644356277477,440.9137557225228,,1
5m,300,btc-up-or-down-5m,btc-updown-5m,btc-updown-5m-1776527400,0x11fc6668c1d298c4a876bb841e5a2312e8709622b9d828339ecbb8faebea4df1,Down,already_winner_assist,1,0,2.106829639112515,-0.0,-988.3990842329999,988.3990842329999,,,10.0,60,0,0.0,0.0,0.0,truncated_http_400_at_offset_3500,810.467258952334,7786.433730047668,810.467258952334,,1
5m,300,btc-up-or-down-5m,btc-updown-5m,btc-updown-5m-1776529500,0x0607facb313dc59b3edb26fe8402a14280c031fb64b41ee3d16eb7687f05dd06,Up,already_winner_assist,1,0,6.193458887052926,-0.013135452124348758,-74.819606142,74.819606142,,,10.0,60,0,0.0,0.0,0.0,ok,376.25300563156554,15268.985695368447,376.25300563156554,,1
5m,300,btc-up-or-down-5m,btc-updown-5m,btc-updown-5m-1776531900,0x6784046def4264d62454a2cc4998038232c48d6e3ee57f65cdd82b9b5df880e5,Down,already_winner_assist,1,0,4.080607367235625,0.013176975344994247,771.9649640829999,771.9649640829999,0.0,0.013176975344504207,10.0,60,1,0.001017216329892106,1.5439299281659997,1.5449471444958918,truncated_http_400_at_offset_3500,664.8018347320053,14813.088114267992,663.2568875875095,430.30717076662626,1
5m,300,btc-up-or-down-5m,btc-updown-5m,btc-updown-5m-1776534600,0x4a6a0a9def8c0498f195300aa789a2b2d5cbc5930a4b4301fbd1980f8d8a9627,Down,already_winner_assist,1,0,1.9271703580554436,-0.013174475507463188,93.473847189,125.55408280500001,-0.013174475506916911,,10.0,60,0,0.0,0.0,0.0,ok,738.689926249797,10575.2268557502,738.689926249797,,1
5m,300,btc-up-or-down-5m,btc-updown-5m,btc-updown-5m-1776536400,0xf5b0dfa4538ca8f9229336c21276b4b3e27c6f78306b85ce707b7a7ea69f0299,Up,already_winner_assist,1,0,1.6926601980218339,0.0,2614.0359645500002,2642.8723041020003,,1.9959116921589202,10.0,60,0,0.0,0.0,0.0,truncated_http_400_at_offset_3500,808.6271391996714,23317.392299800325,808.6271391996714,,1
5m,300,btc-up-or-down-5m,btc-updown-5m,btc-updown-5m-1776537000,0x3aa283e9d0ade5585f95d01b16c8f85925396e3730f4c568359b3ce9a6840b4e,Down,already_winner_assist,1,0,3.5522255454839744,0.0132200376122941,233.39630727699998,233.39630727699998,,0.0,10.0,60,1,0.0003085507960772491,0.4667926145539999,0.4671011653500771,truncated_http_400_at_offset_3500,305.5161469990567,10107.965355000944,305.0490458337066,654.0684752308042,1
5m,300,btc-up-or-down-5m,btc-updown-5m,btc-updown-5m-1776537600,0xc62e545a585e1388be2d8d7c93957040df4736aa0b7e79c741da0dd562e1ec40,Down,already_winner_assist,1,0,1.1052335854414148,-0.0,-41.1657694,41.1657694,0.0,,10.0,60,0,0.0,0.0,0.0,truncated_http_400_at_offset_3500,6502.705694238518,4739.851785761476,6502.705694238518,,1
5m,300,btc-up-or-down-5m,btc-updown-5m,btc-updown-5m-1776538800,0x9485d4ef9709c8447f768e3ffd555d6272d22ef14e14f0e2d685c3a442bcfd48,Up,already_winner_assist,1,0,8.384474617989131,0.013205530209723404,-995.11044411,1028.302620598,-0.0,2.0602735746374523,10.0,60,0,0.0,0.0,0.0,ok,343.6567458482325,20098.450891151755,343.6567458482325,,1
5m,300,btc-up-or-down-5m,btc-updown-5m,btc-updown-5m-1776541800,0x88cc3db5648538ac45b900cd1073360345af13708129f9e98585924b592f5673,Down,already_winner_assist,1,0,4.7283485313624105,0.013223498951422913,9.624526482999999,9.624526482999999,0.01322349895245332,0.01322349895245332,10.0,60,1,1.2726991585589254e-05,0.019249052965999998,0.019261779957585587,ok,463.4092765906916,12390.780570409304,463.39001481073404,24058.486682493425,1
5m,300,btc-up-or-down-5m,btc-updown-5m,btc-updown-5m-1776542100,0x627e12f39ae899e15439b40a92925414f08ca75d3e1632ba3a56c707ae774f49,Up,already_winner_assist,1,0,7.039432124759915,-0.013212334770408072,-4869.649889237001,5206.449025547,-0.013212334770975904,-0.013212334770975904,10.0,60,0,0.0,0.0,0.0,ok,114.91534750000007,11376.619402500019,114.91534750000007,,1
5m,300,btc-up-or-down-5m,btc-updown-5m,btc-updown-5m-1776542400,0x11f52e907e493896b8a72bfa1346c3e1e0e5de12af89a83be87b8d20a2eefc51,Down,already_winner_assist,1,0,4.944274907502076,0.013217940711311585,8.725256551,8.725256551,,0.013217940712605881,10.0,60,1,1.15329923782101e-05,0.017450513102,0.01746204609437821,ok,1441.4944022724783,17375.78626072752,1441.476940226384,82550.14300624015,1
5m,300,btc-up-or-down-5m,btc-updown-5m,btc-updown-5m-1776543300,0x8f94ed8da34bf20f8939d6a946e39e1dd5f72b549e3eaebf3246efa58014b84d,Down,flip,0,1,3.0142261182116727,2.4695189515835145,12100.091576316,12100.091576316,0.0,,10.0,60,1,2.9881405463608406,24.200183152632,27.18832369899284,truncated_http_400_at_offset_3500,20204.202929090065,2216.2000979098125,20177.014605391072,743.1205819371095,1
5m,300,btc-up-or-down-5m,btc-updown-5m,btc-updown-5m-1776543900,0x42cd53849eb9c8861a02c4977016dd298a3e2934f3cd61e7a13dc3f4bee1262d,Up,already_winner_assist,1,0,2.393398286521849,0.0,-6.475289508,6.475289508,,-1.029621417033751,10.0,60,0,0.0,0.0,0.0,ok,351.14195662625684,7412.33804837374,351.14195662625684,,1
5m,300,btc-up-or-down-5m,btc-updown-5m,btc-updown-5m-1776544500,0xab7906c87ef1faeee53758ff540a440bb794d0f2f0ada68ad50575388f081338,Up,flip,0,1,2.291334509540971,1.4122569407214922,-597.2193203700001,601.1503042860002,-0.013197722336802224,,10.0,60,0,0.0,0.0,0.0,truncated_http_400_at_offset_3500,5130.1247973695445,3654.2180056304446,5130.1247973695445,,1
5m,300,btc-up-or-down-5m,btc-updown-5m,btc-updown-5m-1776545400,0x610459cd28e81c1f61ba42ec046bc108cb59eacb4ff96bb15b458355ccd8e5bb,Down,already_winner_assist,1,0,0.5473689233147443,-1.5168212204673774,-43382.942913725994,43382.942913725994,,,10.0,60,0,0.0,0.0,0.0,truncated_http_400_at_offset_3500,2542.7832586164127,8985.174878383588,2542.7832586164127,,1
5m,300,btc-up-or-down-5m,btc-updown-5m,btc-updown-5m-1776558900,0x1f4c26ccff48e1246fe66d3182360651c65580bc48f993675c32e93dba780ec5,Up,flip,0,1,2.41273028919212,0.595166061425606,481.50387149499994,496.626151495,,,10.0,60,1,0.028657476275886024,0.9630077429899999,0.9916652192658859,truncated_http_400_at_offset_3500,4129.740848346667,8183.038171653368,4128.749183127401,4164.450631236063,1
5m,300,btc-up-or-down-5m,btc-updown-5m,btc-updown-5m-1776567300,0xcf72ec5101424a90559143b1549f06f02b3b9f6a70a285435882ed45b4f15268,Down,already_winner_assist,1,0,9.669558677491604,0.7677909070856965,-450.73522432600004,569.7445875740001,,,10.0,60,0,0.0,0.0,0.0,ok,282.307492831655,11496.612843168366,282.307492831655,,1
5m,300,btc-up-or-down-5m,btc-updown-5m,btc-updown-5m-1776570600,0x9e0ebf09e775f9c110dde87dd1812d74cf994ab38c9dacdfdcd128835afdfc56,Down,already_winner_assist,1,0,1.3368392143854666,-0.5420279912504583,-1546.7809559789996,1546.7809559789996,-0.013219845365821008,,10.0,60,0,0.0,0.0,0.0,ok,428.17527287902857,8790.250763120968,428.17527287902857,,1
5m,300,btc-up-or-down-5m,btc-updown-5m,btc-updown-5m-1776576000,0xd96dbeab12824a5693d3d7ee1655cc3668108ab002fbaf7497dd35bb70b2fe3c,Up,already_winner_assist,1,0,1.6643808575566679,0.0,37.803870752,37.803870752,,-0.0,10.0,60,0,0.0,0.0,0.0,ok,412.4917196523229,5071.9798293476815,412.4917196523229,,1
5m,300,btc-up-or-down-5m,btc-updown-5m,btc-updown-5m-1776579000,0x49bf035f051aca2d0d26acc79eeb51a198851e664250f61f8b7d9dfebd5f554e,Down,already_winner_assist,1,0,5.07567340700992,0.38439845953700236,-953.080667273,1071.977235917,-0.013255382845860456,-10.158774818395035,10.0,60,0,0.0,0.0,0.0,ok,1180.099320217241,15219.689874782807,1180.099320217241,,1
5m,300,btc-up-or-down-5m,btc-updown-5m,btc-updown-5m-1776610800,0xb80b5a5ac6f273ab8ce0dbd4b42ab5f00b824bdaf135c5d00ce1b340822c4cf4,Down,already_winner_assist,1,0,1.1093472797710486,-1.801821949355048,-190.607835421,190.607835421,0.0,,10.0,60,0,0.0,0.0,0.0,truncated_http_400_at_offset_3500,595.5698708504608,15132.612548149556,595.5698708504608,,1
5m,300,btc-up-or-down-5m,btc-updown-5m,btc-updown-5m-1776612300,0x7ac8d4514175518c09c4f057821573f2bf4e4756c0e1af0654f255a1930306a4,Down,already_winner_assist,1,0,3.141177483631453,-0.013159184683449949,-4.979797946,9.338727746,,1.1053096983759252,10.0,60,0,0.0,0.0,0.0,truncated_http_400_at_offset_3500,571.2295653641473,7318.540223635852,571.2295653641473,,1
5m,300,btc-up-or-down-5m,btc-updown-5m,btc-updown-5m-1776615300,0x5280fb05909d0aae0f9456ac7affa7d735abfdb60f9def8e88393d99ba97a698,Down,already_winner_assist,1,0,8.119238206145026,1.8637936979727732,-21.639793757000003,21.639793757000003,,1.877010852518739,10.0,60,0,0.0,0.0,0.0,truncated_http_400_at_offset_3500,758.5536346018251,23906.686934398123,758.5536346018251,,1
5m,300,btc-up-or-down-5m,btc-updown-5m,btc-updown-5m-1776615600,0x8500a1235d7bbc2ad72cd81638503da50f47cb5825064b2538eb16f6de8e6be4,Up,already_winner_assist,1,0,1.781816407800195,-1.9693664453216613,180.61169967399996,481.944774554,-0.0,,10.0,60,0,0.0,0.0,0.0,truncated_http_400_at_offset_3500,1639.151177021398,18855.338859978645,1639.151177021398,,1
5m,300,btc-up-or-down-5m,btc-updown-5m,btc-updown-5m-1776616500,0xb0c3fe8c8b1ff76cf912a6e3255440f2cd0a2560af6fbd4da3c83792e8875bbc,Down,already_winner_assist,1,0,5.879328712365657,-0.0,-591.6255737969999,922.3558928369999,,,10.0,60,0,0.0,0.0,0.0,truncated_http_400_at_offset_3500,619.3856328946732,15666.809602105366,619.3856328946732,,1
5m,300,btc-up-or-down-5m,btc-updown-5m,btc-updown-5m-1776617700,0x01ceebc637721a814a4a99e31144667dff1d4480c3725813629110322174fdd8,Down,already_winner_assist,1,0,3.5048150838296217,0.013263470215144452,24995.408047650002,24995.408047650002,-11.74507356244951,,10.0,60,1,0.03315258501553877,49.990816095300005,50.02396868031554,truncated_http_400_at_offset_3500,3153.1663534953427,14734.378042504653,3103.142384815027,63.033110660332625,1
5m,300,btc-up-or-down-5m,btc-updown-5m,btc-updown-5m-1776620400,0xb44aafe737076355fa2574757b8fb652c4fe266f377fd45296c8df6a26eb0654,Down,already_winner_assist,1,0,2.8717530950279895,1.7284131216288239,4907.5283405519995,4907.5283405519995,0.0,,10.0,60,1,0.8482236378575404,9.815056681103998,10.663280318961538,truncated_http_400_at_offset_3500,1378.01873282121,6193.218094178796,1367.3554525022485,129.2302829524987,1
5m,300,btc-up-or-down-5m,btc-updown-5m,btc-updown-5m-1776623700,0xbe28d80e2e8d058f75029cfb05fb8612c29e4a05539b4558e7877411d4a40498,Up,already_winner_assist,1,0,4.920716877015771,-0.013373051296524078,-67.56194532299999,71.523646677,,3.638134105368343,10.0,60,0,0.0,0.0,0.0,truncated_http_400_at_offset_3500,818.054479874727,30324.76800212523,818.054479874727,,1
5m,300,btc-up-or-down-5m,btc-updown-5m,btc-updown-5m-1776624300,0x64bf80d5325a386716f779efa6a2e6bba9005d1fe5364de2100c4e21b9572d87,Up,other,0,0,1.2173106162173357,0.0,98.039893792,98.039893792,,,10.0,60,0,0.0,0.0,0.0,truncated_http_400_at_offset_3500,6785.793009598747,4972.970490401239,6785.793009598747,,1
5m,300,btc-up-or-down-5m,btc-updown-5m,btc-updown-5m-1776626100,0x0b6a4a6d2346787d9d5a088a1b9ac50aeb362d6dfb32723008342c6586c0f4b0,Up,already_winner_assist,1,0,9.212521227013742,0.8395326606436367,460.16857275899997,460.16857275899997,,,10.0,60,1,0.03863265462329482,0.920337145518,0.9589698001412948,truncated_http_400_at_offset_3500,2389.0417194242636,33044.639552575616,2388.0827496241222,2491.2585558713754,1
5m,300,btc-up-or-down-5m,btc-updown-5m,btc-updown-5m-1776631500,0x4249e9d302c935e7ebb415f004fd9af5527b54654559ee33387ecdd1e501af9f,Down,already_winner_assist,1,0,1.7073452846891792,-2.629997009450217,29.343526674,29.343526674,0.013416578731673748,1.8915599590332588,10.0,60,0,0.0,0.0,0.0,truncated_http_400_at_offset_3500,1658.1827387925043,28807.337098207452,1658.1827387925043,,1
5m,300,btc-up-or-down-5m,btc-updown-5m,btc-updown-5m-1776632400,0x996dc5a85845bb96ab3630bf3b42b4ca9c6ddf5cca46a2d931bfd78c5f2aed87,Up,already_winner_assist,1,0,6.101187474845874,0.0,2.268192564,2.268192564,-0.0,-2.3421194146295528,10.0,60,0,0.0,0.0,0.0,truncated_http_400_at_offset_3500,1418.4133321180689,18278.935249881903,1418.4133321180689,,1
5m,300,btc-up-or-down-5m,btc-updown-5m,btc-updown-5m-1776636900,0xd30ce6ccc10523af54f3b69a3cd4bf09a33168f45a216821a3e641012a696398,Up,already_winner_assist,1,0,3.5955861946148473,-2.9289790288003967,1620.2271698319998,1620.2271698319998,2.727286245594607,,10.0,60,0,0.0,0.0,0.0,truncated_http_400_at_offset_3500,3997.8366290411705,11311.590025958845,3997.8366290411705,,1
5m,300,btc-up-or-down-5m,btc-updown-5m,btc-updown-5m-1776640200,0xd601036371553bdbfe6ba0dcb02048089d7e2943198e321c8f9f12a0dcb5f1e1,Up,already_winner_assist,1,0,9.28863120065831,0.4997059164191933,-53.63861240400001,148.370566968,,15.908300200825582,10.0,60,0,0.0,0.0,0.0,truncated_http_400_at_offset_3500,512.1880318287798,18802.920555171193,512.1880318287798,,1
5m,300,btc-up-or-down-5m,btc-updown-5m,btc-updown-5m-1776640800,0x6050eb00df2a435a010e97779eeb396328319f727a1de66b4b9834a509e434ae,Down,already_winner_assist,1,0,8.27049226538095,-0.0,-11.603461799999998,11.603461799999998,-0.013530454005960632,0.0,10.0,60,0,0.0,0.0,0.0,truncated_http_400_at_offset_3500,771.0803562391067,18170.06759276089,771.0803562391067,,1
5m,300,btc-up-or-down-5m,btc-updown-5m,btc-updown-5m-1776646500,0x78a3964f6cb0f316269b50fbfd6d4ae50b9f5ae7752117e4f6d9c476cd072244,Down,already_winner_assist,1,0,2.4490597530590423,-0.0,-2413.4975901670005,2616.273621157,,,10.0,60,0,0.0,0.0,0.0,truncated_http_400_at_offset_3500,4604.802442852763,6364.28849614727,4604.802442852763,,1
5m,300,btc-up-or-down-5m,btc-updown-5m,btc-updown-5m-1776647100,0xc9f029f628e333e7439523aced2f870609f7c0170e31686087104fa137155f9d,Up,already_winner_assist,1,0,1.1590871537060896,-2.8379268260911057,-430.535281537,430.535281537,3.8210407957360415,2.6369002045713352,10.0,60,0,0.0,0.0,0.0,truncated_http_400_at_offset_3500,442.92043140822244,11324.591232591776,442.92043140822244,,1
5m,300,btc-up-or-down-5m,btc-updown-5m,btc-updown-5m-1776647400,0x325a819bdce846610239a473876a560d4a5f8c9197cd6337673702f520b99a02,Up,already_winner_assist,1,0,9.245741355698286,2.137764833841449,217.826390857,217.826390857,,,10.0,60,1,0.04656615982566971,0.43565278171400007,0.48221894153966977,truncated_http_400_at_offset_3500,381.40624669545286,25267.06435330454,380.9240277539132,790.9399939323546,1
5m,300,btc-up-or-down-5m,btc-updown-5m,btc-updown-5m-1776648300,0x0967e4977938f80b5d67fc37c871aeafe64020715bd67120d5dd0b65cfe2518f,Up,already_winner_assist,1,0,9.007436653374002,0.0,27.86537975,27.86537975,,-6.1600208537246965,10.0,60,0,0.0,0.0,0.0,ok,219.26553028329258,15555.878424716702,219.26553028329258,,1
5m,300,btc-up-or-down-5m,btc-updown-5m,btc-updown-5m-1776651300,0xbfbfed7024b722075da477f76cc1275d9a0b38257698af5608d2af882d498a5e,Down,other,0,0,2.3823779955197604,0.8061655545944951,57.01799944199999,57.01799944199999,,,10.0,60,1,0.004596594714202853,0.114035998884,0.11863259359820286,truncated_http_400_at_offset_3500,8592.597000880167,4234.351385119836,8592.47836828657,72430.32239506171,1
5m,300,btc-up-or-down-5m,btc-updown-5m,btc-updown-5m-1776651600,0x871e49e67532d1192b75885a128ed9cea6ec3beb40b6250c25441d5d359ba443,Up,already_winner_assist,1,0,9.32780381743974,0.0,-46.36530345100002,104.928289487,,,10.0,60,0,0.0,0.0,0.0,truncated_http_400_at_offset_3500,729.4328618751481,33754.1371731249,729.4328618751481,,1
5m,300,btc-up-or-down-5m,btc-updown-5m,btc-updown-5m-1776651900,0xde21fe12f7c8320fdf556e49cbf5497a8c2c8fb59db4b5d90742d333d73edef7,Up,already_winner_assist,1,0,1.3447525912293,-0.013425062309543843,-2783.9051504799995,2803.7069340639996,,,10.0,60,0,0.0,0.0,0.0,truncated_http_400_at_offset_3500,7100.888306030261,7794.048070969747,7100.888306030261,,1
5m,300,btc-up-or-down-5m,btc-updown-5m,btc-updown-5m-1776652800,0x1ebb05a06b44ac698e7f5b75ca92b163e6cb92463547d988f47f6567f1d21014,Up,already_winner_assist,1,0,1.5654791271334911,0.4694914402522177,882.3245506300001,882.3245506300001,0.013413735262808693,,10.0,60,1,0.04142438240451695,1.7646491012600003,1.8060734836645171,truncated_http_400_at_offset_3500,8209.863313562719,8951.753210437277,8208.057240079053,4545.697275232087,1
5m,300,btc-up-or-down-5m,btc-updown-5m,btc-updown-5m-1776658800,0xd15d691512909c3432c89456b987aaf9dedb5b2c8f50664d2ed311696945907a,Down,flip,0,1,1.4819955127071105,0.3624231612956663,233051.85223035098,233054.28987035097,,,10.0,60,1,8.446338903113428,466.103704460702,474.5500433638154,truncated_http_400_at_offset_3500,10102.649049247671,5353.107697752332,9628.099005883856,21.288901329848667,1
5m,300,btc-up-or-down-5m,btc-updown-5m,btc-updown-5m-1776659400,0x0a0b83ecb02ec2a13cb6655f0d200419531b9dd440c76924bc156558cd7a660a,Up,other,0,0,1.5233961868957162,1.7983873613775019,145935.176216316,145935.176216316,,,10.0,60,1,26.244797648782132,291.870352432632,318.11515008141413,truncated_http_400_at_offset_3500,5300.157487982843,1116.8404740171536,4982.042337901429,16.661128797626873,1
5m,300,btc-up-or-down-5m,btc-updown-5m,btc-updown-5m-1776667800,0x2ded30b6b3fb86341bbd58c941b5b595abeca2ea8c991d176d8b6bf11e2dfc1f,Down,already_winner_assist,1,0,7.110628795220264,-0.0,-2.8447718639999997,2.8447718639999997,-1.3513631059626818,,10.0,60,0,0.0,0.0,0.0,ok,827.2104364704096,14805.227804529597,827.2104364704096,,1
5m,300,btc-up-or-down-5m,btc-updown-5m,btc-updown-5m-1776676800,0x57e62fc6b02ca2e3b2560738191705c059495feb9a0eca02169a92c40fb97cbc,Up,already_winner_assist,1,0,4.508748141934776,0.0,1.2735111360000002,1.2735111360000002,,,10.0,60,0,0.0,0.0,0.0,truncated_http_400_at_offset_3500,4688.075061454054,5696.10034454594,4688.075061454054,,1
5m,300,btc-up-or-down-5m,btc-updown-5m,btc-updown-5m-1776683400,0x1df4fe92a524f9e3f244e7723b481c1c5bb7c8422399f98ba65852e6197f38f8,Down,already_winner_assist,1,0,0.49416800958174484,-0.0,-162.55814688,162.55814688,,5.252258093037356,10.0,60,0,0.0,0.0,0.0,ok,1475.4355888457521,3577.4941621542443,1475.4355888457521,,1
5m,300,btc-up-or-down-5m,btc-updown-5m,btc-updown-5m-1776686100,0x06882f43a39d8c919402c57aea852669c7a764f81f16c723a661ef3b35d7d714,Down,already_winner_assist,1,0,1.1216404649068559,-1.4625034095758402,-545.0629719579999,1332.601846202,,-6.077438992104389,10.0,60,0,0.0,0.0,0.0,truncated_http_400_at_offset_3500,600.5102148930374,5059.1285151069715,600.5102148930374,,1
5m,300,btc-up-or-down-5m,btc-updown-5m,btc-updown-5m-1776692400,0x6e7a7622ac5208e9aaf42eb4f8a608c80c6ed68886b9590e46db01646cb9cc60,Down,flip,0,1,2.554633761959058,2.935880263744395,168.564081837,172.640412573,-1.993170077156957,,10.0,60,1,0.049488396104144336,0.337128163674,0.38661655977814435,truncated_http_400_at_offset_3500,4217.746477419449,10078.830343580563,4217.35986085967,10909.37873907873,1
5m,300,btc-up-or-down-5m,btc-updown-5m,btc-updown-5m-1776695400,0x15ff0a8cdd985736635b199ac4390c8d24504055a2c818950b1b86202f745e2e,Down,already_winner_assist,1,0,4.572883037876941,-2.938400816364158,-274.188575446,274.188575446,,,10.0,60,0,0.0,0.0,0.0,truncated_http_400_at_offset_3500,2426.0759584415628,19511.695066558426,2426.0759584415628,,1
5m,300,btc-up-or-down-5m,btc-updown-5m,btc-updown-5m-1776701700,0x41538825bb8545dd906a70c8f85ffa6f7a505b8ff1f3c7d02c46616e98db14c3,Up,already_winner_assist,1,0,0.4548365977694761,0.053017982375229304,980.8019031270001,980.8019031270001,,,10.0,60,1,0.005200013801357865,1.961603806254,1.966803820055358,ok,0.0,0.0,-1.966803820055358,0.0,0
5m,300,btc-up-or-down-5m,btc-updown-5m,btc-updown-5m-1776703200,0x9c4c4064cb24cc1667cd88de49ef273ca69d8a110396b5591a05cbb44e955871,Up,already_winner_assist,1,0,8.647042056212513,-0.013242393404670033,-31.3825237,31.3825237,-0.45023153826543283,-0.8872015880094816,10.0,60,0,0.0,0.0,0.0,truncated_http_400_at_offset_3500,201.1677639235648,11211.46605507645,201.1677639235648,,1
5m,300,btc-up-or-down-5m,btc-updown-5m,btc-updown-5m-1776703800,0xf0eb1eabb048cee31a7b7c1fd7ab8c750d82156aa9cd493bb0ff07beea6befee,Up,already_winner_assist,1,0,2.941871527132444,0.8356363076905671,349.0281666839999,353.931837972,,,10.0,60,1,0.02916606084878255,0.6980563333679999,0.7272223942167825,truncated_http_400_at_offset_3500,3186.5243639889864,9882.870426011033,3185.7971415947695,4381.774254106776,1
5m,300,btc-up-or-down-5m,btc-updown-5m,btc-updown-5m-1776706800,0x33af5383f66a03b7a8a29233e17cea19cbece19625bd3e77528e1656f208de12,Down,already_winner_assist,1,0,1.6842793742340232,-0.0,-39.024165483000004,39.024165483000004,0.0,,10.0,60,0,0.0,0.0,0.0,truncated_http_400_at_offset_3500,7484.595829370193,5405.894269629805,7484.595829370193,,1
5m,300,btc-up-or-down-5m,btc-updown-5m,btc-updown-5m-1776708600,0x07543d4a6ce999746d1bc76ddda4d979a6471b2c41aa872b56ddc8133c85c00b,Down,flip,0,1,1.5053978280551796,0.8516565051725989,-16076.239689531,21327.286446403,-1.6773202751340583,-1.6773202751340583,10.0,60,0,0.0,0.0,0.0,truncated_http_400_at_offset_3500,4508.584518753184,10682.823886246822,4508.584518753184,,1
5m,300,btc-up-or-down-5m,btc-updown-5m,btc-updown-5m-1776708900,0xa771eb6819d287a4a5ee44047293a76c3808cf4da9a9f67ff8314fd7c14cbf5e,Down,already_winner_assist,1,0,1.847563976489507,-1.0092252369923063,-6.510653676000004,200.051758324,-0.05242477699706235,-5.76837374079683,10.0,60,0,0.0,0.0,0.0,truncated_http_400_at_offset_3500,5134.729884779849,9414.821176220139,5134.729884779849,,1
5m,300,btc-up-or-down-5m,btc-updown-5m,btc-updown-5m-1776709800,0xd0ed07d44b2d8194c5d97393237cf913340adb29d6fd68a2b85757e6fbb97950,Up,already_winner_assist,1,0,4.392582167886192,2.7178640644458887,3367.1636010019993,3457.9032834659993,2.4946299936629206,,10.0,60,1,0.9151492950273549,6.734327202004,7.649476497031355,truncated_http_400_at_offset_3500,4310.905323486676,9561.343921513324,4303.255846989645,563.5556008518587,1
5m,300,btc-up-or-down-5m,btc-updown-5m,btc-updown-5m-1776711600,0xcb3dc1946763bcec71f9d0d274db12d4cd638c06f634115330a29903b9026636,Down,already_winner_assist,1,0,1.7525481379505812,-1.3607062086213146,-73.114040699,73.114040699,-1.3607062086221529,1.3474400295090412,10.0,60,0,0.0,0.0,0.0,truncated_http_400_at_offset_3500,301.1425008699256,13854.967380130087,301.1425008699256,,1
5m,300,btc-up-or-down-5m,btc-updown-5m,btc-updown-5m-1776713400,0xa0939346c143388f72e3d149a664557f441eb1181600946a5c02f21af869bd1b,Up,other,0,0,2.183460746013348,0.013117584057428442,82.87355967700002,102.87265606700001,-0.0,,10.0,60,1,0.000108710088520136,0.16574711935400002,0.16585582944252017,truncated_http_400_at_offset_3500,8932.422984195471,6457.1541288045255,8932.257128366029,53856.55128444633,1
5m,300,btc-up-or-down-5m,btc-updown-5m,btc-updown-5m-1776714600,0xe20a77071eccf56bb3f110fb4c4f2aed0767eba755479a9135b3e05098a13689,Down,already_winner_assist,1,0,3.0140691528569996,-0.0,250.584682944,250.584682944,,,10.0,60,0,0.0,0.0,0.0,truncated_http_400_at_offset_3500,2388.0023342221534,8919.021646777846,2388.0023342221534,,1
5m,300,btc-up-or-down-5m,btc-updown-5m,btc-updown-5m-1776718200,0xe4eaa6985f297161fe3c43eedc8ec09e2f7dfa2812616b505ebbf431c5ba1de7,Up,already_winner_assist,1,0,1.803817992668974,-0.1965520833598924,9649.033341956001,9664.296641956,-0.23586203644319806,,10.0,60,0,0.0,0.0,0.0,ok,943.5340372016732,8723.66850679834,943.5340372016732,,1
5m,300,btc-up-or-down-5m,btc-updown-5m,btc-updown-5m-1776723000,0x24bede1246e55e8a9444fe7124d250630c92db8adeed784438d71c6a64297229,Up,already_winner_assist,1,0,2.338391982546294,-0.026279724010156293,104.7193792,104.7193792,0.052559655207566176,,10.0,60,0,0.0,0.0,0.0,truncated_http_400_at_offset_3500,2801.1950872324696,4678.251148767523,2801.1950872324696,,1
5m,300,btc-up-or-down-5m,btc-updown-5m,btc-updown-5m-1776724500,0xdf655b25c0871243be85b9f8449214a3eb166fa2c656a8b98876b77a5d06340e,Down,already_winner_assist,1,0,2.9628984884783205,-0.35510873235726226,-1877.4642151199998,1877.4642151199998,-0.013151950399907759,,10.0,60,0,0.0,0.0,0.0,truncated_http_400_at_offset_3500,1712.9817215561557,17485.762278443854,1712.9817215561557,,1
5m,300,btc-up-or-down-5m,btc-updown-5m,btc-updown-5m-1776724800,0xc2e20b322ffe4c358412e3aed5e617c851a0a83cd282440314860c4ce1e23967,Down,already_winner_assist,1,0,1.87129496637084,0.013157280154673087,6708.4945296,6708.4945296,0.0,0.013157280153868384,10.0,60,1,0.008826554194203903,13.416989059199999,13.425815613394203,ok,296.17635124897623,13225.27603475103,282.750535635582,22.060212934363353,1
5m,300,btc-up-or-down-5m,btc-updown-5m,btc-updown-5m-1776725400,0x2f4c00591eacc484664e6dab7113cf86d46e2432cbd5ec85f5e828d042f7a7b6,Up,already_winner_assist,1,0,3.9384047901505914,1.0001250164623388,594.642694412,600.061088002,0.22370349024401445,,10.0,60,1,0.059471703453801095,1.1892853888239998,1.2487570922778009,truncated_http_400_at_offset_3500,1435.6519818627305,16000.60640413726,1434.4032247704527,1149.6647272241098,1
5m,300,btc-up-or-down-5m,btc-updown-5m,btc-updown-5m-1776726300,0x1eeb4a987451c4629f9af280a606609a26287ce91fa397bba669c24cb2693955,Down,already_winner_assist,1,0,5.798837126908407,0.4221914374942828,-716.7857108090001,918.0527175190001,-0.013193769636446693,,10.0,60,0,0.0,0.0,0.0,ok,382.8836461372628,16238.421301862732,382.8836461372628,,1
5m,300,btc-up-or-down-5m,btc-updown-5m,btc-updown-5m-1776726600,0xfc7e24f698142a72aa6ab41d79530c50ce9fd5a033938a1b16b3ae4c96df0721,Down,already_winner_assist,1,0,1.6100892067104027,-0.0,-180.52524472299993,552.635484109,-2.08522224869444,-3.444810150455521,10.0,60,0,0.0,0.0,0.0,truncated_http_400_at_offset_3500,3705.0724715423585,7873.998118457654,3705.0724715423585,,1
5m,300,btc-up-or-down-5m,btc-updown-5m,btc-updown-5m-1776726900,0xfc32dc6983fd732acb024bd510ba8a72119021063c895f2339a12f7a0809af71,Down,already_winner_assist,1,0,5.987679657514697,-0.0,-578.90020572,578.90020572,-0.013203838885182331,,10.0,60,0,0.0,0.0,0.0,ok,303.17802572145206,12879.28680927855,303.17802572145206,,1
5m,300,btc-up-or-down-5m,btc-updown-5m,btc-updown-5m-1776727200,0x5a84281f4d1f2955f14a3aac2abe348c674a7d01dec1abd376b48f11dfd26eec,Up,already_winner_assist,1,0,5.935351265373786,-0.013198715238017628,-11326.28502015,11403.18497985,-0.013198715236808493,1.4651656884393558,10.0,60,0,0.0,0.0,0.0,ok,933.2364995556127,17093.203316444356,933.2364995556127,,1
5m,300,btc-up-or-down-5m,btc-updown-5m,btc-updown-5m-1776735000,0x190956063cb90f9320da685cc8a51dc0e3f8917d383cabbde3145d4e11f58709,Down,already_winner_assist,1,0,0.4854627397837781,0.013130864162752309,100.00553822399999,100.00553822399999,0.013130864163666735,,10.0,60,1,0.00013131591379422774,0.200011076448,0.20014239236179424,truncated_http_400_at_offset_3500,3969.478624088361,7697.329400911653,3969.2784816959993,19833.272587812367,1
5m,300,btc-up-or-down-5m,btc-updown-5m,btc-updown-5m-1776749400,0x73b6dd05e5d4531925f4b71e9832edfea79fb09049295123d3bd2f3f7df7e6bd,Down,already_winner_assist,1,0,4.728382946119487,0.039525561508539656,760.202569632,764.047668698,,,10.0,60,1,0.0030047433424939514,1.520405139264,1.523409882606494,truncated_http_400_at_offset_3500,2076.1675417439883,10556.08421325603,2074.644131861382,1362.8423744972351,1
5m,300,btc-up-or-down-5m,btc-updown-5m,btc-updown-5m-1776752400,0x04a77d6650aa5c00bad3dc56246c63f65919883c567db1f341d27c56adab2c8a,Down,other,0,0,2.590451271977134,-0.013196921158736519,1338.229426921,1350.630812519,,-0.01319692115854074,10.0,60,0,0.0,0.0,0.0,truncated_http_400_at_offset_3500,8176.696579604502,32124.6325733954,8176.696579604502,,1
5m,300,btc-up-or-down-5m,btc-updown-5m,btc-updown-5m-1776755400,0xb1c38242b53a2dcca9aed24988c1a04c6276dd6f39584186a848ff19db3e45f3,Up,already_winner_assist,1,0,7.364716676374951,0.0,97.560812355,97.560812355,,0.9870869295993355,10.0,60,0,0.0,0.0,0.0,ok,624.4697457342475,15711.479211265754,624.4697457342475,,1
5m,300,btc-up-or-down-5m,btc-updown-5m,btc-updown-5m-1776759000,0x004a81e30303a2a2ab93e9c230e1084dc64de285608deb92b76ae5690a5910f4,Down,already_winner_assist,1,0,3.6837214221452053,-1.6940349655184497,-0.970989,0.970989,,0.0,10.0,60,0,0.0,0.0,0.0,truncated_http_400_at_offset_3500,686.1899570556279,18014.285445944388,686.1899570556279,,1
5m,300,btc-up-or-down-5m,btc-updown-5m,btc-updown-5m-1776760200,0x66ac453dd603933450fa177a0d55c94e4b19e9165df946c7ac214e3781fb1928,Down,already_winner_assist,1,0,3.1000368051442115,-0.0,4.488951602999999,4.488951602999999,0.0,-1.624110181108055,10.0,60,0,0.0,0.0,0.0,truncated_http_400_at_offset_3500,598.1394940205499,15246.575105979467,598.1394940205499,,1
5m,300,btc-up-or-down-5m,btc-updown-5m,btc-updown-5m-1776773100,0x5d3c25102b91556ebf4b35fd5a9f289894a73ae84f95d2ce4fc9e6835972e614,Up,already_winner_assist,1,0,5.994060752808615,0.0,-1.7080069340000001,1.7080069340000001,-0.013079563638234433,4.2386795839680715,10.0,60,0,0.0,0.0,0.0,truncated_http_400_at_offset_3500,862.8527855297402,12467.65697047026,862.8527855297402,,1
5m,300,btc-up-or-down-5m,btc-updown-5m,btc-updown-5m-1776775500,0xf4c0604b2bb6099342e037f010dd847b1f62f332bd29f2352f544429d26ca3a9,Down,flip,0,1,6.784343927553493,6.842998291260664,1289.558908664,1289.558908664,0.013189471374450241,,10.0,60,1,0.8824449408467719,2.579117817328,3.461562758174772,truncated_http_400_at_offset_3500,7224.729183725383,6824.844494274625,7221.267620967208,2087.1293367897424,1
5m,300,btc-up-or-down-5m,btc-updown-5m,btc-updown-5m-1776777600,0x22cdb45574ea39e1770285b0329a06c0769e10d162f3311372704210a94342d2,Up,other,0,0,0.9033895667897958,0.013145968230692482,73.41114913999999,73.41114913999999,-3.154532695287311,,10.0,60,1,9.650606343730676e-05,0.14682229827999999,0.1469188043434373,truncated_http_400_at_offset_3500,6470.371434716729,6229.636518283268,6470.224515912385,44040.458017828634,1
5m,300,btc-up-or-down-5m,btc-updown-5m,btc-updown-5m-1776780300,0x2208217e66cc24bab462e98ff38c741d0b25373b2efd29ac5d03ce584167d1ab,Up,already_winner_assist,1,0,4.82164521174733,0.0,22.346997624,22.346997624,-0.0,,10.0,60,0,0.0,0.0,0.0,truncated_http_400_at_offset_3500,3322.8509505810457,23921.202275418942,3322.8509505810457,,1
5m,300,btc-up-or-down-5m,btc-updown-5m,btc-updown-5m-1776787800,0x9f24b73ccc49dd4988122c95322922c52d1ab7d071a8b3a9d1cb858de93dae93,Up,already_winner_assist,1,0,0.32207325054310587,0.6580679128463596,390.380570992,390.380570992,,,10.0,60,1,0.025689692756847553,0.780761141984,0.8064508347408476,truncated_http_400_at_offset_3500,17734.829005562824,4845.358480437181,17734.022554728082,21991.209186685137,1
5m,300,btc-up-or-down-5m,btc-updown-5m,btc-updown-5m-1776792600,0x51060cf6757939d9b3eabfd3e927a03f37fd466d4d226e720b2b8718553d336d,Up,already_winner_assist,1,0,0.63649742165592,0.0,269.77727014799996,269.77727014799996,,,10.0,60,0,0.0,0.0,0.0,truncated_http_400_at_offset_3500,4344.498424244328,14214.222154755676,4344.498424244328,,1
5m,300,btc-up-or-down-5m,btc-updown-5m,btc-updown-5m-1776795900,0xef60bec4cf1102a2cce56419b82a1e80b507c5084ae0658610fe426e69fec9e3,Up,already_winner_assist,1,0,2.410847249169282,0.0,31899.473900713,31899.473900713,-1.9735321587564418,-3.1256829408105324,10.0,60,0,0.0,0.0,0.0,truncated_http_400_at_offset_3500,9634.304714448495,8025.612816551495,9634.304714448495,,1
5m,300,btc-up-or-down-5m,btc-updown-5m,btc-updown-5m-1776799500,0x40253a2267a759fbe6ff53131893d94caadd35ede77ce35244f06681f1906c65,Down,already_winner_assist,1,0,7.308076176323405,-0.8179754057829471,-198.035838,198.035838,,,10.0,60,0,0.0,0.0,0.0,truncated_http_400_at_offset_3500,851.392286674307,15996.292859325722,851.392286674307,,1
5m,300,btc-up-or-down-5m,btc-updown-5m,btc-updown-5m-1776805800,0xdb286d12278eeec773b645e3d14bffc05ae6dd67d90828ca07dd9f655a181683,Down,already_winner_assist,1,0,6.003669341717169,-0.01322715455454694,-118.00958595300001,118.00958595300001,-0.39682224749457495,,10.0,60,0,0.0,0.0,0.0,ok,207.88616616534276,10873.380712834656,207.88616616534276,,1
5m,300,btc-up-or-down-5m,btc-updown-5m,btc-updown-5m-1776807900,0xacc66d22c590a0660c19a2fd24402114ebd4b9c2a37b7abb1028d17223ea7e13,Up,already_winner_assist,1,0,6.039133488806535,0.03971918535905713,51.100847423999994,51.100847423999994,-0.013239693396793862,,10.0,60,1,0.0002029684030838753,0.10220169484799999,0.10240466325108386,ok,136.93722702923964,11058.665851970762,136.83482236598854,1337.2167114449283,1
5m,300,btc-up-or-down-5m,btc-updown-5m,btc-updown-5m-1776809100,0x2b335f1040bdd5673ae672d366ff6673857ca118285009b9386b7b965e3ace29,Down,already_winner_assist,1,0,5.875452151215429,-0.0,-678.507515247,801.1965421770001,0.0,,10.0,60,0,0.0,0.0,0.0,truncated_http_400_at_offset_3500,2935.569627381649,14360.10255661836,2935.569627381649,,1
5m,300,btc-up-or-down-5m,btc-updown-5m,btc-updown-5m-1776809400,0x3b3204883e23be9a7f74ab4aaa8092d2e23364c6c216a9569339c6e1435bb5e5,Up,already_winner_assist,1,0,6.54023771345749,0.013231705017417517,101.290112264,101.290112264,1.5746958322300402,,10.0,60,1,0.00013402408866583523,0.202580224528,0.20271424861666584,ok,191.5371552854075,11850.838429714597,191.33444103679082,944.8628135045686,1
5m,300,btc-up-or-down-5m,btc-updown-5m,btc-updown-5m-1776816900,0x564c2ea6f0c07cd0dcaf7fff7b4ff6f1237fd75df0197227f7da755c44228b0e,Down,already_winner_assist,1,0,5.941333162668575,-0.0,-46.59731323500001,46.59731323500001,-0.013089819067131025,,10.0,60,0,0.0,0.0,0.0,truncated_http_400_at_offset_3500,694.98439052024,11424.879697479777,694.98439052024,,1
5m,300,btc-up-or-down-5m,btc-updown-5m,btc-updown-5m-1776824400,0x6c2357e2b23250f90a6aae67d6f1724b443b8850b9d29219c8d0e8c850318782,Down,already_winner_assist,1,0,1.349821376561372,0.0129826208158865,46.9627522,46.9627522,2.790875801425791,12.507429537640103,10.0,60,1,6.096996042830395e-05,0.0939255044,0.0939864743604283,truncated_http_400_at_offset_3500,8675.394784462878,14687.066995537114,8675.300797988519,92304.71558272999,1
5m,300,btc-up-or-down-5m,btc-updown-5m,btc-updown-5m-1776830700,0x4ec46d70c5353a29ddcbd84499c03fb1e321748d2e61814e883c97a5cabab4a0,Down,already_winner_assist,1,0,2.2917766653351688,0.01288866577272912,10.454915625,10.454915625,1.2758973345257352,,10.0,60,1,1.3474991317270838e-05,0.02090983125,0.02092330624131727,truncated_http_400_at_offset_3500,3710.631731266876,6669.777067733123,3710.6108079606347,177344.42580300663,1
5m,300,btc-up-or-down-5m,btc-updown-5m,btc-updown-5m-1776831300,0xbb165487748b2f3beeb8e09617054b8e55ed1e936c9634d30270436a6932874a,Down,already_winner_assist,1,0,5.282817773248258,0.01291189760473649,7.053180252999999,7.053180252999999,,,10.0,60,1,9.10699412144854e-06,0.014106360505999999,0.014115467500121447,truncated_http_400_at_offset_3500,5633.233402371521,7214.349669628469,5633.219286904021,399082.31182021095,1
5m,300,btc-up-or-down-5m,btc-updown-5m,btc-updown-5m-1776833400,0x6d3c84b15471335baba35dcc86aee2aa42ef474921a093d62a0e348663562596,Down,already_winner_assist,1,0,6.851205585273768,-0.012905515495316877,-110.427289356,131.348563356,0.0,,10.0,60,0,0.0,0.0,0.0,truncated_http_400_at_offset_3500,635.6026066366815,14700.373229363317,635.6026066366815,,1
5m,300,btc-up-or-down-5m,btc-updown-5m,btc-updown-5m-1776833700,0xf7fcddf131870d8f1b7c5b635b6448f020eb51688d74c50c91dad1982c06b11a,Up,flip,0,1,6.469365830893021,5.935101135450105,403380.03824240796,403380.03824240796,-3.2241216160025066,,10.0,60,1,239.4101322990422,806.760076484816,1046.1702087838582,ok,3101.829578839605,6292.7120711604075,2055.659370055747,2.964937782395266,1
5m,300,btc-up-or-down-5m,btc-updown-5m,btc-updown-5m-1776834300,0x0f73deeb0f46c29331e59dfc4d1e749a519269d470991785b43c1eb909eeb19d,Up,already_winner_assist,1,0,9.66164258615939,-0.012891656585296125,-4772.9234201379995,4809.997034761999,,,10.0,60,0,0.0,0.0,0.0,truncated_http_400_at_offset_3500,1198.2986158395827,36171.386543160384,1198.2986158395827,,1
5m,300,btc-up-or-down-5m,btc-updown-5m,btc-updown-5m-1776835800,0xe399b9d63e7ac825b51a021de29e4cb8acf212d9211ed3e21634e852e9cd5b54,Down,already_winner_assist,1,0,8.398157618823475,0.012787846431426865,838.443462668,838.443462668,-2.903264402262218,,10.0,60,1,0.0010721886242032169,1.6768869253360001,1.6779591139602033,truncated_http_400_at_offset_3500,2190.4253079141968,14750.218143085784,2188.7473488002365,1305.4104177452252,1
5m,300,btc-up-or-down-5m,btc-updown-5m,btc-updown-5m-1776844200,0x5757c9791d972c4f9f107561013d61a280051b5a0abe9fe1f60cd437c623c974,Down,already_winner_assist,1,0,0.9286231220622871,-0.0,-8.70424068,8.70424068,0.0,0.0,10.0,60,0,0.0,0.0,0.0,truncated_http_400_at_offset_3500,5425.177101466753,7489.479932533235,5425.177101466753,,1
5m,300,btc-up-or-down-5m,btc-updown-5m,btc-updown-5m-1776844500,0x696811dc02298b5bfb5268b7ece1c27d8e82286facd089ec4c462798a889a1d9,Up,flip,0,1,1.9803497758467243,2.320469693989308,215.86548720300001,215.86548720300001,,,10.0,60,1,0.05009093210327983,0.43173097440600006,0.48182190650927986,ok,1050.8712504246637,13228.273363575345,1050.3894285181543,2181.0366781329067,1
5m,300,btc-up-or-down-5m,btc-updown-5m,btc-updown-5m-1776846900,0x710e5eb108710afd6540d07c739ffd0a9d0157dd8e3d037c2845f7746beac223,Up,already_winner_assist,1,0,0.6729725212084819,-0.012821342921045191,467995.149697934,467998.20085842203,-0.012821342921434085,,10.0,60,0,0.0,0.0,0.0,ok,615.3124746289229,13989.160940371074,615.3124746289229,,1
5m,300,btc-up-or-down-5m,btc-updown-5m,btc-updown-5m-1776847500,0x5fc9f1e03ee4ac877f948819794d3a38c84dee0665fb039cb5c767d32f44cf06,Up,already_winner_assist,1,0,5.037390063251414,-0.23083374585274216,-85708.403331093,85708.403331093,,,10.0,60,0,0.0,0.0,0.0,ok,555.220245627597,11855.315397372413,555.220245627597,,1
5m,300,btc-up-or-down-5m,btc-updown-5m,btc-updown-5m-1776850200,0x873d8806c13287fd723b61f245ff0f4e63cebde44cd2ebf9b1cf7ca5ae1158e3,Down,already_winner_assist,1,0,6.412466566979269,0.1920200315350428,-137.61942078599998,137.61942078599998,,0.06400708686550331,10.0,60,0,0.0,0.0,0.0,ok,641.7267571788105,13064.220555821172,641.7267571788105,,1
5m,300,btc-up-or-down-5m,btc-updown-5m,btc-updown-5m-1776851100,0x19e84d315f9949ef4ad5edcaeb607d1fc675c08539ee925c873ee33171885e1a,Down,already_winner_assist,1,0,4.605461277251288,-1.2287764090395001,-78224.344151622,78247.12252167001,0.0,0.0,10.0,60,0,0.0,0.0,0.0,ok,212.48251516986065,9941.89900383014,212.48251516986065,,1
5m,300,btc-up-or-down-5m,btc-updown-5m,btc-updown-5m-1776852900,0x0a151e6c039a2db6b5d2be3475687e854537044c435edaaeaf3a109df8ac064b,Down,already_winner_assist,1,0,2.255534279536388,0.012815690505258413,390.983754389,390.983754389,0.0,0.012815690505705525,10.0,60,1,0.0005010726788833395,0.781967508778,0.7824685814568834,ok,1124.5795726286979,9159.408737371286,1123.797104047241,1437.220099668201,1
5m,300,btc-up-or-down-5m,btc-updown-5m,btc-updown-5m-1776854400,0xf9b8f110bc9ddcd00ce104c8ea4d7ecf945262dda284e913e02cba8964e8381f,Down,already_winner_assist,1,0,2.266253148352132,-0.6272020072519682,4556.4597200690005,6339.211155883,0.0,,10.0,60,0,0.0,0.0,0.0,ok,567.211598541073,10494.460415458925,567.211598541073,,1
5m,300,btc-up-or-down-5m,btc-updown-5m,btc-updown-5m-1776854700,0x954397f3b218a4f72890a4b745f6b189ac6e211e364da002ff40ba29c6c2a855,Down,already_winner_assist,1,0,0.4071339992299673,-0.038397665420254315,11.288207951999999,11.288207951999999,,,10.0,60,0,0.0,0.0,0.0,truncated_http_400_at_offset_3500,3563.5975116543577,6843.744009345642,3563.5975116543577,,1
5m,300,btc-up-or-down-5m,btc-updown-5m,btc-updown-5m-1776861300,0x7ce84bfb43084e5d18df698a2ea2ede0087cb4147b416ffd9ce0c68fb0ddec33,Down,already_winner_assist,1,0,1.1424265627847747,0.012780818548603754,574.250020258,574.250020258,-0.3578695514749608,2.3641734544429847,10.0,60,1,0.0007339385310449528,1.148500040516,1.149233979047045,truncated_http_400_at_offset_3500,2685.374478789989,5984.683859210006,2684.225244810942,2336.6647068830366,1
5m,300,btc-up-or-down-5m,btc-updown-5m,btc-updown-5m-1776862500,0xae0d14dd371fab73e5fbd21d79dff14db7db49e39c229253d1dfaf84ad9eda43,Down,already_winner_assist,1,0,1.099914545739583,-0.01277799322868479,-76.96440362000001,76.96440362000001,0.0,,10.0,60,0,0.0,0.0,0.0,truncated_http_400_at_offset_3500,4804.697710484714,4498.54505951528,4804.697710484714,,1
5m,300,btc-up-or-down-5m,btc-updown-5m,btc-updown-5m-1776862800,0x946c6bf7e22c50cb95613c75b4d7945f57bbadc98559283ba6eb281983528bdb,Up,already_winner_assist,1,0,7.274665752465922,-0.012769035600033354,-7.297335791999999,7.297335791999999,,-3.6129866195469567,10.0,60,0,0.0,0.0,0.0,truncated_http_400_at_offset_3500,553.6822573073788,16323.469953692616,553.6822573073788,,1
5m,300,btc-up-or-down-5m,btc-updown-5m,btc-updown-5m-1776864300,0x5786dd76142593263402efbeaf25740938ee0a813a9371c985e3699dafbe52a0,Down,already_winner_assist,1,0,0.9156845109554559,-0.0,-49261.128901127995,49261.128901127995,-2.7527986960389494,-1.9880563755916867,10.0,60,0,0.0,0.0,0.0,truncated_http_400_at_offset_3500,1360.3708370580418,9648.433552941957,1360.3708370580418,,1
5m,300,btc-up-or-down-5m,btc-updown-5m,btc-updown-5m-1776864900,0x5f1b03ff88c5ead301f7a7048d44bebba356deccc4c27b2ef49a5be60b393612,Up,already_winner_assist,1,0,0.8334402231628091,0.5606774003874738,39.481849183,39.481849183,0.012742319088035801,-1.0065919036469921,10.0,60,1,0.0022136580562414744,0.078963698366,0.08117735642224148,truncated_http_400_at_offset_3500,6450.918433686164,8558.861819313834,6450.837256329742,79466.96859813854,1
5m,300,btc-up-or-down-5m,btc-updown-5m,btc-updown-5m-1776866700,0xa4e8ad05c721b0d7f66b236ec9c4db21186c5a9c2bb8c78a1d9b4b25c30e3892,Down,already_winner_assist,1,0,6.748298158942114,-0.16484272419578733,-44.718849404,53.759783971999994,,,10.0,60,0,0.0,0.0,0.0,truncated_http_400_at_offset_3500,642.7905325751981,17288.127627424783,642.7905325751981,,1
5m,300,btc-up-or-down-5m,btc-updown-5m,btc-updown-5m-1776870300,0x5ace5455ad271b03c898752406d2fd29332e684219c04b89a122cdf098bfe4a2,Up,already_winner_assist,1,0,5.525346265407453,-2.7847854692645613,3033.6207784709995,3241.5791362709997,-0.0,-5.733281093508646,10.0,60,0,0.0,0.0,0.0,truncated_http_400_at_offset_3500,1476.4836286995687,18701.55775230043,1476.4836286995687,,1
5m,300,btc-up-or-down-5m,btc-updown-5m,btc-updown-5m-1776870600,0xd653f745e8b843aa33d1df4250d0790c6922ee0d7c24b2027aea45efe39cdfe8,Down,already_winner_assist,1,0,2.0324773362575392,-1.532193477247408,-22425.786782929,22425.786782929,1.4433394341584749,,10.0,60,0,0.0,0.0,0.0,truncated_http_400_at_offset_3500,5147.617326994979,7047.240695005017,5147.617326994979,,1
5m,300,btc-up-or-down-5m,btc-updown-5m,btc-updown-5m-1776870900,0x79b5b283bfd7631611e7eca0bb9a8f498262fc67ab31e85770e886601194e4c4,Up,already_winner_assist,1,0,4.8238872943784745,-0.7720077584294314,2319.208102838,6318.455243490001,0.012656361434459673,0.6075234183164244,10.0,60,0,0.0,0.0,0.0,truncated_http_400_at_offset_3500,8087.919808283936,12680.96978071605,8087.919808283936,,1
5m,300,btc-up-or-down-5m,btc-updown-5m,btc-updown-5m-1776871800,0x63ae0796520a5a6752d435376dc016bedaf4d206de5d0ea9c40bf901967ea88c,Up,already_winner_assist,1,0,2.155775624547887,0.6699113128402194,-2567.577752001,2904.661877559,-0.0,3.767254512480898,10.0,60,0,0.0,0.0,0.0,truncated_http_400_at_offset_3500,5460.689658901712,8311.282283098291,5460.689658901712,,1
5m,300,btc-up-or-down-5m,btc-updown-5m,btc-updown-5m-1776872400,0xe388a1f83bb4a021c1ced925b8e33592ffd013183a5dd71d4aa60f3a49b999ce,Up,already_winner_assist,1,0,2.1980826874092356,0.4917608000806633,24185.95589477,24190.42098021,-1.096917725336742,-1.3868873604918446,10.0,60,1,1.189370502152773,48.37191178954,49.56128229169278,truncated_http_400_at_offset_3500,7025.387562877855,8306.405183122155,6975.826280586162,141.75152937992922,1
5m,300,btc-up-or-down-5m,btc-updown-5m,btc-updown-5m-1776876900,0xc54111179e26912868eea043b3647697c86f413e495599845e41310e0ba93a2d,Up,already_winner_assist,1,0,4.884354751185076,0.0,-8052.890214174,8152.888766237999,-0.0,,10.0,60,0,0.0,0.0,0.0,truncated_http_400_at_offset_3500,982.9031993472978,14620.479871652717,982.9031993472978,,1
5m,300,btc-up-or-down-5m,btc-updown-5m,btc-updown-5m-1776879600,0x596d737130aa56c9bf7e2474bce0056ecc78bc7303d25cadfc3ec55d5983476c,Down,flip,0,1,2.259546182254172,1.0525401417465663,336.845775182,336.845775182,0.0,,10.0,60,1,0.03545436999567943,0.6736915503640001,0.7091459203596795,truncated_http_400_at_offset_3500,7118.323931272631,2517.580663727358,7117.614785352272,10037.883215434998,1
5m,300,btc-up-or-down-5m,btc-updown-5m,btc-updown-5m-1776881100,0x118a1c7d36c19eeff3a007dc9682fdcf0dda5f7295007acb328263a31c5b1ece,Up,other,0,0,0.5121868501892158,2.6101886199533006,108.262626967,108.262626967,-1.2034982541627188,,10.0,60,1,0.02825858768755127,0.21652525393400002,0.24478384162155128,truncated_http_400_at_offset_3500,6432.9340197988495,1767.1238662011483,6432.6892359572275,26280.05989768109,1
5m,300,btc-up-or-down-5m,btc-updown-5m,btc-updown-5m-1776882000,0xd7c396db288a554bf72a2a511eb5b1db7685591284597690e84c97c4f176fc39,Up,other,0,0,1.476908380328097,0.1645972779453878,186.04299045,186.04299045,-0.2912039320330832,-2.114201045606693,10.0,60,1,0.003062216980888978,0.37208598089999995,0.37514819788088893,truncated_http_400_at_offset_3500,5777.307858686851,4379.042245313143,5776.932710488971,15400.068269876561,1
5m,300,btc-up-or-down-5m,btc-updown-5m,btc-updown-5m-1776885900,0x3c3cce22482d25951683f0131992b291e62d108285d743af9c246dc20b67e619,Up,already_winner_assist,1,0,7.4643130994376445,0.01265362289070781,143.137752848,143.137752848,,-0.0,10.0,60,1,0.00018112111459619296,0.28627550569599997,0.28645662681059614,truncated_http_400_at_offset_3500,1338.2607925000832,14536.221613499927,1337.9743358732726,4671.774597782077,1
5m,300,btc-up-or-down-5m,btc-updown-5m,btc-updown-5m-1776886800,0x6dc9ab4295fa8d8cc8ad534d2149c9ba64645c9847d19f08faa615206a7173f8,Down,already_winner_assist,1,0,1.8113246397121878,-0.0,-15.76596665,15.76596665,0.0,-2.3073051665557673,10.0,60,0,0.0,0.0,0.0,truncated_http_400_at_offset_3500,1954.9154553568887,8202.652600643107,1954.9154553568887,,1
5m,300,btc-up-or-down-5m,btc-updown-5m,btc-updown-5m-1776887400,0xb4cc1f2be455aeb7e53355155f37ddffbacf3d56587c8872866e214f27a57e1f,Up,already_winner_assist,1,0,1.0111680953654758,0.02534311408569822,-1.16718243,1.16718243,2.699402535961128,2.737427494276398,10.0,60,0,0.0,0.0,0.0,truncated_http_400_at_offset_3500,6839.540663367304,5516.724814632665,6839.540663367304,,1
5m,300,btc-up-or-down-5m,btc-updown-5m,btc-updown-5m-1776887700,0x778bfd7792b6e215946333752c472786b9e8ba7924c473e5dc38432884f2a193,Down,already_winner_assist,1,0,5.4461294943875425,0.012676223270701949,7654.768659800001,7654.768659800001,1.9899703027734044,,10.0,60,1,0.009703355661719674,15.309537319600002,15.319240675261723,truncated_http_400_at_offset_3500,6748.063309140546,12566.837641859456,6732.744068465285,440.4959392039357,1
5m,300,btc-up-or-down-5m,btc-updown-5m,btc-updown-5m-1776893100,0x8a2565267eb0bf3be88926dad30471c5058a4f699a3ede497ca9122b014dd431,Up,already_winner_assist,1,0,1.6050149417280277,0.012722654403555534,19.752965999999997,19.752965999999997,-0.0,,10.0,60,1,2.5131015986318274e-05,0.039505931999999994,0.039531063015986315,ok,1049.5669364636503,7467.532724536346,1049.5274054006343,26550.43543957335,1
5m,300,btc-up-or-down-5m,btc-updown-5m,btc-updown-5m-1776894300,0xb7ea113522fdb2665146e5358621072066ccfe667494466b299fbbf701a25ea4,Up,already_winner_assist,1,0,4.866557055776498,0.0,219.52020004199997,219.52020004199997,,2.563035460049815,10.0,60,0,0.0,0.0,0.0,ok,144.07318048191598,8920.313871518083,144.07318048191598,,1
5m,300,btc-up-or-down-5m,btc-updown-5m,btc-updown-5m-1776895500,0xf340316eee8a9dcf09c70f402b8363573f0ae532bb0836ded1c3570f27e266f6,Up,already_winner_assist,1,0,8.89093191956072,0.012684230521663264,43.97904570400001,43.97904570400001,,-0.0,10.0,60,1,5.578403538323006e-05,0.08795809140800002,0.08801387544338325,ok,216.90266548369684,10346.440136516307,216.81465160825346,2464.414439098571,1
5m,300,btc-up-or-down-5m,btc-updown-5m,btc-updown-5m-1776895800,0x76a3ebcd0bca98dd372b00ed13755b10deaa0d76094a9e596cdffca2ba585a9e,Down,already_winner_assist,1,0,6.585957737795625,3.6033293122314807,-990.3426355270001,1506.273328469,0.0,,10.0,60,0,0.0,0.0,0.0,ok,1268.4978590285014,4738.750501971495,1268.4978590285014,,1
5m,300,btc-up-or-down-5m,btc-updown-5m,btc-updown-5m-1776897000,0x3c3ed56f33e4ccd7a73bb1e75859a4209a38e4eb089714cfa4ce43b0b8e3dd81,Down,already_winner_assist,1,0,5.712457274623147,2.355594133111796,986.583090066,1006.384508818,,2.355594133112838,10.0,60,1,0.23239893387867763,1.973166180132,2.205565114010678,truncated_http_400_at_offset_3500,2688.12827864011,10770.71188335991,2685.922713526099,1218.7934337390393,1
5m,300,btc-up-or-down-5m,btc-updown-5m,btc-updown-5m-1776899400,0x9dee8df112a0905c82f2ce8c5f27c64c20fe1459f98171eeaf1955dd8126c6ee,Up,already_winner_assist,1,0,2.1206445146467785,0.0,9.756013632,9.756013632,,-0.0,10.0,60,0,0.0,0.0,0.0,ok,746.5723815589331,5577.981599441073,746.5723815589331,,1
5m,300,btc-up-or-down-5m,btc-updown-5m,btc-updown-5m-1776906300,0xa80b130f643e8f3de2fbaebad3bf80f2340bda7f79a3cf740b555282c528607e,Up,already_winner_assist,1,0,4.965115258996393,0.012758429973778634,104.820174264,104.820174264,,,10.0,60,1,0.00013373408531865174,0.209640348528,0.20977408261331867,truncated_http_400_at_offset_3500,2569.1862179640525,7636.91493303596,2568.976443881439,12247.395798173466,1
5m,300,btc-up-or-down-5m,btc-updown-5m,btc-updown-5m-1776914100,0xa58373401590a9699e1e704d700bbb9c92fc7c52777fc29454d4de43d26d4aa8,Down,already_winner_assist,1,0,8.23089312593668,-0.0,-98.03913644699999,98.03913644699999,0.0,,10.0,60,0,0.0,0.0,0.0,truncated_http_400_at_offset_3500,350.8085618621605,12886.915929137835,350.8085618621605,,1
5m,300,btc-up-or-down-5m,btc-updown-5m,btc-updown-5m-1776918300,0xcd6bd51cb6e7295471ff614a78d74566d913eeff82230ab3dd26776ac7112833,Up,already_winner_assist,1,0,1.9205985800059704,-0.012851678138798346,43.84648039199998,103.359292664,-0.012851678139023184,,10.0,60,0,0.0,0.0,0.0,truncated_http_400_at_offset_3500,6704.042704761275,8377.416533238731,6704.042704761275,,1
5m,300,btc-up-or-down-5m,btc-updown-5m,btc-updown-5m-1776918900,0x99c289a1c35d0a8e13d58cde2e04702609952b0c5842f0e82c1f890841d8718a,Down,already_winner_assist,1,0,2.6802782115169803,2.310325496631946,338.912762508,385.828454718,0.012836616188919538,,10.0,60,1,0.07829987963561999,0.677825525016,0.75612540465162,truncated_http_400_at_offset_3500,2318.7832140284663,5737.012962971536,2318.0270886238145,3066.664867710444,1
5m,300,btc-up-or-down-5m,btc-updown-5m,btc-updown-5m-1776921000,0xf8dd8d8821959bec2875bad0424af583616dc550b7010635974ddb2f85c8cf65,Up,already_winner_assist,1,0,3.1580805638685274,0.0,-9.786385851000002,19.590732923,-0.0,,10.0,60,0,0.0,0.0,0.0,truncated_http_400_at_offset_3500,1663.002886248111,6163.216203751898,1663.002886248111,,1
5m,300,btc-up-or-down-5m,btc-updown-5m,btc-updown-5m-1776921300,0x026043cd8ecc77b4fbfad22290a444503c4f7f0b773febccf46e221727d37cd1,Up,flip,0,1,0.10491825669264102,7.296467051373376,307501.102458437,307501.102458437,-2.0635879972419797,,10.0,60,1,224.3671662348974,615.0022049168739,839.3693711517712,ok,28154.710931939127,658.579616060859,27315.341560787358,33.542695146602284,1
5m,300,btc-up-or-down-5m,btc-updown-5m,btc-updown-5m-1776938400,0x24b0178ec074a26848b8224c41e93280f8475915183ddf2c93e490c581236cd8,Down,flip,0,1,4.015637852038807,3.0645618431477812,592.237734577,631.842391581,0.0,-37.3910831324102,10.0,60,1,0.18149491634569576,1.184475469154,1.3659703854996958,truncated_http_400_at_offset_3500,6353.891578751124,4054.1258852488795,6352.525608365624,4651.558808448662,1
5m,300,btc-up-or-down-5m,btc-updown-5m,btc-updown-5m-1776943500,0x42337342d5e30569b38f88a14198ff9363b6ce32c3857b3ca7f304dd453a81ac,Down,already_winner_assist,1,0,2.9406647290745296,-0.012909064034417795,-47.72696251000001,49.83400779,3.0073577233420776,0.9552244978447195,10.0,60,0,0.0,0.0,0.0,ok,499.8871577816623,15684.966343218335,499.8871577816623,,1
5m,300,btc-up-or-down-5m,btc-updown-5m,btc-updown-5m-1776945600,0xb1c81935ffd0508eced488e7cc1d8e99bbbbcf3e45d00e463f4f03876a65288e,Up,already_winner_assist,1,0,8.723951982801584,0.0,-5.296818334000005,44.703083198,-0.0,,10.0,60,0,0.0,0.0,0.0,truncated_http_400_at_offset_3500,1950.0103920643564,18392.13091093565,1950.0103920643564,,1
5m,300,btc-up-or-down-5m,btc-updown-5m,btc-updown-5m-1776945900,0x11755acf5a0783eed0c6752c1b49f6a3fbca43b7a1ee2ff8426a497d43d78173,Up,already_winner_assist,1,0,0.5669387180127065,0.012853627390609348,1.4634010710000003,1.4634010710000003,-0.0,,10.0,60,1,1.8810012089652658e-06,0.0029268021420000003,0.0029286831432089656,truncated_http_400_at_offset_3500,2396.447804777844,7805.441251222156,2396.4448760947007,818268.03638172,1
5m,300,btc-up-or-down-5m,btc-updown-5m,btc-updown-5m-1776946200,0x99ac9f27754f8b739a30660e9324f657073c03e9ba2224cf3eed0260d0bbbee9,Down,already_winner_assist,1,0,6.444941866839577,1.0932595415468582,-2.3510057759999996,2.3510057759999996,-0.012862588324480706,,10.0,60,0,0.0,0.0,0.0,truncated_http_400_at_offset_3500,4024.725694686868,19642.621891313094,4024.725694686868,,1
5m,300,btc-up-or-down-5m,btc-updown-5m,btc-updown-5m-1776948600,0xb2fdf453c8751e7629eea24f9aa15c99a546be318570d2d3212d65ca28de223e,Up,flip,0,1,1.147277848675394,2.458107617003057,495.70908542800004,495.70908542800004,,-1.852833553938968,10.0,60,1,0.1218506278708186,0.9914181708560001,1.1132687987268188,truncated_http_400_at_offset_3500,2888.1471111286,2364.8581268713965,2887.033842329873,2594.2944906311996,1
5m,300,btc-up-or-down-5m,btc-updown-5m,btc-updown-5m-1776951000,0xfc59399d2e0e1c9610d8909daa25d004fdc62c098abf653178b5199ac1beb0fa,Up,already_winner_assist,1,0,1.9988230149898243,0.0,-26.888717363999998,26.888717363999998,-0.8630556167417837,-4.250151073132423,10.0,60,0,0.0,0.0,0.0,truncated_http_400_at_offset_3500,7696.471415036821,5068.379666963167,7696.471415036821,,1
5m,300,btc-up-or-down-5m,btc-updown-5m,btc-updown-5m-1776953100,0x371aaa29e543c4f6f5f593cf0ad171e7c52d0550cbc7f7b5ae375ec55974b135,Up,already_winner_assist,1,0,0.5218885571565927,-2.7049551077983205,4905.962959875001,5094.036516293,,9.640741382428335,10.0,60,0,0.0,0.0,0.0,truncated_http_400_at_offset_3500,2780.9866428294267,5374.31104917057,2780.9866428294267,,1
5m,300,btc-up-or-down-5m,btc-updown-5m,btc-updown-5m-1776954300,0x94713c673165cf817ffa079703e70c99a1c79cd769368bcbeb967cefdf1cc14d,Down,other,0,0,1.0696196136772171,-0.0,44.729535312,44.729535312,1.0544060681832503,,10.0,60,0,0.0,0.0,0.0,truncated_http_400_at_offset_3500,14812.202585840098,3115.3797121599378,14812.202585840098,,1
5m,300,btc-up-or-down-5m,btc-updown-5m,btc-updown-5m-1776956700,0x697a51540866c92592a3c57a55148e91ab7de3bc51bcf1169ef19567ad3954f8,Up,already_winner_assist,1,0,0.6216332383341833,-2.946296718514429,3614.02758407,3614.02758407,-3.3049170548867157,-9.220296573486024,10.0,60,0,0.0,0.0,0.0,truncated_http_400_at_offset_3500,7699.659348763415,6939.645447236572,7699.659348763415,,1
5m,300,btc-up-or-down-5m,btc-updown-5m,btc-updown-5m-1776958500,0x0843068beeb2f8a6c3d33d1f16caac557ee99a421d74c9fedabedacb78f13837,Up,already_winner_assist,1,0,6.488905497771618,2.1514260282034625,1132.227981709,1132.227981709,-1.6673550378441349,1.8331385674941596,10.0,60,1,0.24359047497090164,2.264455963418,2.5080464383889014,truncated_http_400_at_offset_3500,2593.491061738165,5699.916203261835,2590.983015299776,1034.068198276325,1
5m,300,btc-up-or-down-5m,btc-updown-5m,btc-updown-5m-1776962400,0x21a01f75ed9306ee1edde524b3714c5db168b7fea5696d7d7c62049a05c47d76,Up,already_winner_assist,1,0,0.4092807647308526,-2.296762085960499,-5695.593346635,6136.542710473,0.459415725369343,-1.7098619519553355,10.0,60,0,0.0,0.0,0.0,truncated_http_400_at_offset_3500,1692.718228893462,10641.055103106532,1692.718228893462,,1
5m,300,btc-up-or-down-5m,btc-updown-5m,btc-updown-5m-1776964800,0xe7f8c5aaf2fe3480a0faf00a6bcbaa24405a69deff151b7407ec8a67cfb1a206,Up,already_winner_assist,1,0,2.327868434085278,-2.1112337021009964,-1757.7253455639998,1775.370756934,-1.7636831930017671,,10.0,60,0,0.0,0.0,0.0,truncated_http_400_at_offset_3500,1364.8204144470258,7854.3804785529865,1364.8204144470258,,1
5m,300,btc-up-or-down-5m,btc-updown-5m,btc-updown-5m-1776965100,0x041b7a1d7a2f35a0a8df8d5ce60d8fbea507f72f14eeaf629fa3581bbb5801c4,Down,already_winner_assist,1,0,7.234869608698956,0.5924674209036307,-74.844868791,74.844868791,,1.9575848102416942,10.0,60,0,0.0,0.0,0.0,truncated_http_400_at_offset_3500,3615.0661167515455,10739.022523248399,3615.0661167515455,,1
5m,300,btc-up-or-down-5m,btc-updown-5m,btc-updown-5m-1776967200,0x8b999e486b8348adb843e4e00333b9a0a1778a01deaa58cc7fad1dad33cbac2f,Up,already_winner_assist,1,0,3.8408176192865686,-0.19275015276051038,2.223323114,2.223323114,0.2955574502860401,,10.0,60,0,0.0,0.0,0.0,truncated_http_400_at_offset_3500,1064.595265579462,7808.089494420542,1064.595265579462,,1
5m,300,btc-up-or-down-5m,btc-updown-5m,btc-updown-5m-1776972000,0x5d924731b2fe61a93d7cb54ee05710c5404f94a8dbbb65f9da3794b674f9e3c1,Down,already_winner_assist,1,0,3.921722313918945,-0.012846295995657689,-16.34402126,16.34402126,,1.0533401167896321,10.0,60,0,0.0,0.0,0.0,truncated_http_400_at_offset_3500,2617.760510322653,9863.736226677318,2617.760510322653,,1
5m,300,btc-up-or-down-5m,btc-updown-5m,btc-updown-5m-1776972900,0x1409f6d88d6f6c6dcc288b5454b975935a6978449ff27151114027ea7c78a4ea,Down,flip,0,1,2.5977624666643586,6.778741253143833,199122.526700374,199810.225914446,,0.5146766480755438,10.0,60,1,134.98000861740596,398.24505340074796,533.225062018154,truncated_http_400_at_offset_3500,4600.362874379157,2057.7709676208424,4067.137812361003,8.627431833319445,1
5m,300,btc-up-or-down-5m,btc-updown-5m,btc-updown-5m-1776977700,0x947745281b571eef3445eed28b1062378ec086067560e50c7fbbd5d91e675d3d,Down,flip,0,1,0.639285904247193,1.7712768256772569,-165.90924006999998,165.90924006999998,0.3850868692267348,,10.0,60,0,0.0,0.0,0.0,ok,5773.691253138744,3812.7920098612512,5773.691253138744,,1
5m,300,btc-up-or-down-5m,btc-updown-5m,btc-updown-5m-1776984000,0xd6c813bf06d434911c90905a62f05807abe539045f8a1c135cee06598bd0f2ae,Up,already_winner_assist,1,0,8.97620811816374,0.0,37.935043146,37.935043146,,-3.5873523873265247,10.0,60,0,0.0,0.0,0.0,ok,773.9974973867519,17593.781432613236,773.9974973867519,,1
5m,300,btc-up-or-down-5m,btc-updown-5m,btc-updown-5m-1776985500,0x0be9a56e7afa905ab07ad21c09c1714ab554d661a7635417d146d387e800c438,Down,already_winner_assist,1,0,4.895674936629911,-0.0,-469.15560000000005,469.15560000000005,-0.012788942169662738,-4.208444709235071,10.0,60,0,0.0,0.0,0.0,ok,488.16191796394696,12439.520418036034,488.16191796394696,,1
5m,300,btc-up-or-down-5m,btc-updown-5m,btc-updown-5m-1776987900,0x6fdd4d27b177bb190da3fb3593ffa5e555719b27c832c4576c772cdf8060655a,Up,other,0,0,0.16934788239728454,0.012775234441236143,18.627458705000002,18.627458705000002,-0.0,,10.0,60,1,2.3797015200082003e-05,0.037254917410000005,0.03727871442520009,truncated_http_400_at_offset_3500,5151.549242304716,4776.986087695284,5151.511963590291,138190.09914200028,1
5m,300,btc-up-or-down-5m,btc-updown-5m,btc-updown-5m-1776992100,0x0e2655fce2d596d2ed15ccb79e3512b014b6aac57d776e80a1ad24ddd9991818,Up,already_winner_assist,1,0,3.2363811061128653,0.0,281.545014408,281.545014408,,5.599536366956429,10.0,60,0,0.0,0.0,0.0,truncated_http_400_at_offset_3500,7741.743890224257,8998.180115775729,7741.743890224257,,1
5m,300,btc-up-or-down-5m,btc-updown-5m,btc-updown-5m-1777004100,0x2a5e2333e62fbf1d1958f17af8499eecf711dc27aeba9ef966579c9c02dba0d5,Up,flip,0,1,3.3110817381049933,8.000134190982008,99893.405055282,99893.405055282,,,10.0,60,1,79.91606452363764,199.786810110564,279.70287463420163,truncated_http_400_at_offset_3500,3053.075931062839,4810.669245937164,2773.3730564286375,10.915425646074192,1
5m,300,btc-up-or-down-5m,btc-updown-5m,btc-updown-5m-1777005600,0xaa59122ea7ce4c16b6364419e67baf472171f2b53b4545f524216826b4437a4f,Up,already_winner_assist,1,0,8.486384656025445,0.0,68.977293806,68.977293806,-1.5969112679286805,,10.0,60,0,0.0,0.0,0.0,ok,1284.701443405898,11417.808310594113,1284.701443405898,,1
5m,300,btc-up-or-down-5m,btc-updown-5m,btc-updown-5m-1777008000,0xcc10a17d1a1e72b9a5a5d3706ecb620e82a75878e7e63b31e0a7c0938f31e5fd,Up,already_winner_assist,1,0,7.592260644230684,0.0,24.999374256000003,24.999374256000003,-0.5026631481289947,-0.5026631481289947,10.0,60,0,0.0,0.0,0.0,ok,549.56777514782,13073.039225852195,549.56777514782,,1
5m,300,btc-up-or-down-5m,btc-updown-5m,btc-updown-5m-1777024800,0x5a704f558b455e6ff0d906cb5ae24e8c44943492a535c9632d04c35a07529884,Down,already_winner_assist,1,0,4.12357910275152,-0.0,-19.802345956000003,19.802345956000003,,,10.0,60,0,0.0,0.0,0.0,ok,1538.7590556572895,13648.439272342703,1538.7590556572895,,1
5m,300,btc-up-or-down-5m,btc-updown-5m,btc-updown-5m-1777026600,0xc1f5f3f5fd7a54506b1b943039e736cd8abc378e9a878f8a47694fb975aef2f7,Down,already_winner_assist,1,0,4.895213982151083,-0.012877064597052477,-261.486004275,261.486004275,0.0,,10.0,60,0,0.0,0.0,0.0,ok,360.8281636288847,12894.13042437114,360.8281636288847,,1
5m,300,btc-up-or-down-5m,btc-updown-5m,btc-updown-5m-1777030800,0x22a5ced45f8f38cd70eb4437395887f889461dc4d2d06757caed943d32bc4eb3,Up,already_winner_assist,1,0,2.549347955722743,1.0854983182231799,37.911881409,37.911881409,0.012769883507305789,6.067531167279334,10.0,60,1,0.004115328351014615,0.075823762818,0.07993909116901463,ok,1226.337098577073,8768.903824422925,1226.257159485904,15340.893680968145,1
5m,300,btc-up-or-down-5m,btc-updown-5m,btc-updown-5m-1777033200,0xe5020727a68d5305d7e913089ad4c72ddccd99d66e659c58edba760a7cddf75a,Up,already_winner_assist,1,0,8.766995998803653,0.012763266296722038,100.893578221,186.23542329699998,,1.6465958582552973,10.0,60,1,0.0001287731606463778,0.201787156442,0.20191592960264637,truncated_http_400_at_offset_3500,636.7098103042059,16864.535463695804,636.5078943746033,3153.3411532076616,1
5m,300,btc-up-or-down-5m,btc-updown-5m,btc-updown-5m-1777047900,0x7e88b3b1c434fbf54b24322b9d976179810941f098648540d207bb3f1e4d3ddd,Down,already_winner_assist,1,0,2.7943401430735664,-0.012866030528718484,-22.751398552,22.751398552,1.1964684895977526,,10.0,60,0,0.0,0.0,0.0,truncated_http_400_at_offset_3500,712.3396138388266,15756.387786161167,712.3396138388266,,1
5m,300,btc-up-or-down-5m,btc-updown-5m,btc-updown-5m-1777049700,0x2f04f58efb4b10a042df7df984f9614fb58aa9015e0fea5976d82f23a3bf7e14,Up,already_winner_assist,1,0,6.495976830185348,-0.012852355355729712,1659.3148444370001,1698.2570977870002,2.750784119354653,,10.0,60,0,0.0,0.0,0.0,truncated_http_400_at_offset_3500,1000.1073631130473,16668.164736886956,1000.1073631130473,,1
5m,300,btc-up-or-down-5m,btc-updown-5m,btc-updown-5m-1777055700,0xecd6584611d40c667c68eae098afa22f6b25108f7d4f3795d83a7d46a975b431,Down,already_winner_assist,1,0,5.640140120813755,2.3070236082489486,-78.66011638399999,78.66011638399999,-0.012889895158685792,0.0,10.0,60,0,0.0,0.0,0.0,truncated_http_400_at_offset_3500,3234.9115903787656,5843.383635621238,3234.9115903787656,,1
5m,300,btc-up-or-down-5m,btc-updown-5m,btc-updown-5m-1777057200,0x4f87e0d1b4c1c4498d562d27a3dd64646d3cfa5cd1749395d0e7f84efa1979f8,Up,already_winner_assist,1,0,3.320022780651993,0.0,205.04308857,205.04308857,,-4.132835306114184,10.0,60,0,0.0,0.0,0.0,ok,888.3320078302214,9401.893353169784,888.3320078302214,,1
5m,300,btc-up-or-down-5m,btc-updown-5m,btc-updown-5m-1777057500,0x40d9b65852c44dffa8b9cf36aae51f1458dfe8deb2e53a9b9ed71a3634b16142,Down,already_winner_assist,1,0,5.742972223332556,-0.0,-145.858797696,145.858797696,0.0,,10.0,60,0,0.0,0.0,0.0,ok,403.45377022085614,15726.455335779145,403.45377022085614,,1
5m,300,btc-up-or-down-5m,btc-updown-5m,btc-updown-5m-1777057800,0x4980e5a5e8e9ffb1e827a57b57b01cf18caa14a8103b79a175850a454ad3da32,Up,other,0,0,0.14953860049405435,0.06442057876667755,395.076919859,395.076919859,-0.11595599599065279,,10.0,60,1,0.002545108383467306,0.790153839718,0.7926989481014673,ok,3007.688967761383,4243.812674238617,3006.8962688132815,3794.238626107514,1
5m,300,btc-up-or-down-5m,btc-updown-5m,btc-updown-5m-1777059900,0xe8f11d6257d3040a74fdf7d55a56da79657080ceba716242db0187d3276bb24a,Down,already_winner_assist,1,0,4.9708468714516165,-0.0,-268.9485363,268.9485363,,,10.0,60,0,0.0,0.0,0.0,ok,580.5055945504422,11185.959090449554,580.5055945504422,,1
5m,300,btc-up-or-down-5m,btc-updown-5m,btc-updown-5m-1777061400,0xad44898bd167e1dde597b477442f89c921b34517996f76becb99ded2ea96dc48,Up,already_winner_assist,1,0,9.659982649892921,-0.01288016615520375,81.50288663200001,87.024550976,-0.0,-1.4553538048743784,10.0,60,0,0.0,0.0,0.0,ok,107.406034540964,6841.315341459037,107.406034540964,,1
5m,300,btc-up-or-down-5m,btc-updown-5m,btc-updown-5m-1777062600,0xfee2c90758beed6a41b5e08ac0eccb126a6a77210db6c25032b10aedd5ddcfd1,Up,already_winner_assist,1,0,3.808807163859313,0.012888399988396606,21.911190079999997,21.911190079999997,-0.0,-1.3918494350687067,10.0,60,1,2.824001819728278e-05,0.043822380159999993,0.043850620178197276,ok,368.9933934963395,11184.523906503602,368.9495428761613,8414.781638135295,1
5m,300,btc-up-or-down-5m,btc-updown-5m,btc-updown-5m-1777063200,0x324e21835066e8648cf166026551cc14e84f66192e793af7468a4eae3a0bc63f,Down,already_winner_assist,1,0,3.733350183770423,-0.0,-999.999995,999.999995,,,10.0,60,0,0.0,0.0,0.0,ok,403.68828269523226,12100.184488304687,403.68828269523226,,1
5m,300,btc-up-or-down-5m,btc-updown-5m,btc-updown-5m-1777063500,0x28439f8194473a8cae1a41ca3c6726d0f0e6f127db91b4fef88c02de83fd193c,Up,already_winner_assist,1,0,2.5813214576143673,-0.012878308357782123,-178.06053868799998,178.06053868799998,-0.0,-0.012878308358321272,10.0,60,0,0.0,0.0,0.0,ok,691.6725797748031,12949.833819225203,691.6725797748031,,1
5m,300,btc-up-or-down-5m,btc-updown-5m,btc-updown-5m-1777063800,0xb495dd695bb1af71f977d8205811d27ed9b49bef70ae5ad196d445c8783460c2,Up,already_winner_assist,1,0,2.3169846942470103,0.012873633059753255,9.756381919999999,9.756381919999999,-0.5406776236734626,-0.617914897867793,10.0,60,1,1.2560008082889093e-05,0.019512763839999996,0.019525323848082886,ok,2070.6876276164444,13341.038506383564,2070.6681022925964,106051.38453669014,1
5m,300,btc-up-or-down-5m,btc-updown-5m,btc-updown-5m-1777064400,0xe79544c02a4c8b66b236a3a5aeec5c0a8e1fe55bbfa2d39ccc2259d067510385,Up,other,0,0,1.8955706022728578,0.19295545366581004,-1116.5226190829999,1116.5226190829999,-2.8295856517870157,-3.986912690552068,10.0,60,0,0.0,0.0,0.0,truncated_http_400_at_offset_3500,6378.95110169579,2564.9017273041663,6378.95110169579,,1
5m,300,btc-up-or-down-5m,btc-updown-5m,btc-updown-5m-1777065600,0x6d35aa1dfb83bdba3ceb614dd4f0f71b6fe1732749e2f7be10a5d73ac5527594,Up,other,0,0,0.7387597117877408,1.1593874325079223,8005.258283649001,8005.258283649001,-1.416846565614595,,10.0,60,1,0.9281195848042593,16.010516567298,16.938636152102262,truncated_http_400_at_offset_3500,5082.905726415847,1702.2604015841348,5065.967090263745,300.07762613077944,1
5m,300,btc-up-or-down-5m,btc-updown-5m,btc-updown-5m-1777067700,0x6519aa124d335c577443dca5caa78d18be8ed091b3a8c0da036d1341dfc406e2,Down,already_winner_assist,1,0,4.360151900046228,-0.0,68934.87739859999,68934.87739859999,0.012888250492618124,-2.7455759984843695,10.0,60,0,0.0,0.0,0.0,ok,972.9379294691196,13386.81094453088,972.9379294691196,,1
5m,300,btc-up-or-down-5m,btc-updown-5m,btc-updown-5m-1777068000,0xec3691c1cd750e105bade2a2e63c113dcc537cb89a48823f1e38789b3653fed8,Up,already_winner_assist,1,0,2.9446866906216638,0.0,3502.878136296,3502.878136296,,,10.0,60,0,0.0,0.0,0.0,ok,314.2079086414957,13735.069418358487,314.2079086414957,,1
5m,300,btc-up-or-down-5m,btc-updown-5m,btc-updown-5m-1777071900,0x5060a90abc8f5bba59f9762fe2c8662775d57f58eedac247cfab1585e47bc720,Up,already_winner_assist,1,0,1.5508343437385776,0.01292030561866261,29.999309760000003,29.999309760000003,-0.0,-0.012920288923150338,10.0,60,1,3.876002504481281e-05,0.05999861952000001,0.060037379545044824,ok,1501.4910794502605,7446.728781549738,1501.4310420707154,25009.270738136103,1
5m,300,btc-up-or-down-5m,btc-updown-5m,btc-updown-5m-1777078800,0xff70ec92753bf011519942b9c29f58c144afca5e24db47a17d0fa93762dbe32d,Down,already_winner_assist,1,0,0.7809823026912496,-0.0,-1182.26612548,1182.26612548,,0.0,10.0,60,0,0.0,0.0,0.0,ok,4236.983044281129,4858.766885718867,4236.983044281129,,1
5m,300,btc-up-or-down-5m,btc-updown-5m,btc-updown-5m-1777080300,0x4d5a906c4d9a661378cd23b893130ee7af4f2d3a41dc29c2178d3a40899aeab1,Down,already_winner_assist,1,0,0.7198530182912865,-0.0,-172.68264927399997,172.68264927399997,,1.212670081690677,10.0,60,0,0.0,0.0,0.0,ok,578.8978941240815,4213.043205875927,578.8978941240815,,1
5m,300,btc-up-or-down-5m,btc-updown-5m,btc-updown-5m-1777080600,0x0bab0fda446c97f1e50ecbffae05d599314f97526bec58eafd366a258ff325fc,Up,already_winner_assist,1,0,7.591715012257945,1.8178665387921609,53.28783068,53.28783068,,,10.0,60,1,0.009687016431799433,0.10657566136,0.11626267779179944,ok,2554.5405452851132,20436.34454071484,2554.4242826073214,21972.146124655123,1
5m,300,btc-up-or-down-5m,btc-updown-5m,btc-updown-5m-1777082700,0xa90bf30529f6b8c7a7ace8969191153c492e14302c189a10144c630221f667ac,Up,already_winner_assist,1,0,6.769339882608376,0.0,12.431860847999998,36.829994651999996,,-0.0,10.0,60,0,0.0,0.0,0.0,truncated_http_400_at_offset_3500,890.0167706839387,16955.165806316043,890.0167706839387,,1
5m,300,btc-up-or-down-5m,btc-updown-5m,btc-updown-5m-1777089900,0x1eb00ef2d41b641a81e0817a26b4fafb5da6884d79097a5d4bd564ff8a21d59b,Up,flip,0,1,2.070492301296366,1.5062189491508928,2092.707131484,9861.077131484,,,10.0,60,1,0.31520751364644095,4.185414262968,4.500621776614441,ok,17720.82785499375,1305.1827030062561,17716.327233217136,3937.417702387804,1
5m,300,btc-up-or-down-5m,btc-updown-5m,btc-updown-5m-1777094400,0x6f17b5230eb05de6b3fd19c711739a6d90d7cdc9b45dd5dd3212f732036c753d,Up,already_winner_assist,1,0,1.6218978243823041,0.012895180875499651,9.803668728,9.803668728,,,10.0,60,1,1.2642008149103959e-05,0.019607337456,0.019619979464149104,ok,448.5926784248438,6178.628594575159,448.5730584453797,22864.07481947376,1
5m,300,btc-up-or-down-5m,btc-updown-5m,btc-updown-5m-1777105800,0x77039965807b0fdb9176d4368a353712acd2f916b2d59c70a871a8640120f74e,Up,already_winner_assist,1,0,9.14026865323784,0.0,0.973082306,0.973082306,,,10.0,60,0,0.0,0.0,0.0,ok,413.1653508675862,15610.258250132416,413.1653508675862,,1
5m,300,btc-up-or-down-5m,btc-updown-5m,btc-updown-5m-1777106400,0x30f7eeedfb5681aa7e851109abf1c2e8f1cf2eb1cf244d6e7ccb273b8cfd3105,Up,already_winner_assist,1,0,0.12490646501900654,-0.012876799291853931,-8.02062152,8.02062152,-0.012876799291838806,-0.012876799291838806,10.0,60,0,0.0,0.0,0.0,ok,5237.349030587913,1920.597517412084,5237.349030587913,,1
5m,300,btc-up-or-down-5m,btc-updown-5m,btc-updown-5m-1777113600,0xe629c36653ca6c05512f316794cdaeb6a015a3f3f4bb5ed28b498a5023434d61,Down,already_winner_assist,1,0,5.0862263863494706,-0.012851347817011628,-197.05416608899998,197.05416608899998,0.0,3.27655473846126,10.0,60,0,0.0,0.0,0.0,ok,122.1284829321522,9980.483987067848,122.1284829321522,,1
5m,300,btc-up-or-down-5m,btc-updown-5m,btc-updown-5m-1777114800,0x7d6ca1e73b20a7c0db53e9fe4f114e11bb337e792cba3c0ecb1a9dee319dcc39,Down,already_winner_assist,1,0,2.043745517797437,-0.0,-221.67514586,221.67514586,,,10.0,60,0,0.0,0.0,0.0,ok,1374.8930248259205,8600.781197174087,1374.8930248259205,,1
5m,300,btc-up-or-down-5m,btc-updown-5m,btc-updown-5m-1777121100,0x338cb02785450c36a84a716e716e790ea9256a3561577812c4aa77a42f3bb4d7,Down,other,0,0,1.7421343530541353,-0.0,-176.07117894900003,236.26550094900003,0.0,,10.0,60,0,0.0,0.0,0.0,ok,1085.1335499703084,4763.441712029693,1085.1335499703084,,1
5m,300,btc-up-or-down-5m,btc-updown-5m,btc-updown-5m-1777124700,0x7eb065c4bea8d73592d0c8c829de85c5f847a2e8ad3f3e2cfb84818d301d8014,Down,already_winner_assist,1,0,1.5529414518345963,-0.012873699355525601,-5693.099952138,5693.099952138,0.0,,10.0,60,0,0.0,0.0,0.0,truncated_http_400_at_offset_3500,7823.680877678551,3735.045944321442,7823.680877678551,,1
5m,300,btc-up-or-down-5m,btc-updown-5m,btc-updown-5m-1777125000,0x67aded631a64d2084f2bf4d8df6291bd5be9ea68d63fc3cd0b41bafa70e4af69,Up,already_winner_assist,1,0,3.455555405358726,0.0,7.999822404999999,7.999822404999999,-0.0,,10.0,60,0,0.0,0.0,0.0,ok,216.45610988246958,7294.672098117528,216.45610988246958,,1
5m,300,btc-up-or-down-5m,btc-updown-5m,btc-updown-5m-1777126800,0x669cc3d35c8d7a58c780198e0beefba8e2628e0c4d7afe957a46d5f6107d3cc4,Up,already_winner_assist,1,0,0.692839861767478,0.0,19.4644512,19.4644512,-0.0,,10.0,60,0,0.0,0.0,0.0,ok,435.5908824859273,6713.61660351408,435.5908824859273,,1
5m,300,btc-up-or-down-5m,btc-updown-5m,btc-updown-5m-1777133400,0x91cc95d47f7e61155e29c171324308b1d7b22933cb9827da91e5b7ad53df9196,Up,already_winner_assist,1,0,5.1173846348902305,0.851931691083579,-28.14641319,28.14641319,-0.012907497771544011,,10.0,60,0,0.0,0.0,0.0,ok,1372.9727834935065,13687.057000506502,1372.9727834935065,,1
5m,300,btc-up-or-down-5m,btc-updown-5m,btc-updown-5m-1777134000,0x85fe9b83aeca5bf5267174c522fbaf0efe6a1d77c6bc24a18054afb7618ea8a8,Up,already_winner_assist,1,0,0.6353743733207013,-0.025824912259392534,-2.29080831,2.29080831,-0.012912464467736761,-0.012912464467736761,10.0,60,0,0.0,0.0,0.0,ok,1198.714392056159,2470.1426579438435,1198.714392056159,,1
5m,300,btc-up-or-down-5m,btc-updown-5m,btc-updown-5m-1777134600,0x648af3952d0b45e6ee8181522e3c91a73345c9eb1b565d223e183e1314b66c5f,Down,already_winner_assist,1,0,1.667200562918257,-0.0,3983.37650937,3983.37650937,0.012919521073914546,0.012919521073914546,10.0,60,0,0.0,0.0,0.0,truncated_http_400_at_offset_3500,1132.8983173933766,8171.767938606625,1132.8983173933766,,1
5m,300,btc-up-or-down-5m,btc-updown-5m,btc-updown-5m-1777136100,0x459052e9ba025aaa678445456ebee4df24a8624f470df298a6ef7f8d447702e7,Up,already_winner_assist,1,0,1.763818306475913,0.0,1031.979385912,1031.979385912,0.01291496592763101,3.8106384443002206,10.0,60,0,0.0,0.0,0.0,ok,3883.5190781995143,5612.478473800477,3883.5190781995143,,1
5m,300,btc-up-or-down-5m,btc-updown-5m,btc-updown-5m-1777145400,0x62d4b6605b3e4dac22bafb1d7ab2e0a9abd479783462b535b37728b0c40988b6,Down,already_winner_assist,1,0,2.7300068885587296,-0.0,67.4137575,67.4137575,,,10.0,60,0,0.0,0.0,0.0,ok,275.21202030799316,6250.3003696920105,275.21202030799316,,1
5m,300,btc-up-or-down-5m,btc-updown-5m,btc-updown-5m-1777147800,0xfa52c8d9efb1b5a931f5770b9fb70499015311f008d6ac8e9bc128a67769a38a,Up,already_winner_assist,1,0,0.9886152602449919,-0.01292194178098934,157.03302337,189.91350934599998,-0.012921941781085692,,10.0,60,0,0.0,0.0,0.0,ok,1017.7110042141892,3187.0973807858104,1017.7110042141892,,1
5m,300,btc-up-or-down-5m,btc-updown-5m,btc-updown-5m-1777149000,0x43bf4b3eb0d832dd60648d37e2bbdf80dc6e2e6dcb75e22bffe193a2a7b605d4,Down,already_winner_assist,1,0,2.1845925460496862,-0.012916433902942434,-500.14611008,500.14611008,,0.025832817753702914,10.0,60,0,0.0,0.0,0.0,ok,580.8667603814371,6424.296103618566,580.8667603814371,,1
5m,300,btc-up-or-down-5m,btc-updown-5m,btc-updown-5m-1777152000,0x18a32f569e145f8dc069814f380c85e15b0db4eb6d998135e677554ab5878003,Up,already_winner_assist,1,0,2.110809823736706,0.0,955.209535381,1041.470920619,,0.012895912576347677,10.0,60,0,0.0,0.0,0.0,ok,1567.1556989419742,7537.49133305803,1567.1556989419742,,1
5m,300,btc-up-or-down-5m,btc-updown-5m,btc-updown-5m-1777153200,0xb80da0631e72e87a6a9749ff4d50cf6178f631185c612627c4c10841981102cb,Up,other,0,0,1.3877919478216394,0.01290908069884388,403.53170637799997,403.53170637799997,-2.103957448445994,,10.0,60,1,0.0005209223362175775,0.8070634127559999,0.8075843350922175,ok,3754.7971640381206,4042.0435649618757,3753.9895797030285,4649.418024693809,1
5m,300,btc-up-or-down-5m,btc-updown-5m,btc-updown-5m-1777155900,0xfff37ee47176ab0b30c9f4391151b7955c3e0357a00ad64b10bdff214a5bb7d6,Up,already_winner_assist,1,0,2.963614943630784,-0.09023287170637369,376.219184355,376.219184355,,-3.003028183368971,10.0,60,0,0.0,0.0,0.0,ok,1361.9489643011163,12987.96122769891,1361.9489643011163,,1
5m,300,btc-up-or-down-5m,btc-updown-5m,btc-updown-5m-1777158600,0x594695b2c5c184675eee48b779e761ec26ec72b720cd6fef625fd0dfeb5fe06b,Up,already_winner_assist,1,0,0.679890387521379,0.0,90.878319552,90.878319552,,-0.0,10.0,60,0,0.0,0.0,0.0,ok,1892.4927578680933,1231.590923131907,1892.4927578680933,,1
5m,300,btc-up-or-down-5m,btc-updown-5m,btc-updown-5m-1777168800,0x1041849da9b4d7bb8f18fa0727374d31a6f97b3c1ff54966bf46d7ae8f89b3ff,Up,already_winner_assist,1,0,4.369657743910088,0.0,28.054452568000002,94.420037432,0.1032056979882572,,10.0,60,0,0.0,0.0,0.0,truncated_http_400_at_offset_3500,1865.135554072087,8835.568312927919,1865.135554072087,,1
5m,300,btc-up-or-down-5m,btc-updown-5m,btc-updown-5m-1777186500,0x6414815744b0dc314f0e0badc214d564599a135b8786d9c5627c1e0c88a4faf0,Up,already_winner_assist,1,0,3.8540720571273948,0.012818894023491683,271.97576031799997,640.484819388,-0.012818877592211984,-1.525331073504442,10.0,60,1,0.0003486428448475016,0.5439515206359999,0.5443001634808474,ok,557.5168163668562,12411.789025633176,556.9725162033753,1024.2819197434872,1
5m,300,btc-up-or-down-5m,btc-updown-5m,btc-updown-5m-1777210500,0xc88bc035c04aec507be6e4d69b2f7e9ad4c964611b1ed68d0d422c754a4fbf4d,Up,already_winner_assist,1,0,3.227239960445459,-0.7948656809389448,-395.17661172499993,621.395880875,0.038462845212958625,1.4232238094755782,10.0,60,0,0.0,0.0,0.0,truncated_http_400_at_offset_3500,1411.4353346251733,13180.405223374833,1411.4353346251733,,1
5m,300,btc-up-or-down-5m,btc-updown-5m,btc-updown-5m-1777212900,0xd12b3b70a749c679c3bb11a09c3ca5ac873656da3403ffcd52fcdc2e5b26558b,Up,already_winner_assist,1,0,7.22646478052449,-0.012818762565138905,-55.813461415,59.653148069000004,-5.318375368130002,-14.129117871728896,10.0,60,0,0.0,0.0,0.0,ok,1226.142098222998,10425.53583477699,1226.142098222998,,1
5m,300,btc-up-or-down-5m,btc-updown-5m,btc-updown-5m-1777219500,0xb45b1839400f65954fda6d9381ff61c33f14c9d250e6a162f5585af5e1fdf51a,Down,other,0,0,0.8155005584540435,-0.0,-103.32834386,103.32834386,,0.0,10.0,60,0,0.0,0.0,0.0,ok,1361.4901206700501,4081.817601329947,1361.4901206700501,,1
5m,300,btc-up-or-down-5m,btc-updown-5m,btc-updown-5m-1777226400,0x7a777ef460d1211995f8f8b92ba0e952a3cacfedf8b1998e721b05cc7a8b4580,Down,already_winner_assist,1,0,2.155435336430078,-0.0,-48.07943746200001,48.07943746200001,0.0,,10.0,60,0,0.0,0.0,0.0,ok,1601.034038648269,3463.8251003517307,1601.034038648269,,1
5m,300,btc-up-or-down-5m,btc-updown-5m,btc-updown-5m-1777232700,0x1f66b21f97ee7591c757b0a9718789ce37a255e277f6d38cfd7753e226e1707c,Up,already_winner_assist,1,0,5.573372942275401,-0.012779920190511228,-171.27639053,171.27639053,,-4.063191628995906,10.0,60,0,0.0,0.0,0.0,ok,488.7558680850436,11241.633451914944,488.7558680850436,,1
5m,300,btc-up-or-down-5m,btc-updown-5m,btc-updown-5m-1777240500,0x961a454478df616578a6ca08c3a50eba53e7f0df08dec8acfb4a5fcd07bd561a,Up,already_winner_assist,1,0,7.079134749961127,-2.6776014970943405,-11.839812245999994,211.846234554,0.6376298535351687,-5.239777295491315,10.0,60,0,0.0,0.0,0.0,truncated_http_400_at_offset_3500,2901.214242714254,8838.15615328573,2901.214242714254,,1
5m,300,btc-up-or-down-5m,btc-updown-5m,btc-updown-5m-1777245000,0x1c2e1eef0898a589a1f4098fee566630876a23544a68b2e9bc95c866513399b7,Up,already_winner_assist,1,0,4.652117351044526,-1.7477621990771521,13.833911150000002,13.833911150000002,,2.0543300181159783,10.0,60,0,0.0,0.0,0.0,ok,353.52670812318746,10915.932620876813,353.52670812318746,,1
5m,300,btc-up-or-down-5m,btc-updown-5m,btc-updown-5m-1777248900,0xb6c7d3e4fa5bfb79d49e1f2cec26712bbaf6e8c69a286cf7ec7a7c0aefdcceff,Up,other,0,0,3.082674845743546,1.7304450213367466,229835.385706531,229835.385706531,,-5.850757522001156,10.0,60,1,39.771749892287744,459.67077141306197,499.4425213053497,truncated_http_400_at_offset_3500,3333.2947583162977,5163.378731683709,2833.852237010948,6.674030776563344,1
5m,300,btc-up-or-down-5m,btc-updown-5m,btc-updown-5m-1777254000,0x553054cf0bff931b1ce72ad13e34fdf1a5c09cc607019b0690c0a1e5f4a3c949,Down,already_winner_assist,1,0,4.5339806730908565,-0.0,-19.608067416,19.608067416,0.0,,10.0,60,0,0.0,0.0,0.0,truncated_http_400_at_offset_3500,1116.5718037561358,9107.55377924387,1116.5718037561358,,1
5m,300,btc-up-or-down-5m,btc-updown-5m,btc-updown-5m-1777255500,0x86fbb32f85ec95113118d69abd967b753821b0bf09e3bd010c9eeb4ccf2d3f11,Down,already_winner_assist,1,0,6.765466096305172,-0.0,-266.584473645,266.584473645,1.9330544151851512,,10.0,60,0,0.0,0.0,0.0,ok,263.4062847491899,12243.723724250805,263.4062847491899,,1
5m,300,btc-up-or-down-5m,btc-updown-5m,btc-updown-5m-1777256700,0x58610abc51d5f976ca768214229d018e6a7214f6e537889aa751e7e1e20185d3,Up,other,0,0,1.9807942226535848,1.4157806473798291,-1527.7945979699998,1579.2455967299998,,,10.0,60,0,0.0,0.0,0.0,truncated_http_400_at_offset_3500,7206.384470724924,4736.490151275063,7206.384470724924,,1
5m,300,btc-up-or-down-5m,btc-updown-5m,btc-updown-5m-1777257600,0x336b42fce471f0bd65c46c9c1da3de01875933ff53d68f232b7578582e6e4e4a,Down,already_winner_assist,1,0,0.4377169314853148,0.012645670218566355,593.088,593.088,0.012645670217811052,,10.0,60,1,0.0007499995258589082,1.186176,1.1869259995258588,truncated_http_400_at_offset_3500,3299.419059375281,3079.528765624716,3298.232133375755,2779.801824792194,1
5m,300,btc-up-or-down-5m,btc-updown-5m,btc-updown-5m-1777259100,0x2b67e3f027b424458a2eba92c2e50921f962657da58393504e240a6116643304,Up,already_winner_assist,1,0,6.902855694179001,0.7197228691256222,48.840854816000004,48.840854816000004,,-0.0,10.0,60,1,0.0035151880158719485,0.097681709632,0.10119689764787194,truncated_http_400_at_offset_3500,2922.2329773116285,15203.476134688393,2922.131780413981,28876.705168175475,1
5m,300,btc-up-or-down-5m,btc-updown-5m,btc-updown-5m-1777259400,0xf229ace584335ac08b39cbf2b9bd65cdbd9b1fd5f76e89370e29453bcfc57df4,Up,already_winner_assist,1,0,1.3183910040072302,0.0,-332.67475056,332.67475056,,,10.0,60,0,0.0,0.0,0.0,ok,1593.859865647492,9944.427540352524,1593.859865647492,,1
5m,300,btc-up-or-down-5m,btc-updown-5m,btc-updown-5m-1777260900,0x5b78975a471b5d1533ef91450e66c542086189a8b5b1b946160ccdc544eeacdc,Down,already_winner_assist,1,0,7.393932593864191,0.23983524582034246,-94.58166959100001,94.58166959100001,,,10.0,60,0,0.0,0.0,0.0,truncated_http_400_at_offset_3500,503.05592921938614,14255.213621780613,503.05592921938614,,1
5m,300,btc-up-or-down-5m,btc-updown-5m,btc-updown-5m-1777263000,0xd5e42b82840edde1418ddb9e0c8d3d33c28ffeeb8979863b8ac776528fbb8b0c,Down,already_winner_assist,1,0,3.3304490145295347,-0.9106235627595262,-157.777783388,225.768752952,,,10.0,60,0,0.0,0.0,0.0,ok,525.6044561802969,5963.963279819715,525.6044561802969,,1
5m,300,btc-up-or-down-5m,btc-updown-5m,btc-updown-5m-1777263300,0xf4cab8bc6fe5c1617b002a64e2eb5bf37763af62cc4291db7b590d73ecea4f0c,Down,already_winner_assist,1,0,2.749146811009443,-0.0,-53.65876733100001,53.65876733100001,,,10.0,60,0,0.0,0.0,0.0,ok,720.6639060444268,6388.9264949555745,720.6639060444268,,1
5m,300,btc-up-or-down-5m,btc-updown-5m,btc-updown-5m-1777277400,0x4dc52e5f478cbae4addaf8ded2f70c1d8e5f66834b947eba6c278d99b7a3fcea,Up,already_winner_assist,1,0,1.7862409175617076,0.0,11.4925404,11.4925404,,,10.0,60,0,0.0,0.0,0.0,ok,1801.7289331328623,4812.390644867134,1801.7289331328623,,1
5m,300,btc-up-or-down-5m,btc-updown-5m,btc-updown-5m-1777280100,0x86c9f3180e7e16b38625c83f740c18023ff903bfa10f859433a06a606c3005c9,Up,already_winner_assist,1,0,5.716215883807108,-0.012852157138476586,-442.27958131599996,1613.0378833959999,-0.012852157139690658,0.2698991155820835,10.0,60,0,0.0,0.0,0.0,ok,332.3248990006966,14656.47913499929,332.3248990006966,,1
5m,300,btc-up-or-down-5m,btc-updown-5m,btc-updown-5m-1777281600,0x3f0a9809c2cbcefb321a201df9b95734cd67294889ad4a3cd43b8c451e1466a7,Down,already_winner_assist,1,0,7.265975972243664,0.012865881548858217,2.676845556,2.676845556,0.012865881548082487,,10.0,60,1,3.4439977848083515e-06,0.005353691112,0.005357135109784809,ok,252.56303670794722,12417.603076292047,252.55767957283743,47145.168365576734,1
5m,300,btc-up-or-down-5m,btc-updown-5m,btc-updown-5m-1777291500,0xf5afc8d2b39df2d4a12cd4ef01b4019b11bff85d6e52359ae771c1cc537c21fe,Up,already_winner_assist,1,0,4.799914709234529,0.0,1.9232941409999997,1.9232941409999997,-0.0,,10.0,60,0,0.0,0.0,0.0,ok,269.6356229931899,6700.143295006809,269.6356229931899,,1
5m,300,btc-up-or-down-5m,btc-updown-5m,btc-updown-5m-1777299000,0x61f93d0125322023e57d9a5cb3f23c5bb0756b2c70cb928ea3624923d3d08147,Up,already_winner_assist,1,0,4.143480548221476,-0.012845767928876943,-5.1767989000000005,5.1767989000000005,-0.012845767927636167,,10.0,60,0,0.0,0.0,0.0,truncated_http_400_at_offset_3500,571.4351948668436,15286.699672133169,571.4351948668436,,1
5m,300,btc-up-or-down-5m,btc-updown-5m,btc-updown-5m-1777300200,0xcacfcb3436bfb04ecb50cbb64a41ee4444ec193906a5e21e95200d9c977a6bfd,Up,already_winner_assist,1,0,8.336470101862115,2.1934029965679023,-1667.189650176,1667.189650176,,,10.0,60,0,0.0,0.0,0.0,truncated_http_400_at_offset_3500,1891.2295409581038,12000.662203041908,1891.2295409581038,,1
5m,300,btc-up-or-down-5m,btc-updown-5m,btc-updown-5m-1777300800,0x06460d7ae58138110b846a025e2b4be2f7df37f15da337829f274cf851426fb6,Up,already_winner_assist,1,0,5.980401968282343,0.0,57.65965068,57.65965068,,,10.0,60,0,0.0,0.0,0.0,truncated_http_400_at_offset_3500,4715.486785603814,15927.145197396167,4715.486785603814,,1
5m,300,btc-up-or-down-5m,btc-updown-5m,btc-updown-5m-1777305000,0x38affa19ace930bd69858f32f0a5a7ccdb0749664645e7879b2d765b4aec2aee,Up,already_winner_assist,1,0,4.2264881136118,2.576893608076659,17769.01472457,17769.01472457,0.5595719666323855,7.081544801625304,10.0,60,1,4.5788860465564465,35.53802944914,40.116915495696446,truncated_http_400_at_offset_3500,2730.134246592516,5112.948268407485,2690.0173310968194,68.05444069809883,1
5m,300,btc-up-or-down-5m,btc-updown-5m,btc-updown-5m-1777308900,0x456a482a8d95cd528e531c9821ce22e632f2224ac646be21282dd426dcd0c103,Down,already_winner_assist,1,0,5.422582528338888,-0.0,-628.3010525999999,628.3010525999999,3.654255290392591,7.111517368984002,10.0,60,0,0.0,0.0,0.0,ok,459.88498395352434,10782.40669704649,459.88498395352434,,1
5m,300,btc-up-or-down-5m,btc-updown-5m,btc-updown-5m-1777311300,0x5bda9d149f9d4f7408e3d7492ad839624453f991e90800543a7573e747db43f0,Down,already_winner_assist,1,0,8.505833277942868,-0.0,52.735484542,52.735484542,-0.8717097030060864,-8.29082219686223,10.0,60,0,0.0,0.0,0.0,ok,298.18281266337584,10540.75142133662,298.18281266337584,,1
5m,300,btc-up-or-down-5m,btc-updown-5m,btc-updown-5m-1777311600,0x4a48645f41c650e65982a919cf6f5b3eae99d09ecf9fc8324f3079b5c715650c,Up,already_winner_assist,1,0,2.3583869438404927,-0.01300846005246544,-1189.055898042,1189.055898042,0.6374352728911166,,10.0,60,0,0.0,0.0,0.0,truncated_http_400_at_offset_3500,2839.176267271338,13457.700198728675,2839.176267271338,,1
5m,300,btc-up-or-down-5m,btc-updown-5m,btc-updown-5m-1777316400,0xce65d5c9516061ec4383ea2292443a851f4d790a0ba2af7f9a849f5a299c9b31,Down,already_winner_assist,1,0,3.1470460208605697,-0.0,-69.307289432,69.307289432,,-1.7707572507355709,10.0,60,0,0.0,0.0,0.0,truncated_http_400_at_offset_3500,733.5684204409052,8819.822211559102,733.5684204409052,,1
5m,300,btc-up-or-down-5m,btc-updown-5m,btc-updown-5m-1777320000,0xe254e786d98823531382ade3197a91257b2923097411745533687f395ae4fd87,Up,already_winner_assist,1,0,7.5462741215023845,0.8058876596971523,254.39868588000002,1716.19978588,-0.0,,10.0,60,1,0.020501676159386417,0.50879737176,0.5292990479193864,truncated_http_400_at_offset_3500,835.821560380988,17328.38533761898,835.2922613330686,1579.110266051878,1
5m,300,btc-up-or-down-5m,btc-updown-5m,btc-updown-5m-1777322100,0xf6b046f023b6233867c0ec9f80e859ebe5cc91c1a273ade2d0342588135618ff,Down,other,0,0,0.44965935587177774,0.01298428965756426,9568.96706225,9568.96706225,,-2.701098766255435,10.0,60,1,0.012424624005994573,19.1379341245,19.150358748505994,truncated_http_400_at_offset_3500,4230.052124425158,3876.1162135748436,4210.901765676652,220.8863123650445,1
5m,300,btc-up-or-down-5m,btc-updown-5m,btc-updown-5m-1777323300,0x2cce0ad86b1bc430a4c4dac1bf3a2653391d986c6ada68cd15f240cfbe2c9f84,Up,already_winner_assist,1,0,0.1990313793807174,-1.9614248840392443,-103.73581524900001,311.65612118700005,2.13072519518327,5.522632863847813,10.0,60,0,0.0,0.0,0.0,truncated_http_400_at_offset_3500,1147.0266308367304,5065.285541163271,1147.0266308367304,,1
5m,300,btc-up-or-down-5m,btc-updown-5m,btc-updown-5m-1777325700,0x9f03138525db3182c0d4d7b65692860790ca158f4d13be1fdb5e50d752b33200,Down,already_winner_assist,1,0,2.6734397013824185,-0.0,-82.801223591,85.72604135899999,,,10.0,60,0,0.0,0.0,0.0,ok,165.88707537649287,3894.5027406235076,165.88707537649287,,1
5m,300,btc-up-or-down-5m,btc-updown-5m,btc-updown-5m-1777326300,0xe4e768eac0403da5a213359e161c97991805bfa71d9152eddbffe5354c497de7,Up,other,0,0,1.4812515010563825,-0.013005313319939146,-257.111669912,257.111669912,-0.01300531332036947,,10.0,60,0,0.0,0.0,0.0,truncated_http_400_at_offset_3500,2594.6804149526356,5952.197951047365,2594.6804149526356,,1
5m,300,btc-up-or-down-5m,btc-updown-5m,btc-updown-5m-1777326600,0xf69531c4aac0afa286f2fed3ade68e2a7ee1a9605f15584705354e59eafe3249,Down,already_winner_assist,1,0,8.84321100515411,1.9258320499758865,456.110749842,456.110749842,,-0.13013716457342395,10.0,60,1,0.08783927003842576,0.9122214996840001,1.000060769722426,ok,241.07840592043982,9875.886896079555,240.07834515071738,241.06375654286774,1
5m,300,btc-up-or-down-5m,btc-updown-5m,btc-updown-5m-1777329900,0x147024cacbc28ec386b43acbb9b2e06d58ac34030bc7a56102980dd4a13bd412,Up,already_winner_assist,1,0,8.495527888507512,0.4022612271962305,131.68289189799998,131.68289189799998,,3.543050369790581,10.0,60,1,0.005297092169563803,0.26336578379599995,0.26866287596556376,ok,471.1338834096401,13719.246919590358,470.8652205336745,1753.6248047535541,1
5m,300,btc-up-or-down-5m,btc-updown-5m,btc-updown-5m-1777341000,0x903ce3d3946f96d5dcb636a47bfae04386c2c5740abc626c0b3ad865f645fe41,Up,other,0,0,2.002751232996388,1.063519342140555,-1398.21393591,1598.214851766,,,10.0,60,0,0.0,0.0,0.0,truncated_http_400_at_offset_3500,4175.9180570740355,2366.0154569259644,4175.9180570740355,,1
5m,300,btc-up-or-down-5m,btc-updown-5m,btc-updown-5m-1777344000,0x04c5b5067652d6a77bb8ec06941c9c5088e418e6227ed2d891a2103538648a03,Down,already_winner_assist,1,0,0.2455027120004126,0.8605234856515926,26970.888715959,28197.390031779,,,10.0,60,1,2.3209083168978246,53.941777431918005,56.26268574881583,truncated_http_400_at_offset_3500,4130.642887077458,1971.75726092254,4074.380201328642,73.41709397803493,1
5m,300,btc-up-or-down-5m,btc-updown-5m,btc-updown-5m-1777344300,0x4c49b5a7cc99e7d0844b5e688db2dc3ab0dab6f5c36b785f3f722ab2f1d6ec13,Down,already_winner_assist,1,0,0.33607288175961386,-0.0,-7856.637321204001,7856.637321204001,0.0,8.172347032719212,10.0,60,0,0.0,0.0,0.0,truncated_http_400_at_offset_3500,653.1877703394882,4440.256832660516,653.1877703394882,,1
5m,300,btc-up-or-down-5m,btc-updown-5m,btc-updown-5m-1777345200,0xc8c4013294b64bd3a4d9fc52d84ea5999fbc871843ee787ef62520894a3d3aa6,Down,already_winner_assist,1,0,9.836602616058038,-0.0,-97.56112111200001,97.56112111200001,0.0,,10.0,60,0,0.0,0.0,0.0,ok,106.52789216339278,6659.511982836609,106.52789216339278,,1
5m,300,btc-up-or-down-5m,btc-updown-5m,btc-updown-5m-1777345500,0x0625cde35f435d1e614d4b38700b35b58c21d51b6260171ad1bb7579765275a2,Down,already_winner_assist,1,0,5.655948505356461,0.013030920419742005,1.170292625,1.170292625,,,10.0,60,1,1.5249990064185973e-06,0.0023405852500000004,0.002342110249006419,truncated_http_400_at_offset_3500,581.6977578111396,13424.435834188855,581.6954157008905,248364.80607943633,1
5m,300,btc-up-or-down-5m,btc-updown-5m,btc-updown-5m-1777345800,0x4a6d002aaf2833972500dabf6c9840ca7f0c70ffe307b0c9bfb9ce718cd5f082,Down,other,0,0,0.4190119969684877,0.013026286393869994,133.988011256,133.988011256,,,10.0,60,1,0.00017453662079657323,0.267976022512,0.26815055913279656,ok,508.9101997860527,3288.0296992139492,508.64204922691994,1897.8524655397957,1
5m,300,btc-up-or-down-5m,btc-updown-5m,btc-updown-5m-1777346100,0x1d12ba12d99b0694d44376fe6cdafa085f462b7c0e23d04d5e09c2ba06bd9ba1,Down,already_winner_assist,1,0,4.561093459221651,0.9120105278390206,207.67552250000003,207.67552250000003,,,10.0,60,1,0.018940226289446943,0.4153510450000001,0.434291271289447,truncated_http_400_at_offset_3500,942.853141690264,6303.2942303097425,942.4188504189746,2171.0156386308536,1
5m,300,btc-up-or-down-5m,btc-updown-5m,btc-updown-5m-1777353000,0x4f01ade3d7d5583026db9bbdc2bdf2bf078bdea7b9bbe3169af6673444d4cb23,Down,already_winner_assist,1,0,2.8323636788841244,-0.012995628921908784,1700.8969469659999,1710.700249566,0.0,,10.0,60,0,0.0,0.0,0.0,ok,372.53166841672174,7738.776354583285,372.53166841672174,,1
5m,300,btc-up-or-down-5m,btc-updown-5m,btc-updown-5m-1777355400,0x600d1a5b0e17d59c0c921c039ed6fbf00087f6640e4cb50387611c0f14862e87,Up,already_winner_assist,1,0,6.25520161541153,0.0,22.514618040000002,22.514618040000002,,,10.0,60,0,0.0,0.0,0.0,ok,101.45224005976493,6308.646143940243,101.45224005976493,,1
5m,300,btc-up-or-down-5m,btc-updown-5m,btc-updown-5m-1777356900,0x45b8ecc11656321c8057de22cab4e01d26dd1238c0bc20a7f53611507256782f,Down,already_winner_assist,1,0,4.054788215244537,-0.0,846.8846169839999,846.8846169839999,0.012992505273519863,,10.0,60,0,0.0,0.0,0.0,ok,252.94500401656563,8712.409401983441,252.94500401656563,,1
5m,300,btc-up-or-down-5m,btc-updown-5m,btc-updown-5m-1777360200,0xeea8ec8add49107667c851a6fca225318615486318b71b5be7039c4254c56b46,Down,already_winner_assist,1,0,7.113209117604493,0.14365855235567143,-4397.634472506,4397.634472506,-0.013059970730937433,,10.0,60,0,0.0,0.0,0.0,ok,487.35344897295175,7511.703611027044,487.35344897295175,,1
5m,300,btc-up-or-down-5m,btc-updown-5m,btc-updown-5m-1777360500,0xbca4f5ad87097de49187b7b843933fe1ca072e4c5a3a65ad424306e0a71ad4f0,Down,already_winner_assist,1,0,6.6740814735298715,-0.01307185270754224,-2.5107398460000003,2.5107398460000003,-0.01307185270743299,2.0520689697886176,10.0,60,0,0.0,0.0,0.0,ok,216.1479339926572,11705.46263300734,216.1479339926572,,1
5m,300,btc-up-or-down-5m,btc-updown-5m,btc-updown-5m-1777361400,0x50d676c657e37df1c26617384254613680f99d3d8e3f6c1d677633b7ea3c7e11,Up,already_winner_assist,1,0,8.389009908840228,0.01303718923407172,7.67037,7.67037,,,10.0,60,1,1.000000651853467e-05,0.01534074,0.015350740006518536,ok,63.237318447320774,5292.33779555268,63.221967707314256,4119.496416489869,1
5m,300,btc-up-or-down-5m,btc-updown-5m,btc-updown-5m-1777366500,0x2a3ffe8c839acbde7f258a1dfa820ee63c14915fe49beeeff5cedbc2023ea35e,Up,already_winner_assist,1,0,8.183130730354275,0.013012302480520753,77.176456392,77.176456392,-0.052049040607129955,,10.0,60,1,0.00010042433949474235,0.154352912784,0.15445333712349477,ok,86.90583161043973,3559.86601138956,86.75137827331623,562.6672315985849,1
5m,300,btc-up-or-down-5m,btc-updown-5m,btc-updown-5m-1777369200,0xbc5b1f28188e489027bcdcfa98d130427934217838ddc5a9cf2622984f64c9a8,Down,already_winner_assist,1,0,3.888865272382738,-0.01304128675771164,-100.39276630000002,100.39276630000002,0.0,-1.2520410894508913,10.0,60,0,0.0,0.0,0.0,ok,997.7093361690555,9716.059609830956,997.7093361690555,,1
5m,300,btc-up-or-down-5m,btc-updown-5m,btc-updown-5m-1777369800,0x392dccd94003281a10ab1404ef4e210f888239e16744400a5bdcfdd13e4c1bb7,Up,already_winner_assist,1,0,3.9833850704596743,-0.013052470276434917,-9.154582962,9.154582962,-0.01305247027721942,-0.01305247027721942,10.0,60,0,0.0,0.0,0.0,truncated_http_400_at_offset_3500,536.392971538893,6224.5780974611025,536.392971538893,,1
5m,300,btc-up-or-down-5m,btc-updown-5m,btc-updown-5m-1777371000,0x33512790621bd1514c4ea8f8011dc4f23a8fc1091846b573c1f6340d5d7b5071,Down,already_winner_assist,1,0,3.62366857429171,0.7317114603645719,-0.0007843810000007778,29.204632381000003,0.0,,10.0,60,0,0.0,0.0,0.0,ok,562.7397055681726,5181.228991431823,562.7397055681726,,1
5m,300,btc-up-or-down-5m,btc-updown-5m,btc-updown-5m-1777372500,0xbd5efaccac30bf607a931e607bf263e243aa68196e7af3bdce61d32c0372f673,Down,already_winner_assist,1,0,4.715155260154912,-0.013062410237529276,-5.769995572000001,5.769995572000001,0.0,,10.0,60,0,0.0,0.0,0.0,ok,167.24591025409381,4797.633051745913,167.24591025409381,,1
5m,300,btc-up-or-down-5m,btc-updown-5m,btc-updown-5m-1777373400,0x5fdf44240b200eac39a7650993dbd57afe5d70e164f4cb30375ad899a7c458b5,Down,other,0,0,0.8463403479061645,0.01305080089406646,27.414391608,27.414391608,0.013050800894767706,,10.0,60,1,3.5777976650797446e-05,0.054828783216,0.0548645611926508,ok,1193.5335562572773,2942.126027742725,1193.4786916960845,21754.18029985362,1
5m,300,btc-up-or-down-5m,btc-updown-5m,btc-updown-5m-1777373700,0xe122bd7dd26b620fcd7b898329728c7cfd82291936c239bd2f515427d9d69854,Down,already_winner_assist,1,0,0.21667199969542214,-2.6892950553742763,-464.06553447400006,464.06553447400006,,,10.0,60,0,0.0,0.0,0.0,ok,1368.9573641180757,5204.791490881922,1368.9573641180757,,1
5m,300,btc-up-or-down-5m,btc-updown-5m,btc-updown-5m-1777376400,0x95e95c72117faf1e035025d497efeceee32e23ac0fbf5e919084d2f84ecad2fc,Up,already_winner_assist,1,0,8.262114025204507,1.311315474220882,106.76760704,118.399438076,,,10.0,60,1,0.014000601525708638,0.21353521408,0.22753581560570865,ok,0.06010100000000006,5.949999,-0.1674348156057086,0.26413863610882093,0
5m,300,btc-up-or-down-5m,btc-updown-5m,btc-updown-5m-1777377300,0x71d3b1ff7db04fe448947720738e881674c073448f67e2eec752c97eb4808fb6,Up,already_winner_assist,1,0,6.794202501966838,0.0,98.04355040699998,98.04355040699998,-5.930318928436389,-2.598227446124714,10.0,60,0,0.0,0.0,0.0,ok,0.12121200000000013,11.999988000000002,0.12121200000000013,,1
5m,300,btc-up-or-down-5m,btc-updown-5m,btc-updown-5m-1777377900,0xa19f99a453af4c922414ac498753df504de623d77eba5fe5efde65db45be2431,Up,already_winner_assist,1,0,2.037679012670594,0.0,14.852410987999999,14.852410987999999,0.013121783932034226,,10.0,60,0,0.0,0.0,0.0,ok,0.0,0.0,0.0,,0
5m,300,btc-up-or-down-5m,btc-updown-5m,btc-updown-5m-1777378200,0x0412fd2a5896e5ce6d9ec5fd320e37ef12245410351b168c1774f26bf08f8e60,Up,already_winner_assist,1,0,6.982742209178314,0.013112561506090444,43.697821772000005,43.697821772000005,-0.0,-0.0,10.0,60,1,5.729903756675282e-05,0.087395643544,0.08745294258156676,ok,8.448251000000015,421.4650689999999,8.360798057418448,96.60339321481824,1
5m,300,btc-up-or-down-5m,btc-updown-5m,btc-updown-5m-1777378800,0xd23e4e15e0cc52204c9aedf25f9f6be9ffa3b174e900c28636de525d528900fb,Up,already_winner_assist,1,0,3.4356753605351025,-2.308805347793217,308.87762342900004,308.87762342900004,,,10.0,60,0,0.0,0.0,0.0,ok,3.9370560000000037,368.6738240000001,3.9370560000000037,,1
5m,300,btc-up-or-down-5m,btc-updown-5m,btc-updown-5m-1777380600,0x6200903144131420c88465f4a92a2f15c0b95e33c6e3f768de5e972888054a10,Down,already_winner_assist,1,0,5.837827005491908,-0.0,-24.750044341000002,24.750044341000002,,-0.013095338649154797,10.0,60,0,0.0,0.0,0.0,ok,94.55414400000002,4858.78617,94.55414400000002,,1
5m,300,btc-up-or-down-5m,btc-updown-5m,btc-updown-5m-1777380900,0x1539ce8dfb340c1fc8e473628e8b0380da5fa99fd60471e8a27596923484e91f,Up,already_winner_assist,1,0,3.4348730103198797,1.7025378331934544,19.515353836000003,19.515353836000003,-0.0,-0.0,10.0,60,1,0.003322562823394701,0.039030707672,0.0423532704953947,ok,1276.081252000001,2246.7321770000003,1276.0388987295057,30129.46195356404,1
5m,300,btc-up-or-down-5m,btc-updown-5m,btc-updown-5m-1777382700,0xc2824f610214bf752e577b88ebc237ed68389e503cd005ea3c33d1c83bb86375,Up,already_winner_assist,1,0,8.197796113154471,2.2708374040177115,990.729158577,1007.5782353430001,3.268593765870747,1.1550436041807863,10.0,60,1,0.22497848305476464,1.9814583171540001,2.2064368002087646,ok,2227.955265000001,10539.43259599996,2225.748828199792,1009.7525860650984,1
5m,300,btc-up-or-down-5m,btc-updown-5m,btc-updown-5m-1777385100,0x540cc76134293d3a57e022b63b1af141de6929814c875348bbc6a0832e321027,Up,already_winner_assist,1,0,0.982160374933055,0.0,36.108305728,36.108305728,,,10.0,60,0,0.0,0.0,0.0,ok,1776.1212160000018,6175.656195999998,1776.1212160000018,,1
5m,300,btc-up-or-down-5m,btc-updown-5m,btc-updown-5m-1777392000,0xf99480a41fba9f00306b2bd9fd91619259c3ba9a9135b5cbb0317af58647578d,Up,already_winner_assist,1,0,0.8908111942690645,0.8283157781155533,17573.375413122998,24661.723430477,,,10.0,60,1,1.455630412943771,35.14675082624599,36.60238123918976,truncated_http_400_at_offset_3500,2838.897609000003,7629.094903999985,2802.295227760813,77.56046226742284,1
5m,300,btc-up-or-down-5m,btc-updown-5m,btc-updown-5m-1777393500,0x27e779f1c7fc02a74325f13efc8dcd2f86bb20989aaf3685dc46627c73f41210,Down,already_winner_assist,1,0,2.0931642390141763,0.013164832258007539,-330.19356588899996,335.494047711,,0.013164832258418337,10.0,60,0,0.0,0.0,0.0,ok,1313.937932,8164.154419999988,1313.937932,,1
5m,300,btc-up-or-down-5m,btc-updown-5m,btc-updown-5m-1777394700,0xa6667ce58b97feda9ae8aac7708f43b1829c3a6e4080a275997f1c7248816b7b,Down,already_winner_assist,1,0,1.349223434352987,-0.0,-3.160426032,3.160426032,0.0,,10.0,60,0,0.0,0.0,0.0,truncated_http_400_at_offset_3500,3292.1839610000015,3928.4484990000005,3292.1839610000015,,1
5m,300,btc-up-or-down-5m,btc-updown-5m,btc-updown-5m-1777398300,0xc671de1eff725fb96391655abff489e4a7275fb93a87e4d324aacec9f56fcc3e,Down,already_winner_assist,1,0,2.542761810031353,-0.0,-505.6552191239999,505.6552191239999,0.0,,10.0,60,0,0.0,0.0,0.0,truncated_http_400_at_offset_3500,2752.6231020000014,3919.280620999997,2752.6231020000014,,1
5m,300,btc-up-or-down-5m,btc-updown-5m,btc-updown-5m-1777405800,0x2a448b558984524328349e2af7ecd1ea8ce77d0a9d9d94977f59545eccd7513b,Up,already_winner_assist,1,0,5.200029166133974,1.3762865843616086,7089.538439589,7101.7550237549995,,-0.4456141087397637,10.0,60,1,0.9757236643722271,14.179076879178,15.154800543550227,ok,1420.0902300000002,8624.707578999987,1404.93542945645,93.7056364363951,1
5m,300,btc-up-or-down-5m,btc-updown-5m,btc-updown-5m-1777406100,0x9359cb404b553685fb771bd4e6ef17b56aebeac18246ef37a9299558436f19d8,Up,flip,0,1,1.5664186062310437,1.2842000172272956,6624.002449935,7569.740635851001,-4.008787945574569,,10.0,60,1,0.8506544060320175,13.248004899869999,14.098659305902016,truncated_http_400_at_offset_3500,1147.8768350000007,4346.893946999994,1133.7781756940988,81.41744616237898,1
5m,300,btc-up-or-down-5m,btc-updown-5m,btc-updown-5m-1777407900,0x8591d82e856d07e51d20279322213368d61ed7450ac2d3b7c9952ae1a0dff99f,Down,other,0,0,0.3927639813154046,-0.0,-5.711795319999999,5.711795319999999,,,10.0,60,0,0.0,0.0,0.0,ok,1230.0438570000001,1639.161788999998,1230.0438570000001,,1
5m,300,btc-up-or-down-5m,btc-updown-5m,btc-updown-5m-1777412400,0x1de12b516cfdbafd152ae44e7b3a6d76c4b95d78d1b3071c08a737fa3cf64af1,Down,already_winner_assist,1,0,6.120444641229971,-0.0,-97.560747031,97.560747031,,,10.0,60,0,0.0,0.0,0.0,ok,110.23041500000004,5152.681608000001,110.23041500000004,,1
5m,300,btc-up-or-down-5m,btc-updown-5m,btc-updown-5m-1777419900,0x459378f64df1b2fcbd5cf092c9469a76d896e8e879dd273ae1e8d839e85e3999,Up,already_winner_assist,1,0,3.7774561145508168,-0.013103231847819486,-1.3416528600000002,1.3416528600000002,-0.013103231847950076,,10.0,60,0,0.0,0.0,0.0,ok,77.96789400000003,4433.7117759999965,77.96789400000003,,1
5m,300,btc-up-or-down-5m,btc-updown-5m,btc-updown-5m-1777421100,0xf404989ec2daf704931683ccd3cfcde2ea94c5d17a991152cd8a33fd4936e10f,Up,already_winner_assist,1,0,1.2578720175174056,1.1396974312151396,2678.99191077,2678.99191077,,,10.0,60,1,0.3053240198950707,5.3579838215399995,5.663307841435071,ok,1178.49726,2443.824028999998,1172.8339521585651,208.09344873991014,1
5m,300,btc-up-or-down-5m,btc-updown-5m,btc-updown-5m-1777422900,0x736d664b1efb836b43d16877a612d96b27e988c660cca8ac732dc02a8ffebfa9,Up,already_winner_assist,1,0,5.7332280058048655,2.424294853301402,297.544531216,297.544531216,,,10.0,60,1,0.07213356756549272,0.595089062432,0.6672226299974927,ok,2640.7682210000003,7791.226149999975,2640.100998370003,3957.851700878197,1
5m,300,btc-up-or-down-5m,btc-updown-5m,btc-updown-5m-1777423500,0x9dd532131e5f526105712d9aa9c522624054800244e721f429aaf29b5b701a24,Up,already_winner_assist,1,0,3.7313843881190136,0.0,19.559022232,19.559022232,0.013087574851600104,,10.0,60,0,0.0,0.0,0.0,ok,96.92807299999998,4434.054477999997,96.92807299999998,,1
5m,300,btc-up-or-down-5m,btc-updown-5m,btc-updown-5m-1777430100,0x82fdb141c6045fbe14b342dcf3e401da28b614c02c395cea3e2c194a2dc11637,Down,other,0,0,0.47841565698718297,-0.0,-140.948507232,140.948507232,,,10.0,60,0,0.0,0.0,0.0,ok,969.4932259999999,1650.8676779999996,969.4932259999999,,1
5m,300,btc-up-or-down-5m,btc-updown-5m,btc-updown-5m-1777436700,0x6a6db6a8be1bf85b56b4d10035140076bc25d83f5a361d7c68ed530c727921ff,Up,already_winner_assist,1,0,5.790537122353632,-0.01298413792873759,-591.8163306920001,609.095887248,,-1.9604139262573914,10.0,60,0,0.0,0.0,0.0,ok,268.39557900000005,6800.944064000003,268.39557900000005,,1
5m,300,btc-up-or-down-5m,btc-updown-5m,btc-updown-5m-1777447500,0x07432411fdc2f7479ec2ac7f2b64d593a57f3ca3df6df933622cbf9242cb4317,Up,already_winner_assist,1,0,1.907400673333576,0.0,-15.60866592,15.60866592,,,10.0,60,0,0.0,0.0,0.0,ok,455.6981579999999,4245.493183999994,455.6981579999999,,1
5m,300,btc-up-or-down-5m,btc-updown-5m,btc-updown-5m-1777455600,0x3bd157793db5b5e8e590cb0d6dcf0e9a4d1f288118bfa2f4c1b0311e2d017b6d,Up,already_winner_assist,1,0,2.548355148213842,0.06473359213892674,117.08505816300004,904.494860329,,0.24598987947017867,10.0,60,1,0.000757933640068616,0.23417011632600007,0.2349280499660687,ok,845.2749250000003,7863.95371199999,845.0399969500343,3598.0161803670767,1
5m,300,btc-up-or-down-5m,btc-updown-5m,btc-updown-5m-1777456800,0x111bbef9da90323f04c560986f788a20277cfa7e9f1545f50b4c8041bc97fe57,Up,already_winner_assist,1,0,7.956702447766818,0.0,19.802151259000002,19.802151259000002,,,10.0,60,0,0.0,0.0,0.0,ok,292.30128500000006,5880.566114999998,292.30128500000006,,1
5m,300,btc-up-or-down-5m,btc-updown-5m,btc-updown-5m-1777460400,0xbdf83a9e94df7f7694b1c3d3ccaf072541f062012a54066be66e6d0e133b5280,Up,already_winner_assist,1,0,7.18365433279385,1.764644135752759,-511.49512019099996,511.49512019099996,,,10.0,60,0,0.0,0.0,0.0,truncated_http_400_at_offset_3500,2210.7129900000014,5141.679809999981,2210.7129900000014,,1
5m,300,btc-up-or-down-5m,btc-updown-5m,btc-updown-5m-1777463100,0xf20607a873d2a8141e4419736b29e6e3e7c5bbde2bc736692150d1a12aa43e0b,Up,already_winner_assist,1,0,3.358693804814399,-0.05155031117199757,-188431.28291125598,189156.010871256,2.436055175162405,,10.0,60,0,0.0,0.0,0.0,ok,1410.5434040000002,9757.458243999989,1410.5434040000002,,1
5m,300,btc-up-or-down-5m,btc-updown-5m,btc-updown-5m-1777464300,0x0265836d4e8ef495ef27fd07d57129cba297406f798f198b01ab1b6d88eee237,Down,other,0,0,0.16769790042092828,-0.09034560420485628,-154991.51591089502,154991.51591089502,0.0,,10.0,60,0,0.0,0.0,0.0,ok,2966.6592539999992,1276.0058819999974,2966.6592539999992,,1
5m,300,btc-up-or-down-5m,btc-updown-5m,btc-updown-5m-1777466700,0x2ae1a7993767117baadb0c1ff8e2f44a1332b782dc6094c1ce98aeb5e0c7f6b4,Down,already_winner_assist,1,0,2.772857153901204,0.012962661700057922,-52.132847601,55.581211221,,,10.0,60,0,0.0,0.0,0.0,truncated_http_400_at_offset_3500,2243.258252,6145.991395999996,2243.258252,,1
5m,300,btc-up-or-down-5m,btc-updown-5m,btc-updown-5m-1777470300,0xf2244cb6d4e476a331037cdea1de5428343751fd6b6b27d0b50505666b60e9b1,Up,already_winner_assist,1,0,5.320498948238615,-0.7962859140562498,-154719.26542896198,154719.26542896198,,,10.0,60,0,0.0,0.0,0.0,truncated_http_400_at_offset_3500,2832.5018779999987,18254.530292999923,2832.5018779999987,,1
5m,300,btc-up-or-down-5m,btc-updown-5m,btc-updown-5m-1777470900,0x249c211aa1f7fe9258c90708e3f5eb81e8fb174d7d4edfb263cc8196170d3c31,Down,already_winner_assist,1,0,0.04222041020602429,-0.9639395435006332,149190.482787794,157829.854756212,-0.5470894192966957,,10.0,60,0,0.0,0.0,0.0,truncated_http_400_at_offset_3500,2832.480903999999,2580.983521999998,2832.480903999999,,1
5m,300,btc-up-or-down-5m,btc-updown-5m,btc-updown-5m-1777472400,0x172d0185f4d4f04fb3d039fcd09542f44bd6d12e9a91715ec5880a0f2645c061,Up,already_winner_assist,1,0,3.5486413599611377,1.1873640987653522,-1124.9560385250002,1245.900905769,,,10.0,60,0,0.0,0.0,0.0,truncated_http_400_at_offset_3500,4844.005444,3156.752564999995,4844.005444,,1
5m,300,btc-up-or-down-5m,btc-updown-5m,btc-updown-5m-1777476300,0x5e830dbe9dd248c970a0301d3ab9637a94181b58fd913eaabe33cb8837c30c13,Down,already_winner_assist,1,0,3.3662568499043184,2.3222083912463063,954.9911264069997,11036.135606807,-0.551111671109872,,10.0,60,1,0.22176884073080969,1.9099822528139994,2.131751093544809,truncated_http_400_at_offset_3500,3550.031715000001,3749.2714300000002,3547.8999639064564,1665.312486879876,1
5m,300,btc-up-or-down-5m,btc-updown-5m,btc-updown-5m-1777489200,0x7034451218f1ddb03171f4d000f270174849e3c99bc77c7f574478812efd4540,Up,flip,0,1,1.2193530821460599,1.9209559795830287,11.639880195000002,11.639880195000002,,8.309131975038342,10.0,60,1,0.0022359697462215325,0.023279760390000005,0.025515730136221538,truncated_http_400_at_offset_3500,1380.3381220000017,3861.6944649999996,1380.3126062698655,54097.53570173192,1
5m,300,btc-up-or-down-5m,btc-updown-5m,btc-updown-5m-1777490700,0x996300eba1ff5680b28ebeec2996338c5e0cfa79a6516093928d61bcf2c72415,Down,already_winner_assist,1,0,3.883520685358843,-0.0,-151017.4,151017.4,0.0,-6.040863444258127,10.0,60,0,0.0,0.0,0.0,ok,2756.9378640000023,6455.415802999989,2756.9378640000023,,1
5m,300,btc-up-or-down-5m,btc-updown-5m,btc-updown-5m-1777503000,0x0a7a3a6ad809e2a8b73ca98d19ed07e2a1b4e4e10081d362fb550fa9d339ae21,Up,already_winner_assist,1,0,4.109455492137444,0.0,901.633981456,901.633981456,,0.10536464068200622,10.0,60,0,0.0,0.0,0.0,ok,140.4989040000002,5890.421659000006,140.4989040000002,,1
5m,300,btc-up-or-down-5m,btc-updown-5m,btc-updown-5m-1777505100,0x664032f08ba5e6845a7af16a5627af3de84f2e646e0ce25637f1ba6f19716b75,Up,already_winner_assist,1,0,3.144344275524112,-0.9109758736308795,-158.28176263499998,158.28176263499998,,-2.363084668173493,10.0,60,0,0.0,0.0,0.0,ok,1212.568336,5657.944083999993,1212.568336,,1
5m,300,btc-up-or-down-5m,btc-updown-5m,btc-updown-5m-1777508100,0xe5679b0e079552c6c4a3edff9dbaaed8bff1a3dd38c3260f7e6ba59b628b35b8,Up,other,0,0,2.0948888048773644,0.25103635073749897,146.486903101,432.48612574099997,-0.13212186392471492,-1.5589267745534194,10.0,60,1,0.003677353758531266,0.29297380620200003,0.2966511599605313,ok,3021.9293550000043,2917.4185510000034,3021.6327038400436,10186.811187261375,1
5m,300,btc-up-or-down-5m,btc-updown-5m,btc-updown-5m-1777510500,0xb694f6fe5b37cc09c00afd7b3ae18145536f6dd386fbba5bdfea2509afb1be4b,Down,already_winner_assist,1,0,6.433461026482102,0.3410046258925255,69746.69579733601,69844.228923124,,-3.515648607782323,10.0,60,1,2.378394590761035,139.493391594672,141.87178618543305,truncated_http_400_at_offset_3500,4467.031784000001,4255.3760530000045,4325.159997814568,31.48639982696335,1
5m,300,btc-up-or-down-5m,btc-updown-5m,btc-updown-5m-1777511400,0x61da97c6fd724a27f9fada2c28ce422001265648bf1e6b157135fad4f8ef2661,Down,already_winner_assist,1,0,5.55931099113576,0.01312438438530227,124.70443398000002,124.70443398000002,-2.388924850797333,-3.229121982545199,10.0,60,1,0.00016366689261050702,0.24940886796000003,0.24957253485261055,truncated_http_400_at_offset_3500,2165.7435999999984,6071.021725999987,2165.494027465146,8677.812249168428,1
5m,300,btc-up-or-down-5m,btc-updown-5m,btc-updown-5m-1777522200,0x4b969335c74683b802fed505b4a7d35c869607cde2a6898eab836cf3c8dc285e,Down,other,0,0,1.348334230587188,-0.013197286901245294,-864.99654192,864.99654192,,0.0,10.0,60,0,0.0,0.0,0.0,truncated_http_400_at_offset_3500,2209.506181000004,4134.224854999989,2209.506181000004,,1
5m,300,btc-up-or-down-5m,btc-updown-5m,btc-updown-5m-1777532700,0x8223156da0317d1192c1e5ecd10896de29e045c0835a0e55a2fae279a84b0e17,Up,already_winner_assist,1,0,7.196981332873008,-0.013191089420192408,-47.210626012,47.210626012,,,10.0,60,0,0.0,0.0,0.0,ok,98.53494800000017,6027.212678999997,98.53494800000017,,1
5m,300,btc-up-or-down-5m,btc-updown-5m,btc-updown-5m-1777534500,0x0c7213fd6f9706e624962d30c05b0ce6291ea97f0bbd6419a56d6b6aac3f11c9,Up,already_winner_assist,1,0,8.349485194346578,0.0,-0.2508946359999995,4.377781324000001,-0.0,,10.0,60,0,0.0,0.0,0.0,ok,585.598688,8071.475636999998,585.598688,,1
5m,300,btc-up-or-down-5m,btc-updown-5m,btc-updown-5m-1777535700,0x5ad02710a597ef4d49c18f87dc119f2055813673780c6767f0c8a5d41cd56caf,Up,flip,0,1,3.298099051237736,1.3270676488902966,46329.096927891,46672.92387210899,,,10.0,60,1,6.148184573530696,92.65819385578199,98.80637842931269,ok,3538.319489000001,5685.4917769999975,3439.5131105706882,35.81063839447732,1
5m,300,btc-up-or-down-5m,btc-updown-5m,btc-updown-5m-1777538400,0xef5f80429e179b9f19a4a3e3f296625bd3b7953ab8ca32d75c926a7fcf990822,Up,already_winner_assist,1,0,1.635185671017496,0.013140526766126677,4.86586597,4.86586597,,,10.0,60,1,6.394004201916995e-06,0.00973173194,0.009738125944201917,ok,2338.590898000001,2018.4861779999985,2338.5811598740565,240147.9413390005,1
5m,300,btc-up-or-down-5m,btc-updown-5m,btc-updown-5m-1777541700,0x97b9db5a4749fa0faf8bc072f50a65b33d23c04a8b84a77fc4c346ce4ae42b32,Up,already_winner_assist,1,0,2.5843043818189435,0.013121422362062875,0.9732183010000001,0.9732183010000001,,0.013121422363006913,10.0,60,1,1.277000837791024e-06,0.001946436602,0.001947713602837791,ok,948.8611229999996,4913.087722999995,948.8591752863967,487166.6561333876,1
5m,300,btc-up-or-down-5m,btc-updown-5m,btc-updown-5m-1777553700,0x928104d7deab5ed311045c4484850ebe1e4b009650ad3a7a5034dd4f3ad1d583,Down,already_winner_assist,1,0,2.3398156358719637,-0.0,65.889585657,65.889585657,,,10.0,60,0,0.0,0.0,0.0,ok,1734.4236069999993,4543.46973899999,1734.4236069999993,,1
5m,300,btc-up-or-down-5m,btc-updown-5m,btc-updown-5m-1777560600,0x2e4f9d25e1ab2df73b58ebf4fa2239513122d503377089e3aef1f12fbdaa8e28,Down,flip,0,1,2.3862411201501463,2.553999085274745,-4.4259416819999995,8.484234557999999,-1.5982183829146055,,10.0,60,0,0.0,0.0,0.0,truncated_http_400_at_offset_3500,5477.090548999996,1731.3843809999967,5477.090548999996,,1
5m,300,btc-up-or-down-5m,btc-updown-5m,btc-updown-5m-1777566000,0x43886182d611ebbb4747a064f099e853231959d3506b29f5b472c6c54940ac98,Down,already_winner_assist,1,0,1.2442855303761526,-0.013099335536452055,-66.791981214,66.791981214,0.0,,10.0,60,0,0.0,0.0,0.0,ok,1358.820759999998,3365.7646219999992,1358.820759999998,,1
5m,300,btc-up-or-down-5m,btc-updown-5m,btc-updown-5m-1777567800,0x39d57cca8de3ea79692c198dd0fa11c5e8ef8fb38aea8155ccdeb0778f5739b6,Down,already_winner_assist,1,0,6.380036663400304,0.01310761152573971,100.018919415,100.018919415,,,10.0,60,1,0.00013110091409160855,0.20003783883,0.2001689397440916,ok,315.7657419999999,14462.127559999957,315.56557306025576,1577.4962009775063,1
5m,300,btc-up-or-down-5m,btc-updown-5m,btc-updown-5m-1777568100,0x6a6add2fac61acd0d20185449ec38af261533eaa96b8656c19fdaa3e6a50c468,Down,already_winner_assist,1,0,8.144864008020368,1.088746624157201,16.038337252999995,250.221969645,-3.5425260942944283,-1.1151043519647914,10.0,60,1,0.0017461685541298423,0.03207667450599999,0.03382284306012984,truncated_http_400_at_offset_3500,283.39574600000003,10687.087158999977,283.3619231569399,8378.826862549151,1
5m,300,btc-up-or-down-5m,btc-updown-5m,btc-updown-5m-1777570500,0x22669a01b9e3c72b66fda36931c67d44436d49ba6074c13f209c0f33cc1f21f6,Down,flip,0,1,1.2183516615457526,1.694226304091147,456851.650410563,456851.650410563,-0.40718243551991445,-1.9047056138026968,10.0,60,1,77.40100831930287,913.7033008211259,991.1043091404288,truncated_http_400_at_offset_3500,5552.890282000001,5433.054315999991,4561.785972859572,5.602730439963425,1
5m,300,btc-up-or-down-5m,btc-updown-5m,btc-updown-5m-1777576500,0x0b7e51b0ebd327708b1d5247f55713a50c428162f8e661f21f9b6752077cc585,Down,already_winner_assist,1,0,2.1098665467843776,1.0731003843354572,-600.2548011,600.2548011,,-0.013087300803790046,10.0,60,0,0.0,0.0,0.0,ok,1088.292859,6004.426714,1088.292859,,1
5m,300,btc-up-or-down-5m,btc-updown-5m,btc-updown-5m-1777584000,0xfb8549061303fdf387e68030b72acd75a6af5380361db1532b72858f4f2f206c,Down,already_winner_assist,1,0,6.678234056067381,-0.06548338195458388,-5118.209635759999,5125.84518576,0.013096624934928669,0.013096624934928669,10.0,60,0,0.0,0.0,0.0,ok,44.02204900000007,3853.592320000003,44.02204900000007,,1
5m,300,btc-up-or-down-5m,btc-updown-5m,btc-updown-5m-1777584300,0xf93a6c4961db6a3296c22d5a1fc7476e8931b08125eebb859766e23fecf9e2f9,Down,already_winner_assist,1,0,7.085330686083334,0.013106426146834202,782.2405103389999,782.2405103389999,-0.01310644332311713,-0.026212903825252657,10.0,60,1,0.0010252377477819998,1.564481020678,1.565506258425782,ok,33.319213999999995,2259.853611999996,31.753707741574214,21.28334768428497,1
5m,300,btc-up-or-down-5m,btc-updown-5m,btc-updown-5m-1777584900,0xb84ec8502c24883de8e499beecfca2b14df6425c7ab7ab5710a32d1e3397325b,Up,other,0,0,0.25658035488584546,0.013092269735546105,857.6020489499999,857.6020489499999,,0.013092269735565511,10.0,60,1,0.0011227957350610413,1.7152040978999998,1.7163268936350609,ok,1080.778818,2294.348034999996,1079.0624911063649,629.704528902991,1
5m,300,btc-up-or-down-5m,btc-updown-5m,btc-updown-5m-1777587300,0x6bd136a448af1d9de73769ca82fe2cf591c68479c831c8c5a206169722b343ce,Up,already_winner_assist,1,0,3.921416303458758,0.0,-3438.88833205,3438.88833205,,,10.0,60,0,0.0,0.0,0.0,ok,105.83720300000013,6391.5493860000015,105.83720300000013,,1
5m,300,btc-up-or-down-5m,btc-updown-5m,btc-updown-5m-1777588500,0x615bc35aadcab64f14f4034682a25391aea377ce8897a7ef20ebcdadb81c7546,Down,already_winner_assist,1,0,5.551549590095456,-0.0,-2.6758076840000005,2.6758076840000005,0.0,,10.0,60,0,0.0,0.0,0.0,ok,205.49996500000006,2985.038263999999,205.49996500000006,,1
5m,300,btc-up-or-down-5m,btc-updown-5m,btc-updown-5m-1777589100,0x624f3a457d74109387ea16592bf59f79ffa53869dbcd132ab2908aa9ab3d03c1,Down,already_winner_assist,1,0,0.5532640345152628,-1.861289380818815,-131.68323597000003,131.68323597000003,0.0,,10.0,60,0,0.0,0.0,0.0,ok,427.94797899999963,2459.9034189999948,427.94797899999963,,1
5m,300,btc-up-or-down-5m,btc-updown-5m,btc-updown-5m-1777590600,0x0961f8ae0b564d8ed1acd78015a8d7f63c15a5e6ba5f34eb2e1951225aa8378c,Up,already_winner_assist,1,0,8.852968350458793,0.32788970842503323,24110.810240759998,24110.810240759998,-1.6261740619110663,-2.4522741030962254,10.0,60,1,0.79056865397341,48.22162048151999,49.0121891354934,ok,40.07017199999999,3366.7827130000023,-8.942017135493408,0.8175552389473291,0
