market_timeframe,market_duration_seconds,series_slug,slug_prefix,wallet,label,slug,condition_id,winner,official_margin_bps_abs,winner_buy_notional,n_winner_buys,first_entry_offset_s,last_entry_offset_s,cls,pre_runup_bps,onset_offset_s,gap_to_onset_s,gap_to_move_s,first_break_offset_s,max_disp_after_entry_bps,entry_price,first_entry_cls,first_entry_gap_to_move_s,binanceus_cls,baseline_frac_flat_of_decided
15m,900,btc-up-or-down-15m,btc-updown-15m,0xf1130649644b930c0b3cef0971f40c7b3ee50cc7,window_dressing,btc-updown-15m-1775537100,0x1bc3c4db2b17efc48cb37e35f10f7512afdc439ade97c258cfc4a02836b5d20b,Down,0.22083078544029264,32.92140693480924,12,-391,-75,no_push_after_entry,0.0,,,,,0.0,68871.5,no_push_after_entry,,,
15m,900,btc-up-or-down-15m,btc-updown-15m,0xf1130649644b930c0b3cef0971f40c7b3ee50cc7,window_dressing,btc-updown-15m-1775780100,0x335e5dc5eadd39dde4e289e7a512dc23a1cbf791e5228cb37b90eda8b60e08cb,Up,2.8395064874188467,58.07937844487947,10,-787,-27,pre_onset_flat,2.0358902348393557,-10,17,9,-18,6.191337426494487,71713.1,pre_onset_flat,8,post_onset,0.6607142857142857
15m,900,btc-up-or-down-15m,btc-updown-15m,0xf1130649644b930c0b3cef0971f40c7b3ee50cc7,window_dressing,btc-updown-15m-1775612700,0xb3b3713900f9a122ab34da7b8b419b974177ee89aa6a6dd4297c98ebf01287ee,Down,1.4702127309125623,47.58195401636108,11,-775,-201,pre_onset_flat,1.887641957666483,-143,58,29,-172,5.3413276135447525,71517.8,choppy_gap,18,post_onset,0.9135802469135802
15m,900,btc-up-or-down-15m,btc-updown-15m,0xf1130649644b930c0b3cef0971f40c7b3ee50cc7,window_dressing,btc-updown-15m-1775488500,0xef73308acd61f8506f2337f95b4f612fd359d4d42f784bc8648ef9fdb3aa5c7d,Up,4.958849535937319,54.74055862845572,16,-591,-33,pre_onset_flat,4.3188177057186055,-10,23,21,-12,5.524069158476218,69695.0,pre_onset_flat,10,pre_onset_flat,0.6754385964912281
15m,900,btc-up-or-down-15m,btc-updown-15m,0x4dd019c570b61d72d13db5a49e33f572b2aeeee4,window_dressing,btc-updown-15m-1776490200,0x30bea7603f3a69982aacad56d17297887ada16d64bc032ae8ac0436fe129f16b,Up,0.5286663294448947,42.93000586743474,4,-384,-4,no_push_after_entry,0.012956304862607555,,,,,0.012956304862607555,77182.5,pre_onset_flat,78,,
15m,900,btc-up-or-down-15m,btc-updown-15m,0x4dd019c570b61d72d13db5a49e33f572b2aeeee4,window_dressing,btc-updown-15m-1776818700,0x39ffa595d0603e1a7bbfb75459e092f8d1edfa717638447e409e861ec63d5b45,Up,3.9927373865980815,37.42097056254313,5,-80,-24,pre_onset_flat,0.0,-4,20,20,-4,9.00176104320998,76318.4,pre_onset_flat,76,no_push_after_entry,0.9494949494949495
15m,900,btc-up-or-down-15m,btc-updown-15m,0x4dd019c570b61d72d13db5a49e33f572b2aeeee4,window_dressing,btc-updown-15m-1776991500,0x6fd337a0968cb64abe4753e8b7269cdd6efd282cc1f8eef9f0afb9881339b152,Up,4.797372954885292,71.78473917783153,6,-184,-18,no_push_after_entry,3.6354683950236173,,,,,3.4441279531802693,78394.3,pre_onset_flat,83,,
15m,900,btc-up-or-down-15m,btc-updown-15m,0x4dd019c570b61d72d13db5a49e33f572b2aeeee4,window_dressing,btc-updown-15m-1776737700,0x739321562d97b479f8687c2c5c73b22e371c608387da359c0cad8cd00c8437bb,Down,1.2409380358812567,43.17604975762803,7,-110,-28,pre_onset_flat,0.013190088967917847,-5,23,23,-5,6.753325551180459,75814.5,no_push_after_entry,,post_onset,0.9866666666666667
15m,900,btc-up-or-down-15m,btc-updown-15m,0x4dd019c570b61d72d13db5a49e33f572b2aeeee4,window_dressing,btc-updown-15m-1776645000,0xb98c439e6dcea4989abd808bd290aa9b4feaa2ef8170032bee13d0ee6fabf4e4,Down,6.6565131235171355,98.56,1,-308,-308,no_push_after_entry,2.3052998979454884,,,,,0.013481285951727406,74176.9,no_push_after_entry,,,
15m,900,btc-up-or-down-15m,btc-updown-15m,0x3ff3db55b6ed3b04d1ae25f164328a432d8b88e9,window_dressing,btc-updown-15m-1776168900,0x06d955f2f02a8b400f50077c7bd32f19dfbb6a1a7b4949b5485d2ddf855faae2,Up,1.7249861976913186,42.21934618461539,7,-261,-189,post_onset,5.392749508803337,,,,,,74359.1,pre_onset_flat,49,,0.8541666666666666
15m,900,btc-up-or-down-15m,btc-updown-15m,0x3ff3db55b6ed3b04d1ae25f164328a432d8b88e9,window_dressing,btc-updown-15m-1780176600,0x0f34bcab2c8a70a853d6145f26452df9181f684f72a9fa89b1a6038d3747c184,Down,2.2351596404307195,33.85,10,-122,-111,no_push_after_entry,0.798305967674586,,,,,2.0566526624853143,73906.5,no_push_after_entry,,,
15m,900,btc-up-or-down-15m,btc-updown-15m,0x3ff3db55b6ed3b04d1ae25f164328a432d8b88e9,window_dressing,btc-updown-15m-1775434500,0x27778d32a9f1f5f556bf165b70a86ca699e4f996ec97b64ecd9279133a275adf,Down,7.659852276838039,59.25840480000001,10,-293,-279,pre_onset_flat,0.0,-259,20,3,-276,6.09455807955155,69242.1,pre_onset_flat,17,no_push_after_entry,0.5099337748344371
15m,900,btc-up-or-down-15m,btc-updown-15m,0x3ff3db55b6ed3b04d1ae25f164328a432d8b88e9,window_dressing,btc-updown-15m-1780262100,0x293b73977c913eb7269f464c21360c24da0e72fabc5b0ef2c8bf056590fad299,Down,4.695600704091287,26.400000000000002,5,-264,-201,no_push_after_entry,1.3871851293750175,,,,,0.01359985420837545,73530.2,no_push_after_entry,,,
15m,900,btc-up-or-down-15m,btc-updown-15m,0x3ff3db55b6ed3b04d1ae25f164328a432d8b88e9,window_dressing,btc-updown-15m-1777500000,0x43e0bc3b148aa2f36fe8653a4b2a61ecc60ad67bf8d1de0eb6b1b4c3d8037ce1,Up,4.747308456875557,56.1,13,-184,-174,no_push_after_entry,1.7126423304582898,,,,,2.0419966247771915,75906.1,no_push_after_entry,,,
15m,900,btc-up-or-down-15m,btc-updown-15m,0x3ff3db55b6ed3b04d1ae25f164328a432d8b88e9,window_dressing,btc-updown-15m-1779765300,0x5c1aa20099afd758a5f0815956ee3178a94bf480359e2928af7a83a6c5c872d2,Up,2.61178278657839,29.236398,9,-255,-41,pre_onset_flat,1.844224503595096,-3,38,38,-3,5.4934346915632615,76454.9,no_push_after_entry,,no_push_after_entry,0.7391304347826086
15m,900,btc-up-or-down-15m,btc-updown-15m,0x3ff3db55b6ed3b04d1ae25f164328a432d8b88e9,window_dressing,btc-updown-15m-1780791300,0x62d0abf9af75a4f266eaa7ee418ce6b7ffe0033d0d74fbf7374da024f92fafbf,Up,4.965481428118344,36.8,11,-26,-11,no_push_after_entry,3.7518635901390014,,,,,4.78856274004498,60769.8,pre_onset_flat,16,,
15m,900,btc-up-or-down-15m,btc-updown-15m,0x3ff3db55b6ed3b04d1ae25f164328a432d8b88e9,window_dressing,btc-updown-15m-1778120100,0x64c8837dbc4d0de9e00007fd4a149294f0127dc2902979a11b4e2838abd0af46,Down,2.7055067161784683,32.0,10,-17,-1,no_push_after_entry,0.1359634431389535,,,,,0.0,80904.1,no_push_after_entry,,,
15m,900,btc-up-or-down-15m,btc-updown-15m,0x3ff3db55b6ed3b04d1ae25f164328a432d8b88e9,window_dressing,btc-updown-15m-1780251300,0x64e2021043f00995b8575ebbbdd7c8fabe4c967be5b1ef0dab2aa379535745ec,Down,3.1122938736484684,31.32,7,-228,-53,pre_onset_flat,0.013591277660461186,-4,49,25,-28,5.708336617892101,73576.6,no_push_after_entry,,post_onset,1.0
15m,900,btc-up-or-down-15m,btc-updown-15m,0x3ff3db55b6ed3b04d1ae25f164328a432d8b88e9,window_dressing,btc-updown-15m-1775439900,0x656832295916a61bebde1d5865924b48d47c6e0adef6514bdea3842d7984ca35,Up,0.6094178736355345,44.722048,7,-293,-289,no_push_after_entry,0.9157349427015795,,,,,0.014535475281816814,68797.2,no_push_after_entry,,,
15m,900,btc-up-or-down-15m,btc-updown-15m,0x3ff3db55b6ed3b04d1ae25f164328a432d8b88e9,window_dressing,btc-updown-15m-1778413500,0x69c42dd648ff2e827b2779deffcf583e5c0f061c3205ed1e4742c08fce221df3,Down,1.3718261843664825,41.8228,8,-244,-4,no_push_after_entry,3.4284002737765857,,,,,0.3341761999706779,80795.7,no_push_after_entry,,,
15m,900,btc-up-or-down-15m,btc-updown-15m,0x3ff3db55b6ed3b04d1ae25f164328a432d8b88e9,window_dressing,btc-updown-15m-1779277500,0x8b0e090b72a7493e30733d0300a6140c7f258c3aafaf9f095078c133706f6f0f,Down,1.0805561772791592,31.5768,7,-64,-15,no_push_after_entry,1.7202242758570934,,,,,1.9013005154202054,77315.5,no_push_after_entry,,,
15m,900,btc-up-or-down-15m,btc-updown-15m,0x3ff3db55b6ed3b04d1ae25f164328a432d8b88e9,window_dressing,btc-updown-15m-1778331600,0x95992367be2283c8cb07567b63e8b64924378f268b54c0a80b3550e9f9604279,Up,2.7368992417888443,33.1704,29,-81,-62,no_push_after_entry,0.012440224719133173,,,,,4.092833932953251,80384.4,no_push_after_entry,,,
15m,900,btc-up-or-down-15m,btc-updown-15m,0x3ff3db55b6ed3b04d1ae25f164328a432d8b88e9,window_dressing,btc-updown-15m-1778645700,0xb226b9ce65c8c5e3707352ab21dc2a66ed6ae02e18d4799db3ed2782d0ca619f,Up,4.358602234752861,30.2,4,-21,-18,no_push_after_entry,0.012321036939185919,,,,,0.0,81162.0,no_push_after_entry,,,
15m,900,btc-up-or-down-15m,btc-updown-15m,0x3ff3db55b6ed3b04d1ae25f164328a432d8b88e9,window_dressing,btc-updown-15m-1780092000,0xccc6f4c0360b70025c758468b0bf90c7ca116cbe4a239a182b97a0e6f9f2381e,Down,1.447023220398434,37.2,6,-264,-57,no_push_after_entry,0.013642099519910068,,,,,0.0,73302.5,no_push_after_entry,,,
15m,900,btc-up-or-down-15m,btc-updown-15m,0x3ff3db55b6ed3b04d1ae25f164328a432d8b88e9,window_dressing,btc-updown-15m-1775343600,0xd4acae749ac13f75ffd53f8159d19bec367bd1d11728991c9942d5186a0fb160,Down,5.813818688757646,26.217303149285712,3,-285,-271,no_push_after_entry,1.721936882107565,,,,,0.8906570079862245,67366.0,post_onset,,,
15m,900,btc-up-or-down-15m,btc-updown-15m,0x3ff3db55b6ed3b04d1ae25f164328a432d8b88e9,window_dressing,btc-updown-15m-1780174800,0xd6a2ea80fba5f636f53227ae1f03cec61814436974da7df03870e3f5b1f95795,Up,1.486839304656314,32.2,6,-168,-39,no_push_after_entry,1.245608215598141,,,,,0.7175786459430283,73859.5,no_push_after_entry,,,
15m,900,btc-up-or-down-15m,btc-updown-15m,0x3ff3db55b6ed3b04d1ae25f164328a432d8b88e9,window_dressing,btc-updown-15m-1779715800,0xecb9416979e2e0b56defd23e8249cc05c015b834a662fac02aa5350f587f250f,Up,1.8075777045844537,27.771900000000002,9,-250,-17,no_push_after_entry,0.984056982077379,,,,,3.198185191754779,77231.3,no_push_after_entry,,,
15m,900,btc-up-or-down-15m,btc-updown-15m,0x45ca17313cffdb5b596438500a2fe0c899633cef,window_dressing,btc-updown-15m-1775419200,0x00a4b096464a57bf02188f4dbcb59dad207249ca391390d69d9383e54709681f,Up,2.652430467032408,170.41966470881272,9,-83,-33,no_push_after_entry,0.5196733481811433,,,,,0.0,67350.0,no_push_after_entry,,,
15m,900,btc-up-or-down-15m,btc-updown-15m,0x45ca17313cffdb5b596438500a2fe0c899633cef,window_dressing,btc-updown-15m-1775862000,0x02104cc7822702ab2fad6df8eed0e938bf2cd2d5af04a203db18a06b31261c32,Up,1.084490481164433,213.82762374875398,43,-259,-11,no_push_after_entry,0.5348708355517304,,,,,0.0,72914.8,no_push_after_entry,,,
15m,900,btc-up-or-down-15m,btc-updown-15m,0x45ca17313cffdb5b596438500a2fe0c899633cef,window_dressing,btc-updown-15m-1775384100,0x043dbab03b3197e99ff4bfd22682b5c990408873ff36d5f2fc5f050aa51a132d,Up,2.9195354950351815,25.005704,2,-35,-33,no_push_after_entry,0.014935761289384685,,,,,1.6578695032673207,66953.4,no_push_after_entry,,,
15m,900,btc-up-or-down-15m,btc-updown-15m,0x45ca17313cffdb5b596438500a2fe0c899633cef,window_dressing,btc-updown-15m-1776168900,0x06d955f2f02a8b400f50077c7bd32f19dfbb6a1a7b4949b5485d2ddf855faae2,Up,1.7249861976913186,457.6765732832195,60,-273,-125,no_push_after_entry,1.2779174519133114,,,,,0.0,74339.7,pre_onset_flat,61,,0.8541666666666666
15m,900,btc-up-or-down-15m,btc-updown-15m,0x45ca17313cffdb5b596438500a2fe0c899633cef,window_dressing,btc-updown-15m-1779009300,0x0a5ecd8129fa1dd42a71a3645a95d0e326dea4869b5aeec533074d66bc1adbe2,Up,1.156783310000876,40.809997,6,-263,-213,no_push_after_entry,0.01280627815054558,,,,,1.7032349939237936,78086.7,no_push_after_entry,,,
15m,900,btc-up-or-down-15m,btc-updown-15m,0x45ca17313cffdb5b596438500a2fe0c899633cef,window_dressing,btc-updown-15m-1777118400,0x0b9781ad074af16dc20c3b248df66ac2a0d975ba66f2df43ea855782dbbaa1c1,Up,1.418788396285276,38.037432537106305,3,-188,-28,no_push_after_entry,0.0,,,,,0.0,77705.2,no_push_after_entry,,,
15m,900,btc-up-or-down-15m,btc-updown-15m,0x45ca17313cffdb5b596438500a2fe0c899633cef,window_dressing,btc-updown-15m-1778221800,0x0c7dc07f4987fc6cb3bf8905c3718bb8b1a8c4e5de7a23afb72d8731c272c1e9,Down,0.5732949823286884,37.029996999999995,4,-46,-12,no_push_after_entry,0.23877385853455427,,,,,3.6318760587728254,79573.2,no_push_after_entry,,,
15m,900,btc-up-or-down-15m,btc-updown-15m,0x45ca17313cffdb5b596438500a2fe0c899633cef,window_dressing,btc-updown-15m-1780176600,0x0f34bcab2c8a70a853d6145f26452df9181f684f72a9fa89b1a6038d3747c184,Down,2.2351596404307195,88.4742,20,-118,-12,no_push_after_entry,2.5438406581515087,,,,,0.01353106733137865,73904.0,no_push_after_entry,,,
15m,900,btc-up-or-down-15m,btc-updown-15m,0x45ca17313cffdb5b596438500a2fe0c899633cef,window_dressing,btc-updown-15m-1779485400,0x0fc51693e1b5215c2dbae5829c34280b972128f5f07d82bd0b3fd4fd8e3f20fb,Down,5.909187676935077,48.5,1,-22,-22,no_push_after_entry,3.939404319907131,,,,,1.620557629928262,75899.8,no_push_after_entry,,,
15m,900,btc-up-or-down-15m,btc-updown-15m,0x45ca17313cffdb5b596438500a2fe0c899633cef,window_dressing,btc-updown-15m-1779303600,0x0ffd1c5a71f6ade1fb666f00d2c6c65107e3fe32c43f969404e43689b3ae2a2e,Down,0.2859875278564515,32.699996,4,-252,-19,no_push_after_entry,1.4742453221819258,,,,,0.25863953020715735,77327.7,no_push_after_entry,,,
15m,900,btc-up-or-down-15m,btc-updown-15m,0x45ca17313cffdb5b596438500a2fe0c899633cef,window_dressing,btc-updown-15m-1776257100,0x127dd25dceded9d8ff9dab6f5b91fe6e8e0d2c966fd12ecb91ded25f6e887440,Down,8.96571270713108,97.85888,1,-20,-20,no_push_after_entry,0.013456016318281729,,,,,1.8838422847239231,74316.2,no_push_after_entry,,,
15m,900,btc-up-or-down-15m,btc-updown-15m,0x45ca17313cffdb5b596438500a2fe0c899633cef,window_dressing,btc-updown-15m-1775740500,0x132e9f1714658ba1267613ae89ec46b99bb8b9185f42ad46c8a0428a80044b42,Down,1.0897591490932947,36.2299177,14,-107,-51,pre_onset_flat,2.2771870835695456,-11,40,7,-44,6.142782441481506,71140.4,pre_onset_flat,63,no_push_after_entry,0.9270833333333334
15m,900,btc-up-or-down-15m,btc-updown-15m,0x45ca17313cffdb5b596438500a2fe0c899633cef,window_dressing,btc-updown-15m-1775781900,0x14560f57dcab49371d6b5d96175c63da1162bcff4daaf424d50575f89001fb8f,Up,6.448455675564621,39.06711556415237,5,-197,-165,pre_onset_flat,2.5868399385842227,-6,159,28,-137,5.799528249406369,71902.4,choppy_gap,17,no_push_after_entry,0.7777777777777778
15m,900,btc-up-or-down-15m,btc-updown-15m,0x45ca17313cffdb5b596438500a2fe0c899633cef,window_dressing,btc-updown-15m-1778345100,0x14c445bf4ba007823cbc4e173a395c0b4406bb16013268e17a248fdbbabd6f76,Down,2.824835670353027,27.2571,4,-96,-66,no_push_after_entry,0.01240311615962572,,,,,2.3813983025091616,80624.9,no_push_after_entry,,,
15m,900,btc-up-or-down-15m,btc-updown-15m,0x45ca17313cffdb5b596438500a2fe0c899633cef,window_dressing,btc-updown-15m-1779837300,0x1d7578405328c52c733bca934252502fc46c50cd4a967c6fb636f486b2e7319f,Up,2.331218122856917,42.729994000000005,2,-26,-26,no_push_after_entry,1.8865510021811314,,,,,0.0,75799.7,no_push_after_entry,,,
15m,900,btc-up-or-down-15m,btc-updown-15m,0x45ca17313cffdb5b596438500a2fe0c899633cef,window_dressing,btc-updown-15m-1779394500,0x1d81f4845fbf7c5f061a22d0ef8cd2b07c48bb47e7e087652a65959f7da473d1,Down,1.7887464650128742,25.880000000000003,2,-252,-77,no_push_after_entry,0.012881103550653104,,,,,0.012881103550653104,77633.1,no_push_after_entry,,,
15m,900,btc-up-or-down-15m,btc-updown-15m,0x45ca17313cffdb5b596438500a2fe0c899633cef,window_dressing,btc-updown-15m-1775190600,0x1e026565983887d746821fbd927691b2d36479113dc58090b5f8e8cf7a99f1cf,Up,5.263001602764407,42.84454068432441,4,-101,-87,no_push_after_entry,0.7662305662903354,,,,,2.4188847288732607,66559.6,no_push_after_entry,,,
15m,900,btc-up-or-down-15m,btc-updown-15m,0x45ca17313cffdb5b596438500a2fe0c899633cef,window_dressing,btc-updown-15m-1775626200,0x1eb9a51ddfb38683a6771d5d26f16e5f513421bd11dbd4f773a812c30651bd4f,Down,1.997667786234406,193.06183694166876,13,-217,-13,no_push_after_entry,3.0977162017530127,,,,,0.013953676583256545,71665.7,pre_onset_flat,190,,
15m,900,btc-up-or-down-15m,btc-updown-15m,0x45ca17313cffdb5b596438500a2fe0c899633cef,window_dressing,btc-updown-15m-1777742100,0x260d86736041d3b8679d04fc3640065448485ee4dbb57d1203ae04c6d5a05407,Down,1.0106843296833485,196.831582,37,-146,-18,no_push_after_entry,0.510002422511507,,,,,3.2002652012604482,78431.0,no_push_after_entry,,,
15m,900,btc-up-or-down-15m,btc-updown-15m,0x45ca17313cffdb5b596438500a2fe0c899633cef,window_dressing,btc-updown-15m-1778864400,0x269b190ec1008243d02b6afe7270037eea18bb8da76d3fdfac7bef9901560ee7,Down,4.858496475229541,87.833896,12,-265,-113,post_onset,3.6957991503431367,-97,16,1,-112,5.663528390800384,79279.2,pre_onset_flat,168,,0.9222222222222223
15m,900,btc-up-or-down-15m,btc-updown-15m,0x45ca17313cffdb5b596438500a2fe0c899633cef,window_dressing,btc-updown-15m-1776323700,0x27bfa49052547ee7c759f5d896d9a238f308fdf94e7b975229c2ae9edc6767ad,Down,0.7685771284360181,228.58683272876414,21,-256,-84,no_push_after_entry,1.0013364503824438,,,,,0.013351152670600209,74899.9,pre_onset_flat,76,,
15m,900,btc-up-or-down-15m,btc-updown-15m,0x45ca17313cffdb5b596438500a2fe0c899633cef,window_dressing,btc-updown-15m-1780262100,0x293b73977c913eb7269f464c21360c24da0e72fabc5b0ef2c8bf056590fad299,Down,4.695600704091287,216.090576,17,-267,-166,no_push_after_entry,0.01359985420837545,,,,,0.01359985420837545,73530.2,no_push_after_entry,,,
15m,900,btc-up-or-down-15m,btc-updown-15m,0x45ca17313cffdb5b596438500a2fe0c899633cef,window_dressing,btc-updown-15m-1778584500,0x29a334f3f693ad0a65874f96252519fb304cbe0134c7d561f3cc1f79425d7dde,Up,5.929006874866563,112.77997500000001,7,-253,-80,no_push_after_entry,0.012407009464789003,,,,,1.3151430031899995,80599.6,no_push_after_entry,,,
15m,900,btc-up-or-down-15m,btc-updown-15m,0x45ca17313cffdb5b596438500a2fe0c899633cef,window_dressing,btc-updown-15m-1777221000,0x2b55f46ec59c7a86818e93cf93e1edfec9be6536b1db995749e4db61c9732db3,Down,6.277676899119485,77.29660720788323,4,-16,-12,no_push_after_entry,0.3972413510295303,,,,,3.357330128065113,78038.2,no_push_after_entry,,,
15m,900,btc-up-or-down-15m,btc-updown-15m,0x45ca17313cffdb5b596438500a2fe0c899633cef,window_dressing,btc-updown-15m-1775892600,0x2bcf60d56d45bc66bd01b0504168fc1e17fd408d3291f22c64bb371993d17668,Down,8.641867609099975,62.3861348193967,5,-217,-31,no_push_after_entry,0.013737075130237194,,,,,0.7830132823775429,72795.7,pre_onset_flat,97,,
15m,900,btc-up-or-down-15m,btc-updown-15m,0x45ca17313cffdb5b596438500a2fe0c899633cef,window_dressing,btc-updown-15m-1778349600,0x2cbff152253103606bf1d41a3d3316c6a3cd4f6c51d5ce84788c492e6ad1586c,Up,2.708714891476202,54.987299,13,-130,-19,no_push_after_entry,3.2056002703111575,,,,,4.010094546642001,80796.1,pre_onset_flat,126,,
15m,900,btc-up-or-down-15m,btc-updown-15m,0x45ca17313cffdb5b596438500a2fe0c899633cef,window_dressing,btc-updown-15m-1780201800,0x2e67ed9a85e8835d54a24c3decd02b96e623d01f9beca9868f7f237a87155ea7,Up,2.0012912868615684,29.825398,4,-164,-19,no_push_after_entry,0.32403575734503726,,,,,3.3753724723523244,74065.9,pre_onset_flat,74,,
15m,900,btc-up-or-down-15m,btc-updown-15m,0x45ca17313cffdb5b596438500a2fe0c899633cef,window_dressing,btc-updown-15m-1779272100,0x3139418252aab1a1421663249d1093abf3ccc04a48f36f0892d63a233920a00c,Up,2.5906479087197716,60.509997,8,-229,-17,pre_onset_flat,2.386647160663926,-1,16,13,-4,5.237722957996463,77514.6,pre_onset_flat,225,no_push_after_entry,0.9459459459459459
15m,900,btc-up-or-down-15m,btc-updown-15m,0x45ca17313cffdb5b596438500a2fe0c899633cef,window_dressing,btc-updown-15m-1779447600,0x31a8b66c93587f00062b1a715511de96264a7dfe1685ddf548a6600e274f88e4,Down,2.3797237443053363,109.799972,2,-188,-12,no_push_after_entry,0.29789852022185803,,,,,0.0,77207.5,no_push_after_entry,,,
15m,900,btc-up-or-down-15m,btc-updown-15m,0x45ca17313cffdb5b596438500a2fe0c899633cef,window_dressing,btc-updown-15m-1775347200,0x31d67a61ece6715b6fda2bc254c1b69506cef2f1290050ee2fc722b88da68019,Down,7.030580843207264,29.091659214237396,2,-73,-73,no_push_after_entry,0.0,,,,,0.014873692603286009,67232.8,no_push_after_entry,,,
15m,900,btc-up-or-down-15m,btc-updown-15m,0x45ca17313cffdb5b596438500a2fe0c899633cef,window_dressing,btc-updown-15m-1778114700,0x37285f0d0d7fedccdcf038158456f16de595a1331b2e186ca4bbe3de117edfd1,Down,1.9222842327336682,86.48830000000001,27,-250,-137,pre_onset_flat,0.8756999432634338,-68,69,30,-107,6.956264338044129,81078.0,choppy_gap,2,pre_onset_flat,0.896
15m,900,btc-up-or-down-15m,btc-updown-15m,0x45ca17313cffdb5b596438500a2fe0c899633cef,window_dressing,btc-updown-15m-1777717800,0x392f9311937c446c7dd518f9aadbf67e4ef112d8ba884c7149234c523cbb6ec7,Up,0.486688517498293,51.773395,9,-238,-62,no_push_after_entry,0.2939684073434472,,,,,0.0127812351026168,78239.7,no_push_after_entry,,,
15m,900,btc-up-or-down-15m,btc-updown-15m,0x45ca17313cffdb5b596438500a2fe0c899633cef,window_dressing,btc-updown-15m-1775621700,0x39a9f477c41bddfaf89e7e75e0394914e9585f20a455a829a8060f96a17b0feb,Up,8.181551901061006,47.86176,1,-21,-21,no_push_after_entry,0.991862536235228,,,,,0.0,71582.5,no_push_after_entry,,,
15m,900,btc-up-or-down-15m,btc-updown-15m,0x45ca17313cffdb5b596438500a2fe0c899633cef,window_dressing,btc-updown-15m-1775864700,0x41276505568c11461ada7f5109ff8206512a211b210a32d37c6bbd1d6b9dedc6,Up,6.8675909929984265,393.6214358345382,30,-277,-21,no_push_after_entry,0.0,,,,,0.0,72973.8,no_push_after_entry,,,
15m,900,btc-up-or-down-15m,btc-updown-15m,0x45ca17313cffdb5b596438500a2fe0c899633cef,window_dressing,btc-updown-15m-1778558400,0x42e2f97c4194e39969fdd467a2d82358ceeb20456303340158b2923d2a49cc6e,Down,6.871890627986818,33.109995,2,-219,-158,no_push_after_entry,0.012343804583479393,,,,,1.5182879636799487,81012.3,no_push_after_entry,,,
15m,900,btc-up-or-down-15m,btc-updown-15m,0x45ca17313cffdb5b596438500a2fe0c899633cef,window_dressing,btc-updown-15m-1775679300,0x456475928f0fcff19ea723aedf231488036a25a307fbe9dd471ff7e444df226c,Up,0.7220501704235319,126.89693674451692,13,-277,-119,no_push_after_entry,1.133790022088724,,,,,1.1337900220866872,71441.8,no_push_after_entry,,,
15m,900,btc-up-or-down-15m,btc-updown-15m,0x45ca17313cffdb5b596438500a2fe0c899633cef,window_dressing,btc-updown-15m-1776386700,0x45d9b1cd1337921afa2907942e2f52c34cf5974a33a3e557e60c03d9c1c81504,Down,2.394061213403817,244.9963956753062,33,-276,-16,no_push_after_entry,0.01333400892195456,,,,,1.1467247673870502,74996.2,no_push_after_entry,,,
15m,900,btc-up-or-down-15m,btc-updown-15m,0x45ca17313cffdb5b596438500a2fe0c899633cef,window_dressing,btc-updown-15m-1775334600,0x46cfd5082e1e51bb8c85c265760b09c19d62be9401a75853d3f5e14c3c699ecb,Down,1.1842410045000609,46.50360572818512,23,-67,-17,no_push_after_entry,1.2040151676191004,,,,,4.072841431201559,67274.9,pre_onset_flat,52,,
15m,900,btc-up-or-down-15m,btc-updown-15m,0x45ca17313cffdb5b596438500a2fe0c899633cef,window_dressing,btc-updown-15m-1777878000,0x47556a154f55220f585fccb4d37f6b1cd25541d0502c6e2c2af26975aba078c7,Up,2.1561629193510137,63.536999,11,-272,-128,pre_onset_flat,0.012528502343559192,-26,102,25,-103,5.261970983988574,79818.0,no_push_after_entry,,no_push_after_entry,0.875
15m,900,btc-up-or-down-15m,btc-updown-15m,0x45ca17313cffdb5b596438500a2fe0c899633cef,window_dressing,btc-updown-15m-1779330600,0x48a275f3c9d8483040e623b2d1f97e890e84878a5e26a497e37271ff3beb5be9,Down,2.0330605087967313,269.139965,16,-64,-29,no_push_after_entry,0.012835751161740834,,,,,0.0,77907.4,no_push_after_entry,,,
15m,900,btc-up-or-down-15m,btc-updown-15m,0x45ca17313cffdb5b596438500a2fe0c899633cef,window_dressing,btc-updown-15m-1775389500,0x4b1b99964d7e635d5e9c91f73c1dba710b3cff7cac540c68cb9f332b48236e72,Up,0.655114481391388,482.9079211550979,68,-277,-129,no_push_after_entry,0.05973635360250225,,,,,0.0,66960.9,no_push_after_entry,,,
15m,900,btc-up-or-down-15m,btc-updown-15m,0x45ca17313cffdb5b596438500a2fe0c899633cef,window_dressing,btc-updown-15m-1777129200,0x4b6b97f90608d11d2eec36b2e918686316b5d26ac419072d850ba1051a8af6cf,Up,1.4531806680886725,235.58379783844723,14,-268,-14,no_push_after_entry,0.4891240688929139,,,,,0.0,77689.9,no_push_after_entry,,,
15m,900,btc-up-or-down-15m,btc-updown-15m,0x45ca17313cffdb5b596438500a2fe0c899633cef,window_dressing,btc-updown-15m-1777676400,0x4f71ab14caa377cd5ee57d7d619c9b16e29811fbe0cb0e2aec55c36cef88a4c1,Down,3.7753274937954693,71.054198,12,-236,-124,no_push_after_entry,0.7420656548989013,,,,,4.516365106537971,78160.2,no_push_after_entry,,,
15m,900,btc-up-or-down-15m,btc-updown-15m,0x45ca17313cffdb5b596438500a2fe0c899633cef,window_dressing,btc-updown-15m-1777750200,0x50dda96f12bf90a76244e9593aabff7041d5cdae7177f38341a731c8e527579d,Up,5.838324245964362,92.789973,8,-190,-178,no_push_after_entry,0.445973496432212,,,,,1.019367991845056,78480.0,no_push_after_entry,,,
15m,900,btc-up-or-down-15m,btc-updown-15m,0x45ca17313cffdb5b596438500a2fe0c899633cef,window_dressing,btc-updown-15m-1779205500,0x52088fdc5b69ea849784375721003d401e11dbb5e2ec5d37d9dfe58be8fb49d6,Up,3.7709914116957997,33.939997,3,-267,-141,no_push_after_entry,3.021760600690141,,,,,1.2165529691090922,76445.5,no_push_after_entry,,,
15m,900,btc-up-or-down-15m,btc-updown-15m,0x45ca17313cffdb5b596438500a2fe0c899633cef,window_dressing,btc-updown-15m-1776042900,0x535c28d39222782560247472fa35993beb2c10f5bbef7aec2f48fcdca51fc2ad,Down,4.883002911069492,105.3323372205021,18,-79,-39,pre_onset_flat,2.262195481790207,-5,34,34,-5,5.87327771048997,71169.8,choppy_gap,12,pre_onset_flat,0.9489795918367347
15m,900,btc-up-or-down-15m,btc-updown-15m,0x45ca17313cffdb5b596438500a2fe0c899633cef,window_dressing,btc-updown-15m-1775246400,0x53ed0f1e70cfd1945a015436254c0fa7bdf225b90ae77c5cc7b4fd2288c24157,Up,2.1533089756953014,65.4657266,15,-87,-57,no_push_after_entry,0.014950364789771074,,,,,1.4800861141003139,66888.0,no_push_after_entry,,,
15m,900,btc-up-or-down-15m,btc-updown-15m,0x45ca17313cffdb5b596438500a2fe0c899633cef,window_dressing,btc-updown-15m-1775976300,0x5ab08a2004f6d4350a99ae6414eaa380428e513a0b689644ffdeb6bbef6e633f,Up,0.38026440221709196,78.22970653465346,18,-187,-121,no_push_after_entry,0.013950036549907759,,,,,0.013950036549907759,71684.4,no_push_after_entry,,,
15m,900,btc-up-or-down-15m,btc-updown-15m,0x45ca17313cffdb5b596438500a2fe0c899633cef,window_dressing,btc-updown-15m-1779765300,0x5c1aa20099afd758a5f0815956ee3178a94bf480359e2928af7a83a6c5c872d2,Up,2.61178278657839,216.909795,52,-162,-13,no_push_after_entry,1.4647032668110127,,,,,4.041011691469958,76466.0,no_push_after_entry,,,0.7391304347826086
15m,900,btc-up-or-down-15m,btc-updown-15m,0x45ca17313cffdb5b596438500a2fe0c899633cef,window_dressing,btc-updown-15m-1779948000,0x5d16df0c8402a7bf0b0df15e6fab0d745e8e950818a95262889e029fd7fbdcab,Up,1.8423871237835456,64.02999700000001,7,-186,-19,no_push_after_entry,0.013728795875570535,,,,,3.789147661435712,72839.6,no_push_after_entry,,,
15m,900,btc-up-or-down-15m,btc-updown-15m,0x45ca17313cffdb5b596438500a2fe0c899633cef,window_dressing,btc-updown-15m-1777715100,0x601113e37302a5432cec01125947d2b6d7512636c5abb6656be7b1397cafc657,Down,2.255574566458361,50.779998,4,-100,-46,no_push_after_entry,0.01277011996139195,,,,,0.9960693570759119,78307.8,no_push_after_entry,,,
15m,900,btc-up-or-down-15m,btc-updown-15m,0x45ca17313cffdb5b596438500a2fe0c899633cef,window_dressing,btc-updown-15m-1776052800,0x61264dee76f914a1df7d16f3718059a238e54b7600f7408c3e30db2799bcc529,Down,4.054787902049039,52.6799757242926,5,-261,-233,no_push_after_entry,0.7754976579970728,,,,,0.01409995741689751,70922.2,no_push_after_entry,,,
15m,900,btc-up-or-down-15m,btc-updown-15m,0x45ca17313cffdb5b596438500a2fe0c899633cef,window_dressing,btc-updown-15m-1775973600,0x61eec255eef94bafc0d4a4f550db9d2170fda9386b4ee9a47b5076fe5768f3d7,Up,5.129127920016518,479.922808096508,22,-277,-31,no_push_after_entry,2.8837754890224407,,,,,0.0,71780.9,choppy_gap,9,,
15m,900,btc-up-or-down-15m,btc-updown-15m,0x45ca17313cffdb5b596438500a2fe0c899633cef,window_dressing,btc-updown-15m-1779081300,0x6273159855d51839238450deaae1a2b184e810df953b565775b786e1d89f7c13,Down,0.02039354743980941,65.886196,10,-235,-18,no_push_after_entry,0.012988278079789688,,,,,0.0,76992.5,no_push_after_entry,,,
15m,900,btc-up-or-down-15m,btc-updown-15m,0x45ca17313cffdb5b596438500a2fe0c899633cef,window_dressing,btc-updown-15m-1780610400,0x635ded136bb7a820370352f512f967336dacb7f5224a672b2313b8bdd8430c37,Up,0.96553890758361,50.864294,6,-219,-23,post_onset,7.496583835214563,,,,,,63228.8,post_onset,,,0.059880239520958084
15m,900,btc-up-or-down-15m,btc-updown-15m,0x45ca17313cffdb5b596438500a2fe0c899633cef,window_dressing,btc-updown-15m-1778120100,0x64c8837dbc4d0de9e00007fd4a149294f0127dc2902979a11b4e2838abd0af46,Down,2.7055067161784683,63.629993,5,-17,-14,no_push_after_entry,0.0741629780892676,,,,,0.0,80902.9,no_push_after_entry,,,
15m,900,btc-up-or-down-15m,btc-updown-15m,0x45ca17313cffdb5b596438500a2fe0c899633cef,window_dressing,btc-updown-15m-1780251300,0x64e2021043f00995b8575ebbbdd7c8fabe4c967be5b1ef0dab2aa379535745ec,Down,3.1122938736484684,60.489997,8,-230,-65,pre_onset_flat,0.013591277660461186,-4,61,37,-28,5.708336617892101,73576.6,no_push_after_entry,,post_onset,1.0
15m,900,btc-up-or-down-15m,btc-updown-15m,0x45ca17313cffdb5b596438500a2fe0c899633cef,window_dressing,btc-updown-15m-1777818600,0x64f87233f645cad88fc946e67b17c8b3d054cfddcfc00029ae23fe8af9a1259d,Up,3.1198733077432244,98.0,1,-14,-14,no_push_after_entry,0.012708902587001433,,,,,0.012708902587001433,78685.0,no_push_after_entry,,,
15m,900,btc-up-or-down-15m,btc-updown-15m,0x45ca17313cffdb5b596438500a2fe0c899633cef,window_dressing,btc-updown-15m-1777074300,0x65f9624d2a3829af76851146fd3aaa9e4eb4b5b137d44225020e8af39f932f50,Up,0.4518235769861405,55.397787305033276,7,-54,-34,no_push_after_entry,0.0,,,,,0.0,77455.0,no_push_after_entry,,,
15m,900,btc-up-or-down-15m,btc-updown-15m,0x45ca17313cffdb5b596438500a2fe0c899633cef,window_dressing,btc-updown-15m-1777682700,0x66f480e196d6a7a226ebe7fdbee235242d331de84bb275394c029540b456d254,Up,2.5692332932778803,118.701193,12,-50,-14,no_push_after_entry,0.012768929619680083,,,,,3.281614912066394,78315.1,no_push_after_entry,,,
15m,900,btc-up-or-down-15m,btc-updown-15m,0x45ca17313cffdb5b596438500a2fe0c899633cef,window_dressing,btc-updown-15m-1777707900,0x673aad7004dcde8f51ebd8c1cd15b6667ec8b986e32dd9a5d5d38b7a8d444e7d,Down,1.0433083600648643,160.179996,18,-184,-96,no_push_after_entry,0.6521322166109355,,,,,0.0,78205.0,no_push_after_entry,,,
15m,900,btc-up-or-down-15m,btc-updown-15m,0x45ca17313cffdb5b596438500a2fe0c899633cef,window_dressing,btc-updown-15m-1775358900,0x676d7ff6c3ef578c5b7e8d1624197cafed91e39bea60c32beaa6581a8e85d679,Down,5.349839102504671,33.705955700050396,2,-15,-13,no_push_after_entry,0.0,,,,,0.014895071668504336,67136.3,no_push_after_entry,,,
15m,900,btc-up-or-down-15m,btc-updown-15m,0x45ca17313cffdb5b596438500a2fe0c899633cef,window_dressing,btc-updown-15m-1778413500,0x69c42dd648ff2e827b2779deffcf583e5c0f061c3205ed1e4742c08fce221df3,Down,1.3718261843664825,306.575179,33,-244,-13,no_push_after_entry,0.19796639025501397,,,,,3.563395024610057,80821.8,no_push_after_entry,,,
15m,900,btc-up-or-down-15m,btc-updown-15m,0x45ca17313cffdb5b596438500a2fe0c899633cef,window_dressing,btc-updown-15m-1778740200,0x6a94bf8c90fe1f6a5d094f45e491e440d1d953fdf2b847e43ef454f2a1104627,Up,6.416774649540646,216.849978,11,-259,-46,no_push_after_entry,0.0125249873486692,,,,,0.025049974700983656,79840.4,pre_onset_flat,10,,
15m,900,btc-up-or-down-15m,btc-updown-15m,0x45ca17313cffdb5b596438500a2fe0c899633cef,window_dressing,btc-updown-15m-1777777200,0x6b8134d275e6da44f795225149f105c64c48b3fd9fb6cb5903fd58a6ae74199d,Down,4.160318897328204,36.529997,2,-148,-148,no_push_after_entry,0.012799164471288371,,,,,0.012799164471288371,78130.1,no_push_after_entry,,,
15m,900,btc-up-or-down-15m,btc-updown-15m,0x45ca17313cffdb5b596438500a2fe0c899633cef,window_dressing,btc-updown-15m-1778618700,0x6d8ee65d8caab10090a49a4ec0167a89301e02970ab301c8cd494396c721f407,Down,1.2760145139123618,65.559996,5,-209,-50,no_push_after_entry,1.0040534007667772,,,,,0.012395720997833324,80673.0,no_push_after_entry,,,
15m,900,btc-up-or-down-15m,btc-updown-15m,0x45ca17313cffdb5b596438500a2fe0c899633cef,window_dressing,btc-updown-15m-1778859000,0x6deae178062b1c1b5d599c0dbcb4246c3a17095b7481a955086004ee85e7828b,Down,5.714499013526348,54.0,2,-264,-17,no_push_after_entry,4.451470123300296,,,,,0.0,79075.0,no_push_after_entry,,,
15m,900,btc-up-or-down-15m,btc-updown-15m,0x45ca17313cffdb5b596438500a2fe0c899633cef,window_dressing,btc-updown-15m-1778554800,0x6e476180f1bb392b300a407b2899c16935a3e28fd2fdf97eb8416303c8795458,Down,4.069020032378876,112.849995,6,-277,-111,no_push_after_entry,0.258649994827717,,,,,0.012316666421050263,81190.8,pre_onset_flat,106,,
15m,900,btc-up-or-down-15m,btc-updown-15m,0x45ca17313cffdb5b596438500a2fe0c899633cef,window_dressing,btc-updown-15m-1779080400,0x751c42e13004ede3a521d3a14f1f99e8a441e7d32d342ae1aa94fea02fd690c6,Down,0.8679489054418202,133.9763,33,-236,-109,pre_onset_flat,0.012981719141969229,-47,62,58,-51,5.192687657241073,77031.4,no_push_after_entry,,no_push_after_entry,0.9772727272727273
15m,900,btc-up-or-down-15m,btc-updown-15m,0x45ca17313cffdb5b596438500a2fe0c899633cef,window_dressing,btc-updown-15m-1777985100,0x75d938d4589a08ee49c521f1a4b4fb4fde3ebce975ff28bf50dfd81fdab44178,Down,4.485207427403918,59.519994,3,-68,-26,no_push_after_entry,0.3444712366520976,,,,,0.529009399144101,81284.0,no_push_after_entry,,,
15m,900,btc-up-or-down-15m,btc-updown-15m,0x45ca17313cffdb5b596438500a2fe0c899633cef,window_dressing,btc-updown-15m-1779903900,0x764082b67c6a912afdb06bf022e8e9d7b1f3a859e731457118c22d3624ff41ab,Down,6.188744864365329,87.179992,5,-226,-39,no_push_after_entry,0.5485448843514622,,,,,2.261075255005697,74743.2,pre_onset_flat,3,,
15m,900,btc-up-or-down-15m,btc-updown-15m,0x45ca17313cffdb5b596438500a2fe0c899633cef,window_dressing,btc-updown-15m-1777702500,0x774b9dd52646fcfe48b6f0943daece03cf2d108cfdea72b80f92a816dbc32c49,Down,4.416595591135529,44.239993,5,-66,-14,no_push_after_entry,1.4460020602333963,,,,,0.0,78146.5,no_push_after_entry,,,
15m,900,btc-up-or-down-15m,btc-updown-15m,0x45ca17313cffdb5b596438500a2fe0c899633cef,window_dressing,btc-updown-15m-1778962500,0x78fc3b4fc4adad938aa593a6cb0fb409246951de6a70237f22d9701de6c9192d,Down,2.098098508403159,28.144396,5,-174,-20,pre_onset_flat,0.012775797529904409,-6,14,12,-8,5.238076986955911,78273.0,no_push_after_entry,,pre_onset_flat,0.9583333333333334
15m,900,btc-up-or-down-15m,btc-updown-15m,0x45ca17313cffdb5b596438500a2fe0c899633cef,window_dressing,btc-updown-15m-1777170600,0x79a01dfeb39debbc392acb4d2676e9587773e154c0c6901960f6ccd78b69b9c2,Down,4.528286155530135,205.8680691564767,14,-98,-66,no_push_after_entry,0.0,,,,,0.6705394618917065,77549.5,no_push_after_entry,,,
15m,900,btc-up-or-down-15m,btc-updown-15m,0x45ca17313cffdb5b596438500a2fe0c899633cef,window_dressing,btc-updown-15m-1776518100,0x7e2c7710128ec994179745519b59fb4e5e00fdf9a76261dc7e44c66fc8e848c6,Down,9.087463985853317,174.6770300640993,11,-104,-38,no_push_after_entry,2.167632905455735,,,,,0.013137169122827126,76119.9,post_onset,,,
15m,900,btc-up-or-down-15m,btc-updown-15m,0x45ca17313cffdb5b596438500a2fe0c899633cef,window_dressing,btc-updown-15m-1780255800,0x7eb1af39bed997db5d4fb854dc564741c88ec814fd6172cd24bbff43dd7eb032,Down,0.9982743971131193,68.038599,11,-136,-56,no_push_after_entry,0.013620266958025165,,,,,0.0,73420.0,no_push_after_entry,,,
15m,900,btc-up-or-down-15m,btc-updown-15m,0x45ca17313cffdb5b596438500a2fe0c899633cef,window_dressing,btc-updown-15m-1777012200,0x8145f5a3a944b70779e411d58e736679b50be709b1f982dc1fd2b88c4df4d497,Down,2.489128128554082,76.87526391121736,21,-212,-34,pre_onset_flat,1.6046975273536739,-3,31,29,-5,6.547165911602989,77896.3,no_push_after_entry,,no_push_after_entry,0.7241379310344828
15m,900,btc-up-or-down-15m,btc-updown-15m,0x45ca17313cffdb5b596438500a2fe0c899633cef,window_dressing,btc-updown-15m-1778393700,0x81dbb39623111a69f5539dd01fd9688d16e37a7790b2101f1319fdeca8b66b6b,Down,7.386537151094574,73.999995,8,-222,-79,no_push_after_entry,0.012398195317606909,,,,,2.7400011654292777,80656.9,pre_onset_flat,76,,
15m,900,btc-up-or-down-15m,btc-updown-15m,0x45ca17313cffdb5b596438500a2fe0c899633cef,window_dressing,btc-updown-15m-1779019200,0x83af47fa271bb56393e0fa5fe8f67edbaf8c6f2401b75060057220872e810b58,Down,3.076820773598029,65.32999600000001,9,-201,-36,pre_onset_flat,0.40809819862867397,-11,25,21,-15,7.396779850151443,78412.5,no_push_after_entry,,no_push_after_entry,0.9021739130434783
15m,900,btc-up-or-down-15m,btc-updown-15m,0x45ca17313cffdb5b596438500a2fe0c899633cef,window_dressing,btc-updown-15m-1777225500,0x8a3a01c555f3a6beb16a125bac194cd4e3fde9fdddbfd0a7cfc54859f2d55434,Up,0.2460511761248172,34.45910550857505,3,-28,-18,no_push_after_entry,0.012812365469043895,,,,,0.012812365469043895,78049.6,no_push_after_entry,,,
15m,900,btc-up-or-down-15m,btc-updown-15m,0x45ca17313cffdb5b596438500a2fe0c899633cef,window_dressing,btc-updown-15m-1779277500,0x8b0e090b72a7493e30733d0300a6140c7f258c3aafaf9f095078c133706f6f0f,Down,1.0805561772791592,49.797999,8,-71,-17,no_push_after_entry,1.7202220509189492,,,,,1.914232056661645,77315.6,no_push_after_entry,,,
15m,900,btc-up-or-down-15m,btc-updown-15m,0x45ca17313cffdb5b596438500a2fe0c899633cef,window_dressing,btc-updown-15m-1777782600,0x8eba87c8e45e02c1f4d3cc5bc959a83db5212eb714b204ac8b2b752436e8bc0b,Down,4.223461880829257,98.0,1,-38,-38,no_push_after_entry,0.2813975738409093,,,,,0.012790798809850559,78181.2,no_push_after_entry,,,
15m,900,btc-up-or-down-15m,btc-updown-15m,0x45ca17313cffdb5b596438500a2fe0c899633cef,window_dressing,btc-updown-15m-1775701800,0x92207baf726f703502bb4ed14afd7d906a75e78194b47fa8ac2c7f3393a27df1,Up,2.5630713993116525,69.95162683585822,44,-171,-95,pre_onset_flat,0.9439212177988447,-60,35,12,-83,5.663527306795118,70980.5,post_onset,,pre_onset_flat,0.7164179104477612
15m,900,btc-up-or-down-15m,btc-updown-15m,0x45ca17313cffdb5b596438500a2fe0c899633cef,window_dressing,btc-updown-15m-1778208300,0x941370e306839feff9bb69afc6a5b777d3cf35bb805cae0ff0f97389b6155e8d,Down,6.199915514240527,97.0,2,-28,-28,no_push_after_entry,0.012582034868067396,,,,,0.4277891854886585,79478.4,no_push_after_entry,,,
15m,900,btc-up-or-down-15m,btc-updown-15m,0x45ca17313cffdb5b596438500a2fe0c899633cef,window_dressing,btc-updown-15m-1775481300,0x956b344ebc1d85459ee497d0d56d42bd01a59c89aa0955bff468ed31e4cf15ff,Up,8.848920365996882,29.660593000000002,2,-151,-135,no_push_after_entry,1.9871697950195348,,,,,0.8783866485237806,69445.5,no_push_after_entry,,,
15m,900,btc-up-or-down-15m,btc-updown-15m,0x45ca17313cffdb5b596438500a2fe0c899633cef,window_dressing,btc-updown-15m-1778331600,0x95992367be2283c8cb07567b63e8b64924378f268b54c0a80b3550e9f9604279,Up,2.7368992417888443,120.6722,22,-85,-18,no_push_after_entry,1.5425437292480197,,,,,3.8065998479855274,80386.7,no_push_after_entry,,,
15m,900,btc-up-or-down-15m,btc-updown-15m,0x45ca17313cffdb5b596438500a2fe0c899633cef,window_dressing,btc-updown-15m-1778184900,0x968ebf1e4a3d6ce3d3220a584f2d6e45e32cb5ae153fa4d00f0bac90981772ef,Up,4.583962863537335,48.5,1,-46,-46,no_push_after_entry,3.816298838648609,,,,,0.0,80182.4,no_push_after_entry,,,
15m,900,btc-up-or-down-15m,btc-updown-15m,0x45ca17313cffdb5b596438500a2fe0c899633cef,window_dressing,btc-updown-15m-1775851200,0x9885119f43832f65e6d3b26923a80054b4e1a825d5d72233fde796fca009b1c7,Down,1.2609393001341833,640.3722541638484,41,-277,-11,no_push_after_entry,1.789204404994724,,,,,0.0,73216.9,pre_onset_flat,31,,
15m,900,btc-up-or-down-15m,btc-updown-15m,0x45ca17313cffdb5b596438500a2fe0c899633cef,window_dressing,btc-updown-15m-1778321700,0x9bb524d8bdfe25ddb844c5be0b0ea8d0915bd1703128b1d5feebb04aad0e0a68,Down,0.9961669303458689,302.1067,59,-275,-41,no_push_after_entry,0.012464957887865334,,,,,4.5995694603538535,80224.9,no_push_after_entry,,,
15m,900,btc-up-or-down-15m,btc-updown-15m,0x45ca17313cffdb5b596438500a2fe0c899633cef,window_dressing,btc-updown-15m-1778909400,0x9e59cfa642638c0a810ee302ed9b375a958af445370da3b0c9f28b2d05075dff,Down,4.0585003589707735,78.379984,10,-122,-82,no_push_after_entry,0.8989754212530223,,,,,0.012661625652177643,78978.8,no_push_after_entry,,,
15m,900,btc-up-or-down-15m,btc-updown-15m,0x45ca17313cffdb5b596438500a2fe0c899633cef,window_dressing,btc-updown-15m-1775665800,0x9f2db594154fe1cfb4cc00b4bf992f2ff3cd4aecfb7dcc0f3947613e01f5e461,Up,8.282660804316988,98.05945283487632,9,-271,-63,no_push_after_entry,2.3796159299888995,,,,,0.37793900064488845,71440.1,pre_onset_flat,13,,
15m,900,btc-up-or-down-15m,btc-updown-15m,0x45ca17313cffdb5b596438500a2fe0c899633cef,window_dressing,btc-updown-15m-1775794500,0xa110d0172332d87bfaf240b96594a3a3add70b96f8dc0df8f32da5589b43f232,Down,0.46469450519841116,55.91526652069295,38,-237,-15,no_push_after_entry,0.0,,,,,3.1289677048813287,71908.7,no_push_after_entry,,,
15m,900,btc-up-or-down-15m,btc-updown-15m,0x45ca17313cffdb5b596438500a2fe0c899633cef,window_dressing,btc-updown-15m-1775243700,0xa2144301ed48c584beeab895ddaf6e7122ea2f6cb25be5e72c1d4ff4a5a3ba49,Up,1.9806486811646136,227.85054262693797,24,-275,-17,no_push_after_entry,0.0,,,,,2.0966652539136503,66772.7,no_push_after_entry,,,
15m,900,btc-up-or-down-15m,btc-updown-15m,0x45ca17313cffdb5b596438500a2fe0c899633cef,window_dressing,btc-updown-15m-1775231100,0xa633a5fefc3bacd2e7ceec918ea0c4615fa6e2b7443429e4298dcf8c61f95da5,Down,4.135117789828809,101.64054297201135,18,-41,-11,pre_onset_flat,0.014957140315299624,-3,8,6,-5,6.536270317405039,66857.7,pre_onset_flat,36,no_push_after_entry,1.0
15m,900,btc-up-or-down-15m,btc-updown-15m,0x45ca17313cffdb5b596438500a2fe0c899633cef,window_dressing,btc-updown-15m-1776337200,0xadb21018030b6464694591c529813a102c715cdb01d72e0ef98327f21877a6ec,Up,1.1119023113413145,34.3775994684338,3,-112,-98,no_push_after_entry,1.708709440013816,,,,,0.0,74325.1,no_push_after_entry,,,
15m,900,btc-up-or-down-15m,btc-updown-15m,0x45ca17313cffdb5b596438500a2fe0c899633cef,window_dressing,btc-updown-15m-1780322400,0xae19b16982fdcf1b54752bda2037f966ea4143e4584af9f3cc0b6ceb99df9c2b,Down,6.0224944641588385,42.539999,2,-84,-70,no_push_after_entry,2.293141828024735,,,,,0.0,71517.6,no_push_after_entry,,,
15m,900,btc-up-or-down-15m,btc-updown-15m,0x45ca17313cffdb5b596438500a2fe0c899633cef,window_dressing,btc-updown-15m-1777778100,0xaf67a2dc5451cac2b158efe48b65d259cd31717f48528267b44e00b93476f985,Down,2.686431560476881,33.840399,5,-164,-80,no_push_after_entry,0.012799819779282564,,,,,0.012799819779282564,78126.1,no_push_after_entry,,,
15m,900,btc-up-or-down-15m,btc-updown-15m,0x45ca17313cffdb5b596438500a2fe0c899633cef,window_dressing,btc-updown-15m-1776946500,0xaf6e5cf7b924bc93f524d565835c3025b8fcea3fd7c934495683c8dc875f1a04,Up,6.8939335239930015,48.975238430520605,5,-260,-196,no_push_after_entry,0.012858660177921276,,,,,0.012858660177921276,77768.6,no_push_after_entry,,,
15m,900,btc-up-or-down-15m,btc-updown-15m,0x45ca17313cffdb5b596438500a2fe0c899633cef,window_dressing,btc-updown-15m-1775324700,0xb0d0c03e547690b844ce334078ff2fc71c7d39bfccb898507884e9ddab4cb49a,Up,0.9544989877390085,75.03330736948772,7,-131,-47,no_push_after_entry,0.014851404275395644,,,,,0.014851404275395644,67333.7,no_push_after_entry,,,
15m,900,btc-up-or-down-15m,btc-updown-15m,0x45ca17313cffdb5b596438500a2fe0c899633cef,window_dressing,btc-updown-15m-1779931800,0xb1ca834f70f68334cd337c555aa1bfc43dbc333655d41f43bcc764b2388ca84b,Down,4.399764799016498,36.939996,2,-201,-26,post_onset,5.166508613768861,,,,,,74131.3,post_onset,,,0.6829268292682927
15m,900,btc-up-or-down-15m,btc-updown-15m,0x45ca17313cffdb5b596438500a2fe0c899633cef,window_dressing,btc-updown-15m-1776318300,0xb1d7696de344ba2f3b2fb052a5897fc6afff8a5974edc9422e4c7c9e8121b614,Down,2.0291204450573743,47.57045643865655,5,-216,-142,no_push_after_entry,0.013322692941406644,,,,,1.958435862557383,75059.9,no_push_after_entry,,,
15m,900,btc-up-or-down-15m,btc-updown-15m,0x45ca17313cffdb5b596438500a2fe0c899633cef,window_dressing,btc-updown-15m-1778645700,0xb226b9ce65c8c5e3707352ab21dc2a66ed6ae02e18d4799db3ed2782d0ca619f,Up,4.358602234752861,25.02,2,-21,-19,no_push_after_entry,0.012321036939185919,,,,,0.0,81162.0,no_push_after_entry,,,
15m,900,btc-up-or-down-15m,btc-updown-15m,0x45ca17313cffdb5b596438500a2fe0c899633cef,window_dressing,btc-updown-15m-1775520900,0xb53df15cd13c063a0fa8fe453d8a23d909c311c3ee5148f537cb1429d8255ed6,Down,1.6920717851916776,66.27548332785642,7,-129,-39,no_push_after_entry,0.014510376370986903,,,,,0.0,68916.2,no_push_after_entry,,,
15m,900,btc-up-or-down-15m,btc-updown-15m,0x45ca17313cffdb5b596438500a2fe0c899633cef,window_dressing,btc-updown-15m-1778886900,0xb56a1ea010041e5ba388bb89f3c3bed6d3eb24363cf9a6393c49094ab8454b6d,Up,1.4317449538198164,76.09649900000001,9,-146,-31,no_push_after_entry,0.012647981382907614,,,,,2.466356369523424,79064.0,no_push_after_entry,,,
15m,900,btc-up-or-down-15m,btc-updown-15m,0x45ca17313cffdb5b596438500a2fe0c899633cef,window_dressing,btc-updown-15m-1778896800,0xb95c5c79a82deabc8d0ab17a17e202fe7f3626238faf805ec75026815221612d,Up,3.4192717511515314,31.96,2,-19,-15,no_push_after_entry,0.0,,,,,0.0,79146.7,no_push_after_entry,,,
15m,900,btc-up-or-down-15m,btc-updown-15m,0x45ca17313cffdb5b596438500a2fe0c899633cef,window_dressing,btc-updown-15m-1780565400,0xbb50f50c17678db55815092168d30b74bd7ff4715aa92cf5ebf5180008a0745e,Up,5.696409131096918,37.709995,4,-240,-71,post_onset,9.947904812080099,,,,,,62827.3,choppy_gap,10,,0.08641975308641975
15m,900,btc-up-or-down-15m,btc-updown-15m,0x45ca17313cffdb5b596438500a2fe0c899633cef,window_dressing,btc-updown-15m-1777685400,0xbc34c6fe681f752fa4433d0aced1bd4c24bfd66b34b4e6af774e03fb6ced8082,Up,3.4913775007219963,45.1185,10,-174,-22,no_push_after_entry,0.4595940252784145,,,,,3.178858674836484,78330.0,no_push_after_entry,,,
15m,900,btc-up-or-down-15m,btc-updown-15m,0x45ca17313cffdb5b596438500a2fe0c899633cef,window_dressing,btc-updown-15m-1775512800,0xbc80c5a7b668909dd583e71303b88d493fbcdf129e1efc526aa7fb372d5268b5,Up,5.759868638978804,39.052868501288785,3,-207,-181,no_push_after_entry,2.789019314678829,,,,,0.7619485756597556,69558.5,no_push_after_entry,,,
15m,900,btc-up-or-down-15m,btc-updown-15m,0x45ca17313cffdb5b596438500a2fe0c899633cef,window_dressing,btc-updown-15m-1778416200,0xbe869409e7072eeb51f0f0e754ef76cded75eabcb941970d3f6652c9b0b8806b,Down,0.061141226744689095,34.18,3,-240,-13,no_push_after_entry,0.6180179422969008,,,,,0.0,80903.8,no_push_after_entry,,,
15m,900,btc-up-or-down-15m,btc-updown-15m,0x45ca17313cffdb5b596438500a2fe0c899633cef,window_dressing,btc-updown-15m-1777373100,0xbf1eebf03606fb5d0583cf106e16e658d0e1e52c9710d1d0689c7fd9debb702e,Up,0.48551258655950685,224.84697777698923,64,-212,-48,no_push_after_entry,0.013057029187137359,,,,,3.029230771239163,76587.1,no_push_after_entry,,,
15m,900,btc-up-or-down-15m,btc-updown-15m,0x45ca17313cffdb5b596438500a2fe0c899633cef,window_dressing,btc-updown-15m-1779505200,0xbf81562b96c349e8cfe0c7be8b2f73b4f4bcb45b97610c9115805cca82dd5462,Up,5.518100449062199,90.009993,4,-38,-24,no_push_after_entry,0.3839727141037388,,,,,0.0,75526.2,no_push_after_entry,,,
15m,900,btc-up-or-down-15m,btc-updown-15m,0x45ca17313cffdb5b596438500a2fe0c899633cef,window_dressing,btc-updown-15m-1779174900,0xc06c4f9640ea51a2939132edc8c2067b292a924fe520436fa16041cb7b841a65,Down,1.2916927852479065,29.809994,3,-173,-91,no_push_after_entry,0.0,,,,,1.4790519536452378,77076.4,no_push_after_entry,,,
15m,900,btc-up-or-down-15m,btc-updown-15m,0x45ca17313cffdb5b596438500a2fe0c899633cef,window_dressing,btc-updown-15m-1775868300,0xc14f82daa209e3cee31498086877c56462f430e1796ae7dcf0ccbb0d12bb4695,Down,3.9558680723348463,25.189715200000002,2,-261,-261,no_push_after_entry,2.12699680401577,,,,,4.130490567797168,72872.7,no_push_after_entry,,,
15m,900,btc-up-or-down-15m,btc-updown-15m,0x45ca17313cffdb5b596438500a2fe0c899633cef,window_dressing,btc-updown-15m-1778792400,0xc46585da68d9cb541da07d2acb420e0fedbb464995f59a930d368a6803d52879,Down,9.52447586120948,30.109999000000002,2,-230,-136,no_push_after_entry,0.9586478640591743,,,,,3.6502360977638477,81364.6,pre_onset_flat,34,,
15m,900,btc-up-or-down-15m,btc-updown-15m,0x45ca17313cffdb5b596438500a2fe0c899633cef,window_dressing,btc-updown-15m-1779685200,0xc86d106e366071a6c11e482d4151e75b717bccd276edfb40e3df018fe5d06286,Up,4.18987914338928,26.857998,3,-252,-154,pre_onset_flat,0.33637450384647727,-4,150,119,-35,7.36142664189495,77294.8,pre_onset_flat,217,no_push_after_entry,0.9214285714285714
15m,900,btc-up-or-down-15m,btc-updown-15m,0x45ca17313cffdb5b596438500a2fe0c899633cef,window_dressing,btc-updown-15m-1780092000,0xccc6f4c0360b70025c758468b0bf90c7ca116cbe4a239a182b97a0e6f9f2381e,Down,1.447023220398434,338.724264,31,-267,-24,no_push_after_entry,4.733647090921096,,,,,0.0,73305.0,no_push_after_entry,,,
15m,900,btc-up-or-down-15m,btc-updown-15m,0x45ca17313cffdb5b596438500a2fe0c899633cef,window_dressing,btc-updown-15m-1779399900,0xd1628ddaf768cf83fb84f1091634d23852d1d0d20c7d18dec664b37c0ab76354,Down,6.051331508282446,37.4,2,-134,-127,no_push_after_entry,0.8503949182468749,,,,,2.55118475473875,77611.0,no_push_after_entry,,,
15m,900,btc-up-or-down-15m,btc-updown-15m,0x45ca17313cffdb5b596438500a2fe0c899633cef,window_dressing,btc-updown-15m-1777957200,0xd56a37bbd1b5a2da97431f3df28d92d9ba28ca2d74a31a02e14e9d19583ec37d,Down,3.024913918554145,334.214199,62,-224,-46,no_push_after_entry,4.621734509775924,,,,,4.893601245644672,80922.0,no_push_after_entry,,,
15m,900,btc-up-or-down-15m,btc-updown-15m,0x45ca17313cffdb5b596438500a2fe0c899633cef,window_dressing,btc-updown-15m-1780174800,0xd6a2ea80fba5f636f53227ae1f03cec61814436974da7df03870e3f5b1f95795,Up,1.486839304656314,58.59999500000001,6,-163,-28,no_push_after_entry,1.245608215598141,,,,,0.7175786459430283,73859.5,no_push_after_entry,,,
15m,900,btc-up-or-down-15m,btc-updown-15m,0x45ca17313cffdb5b596438500a2fe0c899633cef,window_dressing,btc-updown-15m-1777962600,0xd6a7f3cbda634f6873ec616380b8a2bf809c14b2d576ee20b72c79d6ad78ef93,Down,2.357029297105004,27.555398999999998,4,-104,-60,pre_onset_flat,0.9645312192791131,-4,56,56,-4,7.036131586790959,80868.3,no_push_after_entry,,no_push_after_entry,0.9591836734693877
15m,900,btc-up-or-down-15m,btc-updown-15m,0x45ca17313cffdb5b596438500a2fe0c899633cef,window_dressing,btc-updown-15m-1778197500,0xd76b1158826689c413c42264e12d00e7e95437c3cf31e8de3fd1dc33b1a7ffed,Up,0.07165426033208278,31.059995999999998,2,-85,-79,no_push_after_entry,0.012497719165160964,,,,,0.012497719165160964,80014.6,no_push_after_entry,,,
15m,900,btc-up-or-down-15m,btc-updown-15m,0x45ca17313cffdb5b596438500a2fe0c899633cef,window_dressing,btc-updown-15m-1780664400,0xd896bb4f238645f4f0cc7fc06cd800b4e370fc3285c574251231e727e947d5cc,Up,4.291609489512837,266.869969,10,-275,-14,post_onset,6.858411720944944,,,,,,61967.7,post_onset,,,0.18867924528301888
15m,900,btc-up-or-down-15m,btc-updown-15m,0x45ca17313cffdb5b596438500a2fe0c899633cef,window_dressing,btc-updown-15m-1779845400,0xdc7b5aea6b00c875a6cde12d0676119955ab00b0dd7943175628637275e90f7f,Down,1.6697170758877824,88.943,20,-99,-25,pre_onset_flat,0.013193882787032108,-12,13,13,-12,5.330328646425603,75792.7,pre_onset_flat,87,no_push_after_entry,0.8545454545454545
15m,900,btc-up-or-down-15m,btc-updown-15m,0x45ca17313cffdb5b596438500a2fe0c899633cef,window_dressing,btc-updown-15m-1775475900,0xdea23fe2dd5a683faa0b05c189ff07a2bb9804efc749545b138bca2df4576418,Down,4.8284265019287185,33.9281363000504,2,-155,-155,no_push_after_entry,0.02874463553197548,,,,,0.0,69578.2,no_push_after_entry,,,
15m,900,btc-up-or-down-15m,btc-updown-15m,0x45ca17313cffdb5b596438500a2fe0c899633cef,window_dressing,btc-updown-15m-1778238000,0xdf4dc3db0b9e0abd18a62a6f2ed6cd798d02f03bf96e95f8d9375d5b2e194995,Up,2.217692724852003,61.655998,10,-247,-44,no_push_after_entry,1.6705084204836966,,,,,0.0,80215.1,no_push_after_entry,,,
15m,900,btc-up-or-down-15m,btc-updown-15m,0x45ca17313cffdb5b596438500a2fe0c899633cef,window_dressing,btc-updown-15m-1775799000,0xdf8bea87bf31b48dba1cefe515530712fbaa067a4bfb7d56b32cb47114458f33,Down,9.158795804489932,121.09128371005832,9,-275,-153,no_push_after_entry,1.703837096551172,,,,,2.7150574871873974,72190.0,pre_onset_flat,41,,
15m,900,btc-up-or-down-15m,btc-updown-15m,0x45ca17313cffdb5b596438500a2fe0c899633cef,window_dressing,btc-updown-15m-1778258700,0xe17871d48ab2efeda32072b6ccc1fa0ed5e2a61e324484486e22f69a372c764f,Up,1.4978178276807335,70.281992,7,-275,-109,no_push_after_entry,1.4661892988227994,,,,,1.3910001040124491,79798.7,pre_onset_flat,49,,
15m,900,btc-up-or-down-15m,btc-updown-15m,0x45ca17313cffdb5b596438500a2fe0c899633cef,window_dressing,btc-updown-15m-1778024700,0xe18edd41a81de81db7118903bc570b22753d7577b3818b1ede181838d3339148,Down,1.8733271911687215,277.502593,19,-202,-28,no_push_after_entry,1.0750641949266413,,,,,3.1510502265049047,80925.4,no_push_after_entry,,,
15m,900,btc-up-or-down-15m,btc-updown-15m,0x45ca17313cffdb5b596438500a2fe0c899633cef,window_dressing,btc-updown-15m-1777215600,0xe2c1d439d73b46e701da2be12de2fe3133f19af0bd2a27c3de0bf8074e081603,Down,0.1954721145605935,44.48491281339912,5,-170,-16,no_push_after_entry,0.01280293340884769,,,,,0.01280293340884769,78107.1,no_push_after_entry,,,
15m,900,btc-up-or-down-15m,btc-updown-15m,0x45ca17313cffdb5b596438500a2fe0c899633cef,window_dressing,btc-updown-15m-1775450700,0xea982d907000436ede80698c436aa42c83cc3a6142fe38876c745750cd400db2,Down,5.695151771127948,76.58800020149029,6,-37,-13,no_push_after_entry,0.014468576423139414,,,,,0.0,69115.3,no_push_after_entry,,,
15m,900,btc-up-or-down-15m,btc-updown-15m,0x45ca17313cffdb5b596438500a2fe0c899633cef,window_dressing,btc-updown-15m-1775979900,0xeb1fcd303fe92955f23db78276421cba6fc0ea79877e53f173ecb113f7761c37,Down,9.596848041828117,51.4414645077902,7,-123,-13,no_push_after_entry,3.1922071115137935,,,,,1.0036633713048586,71737.2,pre_onset_flat,46,,
15m,900,btc-up-or-down-15m,btc-updown-15m,0x45ca17313cffdb5b596438500a2fe0c899633cef,window_dressing,btc-updown-15m-1776015000,0xebe5b8800667e244ea30355feef96d4023528324ef3b76d137c3950ba8e0c77f,Up,2.5614945768685025,57.444351037683376,12,-239,-31,no_push_after_entry,0.30981944567627095,,,,,4.731787897606259,71009.1,no_push_after_entry,,,
15m,900,btc-up-or-down-15m,btc-updown-15m,0x45ca17313cffdb5b596438500a2fe0c899633cef,window_dressing,btc-updown-15m-1779715800,0xecb9416979e2e0b56defd23e8249cc05c015b834a662fac02aa5350f587f250f,Up,1.8075777045844537,298.331589,36,-250,-12,no_push_after_entry,0.9840365958019536,,,,,2.990953337244338,77232.9,no_push_after_entry,,,
15m,900,btc-up-or-down-15m,btc-updown-15m,0x45ca17313cffdb5b596438500a2fe0c899633cef,window_dressing,btc-updown-15m-1778490900,0xee4eb9f4182786c7b7e55a0606802b3abb7944c3277a043e22239d7ec8443493,Down,0.7537698116092391,38.456798,7,-261,-47,no_push_after_entry,0.28424047238330824,,,,,1.198753296571206,80917.4,no_push_after_entry,,,
15m,900,btc-up-or-down-15m,btc-updown-15m,0x45ca17313cffdb5b596438500a2fe0c899633cef,window_dressing,btc-updown-15m-1775134800,0xef645a83a7ba1b4a115d0dbefdbeec254835549f7ed949fc88f805edb24f6c66,Down,6.5209400402351685,121.00246247292296,10,-249,-97,no_push_after_entry,2.1969297527923732,,,,,2.060568595721179,66001.2,no_push_after_entry,,,
15m,900,btc-up-or-down-15m,btc-updown-15m,0x45ca17313cffdb5b596438500a2fe0c899633cef,window_dressing,btc-updown-15m-1778327100,0xf023406a1a178ae626e73535f1b4ce316270669e13055a2a8a898e4f8f86a0ee,Down,0.8459941724649048,163.2315,25,-217,-12,no_push_after_entry,0.21161518401148816,,,,,1.5684419520885573,80334.5,no_push_after_entry,,,
15m,900,btc-up-or-down-15m,btc-updown-15m,0x45ca17313cffdb5b596438500a2fe0c899633cef,window_dressing,btc-updown-15m-1779401700,0xf0e37f9c6bd83bf350b96cac0bb0a143278b65fcfa3ad663a83053923772496b,Up,4.951959610706781,163.939999,8,-189,-47,no_push_after_entry,2.1514574513857045,,,,,1.0692872363180075,77621.8,no_push_after_entry,,,
15m,900,btc-up-or-down-15m,btc-updown-15m,0x45ca17313cffdb5b596438500a2fe0c899633cef,window_dressing,btc-updown-15m-1779770700,0xf3b8e6e75e0dcec309f9f1195f379e998c6236b423bd278384b6ce231f8b1774,Down,2.83485908608553,105.462597,17,-244,-153,no_push_after_entry,0.013035192411337078,,,,,3.4152204120681233,76715.4,no_push_after_entry,,,
15m,900,btc-up-or-down-15m,btc-updown-15m,0x45ca17313cffdb5b596438500a2fe0c899633cef,window_dressing,btc-updown-15m-1779210000,0xf4614cb68b8da74ab754b9ec9ca3423c9b60a8387ea5e16244a8af4d29e3824c,Up,8.449497316213414,53.299996,4,-258,-121,no_push_after_entry,2.6540970020424486,,,,,2.3938914136051324,76862.3,no_push_after_entry,,,
15m,900,btc-up-or-down-15m,btc-updown-15m,0x45ca17313cffdb5b596438500a2fe0c899633cef,window_dressing,btc-updown-15m-1775866500,0xf4af0a6f9a6f6df61ab72149805bd0799786a10886c9dbd410eb9f0ca4761963,Up,4.459731221921253,41.449284894727406,6,-273,-99,pre_onset_flat,0.013717496391100752,-54,45,25,-74,5.92595844147253,72899.6,pre_onset_flat,199,no_push_after_entry,0.9083333333333333
15m,900,btc-up-or-down-15m,btc-updown-15m,0x45ca17313cffdb5b596438500a2fe0c899633cef,window_dressing,btc-updown-15m-1776141900,0xf6758a84ae9f5b7d87b945b30c046ade08c91a7aa27765d13313fae282f96e99,Up,0.5961498332722868,40.85448827125891,7,-169,-91,no_push_after_entry,0.6854838709685243,,,,,0.16129032258025397,74400.0,no_push_after_entry,,,
15m,900,btc-up-or-down-15m,btc-updown-15m,0x45ca17313cffdb5b596438500a2fe0c899633cef,window_dressing,btc-updown-15m-1778603400,0xf7ea2dc9bd2268d14e0d2d96ff33aabcb8ab1db3fe06f37064aaba044b0922c7,Down,4.539890410914843,66.299994,5,-202,-110,no_push_after_entry,1.8825841022618774,,,,,0.0,80208.9,pre_onset_flat,53,,
15m,900,btc-up-or-down-15m,btc-updown-15m,0x45ca17313cffdb5b596438500a2fe0c899633cef,window_dressing,btc-updown-15m-1777334400,0xf91d65daef47e082d2c7770b942fb4782f1731fa749df13a59a768e62220d741,Down,5.988256925795541,34.44897787154525,9,-226,-122,pre_onset_flat,1.3051641857785978,-87,35,20,-102,7.159019395255946,77384.9,choppy_gap,26,pre_onset_flat,0.71875
15m,900,btc-up-or-down-15m,btc-updown-15m,0x45ca17313cffdb5b596438500a2fe0c899633cef,window_dressing,btc-updown-15m-1776016800,0xfb69853be5f7542c73ce0681dbc054b46033c2dc345c4d6f18f7fcec425f4a6c,Up,4.936287899872335,101.85707615835936,13,-133,-43,no_push_after_entry,0.056207563290943154,,,,,4.819798552093578,71164.8,no_push_after_entry,,,
15m,900,btc-up-or-down-15m,btc-updown-15m,0x45ca17313cffdb5b596438500a2fe0c899633cef,window_dressing,btc-updown-15m-1777337100,0xfc91a910d095e6b38af2bc10a6c6f93c04f7228b94cdfcf4271ff8c02628acd3,Down,2.6940692811482934,216.3082329489671,32,-248,-178,pre_onset_flat,1.5757917061687194,-72,106,23,-155,6.238585197372867,77421.4,no_push_after_entry,,no_push_after_entry,0.7625
15m,900,btc-up-or-down-15m,btc-updown-15m,0x45ca17313cffdb5b596438500a2fe0c899633cef,window_dressing,btc-updown-15m-1775721600,0xfefb15d5cbd50e97ceb41d9dd1cfaf4c45888a6d07a5982331e54e46b5275002,Down,3.63269355490893,44.277367809158285,4,-67,-47,no_push_after_entry,3.2974001268222617,,,,,0.014091453534252204,70965.0,no_push_after_entry,,,
15m,900,btc-up-or-down-15m,btc-updown-15m,0x51928a6454475e6b0d883f5d6ba663670c83df62,window_dressing,btc-updown-15m-1778386500,0x005df9dade239b5f599097aeb72dffacd902207d00f13ec0836c8114d0cb74be,Up,1.6762389530509898,82.449999,1,-346,-346,no_push_after_entry,0.012381432307771311,,,,,1.63434906476815,80766.1,no_push_after_entry,,,
15m,900,btc-up-or-down-15m,btc-updown-15m,0x51928a6454475e6b0d883f5d6ba663670c83df62,window_dressing,btc-updown-15m-1775862000,0x02104cc7822702ab2fad6df8eed0e938bf2cd2d5af04a203db18a06b31261c32,Up,1.084490481164433,32.3269310240494,2,-115,-77,post_onset,5.239717055278616,,,,,,72904.7,post_onset,,,0.7625
15m,900,btc-up-or-down-15m,btc-updown-15m,0x51928a6454475e6b0d883f5d6ba663670c83df62,window_dressing,btc-updown-15m-1775777400,0x02a708e416f2321e6b7cd1f3500ccf27bc02d37c1e0dd8d1e2e90aea3287092b,Down,3.9817592814024527,42.4062741521914,4,-223,-33,pre_onset_flat,0.7518158441024545,-5,28,28,-5,5.09564072113143,71826.1,no_push_after_entry,,no_push_after_entry,0.6136363636363636
15m,900,btc-up-or-down-15m,btc-updown-15m,0x51928a6454475e6b0d883f5d6ba663670c83df62,window_dressing,btc-updown-15m-1776000600,0x03aa7578c8c805b4086f41a19fd7a37eff01abc59e1dab0c56b2fe1b0e85cf25,Down,9.880270169142266,95.46231940000001,1,-129,-129,no_push_after_entry,1.985946261140077,,,,,0.01408472525507703,70998.9,no_push_after_entry,,,
15m,900,btc-up-or-down-15m,btc-updown-15m,0x51928a6454475e6b0d883f5d6ba663670c83df62,window_dressing,btc-updown-15m-1780771500,0x03f35660f11c3451b0e73455db929bb516fd6495d40ffb1c3e8994a2638a603a,Up,4.721369486817227,27.809998000000004,1,-278,-278,pre_onset_flat,3.597810946587841,-241,37,32,-246,5.215175500557585,60592.4,pre_onset_flat,32,pre_onset_flat,0.7640449438202247
15m,900,btc-up-or-down-15m,btc-updown-15m,0x51928a6454475e6b0d883f5d6ba663670c83df62,window_dressing,btc-updown-15m-1776111300,0x067f390ed38bc7661fdefbf81f5f9480a872b01ffe0f7599fc5dfb03995955b3,Up,1.9093144461305354,144.18295140602228,2,-227,-221,post_onset,5.33411384640214,,,,,,73114.3,pre_onset_flat,22,,0.7361111111111112
15m,900,btc-up-or-down-15m,btc-updown-15m,0x51928a6454475e6b0d883f5d6ba663670c83df62,window_dressing,btc-updown-15m-1775869200,0x06d66030d439ae45d8daba912d6ec97a7719d1ac779810e2a05f47f59d4e082e,Down,3.1888818529257006,70.37299642149185,6,-413,-3,no_push_after_entry,0.8374611472931154,,,,,0.0,72839.2,no_push_after_entry,,,
15m,900,btc-up-or-down-15m,btc-updown-15m,0x51928a6454475e6b0d883f5d6ba663670c83df62,window_dressing,btc-updown-15m-1776168900,0x06d955f2f02a8b400f50077c7bd32f19dfbb6a1a7b4949b5485d2ddf855faae2,Up,1.7249861976913186,159.7744499870876,20,-293,-11,no_push_after_entry,1.776251517216404,,,,,0.7804741515038809,74313.8,pre_onset_flat,81,,0.8541666666666666
15m,900,btc-up-or-down-15m,btc-updown-15m,0x51928a6454475e6b0d883f5d6ba663670c83df62,window_dressing,btc-updown-15m-1778640300,0x07476df68501c9c550fc3a64dd11f46b795011bf3caaa12b7ce44bc5fd9e791e,Down,0.8111543171514061,62.999998,2,-904,-902,no_push_after_entry,0.46891466000021104,,,,,4.516388567365918,81038.2,no_push_after_entry,,,
15m,900,btc-up-or-down-15m,btc-updown-15m,0x51928a6454475e6b0d883f5d6ba663670c83df62,window_dressing,btc-updown-15m-1779009300,0x0a5ecd8129fa1dd42a71a3645a95d0e326dea4869b5aeec533074d66bc1adbe2,Up,1.156783310000876,162.11998499999999,13,-295,-230,no_push_after_entry,0.012806261750490577,,,,,1.6904265509659877,78086.8,no_push_after_entry,,,
15m,900,btc-up-or-down-15m,btc-updown-15m,0x51928a6454475e6b0d883f5d6ba663670c83df62,window_dressing,btc-updown-15m-1775896200,0x0abc284ae5ec53f212c12e2ca7b527de200010f4a7a23d40bc922a92ba5eed0a,Down,0.5042026387751022,70.79169699537593,6,-741,-209,no_push_after_entry,0.0,,,,,0.013743777503534742,72760.2,pre_onset_flat,153,,
15m,900,btc-up-or-down-15m,btc-updown-15m,0x51928a6454475e6b0d883f5d6ba663670c83df62,window_dressing,btc-updown-15m-1778221800,0x0c7dc07f4987fc6cb3bf8905c3718bb8b1a8c4e5de7a23afb72d8731c272c1e9,Down,0.5732949823286884,28.839972,6,-46,-21,no_push_after_entry,0.012567045184970423,,,,,3.6318760587728254,79573.2,no_push_after_entry,,,
15m,900,btc-up-or-down-15m,btc-updown-15m,0x51928a6454475e6b0d883f5d6ba663670c83df62,window_dressing,btc-updown-15m-1778721300,0x0dc9f0a495152f1a8917da01420c6ebe9a4255bfa72c7b9a89f80a0a1ad9c640,Down,8.682965166181889,39.649996,4,-263,-193,pre_onset_flat,1.558160867543029,-24,169,137,-56,7.3761324939366295,79581.0,pre_onset_flat,23,no_push_after_entry,0.9238095238095239
15m,900,btc-up-or-down-15m,btc-updown-15m,0x51928a6454475e6b0d883f5d6ba663670c83df62,window_dressing,btc-updown-15m-1780176600,0x0f34bcab2c8a70a853d6145f26452df9181f684f72a9fa89b1a6038d3747c184,Down,2.2351596404307195,110.42978000000001,29,-97,-50,no_push_after_entry,3.909462793819631,,,,,4.315289381411272,73923.2,no_push_after_entry,,,
15m,900,btc-up-or-down-15m,btc-updown-15m,0x51928a6454475e6b0d883f5d6ba663670c83df62,window_dressing,btc-updown-15m-1779485400,0x0fc51693e1b5215c2dbae5829c34280b972128f5f07d82bd0b3fd4fd8e3f20fb,Down,5.909187676935077,49.909999,1,-251,-251,pre_onset_flat,0.013165863549756534,-99,152,99,-152,5.542828554125632,75954.0,pre_onset_flat,99,no_push_after_entry,0.9426229508196722
15m,900,btc-up-or-down-15m,btc-updown-15m,0x51928a6454475e6b0d883f5d6ba663670c83df62,window_dressing,btc-updown-15m-1778396400,0x10c726b59b2abbd117d38821e634e7daecee2b1fea3bf177f779c5ee7667293f,Down,0.698329648654184,156.3494,3,-31,-16,no_push_after_entry,1.387254598377047,,,,,0.49544807084907416,80735.0,no_push_after_entry,,,
15m,900,btc-up-or-down-15m,btc-updown-15m,0x51928a6454475e6b0d883f5d6ba663670c83df62,window_dressing,btc-updown-15m-1775960100,0x12ad7241618374388edbb16eafcae2b575de6b9a47c8f00b5cdaaaf980140c2b,Down,0.7303601510815257,96.3057491262299,7,-893,-891,choppy_gap,3.7597701805664445,-361,530,10,-881,5.514329598162902,71812.9,choppy_gap,12,,
15m,900,btc-up-or-down-15m,btc-updown-15m,0x51928a6454475e6b0d883f5d6ba663670c83df62,window_dressing,btc-updown-15m-1779031800,0x12b6f2664b66872fedafe463661e4e69a4579bbd96d4dff4aa4e5956c4b0be3c,Up,5.128064771257372,73.26999599999999,2,-141,-136,post_onset,5.462876165831098,,,,,,77980.9,post_onset,,,0.8536585365853658
15m,900,btc-up-or-down-15m,btc-updown-15m,0x51928a6454475e6b0d883f5d6ba663670c83df62,window_dressing,btc-updown-15m-1775781900,0x14560f57dcab49371d6b5d96175c63da1162bcff4daaf424d50575f89001fb8f,Up,6.448455675564621,65.34239641977685,5,-571,-217,no_push_after_entry,0.013899680447155605,,,,,2.2517482323077345,71944.1,post_onset,,,0.7777777777777778
15m,900,btc-up-or-down-15m,btc-updown-15m,0x51928a6454475e6b0d883f5d6ba663670c83df62,window_dressing,btc-updown-15m-1778564700,0x149bba9ef920a929c298ed167afb41d616c47be252de688f29e958b8c34ff865,Down,3.5036694873833474,77.179998,3,-580,-85,no_push_after_entry,0.2461650561317869,,,,,2.326259780446461,81246.3,no_push_after_entry,,,
15m,900,btc-up-or-down-15m,btc-updown-15m,0x51928a6454475e6b0d883f5d6ba663670c83df62,window_dressing,btc-updown-15m-1778345100,0x14c445bf4ba007823cbc4e173a395c0b4406bb16013268e17a248fdbbabd6f76,Down,2.824835670353027,103.069987,15,-106,-52,no_push_after_entry,0.01240311615962572,,,,,2.3813983025091616,80624.9,no_push_after_entry,,,
15m,900,btc-up-or-down-15m,btc-updown-15m,0x51928a6454475e6b0d883f5d6ba663670c83df62,window_dressing,btc-updown-15m-1775505600,0x1c3e1b68654293359096520958a55ea6f78e197a646b88d0137110e761a8de69,Up,2.128434360083166,33.63406088185636,1,-1073,-1073,pre_onset_flat,0.4448558164906359,-983,90,90,-983,5.008215482416597,69685.5,pre_onset_flat,90,choppy_gap,0.8484848484848485
15m,900,btc-up-or-down-15m,btc-updown-15m,0x51928a6454475e6b0d883f5d6ba663670c83df62,window_dressing,btc-updown-15m-1778124600,0x1cd18f6425be0d6a6437dcb26c66022141fa777cd98bb3186e715ffdc713a650,Up,1.3739884940377516,67.949998,1,-149,-149,no_push_after_entry,0.0,,,,,0.0,81000.0,no_push_after_entry,,,
15m,900,btc-up-or-down-15m,btc-updown-15m,0x51928a6454475e6b0d883f5d6ba663670c83df62,window_dressing,btc-updown-15m-1775626200,0x1eb9a51ddfb38683a6771d5d26f16e5f513421bd11dbd4f773a812c30651bd4f,Down,1.997667786234406,94.39967930186509,1,-1,-1,no_push_after_entry,3.096316359847344,,,,,0.0,71698.1,no_push_after_entry,,,
15m,900,btc-up-or-down-15m,btc-updown-15m,0x51928a6454475e6b0d883f5d6ba663670c83df62,window_dressing,btc-updown-15m-1777285800,0x1ed3eb8d9120f631b557d56162c36b384e501b0268df24155dd30234858eb83a,Up,8.899729611651408,49.46436,1,-114,-114,no_push_after_entry,0.01283814057581895,,,,,0.6675833099052214,77892.9,no_push_after_entry,,,
15m,900,btc-up-or-down-15m,btc-updown-15m,0x51928a6454475e6b0d883f5d6ba663670c83df62,window_dressing,btc-updown-15m-1777306500,0x1f93a443c22f120a750feeb4b24f3b822ec74568a5c854698942923d7c531258,Down,4.185302550123776,48.118378213478366,1,-112,-112,no_push_after_entry,1.0290974034171476,,,,,3.699540032541458,76766.3,no_push_after_entry,,,
15m,900,btc-up-or-down-15m,btc-updown-15m,0x51928a6454475e6b0d883f5d6ba663670c83df62,window_dressing,btc-updown-15m-1777347000,0x2127a4401ad3ec0b68df5ffb86f5fdd321a2653bbfd3fb3b58ae21afcfa6a37a,Up,3.301208768932277,49.622518400000004,1,-114,-114,no_push_after_entry,0.013019409334300527,,,,,0.0,76808.4,no_push_after_entry,,,
15m,900,btc-up-or-down-15m,btc-updown-15m,0x51928a6454475e6b0d883f5d6ba663670c83df62,window_dressing,btc-updown-15m-1778091300,0x231e1985e215ffd0bf5d21df02d2b9bb9fa5dfb42fcb3594f03dee8ae1314f22,Down,1.7364017347042215,76.609991,9,-271,-20,no_push_after_entry,1.533623781229181,,,,,2.6991778549633585,81506.3,no_push_after_entry,,,
15m,900,btc-up-or-down-15m,btc-updown-15m,0x51928a6454475e6b0d883f5d6ba663670c83df62,window_dressing,btc-updown-15m-1777815000,0x23b926bde6a84b17197f26d71bd113e2e44c4f226f4102153d8aca4ba33957ee,Down,2.4170506384830084,39.089997,4,-202,-198,pre_onset_flat,0.01271282864140147,-136,62,55,-143,6.6360965513906045,78660.7,pre_onset_flat,59,pre_onset_flat,0.8888888888888888
15m,900,btc-up-or-down-15m,btc-updown-15m,0x51928a6454475e6b0d883f5d6ba663670c83df62,window_dressing,btc-updown-15m-1776323700,0x27bfa49052547ee7c759f5d896d9a238f308fdf94e7b975229c2ae9edc6767ad,Down,0.7685771284360181,40.08290932633673,5,-286,-82,no_push_after_entry,1.0013377872838112,,,,,0.0,74899.8,pre_onset_flat,106,,
15m,900,btc-up-or-down-15m,btc-updown-15m,0x51928a6454475e6b0d883f5d6ba663670c83df62,window_dressing,btc-updown-15m-1775952000,0x281c9939ab1145d20adfa14d0261ae7e36b1e816d56dc64f253f2bc060bce61a,Down,5.333161114798913,96.90400211362238,2,-751,-741,post_onset,6.164375117294359,,,,,,73000.1,post_onset,,,0.8367346938775511
15m,900,btc-up-or-down-15m,btc-updown-15m,0x51928a6454475e6b0d883f5d6ba663670c83df62,window_dressing,btc-updown-15m-1775805300,0x28731eef29b5747f86a6c71d8ae7499b5b8c228f09e1b302ed7adc83c9b37841,Up,0.6120547061710424,77.60766571475898,6,-165,-63,no_push_after_entry,0.7807217493751885,,,,,0.850429048426472,71728.5,no_push_after_entry,,,
15m,900,btc-up-or-down-15m,btc-updown-15m,0x51928a6454475e6b0d883f5d6ba663670c83df62,window_dressing,btc-updown-15m-1780262100,0x293b73977c913eb7269f464c21360c24da0e72fabc5b0ef2c8bf056590fad299,Down,4.695600704091287,215.339955,29,-264,-162,no_push_after_entry,0.01359985420837545,,,,,0.01359985420837545,73530.2,no_push_after_entry,,,
15m,900,btc-up-or-down-15m,btc-updown-15m,0x51928a6454475e6b0d883f5d6ba663670c83df62,window_dressing,btc-updown-15m-1778584500,0x29a334f3f693ad0a65874f96252519fb304cbe0134c7d561f3cc1f79425d7dde,Up,5.929006874866563,297.899982,6,-251,-80,no_push_after_entry,0.012407009464789003,,,,,1.3151430031899995,80599.6,no_push_after_entry,,,
15m,900,btc-up-or-down-15m,btc-updown-15m,0x51928a6454475e6b0d883f5d6ba663670c83df62,window_dressing,btc-updown-15m-1777341600,0x2cbbaa5fd03cc05a6a4c6c60a2d117a8519dcde01679b7a598e7c098ea194808,Up,8.932393608965768,49.041578400000006,1,-108,-108,no_push_after_entry,1.958233854620105,,,,,2.891961255500615,77110.3,no_push_after_entry,,,
15m,900,btc-up-or-down-15m,btc-updown-15m,0x51928a6454475e6b0d883f5d6ba663670c83df62,window_dressing,btc-updown-15m-1778349600,0x2cbff152253103606bf1d41a3d3316c6a3cd4f6c51d5ce84788c492e6ad1586c,Up,2.708714891476202,204.79997699999998,23,-166,-2,post_onset,7.188058667426195,,,,,,80828.5,no_push_after_entry,,,0.9743589743589743
15m,900,btc-up-or-down-15m,btc-updown-15m,0x51928a6454475e6b0d883f5d6ba663670c83df62,window_dressing,btc-updown-15m-1777313700,0x2df47adcb4c35bad4336c92007b351b005132f0a581398cfcb1c1b53a5a96969,Down,7.749650439730025,49.790108,1,-114,-114,no_push_after_entry,4.786373832750416,,,,,2.438833533308609,76676.0,no_push_after_entry,,,
15m,900,btc-up-or-down-15m,btc-updown-15m,0x51928a6454475e6b0d883f5d6ba663670c83df62,window_dressing,btc-updown-15m-1775897100,0x2df62cb004a44ae6909a5a1b8d068cbe9ea6c74ba750b5b81bf1a7f9c51914f1,Down,9.475005711026151,26.953744620289537,2,-719,-293,no_push_after_entry,3.4111666189840935,,,,,0.0,72702.4,pre_onset_flat,171,,
15m,900,btc-up-or-down-15m,btc-updown-15m,0x51928a6454475e6b0d883f5d6ba663670c83df62,window_dressing,btc-updown-15m-1779272100,0x3139418252aab1a1421663249d1093abf3ccc04a48f36f0892d63a233920a00c,Up,2.5906479087197716,37.919996,6,-222,-154,pre_onset_flat,0.01290339230258723,-4,150,139,-15,6.529116504729845,77499.0,pre_onset_flat,210,no_push_after_entry,0.9459459459459459
15m,900,btc-up-or-down-15m,btc-updown-15m,0x51928a6454475e6b0d883f5d6ba663670c83df62,window_dressing,btc-updown-15m-1779447600,0x31a8b66c93587f00062b1a715511de96264a7dfe1685ddf548a6600e274f88e4,Down,2.3797237443053363,40.569997,3,-281,-132,no_push_after_entry,0.8030183127027252,,,,,0.15542289923248154,77208.7,no_push_after_entry,,,
15m,900,btc-up-or-down-15m,btc-updown-15m,0x51928a6454475e6b0d883f5d6ba663670c83df62,window_dressing,btc-updown-15m-1775849400,0x3412dcb5ceb89a6cda46ca8d7e7a3649eea3af33ed72b5a1419eedc6886e82c9,Down,7.139360051385859,97.20265400198,2,-677,-87,no_push_after_entry,0.3700799921045613,,,,,2.5357332792376903,72957.2,choppy_gap,59,,
15m,900,btc-up-or-down-15m,btc-updown-15m,0x51928a6454475e6b0d883f5d6ba663670c83df62,window_dressing,btc-updown-15m-1776160800,0x3585172434290902775e03f0b1520f2b950dfd409e097984141f5a4837c061de,Up,5.919930542434313,96.05189266992531,2,-1197,-807,pre_onset_flat,1.9463087248322146,-576,231,134,-673,5.23489932885906,74500.0,pre_onset_flat,43,no_push_after_entry,0.9466666666666667
15m,900,btc-up-or-down-15m,btc-updown-15m,0x51928a6454475e6b0d883f5d6ba663670c83df62,window_dressing,btc-updown-15m-1776819600,0x359e86109ba976fba81a37091f45f9845caa1835366942229e37ecc411ad78ef,Up,2.965949338450587,47.0705680450339,23,-208,-152,pre_onset_flat,3.1047519735476556,-128,24,13,-139,6.484608552347166,76334.6,pre_onset_flat,69,pre_onset_flat,0.7272727272727273
15m,900,btc-up-or-down-15m,btc-updown-15m,0x51928a6454475e6b0d883f5d6ba663670c83df62,window_dressing,btc-updown-15m-1778326200,0x3696bbc53d856f1c6313dc2ccf91397ead775b2d144372c3ab6c4ce720c31223,Down,0.02032417900445751,43.059995,5,-293,-255,no_push_after_entry,1.792391298935292,,,,,1.020667267451125,80339.6,no_push_after_entry,,,
15m,900,btc-up-or-down-15m,btc-updown-15m,0x51928a6454475e6b0d883f5d6ba663670c83df62,window_dressing,btc-updown-15m-1778395500,0x370d5219df47d221de4a13a68884fa16b0e8e9d18e71f2ddb9a4b3f25c0a1412,Up,3.166608983466445,177.17999500000002,5,-43,-41,no_push_after_entry,0.0,,,,,0.0,80705.0,no_push_after_entry,,,
15m,900,btc-up-or-down-15m,btc-updown-15m,0x51928a6454475e6b0d883f5d6ba663670c83df62,window_dressing,btc-updown-15m-1778114700,0x37285f0d0d7fedccdcf038158456f16de595a1331b2e186ca4bbe3de117edfd1,Down,1.9222842327336682,214.06997,23,-252,-2,no_push_after_entry,0.4443418618178051,,,,,0.0,81018.7,no_push_after_entry,,,0.896
15m,900,btc-up-or-down-15m,btc-updown-15m,0x51928a6454475e6b0d883f5d6ba663670c83df62,window_dressing,btc-updown-15m-1780258500,0x38d1d84923827d0a9f1c905981095e1d9ae6b61241e1f6e1b4f67117e3edb7c3,Down,1.3269635229015218,44.589993,10,-293,-36,no_push_after_entry,0.1766373946783716,,,,,1.6440865197142034,73597.1,no_push_after_entry,,,
15m,900,btc-up-or-down-15m,btc-updown-15m,0x51928a6454475e6b0d883f5d6ba663670c83df62,window_dressing,btc-updown-15m-1778548500,0x38e83cd756ddb954cee7b669899b866f17dd24aea4fd0b09a4eea2c16a1cf4f2,Down,3.1098976207039564,39.569999,1,-184,-184,no_push_after_entry,3.219812415203056,,,,,4.817429262441391,81371.2,no_push_after_entry,,,
15m,900,btc-up-or-down-15m,btc-updown-15m,0x51928a6454475e6b0d883f5d6ba663670c83df62,window_dressing,btc-updown-15m-1776818700,0x39ffa595d0603e1a7bbfb75459e092f8d1edfa717638447e409e861ec63d5b45,Up,3.9927373865980815,53.75699028626634,10,-80,-44,pre_onset_flat,0.01310300006175036,-4,40,40,-4,9.00176104320998,76318.4,pre_onset_flat,76,no_push_after_entry,0.9494949494949495
15m,900,btc-up-or-down-15m,btc-updown-15m,0x51928a6454475e6b0d883f5d6ba663670c83df62,window_dressing,btc-updown-15m-1778216400,0x3c70e30c051633fd3eacb77650392a157c3774946cd73062a27d66664f857bc0,Down,1.7042420172427593,49.529971,3,-55,-20,no_push_after_entry,0.012555116964200436,,,,,0.0,79648.8,no_push_after_entry,,,
15m,900,btc-up-or-down-15m,btc-updown-15m,0x51928a6454475e6b0d883f5d6ba663670c83df62,window_dressing,btc-updown-15m-1776139200,0x3d3632b3990ac3b75687140af287444e719896070926d4b00f4e087e1c79d2ab,Up,3.6003634851357074,64.54222554199832,7,-157,-59,no_push_after_entry,0.49704192884469856,,,,,3.6270627240047073,74440.4,no_push_after_entry,,,
15m,900,btc-up-or-down-15m,btc-updown-15m,0x51928a6454475e6b0d883f5d6ba663670c83df62,window_dressing,btc-updown-15m-1776013200,0x3f85d4dff0fc32b72188de32e424a3b4c2ac4705a4b8ba28c4489f74f812ef52,Down,4.4476050317194105,96.78950262733568,4,-391,-31,no_push_after_entry,0.056377810258891305,,,,,0.7329115333491788,70949.9,pre_onset_flat,61,,
15m,900,btc-up-or-down-15m,btc-updown-15m,0x51928a6454475e6b0d883f5d6ba663670c83df62,window_dressing,btc-updown-15m-1778199300,0x3fd107f81c2f59a47fe835ca2b39d928692a161d43da77eecf896d5376529efc,Down,7.896575495540038,38.089999999999996,4,-310,-304,pre_onset_flat,0.0,-177,127,21,-283,5.505748575809641,80098.1,pre_onset_flat,27,pre_onset_flat,0.8636363636363636
15m,900,btc-up-or-down-15m,btc-updown-15m,0x51928a6454475e6b0d883f5d6ba663670c83df62,window_dressing,btc-updown-15m-1775713500,0x423581e71bd76c27124b643c196bf9f4313f79a79d53bc085adf14b7b08a6b41,Down,7.945615435709772,99.3890721489739,2,-367,-363,no_push_after_entry,0.014096260542772122,,,,,1.917091433985213,70940.8,no_push_after_entry,,,
15m,900,btc-up-or-down-15m,btc-updown-15m,0x51928a6454475e6b0d883f5d6ba663670c83df62,window_dressing,btc-updown-15m-1776843900,0x423d73cb02bf8ba211f806350cad01a8574e0e2ff48e6aa4d51647076da43c2c,Down,6.649337416299932,45.20648,1,-58,-58,pre_onset_flat,2.0238247726403116,-12,46,46,-12,6.0586653003718345,78070.0,pre_onset_flat,46,pre_onset_flat,0.9620253164556962
15m,900,btc-up-or-down-15m,btc-updown-15m,0x51928a6454475e6b0d883f5d6ba663670c83df62,window_dressing,btc-updown-15m-1776386700,0x45d9b1cd1337921afa2907942e2f52c34cf5974a33a3e557e60c03d9c1c81504,Down,2.394061213403817,193.47754077098318,7,-270,-24,no_push_after_entry,0.18667612492288668,,,,,1.1467247673870502,74996.2,no_push_after_entry,,,
15m,900,btc-up-or-down-15m,btc-updown-15m,0x51928a6454475e6b0d883f5d6ba663670c83df62,window_dressing,btc-updown-15m-1777294800,0x4619b0506d99ee60ce468670733eae997e94961139b7bf609c0bb18fe5908a4e,Up,6.458153534134499,49.776230399999996,1,-114,-114,no_push_after_entry,0.5403381745075707,,,,,1.3251150470014907,77729.1,no_push_after_entry,,,
15m,900,btc-up-or-down-15m,btc-updown-15m,0x51928a6454475e6b0d883f5d6ba663670c83df62,window_dressing,btc-updown-15m-1778665500,0x46f0d7fff3971fcef260963fff91ca52952b34dc0dcdfaf7986cce0a17fb7a29,Up,6.614170747661594,31.970000000000002,1,-340,-340,pre_onset_flat,0.08620286242726198,-155,185,162,-178,5.381521554409656,81203.8,pre_onset_flat,162,no_push_after_entry,1.0
15m,900,btc-up-or-down-15m,btc-updown-15m,0x51928a6454475e6b0d883f5d6ba663670c83df62,window_dressing,btc-updown-15m-1777264200,0x47577ba2a0fdd4416dfcb55c7e97427b2460f21278bfec576a3d3b839a3db448,Down,5.959998594259591,49.354785378537926,1,-114,-114,no_push_after_entry,0.012641186249653413,,,,,2.427107759791811,79106.5,no_push_after_entry,,,
15m,900,btc-up-or-down-15m,btc-updown-15m,0x51928a6454475e6b0d883f5d6ba663670c83df62,window_dressing,btc-updown-15m-1777275900,0x4846745ca1a3694a905e67a0c3ee0f609b6fc5a6a1e139dc5f0877986278ad5a,Down,9.178091371436453,49.543762021471935,1,-38,-38,no_push_after_entry,3.0383436392412153,,,,,3.076966651602943,77673.9,no_push_after_entry,,,
15m,900,btc-up-or-down-15m,btc-updown-15m,0x51928a6454475e6b0d883f5d6ba663670c83df62,window_dressing,btc-updown-15m-1779330600,0x48a275f3c9d8483040e623b2d1f97e890e84878a5e26a497e37271ff3beb5be9,Down,2.0330605087967313,308.119951,8,-55,-43,no_push_after_entry,0.7188011423811341,,,,,0.012835734686111192,77907.5,no_push_after_entry,,,
15m,900,btc-up-or-down-15m,btc-updown-15m,0x51928a6454475e6b0d883f5d6ba663670c83df62,window_dressing,btc-updown-15m-1779323400,0x497dba3681ae69cffdc65473370aa34b37eedefd022b297071a3df18dbcf02a0,Up,0.8385076512580948,57.529993,8,-270,-46,no_push_after_entry,0.5666116366569629,,,,,1.6225696867914159,77654.6,no_push_after_entry,,,
15m,900,btc-up-or-down-15m,btc-updown-15m,0x51928a6454475e6b0d883f5d6ba663670c83df62,window_dressing,btc-updown-15m-1776663000,0x503385a40fe695cbb7be9d458d49c34bd8c2277e6b6acb368958abd4567adf1e,Down,2.5755870231803213,46.075119820091324,9,-140,-26,pre_onset_flat,2.236714455104805,-19,7,7,-19,6.07685674248219,74216.0,pre_onset_flat,121,pre_onset_flat,0.9375
15m,900,btc-up-or-down-15m,btc-updown-15m,0x51928a6454475e6b0d883f5d6ba663670c83df62,window_dressing,btc-updown-15m-1779205500,0x52088fdc5b69ea849784375721003d401e11dbb5e2ec5d37d9dfe58be8fb49d6,Up,3.7709914116957997,244.659991,10,-290,-141,no_push_after_entry,3.021760600690141,,,,,1.2165529691090922,76445.5,no_push_after_entry,,,
15m,900,btc-up-or-down-15m,btc-updown-15m,0x51928a6454475e6b0d883f5d6ba663670c83df62,window_dressing,btc-updown-15m-1776184200,0x59af8ae35f14050d6aee42789a559337d1324c9e258212317144ee68c0f490ff,Down,4.252536265898789,149.98840518331448,7,-162,-30,no_push_after_entry,1.8199619269274776,,,,,0.43838498969833933,75276.3,no_push_after_entry,,,
15m,900,btc-up-or-down-15m,btc-updown-15m,0x51928a6454475e6b0d883f5d6ba663670c83df62,window_dressing,btc-updown-15m-1775890800,0x5a5946b39ab0b5c0fad650367a97200143a211d52971c8342c178b093aacd23b,Down,1.5128441338058127,27.630323200345234,2,-13,-5,no_push_after_entry,0.013736301472156359,,,,,0.0,72799.8,no_push_after_entry,,,
15m,900,btc-up-or-down-15m,btc-updown-15m,0x51928a6454475e6b0d883f5d6ba663670c83df62,window_dressing,btc-updown-15m-1775976300,0x5ab08a2004f6d4350a99ae6414eaa380428e513a0b689644ffdeb6bbef6e633f,Up,0.38026440221709196,95.46579655329019,7,-71,-57,no_push_after_entry,0.013950017089582932,,,,,0.0,71684.5,no_push_after_entry,,,
15m,900,btc-up-or-down-15m,btc-updown-15m,0x51928a6454475e6b0d883f5d6ba663670c83df62,window_dressing,btc-updown-15m-1776465000,0x5d09489d3ae3c7f69fda3964f5d3d51b62708666301ea62a5ee0a1dcc573ad45,Up,3.404381603060928,49.42399460184319,2,-86,-86,no_push_after_entry,2.672712764722728,,,,,0.06455827934109239,77449.4,no_push_after_entry,,,
15m,900,btc-up-or-down-15m,btc-updown-15m,0x51928a6454475e6b0d883f5d6ba663670c83df62,window_dressing,btc-updown-15m-1777295700,0x5fdd2ecf3c0ff0197e001e05bc123ad1055b7e541425da5e877a35dc0eec7e59,Down,0.7984228371848869,48.967054399999995,1,-114,-114,post_onset,5.071692361953319,,,,,,77686.1,post_onset,,,0.8405797101449275
15m,900,btc-up-or-down-15m,btc-updown-15m,0x51928a6454475e6b0d883f5d6ba663670c83df62,window_dressing,btc-updown-15m-1775962800,0x6054a4b425209592433bc230786a307c79b47971da99fa5fccf93c18a4200117,Up,0.30973389365585113,50.56191502436149,12,-335,-331,no_push_after_entry,1.3237337093666006,,,,,1.6442166074241829,71766.7,no_push_after_entry,,,
15m,900,btc-up-or-down-15m,btc-updown-15m,0x51928a6454475e6b0d883f5d6ba663670c83df62,window_dressing,btc-updown-15m-1778467500,0x60c1088c78e27599f096a4332e8b939c1dfa12e781939bc127ed7f5ced8dd9f0,Down,3.8206233324173766,25.059998,3,-80,-78,no_push_after_entry,1.7983905636237103,,,,,4.643789332094631,81183.7,no_push_after_entry,,,
15m,900,btc-up-or-down-15m,btc-updown-15m,0x51928a6454475e6b0d883f5d6ba663670c83df62,window_dressing,btc-updown-15m-1779053400,0x623c152d7a78f355e25db990d5f5c28909767542611d9f6bb4464a4690b60a1d,Down,0.3852229629767754,38.909999,1,-193,-193,no_push_after_entry,1.2247459927849473,,,,,1.5947213447711,78383.6,no_push_after_entry,,,
15m,900,btc-up-or-down-15m,btc-updown-15m,0x51928a6454475e6b0d883f5d6ba663670c83df62,window_dressing,btc-updown-15m-1779081300,0x6273159855d51839238450deaae1a2b184e810df953b565775b786e1d89f7c13,Down,0.02039354743980941,30.529992999999997,6,-279,-72,no_push_after_entry,0.012986287779490336,,,,,1.5453682456705315,77004.3,no_push_after_entry,,,
15m,900,btc-up-or-down-15m,btc-updown-15m,0x51928a6454475e6b0d883f5d6ba663670c83df62,window_dressing,btc-updown-15m-1780791300,0x62d0abf9af75a4f266eaa7ee418ce6b7ffe0033d0d74fbf7374da024f92fafbf,Up,4.965481428118344,39.939987,20,-117,-12,no_push_after_entry,1.0037880657836327,,,,,4.78856274004498,60769.8,pre_onset_flat,98,,
15m,900,btc-up-or-down-15m,btc-updown-15m,0x51928a6454475e6b0d883f5d6ba663670c83df62,window_dressing,btc-updown-15m-1775893500,0x631d508f7f2700f63e64f99edbc56ecbe6bb77e59967520fe592f82489c2012d,Up,0.7657174993552185,38.86946477464027,20,-25,-9,no_push_after_entry,0.013744816484882606,,,,,0.9346475210540227,72754.7,no_push_after_entry,,,
15m,900,btc-up-or-down-15m,btc-updown-15m,0x51928a6454475e6b0d883f5d6ba663670c83df62,window_dressing,btc-updown-15m-1780610400,0x635ded136bb7a820370352f512f967336dacb7f5224a672b2313b8bdd8430c37,Up,0.96553890758361,136.999966,41,-285,-17,post_onset,6.482479912217735,,,,,,63247.4,post_onset,,,0.059880239520958084
15m,900,btc-up-or-down-15m,btc-updown-15m,0x51928a6454475e6b0d883f5d6ba663670c83df62,window_dressing,btc-updown-15m-1775778300,0x636bad128637538a4f3a0eb51c8b7ba9d4290ba0ca2cae36498219644267765d,Up,3.4194800223108004,60.05126930896449,5,-175,-25,no_push_after_entry,4.6374179747995905,,,,,0.0,71807.2,no_push_after_entry,,,
15m,900,btc-up-or-down-15m,btc-updown-15m,0x51928a6454475e6b0d883f5d6ba663670c83df62,window_dressing,btc-updown-15m-1778120100,0x64c8837dbc4d0de9e00007fd4a149294f0127dc2902979a11b4e2838abd0af46,Down,2.7055067161784683,53.189996,3,-609,-8,no_push_after_entry,0.07416288642025892,,,,,0.0,80903.0,pre_onset_flat,9,,
15m,900,btc-up-or-down-15m,btc-updown-15m,0x51928a6454475e6b0d883f5d6ba663670c83df62,window_dressing,btc-updown-15m-1780251300,0x64e2021043f00995b8575ebbbdd7c8fabe4c967be5b1ef0dab2aa379535745ec,Down,3.1122938736484684,155.449959,35,-268,-6,no_push_after_entry,4.432714520946108,,,,,1.2917419616257457,73544.1,no_push_after_entry,,,1.0
15m,900,btc-up-or-down-15m,btc-updown-15m,0x51928a6454475e6b0d883f5d6ba663670c83df62,window_dressing,btc-updown-15m-1776179700,0x653a8aa8206ece947009e3c41d3de463c45e562404be050ddd326a64e2f21022,Up,6.815490200145516,48.55238881569588,3,-1213,-537,pre_onset_flat,4.955070466178081,-525,12,10,-527,6.290668974579723,74872.8,post_onset,,choppy_gap,0.5113636363636364
15m,900,btc-up-or-down-15m,btc-updown-15m,0x51928a6454475e6b0d883f5d6ba663670c83df62,window_dressing,btc-updown-15m-1777259700,0x6597092b1df684d4174db45bfb4198974d6e15e60b4692e52c2a1b85ea1a9b86,Up,4.887464749166262,49.590360000000004,1,-114,-114,no_push_after_entry,0.17663386323418867,,,,,3.4822104466320742,79260.0,no_push_after_entry,,,
15m,900,btc-up-or-down-15m,btc-updown-15m,0x51928a6454475e6b0d883f5d6ba663670c83df62,window_dressing,btc-updown-15m-1775874600,0x6692da04f36b46b50a9cd0e2c2c5458734fbc35f1d23c3be87d1e2023078674f,Up,0.9417108762754307,96.06427010160947,2,-883,-883,post_onset,10.659259461973424,,,,,,73082.0,post_onset,,,0.08333333333333333
15m,900,btc-up-or-down-15m,btc-updown-15m,0x51928a6454475e6b0d883f5d6ba663670c83df62,window_dressing,btc-updown-15m-1777348800,0x688f4035ba039e93f72bbdd6dba7de97c5e5ba2646043408d991929f19e81c4f,Up,8.694787674545198,49.790108,1,-114,-114,no_push_after_entry,0.013008147003224821,,,,,0.5463421741051555,76874.9,no_push_after_entry,,,
15m,900,btc-up-or-down-15m,btc-updown-15m,0x51928a6454475e6b0d883f5d6ba663670c83df62,window_dressing,btc-updown-15m-1776169800,0x69ac654287f33b41b4247a511579de4e5573febe3fa893c2d0a9a84409c716f6,Down,0.8789104160874088,195.66811446133974,15,-41,-19,no_push_after_entry,0.01344971822918599,,,,,0.0,74351.0,no_push_after_entry,,,
15m,900,btc-up-or-down-15m,btc-updown-15m,0x51928a6454475e6b0d883f5d6ba663670c83df62,window_dressing,btc-updown-15m-1778413500,0x69c42dd648ff2e827b2779deffcf583e5c0f061c3205ed1e4742c08fce221df3,Down,1.3718261843664825,452.499979,18,-295,-146,no_push_after_entry,0.30934621533466305,,,,,2.7964897866260747,80815.6,no_push_after_entry,,,
15m,900,btc-up-or-down-15m,btc-updown-15m,0x51928a6454475e6b0d883f5d6ba663670c83df62,window_dressing,btc-updown-15m-1778740200,0x6a94bf8c90fe1f6a5d094f45e491e440d1d953fdf2b847e43ef454f2a1104627,Up,6.416774649540646,28.929996,2,-149,-140,no_push_after_entry,2.7557664412783747,,,,,1.7160909202502597,79832.6,no_push_after_entry,,,
15m,900,btc-up-or-down-15m,btc-updown-15m,0x51928a6454475e6b0d883f5d6ba663670c83df62,window_dressing,btc-updown-15m-1778471100,0x6a9f14b481e1ecfd35e59cce7e86011b4f138db90cd98da6f42512ec88ca0ff1,Up,1.1932534666272296,58.689999,1,-174,-174,no_push_after_entry,0.012388610902946478,,,,,0.0,80719.3,no_push_after_entry,,,
15m,900,btc-up-or-down-15m,btc-updown-15m,0x51928a6454475e6b0d883f5d6ba663670c83df62,window_dressing,btc-updown-15m-1778398200,0x6add255f324289a7e09a8d839f30f9bc3bbbb4bc9d67da8e4ec4cb15c3f9dcc5,Up,0.7355537305094687,199.799982,11,-92,-85,no_push_after_entry,0.0,,,,,0.0,80750.7,no_push_after_entry,,,
15m,900,btc-up-or-down-15m,btc-updown-15m,0x51928a6454475e6b0d883f5d6ba663670c83df62,window_dressing,btc-updown-15m-1776093300,0x6b6c0947735478f5a763beb654122cafa95d04364796cb701360543cf39b66ca,Up,1.4891398994516496,76.56360516703336,2,-757,-737,choppy_gap,1.5150483217009376,-654,83,58,-679,5.031628371157878,71944.9,choppy_gap,78,,
15m,900,btc-up-or-down-15m,btc-updown-15m,0x51928a6454475e6b0d883f5d6ba663670c83df62,window_dressing,btc-updown-15m-1775963700,0x6c6c86dcfafb4216f79245e59f2fe620e99857380ce47628cc29d0d348121fc5,Down,5.517066829615691,96.47200261058398,1,-821,-821,pre_onset_flat,2.8434671342582285,-603,218,35,-786,6.0772140712583,71743.4,pre_onset_flat,35,pre_onset_flat,0.9295774647887324
15m,900,btc-up-or-down-15m,btc-updown-15m,0x51928a6454475e6b0d883f5d6ba663670c83df62,window_dressing,btc-updown-15m-1775943900,0x6d136fa200eac931c8bb19934fc02f2923a7da5d6d0f341ef28564b07e913933,Down,1.4654376826373174,50.28901730568369,2,-587,-585,post_onset,7.53777390760025,,,,,,73496.5,post_onset,,,0.8671875
15m,900,btc-up-or-down-15m,btc-updown-15m,0x51928a6454475e6b0d883f5d6ba663670c83df62,window_dressing,btc-updown-15m-1778554800,0x6e476180f1bb392b300a407b2899c16935a3e28fd2fdf97eb8416303c8795458,Down,4.069020032378876,199.34999299999998,5,-289,-237,pre_onset_flat,0.01230991945691353,-164,73,66,-171,5.576393513657598,81235.3,pre_onset_flat,118,pre_onset_flat,0.9469026548672567
15m,900,btc-up-or-down-15m,btc-updown-15m,0x51928a6454475e6b0d883f5d6ba663670c83df62,window_dressing,btc-updown-15m-1777274100,0x716a221ab6ca2dc6fd6493bd80827dec84a6c6b3e104a12035ff379ac56ecd8e,Up,5.244093574096178,49.3631448,1,-56,-56,no_push_after_entry,0.01287272989295924,,,,,0.01287272989295924,77683.6,no_push_after_entry,,,
15m,900,btc-up-or-down-15m,btc-updown-15m,0x51928a6454475e6b0d883f5d6ba663670c83df62,window_dressing,btc-updown-15m-1777273200,0x719723eee08cee594f17128c2c825f51dfed404eea3e40ea20bf948939b5c8d8,Down,6.9975591375315815,49.46436,1,-114,-114,no_push_after_entry,0.7472560885270307,,,,,0.012883725665002618,77617.3,no_push_after_entry,,,
15m,900,btc-up-or-down-15m,btc-updown-15m,0x51928a6454475e6b0d883f5d6ba663670c83df62,window_dressing,btc-updown-15m-1775726100,0x721a899815ddc8dec5be264e7a62682f1c40c8a45b0c581f05ea85a2f4b20746,Down,4.559358686219645,93.1796967014689,15,-735,-717,post_onset,21.003343732322186,,,,,,71417.2,post_onset,,,0.8247422680412371
15m,900,btc-up-or-down-15m,btc-updown-15m,0x51928a6454475e6b0d883f5d6ba663670c83df62,window_dressing,btc-updown-15m-1777257900,0x73aad9345ee04ad50f164f1b5da69825ebab06ac152aebd7fa0bff0aec7ac6d9,Up,7.538436957217836,49.908028800000004,1,-112,-112,no_push_after_entry,3.865554498634527,,,,,0.5684638968579105,79160.7,no_push_after_entry,,,
15m,900,btc-up-or-down-15m,btc-updown-15m,0x51928a6454475e6b0d883f5d6ba663670c83df62,window_dressing,btc-updown-15m-1779080400,0x751c42e13004ede3a521d3a14f1f99e8a441e7d32d342ae1aa94fea02fd690c6,Down,0.8679489054418202,294.699971,44,-296,-77,pre_onset_flat,0.012981735994494295,-47,30,26,-51,5.179712662256606,77031.3,no_push_after_entry,,no_push_after_entry,0.9772727272727273
15m,900,btc-up-or-down-15m,btc-updown-15m,0x51928a6454475e6b0d883f5d6ba663670c83df62,window_dressing,btc-updown-15m-1775719800,0x763127b81ecae750f0ce99b17490d989ce831d82ee15f0d500789cbdf508e0f8,Up,2.79631972574881,34.34956060079193,3,-147,-63,pre_onset_flat,0.42264950521831257,-35,28,15,-48,5.508531884677444,70980.8,no_push_after_entry,,no_push_after_entry,0.8732394366197183
15m,900,btc-up-or-down-15m,btc-updown-15m,0x51928a6454475e6b0d883f5d6ba663670c83df62,window_dressing,btc-updown-15m-1776855600,0x76e471c3c7e2a1718a1cd1ba92a663aefbf97a52738bd48370073f898e7d5160,Down,0.5254439053208035,109.19832543528017,9,-24,-6,no_push_after_entry,0.9975866077819888,,,,,1.1254823267304497,78188.7,no_push_after_entry,,,
15m,900,btc-up-or-down-15m,btc-updown-15m,0x51928a6454475e6b0d883f5d6ba663670c83df62,window_dressing,btc-updown-15m-1775529900,0x7b14af8d7206f935787a3c60316a5c01d13dcf4dab1c056c358ccd3b47bd4cb4,Up,7.849667752615802,26.249051311505504,2,-201,-163,pre_onset_flat,2.302421622945367,-101,62,37,-126,8.568505786656289,68623.4,post_onset,,pre_onset_flat,0.7681159420289855
15m,900,btc-up-or-down-15m,btc-updown-15m,0x51928a6454475e6b0d883f5d6ba663670c83df62,window_dressing,btc-updown-15m-1775806200,0x7daa3ba9b5202930282253400ff5188af1a75e8a0eb2421ff74f13bac55d7e53,Down,8.796838428105643,98.63200620123119,1,-37,-37,post_onset,7.869588088456706,,,,,,71668.3,post_onset,,,0.9290780141843972
15m,900,btc-up-or-down-15m,btc-updown-15m,0x51928a6454475e6b0d883f5d6ba663670c83df62,window_dressing,btc-updown-15m-1776518100,0x7e2c7710128ec994179745519b59fb4e5e00fdf9a76261dc7e44c66fc8e848c6,Down,9.087463985853317,148.80225418955024,6,-102,-88,post_onset,8.22493759033055,,,,,,76110.0,post_onset,,,0.9428571428571428
15m,900,btc-up-or-down-15m,btc-updown-15m,0x51928a6454475e6b0d883f5d6ba663670c83df62,window_dressing,btc-updown-15m-1780255800,0x7eb1af39bed997db5d4fb854dc564741c88ec814fd6172cd24bbff43dd7eb032,Down,0.9982743971131193,105.729971,30,-292,-40,no_push_after_entry,0.013620266958025165,,,,,0.0,73420.0,no_push_after_entry,,,
15m,900,btc-up-or-down-15m,btc-updown-15m,0x51928a6454475e6b0d883f5d6ba663670c83df62,window_dressing,btc-updown-15m-1777324500,0x7f407871beb7e028f6ea2c43eb48744e919eec6263105822df48802145b46c9e,Up,3.219853699457869,49.622518400000004,1,-100,-100,no_push_after_entry,1.7814719119090865,,,,,2.5096648102086028,76902.7,no_push_after_entry,,,
15m,900,btc-up-or-down-15m,btc-updown-15m,0x51928a6454475e6b0d883f5d6ba663670c83df62,window_dressing,btc-updown-15m-1778086800,0x801b1a35c0b7720bb95cdd152efa15a54a575900c99b588dd17cb802543422c6,Up,5.341310164233582,36.509999,2,-296,-203,pre_onset_flat,2.3638808800009445,-139,64,49,-154,5.144196733680036,81645.4,pre_onset_flat,11,no_push_after_entry,0.8865979381443299
15m,900,btc-up-or-down-15m,btc-updown-15m,0x51928a6454475e6b0d883f5d6ba663670c83df62,window_dressing,btc-updown-15m-1778485500,0x8088d600237c79a68a790e41afda06b55efd1db1ff67727163ec52a0756e8903,Up,2.3562727201207436,79.49998500000001,5,-415,-413,no_push_after_entry,0.0,,,,,0.0,80764.1,no_push_after_entry,,,
15m,900,btc-up-or-down-15m,btc-updown-15m,0x51928a6454475e6b0d883f5d6ba663670c83df62,window_dressing,btc-updown-15m-1778393700,0x81dbb39623111a69f5539dd01fd9688d16e37a7790b2101f1319fdeca8b66b6b,Down,7.386537151094574,118.099992,8,-221,-74,no_push_after_entry,0.012398195317606909,,,,,2.7400011654292777,80656.9,pre_onset_flat,75,,
15m,900,btc-up-or-down-15m,btc-updown-15m,0x51928a6454475e6b0d883f5d6ba663670c83df62,window_dressing,btc-updown-15m-1779019200,0x83af47fa271bb56393e0fa5fe8f67edbaf8c6f2401b75060057220872e810b58,Down,3.076820773598029,160.559989,10,-199,-20,pre_onset_flat,2.0534299933430376,-11,9,7,-13,6.491899792615583,78405.4,choppy_gap,6,no_push_after_entry,0.9021739130434783
15m,900,btc-up-or-down-15m,btc-updown-15m,0x51928a6454475e6b0d883f5d6ba663670c83df62,window_dressing,btc-updown-15m-1775779200,0x852d03c72fba8f528ab0ec8d3f8b3851455abfc0da7ed63a5afd510aa13ddc11,Up,3.5032730869813475,42.841135604672765,3,-235,-211,no_push_after_entry,4.161082605145092,,,,,4.41158256130598,71856.3,pre_onset_flat,9,,
15m,900,btc-up-or-down-15m,btc-updown-15m,0x51928a6454475e6b0d883f5d6ba663670c83df62,window_dressing,btc-updown-15m-1775856600,0x8539802da53b45bbad0d7d05c9f6a7d72502e826c21dcfa87fcaa554d45df2e4,Down,4.379219491802491,27.900823964019974,3,-499,-499,choppy_gap,0.7115003078603119,-294,205,12,-487,5.007867551481949,73085.0,choppy_gap,12,,
15m,900,btc-up-or-down-15m,btc-updown-15m,0x51928a6454475e6b0d883f5d6ba663670c83df62,window_dressing,btc-updown-15m-1779256800,0x864c7b8b987a05d16815ff287de8aeee78311c582546cb6eb4d4166f93623fb7,Up,5.169107656033111,114.319998,2,-285,-285,no_push_after_entry,0.10372368011654787,,,,,2.826470283166024,77128.0,no_push_after_entry,,,
15m,900,btc-up-or-down-15m,btc-updown-15m,0x51928a6454475e6b0d883f5d6ba663670c83df62,window_dressing,btc-updown-15m-1777320000,0x8a9b7e12a05bad56ff9852b71c7c6e3f6b27c92875b3fedb27c63f6aff911832,Up,3.0911281203844774,49.6584539000504,1,-62,-62,no_push_after_entry,0.013003393886561092,,,,,0.0,76903.0,no_push_after_entry,,,
15m,900,btc-up-or-down-15m,btc-updown-15m,0x51928a6454475e6b0d883f5d6ba663670c83df62,window_dressing,btc-updown-15m-1777330800,0x8aa5a0cc736e72ebf6e7179b8e25becf9ddbb08bff1eefb6ff82d8bf347fac85,Down,4.013910491114775,49.908028800000004,1,-22,-22,no_push_after_entry,0.012978989610483499,,,,,0.0,77047.6,no_push_after_entry,,,
15m,900,btc-up-or-down-15m,btc-updown-15m,0x51928a6454475e6b0d883f5d6ba663670c83df62,window_dressing,btc-updown-15m-1779277500,0x8b0e090b72a7493e30733d0300a6140c7f258c3aafaf9f095078c133706f6f0f,Down,1.0805561772791592,66.239995,4,-69,-47,no_push_after_entry,0.012936275905645491,,,,,0.1552353108583335,77302.0,no_push_after_entry,,,
15m,900,btc-up-or-down-15m,btc-updown-15m,0x51928a6454475e6b0d883f5d6ba663670c83df62,window_dressing,btc-updown-15m-1777257000,0x90c6ab4b3c94247a7ac72a880f7b83fb165b14c12703fae550f04e411858b0e5,Down,6.2245310905928255,49.776230399999996,1,-112,-112,no_push_after_entry,1.4416054932767732,,,,,0.01264566222245247,79078.5,no_push_after_entry,,,
15m,900,btc-up-or-down-15m,btc-updown-15m,0x51928a6454475e6b0d883f5d6ba663670c83df62,window_dressing,btc-updown-15m-1778331600,0x95992367be2283c8cb07567b63e8b64924378f268b54c0a80b3550e9f9604279,Up,2.7368992417888443,149.119981,30,-92,-51,no_push_after_entry,0.012440224719133173,,,,,4.092833932953251,80384.4,no_push_after_entry,,,
15m,900,btc-up-or-down-15m,btc-updown-15m,0x51928a6454475e6b0d883f5d6ba663670c83df62,window_dressing,btc-updown-15m-1779264000,0x9653ed114168b0ca18069d735e12c44dae50fc3466ae00c1eda67eaf581dd7a1,Down,0.012313515052281442,36.389998,2,-4,-4,no_push_after_entry,0.02590780964976393,,,,,0.0,77196.8,no_push_after_entry,,,
15m,900,btc-up-or-down-15m,btc-updown-15m,0x51928a6454475e6b0d883f5d6ba663670c83df62,window_dressing,btc-updown-15m-1777329000,0x96986edf27e4f737592bc735e07db619c5149113d78a49a5734adb00b0785d01,Up,3.6950927436071743,49.54037683186737,1,-48,-48,no_push_after_entry,1.5451996878429375,,,,,0.01298487132717341,77012.7,no_push_after_entry,,,
15m,900,btc-up-or-down-15m,btc-updown-15m,0x51928a6454475e6b0d883f5d6ba663670c83df62,window_dressing,btc-updown-15m-1775851200,0x9885119f43832f65e6d3b26923a80054b4e1a825d5d72233fde796fca009b1c7,Down,1.2609393001341833,97.95673564729191,9,-689,-431,post_onset,5.233477310894912,,,,,,73182.7,choppy_gap,31,,0.6891891891891891
15m,900,btc-up-or-down-15m,btc-updown-15m,0x51928a6454475e6b0d883f5d6ba663670c83df62,window_dressing,btc-updown-15m-1778321700,0x9bb524d8bdfe25ddb844c5be0b0ea8d0915bd1703128b1d5feebb04aad0e0a68,Down,0.9961669303458689,335.079165,46,-294,-27,no_push_after_entry,0.012464957887865334,,,,,4.5995694603538535,80224.9,no_push_after_entry,,,
15m,900,btc-up-or-down-15m,btc-updown-15m,0x51928a6454475e6b0d883f5d6ba663670c83df62,window_dressing,btc-updown-15m-1777289400,0x9d62b8d55224a8da30ddeb1145331a00578b597d8adb977a669f88626c9ef88d,Down,6.458888832234903,49.3631448,1,-114,-114,no_push_after_entry,0.012853767823840252,,,,,0.012853767823840252,77798.2,no_push_after_entry,,,
15m,900,btc-up-or-down-15m,btc-updown-15m,0x51928a6454475e6b0d883f5d6ba663670c83df62,window_dressing,btc-updown-15m-1780775100,0x9d8c5d67c01e827f5616e87b7b7993755b1c0efaefc84950d34163da0deb5da6,Down,3.8833607401609584,32.569995,3,-293,-75,post_onset,5.115427138166037,,,,,,60601.0,no_push_after_entry,,,0.5970149253731343
15m,900,btc-up-or-down-15m,btc-updown-15m,0x51928a6454475e6b0d883f5d6ba663670c83df62,window_dressing,btc-updown-15m-1775852100,0xa1614b04d38902b99353e998a85cde448f499512212cbc7db026b5d9b732ce5a,Up,1.1714865901453797,94.44597913994214,3,-173,-35,pre_onset_flat,1.0789003956435275,-18,17,16,-19,6.760198681556403,73222.7,pre_onset_flat,70,pre_onset_flat,0.6595744680851063
15m,900,btc-up-or-down-15m,btc-updown-15m,0x51928a6454475e6b0d883f5d6ba663670c83df62,window_dressing,btc-updown-15m-1779258600,0xa895d4f8debdb5078f6eac94ed30fe887f4f265815dbe369ab74e868402d1821,Up,2.976736010295263,54.799991999999996,11,-75,-68,no_push_after_entry,0.012955364882128303,,,,,4.650975992412584,77188.1,no_push_after_entry,,,
15m,900,btc-up-or-down-15m,btc-updown-15m,0x51928a6454475e6b0d883f5d6ba663670c83df62,window_dressing,btc-updown-15m-1779255000,0xa8abf4f25a24d3c76693c6c1f3460360489b77c058bdc1138043c134fbc4d1e8,Down,2.3516710754985777,56.700399999999995,1,-3,-3,no_push_after_entry,2.4646581000339864,,,,,0.0,77089.8,no_push_after_entry,,,
15m,900,btc-up-or-down-15m,btc-updown-15m,0x51928a6454475e6b0d883f5d6ba663670c83df62,window_dressing,btc-updown-15m-1776389400,0xaaa39c93eaa4cab15040b80695d57f0a8537ea7a967351e6e7ec03af21d20416,Down,4.6178160483601465,49.60400140681114,1,-58,-58,no_push_after_entry,0.9902845060613681,,,,,0.0,74726.0,no_push_after_entry,,,
15m,900,btc-up-or-down-15m,btc-updown-15m,0x51928a6454475e6b0d883f5d6ba663670c83df62,window_dressing,btc-updown-15m-1775853000,0xab077067615dcf8a609e144f663373bafe140babd5487d8ac76f75953482e01d,Down,2.8897251973478495,98.43075760771109,5,-361,-359,no_push_after_entry,1.1761278861297353,,,,,4.212178941020319,73121.3,no_push_after_entry,,,
15m,900,btc-up-or-down-15m,btc-updown-15m,0x51928a6454475e6b0d883f5d6ba663670c83df62,window_dressing,btc-updown-15m-1775934900,0xab2c061f584ef39eeb39a6ca6676333e65f86b2f103501e189c6d062cf793eb6,Up,6.7484016805971185,95.82501894939648,2,-891,-889,pre_onset_flat,2.255106934180937,-788,101,18,-871,7.59400467595183,73610.7,pre_onset_flat,10,pre_onset_flat,0.7294117647058823
15m,900,btc-up-or-down-15m,btc-updown-15m,0x51928a6454475e6b0d883f5d6ba663670c83df62,window_dressing,btc-updown-15m-1778484600,0xacb482f7ccdd86726d73458da7df82c5c3313c4cb93d235d0c98554113035f2e,Down,1.5252517871329352,88.629997,4,-255,-110,pre_onset_flat,0.012387367856671818,-60,50,50,-60,5.363730282405771,80727.4,no_push_after_entry,,no_push_after_entry,0.8421052631578947
15m,900,btc-up-or-down-15m,btc-updown-15m,0x51928a6454475e6b0d883f5d6ba663670c83df62,window_dressing,btc-updown-15m-1779166800,0xadaeab9dc4cd178e0a3a81ec739fb9ad327f56e4c64fe90caf5d14d86d694652,Down,7.843261921958708,64.039198,3,-295,-272,pre_onset_flat,0.013010262495813399,-263,9,8,-264,5.165074210536893,76862.4,pre_onset_flat,31,post_onset,0.9017857142857143
15m,900,btc-up-or-down-15m,btc-updown-15m,0x51928a6454475e6b0d883f5d6ba663670c83df62,window_dressing,btc-updown-15m-1780322400,0xae19b16982fdcf1b54752bda2037f966ea4143e4584af9f3cc0b6ceb99df9c2b,Down,6.0224944641588385,90.659962,7,-173,-61,no_push_after_entry,2.2928532881465324,,,,,0.0,71526.6,post_onset,,,
15m,900,btc-up-or-down-15m,btc-updown-15m,0x51928a6454475e6b0d883f5d6ba663670c83df62,window_dressing,btc-updown-15m-1775935800,0xb3be4b6a0dcbdf173880113c9602193358ced614005c926100e05665c5c018c5,Up,9.935063733127746,95.85095950465289,5,-893,-891,choppy_gap,3.0540568054565815,-819,72,2,-889,6.080966439309499,73672.5,choppy_gap,4,,
15m,900,btc-up-or-down-15m,btc-updown-15m,0x51928a6454475e6b0d883f5d6ba663670c83df62,window_dressing,btc-updown-15m-1778563800,0xb4f0ad3ef4864cd19221bc8063c07556b13632b0c60f0b6ac3b957160a4c1ebf,Down,4.063831474014018,91.92999900000001,1,-784,-784,pre_onset_flat,0.012305662820632755,-630,154,145,-639,5.008404767705645,81263.4,pre_onset_flat,145,pre_onset_flat,0.8813559322033898
15m,900,btc-up-or-down-15m,btc-updown-15m,0x51928a6454475e6b0d883f5d6ba663670c83df62,window_dressing,btc-updown-15m-1780565400,0xbb50f50c17678db55815092168d30b74bd7ff4715aa92cf5ebf5180008a0745e,Up,5.696409131096918,46.869991999999996,7,-239,-68,post_onset,9.951405297650513,,,,,,62805.2,choppy_gap,10,,0.08641975308641975
15m,900,btc-up-or-down-15m,btc-updown-15m,0x51928a6454475e6b0d883f5d6ba663670c83df62,window_dressing,btc-updown-15m-1778416200,0xbe869409e7072eeb51f0f0e754ef76cded75eabcb941970d3f6652c9b0b8806b,Down,0.061141226744689095,29.69,1,-238,-238,no_push_after_entry,0.4202023397847797,,,,,2.0639350218872385,80913.4,no_push_after_entry,,,
15m,900,btc-up-or-down-15m,btc-updown-15m,0x51928a6454475e6b0d883f5d6ba663670c83df62,window_dressing,btc-updown-15m-1779505200,0xbf81562b96c349e8cfe0c7be8b2f73b4f4bcb45b97610c9115805cca82dd5462,Up,5.518100449062199,93.57999699999999,2,-136,-38,no_push_after_entry,0.3972131525219063,,,,,0.0,75526.2,no_push_after_entry,,,
15m,900,btc-up-or-down-15m,btc-updown-15m,0x51928a6454475e6b0d883f5d6ba663670c83df62,window_dressing,btc-updown-15m-1779174900,0xc06c4f9640ea51a2939132edc8c2067b292a924fe520436fa16041cb7b841a65,Down,1.2916927852479065,74.049993,5,-173,-89,no_push_after_entry,0.0,,,,,1.4790519536452378,77076.4,no_push_after_entry,,,
15m,900,btc-up-or-down-15m,btc-updown-15m,0x51928a6454475e6b0d883f5d6ba663670c83df62,window_dressing,btc-updown-15m-1777312800,0xc09b7950460c8094dd24ddb73d42508f0db1840077326a9a3c682c5f1484454a,Up,0.9557163323249529,47.56016481769039,1,-114,-114,no_push_after_entry,1.5641170689488872,,,,,4.496836573228051,76720.6,no_push_after_entry,,,
15m,900,btc-up-or-down-15m,btc-updown-15m,0x51928a6454475e6b0d883f5d6ba663670c83df62,window_dressing,btc-updown-15m-1775868300,0xc14f82daa209e3cee31498086877c56462f430e1796ae7dcf0ccbb0d12bb4695,Down,3.9558680723348463,125.13346777555381,5,-863,-171,no_push_after_entry,0.0,,,,,0.0137270997666147,72848.6,post_onset,,,
15m,900,btc-up-or-down-15m,btc-updown-15m,0x51928a6454475e6b0d883f5d6ba663670c83df62,window_dressing,btc-updown-15m-1778213700,0xc3e663ec7cdbf25270db541aa622651ee3d2687ad2422a12ac1a95d9eec02cd4,Up,0.4071496278621448,28.179999000000002,3,-29,-25,no_push_after_entry,0.01254958655277526,,,,,1.1922107226177434,79683.9,no_push_after_entry,,,
15m,900,btc-up-or-down-15m,btc-updown-15m,0x51928a6454475e6b0d883f5d6ba663670c83df62,window_dressing,btc-updown-15m-1776095100,0xc5896efcd1cf7539a500a117e8d492f3b7ce194dc4d6d518b05e751d0f60230c,Up,2.9888156951727582,210.47705185911258,17,-1507,-55,no_push_after_entry,2.337622220769344,,,,,4.076924468365281,71867.9,no_spot_data,,,
15m,900,btc-up-or-down-15m,btc-updown-15m,0x51928a6454475e6b0d883f5d6ba663670c83df62,window_dressing,btc-updown-15m-1776385800,0xc58dbbd18f1d878715bd4134012dbcb3fe204843ad851ae6bc80e733f70abb7e,Down,5.3236384980520635,47.58419235087489,2,-80,-74,no_push_after_entry,0.013327984369715723,,,,,4.598154607284276,75030.1,no_push_after_entry,,,
15m,900,btc-up-or-down-15m,btc-updown-15m,0x51928a6454475e6b0d883f5d6ba663670c83df62,window_dressing,btc-updown-15m-1778280300,0xcb8623b8a0b134546887e7b01044c914cab1f4c1af6a02501ff0a8662bf7dd85,Down,5.165785721856867,105.719993,1,-186,-186,no_push_after_entry,0.16192536735296995,,,,,0.7099804568533779,80283.9,no_push_after_entry,,,
15m,900,btc-up-or-down-15m,btc-updown-15m,0x51928a6454475e6b0d883f5d6ba663670c83df62,window_dressing,btc-updown-15m-1780092000,0xccc6f4c0360b70025c758468b0bf90c7ca116cbe4a239a182b97a0e6f9f2381e,Down,1.447023220398434,76.139948,38,-295,-45,no_push_after_entry,4.064935295233374,,,,,0.668395400893219,73309.9,no_push_after_entry,,,
15m,900,btc-up-or-down-15m,btc-updown-15m,0x51928a6454475e6b0d883f5d6ba663670c83df62,window_dressing,btc-updown-15m-1776505500,0xd4d857dedd723033cea7cc87cd2db02c51799a5e5138203c4f3dff30a9350bbf,Down,3.4407667360097873,148.73323574269492,1,-62,-62,no_push_after_entry,0.013051439637909844,,,,,0.013051439637909844,76619.9,no_push_after_entry,,,
15m,900,btc-up-or-down-15m,btc-updown-15m,0x51928a6454475e6b0d883f5d6ba663670c83df62,window_dressing,btc-updown-15m-1778220900,0xd618575a4e0c02cbdda070d23eb53d0464f9c9e1c0d979d033f27a1407fd03a9,Down,5.636647267705581,38.269999,2,-649,-605,pre_onset_flat,1.067635325917664,-288,317,169,-436,5.011605824012775,79615.2,pre_onset_flat,57,pre_onset_flat,1.0
15m,900,btc-up-or-down-15m,btc-updown-15m,0x51928a6454475e6b0d883f5d6ba663670c83df62,window_dressing,btc-updown-15m-1780174800,0xd6a2ea80fba5f636f53227ae1f03cec61814436974da7df03870e3f5b1f95795,Up,1.486839304656314,59.429986,12,-193,-28,no_push_after_entry,1.245608215598141,,,,,0.7175786459430283,73859.5,no_push_after_entry,,,
15m,900,btc-up-or-down-15m,btc-updown-15m,0x51928a6454475e6b0d883f5d6ba663670c83df62,window_dressing,btc-updown-15m-1778197500,0xd76b1158826689c413c42264e12d00e7e95437c3cf31e8de3fd1dc33b1a7ffed,Up,0.07165426033208278,138.73998,12,-83,-78,no_push_after_entry,0.012497719165160964,,,,,0.012497719165160964,80014.6,no_push_after_entry,,,
15m,900,btc-up-or-down-15m,btc-updown-15m,0x51928a6454475e6b0d883f5d6ba663670c83df62,window_dressing,btc-updown-15m-1780664400,0xd896bb4f238645f4f0cc7fc06cd800b4e370fc3285c574251231e727e947d5cc,Up,4.291609489512837,167.729945,16,-294,-6,post_onset,6.860160866736936,,,,,,61951.9,post_onset,,,0.18867924528301888
15m,900,btc-up-or-down-15m,btc-updown-15m,0x51928a6454475e6b0d883f5d6ba663670c83df62,window_dressing,btc-updown-15m-1777284900,0xd8bf7de8f0cd8719496f9a1231e98dd3eb8361ada14e5f3dbf01d66057cd0e5e,Down,0.9413197478770741,49.790108,1,-54,-54,no_push_after_entry,1.5421191287026923,,,,,0.0,77815.0,no_push_after_entry,,,
15m,900,btc-up-or-down-15m,btc-updown-15m,0x51928a6454475e6b0d883f5d6ba663670c83df62,window_dressing,btc-updown-15m-1776164400,0xd9ca8b3cddf3388f860f08675707a902660f18e8dda88f8527f6eedeb847740f,Up,6.566257940545966,48.15437081578956,1,-871,-871,pre_onset_flat,3.1333292093525045,-838,33,33,-838,5.137046171555434,74361.8,pre_onset_flat,33,post_onset,0.7777777777777778
15m,900,btc-up-or-down-15m,btc-updown-15m,0x51928a6454475e6b0d883f5d6ba663670c83df62,window_dressing,btc-updown-15m-1778545800,0xdb93326a3f777e8b96878c7c3cd1d370f942165d23f95572e221ccb12fa4c2a8,Down,8.783608642461825,27.699996000000002,2,-197,-197,pre_onset_flat,2.6864408338999612,-31,166,157,-40,5.446482786537642,81520.5,pre_onset_flat,157,pre_onset_flat,0.991869918699187
15m,900,btc-up-or-down-15m,btc-updown-15m,0x51928a6454475e6b0d883f5d6ba663670c83df62,window_dressing,btc-updown-15m-1777283100,0xdea07e6400b7980d83905a8cb3c798264cc7d872c216959d2ac40dd3dbf5fea4,Down,5.985923569254994,49.4100238415366,1,-98,-98,no_push_after_entry,2.5152261008613137,,,,,1.9762490792468412,77925.4,no_push_after_entry,,,
15m,900,btc-up-or-down-15m,btc-updown-15m,0x51928a6454475e6b0d883f5d6ba663670c83df62,window_dressing,btc-updown-15m-1778238000,0xdf4dc3db0b9e0abd18a62a6f2ed6cd798d02f03bf96e95f8d9375d5b2e194995,Up,2.217692724852003,249.699988,16,-287,-42,no_push_after_entry,1.6705105030223997,,,,,0.012466496291942998,80215.0,no_push_after_entry,,,
15m,900,btc-up-or-down-15m,btc-updown-15m,0x51928a6454475e6b0d883f5d6ba663670c83df62,window_dressing,btc-updown-15m-1775799000,0xdf8bea87bf31b48dba1cefe515530712fbaa067a4bfb7d56b32cb47114458f33,Down,9.158795804489932,97.89231099345223,13,-675,-291,pre_onset_flat,2.810221453757032,-172,119,35,-256,5.274356521583445,72236.3,pre_onset_flat,57,no_push_after_entry,1.0
15m,900,btc-up-or-down-15m,btc-updown-15m,0x51928a6454475e6b0d883f5d6ba663670c83df62,window_dressing,btc-updown-15m-1778258700,0xe17871d48ab2efeda32072b6ccc1fa0ed5e2a61e324484486e22f69a372c764f,Up,1.4978178276807335,48.719989,8,-273,-111,no_push_after_entry,1.4661892988227994,,,,,1.3910001040124491,79798.7,pre_onset_flat,47,,
15m,900,btc-up-or-down-15m,btc-updown-15m,0x51928a6454475e6b0d883f5d6ba663670c83df62,window_dressing,btc-updown-15m-1779063300,0xe2d3d5b947ef51200bb508ba9780db55d986af27bd55d893deb207337b4fec6b,Down,6.3784259221503286,104.34997,8,-264,-89,post_onset,7.783827541516991,,,,,,77082.9,choppy_gap,7,,0.5177304964539007
15m,900,btc-up-or-down-15m,btc-updown-15m,0x51928a6454475e6b0d883f5d6ba663670c83df62,window_dressing,btc-updown-15m-1776103200,0xe581102596c9ea0641df5cc5c87f70d05edd920fc0e2fd015ce22f5a2af738bb,Up,5.9556534891862265,48.08238181793518,1,-831,-831,pre_onset_flat,0.013861685332232821,-783,48,45,-786,5.627844244557731,72141.3,pre_onset_flat,45,pre_onset_flat,0.9
15m,900,btc-up-or-down-15m,btc-updown-15m,0x51928a6454475e6b0d883f5d6ba663670c83df62,window_dressing,btc-updown-15m-1775858400,0xe707cb667c377be1106e758255e5f2387dee17c58aec7947ff092a07d07b6b21,Down,4.75087287514664,97.0294243043543,5,-749,-735,no_push_after_entry,2.077569899294124,,,,,1.9545558920959891,73162.4,no_push_after_entry,,,
15m,900,btc-up-or-down-15m,btc-updown-15m,0x51928a6454475e6b0d883f5d6ba663670c83df62,window_dressing,btc-updown-15m-1778392800,0xe7a7c05357491e01880a220e3c763d05cd36abce62b1ec26b6cdae9c6dd87cc1,Up,2.270719853729376,123.80999899999999,1,-131,-131,no_push_after_entry,0.0,,,,,0.012392218676965697,80695.8,no_push_after_entry,,,
15m,900,btc-up-or-down-15m,btc-updown-15m,0x51928a6454475e6b0d883f5d6ba663670c83df62,window_dressing,btc-updown-15m-1775977200,0xe8ef66b8659b94d5819b313ec2860ef47df9c0d3e08a2af194a84b2b404b3183,Down,4.36780275108765,95.22785247126747,10,-107,-27,no_push_after_entry,1.19931834092315,,,,,4.936728984734376,71707.4,no_push_after_entry,,,
15m,900,btc-up-or-down-15m,btc-updown-15m,0x51928a6454475e6b0d883f5d6ba663670c83df62,window_dressing,btc-updown-15m-1777269600,0xebd5f46a3d32bd71d975d1c94b7b573aa721f63db442a950c1d879c37d354bb1,Down,6.572468568034132,49.194759001965586,1,-110,-110,no_push_after_entry,0.012859784625075648,,,,,2.4433590786221515,77761.8,no_push_after_entry,,,
15m,900,btc-up-or-down-15m,btc-updown-15m,0x51928a6454475e6b0d883f5d6ba663670c83df62,window_dressing,btc-updown-15m-1776015000,0xebe5b8800667e244ea30355feef96d4023528324ef3b76d137c3950ba8e0c77f,Up,2.5614945768685025,98.03728037557272,4,-101,-99,no_push_after_entry,0.9998690312383405,,,,,4.703609245548707,71009.3,no_push_after_entry,,,
15m,900,btc-up-or-down-15m,btc-updown-15m,0x51928a6454475e6b0d883f5d6ba663670c83df62,window_dressing,btc-updown-15m-1778100300,0xed4676dcaa22f447ac32432036899837f377eee5e9f0c32a6c9a312ab318b21c,Up,8.078832651530606,66.91999799999999,1,-255,-255,no_push_after_entry,3.48881919440145,,,,,3.0711436570441597,81402.9,no_push_after_entry,,,
15m,900,btc-up-or-down-15m,btc-updown-15m,0x51928a6454475e6b0d883f5d6ba663670c83df62,window_dressing,btc-updown-15m-1778490900,0xee4eb9f4182786c7b7e55a0606802b3abb7944c3277a043e22239d7ec8443493,Down,0.7537698116092391,29.719993000000002,7,-261,-187,no_push_after_entry,0.012359763039342456,,,,,0.0,80907.7,no_push_after_entry,,,
15m,900,btc-up-or-down-15m,btc-updown-15m,0x51928a6454475e6b0d883f5d6ba663670c83df62,window_dressing,btc-updown-15m-1778327100,0xf023406a1a178ae626e73535f1b4ce316270669e13055a2a8a898e4f8f86a0ee,Down,0.8459941724649048,341.009981,26,-289,-115,no_push_after_entry,0.012447952001421653,,,,,1.5684419520885573,80334.5,no_push_after_entry,,,
15m,900,btc-up-or-down-15m,btc-updown-15m,0x51928a6454475e6b0d883f5d6ba663670c83df62,window_dressing,btc-updown-15m-1779401700,0xf0e37f9c6bd83bf350b96cac0bb0a143278b65fcfa3ad663a83053923772496b,Up,4.951959610706781,235.279966,4,-49,-44,no_push_after_entry,2.1514574513857045,,,,,1.0692872363180075,77621.8,no_push_after_entry,,,
15m,900,btc-up-or-down-15m,btc-updown-15m,0x51928a6454475e6b0d883f5d6ba663670c83df62,window_dressing,btc-updown-15m-1778085900,0xf2a8aaa855c7cca95102c7b278c76ca5a457fe731efa129263fdf2de48160985,Down,6.66790090771621,55.80999800000001,3,-226,-149,pre_onset_flat,1.7134604557804813,-124,25,20,-129,6.743690793822464,81706.0,pre_onset_flat,97,pre_onset_flat,0.7777777777777778
15m,900,btc-up-or-down-15m,btc-updown-15m,0x51928a6454475e6b0d883f5d6ba663670c83df62,window_dressing,btc-updown-15m-1777290300,0xf306c91ead331d258a7cdf0fa4dd32c24219117763ffc8b27da158dfd087522e,Up,4.4347543609644715,49.778516514218545,1,-100,-100,no_push_after_entry,1.002170083681576,,,,,2.4283352027652416,77831.1,no_push_after_entry,,,
15m,900,btc-up-or-down-15m,btc-updown-15m,0x51928a6454475e6b0d883f5d6ba663670c83df62,window_dressing,btc-updown-15m-1779210000,0xf4614cb68b8da74ab754b9ec9ca3423c9b60a8387ea5e16244a8af4d29e3824c,Up,8.449497316213414,38.979997,2,-212,-119,no_push_after_entry,2.6540970020424486,,,,,2.3938914136051324,76862.3,no_push_after_entry,,,
15m,900,btc-up-or-down-15m,btc-updown-15m,0x51928a6454475e6b0d883f5d6ba663670c83df62,window_dressing,btc-updown-15m-1775866500,0xf4af0a6f9a6f6df61ab72149805bd0799786a10886c9dbd410eb9f0ca4761963,Up,4.459731221921253,31.12333101762549,3,-541,-335,choppy_gap,2.0716346569394712,-74,261,21,-314,5.048752011612529,72889.3,pre_onset_flat,26,,0.9083333333333333
15m,900,btc-up-or-down-15m,btc-updown-15m,0x51928a6454475e6b0d883f5d6ba663670c83df62,window_dressing,btc-updown-15m-1777346100,0xf5250c93a4bf3705aa95ffa26b472d198e33e6c2ee034eb4aeb574f8f0cb84bc,Up,0.7208634114123397,49.498603400345594,1,-54,-54,pre_onset_flat,3.7779306319826578,-52,2,2,-52,5.041583291645444,76761.6,pre_onset_flat,2,no_push_after_entry,0.863013698630137
15m,900,btc-up-or-down-15m,btc-updown-15m,0x51928a6454475e6b0d883f5d6ba663670c83df62,window_dressing,btc-updown-15m-1777325400,0xf606963c9f734f7569e65ab8f01e78e73bd5118269f84ab35d29e99a02c292cc,Down,1.2212731332048756,49.348496501223984,1,-52,-52,post_onset,6.931827492434542,,,,,,76891.7,post_onset,,,0.9295774647887324
15m,900,btc-up-or-down-15m,btc-updown-15m,0x51928a6454475e6b0d883f5d6ba663670c83df62,window_dressing,btc-updown-15m-1776141900,0xf6758a84ae9f5b7d87b945b30c046ade08c91a7aa27765d13313fae282f96e99,Up,0.5961498332722868,99.47872404493415,11,-155,-75,no_push_after_entry,0.6854838709685243,,,,,0.16129032258025397,74400.0,no_push_after_entry,,,
15m,900,btc-up-or-down-15m,btc-updown-15m,0x51928a6454475e6b0d883f5d6ba663670c83df62,window_dressing,btc-updown-15m-1775986200,0xf702b70ba21db26e8945afdb7c22c50078bfb014377bdeed29688a041c2aa445,Down,2.6261136997722496,47.35828593641505,21,-291,-135,no_push_after_entry,0.013958701785711703,,,,,4.08989962297384,71639.9,no_push_after_entry,,,
15m,900,btc-up-or-down-15m,btc-updown-15m,0x51928a6454475e6b0d883f5d6ba663670c83df62,window_dressing,btc-updown-15m-1778603400,0xf7ea2dc9bd2268d14e0d2d96ff33aabcb8ab1db3fe06f37064aaba044b0922c7,Down,4.539890410914843,87.639984,6,-262,-110,no_push_after_entry,1.8825841022618774,,,,,0.0,80208.9,pre_onset_flat,46,,
15m,900,btc-up-or-down-15m,btc-updown-15m,0x51928a6454475e6b0d883f5d6ba663670c83df62,window_dressing,btc-updown-15m-1777334400,0xf91d65daef47e082d2c7770b942fb4782f1731fa749df13a59a768e62220d741,Down,5.988256925795541,49.908028800000004,1,-78,-78,post_onset,10.128304796003052,,,,,,77308.1,post_onset,,,0.71875
15m,900,btc-up-or-down-15m,btc-updown-15m,0x51928a6454475e6b0d883f5d6ba663670c83df62,window_dressing,btc-updown-15m-1778132700,0xf9812e77e6d45a930c9d8391a69063c9e88a59d87ea62b3a1e6b10630203687b,Up,0.8322758644450012,38.439998,3,-624,-612,no_push_after_entry,0.0123402097102421,,,,,2.727186345805479,81035.9,no_push_after_entry,,,
15m,900,btc-up-or-down-15m,btc-updown-15m,0x51928a6454475e6b0d883f5d6ba663670c83df62,window_dressing,btc-updown-15m-1775966400,0xfb82f7459fa6e04861152a662127070455512f4d62f6629d7f739056891f13db,Down,0.8758492714458822,51.87380399999999,1,-1,-1,no_push_after_entry,3.7289773663659713,,,,,0.0,71601.4,no_push_after_entry,,,
15m,900,btc-up-or-down-15m,btc-updown-15m,0x460483dff5a9bfac3d846db33042c5ea6d7cd57d,window_dressing,btc-updown-15m-1780771500,0x03f35660f11c3451b0e73455db929bb516fd6495d40ffb1c3e8994a2638a603a,Up,4.721369486817227,28.499999999999996,1,-278,-278,pre_onset_flat,3.597810946587841,-241,37,32,-246,5.215175500557585,60592.4,pre_onset_flat,32,pre_onset_flat,0.7640449438202247
15m,900,btc-up-or-down-15m,btc-updown-15m,0x460483dff5a9bfac3d846db33042c5ea6d7cd57d,window_dressing,btc-updown-15m-1780176600,0x0f34bcab2c8a70a853d6145f26452df9181f684f72a9fa89b1a6038d3747c184,Down,2.2351596404307195,74.989995,10,-113,-92,no_push_after_entry,1.3122347628571396,,,,,3.842006934551166,73919.7,no_push_after_entry,,,
15m,900,btc-up-or-down-15m,btc-updown-15m,0x460483dff5a9bfac3d846db33042c5ea6d7cd57d,window_dressing,btc-updown-15m-1780262100,0x293b73977c913eb7269f464c21360c24da0e72fabc5b0ef2c8bf056590fad299,Down,4.695600704091287,69.48998999999999,4,-204,-162,no_push_after_entry,0.01359985420837545,,,,,0.01359985420837545,73530.2,no_push_after_entry,,,
15m,900,btc-up-or-down-15m,btc-updown-15m,0x460483dff5a9bfac3d846db33042c5ea6d7cd57d,window_dressing,btc-updown-15m-1780128000,0x33c0d449a0f1883a79762711a11ea489a286fb5a3c04df9f97fe5bc9d5aa9232,Up,2.1789555265315843,66.56719799999999,6,-179,-163,no_push_after_entry,0.013616353786343174,,,,,0.8033648733466927,73441.1,no_push_after_entry,,,
15m,900,btc-up-or-down-15m,btc-updown-15m,0x460483dff5a9bfac3d846db33042c5ea6d7cd57d,window_dressing,btc-updown-15m-1780137900,0x37d49b8f744407350d93562a42ed79a34402b6a65bb4c8c3f21fd42ebf2a7443,Up,1.6907224142033086,78.69999299999999,11,-218,-204,no_push_after_entry,0.23116293995707027,,,,,0.5847062598928098,73541.2,no_push_after_entry,,,
15m,900,btc-up-or-down-15m,btc-updown-15m,0x460483dff5a9bfac3d846db33042c5ea6d7cd57d,window_dressing,btc-updown-15m-1780258500,0x38d1d84923827d0a9f1c905981095e1d9ae6b61241e1f6e1b4f67117e3edb7c3,Down,1.3269635229015218,97.849992,8,-295,-27,no_push_after_entry,1.3181604459474914,,,,,0.32614279074871233,73587.4,no_push_after_entry,,,
15m,900,btc-up-or-down-15m,btc-updown-15m,0x460483dff5a9bfac3d846db33042c5ea6d7cd57d,window_dressing,btc-updown-15m-1780204500,0x4a43f4680215e0673565e3a93dd91be29ddfde2438ebc14854f14ec97bf5bc72,Down,0.855118353437722,37.317998,6,-32,-25,no_push_after_entry,1.5124098630724998,,,,,0.0,74054.0,no_push_after_entry,,,
15m,900,btc-up-or-down-15m,btc-updown-15m,0x460483dff5a9bfac3d846db33042c5ea6d7cd57d,window_dressing,btc-updown-15m-1780886700,0x4ef781a5b94a7ac90426de92298f328aa0c26fb77b07317aff42f65151eadd03,Up,9.643192488546148,159.38997899999998,2,-54,-54,no_push_after_entry,2.614706376397283,,,,,0.0,63104.6,no_push_after_entry,,,
15m,900,btc-up-or-down-15m,btc-updown-15m,0x460483dff5a9bfac3d846db33042c5ea6d7cd57d,window_dressing,btc-updown-15m-1780274700,0x606a8b7bd6400995696cf9001f80182ccf43d0e6c74c3196cfbd569e10f65039,Down,7.599382987889276,98.00999399999999,3,-43,-43,no_push_after_entry,1.7749474967828496,,,,,3.6853871688906024,73805.0,no_push_after_entry,,,
15m,900,btc-up-or-down-15m,btc-updown-15m,0x460483dff5a9bfac3d846db33042c5ea6d7cd57d,window_dressing,btc-updown-15m-1780791300,0x62d0abf9af75a4f266eaa7ee418ce6b7ffe0033d0d74fbf7374da024f92fafbf,Up,4.965481428118344,106.170598,9,-117,-18,no_push_after_entry,1.0037880657836327,,,,,4.78856274004498,60769.8,pre_onset_flat,98,,
15m,900,btc-up-or-down-15m,btc-updown-15m,0x460483dff5a9bfac3d846db33042c5ea6d7cd57d,window_dressing,btc-updown-15m-1780251300,0x64e2021043f00995b8575ebbbdd7c8fabe4c967be5b1ef0dab2aa379535745ec,Down,3.1122938736484684,86.709989,8,-281,-232,no_push_after_entry,0.01359957677998317,,,,,0.01359957677998317,73531.7,no_push_after_entry,,,1.0
15m,900,btc-up-or-down-15m,btc-updown-15m,0x460483dff5a9bfac3d846db33042c5ea6d7cd57d,window_dressing,btc-updown-15m-1780128900,0x6b9dc49843bfa5e3afb936409c52e626c57b614559ccbd7e12509b52bde717b1,Down,2.4266731003273714,79.18999299999999,7,-66,-53,no_push_after_entry,0.9120436038534037,,,,,3.2534092734407705,73461.4,no_push_after_entry,,,
15m,900,btc-up-or-down-15m,btc-updown-15m,0x460483dff5a9bfac3d846db33042c5ea6d7cd57d,window_dressing,btc-updown-15m-1780522200,0x8166dfee5a60750d679220ce7d51f198e1a44ff1ec005c6be0d955166e473c19,Down,3.5890614963538146,33.659982,1,-233,-233,post_onset,16.823718685360134,,,,,,65265.0,post_onset,,,0.2689075630252101
15m,900,btc-up-or-down-15m,btc-updown-15m,0x460483dff5a9bfac3d846db33042c5ea6d7cd57d,window_dressing,btc-updown-15m-1780775100,0x9d8c5d67c01e827f5616e87b7b7993755b1c0efaefc84950d34163da0deb5da6,Down,3.8833607401609584,32.009999,2,-296,-263,no_push_after_entry,1.0067734396659733,,,,,3.2348785930256256,60589.6,no_push_after_entry,,,0.5970149253731343
15m,900,btc-up-or-down-15m,btc-updown-15m,0x460483dff5a9bfac3d846db33042c5ea6d7cd57d,window_dressing,btc-updown-15m-1780209900,0xa5ab65bdc946d1daccc8ed48eb11c6c4474e4283a7bbe503d9240f4741b0aa83,Down,1.2296356570931803,55.569989,4,-60,-53,no_push_after_entry,0.0,,,,,0.013523272199914636,73946.6,no_push_after_entry,,,
15m,900,btc-up-or-down-15m,btc-updown-15m,0x460483dff5a9bfac3d846db33042c5ea6d7cd57d,window_dressing,btc-updown-15m-1780202700,0xa75fd0204fba3201f3548e48bdaa1ce1c238768dd676bf9c26b63d548cc14244,Down,2.3439996952982303,79.849993,6,-294,-65,no_push_after_entry,0.4993454525839968,,,,,2.0243734564152396,74097.0,no_push_after_entry,,,
15m,900,btc-up-or-down-15m,btc-updown-15m,0x460483dff5a9bfac3d846db33042c5ea6d7cd57d,window_dressing,btc-updown-15m-1780322400,0xae19b16982fdcf1b54752bda2037f966ea4143e4584af9f3cc0b6ceb99df9c2b,Down,6.0224944641588385,89.949964,3,-84,-70,no_push_after_entry,2.293141828024735,,,,,0.0,71517.6,no_push_after_entry,,,
15m,900,btc-up-or-down-15m,btc-updown-15m,0x460483dff5a9bfac3d846db33042c5ea6d7cd57d,window_dressing,btc-updown-15m-1780139700,0xc9254f788376133e880b38269a758da20e378910eabf83f5d5261b4ff3f5dad6,Down,4.3924767990290645,29.479998000000002,2,-84,-66,no_push_after_entry,0.01360688617176637,,,,,1.6736469992737883,73492.2,no_push_after_entry,,,
15m,900,btc-up-or-down-15m,btc-updown-15m,0x460483dff5a9bfac3d846db33042c5ea6d7cd57d,window_dressing,btc-updown-15m-1780829100,0xc9903dae43586f389cb87de5c6f39dd369cfe78c599f06a105e1ed2a49f4fe8b,Up,1.6809156564237429,54.52999200000001,1,-102,-102,no_push_after_entry,2.8359430952792106,,,,,0.0,62413.1,no_push_after_entry,,,
15m,900,btc-up-or-down-15m,btc-updown-15m,0x460483dff5a9bfac3d846db33042c5ea6d7cd57d,window_dressing,btc-updown-15m-1780092000,0xccc6f4c0360b70025c758468b0bf90c7ca116cbe4a239a182b97a0e6f9f2381e,Down,1.447023220398434,35.609995,4,-294,-63,no_push_after_entry,0.013642099519910068,,,,,0.0,73302.5,no_push_after_entry,,,
15m,900,btc-up-or-down-15m,btc-updown-15m,0x460483dff5a9bfac3d846db33042c5ea6d7cd57d,window_dressing,btc-updown-15m-1780174800,0xd6a2ea80fba5f636f53227ae1f03cec61814436974da7df03870e3f5b1f95795,Up,1.486839304656314,25.649997000000003,3,-163,-53,no_push_after_entry,1.24557786012392,,,,,0.4738611424385977,73861.3,no_push_after_entry,,,
15m,900,btc-up-or-down-15m,btc-updown-15m,0x460483dff5a9bfac3d846db33042c5ea6d7cd57d,window_dressing,btc-updown-15m-1780664400,0xd896bb4f238645f4f0cc7fc06cd800b4e370fc3285c574251231e727e947d5cc,Up,4.291609489512837,73.749998,6,-296,-32,post_onset,7.325818184164321,,,,,,61972.6,post_onset,,,0.18867924528301888
15m,900,btc-up-or-down-15m,btc-updown-15m,0x460483dff5a9bfac3d846db33042c5ea6d7cd57d,window_dressing,btc-updown-15m-1779516000,0xd9f4a9f1ef08115831beba342bfc39c5ec0e79061bd5c1b45c7f4ebd3309b834,Down,2.100675060037839,50.399993,12,-44,-39,no_push_after_entry,0.0,,,,,0.013261843158257656,75404.3,no_push_after_entry,,,
15m,900,btc-up-or-down-15m,btc-updown-15m,0x460483dff5a9bfac3d846db33042c5ea6d7cd57d,window_dressing,btc-updown-15m-1780254000,0xf50ce0e0752ab6e87264f83d3a62cd6f3943b817ca1d580a934f0f3f9c888a0c,Down,1.7878300950675257,26.78,2,-42,-42,no_push_after_entry,1.31995237285213,,,,,1.3743833985379583,73487.5,no_push_after_entry,,,
15m,900,btc-up-or-down-15m,btc-updown-15m,0x06a20663cff1d3011fae399cdb063d1ce92746c9,window_dressing,btc-updown-15m-1775862000,0x02104cc7822702ab2fad6df8eed0e938bf2cd2d5af04a203db18a06b31261c32,Up,1.084490481164433,26.051678383133332,8,-249,-133,pre_onset_flat,2.9930583014810024,-107,26,15,-118,7.935723386494842,72835.2,choppy_gap,42,pre_onset_flat,0.7625
15m,900,btc-up-or-down-15m,btc-updown-15m,0x06a20663cff1d3011fae399cdb063d1ce92746c9,window_dressing,btc-updown-15m-1776168900,0x06d955f2f02a8b400f50077c7bd32f19dfbb6a1a7b4949b5485d2ddf855faae2,Up,1.7249861976913186,147.56851817826666,17,-263,-127,no_push_after_entry,1.2779174519133114,,,,,0.0,74339.7,pre_onset_flat,51,,0.8541666666666666
15m,900,btc-up-or-down-15m,btc-updown-15m,0x06a20663cff1d3011fae399cdb063d1ce92746c9,window_dressing,btc-updown-15m-1779009300,0x0a5ecd8129fa1dd42a71a3645a95d0e326dea4869b5aeec533074d66bc1adbe2,Up,1.156783310000876,35.4,3,-288,-284,no_push_after_entry,3.5857992106119165,,,,,1.8185124568099564,78085.8,no_push_after_entry,,,
15m,900,btc-up-or-down-15m,btc-updown-15m,0x06a20663cff1d3011fae399cdb063d1ce92746c9,window_dressing,btc-updown-15m-1778221800,0x0c7dc07f4987fc6cb3bf8905c3718bb8b1a8c4e5de7a23afb72d8731c272c1e9,Down,0.5732949823286884,36.9704,6,-44,-5,no_push_after_entry,3.6331955903809803,,,,,0.0,79544.3,no_push_after_entry,,,
15m,900,btc-up-or-down-15m,btc-updown-15m,0x06a20663cff1d3011fae399cdb063d1ce92746c9,window_dressing,btc-updown-15m-1780176600,0x0f34bcab2c8a70a853d6145f26452df9181f684f72a9fa89b1a6038d3747c184,Down,2.2351596404307195,28.7,10,-122,-115,no_push_after_entry,0.798305967674586,,,,,2.0566526624853143,73906.5,no_push_after_entry,,,
15m,900,btc-up-or-down-15m,btc-updown-15m,0x06a20663cff1d3011fae399cdb063d1ce92746c9,window_dressing,btc-updown-15m-1776731400,0x111de11a52e1ee36c1d55acd4ac45b867579d4149b57abe1183879668eeee207,Down,1.2832135135325529,56.639961339866666,11,-72,-56,no_push_after_entry,0.7374835218533252,,,,,0.4214191553439359,75933.9,no_push_after_entry,,,
15m,900,btc-up-or-down-15m,btc-updown-15m,0x06a20663cff1d3011fae399cdb063d1ce92746c9,window_dressing,btc-updown-15m-1775781900,0x14560f57dcab49371d6b5d96175c63da1162bcff4daaf424d50575f89001fb8f,Up,6.448455675564621,25.48458,4,-193,-177,pre_onset_flat,3.0457530520106393,-6,171,40,-137,5.660372110360796,71903.4,choppy_gap,13,no_push_after_entry,0.7777777777777778
15m,900,btc-up-or-down-15m,btc-updown-15m,0x06a20663cff1d3011fae399cdb063d1ce92746c9,window_dressing,btc-updown-15m-1775626200,0x1eb9a51ddfb38683a6771d5d26f16e5f513421bd11dbd4f773a812c30651bd4f,Down,1.997667786234406,48.77500156,5,-167,-1,no_push_after_entry,3.096316359847344,,,,,0.0,71698.1,pre_onset_flat,119,,
15m,900,btc-up-or-down-15m,btc-updown-15m,0x06a20663cff1d3011fae399cdb063d1ce92746c9,window_dressing,btc-updown-15m-1780262100,0x293b73977c913eb7269f464c21360c24da0e72fabc5b0ef2c8bf056590fad299,Down,4.695600704091287,37.7,6,-266,-201,no_push_after_entry,1.3871851293750175,,,,,0.01359985420837545,73530.2,no_push_after_entry,,,
15m,900,btc-up-or-down-15m,btc-updown-15m,0x06a20663cff1d3011fae399cdb063d1ce92746c9,window_dressing,btc-updown-15m-1778349600,0x2cbff152253103606bf1d41a3d3316c6a3cd4f6c51d5ce84788c492e6ad1586c,Up,2.708714891476202,39.8619,10,-168,-18,no_push_after_entry,3.552151650883779,,,,,4.010094546642001,80796.1,no_push_after_entry,,,0.9743589743589743
15m,900,btc-up-or-down-15m,btc-updown-15m,0x06a20663cff1d3011fae399cdb063d1ce92746c9,window_dressing,btc-updown-15m-1780201800,0x2e67ed9a85e8835d54a24c3decd02b96e623d01f9beca9868f7f237a87155ea7,Up,2.0012912868615684,27.6848,7,-218,-26,no_push_after_entry,0.32403531984907774,,,,,3.3618664434415493,74066.0,no_push_after_entry,,,
15m,900,btc-up-or-down-15m,btc-updown-15m,0x06a20663cff1d3011fae399cdb063d1ce92746c9,window_dressing,btc-updown-15m-1780258500,0x38d1d84923827d0a9f1c905981095e1d9ae6b61241e1f6e1b4f67117e3edb7c3,Down,1.3269635229015218,31.395400000000002,5,-90,-38,no_push_after_entry,0.1766373946783716,,,,,1.6440865197142034,73597.1,no_push_after_entry,,,
15m,900,btc-up-or-down-15m,btc-updown-15m,0x06a20663cff1d3011fae399cdb063d1ce92746c9,window_dressing,btc-updown-15m-1775864700,0x41276505568c11461ada7f5109ff8206512a211b210a32d37c6bbd1d6b9dedc6,Up,6.8675909929984265,61.6108521552,8,-289,-279,no_push_after_entry,0.35639823939150056,,,,,2.9745545364694213,72952.1,no_push_after_entry,,,
15m,900,btc-up-or-down-15m,btc-updown-15m,0x06a20663cff1d3011fae399cdb063d1ce92746c9,window_dressing,btc-updown-15m-1777500000,0x43e0bc3b148aa2f36fe8653a4b2a61ecc60ad67bf8d1de0eb6b1b4c3d8037ce1,Up,4.747308456875557,57.5,20,-114,-66,no_push_after_entry,0.0,,,,,4.585777763722137,75886.8,no_push_after_entry,,,
15m,900,btc-up-or-down-15m,btc-updown-15m,0x06a20663cff1d3011fae399cdb063d1ce92746c9,window_dressing,btc-updown-15m-1776386700,0x45d9b1cd1337921afa2907942e2f52c34cf5974a33a3e557e60c03d9c1c81504,Down,2.394061213403817,31.674978588533335,4,-114,-26,no_push_after_entry,0.18667612492288668,,,,,1.1467247673870502,74996.2,no_push_after_entry,,,
15m,900,btc-up-or-down-15m,btc-updown-15m,0x06a20663cff1d3011fae399cdb063d1ce92746c9,window_dressing,btc-updown-15m-1775334600,0x46cfd5082e1e51bb8c85c265760b09c19d62be9401a75853d3f5e14c3c699ecb,Down,1.1842410045000609,40.485389406,19,-69,-7,no_push_after_entry,3.4939042521558132,,,,,1.8584597085935177,67260.0,pre_onset_flat,54,,
15m,900,btc-up-or-down-15m,btc-updown-15m,0x06a20663cff1d3011fae399cdb063d1ce92746c9,window_dressing,btc-updown-15m-1779544800,0x4a78a4b94c8ac8262ba7fda972707f8396d6150d62e3fa75d87f0aab0207b1dc,Down,1.4073300203971195,47.4784,15,-48,-6,no_push_after_entry,0.9315955970130384,,,,,0.505723324091243,75139.9,no_push_after_entry,,,
15m,900,btc-up-or-down-15m,btc-updown-15m,0x06a20663cff1d3011fae399cdb063d1ce92746c9,window_dressing,btc-updown-15m-1775389500,0x4b1b99964d7e635d5e9c91f73c1dba710b3cff7cac540c68cb9f332b48236e72,Up,0.655114481391388,31.479396,4,-277,-143,no_push_after_entry,0.014934110702271904,,,,,0.014934110702271904,66960.8,no_push_after_entry,,,
15m,900,btc-up-or-down-15m,btc-updown-15m,0x06a20663cff1d3011fae399cdb063d1ce92746c9,window_dressing,btc-updown-15m-1776042900,0x535c28d39222782560247472fa35993beb2c10f5bbef7aec2f48fcdca51fc2ad,Down,4.883002911069492,59.02910832,14,-79,-45,pre_onset_flat,2.262195481790207,-5,40,40,-5,5.87327771048997,71169.8,choppy_gap,12,pre_onset_flat,0.9489795918367347
15m,900,btc-up-or-down-15m,btc-updown-15m,0x06a20663cff1d3011fae399cdb063d1ce92746c9,window_dressing,btc-updown-15m-1775976300,0x5ab08a2004f6d4350a99ae6414eaa380428e513a0b689644ffdeb6bbef6e633f,Up,0.38026440221709196,34.9751498826,4,-171,-3,no_push_after_entry,0.013950017089582932,,,,,0.0,71684.5,no_push_after_entry,,,
15m,900,btc-up-or-down-15m,btc-updown-15m,0x06a20663cff1d3011fae399cdb063d1ce92746c9,window_dressing,btc-updown-15m-1779948000,0x5d16df0c8402a7bf0b0df15e6fab0d745e8e950818a95262889e029fd7fbdcab,Up,1.8423871237835456,29.1127,8,-98,-18,no_push_after_entry,0.013728795875570535,,,,,3.789147661435712,72839.6,no_push_after_entry,,,
15m,900,btc-up-or-down-15m,btc-updown-15m,0x06a20663cff1d3011fae399cdb063d1ce92746c9,window_dressing,btc-updown-15m-1778120100,0x64c8837dbc4d0de9e00007fd4a149294f0127dc2902979a11b4e2838abd0af46,Down,2.7055067161784683,86.78,13,-17,-3,no_push_after_entry,0.1359634431389535,,,,,0.0,80904.1,no_push_after_entry,,,
15m,900,btc-up-or-down-15m,btc-updown-15m,0x06a20663cff1d3011fae399cdb063d1ce92746c9,window_dressing,btc-updown-15m-1780251300,0x64e2021043f00995b8575ebbbdd7c8fabe4c967be5b1ef0dab2aa379535745ec,Down,3.1122938736484684,37.2789,7,-228,-51,pre_onset_flat,0.013591259188203447,-4,47,23,-28,5.721920118732053,73576.7,no_push_after_entry,,post_onset,1.0
15m,900,btc-up-or-down-15m,btc-updown-15m,0x06a20663cff1d3011fae399cdb063d1ce92746c9,window_dressing,btc-updown-15m-1777074300,0x65f9624d2a3829af76851146fd3aaa9e4eb4b5b137d44225020e8af39f932f50,Up,0.4518235769861405,102.875174866,12,-58,-42,no_push_after_entry,0.0,,,,,0.0,77455.0,no_push_after_entry,,,
15m,900,btc-up-or-down-15m,btc-updown-15m,0x06a20663cff1d3011fae399cdb063d1ce92746c9,window_dressing,btc-updown-15m-1778413500,0x69c42dd648ff2e827b2779deffcf583e5c0f061c3205ed1e4742c08fce221df3,Down,1.3718261843664825,64.6,10,-244,-4,no_push_after_entry,3.4284002737765857,,,,,0.3341761999706779,80795.7,no_push_after_entry,,,
15m,900,btc-up-or-down-15m,btc-updown-15m,0x06a20663cff1d3011fae399cdb063d1ce92746c9,window_dressing,btc-updown-15m-1776991500,0x6fd337a0968cb64abe4753e8b7269cdd6efd282cc1f8eef9f0afb9881339b152,Up,4.797372954885292,48.51021582753334,12,-132,-4,post_onset,5.585217281529752,,,,,,78421.3,pre_onset_flat,31,,0.6
15m,900,btc-up-or-down-15m,btc-updown-15m,0x06a20663cff1d3011fae399cdb063d1ce92746c9,window_dressing,btc-updown-15m-1777170600,0x79a01dfeb39debbc392acb4d2676e9587773e154c0c6901960f6ccd78b69b9c2,Down,4.528286155530135,86.44577595519999,7,-98,-66,no_push_after_entry,0.0,,,,,0.6705394618917065,77549.5,no_push_after_entry,,,
15m,900,btc-up-or-down-15m,btc-updown-15m,0x06a20663cff1d3011fae399cdb063d1ce92746c9,window_dressing,btc-updown-15m-1780255800,0x7eb1af39bed997db5d4fb854dc564741c88ec814fd6172cd24bbff43dd7eb032,Down,0.9982743971131193,36.4385,9,-119,-61,no_push_after_entry,0.013620266958025165,,,,,0.0,73420.0,no_push_after_entry,,,
15m,900,btc-up-or-down-15m,btc-updown-15m,0x06a20663cff1d3011fae399cdb063d1ce92746c9,window_dressing,btc-updown-15m-1777475700,0x8085c82b76de76e66757e88a46bcdcb6166d1fe24250828d34efd86f6bcf8628,Down,3.7462234103953262,96.6,13,-136,-26,no_push_after_entry,2.2036457219763697,,,,,3.9088477687435037,76237.3,pre_onset_flat,11,,
15m,900,btc-up-or-down-15m,btc-updown-15m,0x06a20663cff1d3011fae399cdb063d1ce92746c9,window_dressing,btc-updown-15m-1778393700,0x81dbb39623111a69f5539dd01fd9688d16e37a7790b2101f1319fdeca8b66b6b,Down,7.386537151094574,65.15,15,-224,-77,no_push_after_entry,0.012398195317606909,,,,,2.7400011654292777,80656.9,pre_onset_flat,78,,
15m,900,btc-up-or-down-15m,btc-updown-15m,0x06a20663cff1d3011fae399cdb063d1ce92746c9,window_dressing,btc-updown-15m-1779019200,0x83af47fa271bb56393e0fa5fe8f67edbaf8c6f2401b75060057220872e810b58,Down,3.076820773598029,45.4197,4,-199,-190,pre_onset_flat,2.4996907270408917,-11,179,175,-15,7.0399453128882135,78409.7,choppy_gap,6,no_push_after_entry,0.9021739130434783
15m,900,btc-up-or-down-15m,btc-updown-15m,0x06a20663cff1d3011fae399cdb063d1ce92746c9,window_dressing,btc-updown-15m-1779277500,0x8b0e090b72a7493e30733d0300a6140c7f258c3aafaf9f095078c133706f6f0f,Down,1.0805561772791592,34.2116,8,-64,-17,no_push_after_entry,1.7202220509189492,,,,,1.914232056661645,77315.6,no_push_after_entry,,,
15m,900,btc-up-or-down-15m,btc-updown-15m,0x06a20663cff1d3011fae399cdb063d1ce92746c9,window_dressing,btc-updown-15m-1778331600,0x95992367be2283c8cb07567b63e8b64924378f268b54c0a80b3550e9f9604279,Up,2.7368992417888443,70.8558,36,-93,-65,no_push_after_entry,0.012440224719133173,,,,,4.092833932953251,80384.4,no_push_after_entry,,,
15m,900,btc-up-or-down-15m,btc-updown-15m,0x06a20663cff1d3011fae399cdb063d1ce92746c9,window_dressing,btc-updown-15m-1775851200,0x9885119f43832f65e6d3b26923a80054b4e1a825d5d72233fde796fca009b1c7,Down,1.2609393001341833,78.042276,6,-33,-11,no_push_after_entry,1.789204404994724,,,,,0.0,73216.9,no_push_after_entry,,,0.6891891891891891
15m,900,btc-up-or-down-15m,btc-updown-15m,0x06a20663cff1d3011fae399cdb063d1ce92746c9,window_dressing,btc-updown-15m-1775665800,0x9f2db594154fe1cfb4cc00b4bf992f2ff3cd4aecfb7dcc0f3947613e01f5e461,Up,8.282660804316988,42.059256,7,-283,-191,pre_onset_flat,4.201969042693405,-171,20,12,-179,5.588618826781414,71395.1,choppy_gap,11,pre_onset_flat,0.7422680412371134
15m,900,btc-up-or-down-15m,btc-updown-15m,0x06a20663cff1d3011fae399cdb063d1ce92746c9,window_dressing,btc-updown-15m-1775794500,0xa110d0172332d87bfaf240b96594a3a3add70b96f8dc0df8f32da5589b43f232,Down,0.46469450519841116,30.999853184266666,6,-213,-7,no_push_after_entry,0.8900174804987685,,,,,3.1289677048813287,71908.7,pre_onset_flat,149,,
15m,900,btc-up-or-down-15m,btc-updown-15m,0x06a20663cff1d3011fae399cdb063d1ce92746c9,window_dressing,btc-updown-15m-1775243700,0xa2144301ed48c584beeab895ddaf6e7122ea2f6cb25be5e72c1d4ff4a5a3ba49,Up,1.9806486811646136,36.0729893852,3,-23,-15,no_push_after_entry,0.0,,,,,2.0966652539136503,66772.7,no_push_after_entry,,,
15m,900,btc-up-or-down-15m,btc-updown-15m,0x06a20663cff1d3011fae399cdb063d1ce92746c9,window_dressing,btc-updown-15m-1775231100,0xa633a5fefc3bacd2e7ceec918ea0c4615fa6e2b7443429e4298dcf8c61f95da5,Down,4.135117789828809,39.110310060799996,14,-47,-27,pre_onset_flat,1.9593824505130693,-3,24,22,-5,6.551217658972163,66857.8,no_push_after_entry,,no_push_after_entry,1.0
15m,900,btc-up-or-down-15m,btc-updown-15m,0x06a20663cff1d3011fae399cdb063d1ce92746c9,window_dressing,btc-updown-15m-1776337200,0xadb21018030b6464694591c529813a102c715cdb01d72e0ef98327f21877a6ec,Up,1.1119023113413145,32.04876,2,-98,-4,no_push_after_entry,0.013454423142390955,,,,,0.013454423142390955,74325.0,no_push_after_entry,,,
15m,900,btc-up-or-down-15m,btc-updown-15m,0x06a20663cff1d3011fae399cdb063d1ce92746c9,window_dressing,btc-updown-15m-1775324700,0xb0d0c03e547690b844ce334078ff2fc71c7d39bfccb898507884e9ddab4cb49a,Up,0.9544989877390085,63.536550417866664,7,-129,-15,no_push_after_entry,1.3814842488517953,,,,,0.0,67318.9,no_push_after_entry,,,
15m,900,btc-up-or-down-15m,btc-updown-15m,0x06a20663cff1d3011fae399cdb063d1ce92746c9,window_dressing,btc-updown-15m-1778645700,0xb226b9ce65c8c5e3707352ab21dc2a66ed6ae02e18d4799db3ed2782d0ca619f,Up,4.358602234752861,51.3,7,-21,-18,no_push_after_entry,0.012321036939185919,,,,,0.0,81162.0,no_push_after_entry,,,
15m,900,btc-up-or-down-15m,btc-updown-15m,0x06a20663cff1d3011fae399cdb063d1ce92746c9,window_dressing,btc-updown-15m-1778886900,0xb56a1ea010041e5ba388bb89f3c3bed6d3eb24363cf9a6393c49094ab8454b6d,Up,1.4317449538198164,40.8,8,-131,-31,no_push_after_entry,0.012647981382907614,,,,,2.466356369523424,79064.0,no_push_after_entry,,,
15m,900,btc-up-or-down-15m,btc-updown-15m,0x06a20663cff1d3011fae399cdb063d1ce92746c9,window_dressing,btc-updown-15m-1777160700,0xc5ac226e9c2c9acb2a75987d43bab869328a1da63a171545bc6e36a8deec1dbd,Up,2.446568046806187,66.69781440133333,8,-198,-54,no_push_after_entry,0.012881319253942427,,,,,2.151180315282795,77631.8,no_push_after_entry,,,
15m,900,btc-up-or-down-15m,btc-updown-15m,0x06a20663cff1d3011fae399cdb063d1ce92746c9,window_dressing,btc-updown-15m-1780092000,0xccc6f4c0360b70025c758468b0bf90c7ca116cbe4a239a182b97a0e6f9f2381e,Down,1.447023220398434,53.300000000000004,9,-266,-31,no_push_after_entry,4.0638432502022255,,,,,3.3547162401002892,73329.6,no_push_after_entry,,,
15m,900,btc-up-or-down-15m,btc-updown-15m,0x06a20663cff1d3011fae399cdb063d1ce92746c9,window_dressing,btc-updown-15m-1775343600,0xd4acae749ac13f75ffd53f8159d19bec367bd1d11728991c9942d5186a0fb160,Down,5.813818688757646,90.04902050946667,9,-281,-267,no_push_after_entry,1.721939438203278,,,,,0.8758140246020879,67365.9,post_onset,,,
15m,900,btc-up-or-down-15m,btc-updown-15m,0x06a20663cff1d3011fae399cdb063d1ce92746c9,window_dressing,btc-updown-15m-1777957200,0xd56a37bbd1b5a2da97431f3df28d92d9ba28ca2d74a31a02e14e9d19583ec37d,Down,3.024913918554145,38.95,25,-224,-146,no_push_after_entry,0.01235762471695735,,,,,4.856546513481911,80921.7,no_push_after_entry,,,
15m,900,btc-up-or-down-15m,btc-updown-15m,0x06a20663cff1d3011fae399cdb063d1ce92746c9,window_dressing,btc-updown-15m-1780174800,0xd6a2ea80fba5f636f53227ae1f03cec61814436974da7df03870e3f5b1f95795,Up,1.486839304656314,55.5509,10,-168,-154,no_push_after_entry,0.013537002042167864,,,,,0.0,73871.6,no_push_after_entry,,,
15m,900,btc-up-or-down-15m,btc-updown-15m,0x06a20663cff1d3011fae399cdb063d1ce92746c9,window_dressing,btc-updown-15m-1779845400,0xdc7b5aea6b00c875a6cde12d0676119955ab00b0dd7943175628637275e90f7f,Down,1.6697170758877824,27.349999999999998,9,-99,-20,pre_onset_flat,0.17151753436985917,-12,8,8,-12,5.50175475631278,75794.0,pre_onset_flat,87,no_push_after_entry,0.8545454545454545
15m,900,btc-up-or-down-15m,btc-updown-15m,0x06a20663cff1d3011fae399cdb063d1ce92746c9,window_dressing,btc-updown-15m-1778024700,0xe18edd41a81de81db7118903bc570b22753d7577b3818b1ede181838d3339148,Down,1.8733271911687215,40.1327,8,-140,-28,no_push_after_entry,1.0750641949266413,,,,,3.1510502265049047,80925.4,no_push_after_entry,,,
15m,900,btc-up-or-down-15m,btc-updown-15m,0x06a20663cff1d3011fae399cdb063d1ce92746c9,window_dressing,btc-updown-15m-1777215600,0xe2c1d439d73b46e701da2be12de2fe3133f19af0bd2a27c3de0bf8074e081603,Down,0.1954721145605935,49.03147086693333,5,-186,-14,no_push_after_entry,0.01280293340884769,,,,,0.01280293340884769,78107.1,no_push_after_entry,,,
15m,900,btc-up-or-down-15m,btc-updown-15m,0x06a20663cff1d3011fae399cdb063d1ce92746c9,window_dressing,btc-updown-15m-1775979900,0xeb1fcd303fe92955f23db78276421cba6fc0ea79877e53f173ecb113f7761c37,Down,9.596848041828117,49.527516000000006,9,-55,-13,no_push_after_entry,3.1922071115137935,,,,,1.0036633713048586,71737.2,no_push_after_entry,,,
15m,900,btc-up-or-down-15m,btc-updown-15m,0x06a20663cff1d3011fae399cdb063d1ce92746c9,window_dressing,btc-updown-15m-1779715800,0xecb9416979e2e0b56defd23e8249cc05c015b834a662fac02aa5350f587f250f,Up,1.8075777045844537,53.6626,12,-288,-1,no_push_after_entry,3.2618825722270235,,,,,0.0,77256.0,no_push_after_entry,,,
15m,900,btc-up-or-down-15m,btc-updown-15m,0x06a20663cff1d3011fae399cdb063d1ce92746c9,window_dressing,btc-updown-15m-1779770700,0xf3b8e6e75e0dcec309f9f1195f379e998c6236b423bd278384b6ce231f8b1774,Down,2.83485908608553,25.9,8,-244,-177,no_push_after_entry,0.06517604702060736,,,,,3.402189654476463,76715.3,no_push_after_entry,,,
15m,900,btc-up-or-down-15m,btc-updown-15m,0x06a20663cff1d3011fae399cdb063d1ce92746c9,window_dressing,btc-updown-15m-1777337100,0xfc91a910d095e6b38af2bc10a6c6f93c04f7228b94cdfcf4271ff8c02628acd3,Down,2.6940692811482934,32.11278272,6,-234,-192,pre_onset_flat,1.575622790737545,-72,120,19,-173,7.309856553750212,77429.7,no_push_after_entry,,pre_onset_flat,0.7625
15m,900,btc-up-or-down-15m,btc-updown-15m,0x06a20663cff1d3011fae399cdb063d1ce92746c9,window_dressing,btc-updown-15m-1776861000,0xfcfb1af4d96ead2e28fc523c86cc1a66b4ae6913d529718a707eaee97e45a129,Up,1.5626414767305616,32.023633956000005,1,-168,-168,post_onset,8.75376987169657,,,,,,78252.0,post_onset,,,0.839622641509434
