condition_id,slug,resolved,end_epoch,resolved_ts,resolution_lag_s,onchain_winner,gamma_winner,winner_agree,margin_bps_abs,block_number,tx_hash
0x004aff5c484213e8101fc6421b55f585987433e4a958d498bda42271d7b3ef6f,btc-updown-5m-1773263700,1,1773264000,1773264043,43,Down,Down,True,0.9996233587413771,84072005,0x023d87a5e7bc5c5c802fe2e7de9f837f708a7d47e1dcfed8bb0ec79ff98d0b0e
0x00c9ab4a49d82904292dd6e29a628081258494c2c9b9ee38feccb6bac3638614,btc-updown-5m-1774895100,1,1774895400,1774895427,27,Up,Up,True,2.6721013766353847,84887695,0x9aacca45284a95ee192ef84c662bff5663fa878c8efd3d58efeee89f296ca605
0x015bc5f95eca2b7d477b50fa61dc3725f31b2bf640644848f9df6c8f8a4fad01,btc-updown-5m-1778412300,1,1778412600,1778412653,53,Down,Down,True,0.4924014410180132,86670254,0x1db8bab14c9f14c3806ad8f7c9682a7a3dc130ce4f13d63d7aab3bf09cc33649
0x01a1069a20250ec6b9c4282d9541b7a74841440e646ce572ca4bc3d2864a00c9,btc-updown-5m-1771637100,1,1771637400,1771637436,36,Down,Up,False,1.6007422566310532,83258706,0x462dd720ec567342919a59ae918f50f057627e9b0cef5a30e044e744992a86d2
0x01ad564256a5ea266dd722f3b639af2aaf27bb03473d2e28764d702fb6a4989e,btc-updown-5m-1773552000,1,1773552300,1773552323,23,Up,Up,True,2.5268852582273564,84216145,0x50c96341f7f17b042c6d1e6522c35dcac8c4d99f8c7bbc7bf35e401bfdf4f0cc
0x01ceebc637721a814a4a99e31144667dff1d4480c3725813629110322174fdd8,btc-updown-5m-1776617700,1,1776618000,1776618036,36,Down,Down,True,3.5048150838296217,85748996,0x91cc155548d9a089ca556fe92992623b0b02f8f48d4b2a60d8455db122bcaa6e
0x021803c506b3a98ffdc8ae32dd8e8d7cb257c37cebadf638e14fe7644b26609a,btc-updown-5m-1776189000,1,1776189300,1776189322,22,Up,Up,True,1.3982935756888566,85534639,0xf5bcb8274196c388315f461924f70b2d9b1aae230c4c31ae481436e27dc85491
0x023e5287a79f03eba5908be3220307a87d6b7d3968d1503bfa3b82b4e961155c,btc-updown-5m-1773318900,1,1773319200,1773319255,55,Down,Down,True,0.4565600414151753,84099611,0x2e9622a1df2e61d5b3bc553bd36457c549e835c678c6d2d92ba7be173ae66d64
0x026043cd8ecc77b4fbfad22290a444503c4f7f0b773febccf46e221727d37cd1,btc-updown-5m-1776921300,1,1776921600,1776921638,38,Up,Up,True,0.10491825669264102,85900797,0x414fad377163733f1ee0e1cbc855632d787e12a6ebe33bbc0914358310b4ceca
0x0265836d4e8ef495ef27fd07d57129cba297406f798f198b01ab1b6d88eee237,btc-updown-5m-1777464300,1,1777464600,1777464620,20,Down,Down,True,0.16769790042092828,86172288,0xfcae4e4e3db2e455de5442bd7ba669b6286328b810be1f9d2e38d4563c0eb1ab
0x0266ad18bcfd33a6aaf88e5d1efa992c47e8d94c5df2bf1624808e4700f695a5,btc-updown-5m-1774233600,1,1774233900,1774233925,25,Up,Up,True,3.9858574793638337,84556945,0xb60fa6e89d0cdcf18ad561a4f8b802e01d6c13d69b778575de68c7f1358a3ffa
0x02eed7c552e30731eaf30e8ead73bef6e428f805b75f93a127a7e11ae829c3af,btc-updown-5m-1774530900,1,1774531200,1774531233,33,Down,Down,True,1.25438223136635,84705599,0x99eb60057cd1f035df71dff1b1f00316d7e77c67395d682d3fe96382f6e7105a
0x0371554208d6439dd071e667692bd4341e78eca420e63ab578c56d1e8ba43f29,btc-updown-5m-1775560800,1,1775561100,1775561125,25,Up,Up,True,0.4393612625603811,85220544,0x5459c1e0756021ebd01bd58d9a2423e5ddb9aea19a3820144a1fc02bbc0c6828
0x037ed73ac96f9dea86c257398a539dd4aa0033b11ef5054b9f8ed590b6d2d9bb,btc-updown-5m-1776395700,1,1776396000,1776396018,18,Up,Up,True,1.9579710274297624,85637987,0xfed878bc69a42a5f9db767ef992cef4adfc8a715369344ab4d3c541deb0904d6
0x054fa8cb9c71b0db12513d5fd16fee671c61de222f3941f9dfbb624d51d0ac70,btc-updown-5m-1772563500,1,1772563800,1772563823,23,Up,Up,True,2.2140905260097994,83721896,0x2b1bdddc852befc1f9bf751cc63156cc1d9b2a46dc98f4353fe56b6829ec458f
0x05935ce5b643b7f09dde5ffd19ce88cc0a7879f3b896c5316f5ee27f95e22eef,btc-updown-5m-1775317200,1,1775317500,1775317535,35,Down,Down,True,0.5767424296552077,85098749,0x23bb306d083e9d0bbdc827653c48ecb2b8a9aa8c68ead7cdf97062975c42bb15
0x060516b61eb971ae91f298c2055ab6747922774c29ae13b07f33f0bf191c44db,btc-updown-5m-1774322700,1,1774323000,1774323025,25,Up,Up,True,1.3318274874741631,84601495,0x6fe94232a4658d86b52b7bbd35a2d312f6af61b3ea82e5e6f8e896dc4595f5a1
0x0607852f80c7a35ab6e457d47cd86583ed997cf71c31cd056e2a10b6dd989575,btc-updown-5m-1773018300,1,1773018600,1773018623,23,Down,Down,True,2.9170668179953085,83949295,0xb2610baef6a74d6c2b5a4bcba9345f6f104e586a69b75f079259324174a1e0d4
0x06882f43a39d8c919402c57aea852669c7a764f81f16c723a661ef3b35d7d714,btc-updown-5m-1776686100,1,1776686400,1776686428,28,Down,Down,True,1.1216404649068559,85783192,0x12bc170b992b04329dcce3ca83c0e524195b51e618d3a46987a68541bf49ad0e
0x0706ee6cb140aef6811df032646ce50a351b004452f54976a9104345a072b980,btc-updown-5m-1774205400,1,1774205700,1774205723,23,Down,Down,True,1.6268163564784126,84542844,0xe99bc43ef2f8977ccb56d5439113799ff8bb4c6b21f16abacbd8fe4a6a4b7866
0x070b64a2a55679822bc36ac1019623088d3460713ff4cd9e2e4b5eedec2d14ef,btc-updown-5m-1772652600,1,1772652900,1772652953,53,Up,Down,False,1.9237237076925258,83766461,0xbfc18b7b3a4a92533ae40624af546b783434716c5003d1202be3a14c63cb116c
0x073f4c84b2bec7772d37d2ea62363ce887ede16ca4124a3987cb355c08cd3e51,btc-updown-5m-1775498700,1,1775499000,1775499027,27,Up,Up,True,3.639316478752345,85189495,0x22f7db8adb4a1ce46ba0fefbb002756de9283844845fe7ffc804b58efdc6159a
0x07ad0c743a6b065566c118b3a142839ff71b6adf3e974a9737f451f58682d593,btc-updown-5m-1775400000,1,1775400300,1775400353,53,Up,Up,True,0.5718323255921567,85140158,0xe121c65d1fb28b7a4fb2b240865cc019615f47ca0ae396365a908b1a517b5523
0x07d8fbca421c0b25f708e12dc6911a7ebe82e0120fb2cb3c4bca3a53c4895e3d,btc-updown-5m-1773368700,1,1773369000,1773369055,55,Down,Down,True,0.04366950594078047,84124511,0xb942b9e7e127ad6e22ec6a09c54b1c6acdcc320444f43eac9a92501995d53c2c
0x086dfe912b6c5b43f8adb381f15a5c07315caf405828010ffdd81c862524a72d,btc-updown-5m-1775551500,1,1775551800,1775551829,29,Down,Down,True,0.751749454702475,85215896,0xdf5c775cd4a3a0f14845176b769ba1b0bfdd273608e36b8dac365da691662cd9
0x08eeb1b59d066f758aa4c3b44dcd031b1ce75622ff494d681fb720035a2b1617,btc-updown-5m-1773355800,1,1773356100,1773356133,33,Up,Up,True,1.4909549081699942,84118050,0x327f2461375eb59b58989558dba60c2eccc15aea3b63cc65e69d788956d586f7
0x08fc683cd37492bbf0e403a8f568e8f7cad74d0aabffec7b18eaa63c933f5abc,btc-updown-5m-1776405900,1,1776406200,1776406226,26,Down,Down,True,2.762595567798253,85643091,0x785384433fc2c4f71dc7c56fce62fcbe247ef882d8c4bc4ea0aed182ac97172c
0x098d82c6c09f481f8818d35b9d1bea7e72904ddb7a151cf5a6be2f3b9e83bbab,btc-updown-5m-1772297700,1,1772298000,1772298031,31,Up,Up,True,1.7119112402510368,83589000,0x7b9b1a798df7b16c03d9af1bc65fe45d1df4a035551f398f3a885184618405ee
0x09d9359c66f5199c1a442e4e3f7b8ceccdab017a6df3fe25a669583dd5f35dc2,btc-updown-5m-1775078700,1,1775079000,1775079023,23,Up,Up,True,2.5105056268466286,84979493,0x23eb5ff7b868b8adb5197eb73d2b74aeb6069ed64b6564d622e59597a30c8c6d
0x0a66715a698adc4e1b553db35751da0c6fc50feec1abc1c10c1a4f98c2c10694,btc-updown-5m-1775808000,1,1775808300,1775808321,21,Down,Down,True,1.1057872211761632,85344142,0x1fd12fbb2889435af51397058beb09133703dbafb82d63796cf74a6a7563d5e0
0x0b594ff606f5a9af301437450987144d85611f55d4665cc021681d8542b4b96e,btc-updown-5m-1778345400,1,1778345700,1778345719,19,Down,Down,True,0.5802284134345722,86632006,0x7cba1ae57457a42b8f5808b63fe5e9da5bdb4bed21c8481fbb5f8933bd888b13
0x0bba1c86b98f1ffeca3e239f0110e49a1f67f30972ba4be92acea6e504377552,btc-updown-5m-1772839800,1,1772840100,1772840123,23,Down,Down,True,2.2495107118881132,83860046,0x47e253d1a61379a114a476811df7a79937ef5af8696ba5edb2083f42f2c64377
0x0bcc43891ed73b80bb872f74aa1aca217bc4603a4c5527906f735cf85c6270b8,btc-updown-5m-1771698600,1,1771698900,1771698966,66,Up,Up,True,2.1961197212753634,83289469,0x238bf8fdb93aa43cef1023856b0f426182c1957d40a7d5a1d3db9783a2383aa3
0x0c4fd2d3ea1173c8ea4d671c2b900ded621484b7d0d83bd8acf254b29de1cfcb,btc-updown-5m-1776474900,1,1776475200,1776475236,36,Up,Up,True,1.6125635734448878,85677596,0x34d755acd5171ebd1c18fc25e756b286fb36ea53d03b806eeefcf7d1709e3e67
0x0c5440c2a1be221274d9d7868c90d01e7eb565b0da3c1f00c10d6f78490ebc31,btc-updown-5m-1774592700,1,1774593000,1774593027,27,Down,Down,True,1.4764558783585797,84736496,0xd5a86c919c3ad2e12f540a7f6a4eab03d72e1347b94c8e2a2d8f8c388a62784a
0x0d05d0f291ec2612e59a934a36e5a02b7207a23bac57d70f40042da30c22fe29,btc-updown-5m-1778592600,1,1778592900,1778592917,17,Up,Up,True,0.05536588110009859,86773262,0x7f0bd2ea6330e6302047c7a9b0af8ab6226669b1163e92fa975d9f2fbedd86eb
0x0d4e8bc4827dd6240cc730b46b5697549ca13f66dc0271507c249de74dff8169,btc-updown-5m-1773266100,1,1773266400,1773266427,27,Down,Down,True,0.07536473626560118,84073197,0x49a287a6ad135fc1e6708b60a0f6f8124b6ea7d33a7fd8509fc461e88c3e6670
0x0db1c9cfff8160aaea185347091a9842d3c7cb6d4b7436d5d5f8b4213cd7125b,btc-updown-5m-1775437500,1,1775437800,1775437823,23,Down,Down,True,0.19239519009468867,85158893,0xda450aca4a300648aab4670784e2071c7cb466fb006d5f929c9313b8e99ec3a0
0x0dfefc5ca97fc9158be896824d4f11357069eaaea1459425e05276243811284a,btc-updown-5m-1775335200,1,1775335500,1775335531,31,Down,Down,True,1.0640340863949456,85107747,0xc9ed6368f20384376a1dfd674475dd8fb653a58f3c56b5bb64d3e5d56410a6d0
0x0e061eac88a2adc5160fdaa6acbebb857b82fa8076bdf67961936c9e4b69cf05,btc-updown-5m-1771911900,1,1771912200,1771912232,32,Up,Up,True,1.9630777526682575,83396102,0x8b40a600f67e5e11d78b0acda0cb28cd41afe17bea452cda79991174bf9094de
0x0e23a085bd525fc296f0785a809f2ea4c242055471081cc71e0d42025c00ad0a,btc-updown-5m-1773268800,1,1773269100,1773269155,55,Down,Up,False,0.3006760087057396,84074561,0x6b622c144be21d8af9dfbea372217286a75cc7c40e3a65a864da63f68af3622b
0x0e4c69f1e5c9f7f76b81b7dbfc945c86ceffa176a151fa8fb241e4e15dc8127e,btc-updown-5m-1772889900,1,1772890200,1772890225,25,Down,Down,True,3.441586844207617,83885097,0xcd4aef46a3509f90eb68d7c7d8015f7a2dc2cf940d10119b166e32ee47c57058
0x0f384bcc78b6b8aef88fe296a762e11ed213bff546ef7050905060aa634a95e3,btc-updown-5m-1773663000,1,1773663300,1773663323,23,Up,Up,True,0.19640144588714956,84271645,0x76dc7fa0d29045e66f0378dabe97e2efbe6eba0e19b3be1695fc218bc9ef7369
0x1001c39d490ab108684a7010ec86112e486d3bf9d00749d444a6303e9b302847,btc-updown-5m-1771838400,1,1771838700,1771838752,52,Up,Up,True,2.370595235474034,83359362,0x0b187c363f47fd54ac89e03875b915cfa4470a88ffe832421bc0dfa3af956f32
0x1037902ca78b5a49b0034acef0c60c9001c660a5406d484ab8b33edab2673ce2,btc-updown-5m-1771932300,1,1771932600,1771932626,26,Up,Up,True,1.4289328413359916,83406299,0x93912aedbeff17a55fc17d173d5fcc4d1bc49547f7e913fd6029578a7633666b
0x1056670999f6fcaa533bd69a16c6d64fdc86d78c943352588dee886af2292e10,btc-updown-5m-1774116000,1,1774116300,1774116355,55,Up,Up,True,0.40764999683812914,84498161,0x31f30cc75eec05807f209899d791ceca12ec9e6baf4b4cfda33244621d97d8c5
0x10a80f709d684bf810ad056bb8442b0fbad8ad142c7dafc64f57a5f0c768c22c,btc-updown-5m-1777974000,1,1777974300,1777974320,20,Up,Up,True,0.6866847985913902,86427138,0x3c2c0afd876a45217a1dbde4b44e91b9a886852f68b2087fe6f893b50db70711
0x10cb935b28c74d1d55512f35a5ba52ebdbe98795689a9b38de122e6caa9129b9,btc-updown-5m-1772100300,1,1772100600,1772100654,54,Down,Down,True,0.24828126870137088,83490313,0x25483eff3c7607c91c617ac1af527766e1f4749f65b1a16de68141ed7d55c3c0
0x114d850ec353e24407bccb095c6f2c5dc078f12deac976cac5c82748778f1360,btc-updown-5m-1772800800,1,1772801100,1772801125,25,Down,Down,True,0.48970487670987856,83840547,0x1572ec40adbd4634739bb38c56ffb1ffe02c7e42eebac10ef61c65d77d2ccccd
0x11a135b170ea3b836f199a690c963b6b3b638d5c2dbee3ca6eac9a2cb347720f,btc-updown-5m-1778566800,1,1778567100,1778567118,18,Down,Down,True,0.05773454483976029,86758520,0xc3b91bf948bd4e97c1553a86914cee0a609053553c0c8f3ad4e2ddad8794f92e
0x12d3609fc1095fbdaaa8e5ec3be5c6fde0250f8a4b5107542e509397b396b528,btc-updown-5m-1774128600,1,1774128900,1774128953,53,Down,Down,True,0.8946095017976183,84504460,0x19c7e2c188a9d43cf471abfcca8138ffae167110e6efa66413cdf83d401822e6
0x13ee3ea8139d77590f95cd773f4d669ae67e8bb37e074c308712b45995ff5a68,btc-updown-5m-1778087100,1,1778087400,1778087418,18,Up,Up,True,1.5612015698408321,86484406,0x5fd43fac008711d2ec3f60080f2f78d6f3b21ec25afd3c1c5581de9902aeb8bf
0x1409f6d88d6f6c6dcc288b5454b975935a6978449ff27151114027ea7c78a4ea,btc-updown-5m-1776972900,1,1776973200,1776973222,22,Down,Down,True,2.5977624666643586,85926589,0x7fcb1668dd557e582c1108f75462b97af3f6f616aa1e457c97cf585df01ec11c
0x1445c8fc026a1ed8cf807bf93f436580fa147c4a6959475b0409b175523d62fd,btc-updown-5m-1774131300,1,1774131600,1774131633,33,Up,Up,True,0.7700948569135357,84505800,0x4e4706e31f583d12030982575d6b01b28cc49a14bbebef909927c336c62b184a
0x14aa5fab3d7280fa3b3b9928a6dffdd3f3f00604c8ab8262daf7a7c47bd8bcea,btc-updown-5m-1773889800,1,1773890100,1773890129,29,Down,Down,True,0.3252389864187926,84385048,0x6c8fdb1b5c772633a4cc9a28f9006d3ce3eb7c1cdb08a160ca6aa9ac846b08df
0x15975602ca0e28f5ca97c4655dc8060c1e65e415cb140b0e355e83a1434b4b31,btc-updown-5m-1771799400,1,1771799700,1771799784,84,Up,Up,True,1.4934978571182276,83339878,0xfec3321b8f97b04f999d75cee12972f8f4be8905d5d49995751bf4782db134e3
0x15a16b790ef9d1fcb7bab3dc01253f22b7e30a85b31f319227e32366e2460261,btc-updown-5m-1771528500,1,1771528800,1771528826,26,Up,Up,True,7.897852538155132,83204401,0xf4bff6590e61c3d540acf68609ce6ad3ea6e0c2204b05154edcda4894f7c6f4e
0x1652b986ed6d16c3f2ea14e308276b8f21fb8284641332114ea3fe707163e718,btc-updown-5m-1773932100,1,1773932400,1773932455,55,Down,Up,False,2.1726021859820404,84406211,0xa4ec980fa4ee5de6122d6d3c2603a3585afdabcd90761b6c929e5ad81bf7b1a2
0x16d116c2a6f9eefd5b7d3f167f34ed7638c53e6b0a11c007b62b39860127549c,btc-updown-5m-1773723300,1,1773723600,1773723641,41,Up,Up,True,0.7910552640127713,84301804,0x27998af2046bc2c6bb01a55003fa4c5d59b70c5dfc8f869a75a260bfbc144459
0x16d4a29dbefa315aed3d28dfc51918fe79c46bfd89ba4ec43cf58fee4afffc37,btc-updown-5m-1774144500,1,1774144800,1774144855,55,Up,Up,True,0.8251134402291125,84512411,0x0e721345935707502c8f3e0a6a4cd8c8aed5e6fde597d3d00b0adbc017bf9ecd
0x170eeecda1ee966707085abf3066cab2f1b727d0aca872cc41ed9b36c379ab61,btc-updown-5m-1773256200,1,1773256500,1773256525,25,Up,Up,True,3.443308965538065,84068246,0x6005b37e14d04df27254f34effb1de0e95fc5eacaca40cebebde49b3e31a77f8
0x1800bec1f4321c257915eeb0398ef7338b820298fdf1a84318300ce73dde5ad0,btc-updown-5m-1773496500,1,1773496800,1773496859,59,Down,Up,False,0.5572473019106682,84188413,0x4d038f9cb5313b406012a87ec02d0410758b72d58f669cff938a655915a95193
0x183e34a372caf2e11dfef0eeef4d40e636f93e87c4cb63cb68b5381ebd819a4f,btc-updown-5m-1775287500,1,1775287800,1775287823,23,Down,Down,True,0.5966999844732206,85083893,0xc9fde115c2c37c28915b2a8cb78db10c0599cc7b5e6a344bd00ae692562a9132
0x1870969594539a3cdfe5607e8a60b768370c774a7ec0a7f1add7aceaaea981d3,btc-updown-5m-1772635800,1,1772636100,1772636133,33,Up,Up,True,7.326434981407894,83758051,0xdecfb46f81028d1e5e9d1a39173238bdb716b840bde6c4458860d8cdd7761d51
0x188380186adfb9a8d220b90c5272059800ac90cc4c95cb1a867fbe5a41b56ec2,btc-updown-5m-1774676700,1,1774677000,1774677051,51,Down,Down,True,0.4157216182079208,84778508,0x5b9d9b00b75d9ac90e934a567932b6eac13d51db7c34689a59aa7dc7f9db254f
0x196497c0dd4e0b0f330df02d3c4e795a101e9a5c45b88f37cd5b431f94fb94ac,btc-updown-5m-1773198300,1,1773198600,1773198623,23,Up,Up,True,0.2555667615895671,84039295,0x54f334083a35424f76d5d026462fe44d5f81fd3ff8075f907b36c9e0c1d8d9db
0x1a48b056fc3ff9668f346d2c03ac2bb3fede83693a6c7921cbf4602d4190e7a2,btc-updown-5m-1775403000,1,1775403300,1775403347,47,Down,Down,True,2.2472171122830726,85141655,0xf5e9211bd1961995eed70b25654d89d5829a7ed5c13f5a61c38f6593a9a85394
0x1bc8f0629408ee6b951d12809e642df8ee08c4d895360810512ba827a4c87772,btc-updown-5m-1773089700,1,1773090000,1773090023,23,Up,Up,True,5.437344598188748,83984995,0x289e796d6edab2f6fbb251dfc2cdb4219f385dd85b2c9d13befb7c03ebe568a5
0x1bd86abd035759871c885103aacc7bc19df5eede1a39b8365210706b5230e07b,btc-updown-5m-1774390800,1,1774391100,1774391145,45,Up,Up,True,1.2235496042590626,84635555,0x8d423564928c9c7b7c0d90e151543e2777b2f0184ee4159f7126749aa333c558
0x1be7e23ebe1dfe121f3a33d7eb57243139ae62692e3acfc944cccd73ceb989e0,btc-updown-5m-1772658900,1,1772659200,1772659231,31,Up,Up,True,2.324194096112828,83769600,0xf7fa350f8356b1106c20f9c8aeba746c23a0bd34d55bcafcd018a62f29502e78
0x1c07e0cc3e80e7c1dc965bde4a0749fee91f818042a93f11aa65bee31cc3b8d9,btc-updown-5m-1777648800,1,1777649100,1777649136,36,Up,Up,True,0.32439035043677433,86264546,0xd1b568023b8fa290e1a2c0adb5fca32c5201491309e2deaa08a72a317d1798a8
0x1c1a34a7593e09a5de04de927428b97ee5153639356dffa00ea1c45e07aa450e,btc-updown-5m-1773551100,1,1773551400,1773551447,47,Down,Down,True,2.564373607701245,84215707,0x01e635f8556e71cb5636acd02908b032be826c8b3d7675d4f179a4e6d2bd2be6
0x1c251ad65b4d6fa2664a34585cea8cb05b87d7906a1126a5ff6123545024e012,btc-updown-5m-1774834800,1,1774835100,1774835156,56,Up,Up,True,1.033830587400624,84857560,0x303738d90690fa8937413a9c356decf764c1a0189245bbc1ed34f3075d42d409
0x1d0bf4ced8cb429f9deb0f550fff5847be3831daf4b6faeb8a84f1aa21e89c0f,btc-updown-5m-1773129300,1,1773129600,1773129669,69,Up,Up,True,0.13295540108365442,84004818,0xee609335c9a868344026427193434441b8951282dfaa66c4f666b232e0985af1
0x1d62f56ea6c7cbbada43f347697fa6eff44484678ee411ad3db9424b0237d03c,btc-updown-5m-1778076300,1,1778076600,1778076618,18,Up,Up,True,1.4295481156903083,86478287,0x71a4a2b9b6107a94a54804a4018e8d05cd9ee3affeccceb419989739a7ad1a24
0x1d66a31e36ec8210cbe22ed7658640e1984473636743e923b6bdc99402b371b2,btc-updown-5m-1773452100,1,1773452400,1773452459,59,Up,Up,True,2.970345174642475,84166213,0x6fccc9c68b8e0d27e7627ea6c0d1de3e8703a597719cf435718ad753f7e58841
0x1d8406549238fc2a2d0e632e14793463855951da0f7bb25984e41ff6f756b968,btc-updown-5m-1774285800,1,1774286100,1774286137,37,Down,Down,True,0.5495227096883867,84583051,0x1ca099e025d75570cb32b48f8dbf2cc54bee4cd26b522006209be462b58dac1f
0x1de1b0ae6d09f196f020e8a17c6840266a4b3e57b0f85d3e56bd912628489251,btc-updown-5m-1775479200,1,1775479500,1775479523,23,Down,Down,True,2.1045290244275474,85179743,0x1848903658b420366714fc64d04cb8ec456d4072146c8a0bc0b8332731a416a9
0x1df4fe92a524f9e3f244e7723b481c1c5bb7c8422399f98ba65852e6197f38f8,btc-updown-5m-1776683400,1,1776683700,1776683728,28,Down,Down,True,0.49416800958174484,85781842,0x8620ca33ab2625b465c85e0a91f9d591cb99c104423a3dcd39f2eb9109bd485e
0x1e1c8410bbd5e30b489a7fabd1614b46668196d63eb16f94b08e6910bf908add,btc-updown-5m-1772914800,1,1772915100,1772915127,27,Up,Up,True,0.9178562493615128,83897547,0x8b989f8657bfb7ab51e25e5327b62c0b315535f3dafd31b72cc00e000b794f34
0x1e5810a9f5d449b16981d84e62aa2c35ca31ae517c9ada46c8f52db1d0fbbf56,btc-updown-5m-1773720000,1,1773720300,1773720323,23,Up,Up,True,5.673599841734875,84300145,0x0f98f1e4706bac762c944c958077744190afbb18bedc46a4ba4d3d1d2e5949ad
0x1ea1c790139ddf876922755e24568c3ce5da9458cf8891253b8e90fa01242009,btc-updown-5m-1775304900,1,1775305200,1775305225,25,Down,Down,True,0.2816418577591476,85092594,0x1e96bf2066db32fc2350b2ebc4b4972a4021ea6d841b94049a712afce06bb997
0x1eb00ef2d41b641a81e0817a26b4fafb5da6884d79097a5d4bd564ff8a21d59b,btc-updown-5m-1777089900,1,1777090200,1777090220,20,Up,Up,True,2.070492301296366,85985088,0x96b94c2d549b632337e803ea4f21ce9f520ec490387ce970ee40ae95599d70f6
0x1ef316c3c4a8f074b922d005e0daed38163352f7298485ea5f2a1732d6a30d36,btc-updown-5m-1773463500,1,1773463800,1773463835,35,Up,Up,True,1.1158364586731186,84171901,0x26f5a3e7c0ea26ecc6c423730ba94549ad6965d3e0b6169417eaae55031574a6
0x1f1a74a8e08c151b22a980ea96b77c7ddc001bdc6f84d8a55fc42e4b7ef6d939,btc-updown-5m-1773838800,1,1773839100,1773839157,57,Down,Up,False,2.7632591536413535,84359562,0x5b9b4f8d075d4bef47d587796fb1421a89917e9607dc7172dc4dc05fd8b84798
0x1f4c26ccff48e1246fe66d3182360651c65580bc48f993675c32e93dba780ec5,btc-updown-5m-1776558900,1,1776559200,1776559252,52,Up,Up,True,2.41273028919212,85719604,0xe7bbd34f4d50c8cfb4521c5f1c96c128b81470ead5650a2578dec4a1a4e7f90d
0x20b7ee9d4dea8194ac5f92ab7e3b704716a9ac82d48a2d31087cb8b9c6169349,btc-updown-5m-1772687100,1,1772687400,1772687433,33,Up,Up,True,2.813938522350067,83783701,0xfbe43d20bba097271a0b571003156a0762c07eabd35737d01e41f6525c2df02f
0x20d359890d5d33c9140596d6ee903690318e088e9a8e4b7c68b7bf20cbf3d8b3,btc-updown-5m-1774620300,1,1774620600,1774620653,53,Up,Up,True,4.004003563783671,84750309,0xc09d7599e31969fdd0e79798d85e28d75e7eceb43fbf80e3e3790430c79ed09c
0x212aa45e53704ff522d44c0aa8b388e86d020ac80aa1df0abfdd23aedda9fe2e,btc-updown-5m-1773290700,1,1773291000,1773291079,79,Up,Up,True,1.29493390525481,84085523,0x0ad95f36fb8403a93aceddedba821dea246794181b22a5f7dbc11fe30a563d3c
0x214350cb74c63ec15df82b5e177b9fef4ca8e6c637454cf11d62d3fdc51e202b,btc-updown-5m-1775873100,1,1775873400,1775873423,23,Down,Down,True,0.7793711374870985,85376693,0x191f2ac8593412259555ec1cb0388eff3b8e6ff51a93344b8c2d10c45d0f03a8
0x21a01f75ed9306ee1edde524b3714c5db168b7fea5696d7d7c62049a05c47d76,btc-updown-5m-1776962400,1,1776962700,1776962754,54,Up,Up,True,0.4092807647308526,85921355,0xe50baf7756f04b99800f04cf4ba1dbcf8583b6f3bbc15a857220a51626c99695
0x2208218a04f7ae95cfde2c0749f9836a1e6b2d2c08ab75b2c80d20703371e8d5,btc-updown-5m-1773727500,1,1773727800,1773727833,33,Up,Up,True,0.4084980113764623,84303900,0x9bd4f24bb8d831df87e6766bfa58a78933fc7c71fd675bbd9c6c0c44bd8cba90
0x2233eecd768a31ac3b5801cea8e8ed8c6a5d9f5183904a9015ee2cdbd33e2edf,btc-updown-5m-1780686600,1,1780686900,1780686916,16,Down,Down,True,0.35727631709442287,87987954,0x0c13b32c84514c2ec559e3e4aadb6d51d7c1e17d9cbd3a42ef6c01c59fb72c52
0x2298e6e8418087afb2f3dbfede8f1f87c35e0a1004812b3e51c610a7164f0a6d,btc-updown-5m-1773171900,1,1773172200,1773172223,23,Up,Up,True,0.05471483817442893,84026095,0x339bb99bc26b0115925dbfb1a863dc229dfbeaba69a30f8e038575d2fb2d8b3c
0x236aab1435a9301c85512c571e2efbdcf66623b25e5d7307a90bf189fbb601c5,btc-updown-5m-1772668800,1,1772669100,1772669151,51,Up,Up,True,2.7183258245027977,83774560,0x407cead06d76bcabbbff351a71b8b98ea54f53dad81dac77ce1d8d1e610fd832
0x239435fa8b4fe41919cddfca34594041c9a9cb19274d2afd94385d3386f9d48c,btc-updown-5m-1778566200,1,1778566500,1778566518,18,Up,Up,True,0.444990117204375,86758177,0x1c571f50cf55d3e6a98f59e5ab0093cc0cf1f0db44fdca28501e3a69fecbab0f
0x23e5ca057c9faad9f20092e2e2a22d6b558f69239f702d664d24123b719ff304,btc-updown-5m-1774408200,1,1774408500,1774408533,33,Down,Down,True,1.0432545201406331,84644249,0xb5d8cea70e5f5ee12ae3fd4aa856b2d3253743398e9febf8015b9a79028dca62
0x240014f041cedd8ad23200ebf7b691f5ab8bf27e686032953cf3244ee09fa631,btc-updown-5m-1771548900,1,1771549200,1771549518,318,Up,Up,True,1.6685194582622243,83214747,0x9e4a879c7b9d23661cb85097788c17caf5f369c27412a2f84720904a740d4909
0x2492d2488fc51f510bd89d991f2c79953ddf5e2127e05661d6d4fc0778c18359,btc-updown-5m-1777994700,1,1777995000,1777995054,54,Down,Down,True,1.764284797829689,86437505,0xc26b50dae745c8a1d79bb606969db0ee3b9ad168eff5ef5c0c8722a70b4a1364
0x24b5e3cf903750f6cc5bdb6ab0fa18bb6e25998e658d3300779f073f99bc895f,btc-updown-5m-1774662300,1,1774662600,1774662645,45,Up,Up,True,2.256691928896418,84771305,0x9d1cdde41ed19848c35b9b0d7d22f0004d3a4fe8647276effefb0aa05e2e9515
0x26bdb348187c1d20354cd7bb4755dd5e0e3d6700474c9bbf4ffd8a7e8e4fb88b,btc-updown-5m-1775217900,1,1775218200,1775218243,43,Up,Up,True,0.21636627318302537,85049103,0xa81b2d2fda21fae314f24e72759a19243865034770861e38520d5f3603efac0e
0x2743655a539836b43faad7d027f49de1ec7f463c7ee2e606a99a0d2542e259a4,btc-updown-5m-1772980500,1,1772980800,1772980843,43,Up,Down,False,0.473065123198234,83930405,0x95d220289121a4c50f24ce576d7f72419aa6bb4541e116f8b27e1d6698643920
0x2764382c12bd9f32abcff63c46a614e7e61a73e36953d5b2355907b083a50e35,btc-updown-5m-1774724100,1,1774724400,1774724424,24,Up,Up,True,0.0324024337812099,84802194,0x5cdd1d2f82b8155d9aef400a2ea08ae34a067004c4186bdedab061c3bc6c2737
0x2832666ae1b41301ccc1ce23ae2f57504840a7bc5ba2b9c91d9d852b85a59595,btc-updown-5m-1773525300,1,1773525600,1773525625,25,Up,Up,True,1.1096943184382353,84202796,0xc55dda723be5a56ff9ccf57c6026645dd44ccf338c4f70e27fe08ea7a9963af8
0x283d7b2ac115ba02c622eaed72ba3438a88ce3ba3aced720aeaf286d2d01ddaa,btc-updown-5m-1772718600,1,1772718900,1772718925,25,Up,Up,True,2.931161705698841,83799447,0x725c764f1350ce1f4598e6ae1b10b9fa4e28abb8c8208d453942e5f4128bfecf
0x284dc5337ab0f3681a6e93bb27ec290b4b667a1e4c4fdbd6d5c7acb7d0c9ef3d,btc-updown-5m-1772915100,1,1772915400,1772915451,51,Down,Down,True,0.46413409927965843,83897709,0xed9b75b496439dd2a6692f53c38b293d2ce783c22bcf6f31fd8b07c09e65d9ad
0x2a673ee88913aad64d110f8bc2580aafebf3679b33628236a0508bf42f53901b,btc-updown-5m-1773697800,1,1773698100,1773698125,25,Down,Down,True,0.06945390490444611,84289046,0x7a59966a550ba8893a9f1162122ac2b07f7138113c97c2a98a5aec092cf38313
0x2ae49df2a93b54dddec1b4695306b368908c4c4912c7c19b3ab9608802d6ea3d,btc-updown-5m-1773829500,1,1773829800,1773829825,25,Up,Up,True,2.1036788664949833,84354896,0x4282a7db41666905e24097b4d4eee143d817ef2ed5f56adeee6040de9b15b889
0x2b2a3f1296c2eb0aef18d7f3d7128a9d54a141b1e53e300fcafc9e1d6c09541f,btc-updown-5m-1775289600,1,1775289900,1775289923,23,Down,Down,True,0.2858261998848428,85084943,0xb8d68e6baa09cfc9314ab268171fc7e0a3b07511cd98688ad429e0b62ab468a8
0x2b334c8e27c113072dda3ccd57e2b029e0ff9eb5c20cfd91306516df324def6b,btc-updown-5m-1773770400,1,1773770700,1773770721,21,Up,Up,True,4.720337587613872,84325344,0xf19d0adc28a44de0363c64a837cff26a27896540367083bfee36bc7e1692fbc1
0x2b90710a4dad7c16e2610cc61472ed6e8051d8646fc32b73e38866b92617db8f,btc-updown-5m-1776481500,1,1776481800,1776481822,22,Up,Up,True,0.3598597695348287,85680889,0x3d33e77bac30772057196eb98d780c461924313f94d3a437eefaef3e8377b4cc
0x2b9a87f36b41dbe2abfcd7d77d83fae89d9b36fd7cfd062c8232836bd0d60dc4,btc-updown-5m-1778177700,1,1778178000,1778178017,17,Up,Up,True,1.132894035992468,86536177,0x3c0f8d94789f42bf7e3eeaec7e5f7f42c5e472fdffec27a6bc52b68e8473aa3c
0x2c2253e523a948f39a1c3d4bce6ee7474953211d8b060b042c01124b06eed241,btc-updown-5m-1775120100,1,1775120400,1775120461,61,Down,Down,True,7.330917096314554,85000212,0xc0298aca1cb992cecf528b486806a2df0667df4bf7d126a1f60d791d3c68843f
0x2c45b6d3c56a2e028ef527506570d65f0f6189cf8949f24e5186f53421906874,btc-updown-5m-1778658600,1,1778658900,1778658920,20,Up,Up,True,0.9786809711656436,86810978,0xdd3023fae1f228fcc1cfe745371fde2ca1b20f9080254dfc0721121104a1602f
0x2cacf26a3cd0fdb96a5b2d3e8879cf07fd4cf15a514a2437cb6a146e8b9084a1,btc-updown-5m-1773015000,1,1773015300,1773015347,47,Up,Up,True,0.38374075645839684,83947657,0xdd778eea36b9f8e1981ced883a0fc5880ac9174d3eec03c4ae9583def0fc1db7
0x2cce0ad86b1bc430a4c4dac1bf3a2653391d986c6ada68cd15f240cfbe2c9f84,btc-updown-5m-1777323300,1,1777323600,1777323636,36,Up,Up,True,0.1990313793807174,86101796,0xff3cea97da9b44a96273d2d3de422b3e10fd0edfc9a64e130f43c7d130d9ddb8
0x2cfcf183db485d737c13d0f61a55f67a78abadbc08684a4d86541694833ca06a,btc-updown-5m-1772322900,1,1772323200,1772323333,133,Down,Down,True,0.19552724478275238,83601651,0xe01787ef2ef58e23cd76544be540126a2c899e764d9eb606974cb8894fc03c7e
0x2e665fc75ca779f4a2b0d62178f2ca1dcf24d7c552ee76935ad3656987c4745b,btc-updown-5m-1776103500,1,1776103800,1776103821,21,Up,Up,True,2.2616216601633576,85491892,0x6216fea973ede86a65fd3656c5e25f11ced5536f2fd0762f21c96506dc593ab2
0x2ea2e88f59e8ab5dbd90960f4127ae5c5bfa119b8a9a9be6e2b772c96e944379,btc-updown-5m-1775379000,1,1775379300,1775379323,23,Up,Up,True,0.06882503557249302,85129643,0x2886179548f4bd56dd42fe55af4a76a8a19f05b4682b1355a72dedd586bc879f
0x2ece375ae05baaf60f70ee58d9bd30ffc25155e719508ef359b9878a8247eade,btc-updown-5m-1777656600,1,1777656900,1777656954,54,Down,Down,True,5.199995740497868,86268455,0x3411ee2673a3c94c470e5cd2c09e82ac5a61b4f691ce615139629a1a35d57dea
0x32529e19b0ae32acf33c78897ca578276fe404dff075f7a0731f67284c6c6cb4,btc-updown-5m-1774559400,1,1774559700,1774559725,25,Up,Up,True,1.6036793176940858,84719845,0xdea66dfc6341619914170d828b86eb127ee0875ddb779ef58908cb94efdebf84
0x33ded6b624ff40e27202f337a8ab2d4ca317b5819c9823666f08d440c049b5a6,btc-updown-5m-1773444900,1,1773445200,1773445225,25,Up,Up,True,0.8681763748971192,84162596,0x820fbc8d30b70bc3b18befdcebcd0b58feb208ae9e307088b37f648ce0e0e7e4
0x34e9b0170c47e6d6ee92c63771857266e8c8299d28e71a659303953eed466249,btc-updown-5m-1775512500,1,1775512800,1775512835,35,Down,Down,True,1.2073233818677818,85196399,0xa6cde8c4e3178fc3973589193927503cddf49812d794b49b659504f9befdbb2d
0x35ac4de2d3f098b37788f2e6a2b14aa01d6233b99e55e2d1bfd6fb6e98678e33,btc-updown-5m-1771507200,1,1771507500,1771507556,56,Down,Down,True,7.22305565327826,83193766,0x725d04f0944adce97c5870fe59f4a2ae30080075e7b84c64c4ee2c5e711503b6
0x35cd8ab03d51bf263da9d38c229463bf05a944b28640f9a3a7716cfaee0fde0a,btc-updown-5m-1773157200,1,1773157500,1773157527,27,Down,Up,False,2.055796102570269,84018747,0x9e36f2a1ab06e78d9832ca4920e28cd28cfde020b48c2752394fa42d9bece46e
0x369503f75905aed463c8216b0db9cdce80f45daacb0b8ef79893f103cb7ab6de,btc-updown-5m-1773771900,1,1773772200,1773772225,25,Down,Down,True,6.181547954576242,84326096,0x28872203aa01003f1f834c96fe9e636518a754d15a9da82f2c40075028b68bb1
0x3822c6cfdfa8e60480370681c49a644186981a886fe9b2624e405d6ef2bbbe2a,btc-updown-5m-1773555000,1,1773555300,1773555323,23,Down,Down,True,0.7914858901235794,84217645,0xeb67fe807c6d4b6baa7f9960c339c37d42c595a4ceb127366918bc6b6ecced23
0x387c15fe83aa84a6f51f89982f1c511d9d2f15a4d3463086240908f271f48a31,btc-updown-5m-1773462300,1,1773462600,1773462665,65,Up,Up,True,8.500686647989781,84171316,0x81ca49688363a6135061b1454975fe60d7994d16336941bc75f86ba444563dd7
0x391f9b75816e171168e78e7744ff3af303f45fbfa2262ac4acaa61ec99ecf02a,btc-updown-5m-1773458700,1,1773459000,1773459023,23,Up,Up,True,0.7430483423624733,84169495,0x76e6c53647f0ca891664b63f0eaae6a808826c4a83f4c8ef70e096ac84500b1a
0x39a34b15e7d3205b9f1104e97bc477487fa0dabeefb3ef9e7718ee42cfffbeec,btc-updown-5m-1775310900,1,1775311200,1775311247,47,Up,Up,True,0.27766905525726443,85095605,0x64a2320728de59960ad720784d9676586e9a7a4219b4ae4b990bd12c5fe63190
0x3a35e748bae64db4f39c5ea8315fda011ecb1f519b039dfcbf721a87b3d46eed,btc-updown-5m-1773700800,1,1773701100,1773701125,25,Up,Down,False,1.0814053974618092,84290546,0x91b0059882b146fa21f046b8342102a80bdb3ed13330aa23987499ba65347971
0x3a9c52c30169521d6aa5aed69ffc76391110cb3091587592a9496884cf54f63f,btc-updown-5m-1772236500,1,1772236800,1772236843,43,Down,Down,True,0.4523984669228735,83558406,0x494056db9331f1f344f82f09563b4b62ca78d31e236ac5448250f9fdc9298a83
0x3ab5e734cf12e22ef18eb1d7bc4fe95753dda6abbe9fb34b2c73e55ac97ba7ef,btc-updown-5m-1773173700,1,1773174000,1773174041,41,Up,Down,False,0.9805250135627592,84027004,0x92be88f70fe7867211395716b629b567df28dffdd02c6e1ff0e0de642b0237e1
0x3c6123b937bb7a1c2dddfb8a9c96b496c9a37c827fa181e6079b9cce7ad87919,btc-updown-5m-1771733100,1,1771733400,1771733436,36,Down,Down,True,4.311119775734395,83306704,0xc59007c311db9e1003fe81c8f9fdb4e9626e00273785212b30f836d4a54f4201
0x3c75b231d333d20c80666373c3d0de640f9936b8d352a6d012c1c30023505e76,btc-updown-5m-1778399100,1,1778399400,1778399421,21,Down,Down,True,1.198524222785841,86662693,0xc1ce9e8eeaddcee2debf4842ec7bf0b9419283230034c9a3eb407d6f56d13e1e
0x3c8f3e7360e31208a8e801363a6db6b82311cb5fc66edf2efef1bed2baad2853,btc-updown-5m-1775070300,1,1775070600,1775070623,23,Up,Up,True,0.5385042597469559,84975293,0x16605265b9fe7ed4a22aaa89943294f7d958c5bb7d3f6ded433c49d8144c570a
0x3d1333ed9c3f10f304a481b6164c8d4c1d22430166b5b44028ea5dfeb608a4cc,btc-updown-5m-1773568500,1,1773568800,1773568853,53,Up,Up,True,5.922267825232858,84224410,0xc2855db2ef988a20bce3dd35ea003adf11a64728d9aa8d1d90e56b21dec24918
0x3e0554e37fd86031c40b5a07a303f24448b02232d6ccd37713937f3d45d009fb,btc-updown-5m-1775310000,1,1775310300,1775310345,45,Down,Down,True,0.18308858914277443,85095154,0xa330b4bcb12eb54a9ae84e3af991b0dfcfbf90f158f71d5c88defc2625ee1ae6
0x3fe51189d64d842571aa3732c0d140e73cb81ba89160a3f2d865ec61899b5322,btc-updown-5m-1775400300,1,1775400600,1775400625,25,Down,Down,True,1.3927108007326177,85140294,0x0de53d4118ebde1952b4f8c67dbeb285d56274a38de8f2cb667d0a653b0d5916
0x40292c90e8965c2b9f463173acc528bc750a7dea8fa46df4cd076dfbb908dbb5,btc-updown-5m-1774315800,1,1774316100,1774316151,51,Down,Down,True,3.23200675513669,84598058,0x17ce3a91bad256d90c0d01ded62cb11e0ad20ff3b058876d5911dbf7ed759fb6
0x413c3c8c7e7d6aba0117fc93c487872d65fb07637a6d4cfc338f1d1e821b6326,btc-updown-5m-1775238900,1,1775239200,1775239259,59,Down,Down,True,1.6751881546589853,85059611,0x969fd17aa0f42c43d546d9866bf4c98dcbc978a949af1e45e87978d284d1325e
0x415b3b37d075bfef12c310fa9fc4cfacbef6e1070c35588781ef7bda8458a7d6,btc-updown-5m-1774706100,1,1774706400,1774706425,25,Down,Down,True,3.958901052703985,84793195,0x9b1195bc764de4a2264458a93c3deaad45c8987811af50a6c6d947340d9a80bc
0x41bcd0fb6783b46ce3e2918e81a6e246635a126ba0f928b2fd81705d8b15efdd,btc-updown-5m-1780814400,1,1780814700,1780814721,21,Down,Down,True,0.5371764198944333,88073157,0x81713f797262ac98d6a7633dcee06cd6cbab65711285cb9278a51d84388160bf
0x4249e9d302c935e7ebb415f004fd9af5527b54654559ee33387ecdd1e501af9f,btc-updown-5m-1776631500,1,1776631800,1776631820,20,Down,Down,True,1.7073452846891792,85755888,0x5eac4e12b556bbd8d70ef93e5e7d3b027d3ee4b63e63b6586beb57e3f1e0208f
0x441f4db4fd9ae801c5f981eb2a2d58e017c5532720c82102b441f8a550b401fe,btc-updown-5m-1773405300,1,1773405600,1773405623,23,Up,Up,True,1.088360403622813,84142795,0xfa5e265c92176342e7465d1e5865370bced1ecc6adb0b6db1e134c87a5e9b287
0x45595f17be2137c76294ab0692e916dfb1f5ddfada0b83503d00adad916a104b,btc-updown-5m-1774731600,1,1774731900,1774731924,24,Up,Up,True,1.3669578860534572,84805944,0x6bf9caa8a8f817f340d1344d9a8fb50f842e6d714673e4a3bee0a648ba6f5ea3
0x457969ca808e083f5f2cc9570659f4496c39cb364cd94fd7f9d0efa383854d93,btc-updown-5m-1772447400,1,1772447700,1772447727,27,Up,Up,True,1.2851800338978274,83663848,0x79cc7d871506e0c0149f6b45b199f3c26776654fe785615c2c89e2b44c60180d
0x459052e9ba025aaa678445456ebee4df24a8624f470df298a6ef7f8d447702e7,btc-updown-5m-1777136100,1,1777136400,1777136436,36,Up,Up,True,1.763818306475913,86008196,0x2ec169266b0d99c6fc214890051d0c67e911046e484ceebbd28d6415e92572db
0x45e3bb1a0b24f2b8e3fb8fd0de14c248a30009d6fb9933f1171fd4f2faec8495,btc-updown-5m-1775333400,1,1775333700,1775333745,45,Up,Up,True,0.5518156889911233,85106854,0x477536ad4f9358cc47897616c4a861d1a987c9fd47146061f9c01c0699687dcb
0x463d60baa6ddd28342b6e2724f55de14cdfd6fa4e4e3bcb80e8c75f0f713bb80,btc-updown-5m-1772785800,1,1772786100,1772786123,23,Down,Down,True,0.3116326603092187,83833046,0x22372f7dc3234182a0db35b00e57ddadb2bca17f62f60d0992836a0fe5a59c12
0x4727adc4fd419521dc354f3abcd3f311e22440e9dc320f029a8f4032899f0103,btc-updown-5m-1776346800,1,1776347100,1776347122,22,Down,Down,True,1.6687555680303348,85613539,0x6c1262d4331f898f44e9c9fefc9be743fd3660a1684a37403244ab7ddb0453c2
0x485b74795869a09050a0085fcefac9dbfae8c8e6f6e529654eb0157461bb4bee,btc-updown-5m-1772499900,1,1772500200,1772500223,23,Up,Down,False,0.4379841489330191,83690096,0x6ae5cdfcea033f3f27a6ab1cbbd47999a8cf0667ca565f2e473a2859ac6fe1bb
0x48d2fdd587adb420bb110d593310b05dbb8dc3fb192f7738244987d87c687cd3,btc-updown-5m-1778253900,1,1778254200,1778254254,54,Down,Down,True,0.4258938192128821,86579740,0xae7143aee90bc7ef4899bc81edaf375c2f98dabbbbb7653f4d2fc72ec45928f6
0x49ae389f6be27e03176cfea0f578f96e255b3990d2fc4fc85f5341c3014f35bc,btc-updown-5m-1773708000,1,1773708300,1773708337,37,Down,Up,False,0.36326632346157034,84294152,0x958b2db53a4c15fc56e5525be419ecc8b048baf0b8a72d69e925a2f0c128ca86
0x49e499abee012d460e0bcc1e8ec90eac9c9aa153068f3c02cbfe99400e37db20,btc-updown-5m-1772542200,1,1772542500,1772542523,23,Up,Down,False,3.0553561260905693,83711246,0x059dd02798b6da09fcfefea99021174e18a9e745aca01128360a363ac18d8876
0x4a0ab39b3372244692f826a38bb938eb9bec9e1c3fabf1d2f98c357f068d5329,btc-updown-5m-1772538300,1,1772538600,1772538635,35,Down,Down,True,2.3188339870965207,83709302,0xe97114e92b30c0b462f7182c6a0bd62c5ddf67cb8446c2691d4b39635b3bf6cf
0x4a4f166b7c78c04579ff286a55c072149f4653509b16fa24ee79e28258566349,btc-updown-5m-1778256900,1,1778257200,1778257218,18,Down,Down,True,1.1879458531055531,86581434,0x1dfd282eee1d04390ea468f256576fdb2a4c078063c4156d94798ef7e8d5613b
0x4afad2dd677adba9a408d24f684b15a2eb487a0341dbc7fcec035077bc131bfa,btc-updown-5m-1774628100,1,1774628400,1774628427,27,Down,Down,True,0.5647442805040815,84754196,0x8abf01bb3ba947d8b7ba1b3318664a1afdf194983fb710b08066bf5e1e66d4e9
0x4b969335c74683b802fed505b4a7d35c869607cde2a6898eab836cf3c8dc285e,btc-updown-5m-1777522200,1,1777522500,1777522528,28,Down,Down,True,1.348334230587188,86201242,0x96cae29a04471591b5f23257aaad62d6fd01856f4cd6552451ee117b3dc2562d
0x4ba82a2166485986e5f0b704176d27881e25f85ab36723542885f4e761aa0d08,btc-updown-5m-1774827300,1,1774827600,1774827626,26,Down,Down,True,5.171459580901413,84853795,0xb931a24e4782b44932ca5abcbf6afc8742a8985fc51dc44465b884612a142ab2
0x4bcee11e80362e7118b20932ff68719bfa64ddac55b0634c6a6503466801da73,btc-updown-5m-1771488600,1,1771488900,1771488926,26,Down,Down,True,5.943957244596944,83184451,0x554aa1cc08c24dc903fb118ccbc0a3c9d8896cc611b7a39321b4fb85fe878b3d
0x4c08affc3c97bad211167dfbde02e3043e3de24f323a2ce11f90e7944a91930b,btc-updown-5m-1775217600,1,1775217900,1775217923,23,Down,Down,True,0.09997514050957684,85048943,0x527edce3cd425f496e9eec350146c5f1c2860f66b4393a658948e635880d74c7
0x4c20e9891ba0123ee27542893089ead1e2938a45f3d77586d61efab6457e0343,btc-updown-5m-1775577300,1,1775577600,1775577655,55,Up,Up,True,0.0667783185872699,85228809,0x025c8891e7d7ddbcda0bd713f4554c769c8316ceb81a8371127e4bd8f3dc99e5
0x4e4eed949db87a82c6f1ffa5d2ed858e3bc0662e98eb17d0bc36bc1d5918defa,btc-updown-5m-1775387100,1,1775387400,1775387423,23,Down,Down,True,0.20434664708846947,85133693,0x77a8837f68530e6f95f0ec30ffac34cea28e2151b7bda38dd1b996033cb3f46a
0x4e7ee1d9d2836bf109ea9a0a6773fa59a8e6fe3cb2add24a19158001030ec99e,btc-updown-5m-1778277000,1,1778277300,1778277318,18,Up,Up,True,2.296107939668646,86592920,0xbf3fba9935d49da8922fe8eabe4b1561dcba79f4502fd9d440914040b17e15e5
0x4e9bee0a8367685a7f0cea01eef6e437119482415f6bd537a25d628e76d5b625,btc-updown-5m-1771623000,1,1771623300,1771623328,28,Down,Up,False,2.572006378676163,83251652,0xfed7d9d4b0a6dd2067c390b3e5f730e8ac0a34fbca915e474430f035a7a4444c
0x4ee045ef77e446f208d6572f427e3a2fdb7bb15a07372581379b813eee9b5e8e,btc-updown-5m-1772893200,1,1772893500,1772893523,23,Up,Up,True,0.8814473066175638,83886745,0xa3b35ca8b2ab47800bf7b49a77de111b9f8d15694d2da5c3eaad6770b2aa8bc6
0x4f1dc76044149ff7bfa32f6d574ef822fa16f917bce72660c48a37ec15a4196f,btc-updown-5m-1776240300,1,1776240600,1776240618,18,Down,Down,True,1.8406744276306164,85560287,0x290fe6f0a91405facd54070c0eb09cc14a6b5b9b68d72b39a7d16cf5c30fd6e1
0x4fc9343f55b87eedf3322f2f12be413c042654dc2fb35c91f4a2e41b51d32a19,btc-updown-5m-1774831500,1,1774831800,1774831826,26,Up,Up,True,0.7970521510399622,84855895,0xf3bf3001aa42a326421371c6234722269f4762455da0fafab78f53260def433a
0x5035e2e03db712ed3aecb8e4112d95e825db2769269691aeb78e3afff4c5e488,btc-updown-5m-1773077400,1,1773077700,1773077733,33,Down,Up,False,1.1042653462394303,83978850,0xfedb692a4347e79d935d3f3949603ff884ae07ec5e218014fbb21e251b8ab5e1
0x5041c6e30ae65bee5d52509d2c9a3c19fdcd34ea478a559c244b60ce37156f63,btc-updown-5m-1772571300,1,1772571600,1772571657,57,Up,Up,True,3.4355996647616966,83725813,0x715c6dd87fb771069ca1b68d3a908fe44c3e30de345eda8860beab3e10d6f758
0x5044418347404b9fe28639a76b4711f1565e5d44ed730d4a9926c1a8df26c09e,btc-updown-5m-1774762800,1,1774763100,1774763130,30,Up,Up,True,1.3680417037351544,84821547,0x2b192b061678ffcabcee299ee0244c1a222a88aec8dad305bc68f2a2aad52da2
0x51060cf6757939d9b3eabfd3e927a03f37fd466d4d226e720b2b8718553d336d,btc-updown-5m-1776792600,1,1776792900,1776792928,28,Up,Up,True,0.63649742165592,85836442,0xf59d33243be7d503d5873c4a4b28c5f491d2a573f1c781913554e4789ed04976
0x52174f9947bbaf90c8c2a1f43a6c593dab0e74f945479c0c39d06032668dce64,btc-updown-5m-1775833200,1,1775833500,1775833531,31,Down,Down,True,0.4426116684850309,85356747,0x2e524aa5687875fed91b44b2aff4035ed2e890414a862b2fed47e256a11fe986
0x52281bc3f549d67a185f102239c751c42f4e043d4f84d7a2218fa1c9b648722a,btc-updown-5m-1771631100,1,1771631400,1771631426,26,Up,Up,True,2.447265534756116,83255701,0xe045cd085d9a231e800a40942616190fce5b77c083b84641e7896998932ec202
0x52b6c75268f70ea7b07cc5e156756d3e745c087bade203bab65f90bedf6fcffb,btc-updown-5m-1773752400,1,1773752700,1773752725,25,Up,Down,False,1.5633945799831177,84316346,0x78d4ffd144b0384f7f01b9e30d446fd832cc56cd36eddea84b06bce6e3d2b9bc
0x52f59311f14049a1022a5d42c541f5f2a95b77372478b5962a42127049b3fda4,btc-updown-5m-1775424300,1,1775424600,1775424649,49,Down,Down,True,0.9491147319421703,85152306,0x04eb88f7e8ab54466379c2a560e3cc58b2bff434e354ba11e7749c0c6f721a4a
0x53f24a9030c835ce64214846dc87a8a7132dbabf3891a79e5f64c393cce3d629,btc-updown-5m-1775325300,1,1775325600,1775325625,25,Down,Down,True,0.07663527224515339,85102794,0xce2a7ff3842d5e66520bc0c16697602e12724b56f6d4de6b86e10b5e5e9aa288
0x540cc76134293d3a57e022b63b1af141de6929814c875348bbc6a0832e321027,btc-updown-5m-1777385100,1,1777385400,1777385436,36,Up,Up,True,0.982160374933055,86132696,0x88226bb443818761c05f56f349bf8fa67ea69eaaeee4538f571c6cc644650f06
0x54a544ebb45c6628254217d3b6ea0914ea6caae372cf033911d9418d9e9de2b4,btc-updown-5m-1773148200,1,1773148500,1773148535,35,Up,Up,True,0.8656171954346596,84014251,0x890675c55028f50a3d75c235a8ac30c4a786831788771becb5d66e857699eb9b
0x5557717d60511fdddd32d0fa3ec71607b8cfae1bc728bec98f9841b25a433f3b,btc-updown-5m-1773677400,1,1773677700,1773677725,25,Up,Up,True,0.02196842487202277,84278846,0xe7273ed7ef8d5c93979d45846160240ffbebe85e268ff10f83f7e3597e2f6a0b
0x556fd61f922e10ab05fbca39f2fb3cf2dbd0a08255a14065a99b728895b4db00,btc-updown-5m-1772586300,1,1772586600,1772586625,25,Down,Up,False,0.11907571778895759,83733297,0x54643ff3f776ff348cf3c27b384b466555afcec0f3feeea5fa267516af3ee1e1
0x558de1ecbc605a33c10ac8facf21346de03f5f7dafa9b9e67c49849a3f78c0f3,btc-updown-5m-1772890200,1,1772890500,1772890523,23,Down,Down,True,1.330064993610793,83885245,0x947c886f9ead27521e43034755d91a7937b90bcf603e247ded7cb727602460c4
0x558fb72de9ba13a7a79c65ed1968a435ce0125e81363955b5a727fa0a9774d0b,btc-updown-5m-1776438600,1,1776438900,1776438922,22,Up,Up,True,2.8563666989161076,85659439,0x48e624fc18303466b00f63afd98d7008b11822fb237aeec869dbd86b116303b2
0x55a12e16dab6ac198aa84141dcd627f1b70bbc56accd89497049c6b025c0c07f,btc-updown-5m-1772558700,1,1772559000,1772559025,25,Up,Up,True,3.824554341388653,83719497,0xe4f97bb849c43abbcf55ae1b7740ee04e4ba5d50b7a10a7ad410f447ec6ebb93
0x55a1a926b59648f8d9506b346777126f6329823977fc1491b4b4057df618e939,btc-updown-5m-1775527500,1,1775527800,1775527855,55,Up,Up,True,2.606595505916132,85203909,0xb0276401d96c0d627a8bfdd2ee68d7a85c7af5b0d856726b159ee0e668e71a41
0x56c1ffe9b3128993df1a90a9a26de9ac02b54942925c9422e98b50c873c93984,btc-updown-5m-1774419600,1,1774419900,1774419929,29,Up,Up,True,0.9508156256947036,84649947,0xfdf19fc31d8a2c3ce67fc68df7e4953f7b71dc01837ce2f6a109092edaff8b79
0x56ca20e59804afb25f494f539a8ef8cfa93212f3e441265906e788f339681c25,btc-updown-5m-1773184800,1,1773185100,1773185163,63,Up,Up,True,2.663425776641246,84032565,0x8e5fc808f144b1c8cb11609274a9bdcd7ac06afc90949e0da0492367f86f2420
0x56e4caeae74621db4bee94861359eb56cb05d216bdce518bc8cdf30a72bdf0e2,btc-updown-5m-1774020300,1,1774020600,1774020631,31,Up,Up,True,2.534041884162601,84450299,0xfec760b9d632df886e0634c120b36fa261182a1dabef4a3db37bcf6c4bf3c8ad
0x5757c9791d972c4f9f107561013d61a280051b5a0abe9fe1f60cd437c623c974,btc-updown-5m-1776844200,1,1776844500,1776844522,22,Down,Down,True,0.9286231220622871,85862239,0xcf15dbbe6d06159d744ed1ac5a65b311257edfe3df1d738f11fe795a09016fe1
0x5786dd76142593263402efbeaf25740938ee0a813a9371c985e3699dafbe52a0,btc-updown-5m-1776864300,1,1776864600,1776864686,86,Down,Down,True,0.9156845109554559,85872321,0x3b64ce26593ead36953d6eb1ad81b324f29f666ed20531b783cdc9be9e3c769c
0x579329f5a3ff04e4a346b1316faaff2a1fa9c144f5627861562894ab544d5ead,btc-updown-5m-1772802900,1,1772803200,1772803223,23,Up,Up,True,3.580278511000649,83841596,0x2aeaaef8abccae5a1f243a9f7951779d412d25adc530723d62122214179f18f9
0x5811e5f0ea5b6089e6881fc9bd7e41c48769cb2212553744ae428a1e661a90f0,btc-updown-5m-1773345300,1,1773345600,1773345633,33,Down,Up,False,1.81431211099269,84112800,0xa253ae726dc6dd4959e5a9b289cc154dc0b3d6d4f41c0c1618757db9863644ba
0x58610abc51d5f976ca768214229d018e6a7214f6e537889aa751e7e1e20185d3,btc-updown-5m-1777256700,1,1777257000,1777257022,22,Up,Up,True,1.9807942226535848,86068489,0x889572eed8941b990b14051856d5ec2217caac3a4636e9d38e21aef879b903ed
0x593e4d7659d17e332601d4b23fca9252bc2e90c0bbe9cf7ed6a9653eb7a99339,btc-updown-5m-1773643200,1,1773643500,1773643523,23,Up,Up,True,1.6982751558353355,84261745,0xa50ac216731a1773a0156717e851718756247274cb2118ebe8321e3bcb63dbdb
0x594695b2c5c184675eee48b779e761ec26ec72b720cd6fef625fd0dfeb5fe06b,btc-updown-5m-1777158600,1,1777158900,1777158936,36,Up,Up,True,0.679890387521379,86019446,0x50adf1545996c6ff049efa3f9239e466b8f72574d35e06be1d11318753b7b3a3
0x596d737130aa56c9bf7e2474bce0056ecc78bc7303d25cadfc3ec55d5983476c,btc-updown-5m-1776879600,1,1776879900,1776879922,22,Down,Down,True,2.259546182254172,85879939,0x74d0f176d5ae3057bb20e85c2b02ac2da9867402143847503f0d595ff4a416f3
0x5a140f24d11b9f9ef7eeae15b8afc2dd1e8482abe5f7488537cac48d54a619ba,btc-updown-5m-1772191500,1,1772191800,1772191825,25,Up,Up,True,1.7558018259066965,83535897,0x2ba35873167f4988660323a53208e57c746437453a0735d6d4c6d0156affe2e6
0x5a9292a09e28f3c40ced957a81c12595762939d7feeeb78cf79bc3bf4663dd50,btc-updown-5m-1778565900,1,1778566200,1778566219,19,Up,Up,True,0.6859961436559171,86758006,0x06da02d19b2f1ec303d5202b1793e7beefc37407dbf8622f3c351ac72ca6f8e8
0x5cf8777dae195b4d21b514011c4b5e1842c68c60ab341448c5bf316b64d97429,btc-updown-5m-1775902500,1,1775902800,1775902847,47,Down,Down,True,0.4619017833350679,85391405,0xb2c664991f52464f7b2969f85ad669610c95119b6525262d69777613d5e8fc9a
0x5d097fc51e180902475d0f368bacb0a18a0953556e0c4d748e66345d6fbe687a,btc-updown-5m-1774068300,1,1774068600,1774068645,45,Down,Up,False,0.47720491148761257,84474306,0x76ae2614df568e78b12a928b094aa6653fc374f992252d3d6b02bdc300c6171a
0x5d1e18f24fe3bb3528592678882377d6ea2b6432372ee08c5e6b6a685418a766,btc-updown-5m-1773777900,1,1773778200,1773778223,23,Up,Up,True,1.598871325456738,84329095,0x9a9d9db2a2909ff957c30ab0157ec2357f80f96e128ebd6d9f64d55d233d33fa
0x5d6c636adea1b26423c0ef23e9ccbaf157e418ff77c3bae7caa73b65a9b837d2,btc-updown-5m-1772659500,1,1772659800,1772659863,63,Down,Up,False,0.3533340020434061,83769916,0x5d0605cff508ee601f0afe7a536e66f8b976f4960b8a0e40b0b31c5a01f052ee
0x5ded19ddc99e2b9ef40d338968a984beb088f7db8528c0835138a7bf91cc679f,btc-updown-5m-1775338800,1,1775339100,1775339125,25,Up,Up,True,1.5055295523479804,85109544,0x1993d5f66f1983216a5efbc39e2c201e55a7ad3ec0355eb86f8c40114d8fe08c
0x5ded28a2581f2b31f1b14a88cc6550f5d3b136d418f8931b09959ab14e1dc1f8,btc-updown-5m-1775835600,1,1775835900,1775835919,19,Up,Up,True,1.7547886260910728,85357941,0xfa4c96e2cdda0c7f2a5ba8e77f5aa876a7abf0be565c44769bcf676b1ad8625d
0x5def691b962d62ef606666812d471510414dd512c55d38fe09992f8c5b6828db,btc-updown-5m-1775501700,1,1775502000,1775502057,57,Down,Down,True,1.018574661733886,85191010,0x2f1d337229c87d5a12b1efe6a70bd8c9cb9533fc2d2e9cf1213efe06239296dc
0x5dfe02f0c6ced37875cd3919fd4affa036cab4eb3653dc0f341c99c167153d53,btc-updown-5m-1780686300,1,1780686600,1780686618,18,Down,Down,True,0.12297466659724819,87987755,0x7e212ca60abf2b0a4b3b8bdd0a2526ed43cac736a504dacf12474b06c181826f
0x5f360f99c7b7f73bd8c913e99c870bbcfbf9d6e6f39d0d4fc76e24bb16dcd9d4,btc-updown-5m-1777943400,1,1777943700,1777943720,20,Down,Down,True,1.3209806083875413,86411838,0x11c40e3a284d908450597ba7e1d8b1b645d724ad0e64b46219e6c9df1f294b6b
0x5f7496bafbbae82f4adc81d6ff5af315091eec2c73599d38efac66a8eca36c94,btc-updown-5m-1773549600,1,1773549900,1773549929,29,Up,Up,True,1.4876520190281861,84214948,0xe2dbbdfa02e86eb8afc7026e1974e2c6ad8fa270e120699aeffd1dc2a3f88651
0x5fdf44240b200eac39a7650993dbd57afe5d70e164f4cb30375ad899a7c458b5,btc-updown-5m-1777373400,1,1777373700,1777373736,36,Down,Down,True,0.8463403479061645,86126846,0x9b27c300418c444c9a10af65d43724695101c60954f163c9b270bc5ff17d1dd9
0x60157172b54cd377f27ad9204a7ca198f6946d4e72b69ca8b1db68509a47da74,btc-updown-5m-1772246400,1,1772246700,1772246723,23,Down,Down,True,1.4800740503805778,83563346,0xd216a65e8b578d368fa7d0095e84dbac83e7baa82a61ad26868f264bc73083d9
0x61d6ec8eef98441ba8fa04422b12063396a99e828decb0487413759a42ed7a06,btc-updown-5m-1773688800,1,1773689100,1773689125,25,Down,Up,False,0.7162550995995425,84284546,0xcddc6ff19724f00cf155a45fc1dc419320c7b82d613aa31990857dbc82e6a485
0x61f30d3741df751d457625bb520bb0bd1586537be0463f407c7634cd61cc30f7,btc-updown-5m-1773256500,1,1773256800,1773256825,25,Up,Up,True,3.4389548689980316,84068396,0x2c56b38b57188d96a3b5af40eeed6a2d9b84f41ed9cd51e6de3401b67abbe2ff
0x622ae0d828cfa3d9800b3c1cb9d6f552b35d576050f41c1337722c13e886c296,btc-updown-5m-1772880000,1,1772880300,1772880333,33,Down,Down,True,2.0387937355885977,83880151,0x3a790b984a925d78d8cd30122f262c8b4be2535085e417ae335fbf41f434e0bb
0x62a9cb15d52d0ba81ce0f87d5618a027060bfa903a2da37b3d7172523eb40052,btc-updown-5m-1775179800,1,1775180100,1775180149,49,Down,Down,True,5.70598135053416,85030056,0xd9da27b23875b715ea9116975bd61b850eed968b8e3d15abc1603bfacaf7afed
0x62cc3aa3d7a5e5a2c678348e0ea758c0e2571d7399707ab9ebfe9f4985e8466b,btc-updown-5m-1773307500,1,1773307800,1773307841,41,Up,Up,True,2.6272886323302456,84093904,0x00c7573e79a660954a10679ce0fcabc00cda2e7fa7eaef4028c8c1cd0ef998d9
0x630cf8ac0b93929e94a860aec2275a0833ef861b238cd077f2a0d6b39b2093ab,btc-updown-5m-1775244000,1,1775244300,1775244323,23,Up,Up,True,0.5254708872065242,85062143,0x0bc738edfbd603f23e2e3ac3df379fe450dc145f03c0f47a661bacd72c77ccea
0x634e80496eba94498eccb78fcd13f83f4482e9ba0761b0fc71ba565b0b10de02,btc-updown-5m-1776143400,1,1776143700,1776143753,53,Down,Down,True,0.12496439935623067,85511858,0xadba7cca67dd0790d38a2649bc843e35fc1b783d130d74b28b7644ceb424ac0a
0x63b6d80a11a24549d2a04f32e7c5b51dee96923518aa254c11c4caf5b02e6d13,btc-updown-5m-1773088800,1,1773089100,1773089125,25,Up,Up,True,4.5283023114101315,83984546,0xb88fbd74c3f4b06d99f22e6e0c73ee984253c1e6fd930bbd94369f69d5bd3867
0x64bf80d5325a386716f779efa6a2e6bba9005d1fe5364de2100c4e21b9572d87,btc-updown-5m-1776624300,1,1776624600,1776624652,52,Up,Up,True,1.2173106162173357,85752304,0x68ca17857f2978618fb24e3738923803daaffbc29d6714fd11f8085cf9f1c0d5
0x64c0f2c853814ca221d8cd209e033ad86edc7bb6c578037b16023b05386f57b6,btc-updown-5m-1772928300,1,1772928600,1772928625,25,Up,Up,True,5.109031630362228,83904296,0x147b47577c89479c58559d30307a996eef8b327bdb2f3215544e0697438f9f55
0x65bf1f6488eac4ff39c85a292e6405a75dc8bc35b79f3eb7db65e58be9429b51,btc-updown-5m-1774056600,1,1774056900,1774056949,49,Down,Down,True,0.9345900561938402,84468458,0x11711583c6d37cbb00b1a174def3d1dd8d799fd7b430aafa610407499dea3c06
0x660977366c83c0fa1bc987d4cd138e965992422f86745e6eabde1540fd60ab0f,btc-updown-5m-1773777600,1,1773777900,1773777953,53,Down,Down,True,8.914464310655847,84328960,0x00d403fcb0c1271f7543bc723f986de00aea7b0be0d0a20f0be202619f7a63f3
0x661766ebec5a01f28941a21ec9cee094a4a6d4c8b8912174500218ba74cf14f7,btc-updown-5m-1773339900,1,1773340200,1773340223,23,Up,Down,False,1.599446489915991,84110095,0x7e0f35e50d482e74c8921af73bea869452b219ff15297bea6a06aad0a0ae8d88
0x6650c4bfda2ac48895077f2d1adc974ca187194d4bd16045bc7a2051a15edf1f,btc-updown-5m-1771486200,1,1771486500,1771486558,58,Down,Up,False,0.5105978577245905,83183267,0x6690f20a33e07c913eab49e5c906c43cd549c745130cb77972126b21488f0530
0x667ec0010c2447a36aa91551bf9966c11e65bf47abfe88ee13089aa146019f76,btc-updown-5m-1775521500,1,1775521800,1775521859,59,Down,Down,True,0.8784031361261857,85200911,0xd439906e7b6a1c2bdbe0bcc07389fbce68599afe6c81ad0f27eb0ae71aab8a7b
0x6796532a4b5f7bfbf2359c9f8dbc081a2b98354b962513b15e4619626027f14a,btc-updown-5m-1776233100,1,1776233400,1776233426,26,Up,Up,True,1.1455548272578637,85556691,0xd845807411a7b7674b1acb2a49ed39329deb0e3f8ed5c0d0b2068b33e7c83c67
0x67a7c27b4435340a5b080c7d181d42ca2e89dc5b89da817e25ca57de56f5d9c1,btc-updown-5m-1774976100,1,1774976400,1774976435,35,Down,Down,True,1.2704982895391177,84928199,0x44617aa9bae7bb7231c059041d1c6986af241309f6ce71ca27bb033c6495b5f5
0x68f9b6c30390d176175d1ededf1899553af2883b829c85148c741750e344fc07,btc-updown-5m-1773746100,1,1773746400,1773746423,23,Up,Up,True,6.934038858264619,84313195,0x6ceb8c511d3233c5b840077d12bf782436862744b5a51374931174287e77979a
0x696811dc02298b5bfb5268b7ece1c27d8e82286facd089ec4c462798a889a1d9,btc-updown-5m-1776844500,1,1776844800,1776844854,54,Up,Up,True,1.9803497758467243,85862405,0x2354b8f36d34e61501a88f1482b4a237fca333cbac8a927c62b756fe3e783328
0x697686e10477a4e610d2fa0398832481b5c69881da0fde867b1f11238a88dcda,btc-updown-5m-1773556800,1,1773557100,1773557125,25,Down,Up,False,1.4394532428150142,84218546,0x815144698ec1d7460a76ec95b82246706d0e98e0a52b5ff5beb7c9960e027acd
0x6bad2e962abd8843bd19f5e1d2e3fb0496b93b670d1af4763282dbf38f7080a3,btc-updown-5m-1780686000,1,1780686300,1780686352,52,Up,Up,True,2.4872805926955803,87987578,0x86a6fcb8dc616d8b1736939f5c13eca3a02a4fef3f0ca7c7af6ce10bc400f1d4
0x6bbc8cf3cdda3afeb6996f4b768d67df88d3976e0905d229526b790c0ccced94,btc-updown-5m-1777671600,1,1777671900,1777671986,86,Down,Down,True,2.1841573942137913,86275971,0xe6cdc5e9caec7a034b79f753a29c7e8ccbdd674ae0fdc397f7881cd51601d5cc
0x6ca3985f6e548d21bc8646c846b7656464068437cc8327cf4d30e554cde4abba,btc-updown-5m-1772842800,1,1772843100,1772843121,21,Down,Down,True,1.2252241092966252,83861545,0xd12de81461d68fb224bacaedd3039a227107ef2294465236ab29d5c3f69d00aa
0x6d69a8c6d51a2c7a6b0408fc4d1e62398f0e03f33f040c7bdf829abe94cac1b5,btc-updown-5m-1775232900,1,1775233200,1775233227,27,Up,Up,True,1.4423042898887457,85056595,0xd05a3b39d9b357ed3c6ac46cb0a4454d123021c818888a1a3bafb0dc9649730c
0x6dc9ab4295fa8d8cc8ad534d2149c9ba64645c9847d19f08faa615206a7173f8,btc-updown-5m-1776886800,1,1776887100,1776887118,18,Down,Down,True,1.8113246397121878,85883537,0xed9b69e1a14fe8d48ec1783df260883d500d340f61d470aacd1e5e62465deb19
0x6e3de547c6cf0553f3e5407bfd3674702f0a97ab4c8bfe436515d1c280fcf492,btc-updown-5m-1772768400,1,1772768700,1772768725,25,Down,Up,False,1.1932723764121744,83824347,0x63bfc508d40b833d2b1f1ad80b42c77d73bcb58d951ddff49856121bafa82c8c
0x6e7a7622ac5208e9aaf42eb4f8a608c80c6ed68886b9590e46db01646cb9cc60,btc-updown-5m-1776692400,1,1776692700,1776692752,52,Down,Down,True,2.554633761959058,85786354,0xf9af2c17d7938c9faf514dd2b78d279bf3fc27368fdbfc52f212676c41905596
0x6f7d4c7ee9ddd0ef7f2dc85474e4016965a8c03fe9d5ed5561fe9dc624591a89,btc-updown-5m-1772680200,1,1772680500,1772680547,47,Down,Down,True,2.231474445796358,83780258,0x7ab90eb252364083e5cb4ce3d4a92a2c6ec0ac338e7f3b7f14c44fea008a6dab
0x6fdd4d27b177bb190da3fb3593ffa5e555719b27c832c4576c772cdf8060655a,btc-updown-5m-1776987900,1,1776988200,1776988254,54,Up,Up,True,0.16934788239728454,85934105,0x807f092d8f70d8ebf5f203cc5fca95dc107846972c451dec6664117d90073303
0x6fe09505286ed0268002e2f88c2b0443540088204c03a6efc0c2385461f4d4e4,btc-updown-5m-1773648300,1,1773648600,1773648653,53,Up,Up,True,5.67519084760258,84264310,0x4975f3360f4c06b5050eb87010309b0028c46d7770217185cd59468c28c5de61
0x710e5eb108710afd6540d07c739ffd0a9d0157dd8e3d037c2845f7746beac223,btc-updown-5m-1776846900,1,1776847200,1776847252,52,Up,Up,True,0.6729725212084819,85863604,0xf2eeba2acb851c29ad36c72a44895f75ca1652625eac9652c936605c96a99a25
0x712c8ec24b408977a40a1a1575dd4bb6be348cadd3ec541e780f2ec9a381eb86,btc-updown-5m-1774823400,1,1774823700,1774823726,26,Down,Down,True,0.22307819343824117,84851845,0x4cfc96873a0682ff1f62446fc62d824b1e86115bc552f59a937c1dcf41482b70
0x71c1c677397df036d43cc44f289628cf8ef46b21744eb041dac15703fced5951,btc-updown-5m-1775517600,1,1775517900,1775517951,51,Down,Down,True,2.4290430700907617,85198957,0x74cc8a819a738c33acf3e26fedf522f9c80baa5a8ad7cf5328abeb6e1125aa74
0x71efbbbc4a152f4d996af68478cf8b7e7126c288b45a54a1613fda15e95d2196,btc-updown-5m-1776489600,1,1776489900,1776489928,28,Up,Up,True,0.5725356784648914,85684942,0xaa387982421254bedb85f6cef25e7ce6abc743a73b15ace3fa2b3d2a0d519fba
0x7241b0768cf4e94811238d12664dc9ced0c11e1e7f4ec67c0221e960954eb543,btc-updown-5m-1774600200,1,1774600500,1774600529,29,Down,Down,True,0.8931421538222238,84740247,0x410ca9ff4d976c729d834dffddc136dfec174fdc8d7d7f6e411cd3d1e597d860
0x725cc2d5f30becfb6314ae5ec6bf614ac16eff9022d5dbb97ee510d0815720b0,btc-updown-5m-1773244500,1,1773244800,1773244825,25,Down,Down,True,0.9252473431277509,84062396,0x942501b86e1367c30055773c78ce7e0711bbce7ded13a7a5724cebdd04a0a222
0x73455491c423401757fbcdf8ed53f2d0194730d1fae58ee3abb7e1466f78944b,btc-updown-5m-1780657800,1,1780658100,1780658121,21,Down,Down,True,0.2038030923502063,87968757,0x43023e69bd20d0d94bfc2b9905ecc7890025fe8c2cdfad5f59cdfd0582905cbe
0x739eaf1f12abb190005c435d5ddf225e55b15c2755f3ff6249a88b4780dffadb,btc-updown-5m-1775795100,1,1775795400,1775795425,25,Down,Down,True,0.25020782327427354,85337694,0x966b59bc3cbebc91e98f16e67f48ea17eda01ac325af051f81591ecfb5632068
0x73ad30b6cbda6486182638e15c41e47cbea324d09deaf2b89deaaaea6086b2ce,btc-updown-5m-1775415900,1,1775416200,1775416223,23,Up,Up,True,2.515107087441748,85148093,0x674e0a53a9756a4a74a56b8bf0668c8f675bccbdbc4ed69b88929de84a4d95fe
0x74744bb916aca75e2be3c84e21c997471aae099bfd2212a1af26eeec9bd23bf7,btc-updown-5m-1774551600,1,1774551900,1774551925,25,Down,Down,True,3.71343769021149,84715945,0xf78e9598e0b6d209c28b56f5e4069bd1db23765678cb5e750f4a7faa2994debd
0x757b1713a1927aa6f1f2a3b07da5a73d6928ebfe02a95fbbdcfac46ab571772a,btc-updown-5m-1775235600,1,1775235900,1775235923,23,Down,Down,True,3.1178314118523747,85057943,0xf22ea10d77fd989b38c564607c53fd11f2d5a502a29de112faf3155925fc9a53
0x7605341f57efe6c6ab1785cefb5c48a0a72efc6e5596eb598460e6302535e0ee,btc-updown-5m-1772823900,1,1772824200,1772824237,37,Up,Up,True,2.468427449473079,83852103,0x75b159faa1460daeee0b09632dbec1d21e8c1a50dd457c133944812b59433015
0x76be65198fc9861c19a176e1267729bceb224af53c922ad8c538773c8fe57c2e,btc-updown-5m-1773207900,1,1773208200,1773208225,25,Up,Up,True,2.8225406522307184,84044096,0x5511d10557661638f4344e6d01c51a77d4fa07f7d0d6f637e2bef306b88449e7
0x7806e24f5b78990ce75dc9f83e89dcb466a96a63307053a62dc6266a03a7818e,btc-updown-5m-1773676800,1,1773677100,1773677155,55,Down,Up,False,0.4939998127707062,84278561,0x837630f0ac37de5a8392d46ef42b6b95e33a497cf3475790f88c09dd8ba57230
0x78da89f55eed8a3685426fce757594d76b388c1a69a29ac44d20819be520bbc2,btc-updown-5m-1773641400,1,1773641700,1773641723,23,Down,Down,True,4.835108385459308,84260845,0x699f2c0ad87467d5865f4c9042440fa8961208c775dd3c394d4b1ab98a208163
0x795c95300d18b2d25d79ed7864cf30159b54df81e3e8eb962d2e90f846945575,btc-updown-5m-1772248800,1,1772249100,1772249121,21,Down,Up,False,1.7467496978260908,83564545,0x3843b74dda4085386849fd8d8e2d373bb0759c7d8d91291bfbbf842e584cc30d
0x7a9d09951d44de7bb4a635311a5af4e7ff3040d8d7f1c57558f74ef7907d086d,btc-updown-5m-1773902100,1,1773902400,1773902453,53,Up,Up,True,8.657270815724825,84391210,0x022708772f754e20b60469f44dfa9eb921cb0e4bc2213231a6997207b4a1b0b1
0x7b1791518d2d9c4246733aa1d71f6ec4edb0d9ee606d5824b1d229392c300d8d,btc-updown-5m-1774549200,1,1774549500,1774549523,23,Down,Down,True,0.9340440354590622,84714744,0x5dc4a81af8c8cf98d79b2955e10a05bfd8834d3c65ba02a1ce6aaeceaaa8588d
0x7b979f122aed4096ddd03f646329c061ed9c3f3cb027408822e24f7d125dcc7b,btc-updown-5m-1773495600,1,1773495900,1773495925,25,Down,Up,False,0.7262915858185293,84187946,0xbfa23d966775dac45f72dd282ef51d481f1fb6123cb67dc2b31cee76edbe0baa
0x7ce5947d226065084aefc7af6c08e028846aeba606ffde9595265ae5bd341424,btc-updown-5m-1773332400,1,1773332700,1773332725,25,Up,Up,True,0.4287824258166321,84106346,0x22caefe00ea75839bbda0448d4a8222d665635e4f3c91a8b855a4984c8b36013
0x7ce84bfb43084e5d18df698a2ea2ede0087cb4147b416ffd9ce0c68fb0ddec33,btc-updown-5m-1776861300,1,1776861600,1776861616,16,Down,Down,True,1.1424265627847747,85870786,0x12c4875d7564c7b81e390c1c9963edc52c995eb1375f85b403bf89fcf9500a2c
0x7d920c5ca2357ab1836a258e342e48bd0a8b0361b4d72a7b4a358ce9b19b1f2d,btc-updown-5m-1773454200,1,1773454500,1773454555,55,Up,Down,False,1.4813497975465961,84167261,0x1b07ac5455646ace1161e42a512c6ecbcec851a67491dae636bc9d6dd9413fda
0x7dfa557a815d56e72b4a48352091aa0b3f668d721c697ed584a16951fdfd6025,btc-updown-5m-1772931300,1,1772931600,1772931635,35,Down,Down,True,0.9437610097691774,83905801,0xe0e120c473ceb0c9752029ffd8c66702999919c44f36e3a40e75ba835f2e5552
0x7e1d3be381901a89a8c00b45bd1ea3c54aa48ee0c3d2de49089822998be1526a,btc-updown-5m-1775334600,1,1775334900,1775334923,23,Up,Up,True,0.4176396823815629,85107443,0xe66d80f8632b0c74ed08107687b8639273b5c468c65579baf3acef7fac141926
0x7e7544eeb92238fe5cfad0bb403a57a5f0f764de0fa9213b389b277c76d8d5c5,btc-updown-5m-1776090300,1,1776090600,1776090627,27,Up,Up,True,0.0671566019102543,85485295,0xbc0bdce0d357b663d61ac0f6c036a9ec5bae589e4e811cee3a5670126a0fe897
0x7ea8dd1e489cc18867c7ab515f4280c05dabfa305086092c43db9170369b26ec,btc-updown-5m-1772070000,1,1772070300,1772070366,66,Down,Down,True,1.150902313174057,83475169,0x5d7f8730fc5a75719a25828b0f4612989aa8ba1ac4a6253c2acf0241999038ae
0x7f5b3bd2e28e20bbdf3eca7016218f78e0089040544c8828c2ffcbbceee0549b,btc-updown-5m-1772837400,1,1772837700,1772837723,23,Up,Down,False,2.2944466020380196,83858846,0x92c7eadd0133bcc5142fe196f48430948c595852a4a91223367c4906ad3204e9
0x7fced984f2fc54c159f5ec690ad3dcbad760ead00c5061887b00fea0404216e3,btc-updown-5m-1778155500,1,1778155800,1778155817,17,Down,Down,True,0.3697496727743173,86523491,0xc416ea9843ad560c92be72c3cb014997ececd41e5d2f607917d9d850f36f62b6
0x7fffa3c4aa882c572e09b8ca9a252dc4d546b97226b4702d4eee101b0a446694,btc-updown-5m-1771648500,1,1771648800,1771648844,44,Down,Up,False,1.5258403649297574,83264410,0x1cad055b4860d42cb51c4195cdcfb9462d22fea0b6eb9088263925638966f843
0x800217f0b97c4e0fc54422950d2a37bb6d3db4c8c22bc673586e499f70391b14,btc-updown-5m-1773169200,1,1773169500,1773169535,35,Down,Down,True,2.2925664355247806,84024751,0xfd4f4743948913cf6c0a115b0865e451e2e6ae4709f89b6a008fe4127ba6809d
0x80267ac0a651b0eca7779e9fdbdcd0f27a75b0efe9614e22951c52ed8ea8f4f4,btc-updown-5m-1771909200,1,1771909500,1771909530,30,Up,Down,False,0.5996278409208793,83394751,0x2b34e2044ddc1bb84e22bd1391d9d42e5b538a242a65eaf73c8eef2455c87be9
0x80411059cd7c191c6a75c0d5da841a4e76d2f536a0c74a73573c2e1210fcba06,btc-updown-5m-1773137400,1,1773137700,1773137723,23,Down,Down,True,3.348475223902208,84008845,0xa6298a4ed58f72826430716304a71f1e55688c90a7f9cc33f8445a57c2f2b7ff
0x80683d39309898e37245a0d7d904f2b98cbcf65ce4e43a7e39a4d6e612c67c15,btc-updown-5m-1775559600,1,1775559900,1775559923,23,Down,Down,True,6.143411633838153,85219943,0x6f765a022a65fc6393acf7c4a469268821363c1166b0f74af64633bf10dfbc00
0x80cfd96f1b30a58e161d0ed101bd11899b5a5a8e2762c1b775dc602d5d699281,btc-updown-5m-1772174400,1,1772174700,1772174734,34,Up,Up,True,1.733454631881754,83527353,0x93be1872f3614e8c1959f0e3f2fa61542d0ad1f4ac96cc7f8ef18f4727e902f5
0x80f868939d393ce4d642f53486a177371eda114a00088b920a3b36daeb76db52,btc-updown-5m-1776353400,1,1776353700,1776353724,24,Up,Up,True,1.3493674313915502,85616840,0x9939090060e465415327529deb652023a182baa5c91cd95ecb4dc896f30ca0c7
0x8170f08f547d8c21ac17a91f5d3635b868550a2d81646ba4129edc88250eef6b,btc-updown-5m-1774483500,1,1774483800,1774483821,21,Down,Down,True,3.6695887394927125,84681893,0xef752ab63c843f7f1d09313cec0cafdc112a68e9c286d3bf15388e7dab831125
0x81e5980eafa1fac232326ad000b137640ca88ef14fbbc38f898a89340ed59ab2,btc-updown-5m-1774393800,1,1774394100,1774394123,23,Up,Up,True,0.6774219795835152,84637044,0x341b19862c0a0d2f602ff1a329c3129f1db919b999510f7a1ef43f0d3f1e77fc
0x82291396b335c22ab23c148bd95223bb63cbbb5b15a3ff347c1657a1edba0555,btc-updown-5m-1780693500,1,1780693800,1780693819,19,Down,Down,True,0.8973663870682438,87992556,0x1cbbee9ae4202d87e13c620cc8c72254d8066eee7483456532baddf0716e3943
0x82fdb141c6045fbe14b342dcf3e401da28b614c02c395cea3e2c194a2dc11637,btc-updown-5m-1777430100,1,1777430400,1777430422,22,Down,Down,True,0.47841565698718297,86155189,0xeaeb799b330eefd9e11fbc1cbdc6437fb71166e9b6e1c19804cdc55ab3116fad
0x832ecb47394903838f2ef408ec8f255654c7d139ec36d110df946e2da6e43171,btc-updown-5m-1773958500,1,1773958800,1773958827,27,Down,Down,True,0.3214170193308466,84419397,0xe312165405a31e8b628d37681288f736611d685e105d80dafc9607060ea73dda
0x83573687f0124d1bd0a0afa20b833568e2d61b311383c2f465e433dd6243b9cd,btc-updown-5m-1774665900,1,1774666200,1774666245,45,Down,Down,True,1.6605854681842405,84773105,0x6d588883c03693fd2092ba1079520d4740a3533bf556a756f41c4d4c98da23fc
0x838493d038a03c72ecf12dca4a5bc86168c4712877cc3faf79326cc5b065555f,btc-updown-5m-1780679100,1,1780679400,1780679418,18,Down,Down,True,2.217811260939983,87982955,0x25b05b8be2ac8f13acdfd47c82b66c200697b6a90b1f91bda0043312e677bad4
0x83c5cdc83245501d97d2e94d28abfac081d83959020b098d280e50237c7fc21a,btc-updown-5m-1771701900,1,1771702200,1771702268,68,Up,Up,True,1.2722531494785323,83291120,0x47da58d5de5f157eab6f7b912e198e7fd557ed3bed9ac58b036c99c3f3e46cdb
0x8489de396e0d040e9505a6aa9fd799843e3303ee839c95286cb95de7bbaf7e98,btc-updown-5m-1771720200,1,1771720500,1771720530,30,Up,Up,True,3.069834554832132,83300251,0xa52f753c8ca16662473724af3bd81a4583065e2dd19e27f4053a351898bceabc
0x85789e1fef48c0b23d6454379985ad5d9e148c746e46b47635b03ad42a767af4,btc-updown-5m-1772139600,1,1772139900,1772139926,26,Up,Up,True,2.9116875817847454,83509949,0xca73f2b8bdcc5605b37143629bdcaa2fa71701a7bbfcc03f9b981c3b2cc39432
0x859b706572bc36c8fd8698fb8b82b8a2743396abe6a5e47e126f1483c2fec5c0,btc-updown-5m-1774829100,1,1774829400,1774829454,54,Up,Up,True,1.2801357932679245,84854709,0xa42607e577f916d93657fe09ff345cabb921220365ff607015daa748cffec643
0x85d1a127ab32a8a694a247030bc3874abba4842537707139447aa1edb9da8ab5,btc-updown-5m-1772814000,1,1772814300,1772814355,55,Up,Up,True,4.339366763215495,83847162,0xb9038b08cf8133fe71b8b72b0505caf1b083c2d586129bf5e838b92f4d13d499
0x85e9b474f35bea9c06da007ca71e68f4ffe533aa5d623e0c5161b379f4fb644f,btc-updown-5m-1772932200,1,1772932500,1772932555,55,Down,Down,True,3.269249912690487,83906261,0x1737a96665d6ceec0e43af0b6608e0b27076d853159917bd5aaeb26cd4db3166
0x86064228919b067727f0da44b4d8af6eaf27aa1e2b82e71fa5afe9c706e36d0b,btc-updown-5m-1773483600,1,1773483900,1773483953,53,Down,Up,False,1.1018660339173327,84181960,0x24e74a73faad602fd369ccdcd683be05de0a9aa9d739c808416df967fdefad7c
0x8719b203102d56d2c3e18705743f05cf446b7025a076be4b88dfcc9358072a17,btc-updown-5m-1778024700,1,1778025000,1778025054,54,Up,Up,True,1.3066370857379193,86452505,0xed1378111cdac1b53d56ad2ca75ac9dab242794e6ec8bc4bb1cb9546ab5d9696
0x8740c8b50debccc4a203742599c6828bfe0b4bb1f25be2b4a105dc2c147b15ac,btc-updown-5m-1780616700,1,1780617000,1780617019,19,Up,Up,True,1.0129806694469403,87941356,0x4a21db0e6774e5b5f9e6ab96f4e0055b3d91799f39ca02f573ea9cbc69162253
0x875a108bb96b4e352ea0647cb64f74ef46065841ae3c5a5d8aa1a7842dacd00d,btc-updown-5m-1773765900,1,1773766200,1773766223,23,Up,Down,False,0.41383866438905154,84323095,0x011118b5976596f2fea08061811566a782f676236f5acd28e77b8e1f7a5e2e53
0x87a6756cbe7de8c2ebe996d26511c2022a0ed4e33bb6dcb4dff7c13f9c767856,btc-updown-5m-1774975500,1,1774975800,1774975831,31,Down,Down,True,2.055696083840543,84927897,0xbf8df9d57a3e2ec9fda543ff89ee781d22fd232332609cef7a2050bfa12fb479
0x8822cfc0e4b699881f2a64a6586c8d0bf279d6331d1189972dd992af46bc4972,btc-updown-5m-1774668900,1,1774669200,1774669243,43,Up,Up,True,0.9966307607002488,84774604,0x743994e127adbac9defa55ceacd9189d593cf7d0e9dc68ba96473d04c39788b5
0x893cee0b90cc04bc84832b20a844804a8118145416e39c52cf0dfdf2dbc84a3d,btc-updown-5m-1778169900,1,1778170200,1778170219,19,Down,Down,True,0.9690419012619876,86531721,0x9a7ecf9ed99e64d76a559c0179bbdcb74056e4a3f2418ee9b814fbc2e7a57a22
0x899974b05755e6d7d4e89aa2e662af305476a0af33c58310044584d8d3ead078,btc-updown-5m-1774561500,1,1774561800,1774561823,23,Down,Down,True,2.1081415657859,84720894,0x0bc9cca3d1b8036d73edb65dbe645158648b61be4b46bcdd76c16d51285a467a
0x8a2565267eb0bf3be88926dad30471c5058a4f699a3ede497ca9122b014dd431,btc-updown-5m-1776893100,1,1776893400,1776893420,20,Up,Up,True,1.6050149417280277,85886688,0x4dd5ba0bda5b2722437e0a4743362d5b1a1a681ab4da17a2e3a381c4ad29ab04
0x8a5cb3c3253a1fe68092fb72dea2664389edd4ebfd8ffa5ced23fbf02e9c3691,btc-updown-5m-1778164800,1,1778165100,1778165118,18,Up,Up,True,0.8329363692696172,86528806,0x76c4ca06176548702b4c9cda8db7b8eb2d0db5b2b479eac6a287713cbe8e7356
0x8a90319ad67afcf8f31918a619541ddd5fc13ae89fbc12e8a6a44bf2d9866593,btc-updown-5m-1775107500,1,1775107800,1775107829,29,Down,Down,True,0.3167929852733266,84993896,0x8e389ceac2fee9f7d0c83a44794aabcf5fbbf2dfca527d437af4aa69195ec95e
0x8b46eb584d3a7b9270a04c482306186735fb899ec6d13226a6e3d298f3d6953d,btc-updown-5m-1778331300,1,1778331600,1778331621,21,Up,Up,True,0.11264218967034051,86623950,0xa0817d483549050e0fe8309c6e79871947233bffd2cfec8248a305b8cacd0544
0x8b5c1f75c1110e7a9af3bd801a28d72675345f1d6bfc17194a79c15bc659172d,btc-updown-5m-1773710100,1,1773710400,1773710455,55,Up,Down,False,1.2802491831662661,84295211,0xe3e1bbc30f56996a775a1982a7636714197556ed9ff16e115c8c31a125fe84a8
0x8b7891217aeeae9295f8c214e87f2b97df96868f2601ca9a757bf43fe8282a86,btc-updown-5m-1777597800,1,1777598100,1777598186,86,Up,Up,True,0.20094748384859457,86239071,0x15c58a4db3bfc6ddfcbbeb0f3d78c6be92d2ef68968a0ac49e01505943268951
0x8c0a056d071cc2dd2847a5c4cbc7847ae69110a3511754e6f19bb92b26d06dc5,btc-updown-5m-1772933100,1,1772933400,1772933479,79,Down,Down,True,2.3004622439263063,83906723,0x95ad8e1c31f9e620cfa15ee1796c957f13d2b5d6308ab575d26d8cac987db0c2
0x8c4fac57da1261f878d2753dfd9a91aca9a848546544636e20241124b8cffa3e,btc-updown-5m-1773017700,1,1773018000,1773018061,61,Up,Up,True,6.12875846782615,83949014,0xf7cd7f50b9bfab5cc9e1977e62d6b7ba3a839f0be2ebc1c41ad5040461f5ffd6
0x8c85b8f48ddc4ef5e6ec6d1eda619f39ce051d177764c2eacf5ceece5ad2310f,btc-updown-5m-1771764000,1,1771764300,1771764354,54,Down,Down,True,0.5001136547712722,83322163,0x233faa76f3f68b475b7ab3dd14724772e83baa41dbae4b5954bf8eaf5859b4e8
0x8c9f1fc67bd3c14fbbe55340f0ca2ea5a1651ee7c75c94092a1556a597645530,btc-updown-5m-1772665500,1,1772665800,1772665823,23,Down,Down,True,0.6375364422677434,83772896,0x6e499bfc52d0c3086619098b43d2ccbbb5b7f5465f78b8c96f7cccbb111b21da
0x8cb1b9d2fb8b3d6e6890ec603f5999830ec13243fed91c54df2c23640bc18539,btc-updown-5m-1776474000,1,1776474300,1776474318,18,Up,Up,True,2.698199608606254,85677137,0x0713775dbdbae1dd95506864f8b41d1d8c537d17353d8b61ed81bbd0877c1d74
0x8cf2925835152f80d18f381419fa195444fe61359af4a346cb18568b9f1aa0bb,btc-updown-5m-1775375100,1,1775375400,1775375443,43,Down,Down,True,2.720158405136168,85127703,0x9a8efa5fcc8bf5ab618ad323811909ebee9bd8f92b6c933bcdfd19eb315bf7ff
0x8e04360cffb0351a2a08e7931bf16cd5446f35dd16de4a9cbab7b6aaceb29f4c,btc-updown-5m-1775483700,1,1775484000,1775484027,27,Down,Down,True,1.2300210166859302,85181995,0x5d41b0fb6f4ebd7749c620f0c0d88030618c8512ba3d625fb8a3e87dfc8773e8
0x8e1cbab5adf349872239245b119b5cb9032966d7404dab957cc468faa6fabebd,btc-updown-5m-1771599300,1,1771599600,1771599646,46,Down,Up,False,1.034835820222571,83239811,0x1ecc0b6ae68f73b8d7e958230d30da04bfc0576d1a8dd06626f491e6df018873
0x8e7787c0d6097f0d05fb4f8c09a3d9e4da34c7bea78be97bdcef14bf865c9fb6,btc-updown-5m-1773296400,1,1773296700,1773296809,109,Down,Up,False,2.4305179097292613,84088388,0x8f8daf11525cb30dd64df2184a7e945c54b025efebe54000795e47dd83b407de
0x8ecb63e5bde4781b9f9798aec545cef85766de6298eeb84eb6d9cfe3f0210385,btc-updown-5m-1776333900,1,1776334200,1776334222,22,Down,Down,True,3.690017759207878,85607089,0x06199d3af1600884c063fdfaa2052bae7477ceb2850b82e7000ea82a4d2bbe63
0x8f94ed8da34bf20f8939d6a946e39e1dd5f72b549e3eaebf3246efa58014b84d,btc-updown-5m-1776543300,1,1776543600,1776543692,92,Down,Down,True,3.0142261182116727,85711824,0xd9f4484062596eae775f697d333837318608c91012107782ff82ec83c1e7b4f5
0x900bfd9ffafe5e5d6d779bc64b9f9782dbe0a0e3a267f4d94c9a5a5093eaabeb,btc-updown-5m-1773358200,1,1773358500,1773358525,25,Up,Up,True,0.8918246466142155,84119246,0x1d82bc0a000b73f4b61b64128bc31a976c48a08c241ab6b14b0d1061d8112aa2
0x903ce3d3946f96d5dcb636a47bfae04386c2c5740abc626c0b3ad865f645fe41,btc-updown-5m-1777341000,1,1777341300,1777341352,52,Up,Up,True,2.002751232996388,86110654,0x63440ed5da3958558dbae2f0c9a8ddf7bd432f385f59c163f1f37d59228f5aaf
0x9054ed248d28e34a52cbe3bfd47f775759299b20108e6544802d1c4c88a12e66,btc-updown-5m-1772437800,1,1772438100,1772438137,37,Down,Down,True,1.7703564320326073,83659053,0xa322c27bacfeb149388bbc695aaf86fe0bd2ffc9d622998b93921877edef0277
0x9055648322ee30ed36e59fabd448ba3560c5ac868f9bc3b89950e8b85ed13035,btc-updown-5m-1776261900,1,1776262200,1776262218,18,Up,Up,True,0.7035243574738819,85571087,0x8990632202d4a7dffcdaa7016acdd3119c668d242c54dc4a53dd4cd4eed86696
0x91543d0852f8657869152a4234545a2498f894c4d68fbab6009e7541997ed001,btc-updown-5m-1774943400,1,1774943700,1774943725,25,Down,Down,True,0.6062084677207481,84911844,0x4e3ae10d67ade7d5c473ba7548122d14714ee13e60dfda589f043cda06349fad
0x916361bf16894ec3594549cc6994a672070ec6f1e6bd514449aad97ba67f6724,btc-updown-5m-1772378700,1,1772379000,1772379059,59,Up,Up,True,0.8696512629171819,83629514,0x82447339facae1268b011e81dc6166374061e1f04bae1cc62a0d642c63f3303a
0x919073d2f0bead6cee638c64dafe3a4125541cde0df6975a266c948ea727e7ae,btc-updown-5m-1774285500,1,1774285800,1774285831,31,Up,Up,True,1.5687808363868097,84582898,0xa02a515d2b11b7212ac04c400d8bb0e9fba87e2df139312cc5ebb2fef6f027f1
0x92d83651f27d3f30db6ac94b7d923ee574f284418114a18d862bc1ffe2c880a4,btc-updown-5m-1777680900,1,1777681200,1777681252,52,Down,Down,True,0.8175371768294305,86280604,0x472f951bd542ca80eb56b70e2379cb07011fa81c71496a996640f3f7b11956d4
0x92e9cf1e4f8400fd4ba0d2324d16baba0dbeb604433809aea18d7231537353ff,btc-updown-5m-1774539300,1,1774539600,1774539637,37,Up,Up,True,2.9501008871591554,84709801,0x1eada738b8d07a367d168b4bf609696d997e3cc1767f3fb41f4344852bdcd8a2
0x9304d4d27714b14d91525da02bd7b3a1f2c6d0ceb308827a2aa22a81228facf9,btc-updown-5m-1774684800,1,1774685100,1774685127,27,Up,Up,True,0.5281569472360063,84782546,0x73f8e37549120fbe9eb41d57f2222c27494ef4ca0d9feba7a75db67703d1a155
0x93a3f87f097a91fb4965c26f7c5f1069301f5a11113210de91b0046a2dec35e3,btc-updown-5m-1773005400,1,1773005700,1773005751,51,Down,Down,True,0.6624163152089986,83942859,0x9deb833a1c5bc6a2a247c031768fee770f9ec03dfb0115164d24356695c871a6
0x93edec63b201a5fd27644235a8e6ebdbb273dd0f582be1d649b55fba91871c9c,btc-updown-5m-1772225700,1,1772226000,1772226039,39,Down,Down,True,3.820368511985399,83553004,0xee10c9c72824bd87e1619cd1b767857ed1fbec01ae20ea990ec505632f19616b
0x942e46d76d8266984a9e115e38d18ce22581b3828f0455db70b24a52132ced78,btc-updown-5m-1778003100,1,1778003400,1778003416,16,Up,Up,True,1.0946797316796921,86441686,0x7215ef17a237c4f62d5b7a0a01b46751493f18d40428afef2eea7b2f7ed64171
0x946ea1c6f16815a5c03df76edbcb898affa52683742f6031a05ab85fecd01aa7,btc-updown-5m-1774128900,1,1774129200,1774129225,25,Up,Up,True,1.328143056678435,84504596,0x5c3a1aaf6ad110fc8ffa93eb1f910c4817b29ed220f8d56a9a070bd7549f01e6
0x94713c673165cf817ffa079703e70c99a1c79cd769368bcbeb967cefdf1cc14d,btc-updown-5m-1776954300,1,1776954600,1776954654,54,Down,Down,True,1.0696196136772171,85917305,0xb2d0ff698d7a5fd79342067922bcfdf1c1fe9cba503fba6e747d87cdefcefcbd
0x94cb1e3406cf4cf9b0214b482eefc00b2f371c4fc869d5df93c3d70b5f6eba7b,btc-updown-5m-1774763100,1,1774763400,1774763436,36,Up,Up,True,1.8515185845145328,84821700,0x383f809764dca3e23ccce4ab9965b54fd445ab0495022eed0e0016261eb04691
0x954397f3b218a4f72890a4b745f6b189ac6e211e364da002ff40ba29c6c2a855,btc-updown-5m-1776854700,1,1776855000,1776855018,18,Down,Down,True,0.4071339992299673,85867487,0x3a93fd2d95eff5206c38de08c3df0366600f021f1bc7bae45b0b76378f660962
0x957b9f69280994b287b239807fd6db9124f178db66131380e4ca9eb285d8c651,btc-updown-5m-1771543500,1,1771543800,1771543824,24,Up,Down,False,0.6103172652788171,83211900,0xa8937e4dad3d6fccf7ce354d2248265be918895590897a8cbd58635484dd87c2
0x9620c5eb1acc338bd17ffd9d6ed93a14830f5f57da3e144926c1509ece394a4c,btc-updown-5m-1773770100,1,1773770400,1773770425,25,Up,Down,False,1.0784227212578859,84325196,0xabd9f2707a3231e98f256a03a2ec92a90fefdd4b2a43ced2374bf5a0a4e56bda
0x9780f5fd97d3abaa15c1048c41a9acbef8e8b93e28bfb63fc991da38af8c5a01,btc-updown-5m-1775231400,1,1775231700,1775231725,25,Up,Up,True,0.18079714401133157,85055844,0x447763b56c7fd18838e3a52806eccd9ded4284134e5a5fe1eabd170d1c82ad31
0x98079e457f80618e935c543a0ccdb995296f6bc30b10e44018b2a74cf99bb0ec,btc-updown-5m-1773316500,1,1773316800,1773316855,55,Up,Up,True,0.4796582448517842,84098411,0x4953cee2d7f9872465522507104a6abb62abe9fcae82774feba8a34d54d293bf
0x9890a133c88da28474afc0f5cb905bcab9b741a307cf85f644c709185a74eb27,btc-updown-5m-1780789500,1,1780789800,1780789852,52,Up,Up,True,0.6776144882948416,88056578,0x4eb1cd30a2487998ce43d1f0d03bac464a4143500250beb89144e75e56fa0570
0x996300eba1ff5680b28ebeec2996338c5e0cfa79a6516093928d61bcf2c72415,btc-updown-5m-1777490700,1,1777491000,1777491054,54,Down,Down,True,3.883520685358843,86185505,0x1e556214a32e722f1342513493f42319f0672b4b5b64d1e46a8df11a82b198b3
0x99b39c76687982d6cfd635d7e2b573fdc67a1bf23b1182d7f5f72ba3386eaddd,btc-updown-5m-1777725600,1,1777725900,1777725952,52,Up,Up,True,3.053190487375849,86302954,0xaac27def5087f5bdfef08a7ef9add44f0edc06587198126218a8f2a718262e8b
0x9ae7c18afe43ea372aae92e6733319e8436dd00e3dcb89894caa318eded7d865,btc-updown-5m-1773877200,1,1773877500,1773877563,63,Down,Down,True,5.818145668753413,84378765,0xecec755e7fe92dcd57d2310b84e9fc3844b745c55923d8d904e770ac8fa443c0
0x9c74e63b0ebb6a9d135242368751fcdc3161ff32d2fa5b2e831fe79b3161e09f,btc-updown-5m-1772025600,1,1772025900,1772025924,24,Up,Up,True,0.09495496716114454,83452948,0x9590296f5e51f7e492ad7c05e5758b2d59523e008a83a2c04f81f6145c8b80ee
0x9c9a9163cd75a902c60436944f50a6f9167f1df2fd28c0d1ddf991a1e4c86545,btc-updown-5m-1773771000,1,1773771300,1773771325,25,Down,Down,True,1.6573626734020828,84325646,0x3b1e1665a60f0f08412542afd06b89541de2418aa6c5a7df77bc243256701210
0x9dcd99cedcc44b8ce23ad021899f6ed3a673c1ca7ce03ef3596ca366f04240a6,btc-updown-5m-1772585700,1,1772586000,1772586039,39,Down,Down,True,0.5979975348610168,83733004,0x03843dd14796549b20114cefa79c7b33e33db969ae524981f195259a338e85fb
0x9e0159dd24f1a22c5926a13ce0e5eeba20480bbecf5d0dd7fa25bba42973e8fa,btc-updown-5m-1772206500,1,1772206800,1772206827,27,Down,Down,True,1.5045830575856391,83543398,0xb8c990df9cf7d686a48176f90256a21567393e7f18a909940f333f333b7100b9
0x9f052bd930193d871eedbbb77b242a324e4fd5ab27782270a84b70cdf634b52f,btc-updown-5m-1774114800,1,1774115100,1774115129,29,Down,Down,True,1.2728213905476338,84497548,0x5437949e58b8a186ce1ee4970f1a228d3872c3300320ab987080613967c45e3b
0x9f24b73ccc49dd4988122c95322922c52d1ab7d071a8b3a9d1cb858de93dae93,btc-updown-5m-1776787800,1,1776788100,1776788162,62,Up,Up,True,0.32207325054310587,85834059,0x0d0a0ef3b83c5a963ed6a734a32bfd143078fd62bab8e6337ecc5862b40a3623
0x9fdb34a9edd2e493e3c57dd5580561c309348457826ec45e502939f9106f9bb3,btc-updown-5m-1773704100,1,1773704400,1773704423,23,Down,Down,True,0.0811218511246013,84292195,0xd3a9ecb9eeccceb38fc3d7a7d96230509323ccbb3c2a5dd2c01fa882495c43e7
0xa0939346c143388f72e3d149a664557f441eb1181600946a5c02f21af869bd1b,btc-updown-5m-1776713400,1,1776713700,1776713728,28,Up,Up,True,2.183460746013348,85796842,0x20d35c6213a62c5ab69fd08d0fc272dc2245fe58b4b216cff860505c6721e1e5
0xa12ee0b64f6f499e98ade5d63a3d37adae148eca3d228770815bef64f0555fde,btc-updown-5m-1773435000,1,1773435300,1773435325,25,Down,Up,False,0.7397325241778575,84157646,0xb7553af5df395636440d5b11d6ac1b475795979d62e1cd070ae62585187b20ae
0xa2c7e6a7605bd420ee92be2fc22e306d9a1eba7ed5f32153412b0264f04afcc4,btc-updown-5m-1771532400,1,1771532700,1771532726,26,Down,Up,False,1.0318208522438261,83206351,0x1f3c4dd2dc6a8b71372261f0e8df47d41fb9485b2873151048758d3377cc84cf
0xa2fc62f229cc9ff619147340282c7f758ec90ecaacc542d1af7e07df9b37c40f,btc-updown-5m-1775232300,1,1775232600,1775232645,45,Up,Up,True,0.8294412078043463,85056304,0x88ba9f74f0e566fd63f6efff4afa20df55a33f2d97b7c988ae23d95ac8bcdc47
0xa31986346c762b042b8cec0251eb6736eed7b76cf4ca6a02f0647925f02c58f3,btc-updown-5m-1775383200,1,1775383500,1775383531,31,Down,Down,True,1.6266820099140593,85131747,0x6db136da59ad6ba6bc9910e251196b951dc207e58526ac00e2dc90b9533fd44d
0xa409d6b94f1b2845dd0e1fdfa9132ae830167759001d943cd7ba1d3e6a9919ba,btc-updown-5m-1777741800,1,1777742100,1777742186,86,Down,Down,True,0.20391642374586288,86311071,0x8ca7113f7b1e55ecd1d441f782ae7a039e6baeac7e2c82cd9c6f9393e91088d7
0xa427828697680baf4022eb1b51a340a0f21607c8f243004bc767043a1611a2f8,btc-updown-5m-1773201000,1,1773201300,1773201323,23,Up,Up,True,2.127301457761649,84040645,0x1c7733c13fb75fc3946be70ae2f19b8d223d4d5f83dac9db468cb40b93bf208d
0xa49422700abd0802c61e822da523eb1b04c7cd169d4e80d2eb20e05e758c50fa,btc-updown-5m-1773968100,1,1773968400,1773968455,55,Up,Down,False,0.8073339560543449,84424211,0x094ba3c1fb8f645dadb860553ac23bfc5e2c3c4346e13e1ee2c23e75d56b901e
0xa4a8cbca5d7abf455439546fba33a08deff35cca26e991df47726cb39a999a37,btc-updown-5m-1773972600,1,1773972900,1773972923,23,Down,Down,True,4.064234913447538,84426445,0xdd19f88233c0d931c50890b08fd1936eda4acdeb180832591d1519413d27a51f
0xa4b9bb5a1de4749bc501db0a40585bf8fe02523a58df50887e7e00f8aa195d81,btc-updown-5m-1772521200,1,1772521500,1772521555,55,Up,Down,False,0.49595906489797204,83700762,0xd7df43359731e7677f1cebfa0b57ca30a4c8195b2c3a1f72a63ce3865c6432ac
0xa4bc9e6a5665365239420aa8188d3e1e0f2894cfb40aa0e41b4b5d8f77759282,btc-updown-5m-1772250000,1,1772250300,1772250321,21,Down,Up,False,0.41791768298008897,83565145,0x12a3624d2a9f0d44193e4b96aeae4677010d705d1fcd9378acbb126d09b883c5
0xa51b2c1d96c51f3afce6313b78b698a9e8b1f294ba0784370d93b8220ca17408,btc-updown-5m-1777741500,1,1777741800,1777741852,52,Down,Down,True,0.4067247112701801,86310904,0x597d206405653d8117cc5c84aa257218822c6bb85b392ca5165e8ee15952c3ac
0xa5761c871cf2f0720c69401604bce44a6a5d998a8678ab9872f5c73483f8c5e1,btc-updown-5m-1772034300,1,1772034600,1772034624,24,Down,Up,False,3.1204843083422364,83457298,0xda8774e5123de357c72a60940925205dd0cf8a1ace8b152d57cc9c5769321714
0xa5b9e0ff967b04ee4390058cf0b5ebb2051e6f1bb9d7cb82ee83d5a34007bdac,btc-updown-5m-1773367500,1,1773367800,1773367851,51,Up,Up,True,2.961245386425065,84123909,0x5a1cfb28f41d335836e923a85e3b5f6e5c22b7800da7645bf010df43312f43ba
0xa5d5b19fa8ec5bfdce4e50f815569c6c39ac9fe6db75a610300a658b70fce0f0,btc-updown-5m-1772119500,1,1772119800,1772119856,56,Down,Down,True,5.49820939006898,83499914,0x54f602e099c415aedf2df97b9235e6283b66bd7b87d76cd7b6ace314131dc333
0xa5e0d5d18fe5bc1444ce5eac0e8abfa467ab6bb63a480f3a77b71d17f9538d7c,btc-updown-5m-1772032800,1,1772033100,1772033126,26,Up,Up,True,1.8508990263255443,83456549,0xdf890c4b6fcb5227c2f4bc9e8c8cbc38ae897d854ee8d0422438238d93a2590b
0xa6667ce58b97feda9ae8aac7708f43b1829c3a6e4080a275997f1c7248816b7b,btc-updown-5m-1777394700,1,1777395000,1777395040,40,Down,Down,True,1.349223434352987,86137498,0x639df7a86992184b82eb0be636b055e939a35543e3e94419037b074647db7af3
0xa77956c02ebf79fa769af0d8000c96d02d7a96900069cd136c5492e90765a6fa,btc-updown-5m-1773167100,1,1773167400,1773167435,35,Down,Up,False,0.6029012566572222,84023701,0xb9ffaf7bdebd99875df9a61198d1952738998a25b190df406770cea673c5dcf9
0xa7a709e73f4c6c4c07aad2134ad4fec71e7a9a71b67209eb0f9298cd6495a316,btc-updown-5m-1773736200,1,1773736500,1773736559,59,Down,Down,True,6.770659734244658,84308263,0xde25f14ed0821df045accafa196714cf6460febc8bc1be383ece559257df2392
0xa8c82a0ff9efb9ce8d32b2b1ae2256e35a927942a4c1e66654f56ee726f96d91,btc-updown-5m-1774008000,1,1774008300,1774008357,57,Up,Up,True,3.4666019227072664,84444162,0xd723e9025ed32b45f6fd35e1cb90c044883eae889bc438661d621b64079b0f3b
0xa91486b8ee83418693930d8e8c18dd713739cddc2d168b49f0f77ee149ff976b,btc-updown-5m-1773899700,1,1773900000,1773900035,35,Down,Down,True,2.6069356975073528,84390001,0x52b92ca6236be84a4c856f797e66a79f4b99176948e7837460ca4ea9e84f843c
0xa9f841fa1022282fcba82bc4256de82285204903913ee8edda29899fcc4e2278,btc-updown-5m-1773314700,1,1773315000,1773315077,77,Up,Up,True,4.200320117674621,84097522,0xf4ed74347824f3cc655b032b6199d0d2c48ba2bbe5660beb6d3a56b1ca332502
0xaa86e18fee0f0fd42827fcb6a187cec46e4315ce68de012c410137f10c24abd2,btc-updown-5m-1774063200,1,1774063500,1774063553,53,Up,Up,True,0.09707087365045115,84471760,0x2db1e04e1ccbdf348427b3af5c5103aef6e3d9eabf19584991324d828270d87a
0xab897b44908de159b8ea857211196d4b3f6482226d688e19fd893bfa14f145d7,btc-updown-5m-1772660700,1,1772661000,1772661023,23,Down,Up,False,0.6764680466232688,83770496,0x15094d13abf326c8b38d5f17bf39baa1cbd4ca690c1f97bf389d709fc92cd7e4
0xabcf1c207b7ec9ca7b12782a77a49439a146faa3434e5804b62ee56b0a8d5e5a,btc-updown-5m-1775106600,1,1775106900,1775106953,53,Up,Up,True,5.923902730237312,84993458,0xa508f05fadf22fb46212e9d7a56e80d516f633334248f688927842611d6bed78
0xabf6447acfc5c029a31d2b0f8c27247dc1535c21246001bb5e5f2f0540762c98,btc-updown-5m-1775501100,1,1775501400,1775501431,31,Up,Up,True,1.8079795294263417,85190697,0xa2154f14d5a67000e91ba2459e1d3980b2ec4c361643238ac98cb82d1111c214
0xac0419e70bc7eebaf8610359a328d3233597110d977ad5aef3ac17c6e567e1f9,btc-updown-5m-1773007800,1,1773008100,1773008133,33,Up,Up,True,5.663377212593731,83944050,0x601926321715c857edd855c49df4523bfc5a908a7954b253f5f6760ee4e63473
0xac459255357bc555821c973f3867ee56596979762d48d0f3fe56f2b9361fc019,btc-updown-5m-1774846800,1,1774847100,1774847124,24,Up,Up,True,0.9765946630732472,84863544,0xe0a8c0d50fd293553591cd486be956b7b866e424a5fa7cb45d718047d77b995a
0xac9796f678898eca9810b8c957cde8caf73c0083a459daf239e8c124a46903de,btc-updown-5m-1775279400,1,1775279700,1775279753,53,Down,Down,True,4.474156999552489,85079858,0xa69f46aae2987d4f6ec70456d94b1d0397a51bfb4c12ee904f6105004a65e1bb
0xae51a8d2914cb175bcd241c543b834172da889e695861b86604b4b2e1a089624,btc-updown-5m-1774067700,1,1774068000,1774068027,27,Down,Down,True,1.223059571446886,84473997,0x58883ea530a0a440f1967f8b7ae2b37969ca61dc66ec16f2d9cdb1d3736b7b75
0xae6964af2cc2dc33470aebfce3932ab8b4d3664c9d532948fbf4fda7b3ffd1f2,btc-updown-5m-1778349600,1,1778349900,1778349917,17,Up,Up,True,2.4023252368901424,86634405,0xe3ff9b76b9bf722671027b9db5c95cfb0c36bbf455748775d0453d67b0c4ea8f
0xaf1bcf154cb1a4674acfa371e5d0b1e9b9eff49d76ffb37afe2be9aa44663b5f,btc-updown-5m-1773640200,1,1773640500,1773640525,25,Down,Down,True,4.968004968005361,84260246,0x47974e3c5e63c96a2452a644fb092d33ac481ebf6ce95d005e09445ce8f5a4ca
0xb0f80a9aaf12e3b7e86923a713823b8d0dcdec0cb38d178428d66f2de81522ea,btc-updown-5m-1774304400,1,1774304700,1774304723,23,Down,Down,True,4.1990808139322295,84592344,0xd221a8fc65d08d0bef4f49b7a880567d4351cf2d7a1f019877be0c31227abe40
0xb167d761718d5a73e3c3781ba3f082045f35a2d55b71563297c595a001f1d7fd,btc-updown-5m-1771648800,1,1771649100,1771649156,56,Up,Up,True,5.5760107069872955,83264566,0x281283142895f73492dfdb2f79313ac96d53bf63ceae52903ef022c1ff7ff53c
0xb1e74e9bf8bb6c4c7bac0a23a62a4a60273cf1b9413a2eeb58277661552533bb,btc-updown-5m-1774629900,1,1774630200,1774630223,23,Up,Up,True,4.366566824729827,84755094,0x41f08964382c5a287e0b25d767c575b115256243238c8db82962c5b9077b4da5
0xb2042a092a0e04db3bfec859067b5f58e6c162283e89bb65ca024e8f16c8e4af,btc-updown-5m-1773692100,1,1773692400,1773692425,25,Down,Up,False,0.03632453086905683,84286196,0xdad8c64e615c8fe252a5431c694bbe81822133ec08587f30b2238e564e93e4f7
0xb2582e1a362671a5f05c54feb4ed7e9a23aae1d46b0e25614c3d72513d956a5c,btc-updown-5m-1772921700,1,1772922000,1772922039,39,Up,Up,True,3.899301303264995,83901003,0xa5c3a5103ed7afd8acbc77805ff98a54dfdf761b4ee0f969f30d282a0b7f77c7
0xb2fdf453c8751e7629eea24f9aa15c99a546be318570d2d3212d65ca28de223e,btc-updown-5m-1776948600,1,1776948900,1776948918,18,Up,Up,True,1.147277848675394,85914437,0xfa5234857a50716167bcb69687604285721f4bf61ad70db7795841647a63d0cc
0xb3e2add8d7f1db8bee2387000335d48eef970d9e0a187fb304d8c5a99d5f2693,btc-updown-5m-1772020800,1,1772021100,1772021122,22,Down,Down,True,2.5796023928232166,83450547,0x04bfad7f349d14ac91e93b7d34e6b902b139cefdc354f27077abf7bc09197ea1
0xb3e8dc00c7b7c60c9348d24d46de3e2b45a50a47bfb4a82f33ed0e734e3cc95e,btc-updown-5m-1775400600,1,1775400900,1775400923,23,Down,Down,True,0.063889481234002,85140443,0xe622393d0efe88c2fde563aae0db5db5933072303674cf217ef1328705df08c3
0xb4cc1f2be455aeb7e53355155f37ddffbacf3d56587c8872866e214f27a57e1f,btc-updown-5m-1776887400,1,1776887700,1776887720,20,Up,Up,True,1.0111680953654758,85883838,0x1729609501efa507ceae75ded51ea2d1e0813e0578d95213d454d88c645b56f2
0xb7570d4512844ec3e7841e0bd35db105ba9476b1a2d4670d269c41cc4670c9db,btc-updown-5m-1771958100,1,1771958400,1771958424,24,Up,Down,False,3.687364599182918,83419198,0xc4339b331fb9dfdcd29f1f9a52617841fddfa980cf14df21d3ca3580cbb71c30
0xb7f2c557c73aafda42efa709fcdf37858b42202302202c10d9e40d6da3c957e6,btc-updown-5m-1774579200,1,1774579500,1774579567,67,Down,Down,True,2.263636171051361,84729766,0xd1c2503e86a295167752489fa5de8db924a6dea1440dae12fcf76de86bb19e5f
0xb80b5a5ac6f273ab8ce0dbd4b42ab5f00b824bdaf135c5d00ce1b340822c4cf4,btc-updown-5m-1776610800,1,1776611100,1776611152,52,Down,Down,True,1.1093472797710486,85745554,0x26a2b46db8c125f8516c40f41fc6d70867497a3aee89525b747fa28983689088
0xb865e6e4f005291e7591d0db20d91b8e341c11ef8de2b888bf000f0de7e50fda,btc-updown-5m-1773352500,1,1773352800,1773352823,23,Down,Down,True,4.2636658958987645,84116395,0x97dbac5cc31ba52c015d66ef2f22a25def25129f3a2fcbb0fcd87c2a85ccf87b
0xb998b13ad0317bc4cc9a4469dda3b3fa889ea982c98496027cab1d4adf21c1e2,btc-updown-5m-1772348100,1,1772348400,1772348473,73,Down,Up,False,1.057986244590117,83614221,0x837e6f3ddee70d1e0af4f8d1ff412ba51cb1ea422acb40686dbeefb5767ae249
0xb99e67df66df85f82c9873f435ce348fc3104e9379025dd91bbc9dd10f71d42d,btc-updown-5m-1776249300,1,1776249600,1776249620,20,Up,Up,True,0.9825402585538666,85564788,0x18688774a64adc412cf8293c8edd1696a9fc602c822d4d22c1378e1464f2341f
0xba704b864f81de7228bea0885d9fc454f73e4401bfd2d29557d1cc6092285f82,btc-updown-5m-1774872300,1,1774872600,1774872628,28,Up,Up,True,2.1834882261671362,84876296,0xc87083fa3f4fa2d775fdd02883b1a7f343ba83b012ae37e0d85a634c68e3aaaf
0xbb07335ad6c138041967ec2ec173b0547dc6fb0e143ddc15c6a99b2ca92552c5,btc-updown-5m-1774390200,1,1774390500,1774390523,23,Up,Up,True,4.757465530933617,84635244,0xd0a0b2cfb8b40adcc59db65673d47846db72f746ea179c783f2bbf749ad209f8
0xbb12ac5c206733f6a9e7e8a8de5d1342d71db11e9be0d66b10284c2d02001ee1,btc-updown-5m-1773298200,1,1773298500,1773298567,67,Up,Up,True,1.076255825827445,84089267,0x83a4f2decb0ae3f2e345468f44b88cb732ad211810bb468fbac538717c768647
0xbb165487748b2f3beeb8e09617054b8e55ed1e936c9634d30270436a6932874a,btc-updown-5m-1776831300,1,1776831600,1776831636,36,Down,Down,True,5.282817773248258,85855796,0x16d8897b96cd27fe1decb7d6099f5fd733acfce248511fe34a5abb40515fbc16
0xbb1864f121ec6105a24f4cc1dfec577e1db4ec92afd433a2a1e3a95e7ed40bca,btc-updown-5m-1773354900,1,1773355200,1773355227,27,Up,Up,True,1.3915182691527683,84117597,0xb8fb70ce48f3c817c9f011e73d91d4948b5e8112f078c7865381e408e8212d4d
0xbb9105201ce4194d3b0961daad047bdd7c358c11a91a62eeb50bb68d2972d15e,btc-updown-5m-1772838300,1,1772838600,1772838645,45,Down,Down,True,2.4799844417904535,83859307,0x4628db091ba84168123b674a6c733b58867083b250b7fee3492ae65e05cb4eab
0xbbfcd70b073bd02740f5051d71d9dec27d8722f2b3b585f3979383c6f4f8ceb8,btc-updown-5m-1773708600,1,1773708900,1773708925,25,Up,Up,True,0.1325628572349566,84294446,0xbd150a3e010d7625497eda4a2e6f79ec9706b321b59962da1024ae262b4fb911
0xbbfcf7dff2e0cb0599d089413d9da3f1d4dad46026f2d0d77d6fd77080101ddc,btc-updown-5m-1773143700,1,1773144000,1773144035,35,Down,Down,True,4.542363549397999,84012001,0xb2bece798c4c2e539b2dd744987e97d67c1f2b0ae05d7304c438aa52388dc9b0
0xbc1b847196d0f8ce190ecf0cee9bc91ed421e8923bb1fdcc4c937226c36b7583,btc-updown-5m-1772629200,1,1772629500,1772629527,27,Down,Down,True,1.1225401743838568,83754748,0x48ec5ccba726ebe8a7d4732547924db3b2a845eef79a740aaf728748612c32fc
0xbc4a02007e00fa97a6ce9d2ba0e88f8d0a3ba45c19ea4531114cf6ea4a658c56,btc-updown-5m-1773615900,1,1773616200,1773616229,29,Down,Down,True,0.3134403827196498,84248098,0x3bcdddf55479d97963d2ed865a64cdf25c1c7745fe21d817688508e49378d941
0xbd080c4d09ef22cdc86da795278267db047b4c9857417c7a7bbca4ee6af60c45,btc-updown-5m-1773122700,1,1773123000,1773123029,29,Up,Up,True,2.3168690964963163,84001498,0xcbbcfb0622e2dd9ee562cff3758fa4fe62d4e25c5acb37affe8d5eb47679abc4
0xbd1b69ce54020058653fd1614d3b986ffbf46f3697720f0e9acfba67520e2346,btc-updown-5m-1778094000,1,1778094300,1778094315,15,Down,Down,True,0.19743417948359346,86488347,0x4f5d2d8e310d3aaf8b6a786e6ccf7b773336809188e0bef4f27706cb23aa1897
0xbd88fe56c796ea5ee09b57076e20c0d761817f83d3d594c99b1e185c0523253e,btc-updown-5m-1774611300,1,1774611600,1774611623,23,Up,Up,True,2.5424386147828733,84745794,0xe4dcfda19287992298606d5dde5b18e00b9de30d79ab83ef0ab036ae9401be97
0xbe02c77380b564b6982d8cd91f64303052d231a8061d72be9db1757b623ee348,btc-updown-5m-1774703400,1,1774703700,1774703735,35,Down,Down,True,0.1650963715030279,84791850,0x46b35024e19dfd96f0fa05efb6e8eba172e01ed055a92a6429577ee5c115ee5c
0xbe1d24445fdbe3a055f4254e2de0e76c1f4c5812c826d51e6b2ccbe0fe0853e8,btc-updown-5m-1775954700,1,1775955000,1775955023,23,Down,Down,True,0.47649027992358856,85417493,0xbf1ba9176ab27a1bba8783079db0a1f1c2f26ea2f10b5277d2ff6ebd7a6cc51b
0xbe9999cc6ad1104e54686c7cde852754cabe4564a6de3157db3f585f9f8c057f,btc-updown-5m-1774230900,1,1774231200,1774231257,57,Down,Down,True,1.0415262609852804,84555611,0x85a5a541fee573a3ab9d0ebddfa9b7d14be2641338069911aa8317088e7d75cb
0xbeaa34352babdfdaba158cd485bbbe13b90b74012ead2e7e7e18ad059df7f4e0,btc-updown-5m-1775237400,1,1775237700,1775237747,47,Up,Up,True,0.11628110186702037,85058855,0xe9e628bd3533a433155d4baf7acf8eaf9f346a9df9cc8119d037df405c800f5c
0xbedb34b794d78d4415aec5e52cd167f12c1ac1b8598cdb444f39f7907e603b90,btc-updown-5m-1773444000,1,1773444300,1773444347,47,Down,Down,True,0.17895932234862955,84162157,0x41a96d6e3f3c37d32d5fced90d7408c1de7ed2242e94e84f694a051b5580a70c
0xbfbe4d60fe720b62c320a69f5fc4a24681b4dceccce8006392400bcee4ec3d80,btc-updown-5m-1772321400,1,1772321700,1772321757,57,Down,Down,True,0.1076330734297824,83600863,0x93c8e8504b2d2c52719020abab1d851617ce4aaf03bbf850c3e4406f012da062
0xc03664f3d2dafe708c006f4ca7eff1ac9b08df4f0dfe0529303e42aab2d169f8,btc-updown-5m-1776360600,1,1776360900,1776360922,22,Down,Down,True,1.350162837050927,85620439,0xb550522fcd7629addca31dace2cf9ea92e27d1a88fbbfb80f90b4bd984e81058
0xc06f4d5ff82f762e8c9ff7e02424f81e012176bc5a06fcc4e82d06b7d1451e8c,btc-updown-5m-1773096300,1,1773096600,1773096701,101,Down,Up,False,0.16562890119570886,83988334,0x8ec851db8d410d1bd8e6cd4ced94348cccbe438e9bbbb10b13e60566708f6cc9
0xc0c04eb5d01d6446dd0534ddb5013cf4814d09e6f239f5f2999fe7682dde7263,btc-updown-5m-1773240000,1,1773240300,1773240321,21,Up,Up,True,3.322943609743344,84060144,0xcf12411c2311660571940ad367488faed39e20f383d517939624727a0c642a40
0xc0fbf408533bf45861a3dd40e2e39dc7d179cf941738b6e0cb43d553cc6c81c4,btc-updown-5m-1780830000,1,1780830300,1780830316,16,Up,Up,True,0.21982768526625,88083554,0xdcbd3b446832d1a5ff0267192b84f8b12ea14c5d722cd8a325bd07304908b4aa
0xc3054fbefb0ded41498e98de3dcce5a9f3b3e1d831aa3cf26ad542b956943831,btc-updown-5m-1775238000,1,1775238300,1775238343,43,Up,Up,True,1.456834658373149,85059153,0x77b6551e4a9b3ea2db290f6bf450dafe4b58ab338759e1f12a34ec922b75ffc1
0xc30c34907758a6d8f8715c0bb3059e7e6f53d78971fecf49bf8d74f3e0d0d941,btc-updown-5m-1772907300,1,1772907600,1772907657,57,Down,Down,True,0.1806645515987539,83893812,0x9dacb3571ba69b20b2ee35736ce9441eac504f2869bf9d77fbed0e14c21d9ab1
0xc47e94407042665b0d745523c62080286e427291b633a2a09468e40aa70296e3,btc-updown-5m-1773612900,1,1773613200,1773613225,25,Up,Up,True,2.0187388278270704,84246596,0x2540aefa669a340413bb48dfded0819681f3dfa0525b71ae13cd9a99d4ad4068
0xc66a1dad890b58790faa56e169e80d79e14e3167c1a0368e2f0a3130d6190f42,btc-updown-5m-1778193600,1,1778193900,1778193916,16,Down,Down,True,0.4823701251641788,86545262,0x38ff4ab90c6b1733ab43448237f4fc664c3591c9398059b5635ef1b01c398b7f
0xc671de1eff725fb96391655abff489e4a7275fb93a87e4d324aacec9f56fcc3e,btc-updown-5m-1777398300,1,1777398600,1777398636,36,Down,Down,True,2.542761810031353,86139296,0xec5ba7f60f252956f3b244c988f7a79f9b75b85c414e56f9e4bf698627843f41
0xc8307f3f6770f7c5590d1025c7b92e50704e9e7dd8cc9ae7dbf229ff19b85fd5,btc-updown-5m-1778378100,1,1778378400,1778378421,21,Down,Down,True,0.7676221582520641,86650693,0x307b4f36aceeed8dfb75cb489a78f4e3b4c99b0d8a3b7ffcf66de8fec264e89c
0xc8ea45dd3561960db9cc6ae9729326922414ec433adbdfeebc85b853a16b237a,btc-updown-5m-1773897000,1,1773897300,1773897331,31,Down,Down,True,1.4511378210105563,84388649,0xb08f653a5ca75c5b216dfa7c651c5cb24cf1261afc1b6c3ed763065ff8579e2e
0xc9b82210d5d67d3699db8f13289a245e900ed632f45bd98e4484a8c96778ea7d,btc-updown-5m-1776090900,1,1776091200,1776091221,21,Up,Up,True,2.1558796519437053,85485592,0xfa06dfe9bcb989ab332144096f896a2934d6893cff1b0a0fefe92a3931537fc0
0xcb17068bd9e5d2e4ffa864319596796b8f2f279c064ea4b6e23b8a69abcef63b,btc-updown-5m-1773264900,1,1773265200,1773265237,37,Down,Up,False,0.8726223153297951,84072602,0x83a1381d3811b45fb490f12a7b88b3178c528a7be250fa32e2713ab1e1a72a1b
0xcb26895ceb55e7ad2fb7eeeacd184190c7f5b4e5d7a1c4f7f1a86794ddafd715,btc-updown-5m-1774753200,1,1774753500,1774753526,26,Down,Down,True,1.1937160520862833,84816745,0xa463cc7d2865f3f3ba7bc7429ea728cbbaa859560e977d5ed38e47452806a943
0xcb3dc1946763bcec71f9d0d274db12d4cd638c06f634115330a29903b9026636,btc-updown-5m-1776711600,1,1776711900,1776711952,52,Down,Down,True,1.7525481379505812,85795954,0x3437cb3cfdb959cd65a7bf8e4bcc7ff204b85268e7df361bdb2618fc06dd23f2
0xcb8f01bcd98902aa4e61621779654d22f6f7d9e51d7c4ac1bc6d55c3ae152c05,btc-updown-5m-1778593200,1,1778593500,1778593521,21,Up,Up,True,0.6940406937335626,86773607,0x2c2382a6767d64e31936af6f2f48a475915be0b9de36cfb4e5ff26097d816c0a
0xcba3755f6241e8cf6ddaa4b21f6d7b3fec5336702d919699cb859ad3c6e3ca0e,btc-updown-5m-1774714800,1,1774715100,1774715129,29,Down,Down,True,0.6436195401449355,84797547,0xab1ba422280ddb7caab23e0c93f9c71d2e1fee94d99ab4a7f696ec47313221dd
0xcc018e53a65c6a3a917ce668a6757c5f6d102e78b973b182886e3199cb35ed5c,btc-updown-5m-1774910100,1,1774910400,1774910423,23,Down,Down,True,0.3115348840467826,84895193,0x59a90ecce7b635cda2158fc56e918ba5c464b6ca2db15c3688fd02438d608bd9
0xcc807952b4460db48fa140685a85076471b511409ee312e22c3948e513e270ea,btc-updown-5m-1774658400,1,1774658700,1774658733,33,Up,Up,True,1.879709354781892,84769349,0x2bc800b2ab8a14dbaafa39c2f7ddd661d38d778da72ffaed099bf850bc2486af
0xcceacad986bf2d15e5932a5cf0cf01323398f8d43dc5b1a09c0f98684ca78d26,btc-updown-5m-1773489900,1,1773490200,1773490225,25,Down,Down,True,0.8356778962305487,84185096,0x388f8247f30660979ebbec292787c6ca4875456970f36dbab28006f86d9d4986
0xcd2b51cbe49567b33346e25c3b69c85940d8c27fbe08945956790b7e2bdde9e9,btc-updown-5m-1773373500,1,1773373800,1773373833,33,Down,Up,False,1.0412371595825614,84126900,0x47045297b3a9071ff31b11278b8cce279f67d71303b995b12e864ebc87603be0
0xcd444b1e0a32be5c91debeb29007b053c0669fb4e879b9de7b398e16f07a55b5,btc-updown-5m-1774916100,1,1774916400,1774916423,23,Down,Down,True,8.034050825212848,84898193,0x3d53c4928cf1793178609bfefdf1f9e09a0552e26b9f58718c1bba8a90e13387
0xcdf111b44758f2e37bbe36553a072bf2fd2b31d62ce754e493bc7e2e5f790575,btc-updown-5m-1772088600,1,1772088900,1772088924,24,Up,Up,True,1.2874844080758017,83484448,0xb46bf66ff7f280ff49f7f32fb9d81d2f706ab542911ee59e498ac502b56e49c9
0xceafeae88b0be1e7afc2de17d20b8773876fb1e887dd8800391a317ae1b46199,btc-updown-5m-1778064000,1,1778064300,1778064322,22,Up,Up,True,0.3448854504820865,86472139,0x073f1d0200088cda3b492f32b9b3e6cc4bfaa8c072db3d2147fc0bf24c4b76f8
0xcf5ef1f93890996128545b92e47927c6cc145bdea738db217a0a8cdd7ffe9663,btc-updown-5m-1776153900,1,1776154200,1776154217,17,Up,Up,True,1.3185416796654115,85517090,0x78594561c9a77b89dca57d411e345012a4f7b6fb697d1081ed03676d74990503
0xd0522afda1d306ed3b07850de63be907bcad8d10244fe285960c5ba1449a0529,btc-updown-5m-1772244600,1,1772244900,1772244941,41,Down,Down,True,1.8844305841761015,83562455,0xdb8cfaf109776b1b70158a46174a01c76b930ebf7e9ba2c8c99e042dad1ef762
0xd079a1b0775c7589ec8f1db0fc5415f1847e6021a3dbd953f874567de376d221,btc-updown-5m-1776455100,1,1776455400,1776455428,28,Up,Up,True,1.1227242858962982,85667692,0x6cb0d363b5b006d2c6a3c05d16473bea3fe9cefded2e542d9f0b1e3043f9f8d5
0xd15e23dcadbefad2f646f2ede1e0c7a099b28a0801223269748feba47f9ad310,btc-updown-5m-1775954400,1,1775954700,1775954723,23,Down,Down,True,0.5415099244214958,85417343,0x290ac154ce74f8920d0a6046fdd55045c988584a0f1831dd71fb40d479a8e218
0xd1f5712f931ee3b3544e974c5741b01da345a4c291428106811ba777969b8eb1,btc-updown-5m-1775580300,1,1775580600,1775580627,27,Down,Down,True,1.2937102403842153,85230295,0xc1f9841bf485d711ba82bf5a524491b51aefbd59b1655f96138379c5db1f95c4
0xd1f6ecb479df1ed23a3fc86db7c2e6317f604ba52a78752ffdb2b652856e9f52,btc-updown-5m-1773858000,1,1773858300,1773858333,33,Down,Down,True,1.0957182910843561,84369150,0x652e927f0e7acb404ec66951d87c951a491315deac327860033e1fa2aada611c
0xd207870398d50722cc4275b8c9c6f06836fe43bba18305edbab6db250562bbde,btc-updown-5m-1775382300,1,1775382600,1775382673,73,Up,Up,True,2.234122715602916,85131318,0x108e125da860e4c4b89d10f08b71544d21cc87240b36043b10f7ece7a67ef31b
0xd26e3194b47f8f3f77bd245db9291d9f298df68ad0c635422084344a0a932e3f,btc-updown-5m-1774791000,1,1774791300,1774791324,24,Up,Up,True,0.4728839058430613,84835644,0x674b6e2268e72b5998f3ffdddc6556edc62e917d0d9728faf471618e4d4021d0
0xd273564a7a99fac42581dade7fd1acc592cf9a71c30ddcb5cda4ab75171e99aa,btc-updown-5m-1772303100,1,1772303400,1772303471,71,Down,Down,True,0.261817919942505,83591720,0xe20878ec5e63b8c926812734dd757417a648b4ebcee1863bfb79bd283ef18958
0xd2b5e02d318d5ab28edaddc2a529af561bbeab1b4eaf925f3c356eedc8b82cb1,btc-updown-5m-1772852400,1,1772852700,1772852729,29,Up,Up,True,1.5292087822686644,83866349,0x998f88e0136273110496560e51d11512ef5742769fce0176213b5b1e0aef971c
0xd3b6b1c4345b0040db230ddcb4adc88786cbb934c12b29a920de791330823de5,btc-updown-5m-1772066700,1,1772067000,1772067022,22,Up,Up,True,2.5887282427216554,83473497,0x668e0cc0c8fa2f59a49ca2cb9255286d8356364c3f6b9f75eae42572134b90ec
0xd3c561a144bbccee681fae63a152d29c26d400e91525c353fd31730986392698,btc-updown-5m-1771624200,1,1771624500,1771624532,32,Up,Up,True,1.3858197354042532,83252254,0x9d6c153dd6b781e8c6728127519421c0977259f857fc40d870e78b9cc99b2648
0xd3e1c99ae4764e59071227cc35df06c9fff9b062a75da2af356230a3c9f5ce12,btc-updown-5m-1772928600,1,1772928900,1772928955,55,Down,Up,False,1.0284670975221546,83904461,0x1e5bf6a7cee776da2fd97df33daab7bf00d4249c96541f866d571f53988f8437
0xd3ee9d5152ac4f23838aaedbedd208f4e76e7f4a7d14d689946d0d4e50c96e8a,btc-updown-5m-1773486900,1,1773487200,1773487223,23,Down,Up,False,0.9732574329533427,84183595,0xedf2bb02bdc64c4cf3708d767ad2106f18c5368fda3260bd36503e1e41abe366
0xd46a5dac3c6108b083e32ed417bc214cd058a2912f37cf459d8f38c5cde4841e,btc-updown-5m-1778244000,1,1778244300,1778244326,26,Up,Up,True,0.2537473516401149,86574068,0xf19cedf5f084d07a16377bd631b2e9ccd06b1425b114086d42adda7df1d4f4e6
0xd4b992c805e0bfb9834c932a6b656548eaef18d0989060d8d89340049c97396a,btc-updown-5m-1774280100,1,1774280400,1774280423,23,Up,Up,True,0.4495934549086632,84580194,0x497ec8488600b2d6736c7ffc340a0b9cfa8cf2dafeb7a8d0978894be05be8ce9
0xd5cbcdcb8dc9d72fb0122afd23b74acd1cf7d441f21c5f67742ef7934c7d4cbe,btc-updown-5m-1775850000,1,1775850300,1775850319,19,Down,Down,True,1.0043261215970138,85365141,0x24d876a6b60ae7c95dc6508cdd22b36341731e5fea669da6c8b8c92ca7836ddd
0xd5f3f89a15970925fa65bee3e3fbe6343511e2f27921c84c7bfb781fe5f65c65,btc-updown-5m-1775362800,1,1775363100,1775363125,25,Up,Up,True,0.6117861763199053,85121544,0x79d8339f263bf6555c4dd66751ef21e6f4c5783850267bc20391b82efa3a2887
0xd63862dcb53670f87c4dda7bf5b9a014703b56f6a29fba0f10f84079b7d0b000,btc-updown-5m-1773268500,1,1773268800,1773268829,29,Down,Down,True,2.797725746738321,84074398,0x031525f9bb17b279608af0b2d2be511cecc548dbe829f850a08846f6c834a653
0xd697a792f77e8bc1c58f60948d23e627424ba511a9bebe30ab3a508cddb92942,btc-updown-5m-1775139600,1,1775139900,1775139925,25,Up,Up,True,0.06744608451575607,85009944,0x38e1ea8bd51a66bf284f4462e42e1938f01e239005402451a6245d8b3fc3b4ca
0xd6b82da735d3215f7cd4f0be81b8b49f14c99e4e2a6de46d4593bc4283597a8e,btc-updown-5m-1773444600,1,1773444900,1773444955,55,Up,Up,True,2.1103328329447546,84162461,0xf0e7e742760ea827d29f7f4884e315de844e811e736bede29256d0456d6139b1
0xd796b6eec7afd4ed964bc957c9ccb7f3da4836fcc8cdfc0e478091d1ed3580ba,btc-updown-5m-1775341200,1,1775341500,1775341521,21,Up,Up,True,1.010613338777517,85110742,0xc816e44ef96b78a4b61591914308a7c997944b5b68c90719706ba7681d416719
0xd7dad71976e1b56c0a993e3b3ea4dd0fb13638708a96af9dacdf82e1d99d6f90,btc-updown-5m-1774817400,1,1774817700,1774817724,24,Up,Up,True,0.07872188155989822,84848844,0xe145ee91ec0f29d4886f6ef6d98103a90a679f34daf69e07dccf8bee8c43e765
0xd8232bfb55effc0c6f75dede32f0b98be01058739e7b8e4cd3863df3d06e669a,btc-updown-5m-1773888000,1,1773888300,1773888347,47,Down,Up,False,0.5002125456820457,84384157,0x1afb0fcf9b381eb508832d0c0efa1f67a4a1d2b5ae3befddbb22491783c62870
0xd86fbdfe2bffe9fddee707c919a27208dceabbe7d5f01d7adc11f7cf1d23461c,btc-updown-5m-1773774600,1,1773774900,1773774931,31,Up,Up,True,1.5755642471526943,84327449,0xe47541bc6298b1ebabe642667d2488309582e0b02fc9a3efedfbb9648b26ab6b
0xd8a94c255424423e000bfda611d0ecc4253956a6fc645e361853b31233afe9b7,btc-updown-5m-1774889100,1,1774889400,1774889433,33,Down,Down,True,3.3588546555875105,84884698,0x5b5fcd802d96f9fdec61411a0eeefa0839db5cef305106f79e67828bf1e011ba
0xd925740ef504ffba50419118440645585a7c9b01a6b8eb978e2138a4e3352369,btc-updown-5m-1773269100,1,1773269400,1773269427,27,Up,Up,True,2.66828078199844,84074697,0xb42c08e75af32230ac4276cb3a26c3829159f430de8765d142492c2419c0e06c
0xd94b7ae4b1fcae5cb038e8d5783ed2dd9a88e2cba1eae5f158b0e2123984648a,btc-updown-5m-1775580000,1,1775580300,1775580323,23,Down,Down,True,0.43749977089456493,85230143,0x1c6c92d25e62506be571d76758b0ba4efc0035ca39875aaedcf1ad5242e29c02
0xd95c25a1e33bfd71a28fd2941f0116160adc8ea6e772cd252a6ef44703967425,btc-updown-5m-1773446100,1,1773446400,1773446497,97,Down,Up,False,0.5512403408016673,84163232,0x408f4291ea938afb0e6513b2f88f497e1249fc5b66b3fef771af3a1c8b37d3e3
0xd975434a2876f178fe394a9de2a6aa30727d964f9c20dcc537b1b25b25ae14ef,btc-updown-5m-1778333400,1,1778333700,1778333717,17,Down,Down,True,1.0651085733979073,86625148,0x97fdd3b910732a26bccd1274d2df228848ccf14a650e9261e84e7ecbf861772e
0xd9a198fe19cc58a4d72c1f4e28dd53b3d9fc12519ab33f6952c8eaa9343857b4,btc-updown-5m-1777912500,1,1777912800,1777912820,20,Up,Up,True,2.4940190474857884,86396388,0xe5e78caffb74f9b6d8bedb3f368875dfdfe54364f09d8e16147f86bd1a108523
0xdaa7414bf20774248c4819b77f5b6f14af000ec729bcff04e1f889e5a8d5f39d,btc-updown-5m-1774554000,1,1774554300,1774554321,21,Up,Up,True,2.157807310077561,84717143,0x0ab9038d8e0acedb6e4709574997ba219678c542246ac2510d6bec50413ed6c6
0xdade058b23ee0de9955da40307a2489993f3a576a0497fda90efd68a85516d06,btc-updown-5m-1773756900,1,1773757200,1773757257,57,Down,Down,True,5.105297400787161,84318612,0x562cd95447c075b94d20bd9280dda56dab7be1a823f76a933605f1e682e97df6
0xdbf31cc1cc692540e660b708eccd7cf6360608dded3ede0f40144f6e26dee669,btc-updown-5m-1772540400,1,1772540700,1772540735,35,Down,Down,True,0.9344823916463717,83710352,0x78e4f0bd1e77070a0d977f91aae0328a1b0532a229fc9b0f9c79fe018c8acdbd
0xdc2b523878a170a60fe75db1902d82c139dc43c43786808e565fc76d30aa49bb,btc-updown-5m-1774557900,1,1774558200,1774558225,25,Down,Down,True,1.9564700237866683,84719095,0x452ff13cff347709efe57bcbb396b88c59b3e9ed8ab02c9788626b67d1454e9a
0xdc5c101af4bc6da399ff37166ef75c933e8ae6e9222f0224e8ef6f9e80d176de,btc-updown-5m-1773664800,1,1773665100,1773665145,45,Down,Up,False,2.266368836146909,84272556,0xf9d8f4fd5a70cfbc130b14e6faecb258d7b0ee430c96f57dcc710919ef445c93
0xdccbe75ce50b22e90b20e2f24f856e0781d32e0db6fe011225a55203cbdd327c,btc-updown-5m-1773312600,1,1773312900,1773312931,31,Up,Up,True,2.0177441129798157,84096449,0xc543fbef92b39cf58357a123e2f54c187d9d38a5060867683fe74afacc40d46a
0xdcdd2aae8603335ddfb55cc00571769666bfbcce6e12b53799d972449ca17c7c,btc-updown-5m-1771693200,1,1771693500,1771693526,26,Down,Down,True,1.2274034783193528,83286749,0x72bbc38aaea053e2d4116c4edd4a44cedcd68aa3469ccc590538b40db490a03a
0xddcf601dea27ded0850f9c0975254f889235ad99e4654d648b6c7ba5a72af68f,btc-updown-5m-1772535900,1,1772536200,1772536237,37,Down,Down,True,1.9695789130766925,83708103,0x449a9904beabb9921621b32e15968f28d006a7dfd1b53a38114b2f6224025845
0xddf435a9c680c22955230bef486d83ad5b7c92cf29f3b68407508ef10e3e41cb,btc-updown-5m-1775093700,1,1775094000,1775094031,31,Down,Down,True,0.6092181234766938,84986997,0x41e9c59baa94b7a14c17aada6cb1625ffa2bd42ee9dcd6630298427c76b24a20
0xde21fe12f7c8320fdf556e49cbf5497a8c2c8fb59db4b5d90742d333d73edef7,btc-updown-5m-1776651900,1,1776652200,1776652252,52,Up,Up,True,1.3447525912293,85766104,0x7d49228ef46d73e79fd76059e9e862c3d354f4bc5d3321dfd5547a09e426045e
0xde6dee529d1bad26939a1fa8c7d306a97acdd6a44842965c8fa5058c98128004,btc-updown-5m-1773445500,1,1773445800,1773445831,31,Down,Up,False,0.5820888307025864,84162899,0x3f20075cb53b188500b058254c55ce171ed1ac030cfdd79447a25817ceabfeba
0xdedf82c050c0c1d47500891a0d99dfae13a07c57e397d0b8cbe97179df515daa,btc-updown-5m-1777708500,1,1777708800,1777708854,54,Down,Down,True,0.2397683171850502,86294405,0x85afe2c8556c7a138518c6135845c63390823c7836e275b2f9f96a8b0756106e
0xdef659fba9602f69b6b02d90012d7d4ca297d6ee6af0cd94e384d748a621f6b3,btc-updown-5m-1774503300,1,1774503600,1774503631,31,Down,Down,True,2.760627839902388,84691798,0xecd17fda62e91dd9357e737c4f98deb286f9fd0d01451bb1151da95ad4a0db89
0xdf19a7c925db74730ae293563c853dc7416e8a91ae45ab1a4a0bae03821094e8,btc-updown-5m-1772955900,1,1772956200,1772956241,41,Down,Down,True,4.97098003145679,83918104,0xd74353b30f1659ca3e38f9c2dada53b5b8d86b816c13b83f59f129a8fe534bbc
0xe0687401a493679284d1d99db4fae9e17a3682baf9fe0e732e3a6ca4e5b2a538,btc-updown-5m-1771954200,1,1771954500,1771954546,46,Up,Up,True,2.1479515398754576,83417259,0xe25a52affff478721ff41c7e3aec36b39fe32a6510b5bbc39dcdf8b88f084d96
0xe259bd7ba8440202507be836ed36e2936a2b3aa2fccc6dde5ae8f2505771c1cb,btc-updown-5m-1777908000,1,1777908300,1777908322,22,Down,Down,True,8.038042273979475,86394139,0x8cc967eff0a6ee9f15a21e81bebf2687216665d849d1f9db37e92e9757573717
0xe2cbf885991bf9fb304f4a845b020ebc283d6d9f3241c0d5cb19547c9cc35526,btc-updown-5m-1774574700,1,1774575000,1774575033,33,Down,Down,True,2.394058254877615,84727499,0xb9e6a3b03bdcf3c7392cb4683c922a02fa5ba150f0ac7e4a509e182501ad2399
0xe2d5e7649a057752e164ecb31d64056c2256b71c47baa134c32b095802bb0c5d,btc-updown-5m-1772037000,1,1772037300,1772037326,26,Down,Down,True,0.152935039913712,83458649,0xf68adf2a7edcc09d0c65a67f5d8e871c48101f04527e9c56392ba444e130922d
0xe3e4f736311552201596b20100a24199d71281d568344aa486c98e9e6a525541,btc-updown-5m-1774364700,1,1774365000,1774365027,27,Down,Down,True,4.747977081842125,84622496,0x9268181644b27cfd26447a68df713eedfb6aa49ca2c5827097fa19f66da6fec2
0xe43e1da64f2ead5f41a5b9e45dca0719662a581dcd1d79aba5fe94fe0045ef0b,btc-updown-5m-1780728300,1,1780728600,1780728621,21,Down,Down,True,0.3732819274977501,88015757,0x5403b8fbf682b91efda85d310812ad5f19629dd67bfc11eaff06c084e2b4e2f5
0xe4f8df6d84ce860e823b93126d5d4b66d323bb7ac848ded7ad94894160510e98,btc-updown-5m-1772538900,1,1772539200,1772539251,51,Up,Up,True,3.975120893817918,83709610,0x2dec37e7a0d1557ea3b50ed90b5d8b0fa9ffe02829030fb9548b93481d1d6568
0xe529a9153c60c50bd6c5ae299f3af1422432d44e59e75af0cd5eb25976aa988e,btc-updown-5m-1771866000,1,1771866300,1771866350,50,Up,Up,True,6.54612743307234,83373161,0xc93ce632ab1b8ea23f68f76a03b9bb3c866854a3e7551ac40ffbeec69f8afd96
0xe581ff7e28caa9c238b4d8cb8cf1b205cb0f89f42908807b64f929e0a55c0883,btc-updown-5m-1776048000,1,1776048300,1776048319,19,Down,Down,True,0.9664569842141129,85464141,0x70064ccea6dc51cba8e9df77086098b20449ad20311ecbc09c2ad3046c6da2df
0xe6fb0bcc21cc9f6bb2836c6bd0e07fdd83896f4c282be41e5a96c75ea138bc65,btc-updown-5m-1774362000,1,1774362300,1774362341,41,Down,Down,True,0.06312617343182067,84621153,0x134412629adc67f4b091b480269f49d0752c80bedd7052322f6c5bf506de5a1f
0xe70ab80b4712062e236de4b75a8b3dd69ffbfdd4c5fa280b569ffbfd55d6580d,btc-updown-5m-1774625700,1,1774626000,1774626043,43,Down,Down,True,6.211535726949688,84753004,0xb40bc3f108056390fc4ac7b67efabba0ea15066df94a4fb5bc64b11a8dcc3951
0xe78524145f6523ccd2fd072e0048a4f037c3da8d802b06fe43a325e04c26cee5,btc-updown-5m-1773302100,1,1773302400,1773302461,61,Down,Down,True,1.4901008411631262,84091214,0x6554a653db4f3ae88be12987bc67eb895707714475b9f45f0fa02b8219b477f3
0xe7a4d111d3dddfe22fd3e129370d28cb6eafcb0e861bc5d144e2f855fdb40565,btc-updown-5m-1773159000,1,1773159300,1773159325,25,Up,Down,False,1.4987068377191883,84019646,0x57dd4295083c065266fefc7853f447a4dfb386881541899b934cdde38bf4ef42
0xe7aaaf6fc2e96a815880cec0d66c5adc0ae531bf9c0aae9cd035b920b3558c86,btc-updown-5m-1773628800,1,1773629100,1773629121,21,Up,Down,False,0.7049395486118416,84254544,0x4784746236d1f1b322377ecd961a5b6e8b4a8d770bd0c6808aeb8d72b96b58f4
0xe7f8c5aaf2fe3480a0faf00a6bcbaa24405a69deff151b7407ec8a67cfb1a206,btc-updown-5m-1776964800,1,1776965100,1776965122,22,Up,Up,True,2.327868434085278,85922539,0xea8b549f41f5ab9d26d02d92854ba6d62e52b4e34be5680d0a8ce38aaa0dbc26
0xe868797274d8cd27784a263554f8f8785f03e90c9190da85972cc00c5781304c,btc-updown-5m-1772214000,1,1772214300,1772214323,23,Up,Up,True,0.9958283852973769,83547146,0x4fb11e612f9e8126b485a7010029950a29c6b200e360641946f55993ef47dcab
0xe906a0565a7309260a747bf75ad9453ba92a5d87777989b738ec01ef85ad8821,btc-updown-5m-1778090100,1,1778090400,1778090416,16,Down,Down,True,0.16176683109848908,86486119,0xc85dfbf2ddaee05b7883412730059202fc270476bb2bdd15ef947a35b2752b01
0xe9a20af9a826c3114309f2d67210b3f604a9ce279e772096d9b992fc616ce690,btc-updown-5m-1773973500,1,1773973800,1773973823,23,Up,Down,False,1.2964180828930572,84426895,0x515d2e1ca1556222eae91b7cb98b795deb05d2983740d9ae6534182c79288af9
0xe9c81ee452dd1965da1f79af574733f59377c2377d2abec4dc328748312a8003,btc-updown-5m-1772840400,1,1772840700,1772840725,25,Up,Down,False,1.7652950991860268,83860347,0xd2f87f11406c8bddc2690f9d478edd0bd1ad961fc83d03a92a164dc12eaf3148
0xead38e3e0dd82c44b72e0ed79bfcb61e5dcb51c5f8744d525064aa94535dc2d3,btc-updown-5m-1774116600,1,1774116900,1774116925,25,Up,Up,True,1.5350966064971103,84498446,0x59bc1527a6da0d31938c4b2929f8c68f4d942afb88fa80b82373359197ef55f2
0xeb36841ef9df6d72361e9786bedba44bedbabdac0478d933a31f205895d658bf,btc-updown-5m-1772795100,1,1772795400,1772795447,47,Down,Down,True,0.9447165484150575,83837708,0x883d5eddf94c4d837b1b3115dcdd14a4f9777311722c6fe1066a0acd8008b2ad
0xeba13e380ff8b879f59501a1a128ff26ba8af10054cdae97bb8ddaf185a9d727,btc-updown-5m-1772981100,1,1772981400,1772981483,83,Up,Up,True,4.569084557468695,83930725,0x4c5649163ff0cc2eb6847300d0e2501a8316049985a0ab82a206937501563a08
0xec0c9c10a997017a8aac714e0ab4e64f98124f973838cf58ebd9bcc2b006a55c,btc-updown-5m-1773258000,1,1773258300,1773258323,23,Up,Up,True,2.6418298825344935,84069145,0x7085646c36213cc2465772473c80e5208ff5b610352ae76a78893d2fc01af7b5
0xec61a3407fe96e2fd77e6d99d736d252166fc9f82fb24f43ce64f7a0704ca555,btc-updown-5m-1771709700,1,1771710000,1771710028,28,Down,Up,False,0.5745610286616426,83295000,0x1ccf96a5054543227d43c70a18839d941da004aa971ebdfebe4344c21b4c16bc
0xee1071bc7cf3a9f5c191e4297898df7e2c55cf89288690f49fa42432f3a13228,btc-updown-5m-1774197600,1,1774197900,1774197923,23,Down,Down,True,1.1990954034832653,84538944,0x3d89659aa4188443e42a8b81d260fb7f3a6031f6909fa2076de9f7ec91cad0c1
0xef5f80429e179b9f19a4a3e3f296625bd3b7953ab8ca32d75c926a7fcf990822,btc-updown-5m-1777538400,1,1777538700,1777538754,54,Up,Up,True,1.635185671017496,86209355,0x6b4325d9d074be37ffe926c896dca3d834b8fa8da5eeba3f00c8bdab1017bd52
0xf0eb1eabb048cee31a7b7c1fd7ab8c750d82156aa9cd493bb0ff07beea6befee,btc-updown-5m-1776703800,1,1776704100,1776704122,22,Up,Up,True,2.941871527132444,85792039,0x03dac5ab67281092c2ac5dccf466ef1baa8250992949526c15f79f2f1601e707
0xf10531b47281fe02e36d1113f9f4055005b080bde81af6ca6c270eb25085c4c6,btc-updown-5m-1772850900,1,1772851200,1772851227,27,Up,Up,True,0.025836444852803352,83865598,0x4fc0ddfd6213fdee51fc598c875c09c8c37f8935144b5af26a8f9db516c31995
0xf11cd61fba869c1c81b0a6b6a7e5072b1d7f1741ffd10ce8f419adf5908569a9,btc-updown-5m-1772464500,1,1772464800,1772464867,67,Down,Down,True,3.5015720730116393,83672418,0x45c3528577bc4df0417fe32fdb2c6ddbbec7349d6e9fcdf50b1c55dea2bff3bf
0xf14fc311118abf14108278c80b323c6d2b2ff92a7a9a575e10ba52c82473da0c,btc-updown-5m-1773220800,1,1773221100,1773221167,67,Up,Up,True,1.7965340364302838,84050567,0x7b47cb059516143ed7c02ae302221b360f6380a2a5b1ed785525489af46641c6
0xf163b83de66768807baec88040f54c9f49ade08bd50f0bc7249f989f7b51e1f4,btc-updown-5m-1773519600,1,1773519900,1773519963,63,Down,Up,False,1.503486296327068,84199965,0xde5950ce62c1707bbf1fa605d834dc41f52df37c511059fdb8ab7843dfc589af
0xf168ee39051df457835f06b6c9b4f0f9ac1e1da9a44ba7ddf57513f4fb281f77,btc-updown-5m-1774605600,1,1774605900,1774605923,23,Down,Down,True,1.987039906632168,84742944,0xb651c9e180490f02d21bc00925477c423b81104674f7fc96ce91caf36855ee42
0xf19dd6e06be2227e91ee5fec72037b86839270225b257fb5383282c0f3a53ffb,btc-updown-5m-1771541700,1,1771542000,1771542038,38,Down,Up,False,1.18518385865621,83211007,0xa009a1b37e0c3064e83f24fa9de68cd7ce491695f07444855f9abffe7c24bbe4
0xf1aa7da3ddbfd4256fb8ed5244808099591480c85f3ce11bf1d1e87451eaf879,btc-updown-5m-1780689000,1,1780689300,1780689352,52,Up,Up,True,1.3058611635775534,87989578,0x58148117a4732f2be334d43e1f6ebcb9eed57566d24ff612d80ac15f28407f76
0xf20607a873d2a8141e4419736b29e6e3e7c5bbde2bc736692150d1a12aa43e0b,btc-updown-5m-1777463100,1,1777463400,1777463428,28,Up,Up,True,3.358693804814399,86171692,0x3dd4202abed78935eedadd924eaf73b401f5d405633cbb3df3b9f9868e767e3f
0xf222365d2fe97a0bf5b8f89d619cbeed7b778c6d50580fa9987880867c888d5f,btc-updown-5m-1773514500,1,1773514800,1773514845,45,Up,Up,True,2.4195708942309553,84197406,0x1acdbebd4811664f0d334fe15761d130c3cd93ecf9fe95bb9dc1da16fd391944
0xf2472956741c294c2cb2e98719a753e166a0b32ef06058752dc2fa42016e9e91,btc-updown-5m-1775660100,1,1775660400,1775660439,39,Up,Up,True,0.9753518198924379,85270201,0xd3198bbde4d590cd2303f004e8d903134911ddf1682b110dab26a0fe1734d529
0xf2664ccbbedbf30e02c075c3434c5495177233c98b4f97a4698dcc7d2b4d0f07,btc-updown-5m-1772621400,1,1772621700,1772621725,25,Up,Up,True,2.3464313483987707,83750847,0xd2bf15cbcff7e7beca84996e9238aa4de0a70385c957216ea0366068e3a8462c
0xf2962b8eebaed7b0e11723710d8a4c84fc5b66474bab880be7d96bd846fb2518,btc-updown-5m-1775661900,1,1775662200,1775662223,23,Up,Up,True,0.5661542363831807,85271093,0x4f1857c6cde1733a7ad1f388d683e2193a49cb1afbbebe2362fd84db65eb7fff
0xf2d022af73eb7f0cca816fc38e0cecdbc6e8f0576211aeb9d0546159e23b158a,btc-updown-5m-1771951800,1,1771952100,1771952124,24,Up,Up,True,4.163162347738656,83416048,0x35c79d091ff02ca78f965cd02f2361d27262b16a7317f9427a7b659e9b80f649
0xf4ca325a1e97e5025cd275a2d04d0e6b9caf10cdccc3347d8211b5ccc728c404,btc-updown-5m-1773215400,1,1773215700,1773215733,33,Up,Up,True,1.5289471747582704,84047850,0xee510a9adb6315079b276aab7220801f030becc5b368bda8cd64d2f7055842cb
0xf4f2a366e4f47a08da9ff0a07d5179b489febabdf4a1f4129c08b6f142c6d09f,btc-updown-5m-1778344800,1,1778345100,1778345152,52,Up,Up,True,3.3036536738235913,86631682,0x6379946d04a3cd7b5ce2f5bc96654b34af3944860ad1c94354f309da72c1e9e8
0xf57c3271db6e86bfe63e2a004cee0817e77530e16dacf5a9a38e2cb63518d12e,btc-updown-5m-1772841600,1,1772841900,1772841941,41,Down,Up,False,0.07677216412328289,83860955,0xc6c6f7306e5b5cac7c29b71e922f11d467bcf1df29ed37d637582d9013a6936d
0xf58554bae6868b71e2c127678161539b53e5cacc310c80bd38d390042021bdaa,btc-updown-5m-1772924700,1,1772925000,1772925023,23,Down,Down,True,2.212696814230967,83902495,0x36a87dbdfa18f911cff3b6a1a5084c042383bb95cf693a7ef77903c989c828a0
0xf7dbefff7afa138b3605a85ef1d86f5a7e433187261001c6802164e097f2f61f,btc-updown-5m-1773743400,1,1773743700,1773743725,25,Down,Down,True,4.751894826535898,84311846,0x0cf3f728896b189d9d590a81150ac4a8bc1f0cc393e6604e6d4eaee81d40b5fa
0xf7ff32787fa9097d052781bd795e6eabe54cf398a895bb9af444c7286a0fe8b8,btc-updown-5m-1774376100,1,1774376400,1774376439,39,Up,Up,True,5.202616523813912,84628202,0x82c66b1613eb987714b906bcb5defae37969ae94b5098101da70b90abc6bf3f6
0xf81c06dc3ce74f584a846f41e2cc62fda34503893d8a1b11b80fd382834c07df,btc-updown-5m-1772883600,1,1772883900,1772883933,33,Up,Up,True,0.6190419025032204,83881951,0x7afe6a8667cf956d928ba66add44cadf52617a63247efd7330f41b7f24564205
0xf99480a41fba9f00306b2bd9fd91619259c3ba9a9135b5cbb0317af58647578d,btc-updown-5m-1777392000,1,1777392300,1777392326,26,Up,Up,True,0.8908111942690645,86136141,0x2b75dfc39c26f12176852633279bd5fb52142486b046b6c41147c118ec759c29
0xfa52c8d9efb1b5a931f5770b9fb70499015311f008d6ac8e9bc128a67769a38a,btc-updown-5m-1777147800,1,1777148100,1777148136,36,Up,Up,True,0.9886152602449919,86014046,0xd86f1dd7ee208fec31cf6a9432464d07a5ec3c09c4e85f6702e7ed1edcc5c28b
0xfaa152b39b352009d6bc650b6c258779c0df8092859aad6112db46efcae0cc6a,btc-updown-5m-1774015500,1,1774015800,1774015883,83,Down,Down,True,2.7866857005751178,84447925,0x5d6022cb563ebf877c38e313e18902eeaf2674454bea40b868ebbc9edc5276f1
0xfab9fabba8d888f58a1e4fcb8278c6ed2ac9d899aff254655032338f999b5435,btc-updown-5m-1771724100,1,1771724400,1771724424,24,Up,Up,True,0.37949350688909955,83302198,0x4bb3f75bc0fc24ab09cf32bf3b9a53123ba1f3e614afe32c84bf2f81d5de4923
0xfac070ab408a6da373a7c7460b7b863ff1ff86edf1817ecc6cd70ffcc78cd106,btc-updown-5m-1775278500,1,1775278800,1775278853,53,Down,Down,True,1.1242718006582015,85079408,0xdcedad3a7c2b47a1995c0fd3b5847df929575a01ab9ac5a40187b09aed6a9ffb
0xfae06031bac96372d07f5a17f42c2782a83bcbc20a6ffea63956f5aa1c3fc62c,btc-updown-5m-1773428400,1,1773428700,1773428731,31,Down,Down,True,0.25661312412991455,84154349,0xeff4c613de0c51a8169ce1f89cdecc00497c0023966d35a177031cda379dba94
0xfb420e97d85a03e53b2e01b7a53d2b4dd20842a98502ce30be23f046cdc4039e,btc-updown-5m-1773761100,1,1773761400,1773761427,27,Down,Down,True,0.3500457665509965,84320697,0x8f8cea9d8ff4ba6df0a56a21860a92aa32fefd1654b72d1351aa9ccfd65c3cd8
0xfbae4fc865e96598c538c6134a6e7e0533f83ae2966e573245b3cf5b04107b5d,btc-updown-5m-1772720400,1,1772720700,1772720729,29,Up,Up,True,1.5285118785421856,83800349,0xc513991ddd55863a838f5f38e485af87ea27e2fffc696c2d8b4adc345f20e266
0xfbcf14e902683904313692de2745c22030d55dcfecd914b1d624bbfb8dcd72e9,btc-updown-5m-1771641600,1,1771641900,1771641950,50,Up,Down,False,2.6295450655594497,83260963,0x66d7ab7ee5fb85375bc79f92e6dd815c2d206769619a88a3e2c0b1c687880001
0xfda5c0bf46c7a65037c05fa405920c6fff9b81bd660da0576948713f769c5f59,btc-updown-5m-1773654000,1,1773654300,1773654321,21,Up,Up,True,3.30748434721425,84267144,0xb811e2dee30d538dfb685968bfd1c797f07accf6c40f562a801d0f119139c4cb
0xfdb2f8f2b2171081f543360d9ea3872b6ed0a2a793d3f206175546108f5e4cab,btc-updown-5m-1772901600,1,1772901900,1772901925,25,Up,Down,False,1.3094820187525302,83890946,0x42de14d0a2ee9865e1e76375dc1ff123274fa7b446b95d785f59b2663db6ca1a
0xfdfdeafae6c76960eedf68e3d8e93b2c823a6b0a576c87a98a46df960bedf9e8,btc-updown-5m-1773368100,1,1773368400,1773368423,23,Up,Up,True,4.258588486500416,84124195,0x7b4b78900e2743c032f0840bde353988ab25891aa5ae192359ead21336d20437
0xfdfe614c7f2f5a6a7924095e1c9d7d13202dba45033121f51de3f6c360f87126,btc-updown-5m-1774333500,1,1774333800,1774333829,29,Up,Up,True,1.5144884357607227,84606897,0xaef0d4ed47eb2daf672b8b456ccb798b2f9659fd67d80c4d854cee9eb9908ae3
0xff119d0c858600e0b6a23b5995325ff26e95ac4e8d5da5093a8cae922f4c562a,btc-updown-5m-1778493600,1,1778493900,1778493919,19,Up,Up,True,0.2617744934305457,86716692,0xe8c88a9057fb6d2f799ad0ef9d0fb3d0e74e6c3e593ebf5ea9449891fccd3752
0xff70ec92753bf011519942b9c29f58c144afca5e24db47a17d0fa93762dbe32d,btc-updown-5m-1777078800,1,1777079100,1777079118,18,Down,Down,True,0.7809823026912496,85979537,0xcf0cbd119e0df4c34dfe6656aa6577a702b6be72a0bf14b4502a9b3439e661af
0xffce623d14d95a5f264269b9207068e58cf8f973a917c39673dcf3b79fab1010,btc-updown-5m-1774848000,1,1774848300,1774848322,22,Up,Up,True,0.20480834707147472,84864143,0xd31372e054c2886c4877f4e3594d29dd1870906fe343e75e52676e378e0fa9b7
