wallet,label,n_markets,n_buy_trades,buy_shares,avg_entry_price,win_rate,edge_per_share,profit_if_held_usd,trade_edge_z,market_bet_z,n_market_bets,market_bet_p,contested_buy_shares,edge_contested,edge_other,contested_minus_other_edge,market_bet_bh_sig,crop_member
0xb6c4093865276a93deebb559a66ea597cc1cee30,,18,27,60638.54666,0.39963202841774265,0.21267501535466388,-0.18695701306307877,-11336.801560039734,-1.8541711549507347,-0.7891741331546072,19,0.7849948809370731,5769.545004999999,0.6827721699832904,-0.2784101380041747,0.9611823079874651,0,0
0x5b16eb52abb9ff43f758897c96cf901cfbf6ddbc,,6,45,26619.539794999997,0.35855286892953026,0.5395509429767736,0.18099807404724338,4818.08543491895,1.7438958802433209,1.1334829796450936,6,0.12850574239792115,9066.717829000001,0.7525370569665597,-0.11422412420900535,0.8667611811755651,0,0
0x47b94b46610cefca8c10d82e79215b8fe5341ccd,,26,324,107330.99844399988,0.15590264670579848,0.5003073159616348,0.34440466925583635,36965.297020004466,11.409703672144243,2.9000250602148046,26,0.0018656641340633543,61019.95972099999,0.6762532830612235,-0.0928428986294797,0.7690961816907032,0,0
0x533bb9e07294d9c37be0cab940490f01beaa52c0,,9,223,6290.753198999992,0.38244399308950416,0.881105830201876,0.4986618371123719,3136.958547033866,16.643845844133917,2.089151484483141,9,0.01834704454119293,5862.224846999994,0.5496605797284149,-0.19899584349198274,0.7486564232203976,0,0
0x0dea38db81848dd8ebace819856ecb7c98d61036,,17,59,15406.042404000005,0.29293789479536797,0.49743818074979756,0.2045002859544296,3150.540077044069,4.992075043128221,2.591425854390554,17,0.004778956763809838,5636.5211469999995,0.637939303982204,-0.045572171720807714,0.6835114757030117,0,0
0x97fe7eb667db3fbfd2447b1bf24504095b80521f,,24,271,72370.77743600002,0.11091088525634366,0.3276508660276539,0.21673998077131026,15685.64090988342,7.827501745032624,2.0194807918280975,24,0.02171863588525809,33026.635621999994,0.5705737650781494,-0.08027855683717931,0.6508523219153287,0,0
0xd1a0cb709a6066c054d810a879cf30102d7b5bdc,,31,36,9584.246880999994,0.19412012850370416,0.19638093335546675,0.0022608048517625823,21.668111849055094,-0.8019143584741112,-0.8114990194001848,31,0.7914604221019964,3031.0161669999998,0.44532070937225227,-0.20266433698432887,0.6479850463565812,0,0
0xcc5eded5f326c47e34f6118a7bdb316cf2853873,,3,48,8943.515525999996,0.30592308921716543,0.23183084917473434,-0.07409224004243109,-662.645099175601,-1.0148050881498552,-0.37772405562210726,4,0.647182202179309,2555.285689,0.3884581906331607,-0.25911196007510684,0.6475701507082676,0,0
0xb7297599d79d9bf3990b2ce312ffbacb17e84e2e,,9,34,53414.92831200001,0.340495787156346,0.4951289041056047,0.1546331169492587,8259.71685650577,0.12072630875046095,-0.2151252139349959,9,0.5851651518940011,48661.89222700001,0.2122405219038257,-0.4351552375349631,0.6473957594387888,0,0
0x14a4dd8431d48be7c9a18ca14eb4dd2c0783ebc9,,14,115,98342.65523199996,0.12834940530143282,0.11544981855752873,-0.012899586743904096,-1268.5796117910359,-4.243346173897989,-0.018095780055457544,16,0.5072187777852897,13776.990877999999,0.5420919087692018,-0.10331586655983843,0.6454077753290401,0,0
0x2842d5201b2119d0ec14581fee3c3324bc0c9bab,,39,371,11628.009123999995,0.20652531964963455,0.5501315988647483,0.3436062792151137,3995.456949777032,17.089439619059707,3.076690778548412,39,0.001046561559171266,7040.644714999998,0.581493981759623,-0.021501579318539674,0.6029955610781627,0,0
0xa4f62bbb786a7193e297dc27840f936b0eb2a0f3,,21,354,6559.228027000002,0.2788589975723323,0.7113585978095767,0.4324996002372444,2836.86349954243,19.403734023381997,3.2448669914040247,21,0.0005875274762781329,5422.978369,0.5363920219779988,-0.06334772683243209,0.5997397488104309,1,1
0x2bc3848c5a5f961cf44e2278bad2def1d5ff2b11,,59,59,9341.82296,0.6498775414158569,0.4032508233275276,-0.24662671808832926,-2303.9431375870017,0.9064913826541579,0.9064913826541579,59,0.18233791197803326,3115.150908,0.1413014101574379,-0.44070385124252964,0.5820052613999676,0,0
0x8f845e0526f88ea9ba01f1dd26700788ac83e259,,19,38,4554.789494999998,0.4912342284907976,0.5728274744341397,0.08159324594334211,371.6400594856859,1.8275365139418887,0.7390455862119187,20,0.22993965831329508,2230.829957,0.3779271290104803,-0.2028654517279712,0.5807925807384515,0,0
0xbdad533e9128530b460113654e144f8466305751,,85,132,19797.446005999987,0.43652051345128945,0.10519809188361026,-0.3313224215676792,-6559.337751563294,-1.6867453918259665,-1.1216074641542737,90,0.8689853116981936,3036.2077010000003,0.15844073724296392,-0.42004036993091975,0.5784811071738837,0,0
0x6815011c4922261042db01634fa1639c1fdca799,,38,109,49601.738773000005,0.21063149239027681,0.19987405309260245,-0.010757439297674365,-533.5876939096488,-0.7126434999069946,0.2835005413830389,48,0.3883965833575391,8864.407882,0.4568978427328143,-0.11251882320331097,0.5694166659361253,0,0
0x5318da148d084d036ad4148be0554ba0302d1118,,6,36,10470.726302000003,0.32285180947718156,0.42697031963733567,0.10411851016015411,1090.1964228589804,1.7523423490848904,-0.3109060741044431,6,0.6220639866493334,9134.496213,0.17413194483557437,-0.37449476098715323,0.5486267058227277,0,0
0x773a2f6c325621852fdfa5c83f91071e78602e81,,5,149,53177.97737099999,0.14144840849678425,0.2131496666358985,0.07170125813911424,3812.927882794046,1.133617113645068,-0.08431632289175812,5,0.5335975325880966,13775.912774,0.47625297723401105,-0.06973978693869556,0.5459927641727066,0,0
0x3e09f7fa03c174b8e907a73596ed69e7be64c187,,44,289,3067.9435850000027,0.38590047027041846,0.5120551279628559,0.12615465769243744,387.0353727853849,4.0014151105729105,-1.3166841702224314,44,0.9060277440589388,2320.5176970000007,0.2587682342526887,-0.2855679708801059,0.5443362051327946,0,0
0x24418a3b6f7596bed28c9c6c5ddeaaf766c26d21,,74,83,20509.136294000004,0.291729102334741,0.28322933227077807,-0.008499770063962908,-174.3229427094766,0.868395426755338,1.2164456025759216,75,0.11190761058111316,5400.4816420000025,0.3855622827123931,-0.1493544610238782,0.5349167437362713,0,0
0x7ca89ffbdc051f4fdb9df14b5b778f1621750cd4,,11,22,10894.430991999998,0.31128855260041555,0.38764611837930496,0.07635756577888941,831.8722310952112,-0.1877931712727651,-0.25983920811734507,13,0.6025060971506776,7375.828238999999,0.2473856772157187,-0.2821580333244925,0.5295437105402112,0,0
0x0e9413ac17b3912539e5926f4304195a31004d79,,9,55,40022.085076999996,0.2763028916188227,0.5135744173112113,0.23727152569238863,9496.10118761037,0.32848281563812215,0.47968895931002264,9,0.3157242898529765,26061.177333000007,0.41502278543263627,-0.0945412178769264,0.5095640033095626,0,0
0x3a1dd973eb7b418dedc537e44d57a7323f309e5f,,22,33,2794.6382209999992,0.26413024007086217,0.4233237225878477,0.1591934825169855,444.88819077606286,1.711445781379643,1.2129755986426762,22,0.11256957498914603,2502.2481099999995,0.2114358983316767,-0.2878923843307649,0.4993282826624416,0,0
0x78f857c975d6506070bf611fa8718577cbc0e919,,33,204,6085.959607000003,0.31765636698183436,0.46915273849598504,0.15149637151415069,922.0007976421869,4.544156656180026,1.701592951864274,33,0.04441584983740367,3342.9640080000013,0.37191832439990563,-0.11713791114338823,0.48905623554329386,0,0
0xd4341930859f1a5aac3e26ffd98908483b2d7dfe,,150,735,10205.889365000008,0.172086441516848,0.20579930762359372,0.03371286610674573,344.0697816625054,-4.1397669138460484,0.28433419061349335,188,0.3880771433035659,2387.371755,0.4058704699781337,-0.07992485861419789,0.4857953285923316,0,0
0xd7e5a1c8d23664d481761218fc4767941aecfe31,,177,222,13983.872557999995,0.03798019781563412,0.08409183186722231,0.04611163405158819,644.8192140185422,-1.446266539369532,-0.9492285841428542,185,0.8287478166952214,2262.406287,0.4477686601086634,-0.03141376763109092,0.47918242773975434,0,0
0xcffe543755e0cccc65f2128ed3fca7446d3d3b04,,37,88,54183.45623400002,0.14041078781746744,0.15070924318179396,0.010298455364326525,558.0059055107895,1.0816981616460535,1.592349321253143,42,0.05565311828869037,11891.605333999998,0.37827662586103705,-0.09316949607201605,0.47144612193305313,0,0
0x16e44c669dfb6f75a11a1a6dc95bb91898620641,,16,23,6343.247452999999,0.5081672427018553,0.7148697711383452,0.20670252843648984,1311.1652870334246,-0.8126372105259758,-0.4182564162915844,19,0.6621201741822617,4721.290084000001,0.32719182968813476,-0.1440249038006515,0.47121673348878623,0,0
0xb26d3cf055da5e980234d51e4b1042d6719e14a1,,327,409,23149.540053000026,0.2898074296601583,0.324809994055392,0.03500256439523369,810.2932664251748,-2.639683524985329,-2.1581589120284943,337,0.9845422606441415,6950.35687,0.36263545932383645,-0.1055702976052858,0.46820575692912225,0,0
0xd088614308b5b71fad64ce4324b3f789248f8f13,,109,241,6135.071498999997,0.40169548706644287,0.36462530947921745,-0.03707017758722542,-227.42818997825498,-0.3219370775561177,0.6507973910715882,132,0.2575886422864547,2425.5576309999997,0.24504181124193408,-0.2215360972873953,0.46657790852932934,0,0
0x5ba61105b276b4e793d0b5a5d773b78186720f07,,23,27,35792.26331900001,0.28024774561826776,0.165454399103517,-0.11479334651475076,-4108.713685725171,-2.443610034788944,-2.238480981720568,25,0.9874051468636941,9236.670085,0.22311144652004694,-0.23232471046886372,0.45543615698891066,0,0
0x5d9becc0728c1b835f4ec3cf60593efa02d9a5eb,,13,22,15102.578599000002,0.34880621039167575,0.19637877509184945,-0.1524274352998263,-2302.0473222596142,-0.942643760925177,0.34936069681715215,13,0.3634092679968458,6226.713613000001,0.11521999339146366,-0.3401909817648966,0.45541097515636025,0,0
0xa0f6f910b469cfd50155d8713f0375284d43b859,,94,403,6474.526089999999,0.3481352450521617,0.5442246831690503,0.19608943811688856,1269.5861830612357,8.895292634678967,3.061701751139312,94,0.0011004131064668724,5581.854679999996,0.25719327854048835,-0.18599153122259537,0.4431848097630837,0,0
0x3d8b48028eb38a898e9d23279476acf63e9df68f,,28,37,5581.963033,0.4623099925356009,0.5962023055912988,0.13389231305569793,747.3819418797693,1.0111111770534724,1.0301846937075911,28,0.1514616567563998,2063.482033,0.41115142984269937,-0.028711721462443662,0.43986315130514303,0,0
0xa3c6c925887da8cf6f3c6bdcb883158edfddfa1e,,25,153,6964.071810999996,0.31068922258561255,0.2654390364097297,-0.045250186175882834,-315.12554598996735,-3.519810481253881,0.13805884149719974,25,0.4450969569691148,3197.2908540000008,0.1923622408501216,-0.24693859025341958,0.4393008311035412,0,0
0xeeeb1cfbc6b081a99a46e121c5c9ff9bab40e8ed,,24,150,6625.698601000001,0.3256055763379012,0.26967118406658713,-0.05593439227131408,-370.604424619831,-3.190785158993613,-0.21483770735055094,24,0.5850530734844427,2800.6550620000007,0.19669480857457305,-0.24090673126409334,0.4376015398386664,0,0
0xe857de4371c0b8963f95a44506d68ad85b5dcb6a,,55,91,19360.139231999994,0.19400677735538277,0.2587988435908786,0.06479206623549585,1254.3834234481656,0.5335015820277748,0.8752921233411757,57,0.1907074893947084,6954.564515000001,0.3448986029289723,-0.0922356430763934,0.43713424600536566,0,0
0xb8ab6299d29edef7d09d07b52c4cb763cdc00a28,,20,24,6076.084604999998,0.3319760924022412,0.371488515999688,0.03951242359744683,240.08082872668524,-0.9511559587725783,-0.19790484980118678,20,0.5784402451824611,2152.355812,0.32053710725970497,-0.11464326429693897,0.4351803715566439,0,0
0xc9ccb165fd8fa35f201d7e2bd5eef65b01d3386d,,25,166,7204.698335000002,0.320001201146228,0.27930812498064145,-0.04069307616558654,-293.1813380962294,-3.6299646166200965,0.029914875051222103,25,0.48806747129183836,3469.125003999999,0.1829557459606182,-0.24838963361623836,0.4313453795768566,0,0
0x8cc2240e61e0314cf131ec4e410e8468b5cdeeb8,,27,41,14084.327969999998,0.4882752704734113,0.35799979741596444,-0.13027547305744686,-1834.8424889879798,-0.9942521026476518,-0.5006342387120497,27,0.691685719316854,2132.40897,0.2349478748470073,-0.1954370210168071,0.4303848958638144,0,0
0xbd8adeb3fdd772fa1109f951b2ca48d16871823a,,82,484,6459.780311999996,0.24227232010687763,0.2532010792939177,0.010928759187040088,70.5973834310305,-3.8375097620965706,0.25281238400058437,99,0.4002065987291653,3095.167866999999,0.23330670689376587,-0.1936407385850177,0.4269474454787836,0,0
0xc850cf70d9da621ff0c219f625c9623f88b78c51,,43,252,3284.5545049999973,0.38089654773345666,0.36344586889417496,-0.017450678839281697,-57.31770579687077,3.107823073125143,0.38648664964177326,43,0.3495681440244299,2329.2521120000015,0.10468339715670322,-0.31524230643841544,0.41992570359511866,0,0
0x4ce40eb4cc65c1a4cc812eef8015e383f750cd79,,49,55,39655.768107,0.3170127119772371,0.12102714886394572,-0.1959855631132914,-7771.958043140498,-1.3747970484959577,-0.9420488317319943,50,0.8269161801468512,9147.311609,0.12639779618754587,-0.2926453546459863,0.41904315083353216,0,0
0x298c55c2a64afbe017337c462447b14128046b2a,,54,64,16353.439194,0.19534446461538754,0.0936553622654452,-0.10168910234994234,-1662.9665519722248,-2.10363402194306,-1.5896246805424914,54,0.9440402847758874,2620.3901820000006,0.24843528994702185,-0.16849600875885418,0.41693129870587603,0,0
0xd94a21730adba21dba901c2f081da58cbcb52728,,77,153,148787.51599600018,0.066258426538003,0.05769931681788941,-0.008559109720113589,-1273.488674392922,1.3865677834983878,2.1290551193054092,81,0.016624850185396355,18148.324179999996,0.3524616921215389,-0.058711919581138784,0.4111736117026777,0,0
0x6cb89bbc50a7f960adcf61aab45d00beb27a2764,,24,148,6325.519099999999,0.3238707132609227,0.26213789869040166,-0.061732814570521044,-390.49209766258923,-3.5193129984568667,0.3948493773699755,24,0.34647702581249495,3020.570275000001,0.15197734392363127,-0.25705400905618014,0.4090313529798114,0,0
0x51c4c32a1b50523a7d3b72e5349c2a7fb7d68e93,,25,26,9733.295974,0.5124442414754375,0.4049366567633772,-0.10750758471206034,-1046.4031414523606,-1.3948386024200412,-1.3948386024200412,26,0.9184677423795166,3914.2322769999996,0.13557345004959342,-0.2710176752926383,0.40659112534223174,0,0
0x368cafa118fcdb41a52ac05a412b0c7834452589,,19,294,5366.561275999998,0.39087088605450054,0.496626998170886,0.10575611211638547,567.5466559841084,2.604627198061236,-0.29766813683889404,29,0.6170217676514922,2240.3677979999993,0.3406250214747672,-0.06256128249814547,0.40318630397291266,0,0
0x156fafebe95f28916022c238f9f95b8de89a2bf8,,31,41,6241.107706999999,0.18827001968405935,0.3141331191578489,0.12586309947378957,785.5251601527757,2.2502087939158786,1.2610394783981596,32,0.10364731195671878,2947.925821,0.33832597269670794,-0.06432523863177544,0.40265121132848336,0,0
0x29706db8417c77c7711592b5fac9a8de3300ffcc,,75,163,10202.507495999997,0.29663149236494535,0.28479214096526456,-0.011839351399680786,-120.7910714030213,-0.911081467636286,0.2924436958634255,80,0.3849737015939294,2276.77941,0.3003478807293508,-0.10151962486651758,0.40186750559586837,0,0
0x3f68d9f72feaeb73ea95830cfbefba117f0eec24,,28,213,8349.563402999996,0.28673323881806656,0.23701494970251455,-0.04971828911555201,-415.12600725898596,-5.788571650181459,-0.15641000991133816,28,0.5621450762430018,3734.972547,0.17183061168869773,-0.22903625860487137,0.4008668702935691,0,0
0x6158db10332291b50409498062e09f054eeff84a,,19,36,7795.009953999998,0.3778283790085543,0.34315626288935985,-0.03467211611919446,-270.26949027536466,0.24742378628284373,-0.2113596876637936,26,0.5836966946397335,4452.684503,0.1368873158388499,-0.2632255694624391,0.40011288530128897,0,0
0xb5da465af22fd4ae9b4111ab84643cde27b97a34,,26,162,7557.680754000002,0.2844249083241196,0.25259944963798614,-0.031825458686133457,-240.5266565994134,-3.091878058871812,0.1598730080354168,26,0.43649055573361084,3561.5628429999997,0.17962682148028808,-0.22028350744273198,0.39991032892302003,0,0
0xbb9bfbca044dcdf7d6896a8d7de7fd23782a4cbf,,19,62,11691.698753,0.37554386214995183,0.6080189686871585,0.2324751065372067,2718.028913204602,2.4975499153217933,1.471474540811341,22,0.07058141385936713,9674.194578,0.3013912733471062,-0.09798686501676668,0.39937813836387287,0,0
0x49818089c6e2755e0e300a48a8dc4747cf9cd2b4,,45,234,4092.741196,0.34459942417651807,0.3398881276342497,-0.004711296542268373,-19.28211744511418,-1.0258209858388598,-1.165902046898048,45,0.8781729743419487,2720.6468100000006,0.1287776127484273,-0.2693987545901511,0.3981763673385784,0,0
0x3c5aba24aed29a61d795afac0619ef578df40a4f,,23,40,19666.554593999994,0.02979554029146803,0.11481694066986713,0.0850214003783991,1672.0780122001177,4.393820887591715,3.1264174545260164,23,0.0008847508611081776,4652.716909000001,0.38861536322750445,-0.009060925143847997,0.39767628837135244,0,0
0x9c2ffbdbac458089b8d14031ccc54da9c58bde0c,,77,270,15898.231381000014,0.30286439733854,0.47853275768096537,0.1756683603424254,2792.816239044766,9.134221711290618,4.457711705680958,77,4.141960452182936e-06,11160.260210000008,0.29257917648240667,-0.09971430502112857,0.39229348150353527,1,1
0x5aae6da342dfe802af09e771e858fc1628c939d9,,17,30,9990.363139000001,0.31685924196325155,0.3466986919102821,0.029839449947030527,298.10694083884937,0.09146172488951589,0.8287722313867293,19,0.20361665206042034,4178.033569,0.25798363701564153,-0.13415573660686464,0.39213937362250617,0,0
0x9ef9b93cee0c7682abb3194dfe9de27d9faa151b,,23,30,8186.521172000001,0.2436303513196739,0.19600032080635288,-0.047630030513321014,-389.92425322030863,-0.7159260591331198,-0.36179923565139305,24,0.6412489683143379,2223.897608,0.23736212303137777,-0.15392440944970448,0.39128653248108225,0,0
0x49881eecd53a9683658415cdcb64b52d125c3e34,,14,68,46744.95000899997,0.372189496170913,0.7061989208597769,0.33400942468886385,15613.253859615783,5.811808793160659,2.5459695278132783,14,0.005448735034049523,40893.516209,0.38251812215583264,-0.005,0.38751812215583264,0,0
0x53789f1ac0d9059e655d932a5906392123127726,,25,163,7511.806023000003,0.30603625691155945,0.2742443899233258,-0.031791866988233664,-238.8143379246285,-3.030918713442891,0.1245334363009389,25,0.4504464640441533,3482.0137210000003,0.1755413345635159,-0.21094180785832534,0.38648314242184123,0,0
0x416089090574c398d13174c0aa31a0d6b9821125,,47,59,4936.124964,0.4379751556906425,0.5982727162577565,0.16029756056711397,791.2487903836331,-0.008554756188703147,0.16464020228219003,49,0.43461359307079744,2386.026492,0.35959282698709605,-0.026175154361156916,0.38576798134825296,0,0
0x4d2106c4d239ea4e4d0d135bc5b2057a64b62c72,,73,115,6233.864527,0.24831348644618367,0.28107111975421994,0.03275763330803627,204.2066482674411,-0.004035517216654048,-0.0876216634718786,80,0.5349113082797692,2833.4956519999996,0.24301118728118143,-0.14244469117520225,0.3854558784563837,0,0
0x6b10d4fbe39555e8ec9f6ad7cf175c5527fde159,,62,68,10499.654199999997,0.49429190886221275,0.6063339706940064,0.11204206183179366,1176.402905088852,0.6675505320652768,0.2020039492568545,63,0.419956818383675,2384.7453069999992,0.4074546842697675,0.025228534498761557,0.38222614977100594,0,0
0x49499b8c4c2ad29641ae1de9d42b7c5de49af7fb,,75,146,14126.234657999996,0.3357238354222126,0.2939228522335652,-0.041800983188647445,-590.4904974579467,-1.4497566658764736,-0.9839085627896922,84,0.8374197634381603,4977.0173989999985,0.20556972183702177,-0.17636640753733288,0.3819361293743546,0,0
0x040e72bd4eeeb84da2d0637dd05fe0364ac5fc30,,22,68,131754.903063,0.04365587781790655,0.07829851824237002,0.034642640424463474,4564.33773097155,-1.4761929307224233,0.8948615665768083,24,0.18543054704145087,24189.237968,0.33939038945506045,-0.033888668474179796,0.37327905792924027,0,0
0xaf01f580b8565db2717f553d93bcca382ef15e37,,10,46,57154.173459,0.2028129853458865,0.2888288212205883,0.0860158358747018,4916.16400380358,0.40690663865168114,1.2160131529711942,10,0.11198995579366601,30231.373990000004,0.26181598955909635,-0.1113886056527088,0.37320459521180516,0,0
0xf147fc41a53031a63a2330f1a83978bd426d141f,,25,163,7094.267785000003,0.3244858333273306,0.2715476872853904,-0.05293814604194019,-375.55738406296155,-3.477133057456425,0.03826694888057378,25,0.4847374212238463,3510.710457999999,0.13459112206756257,-0.23665530267084484,0.3712464247384074,0,0
0x5a9190652775faeb12e77c0b636456ab827ea912,,24,151,6529.198385000001,0.3257149872208865,0.26955349864131906,-0.05616148857956743,-366.6895005329077,-3.2020716540701972,-0.17040865700162636,24,0.5676556177924346,2951.023716999999,0.14652898117445684,-0.22332615742686168,0.3698551386013185,0,0
0x8bed6b24821d6bcd595e9b34b054013f9eb085b8,,61,104,7916.214737000002,0.09256225739810184,0.1761808900257981,0.08361863262769625,661.9430518951584,0.5909044064127159,1.1646051489380833,67,0.12208942932338575,2241.192161,0.348002340488871,-0.020792351755069348,0.36879469224394035,0,0
0x8798065a982d4c8dceb7e72cd469c2e2f303c85a,,55,541,17269.975234000038,0.1145968138460245,0.11267493957773875,-0.0019218742682857587,-33.19072101615711,-0.3290507175836496,1.1726676148399944,79,0.1204645615964478,2447.8402439999986,0.314376637521083,-0.0541578191438171,0.36853445666490015,0,0
0x000b614822a323967d250e4196c649894eecad16,,41,352,9275.195961999996,0.2298865120041252,0.2670140751900591,0.03712756318593391,344.3654241410741,2.4127891161224877,1.76369210503285,58,0.038891915529596935,2211.8165679999997,0.31406069299190764,-0.04959088283910337,0.36365157583101104,0,0
0x769dfdcd0b34848681564b60d8ad75bb89a18c99,,25,150,6768.183615000002,0.3260498336886094,0.2635824570489285,-0.06246737663968088,-422.7906750447221,-3.4443630567174464,0.06054962868010909,25,0.47585894517807853,3287.3768769999997,0.12443111682813573,-0.2389798440124782,0.363410960840614,0,0
0x07103009ecc8d28380b32f374db9c6691377531e,,48,114,114438.46480900004,0.09272145442612206,0.13541937345861024,0.04269791903248818,4886.284304616931,1.3344356463679843,1.370364767132713,52,0.08528653230336292,29039.660039000006,0.3135212192328707,-0.0493948987726379,0.3629161180055086,0,0
0x9939ba7a8018f1c65c5260f87cee5320474dd3be,,27,57,12596.160522999999,0.22073629448882567,0.34843597237316665,0.12769967788434097,1608.5256413665516,1.1848765959392498,0.804171286660341,29,0.21064902953899142,5180.608842000001,0.34035539775718127,-0.02086460297662776,0.361220000733809,0,0
0x053ede3328fd56e547d5132de94a16f56eee6422,,55,69,6357.949518999997,0.3430129133180826,0.2928251157761357,-0.05018779754194691,-319.09148324149055,-1.2827972801501386,-0.7571379675561861,56,0.7755163952449533,2074.4381020000005,0.19270789056896231,-0.1678184097142545,0.3605263002832168,0,0
0xeac6cd23e946836a0f425165f217c63256d961ab,,31,34,7581.47258,0.3891068406962656,0.32850683158442556,-0.06060000911184005,-459.4373074291657,-1.0042293625817935,-0.7444742384246659,31,0.7717051895943389,3332.64354,0.14037001402724986,-0.21823436978927946,0.3586043838165293,0,0
0x29ce60dfde98b26577dd79dfb80ccd2f0ffd294f,,52,872,13962.813648000003,0.3793037824889031,0.5477529179153307,0.16844913542642753,2352.0238871259235,10.83452774758514,1.4492624423042106,52,0.0736321526977772,12618.62696500001,0.20293626262970932,-0.15530068204793285,0.35823694467764217,0,0
0x75dc674687a527855a1a658e4c10f2d64ceb90c0,,24,30,8565.649364,0.14855880931797918,0.23091097393185328,0.0823521646138741,705.3997664488538,1.6551622859488875,1.1531563582386826,24,0.12442310635358793,2185.738697,0.347722230712394,-0.008562842315169267,0.3562850730275633,0,0
0x4f99e546dd058196fa4a97bf29e06dd42ca807c8,,35,50,8793.350495,0.11602624434948368,0.13117865933535724,0.015152414985873566,133.2404958164767,0.23141103726665696,0.7157471009903663,36,0.23707376072643455,2626.6615859999997,0.2649882511101558,-0.09126355689753043,0.3562518080076862,0,0
0xe27f3b900d5174e4dfe56e07aa7c0d323058a003,,78,149,32870.80508699999,0.08649874653602252,0.12221595048758963,0.035717203951567106,1174.0532493445885,2.70473446386691,1.8308116258100227,83,0.033564332240604136,4767.047799999998,0.3395162633979025,-0.015814149069533483,0.35533041246743596,0,0
0x8970907074ed21451e42cf9c33e115643c970942,,275,388,3004.8182179999994,0.23134403732153389,0.35007280630112314,0.11872876897958926,356.75836803058303,3.7830049978047433,-0.12348372820938482,275,0.5491379706592485,2138.651429000001,0.22079561829488425,-0.13328437203877896,0.3540799903336632,0,0
0x3d79f87588834dd934fe2b905112240f322c3690,,57,230,36468.30307900001,0.2000501738328035,0.12839482549700237,-0.07165534833580112,-2613.148960341314,-2.2221676925745477,1.3537202240405168,62,0.08791282670157163,6970.131870999999,0.21249730670153277,-0.138797865854577,0.35129517255610976,0,0
0xb704a2daada6bef394f4f692c2949a6110d6dc1e,,51,441,26752.382344000016,0.24541125478602446,0.35594786911139065,0.11053661432536618,2957.1177694434655,7.623734887080108,0.6675595642479037,61,0.25220738811152366,12848.717210999985,0.29302729768714375,-0.05810749222696742,0.3511347899141112,0,0
0x5f8fe08245151828dc063df19ccbb3c9100d40cf,,18,24,10957.044489,0.26289920544759937,0.3941108835813544,0.131211678133755,1437.6921947879018,1.1606277744207696,0.7103974084548325,18,0.23872886489685347,6346.110893000002,0.27882577431948957,-0.07195225911689149,0.35077803343638103,0,0
0x72d7d09901f00ba306e53b46483dc75ac2d01b97,,88,246,100457.85506000002,0.12284779187286593,0.15560570461775894,0.03275791274489301,3290.7896505945882,1.3643427885433441,2.7155811123272744,94,0.0033079783855550224,21307.121212000005,0.3089380380896761,-0.04158888255289093,0.3505269206425671,0,0
0x991bc00bfac7f1a47fb3a430b2a31c923ed77b8d,,24,150,6307.858115000004,0.327791386074069,0.24512089140419718,-0.08267049466987181,-521.4737506744152,-3.633105379291122,-0.17602236503408622,24,0.5698618139922224,2718.5887590000007,0.11568660706115447,-0.23291037180039398,0.34859697886154845,0,0
0xb18f64a2143f292d0d47fabf1d15725bd30b6e4d,,30,44,14840.215815000001,0.28569889688700484,0.27504576805913517,-0.010653128827869673,-158.09473091058362,-0.14713873314254255,-0.3990293325010061,30,0.6550642044049639,5077.1244209999995,0.2182288675188206,-0.12967919611360365,0.3479080636324242,0,0
0x1df477f69faf958d1318b0f17a6f1c145e01474a,,150,168,11033.387023999998,0.3954116390836572,0.35806379848785047,-0.0373478405958067,-412.07317980419384,-0.4227325500625126,-0.348131404788767,152,0.6361292499322913,5128.771602,0.1486981197190922,-0.19894807528250058,0.3476461950015928,0,0
0x5285fa6269f2df68cceff60ef20f4064f02e99a1,,88,138,12931.583434000006,0.35186983539216937,0.3450616965643898,-0.006808138827779586,-88.04001528168646,-1.3529975248021548,-1.4731737153912634,131,0.9296478996970717,3114.7898699999987,0.2550928739217422,-0.0899072298025066,0.3450001037242488,0,0
0x4c353dd347c2e7d8bcdc5cd6ee569de7baf23e2f,,118,652,1348576.9989470018,0.2651689062787066,0.2109912693788887,-0.05417763689981789,-73062.71498039673,-2.295966766962279,-0.36444479965282967,127,0.642237056517669,436433.5619849995,0.17758452476875797,-0.16506895251049408,0.34265347727925205,0,0
0x4c67ab73e372fa0279e32ed66bc0d7af642c33e0,,24,148,6051.117104000001,0.32365892584260464,0.2549241696182516,-0.06873475622435304,-415.9220590284533,-3.6510761536693037,-0.1528037999572485,24,0.5607234995014305,2675.229334,0.12131121017189306,-0.21933708033882315,0.3406482905107162,0,0
0x4211ae057a4b1ccba5982cd0a1fb0b476fa9cc77,,47,93,13662.914171999997,0.16024714537595655,0.19460014287792307,0.03435299750196652,469.3620564202988,0.4944999539637375,0.740880578748871,51,0.2293829260683897,4322.033407999999,0.2672348958370404,-0.07340165328019693,0.34063654911723734,0,0
0x65e1369d88457787e85a237c6f6191ff0c65dcc7,,31,840,5787.931766999998,0.5397980131385703,0.7613336760678503,0.22153566292927995,1282.2333009917834,12.379806017907105,2.2247870380822694,32,0.01304776897981623,5043.789969000001,0.2651493015782076,-0.07407739592626089,0.3392266975044685,0,0
0xe7352f07714c09eb37cec817ec4edcaec8fef61b,,196,305,9365.549975999995,0.34014344636567534,0.30604920526239077,-0.03409424110328457,-319.31131894660484,-0.8881471403594189,-0.17928086504089302,217,0.5711414145424145,2382.886407000001,0.21853452193780443,-0.12030570461133477,0.3388402265491392,0,0
0xeb139b7533cb59d42a3f11f0f4890aaa7ae7a774,,22,40,6970.8686099999995,0.23728686635571256,0.2834778835402551,0.04619101718454255,321.9915117556984,-0.010405933370724455,0.33682759492017617,25,0.368123434815084,2158.30203,0.27915140766185054,-0.05828522752161713,0.33743663518346767,0,0
0x6c87dad2903c926459ae65f8f7b12e7f4f627dc1,,51,164,16876.335682999998,0.0776417507066744,0.13215257997306812,0.05451082926639372,919.9430530583609,0.27720238894805865,1.19557291218233,58,0.1159316336937552,3170.483139000001,0.32738010180428406,-0.008610193300809081,0.33599029510509315,0,0
0x4bd8d572cca94582e52ea3e7707baa1b0770d119,,64,89,13364.368937,0.31289799107998584,0.3535753714429203,0.040677380362934445,543.6275185609347,-0.18273120136422846,0.3098302499138582,67,0.37834502333239284,6503.611479000001,0.21304783541248073,-0.12272009826291386,0.3357679336753946,0,0
0xca507ecebcc90067535d9677da9c2a38e3de4f44,,69,1189,24273.795544,0.36135577751209574,0.523011824211318,0.16165604669922223,3924.0058260282367,10.811751701146733,1.5045924901930845,69,0.06621443910310511,21983.844474999994,0.19325605849270933,-0.14170840247197386,0.3349644609646832,0,0
0x57c31ffdd7b05781b15cc33b4f387093097777e5,,30,46,20146.635128,0.5171483638177603,0.4003746522311068,-0.1167737115866535,-2352.597359878614,-1.1810419860003716,-0.4895254428419465,31,0.6877651268727384,4500.0285220000005,0.14275108744069331,-0.1914141129974959,0.3341652004381892,0,0
0x01f373ac81efc577178af6e21b7a0573209f9afb,,72,100,3008.9672809999997,0.35989086397502834,0.5041213607001664,0.1442304967251381,433.9848455683182,1.57898420484024,1.7645675204401237,73,0.038818239090533946,2379.0777649999995,0.21397066568266926,-0.11917646763876039,0.33314713332142964,0,0
0x2a52b7ef0dd12471bcd6c8a3d2c0bd2f1d7ebe30,,37,72,13676.326163000003,0.3688758542378732,0.4603223552120251,0.09144650097415186,1250.6521737875983,-0.03587548753020237,0.671498787761767,39,0.250951415731353,9723.973979999999,0.1877031799346222,-0.14537385264685737,0.3330770325814796,0,0
0xedb69383b6f0f130575dcce8faa7e6f5df36a7e4,,25,35,25442.566744999993,0.3377121426745332,0.2629601415240387,-0.07475200115049452,-1901.8827785937729,-0.6566634477325528,-0.23109195898017026,26,0.5913783190637302,7480.341027999999,0.15855648753996032,-0.1719129592426838,0.3304694467826441,0,0
0xe094ff402fa03d549271d9d753a0c30500527fa2,,96,117,23749.788331,0.7113383612278723,0.6421839313023393,-0.069154429925533,-1642.40307288238,0.9167433824834529,0.9259944240722385,96,0.17722443899609408,10484.623258,0.11505813469857529,-0.21475377443764487,0.32981190913622016,0,0
0x8c59efb0d2832153700fdc6e6adf35a30aad2534,,28,196,10013.656377999994,0.33594350643200366,0.43321093756828366,0.09726743113628,974.002632169485,1.0920397857523274,0.6015708238930595,42,0.27372992738801294,3391.402537,0.31405910078870375,-0.013756373766473984,0.32781547455517773,0,0
0x5115cbe598a50b826ef0ab9c83b0c37a092d0c4a,,15,344,8386.797358000002,0.3847486882262287,0.2849281895097386,-0.09982049871649012,-837.174294909702,-1.9268848440696629,-0.5931798322734474,22,0.7234695959395144,3085.6868040000004,0.10593440449478847,-0.21958694826134437,0.3255213527561328,0,0
0xb715eece436f6910aa763b7154a468792d0d0b07,,27,35,9952.512318,0.3460617080563441,0.4589690108434791,0.11290730278713496,1123.711321781116,2.461374072337872,2.9534637562577895,28,0.0015711475254476801,3301.586409,0.32857456996783124,0.005847905654710939,0.3227266643131203,0,0
0xef0cee9cf685b9e551975d5af2f4d2dcb9397df2,,94,146,25950.163059999984,0.20446152967250955,0.23500445804135173,0.030542928368842176,792.5939715013537,0.040009763066929944,1.252958310357327,94,0.10511043958627816,9324.267481,0.2370536843394535,-0.08527408234338996,0.32232776668284346,0,0
0x86ca97777d90c1499d3e54abddb56b9ed601e6be,,54,173,2522.6152710000006,0.4058890864832738,0.6188041414580019,0.21291505497472807,537.1027691050537,5.133502585722975,1.8875448334995155,54,0.029543541044896097,2111.326627000001,0.26533609928316754,-0.056185364592302445,0.32152146387547,0,0
0x7556ab393295b225b4b0abeed7328428a0a50f44,,17,71,17692.514705999994,0.472035283112356,0.5629556731481631,0.0909203900358071,1608.6103377837735,-0.9590462259658581,-0.1286894531096108,19,0.5511983093942943,6054.265342999998,0.30119960719397626,-0.018467726431368847,0.3196673336253451,0,0
0xbecca2cf118da48c84faf823291269d2d908f37e,,207,3796,113019.36972299985,0.31545989326041857,0.458568763885551,0.14310887062513244,16174.0743598228,23.75793264404612,4.370828587300816,207,6.188796763012458e-06,87965.81900100011,0.2137688368278834,-0.10498617452748649,0.3187550113553699,1,1
0x3aa3054b72eaf059adedf2affe6fad014d756e41,,52,1069,10095.257948000008,0.10459479319393011,0.1626467580578554,0.058051964863925276,586.0495596895587,4.437285850862513,0.024953559506944254,86,0.4900460031029029,2579.194025000002,0.29489168656081255,-0.02322137199713927,0.3181130585579518,0,0
0xa79e45fa6bb541c2b233f46ffe95db9c233cbbe7,,54,84,30888.25801799999,0.07315577849714705,0.14786543227327434,0.07470965377612729,2307.651062272467,0.8210142776410697,0.5150332397806794,54,0.3032648962749226,8136.386767000001,0.30799694445070014,-0.008717137972725074,0.3167140824234252,0,0
0x12cc5cb32b40e205121be5a76da9e400e7e00ef8,,5,144,43724.435616999996,0.38416575875318476,0.5462749617679074,0.1621092030147226,7088.133410140421,3.5527697598893737,0.1485573270041992,5,0.4409514736922528,23761.163712999994,0.3052223897973192,-0.008230402485970234,0.3134527922832894,0,0
0xb5d726e4842267fe190f8ea27b786c755ea7ec37,,26,851,6586.065365999979,0.5591864574623046,0.6923721235049796,0.133185666042675,877.1695023713014,6.061365599567175,2.7125852428085433,26,0.003338030405916592,6267.62086599999,0.1482396178215355,-0.1631060340336169,0.3113456518551524,0,0
0x5512c43634d9e39f315541a20ee556b1072da924,,352,1889,31377.69034800002,0.3866733243404133,0.6324578092557063,0.24578448491529298,7712.149460014745,16.595760182992812,4.400941122592294,427,5.389118522949819e-06,23947.434177000036,0.31930566779255637,0.008828497524147327,0.31047717026840904,1,1
0x5078d0586b66aa1a328f95103be302e008ed420f,,50,458,23922.016373000028,0.3464225788646008,0.3958981532881667,0.04947557442356587,1183.5555014241236,4.128760032363247,1.5195061818501105,50,0.06431756659021859,19068.680042000018,0.11244107686789667,-0.1979148675133775,0.3103559443812742,0,0
0x267a67894686da87af280091d9509092f01f7ea1,,118,149,81489.70957099994,0.0029417220705204522,0.03718127064080566,0.03423954857028521,2790.170868834688,-0.3862865262925301,0.38724048807451844,123,0.34928908932969793,9584.140637999999,0.30722439292323794,-0.002146021826342542,0.3093704147495805,0,0
0x5cbb3644e7c55b15c34e1da874046d7ca837e25a,,20,74,35306.704660999996,0.36619260347521915,0.36518418903144434,-0.0010084144437748077,-35.603790942242995,0.30472575555432996,0.5361596780108465,20,0.29592409911680573,14333.483396000003,0.18159393672683904,-0.12580220436780243,0.3073961410946415,0,0
0x2f5eb618bbe87248bd812e02814e566c080975a4,,39,721,8668.583880000006,0.18567502611675119,0.18397979832433706,-0.001695227792414128,-14.695224314249117,-0.14308611989782136,-0.12996147177655332,46,0.5517015454129095,2876.4879330000003,0.20236592651879542,-0.10303668576226561,0.305402612281061,0,0
0x4521321ace5c9fb2639e11b3a8078f20e09522c8,,84,769,8122.456759000007,0.2737600918932549,0.31609117809770715,0.04233108620445225,343.83241725716516,2.5469731100865673,0.34797515969038606,122,0.3639294193822763,2223.3653679999993,0.26344807517214697,-0.04100782532644129,0.3044559004985883,0,0
0x3bd418f279be717a3b808cdb1b6e6940f69ac7cc,,215,3700,37972.66488400026,0.0969343135405664,0.2013626603863072,0.1044283468457408,3965.4226191634616,10.69843987946934,2.971835130073971,227,0.0014801280105712375,11895.667947000002,0.3120921796854912,0.009697346722107328,0.3023948329633839,0,0
0x40f7a7aad6da78e947ef56eb3207ec7abf391f5e,,46,52,19335.008218999996,0.39763539171333967,0.48983850695719244,0.09220311524385277,1782.7479910572974,1.3332957534980117,0.7848480649039243,47,0.21627132760997772,10071.57814,0.23678841036089915,-0.06499590123790111,0.30178431159880026,0,0
0x1c8bc7a469157399b727d096d221db79e7d23ab8,,89,741,8995.113539999988,0.3745998961926692,0.39328933328839416,0.01868943709572496,168.11360867473377,-4.0832625383151155,-0.8001145320267663,118,0.7881777788572306,4891.435596000004,0.15445395798714967,-0.14313695845102248,0.29759091643817215,0,0
0xce7e254556ce08f3fb8b65ad88162338df12106b,,265,1632,72821.8938830001,0.24778159900390523,0.4074511982161809,0.1596695992122757,11627.442610177499,16.664121636355635,2.311184634671847,374,0.010411329352989196,46126.893072000144,0.2679194319574186,-0.027377724571269135,0.2952971565286877,0,0
0xec1a717e171036adf82ec52f7cdd9efc881df7ce,,25,335,86036.78685300006,0.10321902432636176,0.15654775163805817,0.05332872731169641,4588.2323448581865,3.7924778217157282,2.0035317015784857,25,0.022560124202846324,31709.968576999985,0.23880380336082146,-0.054931042355924074,0.2937348457167455,0,0
0x60d2ba878532e901eab7a88840d00678463e4268,,350,378,17115.290466999984,0.34526446604497124,0.37610876212773564,0.0308442960827644,527.9090867066625,0.41912762059820713,0.594835628943174,355,0.2759766745361642,7864.605927999997,0.18943551091474137,-0.10398436476259984,0.2934198756773412,0,0
0x72debaaf70f61bb63628f77c52c115d31b074b85,,50,70,8582.339887999999,0.39548062119168437,0.3666110927859352,-0.02886952840574919,-247.76810518441016,-0.5565183262023817,0.14924714592907024,51,0.4406793097415017,2406.0071180000004,0.18198821514418384,-0.1110097321089506,0.29299794725313444,0,0
0xbb66b122d258dffb28699295b7c450259d8ca82f,,84,173,60926.63073899999,0.1814505268346111,0.19691928789556634,0.015468761060955238,942.4594931506417,1.5314489701852565,2.47324196563493,86,0.006694672745960837,17465.112622000004,0.22318551288705787,-0.06800270108062811,0.291188213967686,0,0
0x6d5ecbb13256e2a42977b71612e214561fe92355,,46,49,5718.975571000001,0.20251149181735134,0.21979880022117337,0.017287308403822033,98.86569444980114,1.248086021540145,1.3261713048512487,48,0.09239148089300317,2437.390455,0.18386582178987665,-0.10643853267086045,0.2903043544607371,0,0
0xa20411c5568b3eed7640da99de0660af139496f6,,85,111,61992.253962,0.2817219241262147,0.1716032133227633,-0.11011871080345143,-6826.507086095593,-2.6053134728165666,-1.8594832421661416,92,0.968520663794666,14160.708813,0.11362980745426576,-0.17636030104515818,0.28999010849942397,0,0
0x8fc4e4ba539d9b27b467409e8fa0778643ac8e6f,,195,410,131530.363442,0.2270497984417346,0.20784600359638686,-0.019203794845347733,-2525.8821154741927,-1.1421170423663545,1.1068577066683984,200,0.13417772697128816,36727.285295,0.18974078265992422,-0.10015018665954854,0.2898909693194728,0,0
0x15e2bf34e0ffa58d4372bd3b7a58096d5fd87283,,21,40,8849.562790000002,0.11589936335914969,0.16128394677450497,0.045384583415355284,401.63372063217935,2.167775314544468,1.6338918313729738,23,0.05114078262662194,2270.8750139999997,0.2603792386579309,-0.02882869548732002,0.2892079341452509,0,0
0x98990444c141bc71a906273c35b65f611b6cf5f3,,9,30,2315.8550450000002,0.15264353260425914,0.26655018600268215,0.11390665339842301,263.79129793180437,2.2901004905997664,0.4404875849132041,9,0.3297920011016174,2065.296407,0.145083995050725,-0.14308090132443868,0.2881648963751637,0,0
0x7ee990f16201fb51b350a671afe58ae2cb3c2338,,37,57,7759.610464,0.3601808910407857,0.348758564821689,-0.011422326219096723,-88.63280205292449,-0.5261015760387582,-0.6406556797258447,48,0.7391267923145034,3797.3121390000006,0.13572023389750998,-0.1524380155650845,0.2881582494625945,0,0
0x1bcd194fdb6cfc900374fc77b2a3edb3df9a35cf,,21,39,17952.012667000006,0.1693969856888575,0.15583882124496715,-0.013558164443890353,-243.39633983798876,-0.7986967307405245,0.2965120560231166,21,0.38341953066878137,3768.8415109999996,0.21348327436321884,-0.07388904460332597,0.2873723189665448,0,0
0x353e6c079ed899d5c836d6e4352de4793b2a9db2,,74,798,12231.032853999981,0.17333295180891628,0.14279405107057877,-0.03053890073833751,-373.5222982556502,-0.8127326616638526,0.9628689181228014,112,0.16780665471168224,2850.4704829999996,0.18758842907881385,-0.09682122908803042,0.28440965816684427,0,0
0x76696ac0c8f6058fb1f7e0983a198aef1da28390,,222,802,11639.779504999995,0.3469330060116949,0.54476955755701,0.19783655154531504,2302.7738380170326,13.8538627034875,6.372158874246056,222,9.319282762024344e-11,7919.338470000002,0.28715310954573103,0.007717141742415834,0.2794359678033152,1,1
0x7fc91e0d237362ff52e46aada3a77d0889d9e2aa,,81,246,9067.428127000006,0.20231330034083064,0.26564451344561485,0.0633312131047842,574.2512230233517,-2.3986434274037918,1.5505136370230395,82,0.06050914146977995,5030.814334000003,0.18602452267021086,-0.08958092863095306,0.27560545130116393,0,0
0x1c6b226a45aae9337fdf428b48151a04a9dc340b,,21,1544,11793.769218999938,0.1333225734078799,0.21313543357711706,0.07981286016923717,941.2944535442953,3.7490159478041667,1.670106222376655,39,0.047449174636321645,3784.0644690000063,0.26687068854295426,-0.008559795763842026,0.2754304843067963,0,0
0x68345b883b4529d64962a072ca1e51992e8c3e15,,59,299,5724.793891000003,0.3488567323429575,0.40995527344479527,0.06109854110183777,349.7765548488135,0.8629364523408203,1.1667656130046296,83,0.12165251869778594,2109.2349129999993,0.23476008874139864,-0.04021165783442604,0.2749717465758247,0,0
0x66d1fa876e102e65bdcdad834dd048d1c52eb029,,81,487,22332.88803000003,0.23412219779422155,0.28112625306526434,0.04700405527104279,1049.7363033241318,2.5942103612964234,2.3470127569424113,93,0.009462303413864748,10775.938982999993,0.18865449298270917,-0.085073750686957,0.2737282436696662,0,0
0x7e18503360e03f62e28a27cc787cf6de210dd90e,,117,435,3695.795093999999,0.42689976649988226,0.6006196116239554,0.17371984512407312,642.032951339989,-0.7471373870664162,-0.6655621883552814,139,0.7471545092039859,2696.0255000000006,0.2476331810132426,-0.025598317323727415,0.27323149833697,0,0
0xd6f747b2a0e0c154c9d73a8498e46584a1e0610a,,46,138,6596.279282999999,0.26433692250312546,0.36113677253468107,0.09679985003155561,638.518845360657,1.1203692170349648,2.0251514966462336,50,0.021425905204331012,3738.1833220000003,0.2151702461530976,-0.05802008836031758,0.2731903345134152,0,0
0x43105c672f900b5fec20475e3a94b49c62142539,,52,201,6160.530932000006,0.2122362153136228,0.20700810889135207,-0.0052281064222707285,-32.20791133018679,1.1556460017476282,0.944296164897913,68,0.17250916259206397,2312.2865819999993,0.16526067343826006,-0.10766934512715078,0.2729300185654108,0,0
0xeb553a459f61f477880c7bad9a7c1b40d07b73a6,,17,33,15381.215604000003,0.20407294187468025,0.11985084485263936,-0.08422209702204089,-1295.4382329170176,-0.4055538594752544,0.353298627412344,19,0.36193228721721116,4224.345815999999,0.11152398411431214,-0.1583377902728609,0.26986177438717307,0,0
0xfe6c8c6a752097e379a706fa2e711509113ddde7,,43,335,10670.251107000006,0.16344364675741446,0.1605466589137881,-0.002896987843626353,-30.911587745419638,-5.606390292569985,-1.8071719013385854,44,0.9646322596980199,2902.6946599999997,0.193243165379062,-0.07619352315119643,0.26943668853025843,0,0
0xb5002f6c2e7e2e37ea4dc59cc97058068f7e1cde,,16,29,5660.554252000001,0.5122709335178729,0.49557327341379215,-0.016697660104080747,-94.51801090060508,-0.16221097853946925,0.5667942806619356,17,0.2854269783971738,2115.273894,0.15154807664361514,-0.11708064220481457,0.2686287188484297,0,0
0x624061fe421c91eaca7ead53f242b52ba4e73727,,85,104,12840.347293999994,0.18948476649586124,0.11269874816206826,-0.07678601833379298,-985.9591427293526,-1.0925051094924865,-0.684962204874693,85,0.7533161144539278,4207.148864999999,0.10377248865878047,-0.16477617910760137,0.26854866776638187,0,0
0x6e113a6b6378e094e57c318f64d85dd2ca4fd217,,46,75,7033.600422,0.13017438386191632,0.13772549332914036,0.0075511094672240375,53.11148673523519,0.11895563535996258,0.7118187475768789,52,0.23828851095106737,2135.848936,0.19236951276007855,-0.07304591370853739,0.26541542646861593,0,0
0x4ffb4c1c052e680c4901feccc519cfc74c29933a,,60,83,19014.159599000002,0.5667009250189939,0.5389080422749218,-0.0277928827440721,-528.4583082120789,0.27341486354478794,0.6096608669046328,67,0.2710432412598698,3773.060979,0.18172087715958862,-0.07965976004507852,0.26138063720466714,0,0
0xb311dc19cdd664a4e69f5c732ca259bf7f65c2ce,,104,870,6223.454199999999,0.3317494394989218,0.36671587299541797,0.03496643349649614,217.6119974027897,-2.098235276163588,0.3376331809419459,174,0.3678198171389891,2247.653150999998,0.2018529981824168,-0.05938011663337561,0.2612331148157924,0,0
0xfa0be712f974eb9933427c2202d1ae2561571001,,50,328,10093.122749999995,0.3586860671986665,0.48481111239829155,0.12612504519962503,1272.9955630491131,4.996280579426231,0.08702090861280462,50,0.4653274462402751,6948.339819999996,0.20750275744776314,-0.05367750749174294,0.2611802649395061,0,0
0xbc13d65fadbaa2bb38e4612968e3f5127ec05eb6,,116,125,44410.90973399999,0.18215002051820145,0.18571240972994027,0.00356238921173882,158.20894571990812,-0.5361346873370522,-0.14236612666230034,116,0.5566045915876597,18005.304368999998,0.1587260989976218,-0.1022397608658761,0.2609658598634979,0,0
0x913dfab2e6700c6d82576df3d254ad2c942333e8,,83,371,40369.74500299999,0.3117640917887715,0.42430029906622174,0.11253620727745023,4543.057991395417,4.1891935596180145,1.8322559126285658,85,0.03345665108204987,30798.98968600001,0.17439445169285628,-0.08652555625547836,0.26092000794833464,0,0
0x3244e8e5dbaf2f1aaf3d47ee2a6a4afd8ea21546,,123,440,29117.962401000008,0.13274231666574657,0.1300485236861887,-0.0026937929795578797,-78.43776269484442,-1.7459049940923568,-0.210127408732399,149,0.5832158830401108,5698.281902,0.20500271355520328,-0.05322877975472707,0.25823149330993034,0,0
0x28b976aa1ca37a46bb5be373bac7677d3dda531f,,145,358,26369.908799999994,0.45979373736191304,0.5627442378564464,0.10295050049453341,2714.795308955201,3.7639567634012314,1.3886426439351867,183,0.08247072161053112,22447.78494999999,0.14126809314632593,-0.11635544509643275,0.2576235382427587,0,0
0xe78a5ebf8271e142316ef1f4a25672e5b852acbd,,97,237,6519.689554000001,0.3229335506872942,0.32208709258428575,-0.0008464581030084295,-5.518644052082436,0.29111442598442727,1.4330916886980385,100,0.07591581816152711,2168.705871,0.17102386121799124,-0.08651356184748688,0.2575374230654781,0,0
0x5695e00051467e9ba6a0cf3da0914233391537f7,,31,282,3888.2943650000034,0.24243033024579116,0.3928541865939719,0.15042385634818076,584.8922330002011,7.791148445773988,1.2694484257480247,35,0.10214058697732852,2079.4125990000002,0.26963700579964317,0.013381552315224227,0.2562554534844189,0,0
0x8edacaad527bff6a64c3d3fde42fe2de6da8acc9,,138,192,15872.863530999997,0.45556911693422875,0.4556478522526774,7.873531844865278e-05,1.2497549648051063,-0.6827112203876691,0.10707898413102522,138,0.4573631597652548,8386.8478,0.12081422536334452,-0.1351854980803362,0.2559997234436807,0,0
0xf3f1a8868dc84fdd5f625127322103a4c62d00aa,,300,9168,42628.30231599991,0.2499940148268099,0.2534328128743021,0.0034387980474921698,146.59012277216607,4.237736547436998,2.4906787080780273,300,0.00637496791345913,12172.896905999978,0.18605224961455347,-0.0695510272281428,0.25560327684269624,0,0
0x1b0026de09fb7cc324551da217960628dd72ba8c,,34,54,6264.628508999999,0.5693648915253133,0.5745161247517478,0.005151233226434515,32.27056252682996,-0.272877838145533,-0.20381836635997228,38,0.580752280088777,3585.7002119999997,0.11388035860163637,-0.14038086195693905,0.2542612205585754,0,0
0xc0d47dbc60585bcd1e7fb273f638926a96f68be4,,9,31,2470.4149860000007,0.14791124589085552,0.23173483007684434,0.08382358418598881,207.07903855329943,2.136602793504911,0.43630028011747435,9,0.3313094393296582,2221.8933080000006,0.10933264828453013,-0.1442386889727013,0.25357133725723147,0,0
0xa8d951540d5b882a9f89a0812f06473bf37348a6,,20,34,11827.78419,0.6163645609862898,0.6703984400310572,0.05403387904476742,639.1010602900724,1.263302708949187,0.01671782064444698,20,0.49333086516465324,6431.37549,0.1697098461241766,-0.08382735808809849,0.2535372042122751,0,0
0xfa9cf17d97648dbfc9a2cd3bddfbbb589a85cf27,,29,79,38881.937934,0.274099933890599,0.32630494309558655,0.05220500920498755,2029.831927752226,1.4278302517888346,1.069428729118712,31,0.14243826383941993,21047.639365,0.16813140303564494,-0.08460872197667277,0.2527401250123177,0,0
0xb77a762e3fe4726c5967abd805e06872b71d2af7,,49,88,15159.697575999999,0.4275833839524144,0.36729737213327635,-0.06028601181913806,-913.9177072412949,-0.5264777176495975,-0.029129222891039676,58,0.5116192354071853,2306.5889220000004,0.15394013763365477,-0.09873053729794101,0.2526706749315958,0,0
0x89a050291fe4424aa6b5f9ee0c090af1ba2db8a2,,141,1008,12792.625121999989,0.42698924880282046,0.5005561929574385,0.07356694415461801,941.114337941136,3.0642672634621957,1.9578279755999672,156,0.025125100781107072,9351.156749999996,0.14152252685775213,-0.1110819432403003,0.2526044700980524,0,0
0x06a20663cff1d3011fae399cdb063d1ce92746c9,,57,231,3887.6518300000002,0.3472957001670877,0.5551988872419164,0.20790318707482863,808.25520569429,7.589904083617903,2.511546003772244,57,0.006010180876983136,3607.327129999999,0.22609297915110083,-0.026170123075133944,0.25226310222623477,0,0
0xdf9a7f46d2db2e953cb179203d17c8f618ed92e2,,50,118,28288.713861000007,0.2276857946864565,0.21466219025856184,-0.013023604427894658,-368.42101909956455,0.9100332758190812,1.1541016913293125,66,0.12422924003192659,11582.777094999996,0.13567580092013987,-0.1161218078049524,0.25179760872509227,0,0
0x2ef97c323f70700c1623dd860b723f98a5b2b403,,9,40,47061.59242000001,0.6262593942884117,0.6334295205091999,0.007170126220788164,337.4375578026884,1.255760395444012,-0.4574410606353485,9,0.6763229715301352,26446.920799,0.1171729399110274,-0.13395439687708643,0.25112733678811383,0,0
0x3a66b3e5bd108fdf53ed781f6a24ad287a720746,,8,155,49076.34099899998,0.18709556945324324,0.2969253756570184,0.10982980620377514,5390.045021110551,-1.7793158890530116,-0.49470999018925793,8,0.6895975757050452,30254.564429000002,0.20562859577267495,-0.04415941157560122,0.24978800734827616,0,0
0x177d6eb6b01470395b07bc667f118579d8ba0cc2,,9,25,2759.4109419999995,0.10737703173457167,0.24302488686732193,0.13564785513275027,374.3081757121419,3.0952179518891705,0.5870841794604625,9,0.27857358612699273,2139.060403,0.19177305112284607,-0.057880121076565746,0.2496531721994118,0,0
0xbf0c2d0eff539ff8764d375c37de107a052753c0,,348,495,8723.703387999996,0.30747144343944793,0.302004798286019,-0.005466645153428928,-47.6893908459615,-1.6234597073832966,-0.43851561663324135,365,0.6694937239590264,2464.720127999999,0.173358926557572,-0.07588622732646216,0.24924515388403418,0,0
0xb0bcdd3c7fd872c58001433448c5df1644206f86,,87,267,14246.306571000006,0.11000550458270271,0.10863698835110512,-0.0013685162315975885,-19.496301782729006,-1.1750414264050755,1.4503936358718774,96,0.07347439039887106,2249.638441,0.20788930405970024,-0.04060894795029791,0.24849825200999814,0,0
0xcf1661ce6eefa3314777f164f3ad790bb9f22408,,60,467,18449.04208800001,0.1689677787879208,0.1648254675497708,-0.004142311238150009,-76.4216743742254,3.669670513500504,-0.04964558206099086,79,0.5197975889192431,2412.889199999999,0.21147858256184826,-0.03658583616448599,0.24806441872633425,0,0
0x45ca17313cffdb5b596438500a2fe0c899633cef,,376,4767,96206.36932700024,0.29920245644472016,0.45744013654040816,0.158237680095688,15223.472692733474,30.631098702660502,5.437228002217761,378,2.7057935546115432e-08,69949.02157999991,0.22583147389931219,-0.021830763488229626,0.2476622373875418,1,1
0x24b9b58ab054a12c27c9805caa87aea0dddcbcb1,,45,49,14765.936706,0.1658641647222906,0.1366880026771259,-0.029176162045164683,-430.8133620829012,-0.8410134096230227,-0.6497871466548117,46,0.7420851386916287,5640.932891,0.1237817597151179,-0.1237323276413084,0.2475140873564263,0,0
0x60fcd933a348e4c604c4a48124d46cff8bb65bfc,,73,76,33672.369419999995,0.21863668156965993,0.22967517829043824,0.011038496720778307,371.6923394235055,0.3516441796956259,0.5806188406726417,73,0.2807486856911974,11386.055189,0.17434303693278655,-0.07239362615945097,0.24673666309223752,0,0
0x047a284d6c7bec7984208f5279b4b4859ac61dbc,,15,72,12095.885689000002,0.17247562624602633,0.1776129453632107,0.005137319117184375,62.14042478937654,0.8266068022799723,1.6121627382324077,22,0.053463265674021924,2793.4940939999997,0.19452564660194094,-0.05173570852288725,0.2462613551248282,0,0
0x8733dac0bef194441d0a10ddfa3b5f35cd5ba6f0,,450,2057,17783.12819500002,0.275236746038511,0.2308885988436183,-0.04434814719489272,-788.6487867775077,-4.550518149746905,-1.003071925492779,465,0.8420869204017521,6241.9681869999895,0.11284561794943676,-0.1293654661251848,0.24221108407462155,0,0
0xfd66d7ed45d7962ad009e669cdaec9319e38fb6d,,110,140,44506.99623699999,0.15491530989599794,0.13446531916312035,-0.020449990732877593,-910.1676605948678,-0.6987041975420399,-0.33772053903418203,114,0.63221310233211,17140.981363000006,0.1276922272505885,-0.1132403735935046,0.24093260084409313,0,0
0xe866a1716173497588ecaa1f7dc40aab543ecc4d,,163,306,8076.058014000002,0.4539102701070257,0.6053430933167141,0.15143282320968837,1222.980265465249,8.227086497596042,4.099899489950859,171,2.0666480454912856e-05,4499.786530000003,0.25808999612862366,0.01723313725863518,0.24085685886998848,1,1
0x0bb1596b6a5fd42c1322fda1b7ea905c24231859,,29,65,13703.278717000001,0.11757059517129599,0.1273544156870264,0.009783820515730415,134.07041944415664,0.7356695142492704,1.7566274511975535,31,0.039490665383407404,3485.698016,0.18908723500150018,-0.05138501919540624,0.24047225419690643,0,0
0x3e9d296b8f8f670cd859350b3c0a00251dc71f47,,12,38,23418.591861999997,0.27026467240669555,0.41315269069186883,0.14288801828517328,3346.236182190465,1.881204472483625,1.078918348488886,12,0.14031206425881043,18820.626669999998,0.1899838842800331,-0.04988719304783276,0.23987107732786586,0,0
0xe5c1d2dd50c43f7eaeb1031b4dabeb803aa57487,,12,20,11678.807765000001,0.45643044272461253,0.4142058805434922,-0.042224562181120306,-493.1325446745932,-0.1103685402841854,-0.31765249770559467,13,0.6246257262276833,2996.660744,0.13511677821283619,-0.10343428735180765,0.23855106556464384,0,0
0x547db0c8fcef2ed4a8de7819a0882b8be3bcea58,,20,86,7023.487693,0.5277549614492977,0.471794364970919,-0.0559605964783787,-393.038560658832,-0.10337177030786437,0.5267899352261795,21,0.29916973650321543,2154.528654,0.1094104625413459,-0.1291377750798849,0.23854823762123079,0,0
0x3c9670d88ec852bdb1257bb089877168dc30796b,,26,56,11118.888865000004,0.2904152584256647,0.27479967774639674,-0.015615580679267937,-173.62790613522156,1.6147509364560124,1.4322577836034975,26,0.07603503006939472,2549.387583,0.16787465866789203,-0.07020309078045936,0.2380777494483514,0,0
0xbd33135bdac1fac3fa94e8b616332017214abfc0,,39,269,5639.8647120000005,0.4036727755354709,0.4371680876943698,0.03349531215889895,188.909029062399,0.2646276422250107,-0.973777822757506,67,0.8349165665784841,3574.8008649999965,0.12035092105145118,-0.11685912179734964,0.23721004284880082,0,0
0x43357759751c03da1507f54c2eb9e5830bff70c9,,56,132,3118.8302860000013,0.3885646294297248,0.4782664968003327,0.08970186737060787,279.76490066620727,2.635883988601647,1.6471400359794806,61,0.04976463280884157,2394.5426110000003,0.1447572399131392,-0.09231480924558755,0.23707204915872676,0,0
0xb8dbe8e3acf159c2dc282ef4d3b7e054a5d987ad,,270,3466,23429.118985999972,0.18454083390439854,0.19685745707109292,0.01231662316669438,288.5676296782058,1.7451569297693703,2.774840178762534,298,0.002761442052416615,8062.395246000009,0.16594241289347772,-0.06828558311441163,0.23422799600788935,0,0
0xc1453f46ede8a0b9cd1de890fba2ff08760cdd5c,,9,27,2889.5509329999995,0.1107846362500773,0.23246606707243672,0.12168143082235942,351.60469196152354,2.7070881507026954,0.5486151797895269,9,0.2916347831238725,2376.8315949999997,0.16303404334427818,-0.07001837196114513,0.2330524153054233,0,0
0x06fcd67f3f27ee9d048220d0befe6403153cd28f,,178,2423,10914.560784000012,0.3017958068869595,0.3611795730506062,0.05938376616364671,648.1477253759654,4.105405630555572,2.4820258482620043,207,0.0065318899291964844,5560.311458999999,0.173451808855761,-0.05907426714556674,0.23252607600132774,0,0
0x42a16ccd2fdb59e0d71f15afb9f1e9a37a485d94,,68,158,9158.625882000004,0.07052209924875139,0.07193377461730448,0.001411675368553092,12.92900656741233,-1.551736162722577,-0.046801314584099994,76,0.5186642093516284,2011.997171,0.18273094298600695,-0.049635310314723256,0.2323662533007302,0,0
0xf66beefbbb7399eb2ebfdc0744856390e23f7e69,,71,1030,10182.396127000024,0.2629546223482,0.24309256437553964,-0.019862057972660357,-202.24334217506657,-0.23795798152108746,0.23049407125026203,104,0.4088539349683468,2844.6753890000023,0.14708427456241296,-0.08458353490035464,0.2316678094627676,0,0
0x35521e3b9817f59806cad3a6a2d558a89a5c5031,,44,72,10553.634349999995,0.14413033098811173,0.06704708184247453,-0.0770832491456372,-813.5084259930047,-1.7672942113554049,-1.3440682309633765,45,0.9105368379522376,2400.218836,0.1010047895406376,-0.12950916368257331,0.23051395322321092,0,0
0x32c8017fbbf36177d93c55224af50dd16fa46352,,87,121,9671.591754000003,0.5838775196961349,0.6760265733193186,0.09214905362318371,891.228027160887,1.4969932047778862,1.0144779413791332,99,0.1551773749199847,3507.1096790000006,0.23868142884934895,0.00878355670225306,0.2298978721470959,0,0
0x14624a6f777d44c93dfb56b51aad080cc734ef6b,,98,98,12357.13422,0.4774281625811365,0.4918380177633128,0.014409855182176301,178.06451457691492,0.3896316526363382,0.3896316526363382,98,0.3484044714612126,4026.5449700000004,0.16939073293702006,-0.06049930850872964,0.2298900414457497,0,0
0xce219fbea390ed996d01dc0eeffead7211bc8e4d,,37,233,2946.9615630000008,0.4745459789916292,0.5852082530198913,0.11066227402826212,326.1174680354618,4.649184268737739,1.6568781166561717,39,0.04877205974449736,2317.1550910000005,0.15961222890234927,-0.06943215526606165,0.22904438416841094,0,0
0xb12d633e0814a8bd73d071f862d34728c889e494,,154,179,29866.055029000003,0.2322304451181955,0.16005638921371987,-0.07217405590447562,-2155.554325309192,-2.12754288108083,-1.9836472252488597,167,0.9763524096694947,6213.903920000001,0.10816683546308326,-0.11955329708388579,0.22772013254696905,0,0
0xb528de45d8e0e3d11336cb3a3e1639e0e721aade,,261,1267,34091.237,0.3318961408975642,0.4857531931446191,0.15385705224705493,5245.177232275733,14.99160969174546,5.337018761607653,261,4.724363313326739e-08,24830.68287499999,0.21568507028035733,-0.011924810031593847,0.22760988031195117,1,1
0x3f815f3ac9017312ef45e702e7dc91138548edaf,,154,206,10139.133340999999,0.33597152047630763,0.31817395802014625,-0.017797562456161375,-180.45185888779542,-0.03835665699370766,0.5801336137373811,171,0.2809122587718585,2268.282977000001,0.15848080101501727,-0.0685988345657084,0.22707963558072566,0,0
0x2bf10f19b3930ca0ad46daa9a3606c2ee5fcc50a,,33,62,8253.761342999998,0.3035424237725337,0.38168426346271705,0.07814183969018335,644.9640957057381,1.210929355699233,1.2231169193077092,38,0.11064276953284333,5444.657345000001,0.1552571390538151,-0.07132446037952,0.2265815994333351,0,0
0xfc75eed4e13267b22ce28696638a62622e332a74,,153,1354,11427.247329999978,0.34399150159558606,0.2870959907717344,-0.056895510823851636,-650.1590741508435,-4.817936699162178,0.3858717245370294,220,0.34979583623210814,3046.6672540000013,0.10909261091477523,-0.11723865777405784,0.22633126868883308,0,0
0xb8c44a1b0d68ecabcc73acf60f120d56cfa79aab,,85,158,5667.026195000005,0.3106292821649272,0.40384413292799287,0.09321485076306568,528.2510010373094,0.9968514231566623,1.322682500037157,95,0.09297049279627186,2356.7138759999984,0.22522521382192806,-0.0007674156868259785,0.22599262950875404,0,0
0x57d26b3becdea39ec1674c393557c300404afc12,,40,98,15776.20256,0.1223780516950268,0.07543290088182032,-0.04694515081320648,-740.6162084388941,-1.9447916410454475,-0.911207535885855,41,0.8189069829233132,3014.5272230000005,0.13486593767203922,-0.08989205717220151,0.22475799484424075,0,0
0x683ab46bc8f3d5548d63bf9210d5ab4e2fb2274e,,35,69,43142.766109000004,0.32982044010023415,0.29202248312427503,-0.03779795697595911,-1630.7084172118484,-0.5883377624923206,-0.7130006541428382,35,0.7620773238230449,10078.709101999997,0.13263695351246185,-0.08975056168125978,0.22238751519372163,0,0
0x55853a6b8c6ae83839817a2528290a9a6b3c1ee5,,111,303,23463.62551800001,0.16795724086721747,0.18076357252404376,0.012806331656826292,300.482970255081,-1.8048255945967284,-0.3707898663354727,119,0.644602975150618,4107.722,0.1961550519032566,-0.026104048895945295,0.22225910079920191,0,0
0x83069aac59a7136315885097aa0ec9c39317585d,,53,478,5336.392296999994,0.39047497693471395,0.43484714500928695,0.044372168074573004,236.78729591434058,0.1306002475458045,0.39737797022558335,67,0.34554437910674574,2904.13259,0.1455081246230397,-0.076384766963212,0.2218928915862517,0,0
0x2e4e2b45fbffab264b4e34d284229474476573e2,,46,351,37650.03347200001,0.11881578279181033,0.14078550524907213,0.021969722457261795,827.1607858864572,-1.3459001397301507,2.3251193766623532,66,0.010032788910183282,14340.790588000005,0.15924159810016658,-0.06248549695993184,0.2217270950600984,0,0
0x9236351425fbe7741b927fd6c5d035d136fd8e31,,19,23,7299.476406000001,0.1766775339152107,0.25350523339988723,0.07682769948467652,560.8019797156546,1.0199052485543416,1.1880225033901364,22,0.11741227200127408,2042.184282,0.23559196499525686,0.015156048010553036,0.22043591698470383,0,0
0xe07b58d787bb24c3a4fa5130c637c2ef3aa3e884,,121,163,8171.129042999994,0.7339984980894777,0.716158922861843,-0.017839575227634685,-145.7694712573093,-0.4685884686228158,-1.4964259270870741,122,0.9327286513267606,2130.942129,0.14451285722302754,-0.07511655075514023,0.21962940797816777,0,0
0x03ec81cb1a2a2a43f3efb9b54fc0e10af4c23e45,,80,144,27419.295766000007,0.13721813516887196,0.08513214547597872,-0.05208598969289324,-1428.1611566542679,-1.2259238248339404,0.7442906861652516,83,0.22835031735690137,4234.8771990000005,0.133599709248268,-0.08600342999245633,0.21960313924072433,0,0
0x090a9efe46c0e42e4fd598cd81be011ad72f27e7,,42,58,10517.191023,0.42125636800328053,0.4909993038737259,0.06974293587044539,733.499779054313,1.3030852496928949,1.279659373860075,42,0.10033247924443757,5782.588519,0.16807633646553743,-0.050356183925780174,0.2184325203913176,0,0
0x24f9ec80f5397c7bcbdccce29fd27310b694dd17,,59,191,7722.544150999995,0.49810305880793954,0.559260145432868,0.061157086624928414,472.2883016075407,4.734192246887657,0.9566460593594658,59,0.16937296627142864,3088.696856999999,0.1920860574561658,-0.026113786806812422,0.21819984426297823,0,0
0x134431cf415d317160369638cf85df3e49f89735,,108,499,37231.339304999994,0.34387437845119406,0.49617012830691126,0.1522957498557172,5670.174737587611,11.29882513452485,4.001396446156514,108,3.148487617316537e-05,32508.244031000002,0.17970324580937397,-0.036345282148184666,0.21604852795755863,1,1
0x8a0a5e1c6f4f3fdf8d9d4f4dc2961e8afc0f826d,,20,44,27567.652480000008,0.19944065749097542,0.24237956426821577,0.042938906777240354,1183.7248599060795,1.2751211579923436,1.670180032767768,28,0.047441874653779983,2919.678156,0.23534814131827364,0.02014705249673948,0.21520108882153416,0,0
0x38dc6acb22d6c1cb2002dbcbba4ca6d64e73e9d9,,112,1646,45836.350418999886,0.3140082161517664,0.3305330635076027,0.016524847355836314,757.4386940225977,-2.0741068734278696,2.2337272471399667,112,0.012750512529554276,25930.34534499998,0.10985247665301268,-0.10504739423204659,0.21489987088505927,0,0
0xc857c85ddb87a42655a3b46312ad827192957c22,,76,551,11468.62799999999,0.2855972791623802,0.3752340637432833,0.08963678458090307,1028.010937474512,6.64885721626857,3.3616690718993896,77,0.0003873645565824797,7571.469789999983,0.1624218141823106,-0.051771293586728606,0.21419310776903921,1,1
0xf8bcbe3b261f62e4741af39785579c8912f31523,,299,479,28191.93473,0.31212075183567023,0.29298262393501223,-0.019138127900657997,-539.5408526297415,-2.4937849240113272,-1.612650527266225,337,0.946589772764861,9969.752327999999,0.11754745282212375,-0.09392178205096535,0.2114692348730891,0,0
0x744c893e4bbd680b514a4375e04bee68b2b4efe9,,60,71,30230.976274000008,0.5540888146471269,0.672582363060737,0.11849354841361015,3582.175650713918,1.779082679399129,2.149367464603811,60,0.01580264120917374,12913.621061999998,0.23949330175072014,0.02826354827431876,0.21122975347640138,0,0
0x930c447c299d85b359c95da37c100c597c9f25d6,,464,572,11250.98639499999,0.15784280635282183,0.11245456518925961,-0.045388241163562215,-510.66248382421713,-4.082510030137281,-2.6563447267888165,481,0.9960503590511638,3068.897949999999,0.10615370348605857,-0.1022278569169742,0.20838156040303277,0,0
0x2459cf9de3f91ffdc07199753b7bef4b7df6fd38,,89,136,4079.0713799999967,0.33663461188938126,0.4635681303032264,0.12693351841384515,517.7708821246183,1.8174648342905364,0.6052073714523631,102,0.27252060925583765,2675.072386,0.1985846982753996,-0.009585163929288099,0.2081698622046877,0,0
0x0b20e9a48eb451d5969cd1548028641ec705f723,,36,436,3860.457565999992,0.2628481399865234,0.28342750238638476,0.020579362399861356,79.44575528000064,1.1459925073115396,1.4735625110015647,53,0.07029971068409545,2058.3269999999975,0.11734398558693865,-0.08994161777133039,0.20728560335826904,0,0
0x0a4a2fd8e6702d1733d8a463dfd688027d7141dd,,22,32,4910.784621999999,0.642880980463895,0.7713559861758482,0.12847500571195325,630.9130823616224,0.57636668170718,-0.026145216080109973,26,0.5104292439206356,4682.827246999999,0.1380958915514482,-0.06916258486594726,0.20725847641739545,0,0
0x6e57c10bdc03da8d061c40d4125007504c3dacaa,,75,178,8734.490026999998,0.12457281269642964,0.11472315966959433,-0.009849653026835312,-86.03169613230341,0.5263623941794557,0.9304746251934676,87,0.17606269813407105,2131.265281000001,0.14587023760564233,-0.06011000448119998,0.2059802420868423,0,0
0x661d589424bc21a094ad4849063a9e375c141d3e,,77,203,4542.434097999997,0.13395190931389686,0.19410583092184258,0.06015392160794572,273.24522464035147,4.0827181554993235,1.473416995744422,81,0.0703193151301961,2009.2885370000004,0.174825184168047,-0.03080320968867495,0.20562839385672194,0,0
0x0a7a5cbe8ab50e5da38e5ed8c1dfc07dc078be5d,,120,207,202796.64362700004,0.43072873908126913,0.39629429613153627,-0.03443444294973286,-6983.189455371234,-1.9841850957048426,-0.5346851800671514,128,0.7035662144768406,67827.52570400001,0.10239100037162896,-0.10319484841622922,0.20558584878785818,0,0
0x53382f2d97aea6e0ee2017811da8c845db757f07,,47,50,12468.177804,0.2013680667157914,0.17178195255708273,-0.029586114158708682,-368.8849318602215,0.0966763410173358,0.27199020326119167,47,0.3928147760751909,4027.590119,0.1093993186000296,-0.09590570902042991,0.20530502762045952,0,0
0xfff40883c3ddf88185c9ddf28711ee4e2696c990,,66,90,32365.23637400001,0.35919632258628453,0.347144653361029,-0.012051669225255524,-390.0551231766567,-1.00891786684293,-0.07662396319713873,67,0.5305386524406688,11715.883740000001,0.11869460077132904,-0.0862335637315485,0.20492816450287754,0,0
0xa815472e1f35a9d0deca2054164c9bf75e50aa31,,236,698,9741.652689999984,0.15705108297384707,0.14085526046402316,-0.016195822509823904,-157.77407791958808,-1.8223295121843743,0.5686531616196745,261,0.2847957699150847,3698.9143429999995,0.11084383700532213,-0.09396003994341487,0.204803876948737,0,0
0xee241557854b2dd1c9fe3664b074ba8d8462bd15,,62,91,41531.18178000001,0.22425669568176723,0.20052056551423272,-0.023736130167534508,-985.7895367416186,0.7594004579331345,0.6738127602922269,64,0.2502151806394028,6436.215101000002,0.14859672634848092,-0.055340985178568086,0.203937711527049,0,0
0x95d3ba4c755ece064341d514c020c94145297886,,51,119,50699.798189999994,0.33644312465628734,0.3564321116679381,0.01998898701165075,1013.4376075132241,0.12097110593086122,0.40212340738033564,55,0.343796603444686,23746.88033,0.1272604086597851,-0.07452254698770455,0.20178295564748966,0,0
0xb7c2089886e4c42f09e8d0c31caf7bc5eb9a3eb7,,34,103,99010.92657699996,0.07831824729590992,0.06986013651352682,-0.008458110782383094,-837.4453856546643,-0.49375303420143074,0.4688563341830504,36,0.3195861649080725,9341.148093,0.1725835139181897,-0.02731771605761115,0.19990122997580087,0,0
0x8d5880232727562aa0fb4ed738699b5f3ede3410,,164,1086,16006.322523999988,0.3221740041591582,0.31399864881293216,-0.008175355346226043,-130.8573744200021,-1.2241899000151046,1.4730464343668401,199,0.07036925774901961,7098.871612000007,0.10294779806733745,-0.09673593311384943,0.19968373118118687,0,0
0x39d281dec2ff909e1fa98b806708b423c1dec802,,14,342,8980.601088999996,0.24661438566215532,0.2677260213623103,0.02111163570015495,189.59517855938293,2.3137006718220534,0.15402824646162652,25,0.43879373194414656,2203.562215,0.17150434201727383,-0.027788730848339466,0.1992930728656133,0,0
0x074c0f657c3aeaa0b7e1cd2c38f1f8e8cf9b96cd,,45,141,24208.211829999993,0.10991647310922993,0.1334989966501793,0.023582523540949377,570.8907253652642,1.8249511320929794,2.5684379692015677,51,0.005107899699518341,8165.7584080000015,0.15540221093108314,-0.04351492672621322,0.19891713765729635,0,0
0x518d9caa90863b252581aa3893ebcc771cf259c2,,31,2349,12041.038359000033,0.21836064274596226,0.3064746001113521,0.08811395736538982,1060.9835405999524,-1.7615287188901831,0.7161572676965552,59,0.23694712288433745,6464.679452999988,0.1800302316939923,-0.018444687812392724,0.19847491950638502,0,0
0x21c6a246c61bfd419ef2fdca23c025d36721a95b,,62,164,3907.5997500000008,0.4881405407976693,0.5822154108797862,0.09407487008211696,367.60693881416273,2.5677757415797107,0.8957786690962513,72,0.18518549228828485,2066.115736,0.18737655152396643,-0.010608130561224671,0.1979846820851911,0,0
0x3a095c7c43079dbdb2ea5e06c1a0979bb56c19ab,,1571,12996,1367996.9106140041,0.29594646330712554,0.27520955461004637,-0.02073690869707917,-28368.027033288963,1.2267541405127884,2.489608222089662,2100,0.006394198892988074,442886.63688299945,0.11236463078259001,-0.0844578453875307,0.19682247617012072,0,0
0xb8f53e91673a614dd62d90a8e34ea8ea0186a84d,,9,27,3499.476114,0.09091950051200863,0.19597481213155096,0.10505531161954233,367.638553661415,2.9640529405879628,0.68841949491635,9,0.24559432537811132,2655.078808,0.15199058724652698,-0.04252551884895969,0.19451610609548667,0,0
0xaa14965579f1faae5e7bf4c31a41261bd3754a5a,,14,26,56178.06064899999,0.1587718049093056,0.1304124093349316,-0.028359395574374002,-1593.1758445461646,-0.17551809365589896,0.5362509446668347,16,0.2958925644048558,13834.825643,0.11780659454541711,-0.07611628018551031,0.19392287473092742,0,0
0x05c335f7048d216162fcbad355daf9fb3dbd3f7f,,38,102,11456.213438000006,0.05031848586378364,0.055021462842965566,0.004702976979181928,53.87830806750867,-0.11340749061414113,0.8441291444125599,40,0.19929862166462417,2141.590733,0.16056783108806555,-0.03113301313352574,0.19170084422159128,0,0
0x206b8801df5436eaa98362ec407873ece99b7d6a,,90,140,68185.33231299999,0.03657394667814498,0.036787991315864806,0.0002140446377198249,14.594704752742018,-0.3797473427089312,0.37867929224154473,90,0.35246301626642973,6051.54291,0.17478633816841552,-0.016788487082116242,0.19157482525053177,0,0
0x82ee61b5345d2389dd33263660f762eef9a5111b,,150,509,132364.95026099996,0.14583253122790224,0.15242957202957347,0.006597040801671228,873.2169775829971,2.5888007709902587,0.8418101466838371,156,0.19994711572722393,54293.573949,0.1188264293450133,-0.0714512131675934,0.1902776425126067,0,0
0x70accb6d1099c020d476850c909d169688d82e5b,,424,510,41442.33676399997,0.4732847314411293,0.5294507683278189,0.056166036886689585,2327.651815357436,-0.5330206014340342,0.45995079870703065,425,0.3227757683165168,9601.974376,0.20231727862151883,0.012091774758086982,0.19022550386343184,0,0
0x4bf20ddf39a4a3a1b50a9b10e81112664c5ca1ec,,64,207,4923.371088000002,0.2752794264252799,0.3286864355896789,0.053407009164399,262.94252481655326,3.0942037206746833,2.343817594749106,79,0.009543751866579107,2086.6079269999996,0.16194812512043416,-0.026431433492001666,0.18837955861243583,0,0
0x0b0f5cd88f48b1686019776e7ac527795e589650,,67,70,7402.571446,0.37809851135690786,0.37861271281811815,0.0005142014612102841,3.8064130542466046,0.5742858715958138,0.8740415624464342,67,0.1910478099060228,2877.982549,0.11562209752005143,-0.07270317223855333,0.18832526975860475,0,0
0x781a48229e2c08e20d1eaad90ef73710988c96e6,,135,739,81295.37240200017,0.22568859518349738,0.2642160720143462,0.03852747683084884,3132.1055766732898,4.808184631999876,2.3937412956590616,144,0.008338753703270477,46202.522179000036,0.11958469753474449,-0.06819078667700595,0.18777548421175044,0,0
0xddaa07da69a0f71f7d0d7a654a430fa2f73c8766,,298,3935,141452.03591799998,0.244722334002759,0.2609507859073727,0.016228451904613694,2295.5475617049524,1.134485346764347,2.8448450863630006,327,0.0022216513432927265,65038.637210000095,0.11710836210908404,-0.06963465577677586,0.1867430178858599,0,0
0xbba688803915870c73f0b03f1b234d21800e8cb6,,23,28,9688.904581,0.25983847438406227,0.3047536074191832,0.04491513303512096,435.1784382202077,0.11846466495604661,-0.12398946823581433,23,0.5493381930773074,5901.325803,0.11763861635772582,-0.0683933930102027,0.18603200936792852,0,0
0x139e9a81bbd4583a41b28f6b8b2383fcbc7c9a26,,415,438,13916.708057999998,0.5581664549791038,0.6038073841154943,0.04564092913639051,635.1714862870122,-0.6023999810542523,-0.76676851763594,416,0.7783904212029403,4899.995127999999,0.16554036472356315,-0.019516590548235624,0.18505695527179877,0,0
0x1dd4eb24aef382f382de1ed5e9b0e2015a5150bc,,97,583,8626.847884999997,0.334672805637497,0.3486379536411638,0.013965148003666772,120.47520751914453,-0.36613162142680683,0.24667301821225013,133,0.40258064486762524,2946.627053000001,0.13566936479389813,-0.04916918220370381,0.18483854699760194,0,0
0x11c365927b0ac738e1bf349e626c4315f32d8132,,43,385,6160.902910000001,0.4817734757203511,0.5405109524766072,0.05873747675625607,361.87589147367544,-0.44498479246245864,-0.4133282281313026,48,0.6603169245119722,4043.8672399999987,0.12222003037958762,-0.06252406954018941,0.18474409991977703,0,0
0xed41561413526b9badb5ef15e6ee76713b0ea389,,17,52,9139.991831,0.07109077492799451,0.08509002068931938,0.013999245761324872,127.95299189867069,1.0107026056370008,1.839833732308616,22,0.032896325707539,2059.110501,0.1571171429823179,-0.027619240881041427,0.18473638386335933,0,0
0x4148b8b48bc20c7d4c96065c70171a0102414397,,153,222,8891.935789000003,0.1916090375439853,0.21065122673480874,0.019042189190823428,169.32192356679184,0.163865832721417,0.07464532529271092,186,0.47024845516247943,3810.5719189999995,0.12454262398321997,-0.06007377348126065,0.1846163974644806,0,0
0x4b83ac6a7dd4b83eb091724bae73ae7e344d2c44,,46,60,9566.735223000001,0.2863176168060583,0.2641790836777714,-0.022138533128286897,-211.79348466393503,-2.357833615426331,-1.3098747130857886,48,0.9048808885899317,2475.850257,0.1144029312239192,-0.06981329040167489,0.1842162216255941,0,0
0xd83b562a8e3cad70e270a203b7e513a54b4c3b13,,49,98,49800.25992700001,0.16543097686393118,0.22948589217711848,0.0640549153131873,3189.951432198701,1.8974807135838938,1.7447522156605604,55,0.04051400492318568,17554.069430999996,0.18312630714238698,-0.0007647563213535324,0.1838910634637405,0,0
0x967ffc3d63dd25e54142844ac3d98fd4b49a200e,,11,311,4268.321600000003,0.12303866501905382,0.18762836427320748,0.06458969925415366,275.6896084640082,1.571325312931403,0.8373423084101952,22,0.2012000920563471,2385.2571000000034,0.14541996955800604,-0.03779711550295247,0.18321708506095852,0,0
0xe359b45d38df028ac092bdfacc445266cdc7de25,,49,69,2461.51216,0.466476294131773,0.6350958591242545,0.16861956499248149,415.05910964290365,0.93566897472458,1.1426958780016692,53,0.12658244090981954,2022.2133999999994,0.2012630460994106,0.01835261473503269,0.1829104313643779,0,0
0x36d9c225ac8509ce1bcdd5dff7f3a8b9caac8841,,141,344,3304.461547000002,0.3949997185836716,0.4255340820281603,0.030534363444488677,100.89962986443538,1.3406304721656086,0.6113112636918802,206,0.2704967677726048,2043.7718730000006,0.10023632483427675,-0.08246323709061454,0.18269956192489128,0,0
0x48354af7e126e205ba9d2bb74b7f10d552e38f59,,50,55,7762.3753130000005,0.4708231418953192,0.4740084410551356,0.0031852991598164127,24.72548756267861,0.4165492933084602,0.8079714891077757,51,0.20955349757648273,2929.64971,0.11656930413326316,-0.06554929174741281,0.18211859588067597,0,0
0xe8c964006c7cb6f19cc09b564dfa4a61cb850c0c,,9,27,3983.525178,0.0799358184644305,0.1806365264048044,0.1007007079403739,401.14380552290396,2.8366564847657667,0.8682134592368828,9,0.1926387437274044,3073.3269569999993,0.14221073054128125,-0.03945982907417561,0.18167055961545686,0,0
0x2016430cefb0c5884fa12d38dbc8bf66fa7c98af,,251,342,8050.680593999996,0.4426807196267975,0.49527613987960983,0.05259542025281233,423.4289291625905,1.9840423612956632,1.676759529791506,257,0.046794757247095115,2269.786442,0.18197219619826344,0.0017974564379825697,0.18017473976028087,0,0
0x8ebae4e411e2397c7b05fa187dfba2ffafde24c9,,181,13498,65907.06120000013,0.25780216629354213,0.2818299610816204,0.02402779478807826,1583.6013415989182,1.086708055940409,2.0534710338052187,315,0.020013458117611606,20919.026906999814,0.14657297639006361,-0.03295460045415455,0.17952757684421816,0,0
0xc5ac51bb35f232ab78a1fa3968bb097a0b6daa06,,43,53,6668.290648000001,0.3753569679101774,0.41312031769734575,0.03776334978716833,251.81699222292764,0.050031266707396445,0.1605323095132506,45,0.4362308861706987,3255.6923020000004,0.12922050576006666,-0.04948874626239658,0.17870925202246324,0,0
0xe32e66f6ced82c2fe28a0ce05928708048f028c9,,197,523,106153.60959299997,0.06709528939674918,0.05029226610822708,-0.016803023288522095,-1783.7015741518617,-2.0891547316630636,0.12532994672699374,201,0.45013117251629203,20853.397889000007,0.1267186320216096,-0.05188985512729624,0.17860848714890584,0,0
0x9b2b6d27fbc5dd978486011e9de0da06435d5752,,34,43,13255.297374000005,0.52028060515285,0.557527087132402,0.03724648197955194,493.7131947742928,1.4216577601158074,1.2161147739065161,34,0.11197060167484774,4598.448788999999,0.1537303233580709,-0.024628803705038838,0.17835912706310975,0,0
0xa543bab4f34a399b9ed47759309c7de7f736b63b,,123,178,29751.558261,0.4943182844628216,0.542723427672231,0.04840514320940942,1440.128438326792,2.464310976887783,2.294484704914349,123,0.010881336312638563,11017.020960000003,0.16068442201531513,-0.0176217432892668,0.17830616530458193,0,0
0x224f67d24c7f894cd8aea7ede6612dcb005fef71,,369,3273,171540.4515610004,0.33287233330024735,0.37116084800767296,0.038288514707425614,6568.029102511791,1.0289560523326213,2.9983127414416137,374,0.0013573946593578225,83034.81282400002,0.12991033004311048,-0.04766985354525444,0.17758018358836491,0,0
0xceb538833ac789766903736f5a0559ce72714438,,90,258,13407.397873000009,0.22239289856095845,0.2061911247198204,-0.01620177384113805,-217.22362813650125,-1.186411735665291,1.4106436753074887,99,0.0791748533117463,4614.416016999997,0.10008955098628464,-0.07722959815714506,0.1773191491434297,0,0
0x92f4c610f51e92acad6d2e4a4db7ac344a648edf,,184,355,6619.497626,0.3314471650340978,0.35106540727083246,0.01961824223673464,129.86290791235797,1.5923112889619329,1.292390867098032,194,0.09811090895392643,3272.6605439999994,0.10862362636900252,-0.06741449993641302,0.17603812630541554,0,0
0x74fc6776d6875a5fc07e5ce76bd07f6f596ff20a,,127,447,12168.563732000008,0.20746902044751522,0.19005031258688215,-0.01741870786063307,-211.96065673120302,0.3237819699946414,3.083810248784702,150,0.0010218394889483298,2630.061351,0.12044182356968819,-0.055431138015857806,0.175872961585546,0,0
0xa1898c6e20b82672f0d11710b99430302913a013,,67,277,34098.637547000006,0.660829882797103,0.6677679076946964,0.006938024897593431,236.57719627510232,2.5073197445763604,-0.2669824812490717,70,0.605258675199402,10440.270417000002,0.1283217350203636,-0.04662774956760507,0.17494948458796866,0,0
0x0328b288548d56dc0449c5391e4d0b1936080f31,,12,21,11218.762464000001,0.31310155554298846,0.4020443719593491,0.08894281641636065,997.82833025431,1.175892526340894,0.9435274075146759,14,0.17270560163268384,8163.935467000001,0.13603249936384892,-0.036902978819285503,0.17293547818313443,0,0
0x7dd3d95abb676f7d9b00fe5441fdd4f04f6fe135,,41,76,12417.510272000001,0.06299419457309283,0.07562104426983154,0.012626849696738718,156.79403581225324,0.9474539549430535,0.9378164917650932,43,0.17416936217647908,2843.655458,0.14467241465260144,-0.026593725378448847,0.17126614003105028,0,0
0xeddaca81c8aff58d3b83be48ad31a63c26f7d27d,,36,83,6286.29141,0.12514117474275935,0.17442000354227932,0.049278828799519975,309.781078177283,1.0445319034795224,1.0381307452363804,37,0.14960459470354748,4121.14475,0.10824275954150872,-0.06295324217562155,0.1711960017171303,0,0
0xd6febd3232a6b99958918eeef47f845e3af0a5ad,,67,133,27164.154889000012,0.13757781894437826,0.15756942888487435,0.01999160994049609,543.055188904108,0.5912455369015509,1.9463760320775325,76,0.02580479324944515,8747.054040999998,0.13605731995219905,-0.03513286628181059,0.17119018623400964,0,0
0x106c0a5976155a427ecaebf8f11096ecba98b5cb,,241,299,3081.494959999999,0.4017588107771639,0.4835842506132155,0.08182543983605162,252.14468045457625,3.301483672833977,3.0391447042959965,241,0.0011862543333794296,2335.614514999998,0.12300269880229509,-0.04711506849095276,0.17011776729324785,0,0
0xa6cc8d22b5b9c57dd480f378305ccac5a934d306,,19,585,26013.812733999952,0.339228727945024,0.39416296284006386,0.054934234895039846,1429.048899245132,3.2074046200291777,0.993838760297935,35,0.1601506862471821,14230.885625000012,0.13116813000027788,-0.037137610407494304,0.1683057404077722,0,0
0x2a9d84b2faa55a835f6185031bb02ee4a036edb9,,57,94,174649.60274900007,0.29764075720744054,0.31203607834322433,0.01439532113578379,2514.137117808932,0.637789505645687,0.21224196749713378,61,0.41595913357187475,41286.065514999995,0.14277493055299523,-0.02534784311374544,0.16812277366674067,0,0
0x680066c124fe489dcfd464bbee36645cb00d587b,,115,145,6308.331079999998,0.39714851710660826,0.40693053351917624,0.009782016412567984,61.708198160472875,-1.1260549259156307,-0.0826320991285751,115,0.5329279614336597,2842.036592000001,0.10161211002576254,-0.06551005331751103,0.16712216334327357,0,0
0x2936d4f96e96eaebaea5b30a0cc20e926d1107f5,,213,370,19659.364078000013,0.11769857632051205,0.0727523098572934,-0.04494626646321864,-883.6150163472171,-2.987917991492073,-1.3876923822757874,231,0.9173846316692766,2442.895873,0.10076939828701043,-0.06562229547283904,0.16639169375984947,0,0
0x8553b0bec5645c0a2bd54fd92e1d5c2bfce9c4df,,9,28,4054.4349769999994,0.081438970902792,0.17035845683017353,0.08891948592738154,360.518273880835,2.950318225131517,0.809215503846876,9,0.20919559928480377,3175.6026689999994,0.12483556151714768,-0.040860887944429936,0.16569644946157763,0,0
0xb51c923cdc5c3e74124b07ee424a623b20dafe93,,49,66,4594.3038430000015,0.31812295387165224,0.40747579436922327,0.08935284049757103,410.5140984809566,1.4908073891284999,0.2932410020937312,49,0.3846689728686152,2295.268107,0.17202400838520948,0.006817153013615962,0.16520685537159352,0,0
0x5fa6cba73f7d140f873109c7c653ea4283a8e626,,107,1590,11513.928815000014,0.24600799408538007,0.28912944699319815,0.043121452907818075,496.49733917999265,3.004665792242829,3.0930576919688124,157,0.0009905280943773567,5099.688439999996,0.13509114313597953,-0.029999717903769096,0.16509086103974863,0,0
0xb7a3c4c73048be5d7b9da50993187f2cf963e9fb,,69,84,11344.283454999993,0.009859003083048531,0.03475986699064725,0.02490086390759872,282.48245844217865,-0.5419868807210956,-0.9000503951305421,69,0.8159532837500476,2154.0805430000005,0.15852471474674149,-0.006419068843558787,0.16494378359030026,0,0
0x247a58959998a04e7bd489dfcebf259a6f487248,,234,3231,17330.385382000037,0.30652058426617046,0.3170823125322699,0.010561728266099468,183.03882115146644,2.753134868898065,1.8289788032954926,362,0.03370139185361905,5649.752841000011,0.12134729492112001,-0.04302364630620811,0.16437094122732812,0,0
0xcc457cb0d90a63a85431e9d5f34150becc3b2957,,233,262,38989.11341700002,0.07918679735674365,0.10720964912162972,0.028022851764886073,1092.5861457289225,4.618933069804778,4.4757443152821965,236,3.807278399028688e-06,12599.406107,0.13896413398496982,-0.024944551484503433,0.16390868546947324,1,1
0xe9b7df60a820bfe2ca9aababc49a03e74803ebe9,,265,534,36821.06217799995,0.0878634359477523,0.08639501206189253,-0.001468423885859771,-54.06892720490305,-1.3642047082276758,0.5613839585967563,286,0.2872679086026598,7159.675795000004,0.1304892365781151,-0.033320410013191776,0.16380964659130687,0,0
0xb810b0d44b80949efc2298dfeaddbad7b25a8919,,331,394,25859.875975000043,0.5123747123718022,0.5096468431148371,-0.0027278692569651097,-70.54236066113117,-0.7488551998449989,2.294541188552743,334,0.010879716002383685,7564.508398,0.1127269207558026,-0.05046447389008818,0.16319139464589077,0,0
0x86c535aa644585c4c3fdb49118afd7eb9359f088,,51,215,4917.560050000001,0.4043227344843783,0.4856223842147082,0.08129964973032994,399.7959095928636,0.6739288965036031,1.6105540266998715,54,0.0536384804596505,2073.1749640000003,0.17472832659399834,0.013202683976022533,0.1615256426179758,0,0
0x3cff88ce3c624a08a2b967c971109b8d22f4c216,,162,516,20874.60293200002,0.12843558444919725,0.1350116836799623,0.006576099230765048,137.27346028365082,0.9804761585329981,1.6354049210871868,205,0.05098209574272652,4637.144158000001,0.13205196373131628,-0.029257689796026005,0.16130965352734228,0,0
0x9987ac64de4154243d274994c804105b92795563,,122,504,23501.049350000027,0.13894140871765365,0.11567816549434193,-0.02326324322331172,-546.7106270321028,-1.8350242129449141,2.776623155201823,167,0.0027463410879304587,5435.619063,0.1006339287130365,-0.06054205800546672,0.16117598671850322,0,0
0x403ccf20a381a8f496521469705b484adaf372a1,,70,112,46460.91933099999,0.6232836917641872,0.6639868568510313,0.04070316508684413,1891.1064696162393,0.7267873222037745,0.18036374085836374,70,0.4284335090376748,12990.899507999997,0.15674976693795628,-0.004338629058037391,0.16108839599599367,0,0
0xe7642c6806d37b0aaeff5b2c597d60e2e1411857,,58,111,9105.462632,0.12638261247864832,0.15983449834666227,0.03345188586801395,304.5948967411298,0.35079707067620036,2.8965990924933482,58,0.001886157431883973,3636.726669000001,0.13018526520183613,-0.030876116578244364,0.1610613817800805,0,0
0x24f5bab872129fde97221b3b69ca9eb2013398d2,,302,1312,123839.69556399998,0.2967084748988266,0.3874112244664366,0.09070274956760999,11232.600893270552,10.467569369911608,7.038742780452137,308,9.699103962537221e-13,77841.414727,0.15021335239485684,-0.01000513409753806,0.1602184864923949,1,1
0x694d10119eaabbeeb7661d2ccaaa9825b1e29aad,,54,57,18310.578535,0.16998947439235443,0.1907413700951093,0.020751895702754874,379.979216015422,1.574029713523561,1.6814400784367043,55,0.046338733144184824,9141.272990000001,0.1007473288860044,-0.0589989740978641,0.1597463029838685,0,0
0xaf58a8e9bc934e450e4031922e4b217ffa176c4d,,81,324,8611.131224000002,0.3504839216900079,0.4315550306146397,0.08107110892463176,698.113957425202,-0.31525942986268324,1.418402320480121,85,0.07803666926692958,4486.108365999999,0.15721197411365662,-0.001734777024949119,0.15894675113860574,0,0
0x635f6c9b0a8abda3655a0177185de714f30d92f3,,261,416,25118.754653999982,0.23888096500265218,0.27206639644898717,0.033185431446334984,833.5767105876248,0.22128258681046276,1.6053700979053198,290,0.05420619047248165,8551.375355000004,0.13744202886108697,-0.02062738237524961,0.15806941123633658,0,0
0x373cdb50ce8ebdb20c68b04d6e62c419ffb2eb7d,,59,159,10777.400020000001,0.36844435485961846,0.469674675488198,0.10123032062857956,1090.9996595670596,2.042100570836228,0.8672938103598528,83,0.19289052360760542,5116.714504000001,0.183794575298261,0.026600186489131927,0.15719438880912906,0,0
0x7f2cb5ceac53219e98acda2bd4015eea9f24436f,,80,147,25272.665298000004,0.36239464368895047,0.44551108386225585,0.08311644017330538,2100.573973261189,1.0017965499932766,1.6469225475713547,88,0.04978698336009331,8609.799464,0.18675621503220352,0.02956516712587587,0.15719104790632765,0,0
0xd630e306d00140adbb173cfd518b93ddef0736a2,,112,113,5326.492339999999,0.4287703963554868,0.4517955381120478,0.023025141756561007,122.64324119373623,0.9925777333186008,0.9925777333186022,113,0.16045789020541373,2304.82137,0.11215900889996533,-0.044962949542095065,0.1571219584420604,0,0
0x7de48cbd65ee3703f5532340df358dc377e4ddcd,,59,2012,40856.676806000076,0.3885941271363906,0.366359072179894,-0.02223505495649658,-908.4504541212318,-2.1975697249627215,0.6189973615964776,108,0.26795904850203134,3163.550556000001,0.1226711053021956,-0.03439690008480295,0.15706800538699855,0,0
0xb64cd560972d6be753439970c09c9f77ad746652,,266,7818,145090.56748599984,0.2355464282885482,0.2532650348930902,0.017718606604542025,2570.802687314186,3.497322333554248,0.8595456567404557,378,0.1950197710084522,32670.823849999986,0.13887721420343502,-0.017491859090802475,0.1563690732942375,0,0
0xf5bcf155ece1d1b6ba008667e60e08bd8fe22c49,,284,815,188780.64637499995,0.18752607705379754,0.18767086063273367,0.0001447835789361307,27.33233761604788,-0.5534709663822985,0.9304081068194663,306,0.17607991137844511,43780.71846200002,0.1197805053798574,-0.03597756440807068,0.15575806978792808,0,0
0xede9a5c16fa401ea06603a4d2be4e39e9a803778,,98,414,44329.03124999999,0.7045086168285082,0.701017105917468,-0.003491510911040163,-154.7752962852137,5.630954156439863,1.3167405691789633,102,0.09396279997008075,10236.423621999988,0.11584793445291564,-0.0393235930705953,0.15517152752351093,0,0
0xf47bfefe39ef77c4301670c7831026b0cd61418e,,413,2552,46442.41494099968,0.3428987151834631,0.4297068281085904,0.0868081129251273,4031.578400713919,12.612739933281963,5.167463795260478,427,1.186459566543948e-07,29133.509055000006,0.14412886064099034,-0.0096713834461703,0.15380024408716064,1,1
0xac6df77395095fd6a6f16e836ad845dd8cb0919a,,845,866,55889.40603900007,0.12829610295037402,0.17154626775438783,0.04325016480401381,2417.226021985196,1.596046195215993,1.51706814208226,846,0.06462474031261259,31787.901981999978,0.10936358419729039,-0.04394799886237152,0.15331158305966192,0,0
0x88b48c727e7b3266e09e9157e7c5669cf2de05ba,,79,321,14544.04081500001,0.21658378052460153,0.23794079293499276,0.02135701241039123,310.6172601831918,2.1724525704482165,1.0733549902613748,113,0.14155593555429236,2785.704291000001,0.14528499311990412,-0.008003153199158314,0.15328814631906243,0,0
0xe59bf2bc1adce3b2b5377d8c76c57a9c25bd6a34,,82,100,9611.61614,0.8208649647887751,0.830678876029271,0.00981391124049591,94.32754767567712,1.6382825589887897,1.2877384321876295,88,0.09891851523505461,3268.2653569999993,0.11094661536584383,-0.04229238473140806,0.1532390000972519,0,0
0x85008bd69924d5d734dc38cdf1ef5a7f7c78e00e,,169,183,4979.627285000002,0.4504716958202324,0.49659554088494384,0.046123845064711455,229.67955737334978,1.321422142141411,1.469136756214641,170,0.07089784997905516,3207.4028770000004,0.1005020521692751,-0.052290789744493416,0.15279284191376852,0,0
0xb02b507b28762c41ba0f0c0505ba3029bee8e195,,221,729,5560.922566999982,0.20514756405335355,0.2281604102041084,0.023012846150754857,127.97265549063127,0.4485792400430744,1.218970795679875,230,0.11142763857502018,2358.261723999996,0.11083514563921479,-0.041654621792337254,0.15248976743155204,0,0
0xaf2c5b784d88d1098510abbb22087f2235b23134,,241,470,35622.417346,0.11139608639653506,0.09259681674495869,-0.01879926965157637,-669.6754293284457,-3.2110020293183177,0.213640587193419,251,0.41541367301667614,6236.868483,0.10698813259081885,-0.04549672860534963,0.1524848611961685,0,0
0x6ded586f6a295259c3fe8130ef321bfa01b97a41,,63,974,8022.496086000003,0.5010030175077291,0.5707736431297034,0.06977062562197422,559.7345709700589,3.3939648577521355,0.50997637586672,85,0.3050340062893976,3546.9305779999995,0.1543573106622535,0.0027348288886368533,0.15162248177361665,0,0
0xdd56400371de29a39509432463f364f87b0dcd6c,,207,540,29467.767012000033,0.05602163213027246,0.05145810313290793,-0.0045635289973645285,-134.4770092468441,-1.2138865743272702,2.1962544735499554,219,0.014036867172609336,4957.2712870000005,0.12034134644129113,-0.029825659945895595,0.15016700638718672,0,0
0xbabf9e1644cc69ef2f808c4afda3a80e58190dd6,,188,198,15321.645607000002,0.42639088090644395,0.49240502303180567,0.06601414212536172,1011.4452906949218,-0.19915413455396466,0.27264075800726206,189,0.39256468902841346,5517.118148000001,0.1615849073190051,0.012235394982980319,0.14934951233602478,0,0
0xaf32b429e194e0f7295a10adb1628f92866f8e4c,,53,168,10943.950887000003,0.11071274652647707,0.14080860677385823,0.03009586024738116,329.36761644935495,0.5445703372052825,1.6259793905854414,73,0.0519770198421652,4390.702458999998,0.1179501509082703,-0.02876686322122876,0.14671701412949906,0,0
0xe2fa327d9c8510146a6d67890872193aac613248,,43,66,20105.823731000004,0.23229184902277214,0.22091158290380022,-0.011380266118971916,-228.80962459992134,-0.28005024131916484,-0.5340021205877866,44,0.7033299665417886,3776.5439109999993,0.10776693268804283,-0.038935959519254326,0.14670289220729715,0,0
0x41c0cdc5c2a99ca3dbf552e81c631b2a2d549d61,,96,1504,7119.516163999986,0.4869179887745035,0.5387500588024534,0.05183207002794993,369.01926037756857,4.333922794848348,0.5623554875101124,156,0.2869369200876312,3676.133349000004,0.1227469219139965,-0.023876169794257107,0.1466230917082536,0,0
0x0150a130b13934cb6d66711bf370bca10721a49f,,69,76,17262.187514,0.368783743513609,0.3801834507172067,0.011399707203597731,196.7838833532005,0.10272553140165093,-0.026522559864543556,69,0.5105797301214452,6439.955613,0.10290196036605109,-0.043050285574808556,0.14595224594085965,0,0
0x6c10523391a2391434aed2715715e8c875d93beb,,49,570,6361.223579999994,0.37298261531250215,0.43982406400499446,0.06684144869249231,425.1933995440422,0.7378229833859163,0.051601401118608,79,0.4794231514490064,4389.341422999999,0.11148342253614024,-0.03253003976121799,0.14401346229735823,0,0
0x45bc74efa620b45c02308acaecdff1f7c06f978b,,171,408,349882.01469700027,0.8162659027024808,0.8206997550636379,0.00443385236115712,1551.325196990685,0.11397369072751369,0.21536109434428535,190,0.4147429002537306,51930.84381900001,0.12698059880270474,-0.016925204330010435,0.14390580313271517,0,0
0xa70f7d263122d7664441c864b0f806c23791dbc6,,172,605,10996.09813999998,0.3191202054615161,0.3537214083103851,0.03460120284886903,380.4782222882109,1.2005635204155216,0.41876145139686916,204,0.3376952399918193,3442.92813,0.13155227425569382,-0.00959157588354026,0.14114385013923408,0,0
0x857a2ff938c8673ef6c827c9ef0532953c6bfce2,,225,503,26783.076093,0.39512408619837747,0.402526915040117,0.007402828841739539,198.27052817176445,1.7126399860523567,0.8747538435175125,228,0.19085392816582267,6698.555716000001,0.11239856528579328,-0.02761517394404639,0.14001373922983967,0,0
0xaf5a0741ad1f7d215eba82f509a5a730c8aa2729,,27,119,18401.534255000002,0.3845786185655544,0.420981438321921,0.036402819756366556,669.8677347253706,1.807761525370751,0.15372151922774874,33,0.4389146582825668,7627.566677,0.11800401347964468,-0.0213677778940336,0.13937179137367828,0,0
0x6623414a6cf23546689677c8f29baa4cba2bf044,,31,76,25176.720095,0.10838218497246425,0.13887311142226053,0.03049092644979627,767.6615206637525,3.323648258743126,1.9399975611804272,33,0.02618999313608668,11715.565954,0.1049291280003205,-0.03429442929515521,0.1392235572954757,0,0
0xf2e78c8636613645cd35d75d23febac897e89f8d,,52,57,5252.7626040000005,0.016006742217098,0.07547135667203284,0.05946461445493484,312.3535030701596,3.9828771188166145,4.1353888164006,52,1.7717707451795052e-05,2738.0186900000003,0.12588577377922403,-0.01285383301357806,0.1387396067928021,1,1
0x1e53e5e0a496b353893caac150e990df900714e7,,207,332,31516.049322999985,0.37336712024550234,0.4378299330788877,0.06446281283338534,2031.6131887562879,1.3642887617657546,1.1050414916402789,235,0.1345708054169506,10261.322164,0.1558813176423447,0.020327937679332553,0.13555337996301214,0,0
0x5ecf845b70ac1ea66adbe0f48629effc83a8af11,,261,405,12896.08665799999,0.16265945925124142,0.183863028830463,0.021203569579221565,273.4430707525735,1.8440573343060986,1.6096018498616933,281,0.05374240206448362,3502.1215499999985,0.11952998858852432,-0.015453056987717595,0.1349830455762419,0,0
0x792c8ee06728738a816367799bea993e154479a3,,414,635,105233.54160400003,0.44394794172014357,0.4797131288326912,0.035765187112547614,3763.6973059831216,2.0658574746371428,2.827914644670984,441,0.002342614837435541,27273.105027,0.13551887282103553,0.0008680922961163962,0.13465078052491913,0,0
0x8e5755c231fe69b2a1f27df38e2181b391763464,,161,252,20091.634667999995,0.11940982684663248,0.12544354268068558,0.006033715834053099,121.22721422832183,1.3221652294563504,2.2184872690915616,191,0.013260813337780019,2864.140541,0.11976471732495214,-0.012874522922975196,0.13263924024792734,0,0
0xc8e21e0128be763c1d99255fe59ba6fd8f4cde92,,223,377,22270.817695999987,0.40535606086530007,0.4259104657259013,0.020554404860601228,457.76340350022656,-0.2498738444048535,0.32056343970229034,242,0.37427062369259223,6565.052781000003,0.11310987823996427,-0.018134036689012756,0.13124391492897702,0,0
0x20d52250bf9b6b3322cb31b8f535fc22f728c810,,130,130,11191.280210000003,0.5242819557097306,0.5595508657181592,0.03526891000842858,394.70425460559727,0.8442313885220362,0.8442313885220362,130,0.19927005888410773,4569.390669999999,0.11205212880109905,-0.017714837522311067,0.12976696632341012,0,0
0x3b905d3792d9304e2e61a9d301d985489f20efc9,,66,106,4573.731675000001,0.5302411337618506,0.6056251920375281,0.07538405827567751,344.786455125512,1.8882196052719595,0.36013697613044193,67,0.3593723512170799,2745.2868330000006,0.1272466721961364,-0.002484164954431378,0.12973083715056777,0,0
0x39f89323eb1ece90fa8b30b41f1cbdb5ce23bada,,81,171,9887.037513999996,0.4385491051025056,0.49281233363387456,0.054263228531368946,536.5025761203997,0.3964922325220886,0.11852731787206003,87,0.452824925561672,5318.736574999999,0.11377466669554032,-0.015024164532520645,0.12879883122806096,0,0
0xd189664c5308903476f9f079820431e4fd7d06f4,,110,195,204145.35594399992,0.8154237249388595,0.8356834854954932,0.0202597605566337,4135.936030174198,1.9361231006809634,0.9969474117947548,133,0.15939501828665295,30797.707471,0.12960272050686583,0.0008334082280925248,0.1287693122787733,0,0
0xaa2257c4d31fc1dd8353a3f5c615c855b2ff028f,,28,34,18174.945467,0.13378054600835312,0.1463522228900011,0.01257167688164798,228.48954175269682,-0.14724154370584316,0.003246886096213903,30,0.49870468213250474,2839.031963,0.12051608223812138,-0.007411326866653287,0.12792740910477468,0,0
0xf1cf468364784838e19f04d90233c05dd94090a0,,175,220,9181.564015999997,0.5518588123600834,0.6042860441131193,0.052427231753035874,481.363984522166,-0.6414530033737145,-0.9599045953841228,183,0.8314483834020359,4119.346879,0.12284722460902975,-0.004876587885656147,0.1277238124946859,0,0
0x133b60f16a19b1b59d982ec4d3d424dcc5b020a3,,215,300,47347.578142999984,0.3051476275802291,0.3771009371392675,0.07195330955903839,3406.814946994038,1.403412091378297,0.08241079509090518,227,0.467160026005043,31372.49755999998,0.1142820569578551,-0.011173565300071076,0.12545562225792617,0,0
0x93164f2f061f931cd4d549834d657bb342ffc00c,,96,188,10149.902844999997,0.3009910905974635,0.35330432761398517,0.052313237016521685,530.974273225153,-1.0294369918672168,-0.5005520539386029,109,0.6916567934927267,2258.9819089999996,0.14766080359533096,0.025017509468922727,0.12264329412640823,0,0
0x77586afad036c798693ef241780a3a48d22a42a9,,201,385,60133.785751000025,0.39525654334651744,0.43878833794463395,0.04353179459811651,2617.731609719678,0.6489491715785877,1.5716587441356857,223,0.05801485743994328,24504.08251799999,0.11602003984617232,-0.006321495830029,0.12234153567620132,0,0
0x49b74fcf0e06f881892ea5c2ca1abae72fa837ee,,201,1809,41233.12129400019,0.22437651461659935,0.24719659448830322,0.02282007987170387,940.9431212887375,2.792355713929758,0.9302261439378496,296,0.17612700413539023,11881.046467999984,0.10944755423934052,-0.012244734267284951,0.12169228850662547,0,0
0x85ef84780afe3bedcd6ba85101a44c62c5d41bb3,,32,50,12392.094884999999,0.545661526977197,0.5871945506814927,0.04153302370429568,514.6811706045864,0.2019252888207931,-0.7584052350898319,35,0.7758957875789327,2781.802486,0.1355097468695049,0.014330450538643458,0.12117929633086144,0,0
0x9f8a967bf07f65defb11e1cd1b24e30533f42cbe,,260,675,15350.006827999974,0.2730201577050731,0.29529082180809607,0.022270664103022975,341.85484604549674,-1.51646191032573,-0.49452577484778987,338,0.6895325460466885,3478.7250109999995,0.11560088285452275,-0.0050785447909991455,0.12067942764552189,0,0
0x57706220ec0362a76577ee80c9662c3238275f9d,,24,158,11984.761279999997,0.040666388787098155,0.0525763626223851,0.011909973835286948,142.73819326696002,1.0828536725179243,2.5998158701838427,34,0.004663689652096392,2251.8405879999996,0.10840674108524641,-0.010415836060899165,0.11882257714614558,0,0
0x7f9ba35ac1e36e3e12132359eb7f0b75e72ef652,,51,143,23771.814779999993,0.3050120336647745,0.4055694304042531,0.10055739673947861,2390.4318100498613,3.6234338716946084,1.7511926072576731,61,0.03995636923101849,20559.45448999999,0.11650601896070806,-0.001515516363171987,0.11802153532388004,0,0
0x1836604a95278058a6e607523003793a82acff96,,110,284,11849.569079000014,0.48784666542655936,0.5383792435377214,0.05053257811116202,598.7892750681785,0.1904919759004038,0.9022674784283645,143,0.18345739850997475,4951.193591000002,0.11922858120869562,0.0012271712287020842,0.11800140997999353,0,0
0x3b0c2456feaf3f0a3fdf0397ead34f8184cd3869,,72,139,27090.488686000004,0.9592274304356164,0.9917010823390504,0.03247365190343399,879.7270994830797,2.497730049274261,1.1225937915182533,74,0.1308050266856513,3126.3775710000004,0.13590090765374996,0.018980447375372966,0.11692046027837699,0,0
0x53f2096c4879cb9afe347d0d1cdcbccf1ca0df6c,,106,349,29588.264752999967,0.3927606048059182,0.5064284687219021,0.11366786391598388,3363.234851454101,6.128999539522638,1.932084823290423,131,0.026674518615242237,26104.397161999976,0.12742815541577618,0.010562879299626182,0.11686527611615,0,0
0xb034d5eb172a7f47fbae8a554e04cfb5742cf0dc,,42,394,7484.331680000007,0.5889113040453725,0.6303852944689381,0.04147399042356559,310.4051004231087,1.8032984235081793,-0.05619846518705457,64,0.5224081480821625,2071.186419999999,0.12592490182037785,0.009161245717781208,0.11676365610259665,0,0
0x3f45e8ef5084a18c7b8f8a7547d5d4506d6d6bf7,,108,131,242031.1971880001,0.9847001102972491,0.9901517356039496,0.005451625306700514,1319.4633996011107,1.6863948541654679,1.6668453499803495,110,0.047772580014583815,2649.136021,0.11632304760837842,0.004224660023308013,0.1120983875850704,0,0
0xbbfc075993b2b35f87530032a593307398d378c6,,211,1221,10531.836360000001,0.42604353862434297,0.4638816026951635,0.03783806407082052,398.5042989730773,-0.281947766727212,0.3980904428249318,324,0.34528175949190715,3996.6279319999985,0.10699673605806964,-0.004456146320394205,0.11145288237846385,0,0
0x2f74850a3967ab34a1564837c095c85e94c8722c,,28,198,3003.5860200000043,0.502391405347089,0.5838150192215896,0.08142361387450059,244.5628283313281,2.847379482516128,-0.07577489237424512,47,0.5302009041680134,2098.9054399999995,0.1148893649316598,0.003781351510965203,0.1111080134206946,0,0
0x1ef9468d76b7a01785c23fdb29de5ff934b29d07,,198,205,19360.703266999994,0.5152901653315755,0.5459869484709045,0.030696783139328998,594.3113096119978,0.4648400020281871,0.7257694112961202,199,0.2339900709407179,6531.618674,0.10120664628761666,-0.0052016112863988995,0.10640825757401556,0,0
0x7176d80936fe69b9b551186266d5c454eacacc22,,69,74,31955.458047000004,0.5682157151494962,0.6083592794823067,0.04014356433281052,1282.8059858941706,0.5682090333716928,0.5970581118093019,71,0.27523429155583695,10043.371873,0.11281231099867373,0.006835953158111252,0.10597635784056247,0,0
0x27ba683602ff46e88fbecca2b500cac2035eb118,,233,1419,81964.13089900023,0.5080090302712449,0.5348390814271979,0.02683005115595305,2199.1018249734116,-0.7202084478516613,2.381020998010887,233,0.0086323638973285,18642.111574000028,0.10636863613251757,0.0034137547178891836,0.10295488141462839,0,0
0xeaaaca8350ccb14e28e0c621d5f3750001dd1d0e,,152,298,8862.742036000003,0.41859314788108065,0.49151304791514067,0.07291990003406001,646.2702632927817,2.9004854736207535,2.3819111978829994,166,0.008611525084565343,4803.468799999999,0.1189351610130353,0.01846855921863505,0.10046660179440026,0,0
0xcf5fd4c6ea8496961f8918cf5328018ad94eea24,,274,492,12440.006535999997,0.4321267866825542,0.5184667541238984,0.0863399674413442,1074.069759288349,4.802482200361642,2.93962102876813,324,0.0016430695146486128,9032.067355999994,0.11284190808146072,0.016101826358600135,0.09674008172286058,0,0
0x9625886810f33bd568e0a9ecbe6cfac201bc1dee,,108,135,4681.698015999999,0.9364173877062194,0.995170820304357,0.05875343259813759,275.0658288278901,0.8462437243597564,-0.492735207994047,111,0.688900151576266,2141.220392,0.1082601228486737,0.017027131329650613,0.09123299151902309,0,0
0x537494c54dee9162534675712f2e625c9713042e,,1499,11736,258773.04853700282,0.3912448500797356,0.443531086497934,0.052286236418198406,13530.268794463671,6.352931108251779,1.2587859196647653,1979,0.10405383373045365,113455.96088399964,0.10195740533106429,0.013505592735753302,0.08845181259531099,0,0
0x8f6dc0d2e2d881fac8c2d189b78233b2b3dc6993,,467,6594,83732.33983300051,0.3796965632931484,0.4342820658126229,0.05458550251947453,4570.571846915747,20.542653691651857,7.711429110143967,469,6.220828079159006e-15,35160.17647299988,0.10444999947154915,0.018489838021727323,0.08596016144982183,1,1
0x7ba5415612cea5ba6aed2b3aaf0553f3dd4eae53,,369,446,22801.310083999993,0.23760682922670012,0.27473396870277844,0.03712713947607832,846.5474197259791,3.578038940401405,3.626456482055896,393,0.00014366860886637012,4983.042601,0.1025150180498165,0.01884081703576171,0.08367420101405479,1,1
0x5a06a58f7d7499262d98211f338f7669caef201b,,53,61,25064.484457000002,0.7290507698305441,0.7877043712537269,0.05865360142318288,1470.1222812184424,1.6531765237931972,1.3983535409576402,54,0.0810034636000328,11054.669229,0.1048117648316419,0.022231762848265113,0.08258000198337678,0,0
0x4fd9657204295b49c4e759ceb7f90a067d1bb161,,600,600,27391.886835000012,0.513368432621831,0.5546161934558091,0.041247760833978186,1129.853996961474,2.9621304215708792,2.9621304215708792,600,0.0015275917078257583,5188.691531000001,0.10411439612162132,0.0265563808936905,0.07755801522793082,0,0
0x150223a253fc0770e18dc4f70dcab7a4a9a4ffe0,,133,184,16163.707166999997,0.3469868541853255,0.38283331546821775,0.03584646128289226,579.4117031498736,2.3246872342871145,1.963667016513505,151,0.024784360015067498,2323.146305,0.10106961300231898,0.02489871679274991,0.07617089620956907,0,0
