wallet,condition_id,timestamp,side,outcome,exposure_outcome,sign,won,size,price,cost_usd,stake_usd,pnl_usd,weight_usd,winner,end_epoch,margin_bps_abs,anchor_offset_s,status,n_controls,did_treated,did_control_mean,did_diff,did_weighted_contribution,dshare_post_treated,dshare_post_control_mean,dshare_post_diff,dshare_post_weighted_contribution,aligned_post_treated,aligned_post_control_mean,aligned_post_diff,aligned_post_weighted_contribution,total_pre_treated,total_pre_control_mean,total_pre_diff,total_pre_weighted_contribution
0xf6beafa72d6416525c4cf039c9c122883dbef6a3,0x00390c29a781f1c8b21364ebceffa739b38f5c6946d52f78e2c14255c77639ed,1779009517,BUY,Up,Up,1,True,29.969694,0.6599999986653183,19.779998,19.779998,10.189696000000001,10.189696000000001,Up,1779009600,0.9342170817570987,-83,matched,4,0.2777673085472002,-0.9320475809366775,1.2098148894838778,12.327645940114314,0.9998560826622843,-0.19706488219106408,1.1969209648533483,12.196260767882306,471145.3205917247,-42473.817429572235,513619.13802129694,5233622.876219058,9977.830772291869,9362.769443614525,615.0613286773441,6267.28796057822
0xf6beafa72d6416525c4cf039c9c122883dbef6a3,0x00390c29a781f1c8b21364ebceffa739b38f5c6946d52f78e2c14255c77639ed,1779009471,BUY,Up,Up,1,True,72.506909,0.6791076695877354,49.23999799999999,49.23999799999999,23.266911,23.266911,Up,1779009600,0.9342170817570987,-129,matched,4,0.034642850979767825,-0.6645122970300809,0.6991551480098487,16.26718060393698,0.9994000249515949,0.2966985007855704,0.7027015241660244,16.34969382233524,472123.6090734934,7115.898428052882,465007.7106454405,10819293.017901218,97621.4880843279,95778.17031528163,1843.3177690462617,42888.31047711793
0xf6beafa72d6416525c4cf039c9c122883dbef6a3,0x00390c29a781f1c8b21364ebceffa739b38f5c6946d52f78e2c14255c77639ed,1779009594,BUY,Down,Down,-1,False,15.51111,0.4499999677650407,6.979999,6.979999,-6.979999,6.979999,Up,1779009600,0.9342170817570987,-6,offset_out_of_range,,,,,,,,,,,,,,,,,
0xb305d384400e3d7a15780216a55368ea677eca4e,0x00390c29a781f1c8b21364ebceffa739b38f5c6946d52f78e2c14255c77639ed,1779009587,BUY,Up,Up,1,True,100.0,0.4004,40.04,40.04,59.96,59.96,Up,1779009600,0.9342170817570987,-13,matched,4,-9.385445376997037e-05,-0.7364096974829346,0.7363158430291646,44.14949794802871,0.99990614554623,0.26347398838773484,0.7364321571584952,44.156472143223375,390628.6410239807,213440.3271423663,177188.3138816144,10624211.300341599,78206.38065059902,77560.8320687595,645.5485818395246,38707.092967097895
0xf6beafa72d6416525c4cf039c9c122883dbef6a3,0x00390c29a781f1c8b21364ebceffa739b38f5c6946d52f78e2c14255c77639ed,1779009585,BUY,Down,Down,-1,False,15.825394,0.6299999860982924,9.969998,9.969998,-9.969998,9.969998,Up,1779009600,0.9342170817570987,-15,matched,4,7.821839527610841e-05,1.0800323037010584,-1.0799540853057823,-10.767140070590479,-0.9999217816047239,0.08003230370044753,-1.0799540853051715,-10.76714007058439,-468723.64112667996,48172.12894599016,-516895.77007267013,-5153449.793832981,186.43753229966387,187.46777757792734,-1.0302452782634646,-10.271543363796185
0xb305d384400e3d7a15780216a55368ea677eca4e,0x00390c29a781f1c8b21364ebceffa739b38f5c6946d52f78e2c14255c77639ed,1779009578,BUY,Up,Up,1,True,122.15,0.5682218583708555,69.4083,69.4083,52.74170000000001,52.74170000000001,Up,1779009600,0.9342170817570987,-22,matched,4,0.11306266925925601,-1.216921507445696,1.329984176704952,70.14562645251958,0.9999217836704887,-0.32834378296815225,1.328265566638641,70.05498403598521,468736.0215152798,-10940.56457443423,479676.586089714,25298958.600567874,223.2522657266818,221.09987969246868,2.152386034213123,113.52049850065828
0xb305d384400e3d7a15780216a55368ea677eca4e,0x00390c29a781f1c8b21364ebceffa739b38f5c6946d52f78e2c14255c77639ed,1779009567,BUY,Up,Up,1,True,12.85,0.64,8.224,8.224,4.6259999999999994,4.6259999999999994,Up,1779009600,0.9342170817570987,-33,matched,4,0.01366615224869061,-1.5118909891311294,1.52555714137982,7.057227336023046,0.9999218127017403,-0.5188377587731716,1.518759571474912,7.025781777642942,468910.0786589796,-21638.30786115246,490548.3865201321,2269276.836042131,2266.391993855126,2279.2943552626675,-12.90236140754132,-59.68632387128614
0xb305d384400e3d7a15780216a55368ea677eca4e,0x003d6423d97673c9ea1b935203faa3ed04a43c306e58b066505b91bdf988222b,1778933621,BUY,Up,Up,1,False,74.27,0.51,37.8777,37.8777,-37.8777,37.8777,Down,1778933700,0.8584091522775126,-79,matched,4,1.2111240437037667,0.6435748513048359,0.5675491923989308,21.49745804492898,0.9981401546032596,0.4409632748127324,0.5571768797905272,21.10457869964165,701788.3262443237,5249.854065824402,696538.4721784993,26383275.287635542,2976.586420957232,3047.49722101746,-70.91080006022821,-2685.938011441306
0xb305d384400e3d7a15780216a55368ea677eca4e,0x003d6423d97673c9ea1b935203faa3ed04a43c306e58b066505b91bdf988222b,1778933610,BUY,Up,Up,1,False,31.86,0.44,14.0184,14.0184,-14.0184,14.0184,Down,1778933700,0.8584091522775126,-90,matched,4,0.7026946302303896,-0.28959363358776863,0.9922882638181583,13.91029379750847,0.9941541716281759,-0.002202843203783389,0.9963570148319593,13.967331176720338,700864.4424728528,-48502.82461791699,749367.2670907697,10504930.096985245,1411.716076167766,1346.4831537881255,65.23292237964051,914.4611990867526
0xf6beafa72d6416525c4cf039c9c122883dbef6a3,0x003d6423d97673c9ea1b935203faa3ed04a43c306e58b066505b91bdf988222b,1778933593,BUY,Up,Up,1,False,15.0,0.38,5.7,5.7,-5.7,5.7,Down,1778933700,0.8584091522775126,-107,matched,4,1.1015151648970216,0.035914164439438734,1.0656010004575829,6.073925702608222,0.9938758052560671,-0.07024688333727305,1.0641226885933401,6.065499324982039,700766.0189390568,-2098.9602066892703,702864.9791457461,4006330.381130753,2506.043896908406,2543.9108734165493,-37.866976508143125,-215.84176609641582
0xf6beafa72d6416525c4cf039c9c122883dbef6a3,0x003d6423d97673c9ea1b935203faa3ed04a43c306e58b066505b91bdf988222b,1778933584,BUY,Up,Up,1,False,5.066828,0.4006449399900687,2.029999,2.029999,-2.029999,2.029999,Down,1778933700,0.8584091522775126,-116,matched,4,1.1836261054179644,0.4299527999009838,0.7536733055169806,1.5299560565261652,0.9938771139083263,0.24952331714062603,0.7443537967677003,1.5110374630846348,700916.7174617568,2403.760201262229,698512.9572604946,1417980.6047258468,2856.5983274267055,2853.8620574297383,2.7362699969671667,5.554625357573352
0xf6beafa72d6416525c4cf039c9c122883dbef6a3,0x003d6423d97673c9ea1b935203faa3ed04a43c306e58b066505b91bdf988222b,1778933577,BUY,Up,Up,1,False,5.216215,0.3699998945595609,1.929999,1.929999,-1.929999,1.929999,Down,1778933700,0.8584091522775126,-123,matched,4,1.1432535931535732,0.045177141875712284,1.098076451277861,2.11928645288982,0.9935966274273067,-0.11177803022833113,1.1053746576556378,2.1333719839007235,700817.4953715168,-96529.40787311166,797346.9032446285,1538878.7259152296,2977.9558231625706,2942.3337872414086,35.62203592116202,68.75049370580679
0xf6beafa72d6416525c4cf039c9c122883dbef6a3,0x003d6423d97673c9ea1b935203faa3ed04a43c306e58b066505b91bdf988222b,1778933483,BUY,Up,Up,1,False,26.265,0.4953359984770607,13.01,13.01,-13.01,13.01,Down,1778933700,0.8584091522775126,-217,matched,4,0.2395121491206742,-0.9903012157762893,1.2298133648969634,15.999871877309493,0.9896818597483856,-0.23852059688152358,1.2282024566299092,15.978913960755118,700392.1583032615,-98192.15747662948,798584.315779891,10389581.948296381,16434.487409149995,17073.517961566075,-639.0305524160794,-8313.787486933194
0xf6beafa72d6416525c4cf039c9c122883dbef6a3,0x003d6423d97673c9ea1b935203faa3ed04a43c306e58b066505b91bdf988222b,1778933481,BUY,Up,Up,1,False,25.734692,0.4899999968913558,12.609998999999998,12.609998999999998,-12.609998999999998,12.609998999999998,Down,1778933700,0.8584091522775126,-219,matched,4,0.23414225886367113,-0.9937505411568285,1.2278928000204996,15.483726980365699,0.9896819355477334,-0.23852059688152358,1.228202532429257,15.487632705730395,700397.3572204225,-98192.15747662948,798589.514697052,10070212.981740309,16795.49748368305,17325.559138984085,-530.0616553010332,-6684.076943284372
0xf6beafa72d6416525c4cf039c9c122883dbef6a3,0x003d6423d97673c9ea1b935203faa3ed04a43c306e58b066505b91bdf988222b,1778933481,BUY,Up,Up,1,False,5.340424,0.4699999475697061,2.509999,2.509999,-2.509999,2.509999,Down,1778933700,0.8584091522775126,-219,matched,4,0.23414225886367113,-0.9937505411568285,1.2278928000204996,3.082009700158654,0.9896819355477334,-0.23852059688152358,1.228202532429257,3.0827871281949024,700397.3572204225,-98192.15747662948,798589.514697052,2004458.8833000858,16795.49748368305,17325.559138984085,-530.0616553010332,-1330.454224743938
0xf6beafa72d6416525c4cf039c9c122883dbef6a3,0x003d6423d97673c9ea1b935203faa3ed04a43c306e58b066505b91bdf988222b,1778933477,BUY,Up,Up,1,False,7.468084,0.4699999357264862,3.509999,3.509999,-3.509999,3.509999,Down,1778933700,0.8584091522775126,-223,matched,4,0.23564599996088376,-0.8315848310822025,1.0672308310430862,3.7459791497304016,0.9896834593437818,-0.07470598534089293,1.0643894446846747,3.7360058864537633,700501.8873778494,-83716.09386704552,784217.9812448949,2752604.3299516,16692.91890875576,16597.168720076,95.75018867976178,336.08306651577516
0xf6beafa72d6416525c4cf039c9c122883dbef6a3,0x003d6423d97673c9ea1b935203faa3ed04a43c306e58b066505b91bdf988222b,1778933474,BUY,Up,Up,1,False,4.760868,0.4599999411871953,2.1899990000000003,2.1899990000000003,-2.1899990000000003,2.1899990000000003,Down,1778933700,0.8584091522775126,-226,matched,4,0.22840473535505057,-0.6557709123899359,0.8841756477449865,1.9363437843858728,0.9896839064745816,0.10608217780949646,0.8836017286650851,1.935086902174808,700532.5657501555,5269.617669750503,695262.948080405,1522625.161033139,17199.306672853883,16854.040538274814,345.26613457906933,756.1324894620274
0xf6beafa72d6416525c4cf039c9c122883dbef6a3,0x003d6423d97673c9ea1b935203faa3ed04a43c306e58b066505b91bdf988222b,1778933474,BUY,Up,Up,1,False,13.086955,0.45999997707640927,6.019998999999999,6.019998999999999,-6.019998999999999,6.019998999999999,Down,1778933700,0.8584091522775126,-226,matched,4,0.22840473535505057,-0.6557709123899359,0.8841756477449865,5.32273651524917,0.9896839064745816,0.10608217780949646,0.8836017286650851,5.319281522962084,700532.5657501555,5269.617669750503,695262.948080405,4185482.2521810895,17199.306672853883,16854.040538274814,345.26613457906933,2078.5017848998627
0xf6beafa72d6416525c4cf039c9c122883dbef6a3,0x003d6423d97673c9ea1b935203faa3ed04a43c306e58b066505b91bdf988222b,1778933474,BUY,Up,Up,1,False,13.377776,0.4499999850498319,6.019999,6.019999,-6.019999,6.019999,Down,1778933700,0.8584091522775126,-226,matched,4,0.22840473535505057,-0.6557709123899359,0.8841756477449865,5.322736515249171,0.9896839064745816,0.10608217780949646,0.8836017286650851,5.3192815229620845,700532.5657501555,5269.617669750503,695262.948080405,4185482.2521810904,17199.306672853883,16854.040538274814,345.26613457906933,2078.5017848998627
0xf6beafa72d6416525c4cf039c9c122883dbef6a3,0x003d6423d97673c9ea1b935203faa3ed04a43c306e58b066505b91bdf988222b,1778933469,BUY,Up,Up,1,False,97.6,0.45,43.92,43.92,-43.92,43.92,Down,1778933700,0.8584091522775126,-231,matched,4,0.20696830328294125,-0.7055087233659905,0.9124770266489317,40.075991010421085,0.9891021026456857,0.07770439436570459,0.9113977082799811,40.028587347656774,700374.6808099794,2113.569814919545,698261.11099506,30667627.994903035,16942.572842029855,17058.403541868036,-115.83069983818132,-5087.284336892923
0xb305d384400e3d7a15780216a55368ea677eca4e,0x00aea3b552c1139df1c83ee7c838d6ee668b4c59659fb1d898bb4887f9b404e3,1779012350,BUY,Up,Up,1,True,100.0,0.38,38.0,38.0,62.0,62.0,Up,1779012600,5.217969028136076,-250,matched,4,0.5595549322110671,-0.376920339756033,0.9364752719671001,58.061466861960206,0.9719278454869379,0.03260936546100465,0.9393184800259332,58.23774576160786,823821.125461854,106633.35074948086,717187.7747123732,44465642.03216714,114016.89896978822,110488.84225925789,3528.0567105303344,218739.51605288073
0xf6beafa72d6416525c4cf039c9c122883dbef6a3,0x00aea3b552c1139df1c83ee7c838d6ee668b4c59659fb1d898bb4887f9b404e3,1779012318,BUY,Up,Up,1,True,3.326085,0.45999996993462283,1.5299989999999999,1.5299989999999999,1.7960859999999998,1.7960859999999998,Up,1779012600,5.217969028136076,-282,matched,4,0.39312121817286017,-0.5581223092459813,0.9512435274188414,1.708515182187597,0.9458915687256931,-0.02218374411204932,0.9680753128377424,1.7387465163334892,814581.8044736162,2241.2044902674297,812340.5999833487,1459033.5788616927,103994.88346346421,106126.32270423582,-2131.4392407716077,-3828.2481802005136
0xf6beafa72d6416525c4cf039c9c122883dbef6a3,0x00aea3b552c1139df1c83ee7c838d6ee668b4c59659fb1d898bb4887f9b404e3,1779012317,BUY,Up,Up,1,True,13.282607,0.45999998343698645,6.109999,6.109999,7.172608,7.172608,Up,1779012600,5.217969028136076,-283,matched,4,0.39312121817286017,-0.3247160337881827,0.7178372519610429,5.148765216113792,0.9458915687256931,0.22173421228831985,0.7241573564373733,5.194096848041556,814581.8044736162,52759.33406336333,761822.4704102528,5464253.945844343,103994.88346346421,101875.55307494613,2119.3303885180794,15201.126099327885
0xb305d384400e3d7a15780216a55368ea677eca4e,0x00aea3b552c1139df1c83ee7c838d6ee668b4c59659fb1d898bb4887f9b404e3,1779012311,BUY,Up,Up,1,True,100.0,0.529708,52.9708,52.9708,47.0292,47.0292,Up,1779012600,5.217969028136076,-289,matched,4,0.3289330891097475,-0.1701184760127939,0.4990515651225414,23.469995866461026,0.9377574478237873,0.4485878457337359,0.48916960209005145,23.00525505061345,810966.8356263322,41999.47451364911,768967.3611126831,36163919.8192406,100414.3751179584,99894.28024652875,520.0948714296537,24459.64572743947
0xb305d384400e3d7a15780216a55368ea677eca4e,0x00aea3b552c1139df1c83ee7c838d6ee668b4c59659fb1d898bb4887f9b404e3,1779012301,BUY,Up,Up,1,True,100.0,0.6,60.0,60.0,40.0,40.0,Up,1779012600,5.217969028136076,-299,matched,4,0.47055233135440006,0.3890474919242285,0.08150483943017156,3.2601935772068624,0.9256083013262766,0.8283401386472898,0.09726816267898675,3.89072650715947,853483.9192574673,254895.88902617266,598588.0302312946,23943521.209251784,45046.16802831949,44778.56317322991,267.60485508957936,10704.194203583174
0xf6beafa72d6416525c4cf039c9c122883dbef6a3,0x015bc5f95eca2b7d477b50fa61dc3725f31b2bf640644848f9df6c8f8a4fad01,1778412567,BUY,Down,Down,-1,True,9.473683,0.5594444103734524,5.299998999999999,5.299998999999999,4.173684000000001,4.173684000000001,Down,1778412600,0.4924014410180132,-33,matched,4,1.9906662405792392,0.575248054350453,1.4154181862287862,5.907508237172106,0.9961008753621129,-0.4219165875670244,1.4180174629291373,5.9183567967479345,1135303.3812589499,1440.4366716868317,1133862.944587263,4732385.630016747,3122.4328437749064,3125.1629993493552,-2.7301555744488724,-11.394806638588069
0xf6beafa72d6416525c4cf039c9c122883dbef6a3,0x015bc5f95eca2b7d477b50fa61dc3725f31b2bf640644848f9df6c8f8a4fad01,1778412562,BUY,Down,Down,-1,True,7.471697,0.5299999451262545,3.9599990000000003,3.9599990000000003,3.5116979999999995,3.5116979999999995,Down,1778412600,0.4924014410180132,-38,matched,4,1.992671793595237,0.5271833674605517,1.4654884261346852,5.146352775080321,0.9959593381868839,-0.471833318379694,1.4677926565665778,5.154444536479537,1135222.5596589497,-11768.722760224045,1146991.2824191737,4027886.992488847,5161.688812702894,5141.741668317234,19.947144385660067,70.04834704483368
0xb305d384400e3d7a15780216a55368ea677eca4e,0x015bc5f95eca2b7d477b50fa61dc3725f31b2bf640644848f9df6c8f8a4fad01,1778412539,BUY,Down,Down,-1,True,100.0,0.552136,55.2136,55.2136,44.7864,44.7864,Down,1778412600,0.4924014410180132,-61,matched,4,1.5970073388754948,0.22049150779816212,1.3765158310773327,61.64918861696185,0.9911336336017532,-0.3731612781603576,1.3642949117621108,61.1018576361426,1132468.52278829,2960.1631591389432,1129508.359629151,50586613.19769501,3898.1831393290777,3855.21512401526,42.96801531381789,1924.3827210507734
0xb305d384400e3d7a15780216a55368ea677eca4e,0x015bc5f95eca2b7d477b50fa61dc3725f31b2bf640644848f9df6c8f8a4fad01,1778412511,BUY,Down,Down,-1,True,157.84,0.69,108.9096,108.9096,48.93040000000001,48.93040000000001,Down,1778412600,0.4924014410180132,-89,matched,4,0.6162270556070883,-0.8102339454817046,1.4264610010887928,69.79730736767509,0.9861002084578163,-0.4528890453517689,1.4389892538095852,70.41031978460455,1129575.1366236228,23050.470061576198,1106524.6665620466,54142694.54474758,7503.956418705173,7040.541364038421,463.41505466675153,22675.083990866024
0xb305d384400e3d7a15780216a55368ea677eca4e,0x015bc5f95eca2b7d477b50fa61dc3725f31b2bf640644848f9df6c8f8a4fad01,1778412571,BUY,Up,Up,1,False,100.0,0.39,39.0,39.0,-39.0,39.0,Down,1778412600,0.4924014410180132,-29,matched,4,-0.03219085545374756,0.7245406477987898,-0.7567315032525374,-29.512528626848958,-0.9959587924039329,-0.25286574199604395,-0.743093050407889,-28.98062896590767,-967407.1348358358,-72243.9364375365,-895163.1983982993,-34911364.73753367,171266.73509681784,162942.50406762178,8324.23102919606,324645.01013864635
0xf6beafa72d6416525c4cf039c9c122883dbef6a3,0x015ea86e38a2b5b4232e873d905fba0e79e95900ecb7d8026ec495eb7315a16b,1778091585,BUY,Down,Down,-1,True,20.893616,0.46760689963862645,9.769999,9.769999,11.123617000000001,11.123617000000001,Down,1778091900,2.4683568177115696,-315,matched,4,-0.5026469475166497,-0.47698850736551884,-0.02565844015113089,-0.2854146610586022,-0.1487003534333384,-0.13324252312120283,-0.015457830312135573,-0.1719469840431866,-3620.5743028770667,51746.88105212991,-55367.455355006976,-615886.3676336966,135399.3767091356,135402.12724563584,-2.75053650024347,-30.59591457322877
0xf6beafa72d6416525c4cf039c9c122883dbef6a3,0x01ac5cec464407224cf24cef56caf4ac71880f031400ad4ab4bd3908095af22d,1778957570,BUY,Down,Down,-1,True,5.148147,0.26999986597119313,1.389999,1.389999,3.7581480000000003,3.7581480000000003,Down,1778957700,2.016332988919223,-130,matched,4,1.9580405777749497,1.2553276436635696,0.70271293411138,2.640899207904815,0.9878501116983927,0.282858379384205,0.7049917323141877,2.6494632688131,1431983.5213038404,265046.38049810485,1166937.1408057357,4385522.481844794,46722.79868343193,47542.94980919744,-820.1511257655075,-3082.2493129933905
0xf6beafa72d6416525c4cf039c9c122883dbef6a3,0x01ac5cec464407224cf24cef56caf4ac71880f031400ad4ab4bd3908095af22d,1778957543,BUY,Down,Down,-1,True,4.964284,0.2799998952517624,1.389999,1.389999,3.574285,3.574285,Down,1778957700,2.016332988919223,-157,matched,4,0.19672705784897038,-1.2254035188411943,1.4221305766901646,5.083099988305006,0.9868221191722388,-0.4259629111130785,1.4127850302853173,5.049696341973355,1431236.5472373613,-540896.6290954415,1972133.176332803,7048966.030168693,438901.5252133185,439218.37480196485,-316.8495886463206,-1132.5107319547142
0xf6beafa72d6416525c4cf039c9c122883dbef6a3,0x01ac5cec464407224cf24cef56caf4ac71880f031400ad4ab4bd3908095af22d,1778957536,BUY,Down,Down,-1,True,10.333332,0.2699999380645081,2.789999,2.789999,7.543333,7.543333,Down,1778957700,2.016332988919223,-164,matched,4,0.1967423090575845,-0.9787584751492197,1.1755007842068042,8.867193857033064,0.9868087545321524,-0.1792133669816352,1.1660221215137876,8.795693147944963,1431226.7911934864,-118860.73513294547,1550087.526326432,11692826.390226541,438982.2587062017,449928.05227131327,-10945.793565111584,-82567.76581089386
0xf6beafa72d6416525c4cf039c9c122883dbef6a3,0x01ac5cec464407224cf24cef56caf4ac71880f031400ad4ab4bd3908095af22d,1778957533,BUY,Down,Down,-1,True,11.370369,0.2699999445928272,3.069999,3.069999,8.300370000000001,8.300370000000001,Down,1778957700,2.016332988919223,-167,matched,4,0.19612951829932868,-0.8539286023535216,1.0500581206528503,8.7158709229233,0.9867833595309793,-0.048503891247514086,1.0352872507784934,8.593267237744284,1431208.2527534363,52957.59380951678,1378250.6589439195,11439990.421978341,440992.2327332295,453300.8056406526,-12308.572907423077,-102165.7093035873
0xf6beafa72d6416525c4cf039c9c122883dbef6a3,0x01ac5cec464407224cf24cef56caf4ac71880f031400ad4ab4bd3908095af22d,1778957668,BUY,Down,Down,-1,True,3.319147,0.46999997288459955,1.559999,1.559999,1.759148,1.759148,Down,1778957700,2.016332988919223,-32,matched,4,0.048995180690491136,-1.178623488343423,1.2276186690339141,2.1595629263936718,0.999474730225888,-0.23712371652534872,1.2365984467512368,2.1753596844055445,1183679.5386484705,485067.32373883436,698612.2149096362,1228962.2806338565,254386.86096276762,264353.412436403,-9966.551473635365,-17532.639091742705
0xb305d384400e3d7a15780216a55368ea677eca4e,0x035676b997d82961cd6e3c773049c948f1529a0560a0122cb703a83e379f724d,1778636305,BUY,Up,Up,1,False,200.0,0.1391,27.82,27.82,-27.82,27.82,Down,1778636400,7.508198678054126,-95,matched,4,0.07084221655034417,-0.08598434437214632,0.15682656092249048,4.362914924863685,0.9466188220504794,0.7861058386480805,0.16051298340239895,4.465471198254739,9886.686487974133,83164.46843715111,-73277.78194917698,-2038587.8938261035,12271.509404442739,12433.38348236939,-161.8740779266518,-4503.336847919453
0xf6beafa72d6416525c4cf039c9c122883dbef6a3,0x037c2abbee04a9f13769486301e7e425f07f63c0420884719797a89621447215,1779514696,BUY,Down,Down,-1,False,6.25,0.16,1.0,1.0,-1.0,1.0,Up,1779514800,2.6299238583614226,-104,matched,4,-1.7911725681517574,-1.5623478966754443,-0.22882467147631314,-0.22882467147631314,-0.8248544004267642,-0.5987453756632376,-0.22610902476352657,-0.22610902476352657,-15794.524920168915,-95083.51144104524,79288.98652087632,79288.98652087632,60938.630629536696,58480.97858975311,2457.6520397835848,2457.6520397835848
0xf6beafa72d6416525c4cf039c9c122883dbef6a3,0x037c2abbee04a9f13769486301e7e425f07f63c0420884719797a89621447215,1779514696,BUY,Down,Down,-1,False,6.25,0.16,1.0,1.0,-1.0,1.0,Up,1779514800,2.6299238583614226,-104,matched,4,-1.7911725681517574,-1.5623478966754443,-0.22882467147631314,-0.22882467147631314,-0.8248544004267642,-0.5987453756632376,-0.22610902476352657,-0.22610902476352657,-15794.524920168915,-95083.51144104524,79288.98652087632,79288.98652087632,60938.630629536696,58480.97858975311,2457.6520397835848,2457.6520397835848
0xf6beafa72d6416525c4cf039c9c122883dbef6a3,0x037c2abbee04a9f13769486301e7e425f07f63c0420884719797a89621447215,1779514696,BUY,Down,Down,-1,False,31.1875,0.15166332665330662,4.73,4.73,-4.73,4.73,Up,1779514800,2.6299238583614226,-104,matched,4,-1.7911725681517574,-1.5623478966754443,-0.22882467147631314,-1.0823406960829611,-0.8248544004267642,-0.5987453756632376,-0.22610902476352657,-1.0694956871314807,-15794.524920168915,-95083.51144104524,79288.98652087632,375036.90624374506,60938.630629536696,58480.97858975311,2457.6520397835848,11624.694148176357
0xf6beafa72d6416525c4cf039c9c122883dbef6a3,0x037c2abbee04a9f13769486301e7e425f07f63c0420884719797a89621447215,1779514696,BUY,Down,Down,-1,False,6.25,0.16,1.0,1.0,-1.0,1.0,Up,1779514800,2.6299238583614226,-104,matched,4,-1.7911725681517574,-1.5623478966754443,-0.22882467147631314,-0.22882467147631314,-0.8248544004267642,-0.5987453756632376,-0.22610902476352657,-0.22610902476352657,-15794.524920168915,-95083.51144104524,79288.98652087632,79288.98652087632,60938.630629536696,58480.97858975311,2457.6520397835848,2457.6520397835848
0xf6beafa72d6416525c4cf039c9c122883dbef6a3,0x037c2abbee04a9f13769486301e7e425f07f63c0420884719797a89621447215,1779514694,BUY,Down,Down,-1,False,6.25,0.16,1.0,1.0,-1.0,1.0,Up,1779514800,2.6299238583614226,-106,matched,4,-1.7879877245747289,-1.14673970426504,-0.6412480203096889,-0.6412480203096889,-0.8257344657698563,-0.19118621725104082,-0.6345482485188155,-0.6345482485188155,-15891.226303906878,-38383.09488369449,22491.86857978761,22491.86857978761,61064.86814863095,59447.140686463405,1617.727462167546,1617.727462167546
0xf6beafa72d6416525c4cf039c9c122883dbef6a3,0x037c2abbee04a9f13769486301e7e425f07f63c0420884719797a89621447215,1779514694,BUY,Down,Down,-1,False,6.25,0.16,1.0,1.0,-1.0,1.0,Up,1779514800,2.6299238583614226,-106,matched,4,-1.7879877245747289,-1.14673970426504,-0.6412480203096889,-0.6412480203096889,-0.8257344657698563,-0.19118621725104082,-0.6345482485188155,-0.6345482485188155,-15891.226303906878,-38383.09488369449,22491.86857978761,22491.86857978761,61064.86814863095,59447.140686463405,1617.727462167546,1617.727462167546
0xf6beafa72d6416525c4cf039c9c122883dbef6a3,0x037c2abbee04a9f13769486301e7e425f07f63c0420884719797a89621447215,1779514694,BUY,Down,Down,-1,False,6.25,0.16,1.0,1.0,-1.0,1.0,Up,1779514800,2.6299238583614226,-106,matched,4,-1.7879877245747289,-1.14673970426504,-0.6412480203096889,-0.6412480203096889,-0.8257344657698563,-0.19118621725104082,-0.6345482485188155,-0.6345482485188155,-15891.226303906878,-38383.09488369449,22491.86857978761,22491.86857978761,61064.86814863095,59447.140686463405,1617.727462167546,1617.727462167546
0xf6beafa72d6416525c4cf039c9c122883dbef6a3,0x037c2abbee04a9f13769486301e7e425f07f63c0420884719797a89621447215,1779514694,BUY,Down,Down,-1,False,6.25,0.16,1.0,1.0,-1.0,1.0,Up,1779514800,2.6299238583614226,-106,matched,4,-1.7879877245747289,-1.14673970426504,-0.6412480203096889,-0.6412480203096889,-0.8257344657698563,-0.19118621725104082,-0.6345482485188155,-0.6345482485188155,-15891.226303906878,-38383.09488369449,22491.86857978761,22491.86857978761,61064.86814863095,59447.140686463405,1617.727462167546,1617.727462167546
0xf6beafa72d6416525c4cf039c9c122883dbef6a3,0x037c2abbee04a9f13769486301e7e425f07f63c0420884719797a89621447215,1779514693,BUY,Down,Down,-1,False,6.25,0.16,1.0,1.0,-1.0,1.0,Up,1779514800,2.6299238583614226,-107,matched,4,-1.7874208121749837,-1.2006680268285752,-0.5867527853464085,-0.5867527853464085,-0.8257344657698563,-0.23766392672880624,-0.5880705390410501,-0.5880705390410501,-15891.226303906878,-67699.43169796572,51808.20539405884,51808.20539405884,61082.515430015046,58994.8874378224,2087.627992192647,2087.627992192647
0xf6beafa72d6416525c4cf039c9c122883dbef6a3,0x037c2abbee04a9f13769486301e7e425f07f63c0420884719797a89621447215,1779514693,BUY,Down,Down,-1,False,6.25,0.16,1.0,1.0,-1.0,1.0,Up,1779514800,2.6299238583614226,-107,matched,4,-1.7874208121749837,-1.2006680268285752,-0.5867527853464085,-0.5867527853464085,-0.8257344657698563,-0.23766392672880624,-0.5880705390410501,-0.5880705390410501,-15891.226303906878,-67699.43169796572,51808.20539405884,51808.20539405884,61082.515430015046,58994.8874378224,2087.627992192647,2087.627992192647
0xf6beafa72d6416525c4cf039c9c122883dbef6a3,0x037c2abbee04a9f13769486301e7e425f07f63c0420884719797a89621447215,1779514693,BUY,Down,Down,-1,False,6.25,0.16,1.0,1.0,-1.0,1.0,Up,1779514800,2.6299238583614226,-107,matched,4,-1.7874208121749837,-1.2006680268285752,-0.5867527853464085,-0.5867527853464085,-0.8257344657698563,-0.23766392672880624,-0.5880705390410501,-0.5880705390410501,-15891.226303906878,-67699.43169796572,51808.20539405884,51808.20539405884,61082.515430015046,58994.8874378224,2087.627992192647,2087.627992192647
0xf6beafa72d6416525c4cf039c9c122883dbef6a3,0x037c2abbee04a9f13769486301e7e425f07f63c0420884719797a89621447215,1779514693,BUY,Down,Down,-1,False,6.25,0.16,1.0,1.0,-1.0,1.0,Up,1779514800,2.6299238583614226,-107,matched,4,-1.7874208121749837,-1.2006680268285752,-0.5867527853464085,-0.5867527853464085,-0.8257344657698563,-0.23766392672880624,-0.5880705390410501,-0.5880705390410501,-15891.226303906878,-67699.43169796572,51808.20539405884,51808.20539405884,61082.515430015046,58994.8874378224,2087.627992192647,2087.627992192647
0xf6beafa72d6416525c4cf039c9c122883dbef6a3,0x037c2abbee04a9f13769486301e7e425f07f63c0420884719797a89621447215,1779514693,BUY,Down,Down,-1,False,6.25,0.16,1.0,1.0,-1.0,1.0,Up,1779514800,2.6299238583614226,-107,matched,4,-1.7874208121749837,-1.2006680268285752,-0.5867527853464085,-0.5867527853464085,-0.8257344657698563,-0.23766392672880624,-0.5880705390410501,-0.5880705390410501,-15891.226303906878,-67699.43169796572,51808.20539405884,51808.20539405884,61082.515430015046,58994.8874378224,2087.627992192647,2087.627992192647
0xf6beafa72d6416525c4cf039c9c122883dbef6a3,0x037c2abbee04a9f13769486301e7e425f07f63c0420884719797a89621447215,1779514691,BUY,Down,Down,-1,False,6.25,0.16,1.0,1.0,-1.0,1.0,Up,1779514800,2.6299238583614226,-109,matched,4,-1.7791256133240092,-1.282384239738429,-0.4967413735855801,-0.4967413735855801,-0.8257344657698563,-0.3303015399572263,-0.49543292581263004,-0.49543292581263004,-15891.226303906878,-40504.23842004428,24613.012116137405,24613.012116137405,61341.906188718975,60654.048464645355,687.8577240736195,687.8577240736195
0xb305d384400e3d7a15780216a55368ea677eca4e,0x03b7a6f008fe6a7617bd1919ac7fbfeb7f321c84af9b5209b6a656ab7b7dc885,1780613262,BUY,Up,Up,1,True,100.0,0.46,46.0,46.0,54.0,54.0,Up,1780613400,16.012592535042153,-138,matched,4,0.6321464190257379,-0.007997705371535768,0.6401441243972736,34.56778271745278,0.866466267093146,0.21171804069989017,0.6547482263932558,35.35640422523581,203998.16553143947,3090.254753935431,200907.91077750403,10849027.181985218,101645.35229846416,87644.5020198135,14000.850278650658,756045.9150471356
0xf6beafa72d6416525c4cf039c9c122883dbef6a3,0x03b7a6f008fe6a7617bd1919ac7fbfeb7f321c84af9b5209b6a656ab7b7dc885,1780613235,BUY,Up,Up,1,True,49.18,0.54,26.5572,26.5572,22.622799999999998,22.622799999999998,Up,1780613400,16.012592535042153,-165,matched,4,-0.24809577106782188,-1.1972668739780832,0.9491711029102613,21.472908026918258,0.669988058086276,-0.27268671350174817,0.9426747715880242,21.32594282268155,200224.25724075432,-220768.63604471425,420992.89328546857,9524038.026218498,210795.87965075672,201980.61468028813,8815.26497046859,199425.9763739168
0xf6beafa72d6416525c4cf039c9c122883dbef6a3,0x03b7a6f008fe6a7617bd1919ac7fbfeb7f321c84af9b5209b6a656ab7b7dc885,1780613235,BUY,Up,Up,1,True,5.64,0.54,3.0456,3.0456,2.5944,2.5944,Up,1780613400,16.012592535042153,-165,matched,4,-0.24809577106782188,-1.1972668739780832,0.9491711029102613,2.462529509390382,0.669988058086276,-0.27268671350174817,0.9426747715880242,2.4456754274079695,200224.25724075432,-220768.63604471425,420992.89328546857,1092223.9623398196,210795.87965075672,201980.61468028813,8815.26497046859,22870.32343938371
0xb305d384400e3d7a15780216a55368ea677eca4e,0x03b7a6f008fe6a7617bd1919ac7fbfeb7f321c84af9b5209b6a656ab7b7dc885,1780613302,BUY,Down,Down,-1,False,100.0,0.0905,9.049999999999999,9.049999999999999,-9.049999999999999,9.049999999999999,Up,1780613400,16.012592535042153,-98,matched,4,-0.6528593301794948,0.03542387572720666,-0.6882832059067014,-6.2289630134556475,-0.8757662794853852,-0.2013350769194131,-0.6744312025659721,-6.1036023832220465,-190822.02220512368,-32424.235178913033,-158397.78702621063,-1433499.972587206,92246.66761683114,93704.5475717209,-1457.879954889766,-13193.81359175238
0xf6beafa72d6416525c4cf039c9c122883dbef6a3,0x05f0e3ecee449531c3b394be5a981e1d5326edd2247166f39454a4d26457526d,1778284390,BUY,Down,Down,-1,True,44.090908,0.4399999882061853,19.399999,19.399999,24.690908999999994,24.690908999999994,Down,1778284500,0.6905625463873831,-110,matched,4,1.7799801548575793,1.119962822770158,0.6600173320874214,16.2964278849933,0.8293427671413058,0.17485767638755795,0.6544850907537478,16.159831817657526,43860.16502108611,147550.33281549643,-103690.16779441031,-2560204.497206515,13410.730160034262,12997.281071899051,413.44908813521033,10208.433811279456
0xf6beafa72d6416525c4cf039c9c122883dbef6a3,0x05f0e3ecee449531c3b394be5a981e1d5326edd2247166f39454a4d26457526d,1778284332,BUY,Down,Down,-1,True,12.615383,0.3844511894724084,4.8499989999999995,4.8499989999999995,7.765384,7.765384,Down,1778284500,0.6905625463873831,-168,matched,4,1.477064824309939,0.5763672348472764,0.9006975894626625,6.994262650051929,0.8238899394708366,-0.08471588828247466,0.9086058277533112,7.055673157142319,44001.0894047881,-33535.56066910122,77536.65007388932,602101.8618973789,18498.000645808876,18134.335147077334,363.66549873154145,2824.002245201932
0xf6beafa72d6416525c4cf039c9c122883dbef6a3,0x05f0e3ecee449531c3b394be5a981e1d5326edd2247166f39454a4d26457526d,1778284322,BUY,Down,Down,-1,True,9.055554,0.5399999823312853,4.889999,4.889999,4.165555,4.165555,Down,1778284500,0.6905625463873831,-178,matched,4,1.448902867175709,0.5314585741987149,0.917444292976994,3.821664661831783,0.8205149142137473,-0.08382099856540043,0.9043359127791477,3.767060983156743,43902.07987100701,-21039.85010878175,64941.92997978876,270519.181136959,19203.270691500977,18734.354432728083,468.91625877289334,1953.29646631272
0xb305d384400e3d7a15780216a55368ea677eca4e,0x05f0e3ecee449531c3b394be5a981e1d5326edd2247166f39454a4d26457526d,1778284486,BUY,Up,Up,1,False,100.0,0.375106,37.5106,37.5106,-37.5106,37.5106,Down,1778284500,0.6905625463873831,-14,matched,4,-1.8915771281168725,-0.4279031567512129,-1.4636739713656597,-54.90328887030871,-0.8915771281177562,0.5720968432489504,-1.4636739713667066,-54.90328887034798,-7748.501161129912,576.0821872937377,-8324.58334842365,-312260.11614938016,263.4719267040491,264.1820143912046,-0.7100876871554647,-26.63581519781377
0xf6beafa72d6416525c4cf039c9c122883dbef6a3,0x063161ffd8e0ac6d5200841ed24a1248b1f352109db7e6af4f8a83aa4777e91f,1780925785,BUY,Down,Down,-1,True,158.266665,0.14999999526116253,23.739998999999997,23.739998999999997,134.52666599999998,134.52666599999998,Down,1780926000,1.3638617168000704,-215,matched,4,0.5495555790593988,-0.057424914528464155,0.6069804935878629,81.65506212940956,0.5331806407278705,-0.053390391563841746,0.5865710322917123,78.90944534638237,147856.31461587994,-44903.309454959,192759.62407083894,25931309.565663304,423399.76716181403,440414.8871840343,-17015.120022220246,-2288987.368179135
0xb305d384400e3d7a15780216a55368ea677eca4e,0x087fc74e6c1885961405224024d2de614c2b983a1324c44ad1745fb18c2f6033,1779206038,BUY,Down,Down,-1,False,18.02,0.13554938956714763,2.4426,2.4426,-2.4426,2.4426,Up,1779206100,0.499730181624992,-62,matched,4,1.712817452672809,0.35707760613837386,1.3557398465344352,3.3115301491450118,0.9608167709626927,-0.40350605390085675,1.3643228248635495,3.332494932011706,151319.50789297605,-26128.028967721282,177447.53686069732,433433.3535359393,9144.350532388198,9257.370344602401,-113.01981221420283,-276.06219331441184
0xb305d384400e3d7a15780216a55368ea677eca4e,0x087fc74e6c1885961405224024d2de614c2b983a1324c44ad1745fb18c2f6033,1779206033,BUY,Down,Down,-1,False,100.0,0.17,17.0,17.0,-17.0,17.0,Up,1779206100,0.499730181624992,-67,matched,4,1.7623136475538157,0.8468479484818224,0.9154656990719933,15.562916884223885,0.9606488820717156,0.04697276439940057,0.913676117672315,15.532494000429356,151552.62246015703,47476.98255812035,104075.63990203668,1769285.8783346235,8896.505340551143,8894.920165876625,1.585174674517475,26.947969466797076
0xb305d384400e3d7a15780216a55368ea677eca4e,0x087fc74e6c1885961405224024d2de614c2b983a1324c44ad1745fb18c2f6033,1779206078,BUY,Down,Down,-1,False,100.0,0.3,30.0,30.0,-30.0,30.0,Up,1779206100,0.499730181624992,-22,matched,4,0.0013746455734439111,-0.9589870244191874,0.9603616699926313,28.81085009977894,0.9641520066965941,0.019265941924536706,0.9448860647720574,28.346581943161723,150335.39935843903,-6017.460629632511,156352.85998807155,4690585.799642147,265.97525588190183,267.41558562251157,-1.4403297406097408,-43.209892218292225
0xf6beafa72d6416525c4cf039c9c122883dbef6a3,0x092c30e9f5638f25ed4854fb8233a91c935a966134b12153ee8bf57e2532820a,1780789069,BUY,Down,Down,-1,False,151.51,0.28424856445119134,43.0665,43.0665,-43.0665,43.0665,Up,1780789200,14.994845016019868,-131,matched,4,-0.30482789602820526,0.36646628772243117,-0.6712941837506364,-28.91029096449678,-0.9498309301430814,-0.2638337854063609,-0.6859971447367206,-29.543496033803976,-83561.03628546902,327.1345486086939,-83888.17083407771,-3612769.9092258075,16670.673575405148,17445.621329364745,-774.9477539595973,-33374.287445901
0xf6beafa72d6416525c4cf039c9c122883dbef6a3,0x092c30e9f5638f25ed4854fb8233a91c935a966134b12153ee8bf57e2532820a,1780789068,BUY,Down,Down,-1,False,58.13,0.28,16.276400000000002,16.276400000000002,-16.276400000000002,16.276400000000002,Up,1780789200,14.994845016019868,-132,matched,4,-0.30482789602820526,0.37895811266314355,-0.6837860086913488,-11.12957459186387,-0.9498309301430814,-0.26278809383832935,-0.687042836304752,-11.182584020830667,-83561.03628546902,20653.092930406186,-104214.1292158752,-1696230.8527692715,16670.673575405148,16608.677272952133,61.99630245301523,1009.0766172462572
0xf6beafa72d6416525c4cf039c9c122883dbef6a3,0x092c30e9f5638f25ed4854fb8233a91c935a966134b12153ee8bf57e2532820a,1780789011,BUY,Up,Up,1,True,65.21,0.45209477074068394,29.481099999999998,29.481099999999998,35.728899999999996,35.728899999999996,Up,1780789200,14.994845016019868,-189,matched,4,1.6974742546191124,0.09384885149959557,1.6036254031195167,57.295771665516895,0.9036018477309087,-0.7069276995515882,1.6105295472824968,57.54244914190159,93050.94912939602,-156089.5810142007,249140.5301435967,8901517.08744755,97934.35658559008,101109.25275136053,-3174.8961657704494,-113435.5476171958
0xf6beafa72d6416525c4cf039c9c122883dbef6a3,0x09ad2d460421c448a1c358156be1d0f9e0467e185a7b6d975c8e93dc53b009bf,1778884456,BUY,Up,Up,1,True,8.230768,0.12999989794390998,1.069999,1.069999,7.160768999999999,7.160768999999999,Up,1778884500,1.2150116370684556,-44,matched,4,-1.1414704798937128,-0.6524514306399213,-0.48901904925379147,-3.5017524483060227,-0.14147047989371264,0.34613244548795513,-0.4876029253816678,-3.4916119123823592,-3054.333522332832,16695.472028869845,-19749.805551202677,-141423.79534708,12891.61126801325,12754.845301434456,136.76596657879418,979.3494937324654
0xf6beafa72d6416525c4cf039c9c122883dbef6a3,0x09ad2d460421c448a1c358156be1d0f9e0467e185a7b6d975c8e93dc53b009bf,1778884456,BUY,Up,Up,1,True,154.86846,0.12178076155725963,18.859999000000002,18.859999000000002,136.008461,136.008461,Up,1778884500,1.2150116370684556,-44,matched,4,-1.1414704798937128,-0.6524514306399213,-0.48901904925379147,-66.51072828869138,-0.14147047989371264,0.34613244548795513,-0.4876029253816678,-66.31812346025848,-3054.333522332832,16695.472028869845,-19749.805551202677,-2686140.658068333,12891.61126801325,12754.845301434456,136.76596657879418,18601.328631559234
0xb305d384400e3d7a15780216a55368ea677eca4e,0x09ad2d460421c448a1c358156be1d0f9e0467e185a7b6d975c8e93dc53b009bf,1778884490,BUY,Up,Up,1,True,100.0,0.1045,10.45,10.45,89.55,89.55,Up,1778884500,1.2150116370684556,-10,offset_out_of_range,,,,,,,,,,,,,,,,,
0xf6beafa72d6416525c4cf039c9c122883dbef6a3,0x09ad2d460421c448a1c358156be1d0f9e0467e185a7b6d975c8e93dc53b009bf,1778884483,BUY,Up,Up,1,True,28.692306,0.1299999728150118,3.729999,3.729999,24.962306999999996,24.962306999999996,Up,1778884500,1.2150116370684556,-17,matched,4,-0.0682315780443632,-0.4968805866226724,0.42864900857830923,10.700068147377387,0.9317684219556368,0.5011309918396197,0.4306374301160171,10.749703736247062,801.0670351712033,3602.667799817995,-2801.6007646467915,-69934.41837854794,1436.3946412196383,1434.0503653480555,2.344275871582795,58.51853399914229
0xf6beafa72d6416525c4cf039c9c122883dbef6a3,0x09ad2d460421c448a1c358156be1d0f9e0467e185a7b6d975c8e93dc53b009bf,1778884483,BUY,Up,Up,1,True,26.642856,0.1399999684718485,3.7299989999999994,3.7299989999999994,22.912857,22.912857,Up,1778884500,1.2150116370684556,-17,matched,4,-0.0682315780443632,-0.4968805866226724,0.42864900857830923,9.821573436746572,0.9317684219556368,0.5011309918396197,0.4306374301160171,9.867133855095792,801.0670351712033,3602.667799817995,-2801.6007646467915,-64192.67769144259,1436.3946412196383,1434.0503653480555,2.344275871582795,53.71405781412694
0xf6beafa72d6416525c4cf039c9c122883dbef6a3,0x09ad2d460421c448a1c358156be1d0f9e0467e185a7b6d975c8e93dc53b009bf,1778884483,BUY,Up,Up,1,True,26.642856,0.1399999684718485,3.7299989999999994,3.7299989999999994,22.912857,22.912857,Up,1778884500,1.2150116370684556,-17,matched,4,-0.0682315780443632,-0.4968805866226724,0.42864900857830923,9.821573436746572,0.9317684219556368,0.5011309918396197,0.4306374301160171,9.867133855095792,801.0670351712033,3602.667799817995,-2801.6007646467915,-64192.67769144259,1436.3946412196383,1434.0503653480555,2.344275871582795,53.71405781412694
0xf6beafa72d6416525c4cf039c9c122883dbef6a3,0x09ad2d460421c448a1c358156be1d0f9e0467e185a7b6d975c8e93dc53b009bf,1778884483,BUY,Up,Up,1,True,31.083332,0.11999997297587016,3.729999,3.729999,27.353333,27.353333,Up,1778884500,1.2150116370684556,-17,matched,4,-0.0682315780443632,-0.4968805866226724,0.42864900857830923,11.724979071762348,0.9317684219556368,0.5011309918396197,0.4306374301160171,11.779369028227643,801.0670351712033,3602.667799817995,-2801.6007646467915,-76633.1186484383,1436.3946412196383,1434.0503653480555,2.344275871582795,64.12375855926942
0xf6beafa72d6416525c4cf039c9c122883dbef6a3,0x09ad2d460421c448a1c358156be1d0f9e0467e185a7b6d975c8e93dc53b009bf,1778884481,BUY,Up,Up,1,True,79.857141,0.13999999073345237,11.179998999999999,11.179998999999999,68.677142,68.677142,Up,1778884500,1.2150116370684556,-19,matched,4,-0.03599402528240847,-0.8401534321590074,0.8041594068765989,55.227369776699966,0.938471357900378,0.12901406803057858,0.8094572898697994,55.59121323932337,894.7258399049751,-20601.84710152528,21496.572941430255,1476323.1924119634,8451.631732125767,8529.93429639336,-78.30256426759297,-5377.5963251696085
0xf6beafa72d6416525c4cf039c9c122883dbef6a3,0x0b594ff606f5a9af301437450987144d85611f55d4665cc021681d8542b4b96e,1778345689,BUY,Up,Up,1,False,9.26,0.5,4.63,4.63,-4.63,4.63,Down,1778345700,0.5802284134345722,-11,matched,4,0.0024006169397330357,0.0001310126601743733,0.0022696042795586624,0.010508267814356606,0.9982123952212473,0.9997760424190779,-0.001563647197830642,-0.007239686525955873,980692.6517112859,334437.26901678287,646255.3826945031,2992162.421875549,163013.6836094947,161985.707054051,1027.976555443718,4759.531451704414
0xf6beafa72d6416525c4cf039c9c122883dbef6a3,0x0b594ff606f5a9af301437450987144d85611f55d4665cc021681d8542b4b96e,1778345687,BUY,Up,Up,1,False,4.14634,0.4099999035293777,1.699999,1.699999,-1.699999,1.699999,Down,1778345700,0.5802284134345722,-13,matched,4,0.006632213960447553,-0.2157931950476394,0.22242540900808697,0.37812297288833885,0.9983479309551259,0.7831038364675436,0.2152440944875823,0.36591474538479546,1061292.751711286,82996.69368112551,978296.0580301604,1663102.3203552146,82413.58360949485,80959.13863871066,1454.444970784185,2472.554995888144
0xf6beafa72d6416525c4cf039c9c122883dbef6a3,0x0b594ff606f5a9af301437450987144d85611f55d4665cc021681d8542b4b96e,1778345686,BUY,Up,Up,1,False,14.96711,0.4456437481918687,6.669999,6.669999,-6.669999,6.669999,Down,1778345700,0.5802284134345722,-14,matched,4,0.006632213960447553,0.0016511744555535723,0.00498103950489398,0.033223528516603346,0.9983479309551259,0.9999778876346266,-0.0016299566795007214,-0.010871809422313132,1061292.751711286,230967.5786710965,830325.1730401894,5538268.07385289,82413.58360949485,81913.28736532293,500.2962441719137,3336.97544833042
0xf6beafa72d6416525c4cf039c9c122883dbef6a3,0x0b594ff606f5a9af301437450987144d85611f55d4665cc021681d8542b4b96e,1778345686,BUY,Up,Up,1,False,46.891303,0.4599999918961518,21.569999,21.569999,-21.569999,21.569999,Down,1778345700,0.5802284134345722,-14,matched,4,0.006632213960447553,0.0016511744555535723,0.00498103950489398,0.10744101713952364,0.9983479309551259,0.9999778876346266,-0.0016299566795007214,-0.03515816394687388,1061292.751711286,230967.5786710965,830325.1730401894,17910113.15215171,82413.58360949485,81913.28736532293,500.2962441719137,10791.389486491935
0xf6beafa72d6416525c4cf039c9c122883dbef6a3,0x0b72b2e57cdc4200405fa3dd1f853418c95f28becbdc7cb000e7d92eca181f26,1778891320,BUY,Up,Up,1,False,5.093022,0.429999909680343,2.1899990000000003,2.1899990000000003,-2.1899990000000003,2.1899990000000003,Down,1778891400,0.5838501945790013,-80,matched,4,-0.001305866298739855,-1.0805670761094226,1.0792612098106829,2.363580970224186,0.9985206221944466,-0.08423316169539521,1.0827537838898418,2.37122970396497,253378.64893427107,-8766.72987971425,262145.3788139853,574098.1174572491,55489.96862102044,55661.1780655873,-171.20944456686266,-374.9485123919847
0xf6beafa72d6416525c4cf039c9c122883dbef6a3,0x0b72b2e57cdc4200405fa3dd1f853418c95f28becbdc7cb000e7d92eca181f26,1778891320,BUY,Up,Up,1,False,7.136362,0.43999996076432224,3.1399990000000004,3.1399990000000004,-3.1399990000000004,3.1399990000000004,Down,1778891400,0.5838501945790013,-80,matched,4,-0.001305866298739855,-1.0805670761094226,1.0792612098106829,3.3888791195443346,0.9985206221944466,-0.08423316169539521,1.0827537838898418,3.3998457986603197,253378.64893427107,-8766.72987971425,262145.3788139853,823136.2273305352,55489.96862102044,55661.1780655873,-171.20944456686266,-537.5974847305042
0xb305d384400e3d7a15780216a55368ea677eca4e,0x0b72b2e57cdc4200405fa3dd1f853418c95f28becbdc7cb000e7d92eca181f26,1778891304,BUY,Up,Up,1,False,56.21,0.3,16.863,16.863,-16.863,16.863,Down,1778891400,0.5838501945790013,-96,matched,4,0.00486278423280706,-0.7878229953126218,0.7926857795454288,13.367060300474567,0.9985238625667632,0.20913137052562306,0.7893924920411401,13.311525593289746,253935.68215547106,53796.91255248027,200138.7696029908,3374940.0718152337,58565.52970664273,58474.03942732517,91.490279317557,1542.8005801319637
0xf6beafa72d6416525c4cf039c9c122883dbef6a3,0x0b72b2e57cdc4200405fa3dd1f853418c95f28becbdc7cb000e7d92eca181f26,1778891299,BUY,Up,Up,1,False,27.066665,0.29999998152709245,8.119999,8.119999,-8.119999,8.119999,Down,1778891400,0.5838501945790013,-101,matched,4,0.004609363121194421,-0.7792525679097709,0.7838619310309654,6.364958096109508,0.9985273353360354,0.21456816184587213,0.7839591734901633,6.3657477047809525,254535.38670923605,-55752.35752487955,310287.7442341156,2519536.172893274,61039.23202171479,60754.88501847781,284.3470032369805,2308.8973819372786
0xf6beafa72d6416525c4cf039c9c122883dbef6a3,0x0b72b2e57cdc4200405fa3dd1f853418c95f28becbdc7cb000e7d92eca181f26,1778891297,BUY,Up,Up,1,False,27.033332,0.2999999778051777,8.109999,8.109999,-8.109999,8.109999,Down,1778891400,0.5838501945790013,-103,matched,4,0.049043417748884655,-0.9795855222188612,1.0286289399677457,8.342179674509477,0.9987834652577304,-0.030194797171154558,1.028978262428885,8.345012679319995,308204.44940440706,-61783.0357109532,369987.48511536024,3000598.1342980866,7386.443614451913,7387.786263105278,-1.3426486533644493,-10.888879236137031
0xf6beafa72d6416525c4cf039c9c122883dbef6a3,0x0b72b2e57cdc4200405fa3dd1f853418c95f28becbdc7cb000e7d92eca181f26,1778891295,BUY,Down,Down,-1,True,27.694442,0.7199999913340013,19.939998,19.939998,7.754443999999999,7.754443999999999,Down,1778891400,0.5838501945790013,-105,matched,4,-0.04971652898778456,0.8947253349663583,-0.9444418639541429,-7.3236215452880185,-0.9987838497585095,-0.059654843532898766,-0.9391290062256108,-7.282423287552149,-308302.01069893,53961.91750736843,-362263.92820629844,-2809155.344495761,7288.882319928845,7297.159042729574,-8.276722800728749,-64.18138346177423
0xf6beafa72d6416525c4cf039c9c122883dbef6a3,0x0b72b2e57cdc4200405fa3dd1f853418c95f28becbdc7cb000e7d92eca181f26,1778891365,BUY,Up,Up,1,False,5.86,0.5,2.93,2.93,-2.93,2.93,Down,1778891400,0.5838501945790013,-35,matched,4,-0.0015588293291616262,-0.8162104072448831,0.8146515779157215,2.386929123293064,0.998441170670831,0.18136486618711606,0.817076304483715,2.3940335721372854,240445.13191367104,3786.8535380674894,236658.27837560355,693408.7556405184,12915.887794200098,13178.615524041357,-262.72772984125913,-769.7922484348893
0xf6beafa72d6416525c4cf039c9c122883dbef6a3,0x0b72b2e57cdc4200405fa3dd1f853418c95f28becbdc7cb000e7d92eca181f26,1778891365,BUY,Up,Up,1,False,63.92857,0.5560893822589806,35.549999,35.549999,-35.549999,35.549999,Down,1778891400,0.5838501945790013,-35,matched,4,-0.0015588293291616262,-0.8162104072448831,0.8146515779157215,28.96086278025232,0.998441170670831,0.18136486618711606,0.817076304483715,29.047061807319764,240445.13191367104,3786.8535380674894,236658.27837560355,8413201.559594428,12915.887794200098,13178.615524041357,-262.72772984125913,-9339.970533129032
0xf6beafa72d6416525c4cf039c9c122883dbef6a3,0x0b72b2e57cdc4200405fa3dd1f853418c95f28becbdc7cb000e7d92eca181f26,1778891360,BUY,Up,Up,1,False,4.791665,0.47999995826085506,2.299999,2.299999,-2.299999,2.299999,Down,1778891400,0.5838501945790013,-40,matched,4,-0.0014808401840062935,-0.46074506218141664,0.45926422199741035,1.056307251329822,0.9985191598159937,0.5392549378185537,0.45926422199744,1.0563072513298901,253128.05845547107,40157.515117321265,212970.5433381498,489832.0367072012,250.59047880000435,249.26088349900965,1.329595300994697,3.058067862692502
0xf6beafa72d6416525c4cf039c9c122883dbef6a3,0x0b72b2e57cdc4200405fa3dd1f853418c95f28becbdc7cb000e7d92eca181f26,1778891353,BUY,Up,Up,1,False,6.68085,0.46999992515922373,3.139999,3.139999,-3.139999,3.139999,Down,1778891400,0.5838501945790013,-47,matched,4,-0.0014806963173245036,-0.7757335931665374,0.774252896849213,2.431153321853632,0.9985193036824711,0.22356736201443878,0.7749519416680324,2.43334832188568,253152.68919767105,-302.3032584312241,253454.99245610228,795848.4228571687,782.9929578001611,785.7316224489659,-2.7386646488048427,-8.599404258582558
0xf6beafa72d6416525c4cf039c9c122883dbef6a3,0x0b8689ad52dd66ce14ba8a6ad4275712b13ad7cfea12f2726610b4e278139a99,1780928622,BUY,Down,Down,-1,True,80.266665,0.299999993770764,24.079999,24.079999,56.186666,56.186666,Down,1780928700,1.5814059523994881,-78,matched,4,1.3652407293934172,0.8179277561634986,0.5473129732299187,30.751691224336383,0.4966586285107274,-0.12185113805126727,0.6185097665619946,34.75200167155676,137737.61429961212,-329147.83901217463,466885.45331178675,26232737.025487956,1022443.1017761952,1090098.8271160324,-67655.72533983714,-3801349.642657166
0xb305d384400e3d7a15780216a55368ea677eca4e,0x0d10e629b3d343ca0171f1e0bf5829c85b925e926cc3e521e20bf7e32eecabb0,1780129628,BUY,Down,Down,-1,True,5.0,0.59,2.9499999999999997,2.9499999999999997,2.0500000000000003,2.0500000000000003,Down,1780129800,0.36539123572176235,-172,matched,4,1.499803679536031,0.9015625974469932,0.5982410820890378,1.2263942182825276,0.5639172236544243,-0.02888268345765277,0.5927999071120771,1.215239809579758,953690.6178224861,-4142.330222930439,957832.9480454165,1963557.5434931042,9591.838744998968,9904.62054412425,-312.7817991252814,-641.2026882068269
0xb305d384400e3d7a15780216a55368ea677eca4e,0x0d45fc4061cd09e77da185b0bb6751d9ac822e8f716b5ab519d4a65543ed992c,1778826862,BUY,Down,Down,-1,True,120.74,0.2683435481199271,32.3998,32.3998,88.3402,88.3402,Down,1778826900,0.10077381076233438,-38,matched,4,1.1072151719211314,0.5927305833482206,0.5144845885729108,45.44967145144865,0.3666115321303438,-0.16715299089147995,0.5337645230218238,47.152864716652516,719.5540911935968,-15063.192914272899,15782.747005466495,1394251.0270123112,221.8480317289941,207.28661940257007,14.561412326424033,1286.3580771987642
0xb305d384400e3d7a15780216a55368ea677eca4e,0x0d75213c6e932f75a4847fd80daa34a23d0cd6f3b3a1fe37a788c441e3415cec,1779275011,BUY,Up,Up,1,True,23.62,0.09,2.1258,2.1258,21.494200000000003,21.494200000000003,Up,1779275100,1.6543992873661442,-89,matched,4,1.57046851374592,1.4927282806288154,0.07774023311710465,1.670964118665671,0.9760436354667673,0.8873179940692142,0.08872564139755312,1.9070866813272866,612595.4823438261,20333.3881280525,592262.0942157736,12730199.905492684,9827.56828309875,9916.33771976606,-88.76943666730949,-1908.028025614484
0xb305d384400e3d7a15780216a55368ea677eca4e,0x0d75213c6e932f75a4847fd80daa34a23d0cd6f3b3a1fe37a788c441e3415cec,1779274979,BUY,Up,Up,1,True,93.39,0.26,24.2814,24.2814,69.1086,69.1086,Up,1779275100,1.6543992873661442,-121,matched,4,1.8067108012706816,0.8035133850765003,1.0031974161941815,69.3295689567972,0.9529578829903329,-0.04497481231503872,0.9979326953053717,68.96573146678081,605645.4104812791,-9956.706714278338,615602.1171955575,42543400.4764209,24414.500715523725,24540.29067154297,-125.78995601924544,-8693.167754551625
0xb305d384400e3d7a15780216a55368ea677eca4e,0x0d75213c6e932f75a4847fd80daa34a23d0cd6f3b3a1fe37a788c441e3415cec,1779274967,BUY,Up,Up,1,True,200.0,0.318,63.6,63.6,136.39999999999998,136.39999999999998,Up,1779275100,1.6543992873661442,-133,matched,4,1.786892929464489,0.8145261804155466,0.9723667490489425,132.63082457027573,0.9529578829903329,-0.024549646933900215,0.9775075299242331,133.33202708166536,605645.4104812791,160622.48697452433,445022.9235067548,60701126.766321346,24699.367968590814,26200.948925361878,-1501.580956771064,-204815.6425035731
0xf6beafa72d6416525c4cf039c9c122883dbef6a3,0x0d75213c6e932f75a4847fd80daa34a23d0cd6f3b3a1fe37a788c441e3415cec,1779274892,BUY,Down,Down,-1,False,6.847456,0.5899999941584144,4.039999,4.039999,-4.039999,4.039999,Up,1779275100,1.6543992873661442,-208,matched,4,-1.7662813715231713,-1.0312379878178535,-0.7350433837053179,-2.9695745351261005,-0.8936354716099161,-0.1657512689169986,-0.7278842026929175,-2.940651450995184,-587383.384219576,-22505.595534310774,-564877.7886852652,-2282105.701410683,143691.67551409616,146211.99290751436,-2520.3173934181978,-10182.079749092125
0xf6beafa72d6416525c4cf039c9c122883dbef6a3,0x0d75213c6e932f75a4847fd80daa34a23d0cd6f3b3a1fe37a788c441e3415cec,1779274892,BUY,Down,Down,-1,False,3.084743,0.5899998800548376,1.819998,1.819998,-1.819998,1.819998,Up,1779275100,1.6543992873661442,-208,matched,4,-1.7662813715231713,-1.0312379878178535,-0.7350433837053179,-1.3377774882569111,-0.8936354716099161,-0.1657512689169986,-0.7278842026929175,-1.3247477931327045,-587383.384219576,-22505.595534310774,-564877.7886852652,-1028076.4456516054,143691.67551409616,146211.99290751436,-2520.3173934181978,-4586.972615386333
0xf6beafa72d6416525c4cf039c9c122883dbef6a3,0x0d75213c6e932f75a4847fd80daa34a23d0cd6f3b3a1fe37a788c441e3415cec,1779274892,BUY,Down,Down,-1,False,23.271185,0.5899999935542604,13.729999,13.729999,-13.729999,13.729999,Up,1779275100,1.6543992873661442,-208,matched,4,-1.7662813715231713,-1.0312379878178535,-0.7350433837053179,-10.09214492323063,-0.8936354716099161,-0.1657512689169986,-0.7278842026929175,-9.993849375089555,-587383.384219576,-22505.595534310774,-564877.7886852652,-7755771.4737709025,143691.67551409616,146211.99290751436,-2520.3173934181978,-34603.95529131446
0xf6beafa72d6416525c4cf039c9c122883dbef6a3,0x0d75213c6e932f75a4847fd80daa34a23d0cd6f3b3a1fe37a788c441e3415cec,1779274892,BUY,Down,Down,-1,False,5.593219,0.5899999624545365,3.299999,3.299999,-3.299999,3.299999,Up,1779275100,1.6543992873661442,-208,matched,4,-1.7662813715231713,-1.0312379878178535,-0.7350433837053179,-2.425642431184165,-0.8936354716099161,-0.1657512689169986,-0.7278842026929175,-2.402017141002425,-587383.384219576,-22505.595534310774,-564877.7886852652,-1864096.1377835867,143691.67551409616,146211.99290751436,-2520.3173934181978,-8317.04487796266
0xf6beafa72d6416525c4cf039c9c122883dbef6a3,0x0d75213c6e932f75a4847fd80daa34a23d0cd6f3b3a1fe37a788c441e3415cec,1779274890,BUY,Down,Down,-1,False,6.084743,0.589999939192173,3.589998,3.589998,-3.589998,3.589998,Up,1779275100,1.6543992873661442,-210,matched,4,-1.7662813715231713,-1.1618362063277166,-0.6044451651954548,-2.1699569341613523,-0.8936354716099161,-0.29473268289307863,-0.5989027887168374,-2.150059813687869,-587383.384219576,-15672.058880160334,-571711.3253394157,-2052442.5145458516,143691.67551409616,146880.7530531032,-3189.077539007034,-11448.781986880174
0xb305d384400e3d7a15780216a55368ea677eca4e,0x0d75213c6e932f75a4847fd80daa34a23d0cd6f3b3a1fe37a788c441e3415cec,1779274883,BUY,Down,Down,-1,False,200.0,0.64,128.0,128.0,-128.0,128.0,Up,1779275100,1.6543992873661442,-217,matched,4,-1.7551243514595194,-1.3779236959646453,-0.37720065549487414,-48.28168390334389,-0.8932566830838292,-0.5120606444730842,-0.381196038610745,-48.79309294217536,-587260.545507597,-50338.7152365003,-536921.8302710968,-68725994.27470039,144381.67755252903,144998.85073235515,-617.1731798261171,-78998.16701774299
0xb305d384400e3d7a15780216a55368ea677eca4e,0x0d75213c6e932f75a4847fd80daa34a23d0cd6f3b3a1fe37a788c441e3415cec,1779275084,BUY,Up,Up,1,True,271.41,0.5214170443240853,141.5178,141.5178,129.89220000000003,129.89220000000003,Up,1779275100,1.6543992873661442,-16,matched,4,0.006421412959932815,-0.3937501610246805,0.40017157398461334,51.9791661223242,0.9975528602252919,0.6036482537172365,0.39390460650805537,51.16513592946564,541918.6095648621,372265.22970738565,169653.37985747645,22036650.74712331,77787.38148600527,78336.4135559516,-549.0320699463336,-71314.98343588317
0xb305d384400e3d7a15780216a55368ea677eca4e,0x0e5f81b52d40bd0d8dbbea14b5b3aec8f148d50ace199bbe4c4a6987c14240dc,1780175978,BUY,Down,Down,-1,True,100.0,0.809069,80.90690000000001,80.90690000000001,19.093099999999996,19.093099999999996,Down,1780176000,0.1573591547824391,-22,matched,4,0.8271875521099862,-0.21713005204526956,1.0443176041552558,19.93926044789671,0.9895714131828403,-0.03883313357864296,1.0284045467614833,19.635430851771673,6548.877920248004,18508.455688250753,-11959.57776800275,-228345.41428225324,1819.750091571128,1757.3750175051973,62.375074065930676,1190.9335266482208
0xb305d384400e3d7a15780216a55368ea677eca4e,0x0e5f81b52d40bd0d8dbbea14b5b3aec8f148d50ace199bbe4c4a6987c14240dc,1780175803,BUY,Down,Down,-1,True,25.6,0.55,14.080000000000002,14.080000000000002,11.52,11.52,Down,1780176000,0.1573591547824391,-197,matched,4,0.33908338118008313,-0.17611050328713013,0.5151938844672133,5.935033549062297,0.7058884542583825,0.17860267336919505,0.5272857808891875,6.07433219584344,19360.951120343,-77631.94346381899,96992.89458416199,1117358.145609546,5887.559636480291,5822.720026794501,64.83960968579049,746.9523035803064
0xb305d384400e3d7a15780216a55368ea677eca4e,0x0e5f81b52d40bd0d8dbbea14b5b3aec8f148d50ace199bbe4c4a6987c14240dc,1780175798,BUY,Down,Down,-1,True,81.58,0.53,43.2374,43.2374,38.3426,38.3426,Down,1780176000,0.1573591547824391,-202,matched,4,0.2118075212470577,-0.8074672197859443,1.0192747410330019,39.08164368553197,0.6796345908166687,-0.3173847097537465,0.9970193005704151,38.228312234051195,18932.235781793,-17372.565388448755,36304.80117024176,1392020.4693501114,5482.353164090193,5732.84045707051,-250.48729298031685,-9604.334079827097
0xf6beafa72d6416525c4cf039c9c122883dbef6a3,0x0ea8f43eefe3eafe433ee6ec6df942989611faf01a585d31365df691729b4ab4,1779041661,BUY,Down,Down,-1,True,17.279628,0.511585029492533,8.839998999999999,8.839998999999999,8.439629,8.439629,Down,1779041700,0.44442877464705055,-39,matched,4,1.7834482456343232,-0.003775533611006743,1.78722377924533,15.083505636808486,0.9978302567684552,-0.7867537054898485,1.7845839622583037,15.061226560810086,702305.5070937268,-10182.162705688246,712487.669799415,6013131.6001815675,2589.2536243773066,2571.4463464523214,17.8072779249851,150.2868191867641
0xb305d384400e3d7a15780216a55368ea677eca4e,0x0ea8f43eefe3eafe433ee6ec6df942989611faf01a585d31365df691729b4ab4,1779041657,BUY,Down,Down,-1,True,100.0,0.45,45.0,45.0,55.00000000000001,55.00000000000001,Down,1779041700,0.44442877464705055,-43,matched,4,1.8141689899836808,0.5075589027725171,1.3066100872111637,71.86355479661401,0.9978302567684552,-0.2984867957995812,1.2963170525680363,71.29743789124201,702305.5070937268,1279.443278843988,701026.0638148828,38556433.509818554,3022.35419066716,3075.617273333017,-53.26308266585693,-2929.4695466221315
0xf6beafa72d6416525c4cf039c9c122883dbef6a3,0x0ea8f43eefe3eafe433ee6ec6df942989611faf01a585d31365df691729b4ab4,1779041655,BUY,Down,Down,-1,True,3.840908,0.4399998646153462,1.6899990000000003,1.6899990000000003,2.150909,2.150909,Down,1779041700,0.44442877464705055,-45,matched,4,1.7405036453442646,0.8461282951951608,0.8943753501491039,1.9237199900138588,0.995407381967089,0.10331331283888551,0.8920940691282035,1.918813162134475,701450.8954535088,5202.863389008418,696248.0320645004,1497566.1583998224,2177.6432416567113,2167.154711879739,10.488529776972427,22.559873094057988
0xf6beafa72d6416525c4cf039c9c122883dbef6a3,0x0ea8f43eefe3eafe433ee6ec6df942989611faf01a585d31365df691729b4ab4,1779041647,BUY,Down,Down,-1,True,2.222221,0.4499997974998886,0.9999989999999999,0.9999989999999999,1.222222,1.222222,Down,1779041700,0.44442877464705055,-53,matched,4,0.09606272574205665,-0.7037274921064737,0.7997902178485303,0.9775211996392663,0.9915420609939609,0.19076912980026348,0.8007729311936974,0.9787222935094232,700083.1902571148,21584.305004456717,678498.8852526582,829276.2645312743,12639.04022584972,12795.06851735017,-156.02829150045,-190.701210494263
0xf6beafa72d6416525c4cf039c9c122883dbef6a3,0x0ea8f43eefe3eafe433ee6ec6df942989611faf01a585d31365df691729b4ab4,1779041638,BUY,Down,Down,-1,True,82.413042,0.4585439159010779,37.789999,37.789999,44.623043,44.623043,Down,1779041700,0.44442877464705055,-62,matched,4,0.0971017207701228,-0.6194542747671072,0.71655599553723,31.974909000765628,0.9915433394930492,0.271727033181929,0.7198163063111203,32.12039398862229,700189.9334120199,2534.371063613966,697655.562348406,31131514.1578621,12533.272612386849,12576.536022639135,-43.26341025228612,-1930.5450160144046
0xf6beafa72d6416525c4cf039c9c122883dbef6a3,0x0ea8f43eefe3eafe433ee6ec6df942989611faf01a585d31365df691729b4ab4,1779041629,BUY,Down,Down,-1,True,3.45,0.4,1.3800000000000001,1.3800000000000001,2.07,2.07,Down,1779041700,0.44442877464705055,-71,matched,4,0.34926588891288135,-0.9909988185670817,1.340264707479963,2.774347944483523,0.9914985769636897,-0.3471378349812922,1.3386364119449818,2.770977372726112,700344.1335689898,-361.37816011940595,700705.5117291092,1450460.409279256,15066.352415051078,15250.546539802264,-184.19412475118588,-381.28183823495476
0xf6beafa72d6416525c4cf039c9c122883dbef6a3,0x0ea8f43eefe3eafe433ee6ec6df942989611faf01a585d31365df691729b4ab4,1779041606,BUY,Down,Down,-1,True,4.844443,0.44999992775227204,2.179999,2.179999,2.664444,2.664444,Down,1779041700,0.44442877464705055,-94,matched,4,0.32047923174126214,-0.6795927549049182,1.0000719866461805,2.664635804387496,0.9897126125946494,-0.00981364695245509,0.9995262595471045,2.6631817450927255,699710.1152048958,26012.210218158987,673697.9049867368,1795030.340754481,15302.692351745674,14904.71117758815,397.98117415752495,1060.3985515969723
0xb305d384400e3d7a15780216a55368ea677eca4e,0x0ea8f43eefe3eafe433ee6ec6df942989611faf01a585d31365df691729b4ab4,1779041601,BUY,Down,Down,-1,True,100.0,0.4,40.0,40.0,60.0,60.0,Down,1779041700,0.44442877464705055,-99,matched,4,1.4213073433284902,0.6893305447694341,0.7319767985590561,43.91860791354336,0.9898526901985979,0.260281108720697,0.7295715814779009,43.774294888674056,711401.1895967808,314680.02065435157,396721.16894242924,23803270.136545755,3890.6058867154643,3973.484794198528,-82.87890748306381,-4972.734448983829
0xf6beafa72d6416525c4cf039c9c122883dbef6a3,0x0ea8f43eefe3eafe433ee6ec6df942989611faf01a585d31365df691729b4ab4,1779041599,BUY,Down,Down,-1,True,4.85,0.4,1.94,1.94,2.9099999999999997,2.9099999999999997,Down,1779041700,0.44442877464705055,-101,matched,4,1.4213073433284902,0.7254273444408824,0.6958799988876078,2.0250107967629383,0.9898526901985979,0.30329086134885164,0.6865618288497463,1.9978949219527613,711401.1895967808,107442.77576079725,603958.4138359836,1757518.984262712,3890.6058867154643,3829.3849642427667,61.220922472697566,178.1528843955499
0xf6beafa72d6416525c4cf039c9c122883dbef6a3,0x0ea8f43eefe3eafe433ee6ec6df942989611faf01a585d31365df691729b4ab4,1779041589,BUY,Down,Down,-1,True,29.8,0.4,11.920000000000002,11.920000000000002,17.88,17.88,Down,1779041700,0.44442877464705055,-111,matched,4,1.3945342846888704,-0.44709023515962604,1.8416245198484964,32.92824641489111,0.9898526901985979,-0.8732068789538496,1.8630595691524476,33.311505096445764,711401.1895967808,-9099.586350266993,720500.7759470477,12882553.873933213,4107.120797486277,4078.6194932734506,28.501304212826653,509.6033193253405
0xf6beafa72d6416525c4cf039c9c122883dbef6a3,0x0ea8f43eefe3eafe433ee6ec6df942989611faf01a585d31365df691729b4ab4,1779041584,BUY,Down,Down,-1,True,12.268291,0.4099999747316069,5.029999,5.029999,7.2382919999999995,7.2382919999999995,Down,1779041700,0.44442877464705055,-116,matched,4,1.3945342846888704,0.2789689796676011,1.1155653050212693,8.074787422813012,0.9898526901985979,-0.13913764384139227,1.1289903340399903,8.171961702958988,711401.1895967808,2167.444550110151,709233.7450466707,5133640.942901355,4107.120797486277,4117.175567615865,-10.054770129587268,-72.77936219083048
0xf6beafa72d6416525c4cf039c9c122883dbef6a3,0x0ea8f43eefe3eafe433ee6ec6df942989611faf01a585d31365df691729b4ab4,1779041564,BUY,Down,Down,-1,True,5.8,0.35,2.03,2.03,3.77,3.77,Down,1779041700,0.44442877464705055,-136,matched,4,0.23478460561927705,-0.8786087604051309,1.113393366024408,4.197492989912018,0.9850096878792237,-0.11417337933329023,1.099183067212514,4.1439201633911775,710312.9203197369,1116.4316839293333,709196.4886358076,2673670.762156995,12351.427340466296,12381.81267087823,-30.385330411932955,-114.55269565298724
0xb305d384400e3d7a15780216a55368ea677eca4e,0x0ea8f43eefe3eafe433ee6ec6df942989611faf01a585d31365df691729b4ab4,1779041486,BUY,Down,Down,-1,True,100.0,0.39433,39.433,39.433,60.56699999999999,60.56699999999999,Down,1779041700,0.44442877464705055,-214,matched,4,0.0027581833794350086,-1.139960431297284,1.142718614676719,69.21103833512483,0.982202827779026,-0.1529018984920905,1.1351047262711165,68.74988795606271,709839.0989489619,-131.9076204430021,709971.006569405,43000813.95488915,485203.84146669146,491294.7104200866,-6090.868953395111,-368905.65990028164
0xf6beafa72d6416525c4cf039c9c122883dbef6a3,0x0ea8f43eefe3eafe433ee6ec6df942989611faf01a585d31365df691729b4ab4,1779041480,BUY,Down,Down,-1,True,14.525,0.4,5.8100000000000005,5.8100000000000005,8.715,8.715,Down,1779041700,0.44442877464705055,-220,matched,4,0.008171684454316042,-1.0055483665124856,1.0137200509668016,8.834570244175676,0.9819286283833714,-0.03633282478877914,1.0182614531721506,8.874148564395291,709739.1134036899,138207.83567925057,571531.2777244394,4980895.085368489,486625.2322075955,491711.17849702155,-5085.946289426065,-44324.02191234816
0xf6beafa72d6416525c4cf039c9c122883dbef6a3,0x1041518f3fa1b74d1a30ea6ba1670c92963ab25f217e6664356e781c49db0d1b,1778270385,BUY,Down,Down,-1,False,246.0,0.03829268292682927,9.42,9.42,-9.42,9.42,Up,1778270400,4.727417536742316,-15,matched,4,0.08925745114584249,1.2912657394110263,-1.202008288265184,-11.322918075458032,-0.9099119467983222,0.2928379646806745,-1.2027499114789968,-11.329904166132149,-379.3625495878514,6283.2070449502535,-6662.569594538105,-62761.40558054895,45160.20919872634,43815.294115691046,1344.9150830352955,12669.100082192484
0xf6beafa72d6416525c4cf039c9c122883dbef6a3,0x1041518f3fa1b74d1a30ea6ba1670c92963ab25f217e6664356e781c49db0d1b,1778270385,BUY,Down,Down,-1,False,134.571427,0.06999999338641182,9.419999,9.419999,-9.419999,9.419999,Up,1778270400,4.727417536742316,-15,matched,4,0.08925745114584249,1.2912657394110263,-1.202008288265184,-11.322916873449746,-0.9099119467983222,0.2928379646806745,-1.2027499114789968,-11.329902963382239,-379.3625495878514,6283.2070449502535,-6662.569594538105,-62761.39891797936,45160.20919872634,43815.294115691046,1344.9150830352955,12669.098737277402
0xf6beafa72d6416525c4cf039c9c122883dbef6a3,0x1041518f3fa1b74d1a30ea6ba1670c92963ab25f217e6664356e781c49db0d1b,1778270350,BUY,Down,Down,-1,False,20.765956,0.46999998459016284,9.759998999999999,9.759998999999999,-9.759998999999999,9.759998999999999,Up,1778270400,4.727417536742316,-50,matched,4,-0.8966297531488261,-0.0007305116128158845,-0.8958992415360102,-8.743975701492216,-0.9766835491301481,-0.07469221632419042,-0.9019913328059577,-8.803434506194813,-45053.21180579276,4881.491697634843,-49934.703503427605,-487362.65625874983,4624.75338575663,4622.165530787446,2.5878549691842636,25.25746191138344
0xf6beafa72d6416525c4cf039c9c122883dbef6a3,0x107ce1e12505e2fddd1255992514bf895962ce4d04e1768db163409e30df0eb5,1779061646,BUY,Up,Up,1,True,3.36842,0.37999982187494435,1.279999,1.279999,2.0884210000000003,2.0884210000000003,Up,1779061800,1.8189900850473597,-154,matched,4,0.5038116240516454,0.1400502471154101,0.3637613769362353,0.7596868985825496,0.6318281359715701,0.33222129029475406,0.299606845676816,0.6257052282552218,1998501.8782103807,448087.63968781254,1550414.2385225683,3237917.654429541,624702.5888850689,615958.1522746689,8744.436610399978,18262.065050328136
0xf6beafa72d6416525c4cf039c9c122883dbef6a3,0x1088a3abc4bd52189d7823bcabd41956930fb54b9a8a647f3bef447ce5cffa18,1777988202,BUY,Up,Up,1,False,19.176469,0.5099999900920237,9.779999,9.779999,-9.779999,9.779999,Down,1777988400,14.216515532342743,-198,matched,4,-0.04654277316195149,-0.11833860393685684,0.07179583077490535,0.7021631531827436,0.28955250296603197,0.2259865784201125,0.06356592454591947,0.6216746784931679,98695.735154422,-1520.842168937852,100216.57732335984,980118.026005882,289521.04684530944,301203.12753629935,-11682.080690989911,-114250.73747580063
0xb305d384400e3d7a15780216a55368ea677eca4e,0x108dc5306c1e9319aa54d95fcbb47c0746bcc332172d786c0986202e6215df7b,1780787976,BUY,Up,Up,1,False,18.7,0.25363636363636366,4.743,4.743,-4.743,4.743,Down,1780788000,10.155344651997872,-24,matched,4,1.902526035391759,0.5033744699029218,1.3991515654888373,6.6361758751135556,0.957486821739045,-0.45156866657471956,1.4090554883137645,6.683150181072185,45995.748940056,-48679.45752518496,94675.20646524096,449044.5042646379,20270.111387859855,20731.736440788954,-461.6250529290992,-2189.4876260427177
0xb305d384400e3d7a15780216a55368ea677eca4e,0x108dc5306c1e9319aa54d95fcbb47c0746bcc332172d786c0986202e6215df7b,1780787920,BUY,Up,Up,1,False,100.0,0.23,23.0,23.0,-23.0,23.0,Down,1780788000,10.155344651997872,-80,matched,4,0.4459865902507688,0.5579297625302039,-0.11194317227943507,-2.5746929624270063,0.3840838408879323,0.5460302047866059,-0.16194636389867362,-3.724766369669493,27059.095915408998,65087.834572557564,-38028.73865714857,-874660.9891144171,4025.4065199501347,4294.330783385056,-268.92426343492116,-6185.258059003187
0xb305d384400e3d7a15780216a55368ea677eca4e,0x108dc5306c1e9319aa54d95fcbb47c0746bcc332172d786c0986202e6215df7b,1780787892,BUY,Up,Up,1,False,100.0,0.59,59.0,59.0,-59.0,59.0,Down,1780788000,10.155344651997872,-108,matched,4,0.20730774208628738,-0.5932739336196128,0.8005816757059001,47.23431886664811,0.36981620223170797,-0.44872506111949884,0.8185412633512068,48.2939345377212,26647.707166992997,-47748.2132048394,74395.9203718324,4389359.301938112,3261.075436212821,3395.0762096886756,-134.00077347585466,-7906.045635075425
0xf6beafa72d6416525c4cf039c9c122883dbef6a3,0x11a135b170ea3b836f199a690c963b6b3b638d5c2dbee3ca6eac9a2cb347720f,1778567097,BUY,Up,Up,1,False,10.465516,0.5799999732454664,6.069999,6.069999,-6.069999,6.069999,Down,1778567100,0.05773454483976029,-3,offset_out_of_range,,,,,,,,,,,,,,,,,
0xf6beafa72d6416525c4cf039c9c122883dbef6a3,0x11a135b170ea3b836f199a690c963b6b3b638d5c2dbee3ca6eac9a2cb347720f,1778567083,BUY,Up,Up,1,False,5.216215,0.3699998945595609,1.929999,1.929999,-1.929999,1.929999,Down,1778567100,0.05773454483976029,-17,matched,4,-0.0013645330517711995,-0.09324713474026061,0.09188260168848941,0.17733332937618287,0.998597506813464,0.905490996428223,0.09310651038524109,0.1796954719370049,1342946.736375066,262084.21078957742,1080862.5255854886,2086063.5935174676,649967.6834773743,641354.1299567501,8613.553520624177,16624.14968125114
0xb305d384400e3d7a15780216a55368ea677eca4e,0x11a135b170ea3b836f199a690c963b6b3b638d5c2dbee3ca6eac9a2cb347720f,1778567064,BUY,Up,Up,1,False,100.0,0.18,18.0,18.0,-18.0,18.0,Down,1778567100,0.05773454483976029,-36,matched,4,1.6372068056501798,0.9578831407665349,0.6793236648836449,12.22782596790561,0.9990421138653728,0.3333369744758964,0.6657051393894764,11.982692509010576,1992889.7469915827,5269.987548252757,1987619.7594433299,35777155.66997994,170.92293016705662,181.3871988342362,-10.464268667179567,-188.3568360092322
0xf6beafa72d6416525c4cf039c9c122883dbef6a3,0x11a135b170ea3b836f199a690c963b6b3b638d5c2dbee3ca6eac9a2cb347720f,1778567038,BUY,Down,Down,-1,True,14.761193,0.6699999789989874,9.889999000000001,9.889999000000001,4.871194,4.871194,Down,1778567100,0.05773454483976029,-62,matched,4,-1.9941396883205966,-1.0335679052146876,-0.9605717831059091,-4.679131506434806,-0.9989053283942313,-0.04716312245248164,-0.9517422059417496,-4.636120923130215,-1992753.2424119746,19927.191052515307,-2012680.4334644899,-9804156.851409622,42519.434313363396,41446.738155440944,1072.6961579224517,5225.3110882948995
0xf6beafa72d6416525c4cf039c9c122883dbef6a3,0x11a135b170ea3b836f199a690c963b6b3b638d5c2dbee3ca6eac9a2cb347720f,1778567036,BUY,Down,Down,-1,True,14.835818,0.6666297739699961,9.889998,9.889998,4.94582,4.94582,Down,1778567100,0.05773454483976029,-64,matched,4,-1.9941396883205966,-1.0687508749281003,-0.9253888133924963,-4.576806501052877,-0.9989053283942313,-0.08178701779175832,-0.917118310602473,-4.535902082943923,-1992753.2424119746,21013.02622388551,-2013766.2686358602,-9959725.48674461,42519.434313363396,41032.56944499775,1486.864868365643,7353.766003260164
0xf6beafa72d6416525c4cf039c9c122883dbef6a3,0x11a135b170ea3b836f199a690c963b6b3b638d5c2dbee3ca6eac9a2cb347720f,1778567019,BUY,Up,Up,1,False,7.971427,0.349999943548376,2.7899990000000003,2.7899990000000003,-2.7899990000000003,2.7899990000000003,Down,1778567100,0.05773454483976029,-81,matched,4,1.9917548755562011,1.0716171187981056,0.9201377567580955,2.56718342121733,0.9982872955394374,0.08558836293337879,0.9126989326060586,2.5464291092719713,1992167.1421993738,74.71083762676062,1992092.431361747,5557935.891406843,42215.93000166654,41782.048588843674,433.88141282286233,1210.5287078943732
0xf6beafa72d6416525c4cf039c9c122883dbef6a3,0x11c14fd43d1e188b3e5d9033abda7dc3123efd1335c93e986eefbff3c0014350,1778107539,BUY,Down,Down,-1,True,28.294116,0.33999998444906354,9.619999,9.619999,18.674117,18.674117,Down,1778107800,4.145585792426687,-261,matched,4,0.6025307408079881,0.2587544232560586,0.3437763175519295,6.419719175793885,-0.24295864322412428,-0.607320382457355,0.3643617392332307,6.80413374876484,-18966.864631683973,-145062.72457628563,126095.85994460166,2354728.8418211048,40135.81821498193,40248.41096427699,-112.59274929505773,-2102.5701736875753
0xf6beafa72d6416525c4cf039c9c122883dbef6a3,0x11dab69d2f0e780facf5f0f8df78aa0a8ecfc24a0199fe3ecaf2a522f8ad2d01,1777689810,BUY,Down,Down,-1,True,9.403845,0.5199999574642075,4.889999,4.889999,4.513846,4.513846,Down,1777689900,0.7363723945033238,-90,matched,4,0.15764970925917565,-0.9048608636007822,1.0625105728599578,4.796009099261629,0.8944879950023829,-0.1769974524626388,1.0714854474650217,4.836520301098198,31606.668661490003,-5741.5622060638125,37348.230867553815,168584.16250858433,11967.950872696994,11675.896588551026,292.05428414596827,1318.2880622751422
0xf6beafa72d6416525c4cf039c9c122883dbef6a3,0x11dab69d2f0e780facf5f0f8df78aa0a8ecfc24a0199fe3ecaf2a522f8ad2d01,1777689754,BUY,Down,Down,-1,True,17.298244,0.5671095285741142,9.809999,9.809999,7.488245,7.488245,Down,1777689900,0.7363723945033238,-146,matched,4,1.8103189961368915,0.8986444928700347,0.9116745032668568,6.826842040715524,0.8985162514265186,-0.017460069847289192,0.9159763212738078,6.859055107896985,40864.183239438986,-32211.932358496917,73076.1155979359,547211.8572456655,26595.637898971036,25969.110419853794,626.5274791172415,4691.591262862288
0xf6beafa72d6416525c4cf039c9c122883dbef6a3,0x11dab69d2f0e780facf5f0f8df78aa0a8ecfc24a0199fe3ecaf2a522f8ad2d01,1777689830,BUY,Down,Down,-1,True,8.305082,0.5899999542448828,4.899998,4.899998,3.4050840000000004,3.4050840000000004,Down,1777689900,0.7363723945033238,-70,matched,4,-0.3012421132111138,-0.8964651991759873,0.5952230859648735,2.0267846064496156,0.6727312876258171,0.06060462364111545,0.6121266639847017,2.0843427095076845,7663.783401774002,8187.802589864957,-524.0191880909542,-1784.329353061499,34087.58371546495,32990.46628883547,1097.1174266294765,3735.776995537205
0xf6beafa72d6416525c4cf039c9c122883dbef6a3,0x129a68a44dbfe94d70d8f7fedfbd8e2a080745137db8967c96d390adc9fb2617,1778061036,BUY,Down,Down,-1,False,19.137253,0.5099999984323769,9.759999,9.759999,-9.759999,9.759999,Up,1778061300,7.332191767042729,-264,matched,4,-1.0184298599210957,-0.23782231392526293,-0.7806075459958328,-7.618728868311782,-0.5153892982119742,0.25451647336629585,-0.76990577157827,-7.514279560698144,-44875.418682786636,139006.13641502633,-183881.55509781296,-1794683.7938730996,354525.72769332305,342806.92438148294,11718.803311840107,114375.50860475613
0xf6beafa72d6416525c4cf039c9c122883dbef6a3,0x13dec97d58d5b3a03b90d4d8cdb35e35e4296d4942fba776871bbaae91a53a4c,1778435273,BUY,Down,Down,-1,True,25.205127,0.3899999789725321,9.829999,9.829999,15.375127999999998,15.375127999999998,Down,1778435400,0.6704201555036953,-127,matched,4,1.809000849338542,0.9309664773030848,0.8780343720354573,13.499890858444775,0.9868092876300615,0.1210389517276462,0.8657703359024153,13.311329733102628,1201760.9036705967,50551.547662792014,1151209.3560078046,17699991.203417562,129107.69505807292,127625.08222346264,1482.6128346102778,22795.36210657585
0xf6beafa72d6416525c4cf039c9c122883dbef6a3,0x13dec97d58d5b3a03b90d4d8cdb35e35e4296d4942fba776871bbaae91a53a4c,1778435273,BUY,Down,Down,-1,True,3.307691,0.38999985186040653,1.289999,1.289999,2.0176920000000003,2.0176920000000003,Down,1778435400,0.6704201555036953,-127,matched,4,1.809000849338542,0.9309664773030848,0.8780343720354573,1.7716029281809662,0.9868092876300615,0.1210389517276462,0.8657703359024153,1.7468578805876163,1201760.9036705967,50551.547662792014,1151209.3560078046,2322785.9079420995,129107.69505807292,127625.08222346264,1482.6128346102778,2991.456055490481
0xf6beafa72d6416525c4cf039c9c122883dbef6a3,0x13dec97d58d5b3a03b90d4d8cdb35e35e4296d4942fba776871bbaae91a53a4c,1778435272,BUY,Down,Down,-1,True,15.236841,0.37999996193436686,5.789999,5.789999,9.446842,9.446842,Down,1778435400,0.6704201555036953,-128,matched,4,1.8090351347632665,0.7499715540896331,1.0590635806736333,10.004806314578067,0.9868092876300615,-0.05759559249100765,1.044404880121069,9.86632788653268,1201760.9036705967,21200.377387126762,1180560.52628347,11152568.763236789,129132.59469668102,126031.39067390526,3101.2040227757534,29296.584412926943
0xf6beafa72d6416525c4cf039c9c122883dbef6a3,0x13dec97d58d5b3a03b90d4d8cdb35e35e4296d4942fba776871bbaae91a53a4c,1778435272,BUY,Down,Down,-1,True,116.473683,0.37999999536375956,44.259999,44.259999,72.21368399999999,72.21368399999999,Down,1778435400,0.6704201555036953,-128,matched,4,1.8090351347632665,0.7499715540896331,1.0590635806736333,76.47888275067425,0.9868092876300615,-0.05759559249100765,1.044404880121069,75.42032398112075,1201760.9036705967,21200.377387126762,1180560.52628347,85252624.78790818,129132.59469668102,126031.39067390526,3101.2040227757534,223949.367320257
0xf6beafa72d6416525c4cf039c9c122883dbef6a3,0x13dec97d58d5b3a03b90d4d8cdb35e35e4296d4942fba776871bbaae91a53a4c,1778435270,BUY,Down,Down,-1,True,10.842104,0.37999995203882936,4.119999,4.119999,6.722105000000001,6.722105000000001,Down,1778435400,0.6704201555036953,-130,matched,4,1.8089625985383067,0.7503628482756192,1.0585997502626876,7.116018674239564,0.9868092876300615,-0.0575207616051803,1.0443300492352419,7.020096245614466,1201760.9036705967,21203.085543580848,1180557.8181270158,7935833.612020705,129137.73520318093,126173.36065662629,2964.374546554638,19926.83696126767
0xf6beafa72d6416525c4cf039c9c122883dbef6a3,0x13dec97d58d5b3a03b90d4d8cdb35e35e4296d4942fba776871bbaae91a53a4c,1778435270,BUY,Down,Down,-1,True,10.829267,0.4072296859981382,4.409999,4.409999,6.419268000000001,6.419268000000001,Down,1778435400,0.6704201555036953,-130,matched,4,1.8089625985383067,0.7503628482756192,1.0585997502626876,6.795435501669263,0.9868092876300615,-0.0575207616051803,1.0443300492352419,6.7038344664942136,1201760.9036705967,21203.085543580848,1180557.8181270158,7578317.024052573,129137.73520318093,126173.36065662629,2964.374546554638,19029.1146667127
0xf6beafa72d6416525c4cf039c9c122883dbef6a3,0x1404884ad83808c5733fbab97fbd556dbb76f87467c689db8ca196903a20f13d,1779432170,BUY,Up,Up,1,True,45.418603,0.4299999936149511,19.529999,19.529999,25.888603999999997,25.888603999999997,Up,1779432300,8.005880103868087,-130,matched,4,0.19878409500162975,-0.42568372519055253,0.6244678201921823,16.16660010769861,0.9986734065995937,0.39079216723068183,0.6078812393689119,15.73719668505097,146214.85677984002,7961.661729279479,138253.19505056055,3579182.218398722,2306.277879913978,2413.8480171390147,-107.57013722503689,-2784.8406848446384
0xb305d384400e3d7a15780216a55368ea677eca4e,0x14757f2971da0befdab19ea343d8856d179a85ff0098f8464a70a4f1459099c3,1777936780,BUY,Up,Up,1,True,100.0,0.134316,13.4316,13.4316,86.5684,86.5684,Up,1777936800,0.9039489136912887,-20,matched,4,1.4334493915015303,0.8258396482942891,0.6076097432072411,52.59980329386173,0.9999862706314664,0.3797614213656138,0.6202248492658526,53.69187284118603,307429.8057172075,-874.2204259020109,308304.0261431095,26689386.256767157,583.5105440653861,555.0020257802462,28.50851828513987,2467.9368143153024
0xb305d384400e3d7a15780216a55368ea677eca4e,0x14757f2971da0befdab19ea343d8856d179a85ff0098f8464a70a4f1459099c3,1777936736,BUY,Up,Up,1,True,100.0,0.34,34.0,34.0,65.99999999999999,65.99999999999999,Up,1777936800,0.9039489136912887,-64,matched,4,1.8384423095616635,0.4133880765303095,1.425054233031354,94.05357938006935,0.9960164248095624,-0.42958287016348856,1.425599294973051,94.08955346822134,308077.7804166209,-30770.379198560186,338848.1596151811,22363978.53460195,104349.26015510224,106155.05726119131,-1805.7971060890704,-119182.60900187862
0xb305d384400e3d7a15780216a55368ea677eca4e,0x14757f2971da0befdab19ea343d8856d179a85ff0098f8464a70a4f1459099c3,1777936728,BUY,Up,Up,1,True,200.0,0.4057595,81.1519,81.1519,118.84809999999999,118.84809999999999,Up,1777936800,0.9039489136912887,-72,matched,4,1.7744784854088254,0.6638248340796578,1.1106536513291676,131.99907621853404,0.9479268845727423,-0.15789790212379695,1.1058247866965392,131.42517483178895,300454.6580636054,-237004.53555220307,537459.1936158085,63876003.98877096,96894.52857699618,93691.55816498297,3202.9704120132083,380666.94782398693
0xf6beafa72d6416525c4cf039c9c122883dbef6a3,0x14757f2971da0befdab19ea343d8856d179a85ff0098f8464a70a4f1459099c3,1777936600,BUY,Up,Up,1,True,20.37604,0.47997545155977317,9.779999,9.779999,10.596041,10.596041,Up,1777936800,0.9039489136912887,-200,matched,4,1.1250211872805869,0.5424317451956479,0.582589442084939,6.173141614499139,0.5195146765345555,-0.06757856655752231,0.5870932430920779,6.220864074626624,218801.4318823591,-13205.022765992424,232006.4546483515,2458349.905718573,61620.52092914283,63514.89875628853,-1894.3778271456977,-20072.905125926725
0xb305d384400e3d7a15780216a55368ea677eca4e,0x16a8db802bd8810b4fc7c165e8e218b25dfb2651cc663e1304e1fcc91cc4abf6,1780207583,BUY,Down,Down,-1,True,100.0,0.57,56.99999999999999,56.99999999999999,43.00000000000001,43.00000000000001,Down,1780207800,1.0341261492080487,-217,matched,4,-0.46186560183393877,0.04865302246355864,-0.5105186242974974,-21.95230084479239,-0.9577993601653652,-0.4544813521786937,-0.5033180079866715,-21.642674343426876,-41744.815794047005,-11985.227291126623,-29759.588502920382,-1279662.3056255765,27977.99700414497,28536.560466903597,-558.563462758626,-24018.22889862092
0xb305d384400e3d7a15780216a55368ea677eca4e,0x16a8db802bd8810b4fc7c165e8e218b25dfb2651cc663e1304e1fcc91cc4abf6,1780207567,BUY,Down,Down,-1,True,100.0,0.561126,56.1126,56.1126,43.8874,43.8874,Down,1780207800,1.0341261492080487,-233,matched,4,-0.45747886327138554,0.42196600295519177,-0.8794448662265772,-38.59654862203229,-0.9530715557336564,-0.07888464654988828,-0.8741869091837682,-38.365790558111705,-41721.88388801001,-2045.3641158162527,-39676.51977219376,-1741299.2938501763,27884.47823539097,28289.54537589743,-405.0671405064604,-17777.34362226323
0xb305d384400e3d7a15780216a55368ea677eca4e,0x16a8db802bd8810b4fc7c165e8e218b25dfb2651cc663e1304e1fcc91cc4abf6,1780207487,BUY,Down,Down,-1,True,10.0,0.43,4.3,4.3,5.700000000000001,5.700000000000001,Down,1780207800,1.0341261492080487,-313,matched,4,-0.5655738490870583,0.35665214444874,-0.9222259935357984,-5.256688163154052,-0.9531123893173662,-0.030081208729385883,-0.9230311805879803,-5.261277729351488,-41760.007829678005,1498.7097419259917,-43258.71757160399,-246574.6901581428,33463.58612537498,33832.82729216037,-369.2411667853885,-2104.674650676715
0xb305d384400e3d7a15780216a55368ea677eca4e,0x180e2c1dc8f1e8af96634da0e8a984d5f6cb0cc1f1d0139905f3a8809db84bd2,1779030196,BUY,Down,Down,-1,False,100.0,0.5,50.0,50.0,-50.0,50.0,Up,1779030300,2.668153306842112,-104,matched,4,-1.6355716728628158,-0.7087701226289235,-0.9268015502338923,-46.340077511694616,-0.9552249078491208,-0.03924032238786074,-0.91598458546126,-45.799229273063006,-2939.954110505292,88572.03330522269,-91511.98741572798,-4575599.3707864,93818.52076386684,92279.15311393153,1539.3676499353023,76968.38249676512
0xb305d384400e3d7a15780216a55368ea677eca4e,0x180e2c1dc8f1e8af96634da0e8a984d5f6cb0cc1f1d0139905f3a8809db84bd2,1779030133,BUY,Down,Down,-1,False,100.0,0.32,32.0,32.0,-32.0,32.0,Up,1779030300,2.668153306842112,-167,matched,4,0.04786389254980039,-1.2033516973927116,1.251215589942512,40.03889887816038,0.9216779433236655,-0.3278054845283505,1.249483427852016,39.98346969126451,75641.5321771237,-35086.02933544011,110727.56151256381,3543281.968402042,365887.02559897234,375490.010597379,-9602.984998406668,-307295.51994901337
0xb305d384400e3d7a15780216a55368ea677eca4e,0x180e2c1dc8f1e8af96634da0e8a984d5f6cb0cc1f1d0139905f3a8809db84bd2,1779030116,BUY,Down,Down,-1,False,199.75,0.48160500625782227,96.2006,96.2006,-96.2006,96.2006,Up,1779030300,2.668153306842112,-184,matched,4,-0.22012381025516703,-1.2437304869929533,1.0236066767377863,98.47157646618108,0.7048606017742122,-0.3335946347575222,1.0384552365317343,99.90001682749475,65235.09932625771,-73028.24493095282,138263.34425721053,13301016.675550206,363008.8245602846,373145.76902533096,-10136.944465046341,-975180.139704137
0xf6beafa72d6416525c4cf039c9c122883dbef6a3,0x180e2c1dc8f1e8af96634da0e8a984d5f6cb0cc1f1d0139905f3a8809db84bd2,1779030273,BUY,Down,Down,-1,False,5.0,0.41,2.05,2.05,-2.05,2.05,Up,1779030300,2.668153306842112,-27,matched,4,0.045681151256336094,0.10521257218157476,-0.059531420925238665,-0.12203941289673925,-0.9520820662789858,-0.8947874278184398,-0.057294638460546055,-0.1174540088441194,-1049.0123906919034,-141406.06361877648,140357.05122808457,287731.9550175734,1750.2790197457653,1750.5769789532642,-0.2979592074989341,-0.6108163753728149
0xf6beafa72d6416525c4cf039c9c122883dbef6a3,0x180e2c1dc8f1e8af96634da0e8a984d5f6cb0cc1f1d0139905f3a8809db84bd2,1779030270,BUY,Down,Down,-1,False,8.45652,0.45999997634960954,3.889999,3.889999,-3.889999,3.889999,Up,1779030300,2.668153306842112,-30,matched,4,0.00248130682658132,0.8267106450331361,-0.8242293382065548,-3.20625130139416,-0.9521244441506885,-0.12534778876528485,-0.8267766553854037,-3.2161603626725648,-1049.9876756919548,-77295.44820664059,76245.46053094864,296594.7652199297,1787.9270406959113,1753.7102528819232,34.21678781398805,133.10327037962568
0xf6beafa72d6416525c4cf039c9c122883dbef6a3,0x180e2c1dc8f1e8af96634da0e8a984d5f6cb0cc1f1d0139905f3a8809db84bd2,1779030258,BUY,Down,Down,-1,False,13.222221,0.4499999659663834,5.949999,5.949999,-5.949999,5.949999,Up,1779030300,2.668153306842112,-42,matched,4,-0.0004621909343259789,0.22439763417041023,-0.2248598251047362,-1.3379157345133552,-0.9563702512709025,-0.7311776559194322,-0.2251925953514703,-1.339895717148653,-1157.3045551109826,-86164.85310106655,85007.54854595556,505794.82884088706,1840.7356523468625,1828.3069365928386,12.42871575402387,73.95084630772627
0xf6beafa72d6416525c4cf039c9c122883dbef6a3,0x180e2c1dc8f1e8af96634da0e8a984d5f6cb0cc1f1d0139905f3a8809db84bd2,1779030256,BUY,Down,Down,-1,False,106.717658,0.4681511938727141,49.959998999999996,49.959998999999996,-49.959998999999996,49.959998999999996,Up,1779030300,2.668153306842112,-44,matched,4,0.00012862136799540735,-0.0027180493417805762,0.0028466707097759836,0.1422196658137374,-0.9563702512709025,-0.9653553609650818,0.008985109694179316,0.4488960713360889,-1157.3045551109826,-4536.434639633659,3379.130084522676,168821.3356436228,1865.7356772818603,1903.534074960793,-37.798397678932815,-1888.4079102410856
0xb305d384400e3d7a15780216a55368ea677eca4e,0x180e2c1dc8f1e8af96634da0e8a984d5f6cb0cc1f1d0139905f3a8809db84bd2,1779030217,BUY,Down,Down,-1,False,76.0,0.47,35.72,35.72,-35.72,35.72,Up,1779030300,2.668153306842112,-83,matched,4,-1.9484770471189565,-0.9071791529509101,-1.0412978941680464,-37.19516077968262,-0.9554344239925205,0.07986487389181637,-1.035299297884337,-36.980890920428514,-2871.9047687831335,2374.2565115349857,-5246.16128031812,-187392.88093296322,79063.51159300678,79360.68882489733,-297.1772318905423,-10615.170723130172
0xb305d384400e3d7a15780216a55368ea677eca4e,0x18a4fa14da5faf1df34adf743bdd8aa4e1cbaf57e9dcb23ca27d48060c362e44,1780903180,BUY,Up,Up,1,True,200.0,0.57,113.99999999999999,113.99999999999999,86.00000000000001,86.00000000000001,Up,1780903200,4.024263864840492,-20,matched,4,-1.052663367278964,-0.7358922511884833,-0.3167711160904807,-27.242315983781346,-0.287257457353835,0.02871600942808672,-0.31597346678192173,-27.173718143245274,-400.25139239503187,-1991.7252495645553,1591.4738571695234,136866.75171657905,238.32124465808738,238.39082660357235,-0.06958194548496976,-5.984047311707401
0xb305d384400e3d7a15780216a55368ea677eca4e,0x18a4fa14da5faf1df34adf743bdd8aa4e1cbaf57e9dcb23ca27d48060c362e44,1780903173,BUY,Up,Up,1,True,200.0,0.53185,106.37,106.37,93.63,93.63,Up,1780903200,4.024263864840492,-27,matched,4,-1.0748540408658527,0.1214572907370923,-1.196311331602945,-112.01062997798374,-0.19981488731813993,0.9999999999999323,-1.1998148873180723,-112.3386678995911,-301.0134699050104,111531.71835356714,-111832.73182347215,-10470898.680631697,336.4192123329267,331.9295710216684,4.4896413112583105,420.36511597311556
0xf6beafa72d6416525c4cf039c9c122883dbef6a3,0x18a4fa14da5faf1df34adf743bdd8aa4e1cbaf57e9dcb23ca27d48060c362e44,1780903114,BUY,Up,Up,1,True,65.35135,0.3699999923490486,24.179999,24.179999,41.171350999999994,41.171350999999994,Up,1780903200,4.024263864840492,-86,matched,4,-0.5105433219291468,-0.4942480209575691,-0.016295300971577664,-0.670899555951465,0.11195808716926593,0.13664849719627079,-0.024690410027004853,-1.0165375375557362,361.10035509694717,120476.18633379815,-120115.0859787012,-4945300.365224285,14238.916428169468,13885.067758176549,353.8486699929199,14568.42779316167
0xf6beafa72d6416525c4cf039c9c122883dbef6a3,0x18a4fa14da5faf1df34adf743bdd8aa4e1cbaf57e9dcb23ca27d48060c362e44,1780903081,BUY,Down,Down,-1,False,86.214284,0.2799999939685169,24.139999000000003,24.139999000000003,-24.139999000000003,24.139999000000003,Up,1780903200,4.024263864840492,-119,matched,4,0.7865596888515164,0.3322225006857907,0.4543371881657257,10.967699267983432,0.15649589411052792,-0.2841618793564105,0.44065777346693846,10.637478210834123,961.8337275890517,-1117.5703610534936,2079.4040886425455,50196.812620426965,17001.306436594343,16625.87217706135,375.4342595329945,9062.982649692229
0xb305d384400e3d7a15780216a55368ea677eca4e,0x1a10d51eac5d030c7510e45edbaae87126adb468f6cc2b5504d70cc1bab6a311,1780664079,BUY,Down,Down,-1,True,10.0,0.84,8.4,8.4,1.6000000000000003,1.6000000000000003,Down,1780664100,5.99414196746235,-21,matched,4,0.3158896402140392,0.9280953517556246,-0.6122057115415854,-0.9795291384665369,-0.6391918957755882,-0.026873001935236424,-0.6123188938403518,-0.979710230144563,-409.36897119507194,3025.97288866264,-3435.341859857712,-5496.54697577234,1910.6549813505262,1935.0972412976553,-24.44225994712906,-39.107615915406505
0xb305d384400e3d7a15780216a55368ea677eca4e,0x1b5ad3de7d86bf98090ed6bc10fa4bd9138e8c376e1cd648e8512e564c541d6e,1780788855,BUY,Down,Down,-1,False,200.0,0.26,52.0,52.0,-52.0,52.0,Up,1780788900,3.869953058740599,-45,matched,4,0.06656012581592963,0.40952141771279194,-0.3429612918968623,-17.83398717863684,-0.9334398741840924,-0.5904785822872278,-0.34296129189686453,-17.833987178636956,-5779.889500621983,-3477.348795848019,-2302.5407047739636,-119732.11664824611,2643.9292515149573,2655.5834009974606,-11.654149482503271,-606.0157730901701
0xf6beafa72d6416525c4cf039c9c122883dbef6a3,0x1b5ad3de7d86bf98090ed6bc10fa4bd9138e8c376e1cd648e8512e564c541d6e,1780788766,BUY,Up,Up,1,True,83.33,0.35,29.165499999999998,29.165499999999998,54.164500000000004,54.164500000000004,Up,1780788900,3.869953058740599,-134,matched,4,1.0910541734152976,-0.30658731053307464,1.3976414839483722,75.7025521573216,0.9154137793487847,-0.48755762498261684,1.4029714043314014,75.9912446299082,15979.99264547597,-88548.97292877748,104528.96557425345,5661759.155846652,5159.0496492559905,5399.922212749199,-240.87256349320887,-13046.741965327912
0xf6beafa72d6416525c4cf039c9c122883dbef6a3,0x1c07e0cc3e80e7c1dc965bde4a0749fee91f818042a93f11aa65bee31cc3b8d9,1777648914,BUY,Down,Down,-1,False,9.055554,0.5399999823312853,4.889999,4.889999,-4.889999,4.889999,Up,1777649100,0.32439035043677433,-186,matched,4,0.350239310537113,0.3628284038886645,-0.012589093351551506,-0.06156065389999352,-0.6138031143497549,-0.6123496734778414,-0.0014534408719134584,-0.00710732441021594,-257172.3416230334,-7509.899481417524,-249662.44214161587,-1220849.0924100596,163429.2240516888,165644.16384894575,-2214.939797256957,-10831.053393646722
0xf6beafa72d6416525c4cf039c9c122883dbef6a3,0x1c07e0cc3e80e7c1dc965bde4a0749fee91f818042a93f11aa65bee31cc3b8d9,1777648908,BUY,Down,Down,-1,False,9.588234,0.5099999645398725,4.8899989999999995,4.8899989999999995,-4.8899989999999995,4.8899989999999995,Up,1777649100,0.32439035043677433,-192,matched,4,0.3488726924382921,0.5702441009168118,-0.22137140847851966,-1.0825059660885525,-0.6136090248676845,-0.3909240422948779,-0.2226849825728066,-1.0889293420960418,-257121.9452991332,-7152.834129945761,-249969.11116918744,-1222348.7036482154,163676.18194863573,166329.40146444383,-2653.2195158081013,-12974.240779082098
0xf6beafa72d6416525c4cf039c9c122883dbef6a3,0x1c7dabf2d115c983f04333bea2597013d88ffcf5e23408b0ee07454ed8240001,1779537182,BUY,Up,Up,1,True,2.016392,0.6099999404877623,1.229999,1.229999,0.7863930000000001,0.7863930000000001,Up,1779537300,0.685688352826463,-118,matched,4,0.036823565385494805,-0.49118399404259455,0.5280075594280893,0.4152214486813335,0.9932078676576138,0.46450266071719654,0.5287052069404172,0.4157700738014956,1490704.172332646,6492.036577954503,1484212.1357546917,1167174.0340725395,1495.214133154106,1549.733228785506,-54.51909563139998,-42.87343517086353
0xb305d384400e3d7a15780216a55368ea677eca4e,0x1c7dabf2d115c983f04333bea2597013d88ffcf5e23408b0ee07454ed8240001,1779537143,BUY,Down,Down,-1,False,160.23,0.5565530799475754,89.1765,89.1765,-89.1765,89.1765,Up,1779537300,0.685688352826463,-157,matched,4,-1.071501345270268,-0.3493496573622943,-0.7221516879079737,-64.39895999672542,-0.9931995442163147,-0.23777065147187806,-0.7554288927444367,-67.36650465382426,-1491158.902703254,567.0894810445097,-1491725.9921842986,-133026902.94202311,3279.862966792105,3323.542914207981,-43.679947415876086,-3895.224830731874
0xf6beafa72d6416525c4cf039c9c122883dbef6a3,0x1c7dabf2d115c983f04333bea2597013d88ffcf5e23408b0ee07454ed8240001,1779537115,BUY,Down,Down,-1,False,93.730768,0.5199999961592121,48.739999,48.739999,-48.739999,48.739999,Up,1779537300,0.685688352826463,-185,matched,4,-0.6639867666824288,0.4253778192837668,-1.0893645859661956,-53.09562883062778,-0.9931772762063972,0.10875664833680147,-1.1019339245431987,-53.70825838030158,-1491312.971760975,23651.13743039909,-1514964.1091913742,-73839349.16702347,5852.789873867092,5605.676828675281,247.11304519181067,12044.289575535806
0xb305d384400e3d7a15780216a55368ea677eca4e,0x1c7dabf2d115c983f04333bea2597013d88ffcf5e23408b0ee07454ed8240001,1779537234,BUY,Up,Up,1,True,119.83,0.597617458065593,71.6125,71.6125,48.217499999999994,48.217499999999994,Up,1779537300,0.685688352826463,-66,matched,4,1.9474199450021694,1.112308475090757,0.8351114699114124,40.26698730045352,0.9993421154640523,0.14119801591074202,0.8581440995533103,41.37756312021173,1495186.431967114,-99269.50136484229,1594455.9333319564,76880678.9654336,4727.733836632018,4833.482437475992,-105.74860084397369,-5098.933161194301
0xb305d384400e3d7a15780216a55368ea677eca4e,0x1c9c72b3f8e91b3d2babce828e810383f159511a66c285178f3156902709c728,1780629297,BUY,Up,Up,1,False,69.14,0.24403239803297658,16.8724,16.8724,-16.8724,16.8724,Down,1780629300,3.03047988487452,-3,offset_out_of_range,,,,,,,,,,,,,,,,,
0xb305d384400e3d7a15780216a55368ea677eca4e,0x1c9c72b3f8e91b3d2babce828e810383f159511a66c285178f3156902709c728,1780629276,BUY,Down,Down,-1,True,314.11,0.5746270414822833,180.4961,180.4961,133.6139,133.6139,Down,1780629300,3.03047988487452,-24,matched,4,1.3643975829452502,0.9712772802972196,0.39312030264803055,52.52633680598369,0.3927188248391371,-0.024543778674579547,0.4172626035137167,55.752083779621394,3044.512937741354,34227.89572016017,-31183.38278241882,-4166533.38875183,64263.275530160405,64144.457800718985,118.81772944141994,15875.70021981294
0xb305d384400e3d7a15780216a55368ea677eca4e,0x1c9c72b3f8e91b3d2babce828e810383f159511a66c285178f3156902709c728,1780629220,BUY,Up,Up,1,False,56.0,0.55,30.800000000000004,30.800000000000004,-30.800000000000004,30.800000000000004,Down,1780629300,3.03047988487452,-80,matched,4,0.7181971242974813,0.11525076186230457,0.6029463624351767,18.570747963003445,0.5888302555069501,-0.05067932825181615,0.6395095837587663,19.696895179770006,50171.40949630365,-34071.70851282598,84243.11800912963,2594688.034681193,46794.94166871952,43452.45368447859,3342.487984240928,102948.6299146206
0xf6beafa72d6416525c4cf039c9c122883dbef6a3,0x1c9c72b3f8e91b3d2babce828e810383f159511a66c285178f3156902709c728,1780629139,BUY,Up,Up,1,False,5.05,0.43,2.1715,2.1715,-2.1715,2.1715,Down,1780629300,3.03047988487452,-161,matched,4,0.7759940231999789,0.4634427840291587,0.31255123917082017,0.678705015859436,0.3342245568190384,0.022880589661334022,0.3113439671577044,0.6760834246829551,44117.69441738585,-33644.44012199683,77762.13453938268,168860.47515226947,355189.50376955373,340006.886950664,15182.616818889743,32969.05242221907
0xf6beafa72d6416525c4cf039c9c122883dbef6a3,0x1c9c72b3f8e91b3d2babce828e810383f159511a66c285178f3156902709c728,1780629138,BUY,Up,Up,1,False,66.66,0.4159285928592859,27.725799999999996,27.725799999999996,-27.725799999999996,27.725799999999996,Down,1780629300,3.03047988487452,-162,matched,4,0.7739915089183604,0.4632643222748342,0.3107271866435262,8.615159831441078,0.3324919276166203,0.022385969379728587,0.3101059582368917,8.59793577688441,43946.05560719594,-34281.59507453254,78227.65068172848,2168924.197271467,355017.8649593638,340070.96549114876,14946.899468215066,414414.7452758372
0xb305d384400e3d7a15780216a55368ea677eca4e,0x1cde174e5a56c68a1952f8c110d4bc02cfefdd30dae69515c1102c4264b864fa,1778894974,BUY,Up,Up,1,False,300.0,0.01,3.0,3.0,-3.0,3.0,Down,1778895000,9.093695302290124,-26,matched,4,-0.2904564194397572,-0.1667218239273072,-0.12373459551245,-0.37120378653735,0.6419767454556556,0.7659864359671251,-0.12400969051146948,-0.37202907153440845,458.6823855349794,527.928203180003,-69.24581764502364,-207.7374529350709,180.71465477813035,178.6974132322648,2.017241545865545,6.051724637596635
0xb305d384400e3d7a15780216a55368ea677eca4e,0x1cde174e5a56c68a1952f8c110d4bc02cfefdd30dae69515c1102c4264b864fa,1778894942,BUY,Up,Up,1,False,100.0,0.07,7.000000000000001,7.000000000000001,-7.000000000000001,7.000000000000001,Down,1778895000,9.093695302290124,-58,matched,4,-0.2075007563401644,-0.4945025435388637,0.2870017871986993,2.009012510390895,0.7006114478148662,0.4227919054280226,0.2778195423868436,1.9447367967079054,627.1867230327334,-1186.6768665849813,1813.8635896177148,12697.045127324005,15315.782749242615,16374.042233683504,-1058.2594844408886,-7407.816391086221
0xb305d384400e3d7a15780216a55368ea677eca4e,0x1cde174e5a56c68a1952f8c110d4bc02cfefdd30dae69515c1102c4264b864fa,1778894932,BUY,Up,Up,1,False,100.0,0.1,10.0,10.0,-10.0,10.0,Down,1778895000,9.093695302290124,-68,matched,4,-0.5926942874333518,-0.8806090521837348,0.2879147647503829,2.879147647503829,0.2801666467272879,-0.00931323934224658,0.2894798860695345,2.894798860695345,344.93456064048223,-179852.86990189194,180197.80446253243,1801978.0446253242,20491.223252737895,21495.505144661933,-1004.2818919240381,-10042.81891924038
0xb305d384400e3d7a15780216a55368ea677eca4e,0x1cde174e5a56c68a1952f8c110d4bc02cfefdd30dae69515c1102c4264b864fa,1778894836,BUY,Down,Down,-1,True,300.0,0.56,168.00000000000003,168.00000000000003,131.99999999999997,131.99999999999997,Down,1778895000,9.093695302290124,-164,matched,4,-0.4670973849178552,-0.07144316218837636,-0.3956542227294788,-52.22635740029119,-0.8224833504427633,-0.4247678287218109,-0.3977155217209524,-52.498448867165706,-18030.860211377498,-180441.98240184985,162411.12219047235,21438268.129142344,15406.618982000742,16157.013266326772,-750.3942843260302,-99052.04553103597
0xf6beafa72d6416525c4cf039c9c122883dbef6a3,0x1cde174e5a56c68a1952f8c110d4bc02cfefdd30dae69515c1102c4264b864fa,1778894792,BUY,Down,Down,-1,True,3.048779,0.4099998720799376,1.249999,1.249999,1.79878,1.79878,Down,1778895000,9.093695302290124,-208,matched,4,-1.5187370074765576,-0.5384017815917672,-0.9803352258847904,-1.7634073976170432,-0.8651571784456821,0.1130722408071618,-0.9782294192528439,-1.7596195147636307,-26427.2520839544,6481.137572856278,-32908.38965681068,-59194.95314687792,32249.74165345682,32649.034878209903,-399.29322475308436,-718.2406668213531
0xf6beafa72d6416525c4cf039c9c122883dbef6a3,0x1cde174e5a56c68a1952f8c110d4bc02cfefdd30dae69515c1102c4264b864fa,1778894790,BUY,Down,Down,-1,True,116.570475,0.4178588017248793,48.709999,48.709999,67.860476,67.860476,Down,1778895000,9.093695302290124,-210,matched,4,-1.5187370074765576,-0.05765371683256852,-1.461083290643989,-99.14980757874744,-0.8651571784456821,0.5861112413858208,-1.451268419831503,-98.48376577353363,-26427.2520839544,33066.90307464209,-59494.15515859649,-4037301.6882802136,32249.74165345682,32360.093207540587,-110.35155408376886,-7488.508987464299
0xb305d384400e3d7a15780216a55368ea677eca4e,0x1cde174e5a56c68a1952f8c110d4bc02cfefdd30dae69515c1102c4264b864fa,1778894773,BUY,Up,Up,1,False,196.21,0.606268793639468,118.95600000000002,118.95600000000002,-118.95600000000002,118.95600000000002,Down,1778895000,9.093695302290124,-227,matched,4,1.533934830407627,0.05061638452536926,1.4833184458822577,176.44962904836987,0.865706730025423,-0.6038350292324022,1.469541759257825,174.81080951427387,26552.25242663431,-69573.51257480324,96125.76500143755,11434736.501511008,34116.95197597472,33617.54869577235,499.4032802023721,59407.016599753384
0xb305d384400e3d7a15780216a55368ea677eca4e,0x1da09b88b8249b0b7621f071f12c489e1c7a8a712db73b6f09062ab2af56fc98,1779993892,BUY,Up,Up,1,True,15.98,0.6125156445556946,9.788,9.788,6.192,6.192,Up,1779993900,0.7148125397973467,-8,offset_out_of_range,,,,,,,,,,,,,,,,,
0xb305d384400e3d7a15780216a55368ea677eca4e,0x1da09b88b8249b0b7621f071f12c489e1c7a8a712db73b6f09062ab2af56fc98,1779993807,BUY,Up,Up,1,True,200.0,0.39,78.0,78.0,122.0,122.0,Up,1779993900,0.7148125397973467,-93,matched,4,-0.9570288847999376,-0.7849761939407822,-0.17205269085915542,-20.99042828481696,-0.04765605919698763,0.1177552856098022,-0.16541134480678982,-20.180184066428357,-632.2514146920876,-7611.137248877934,6978.885834185847,851424.0717706733,14597.912262405735,14492.05891344638,105.85334895935375,12914.108573041158
0xb305d384400e3d7a15780216a55368ea677eca4e,0x1da09b88b8249b0b7621f071f12c489e1c7a8a712db73b6f09062ab2af56fc98,1779993768,BUY,Down,Down,-1,False,200.0,0.47,94.0,94.0,-94.0,94.0,Up,1779993900,0.7148125397973467,-132,matched,4,-1.0759609369673342,-0.8124289749671103,-0.2635319620002239,-24.772004428021045,-0.21929274418334033,0.07126173617826989,-0.29055448036161025,-27.312121153991363,-4272.7580550108105,201435.96745424575,-205708.72550925656,-19336620.197870117,1206230.3196257993,1155572.6552877151,50657.66433808417,4761820.4477799125
0xb305d384400e3d7a15780216a55368ea677eca4e,0x1da09b88b8249b0b7621f071f12c489e1c7a8a712db73b6f09062ab2af56fc98,1779993759,BUY,Down,Down,-1,False,135.89,0.5040554860548974,68.4961,68.4961,-68.4961,68.4961,Up,1779993900,0.7148125397973467,-141,matched,4,-1.0773386581980071,-0.9346362205208338,-0.14270243767717328,-9.774560441379428,-0.2212811365759694,-0.04921008794885557,-0.17207104862711384,-11.786195753867652,-4322.509470010817,94004.91246634853,-98327.42193635934,-6735044.925695064,1206679.8063074427,1169828.0456940942,36851.76061334857,2524201.8801479847
0xb305d384400e3d7a15780216a55368ea677eca4e,0x1da09b88b8249b0b7621f071f12c489e1c7a8a712db73b6f09062ab2af56fc98,1779993875,BUY,Up,Up,1,True,100.0,0.6,60.0,60.0,40.0,40.0,Up,1779993900,0.7148125397973467,-25,matched,4,0.8940361090403737,0.7032367532530208,0.19079935578735285,7.631974231494114,0.5202920410104094,0.3152568927885726,0.20503514822183677,8.20140592887347,3026.608948790992,-2921.184596390136,5947.793545181128,237911.74180724513,5147.570716262795,5207.64219669241,-60.071480429614894,-2402.8592171845958
0xb305d384400e3d7a15780216a55368ea677eca4e,0x1da09b88b8249b0b7621f071f12c489e1c7a8a712db73b6f09062ab2af56fc98,1779993871,BUY,Up,Up,1,True,5.0,0.66,3.3000000000000003,3.3000000000000003,1.6999999999999997,1.6999999999999997,Up,1779993900,0.7148125397973467,-29,matched,4,0.8766020958773377,1.2021700919539051,-0.3255679960765674,-0.5534655933301644,0.49709037726663247,0.809292572965544,-0.31220219569891156,-0.5307437326881496,2992.533591351006,7805.7922522997615,-4813.258660948755,-8182.539723612883,4954.220023903064,5301.251528180757,-347.0315042776929,-589.9535572720778
0xf6beafa72d6416525c4cf039c9c122883dbef6a3,0x1db8f91cc84b9914c6aa1c7c812b0582a53bb0daa4b8155eea9869506613b846,1780665748,BUY,Down,Down,-1,False,125.0,0.22,27.5,27.5,-27.5,27.5,Up,1780665900,9.593056154186355,-152,matched,4,-0.5992398349124816,-0.11171152059046349,-0.48752831432201804,-13.407028643855496,-0.42113189185056227,0.05557993720704665,-0.4767118290576089,-13.109575299084245,-14537.227804005146,-43250.24552542854,28713.01772142339,789607.9873391433,184064.05591547675,192522.77761078556,-8458.721695308806,-232614.84662099218
0xb305d384400e3d7a15780216a55368ea677eca4e,0x1dd0bd3ab835e07353c391ed1d1d9b9192746a7c9648b0014291a54916931838,1778053754,BUY,Up,Up,1,True,22.29,0.45,10.0305,10.0305,12.259500000000001,12.259500000000001,Up,1778053800,0.506819793994221,-46,matched,4,1.9584073425948114,0.9710866796493691,0.9873206629454423,12.104057667379651,1.000000000000002,0.015556418369680414,0.9844435816303216,12.068786088996928,120855.55922198307,92341.38125064902,28514.17797133405,349569.56483956985,17017.091739367228,17184.013356279174,-166.92161691194633,-2046.3755625320061
0xb305d384400e3d7a15780216a55368ea677eca4e,0x1dd0bd3ab835e07353c391ed1d1d9b9192746a7c9648b0014291a54916931838,1778053738,BUY,Up,Up,1,True,10.29,0.54,5.5565999999999995,5.5565999999999995,4.7334,4.7334,Up,1778053800,0.506819793994221,-62,matched,4,1.963080030776212,1.1752622609146737,0.7878177698615383,3.729056631862605,1.0000000000000016,0.21520203825794315,0.7847979617420584,3.7147626721098588,120919.12630288507,-2936.348390256009,123855.47469314108,586257.503912514,16997.219782289118,17491.447818079963,-494.22803579084575,-2339.378984612389
0xb305d384400e3d7a15780216a55368ea677eca4e,0x1dd0bd3ab835e07353c391ed1d1d9b9192746a7c9648b0014291a54916931838,1778053686,BUY,Up,Up,1,True,100.0,0.58,57.99999999999999,57.99999999999999,42.00000000000001,42.00000000000001,Up,1778053800,0.506819793994221,-114,matched,4,0.6982202537865989,-0.0881894984696597,0.7864097522562586,33.02920959476287,0.7581450079341543,-0.03487925515852901,0.7930242630926833,33.3070190498927,104549.36516597407,241781.9981310855,-137232.63296511144,-5763770.584534681,4511.11575293832,4525.519519124078,-14.403766185758286,-604.9581798018481
0xb305d384400e3d7a15780216a55368ea677eca4e,0x1dd0bd3ab835e07353c391ed1d1d9b9192746a7c9648b0014291a54916931838,1778053678,BUY,Up,Up,1,True,100.0,0.570626,57.062599999999996,57.062599999999996,42.937400000000004,42.937400000000004,Up,1778053800,0.506819793994221,-122,matched,4,0.9030738571556249,-0.05960627382171171,0.9626801309773366,41.3349818558263,0.7580529238360239,-0.19903552033175861,0.9570884441677825,41.09488936260975,104543.02063649404,-29005.391196829303,133548.41183332333,5734221.578252138,5815.887222744408,5633.822160042197,182.06506270221143,7817.4004232699335
0xb305d384400e3d7a15780216a55368ea677eca4e,0x1e9d79f84ab8005866a41e36213e9dd2109d08aad7e738b999a65393b938dd62,1777957948,BUY,Up,Up,1,False,100.0,0.69,69.0,69.0,-69.0,69.0,Down,1777958100,1.4602781990564686,-152,matched,4,0.19335622370517402,0.07322936793309077,0.12012685577208325,8.288753048273744,0.18075280857182718,0.05902345427282186,0.12172935429900533,8.399325446631368,48173.55256952395,868329.9374140509,-820156.384844527,-56590790.55427236,39897.891165265115,39050.746867077956,847.1442981871587,58452.95657491395
0xb305d384400e3d7a15780216a55368ea677eca4e,0x1f2372de7f8abb4a832e12abcf4f82eb084614fb433416f70f32e5f2bfb216f7,1779511831,BUY,Up,Up,1,False,85.21,0.52,44.3092,44.3092,-44.3092,44.3092,Down,1779512100,0.8650788636828945,-269,matched,4,0.04662965232845462,-0.8478191232978654,0.89444877562632,39.632309688981735,0.7217469991500431,-0.15799474262975916,0.8797417417798024,38.98065278486962,6765.758893891354,-148969.99445778376,155735.7533516751,6900526.642410043,756461.5791564118,763168.1636208561,-6706.584464444313,-297163.39235195593
0xb305d384400e3d7a15780216a55368ea677eca4e,0x1f630ffe897b08e7a89465d5bbd06c5d62a3d13326b4aba609d3525c7d0dd523,1779627869,BUY,Down,Down,-1,True,100.0,0.85555,85.555,85.555,14.444999999999997,14.444999999999997,Down,1779627900,2.031655751813921,-31,matched,4,-1.3685101159695778,-0.9692107336697878,-0.39929938229979,-5.767879577320465,-0.6346251676877486,-0.21406505453669397,-0.42056011315105457,-6.074990834466982,-99.00261666300503,178.73769611624084,-277.74031277924587,-4011.9588180962055,3032.4197097450087,3212.0268979862158,-179.60718824120704,-2594.425834144235
0xb305d384400e3d7a15780216a55368ea677eca4e,0x1f630ffe897b08e7a89465d5bbd06c5d62a3d13326b4aba609d3525c7d0dd523,1779627858,BUY,Down,Down,-1,True,88.45,0.95,84.0275,84.0275,4.422500000000004,4.422500000000004,Down,1779627900,2.031655751813921,-42,matched,4,-1.7575555042509963,-1.0761098665111393,-0.681445637739857,-3.0136933329045204,-0.8319566230018892,-0.14969296593016246,-0.6822636570717268,-3.017311023399714,-282.1936870999998,17122.95124040977,-17405.14492750977,-76974.25344191202,10132.119732312014,9963.447366794237,168.6723655177775,745.9535365023717
0xf6beafa72d6416525c4cf039c9c122883dbef6a3,0x1f630ffe897b08e7a89465d5bbd06c5d62a3d13326b4aba609d3525c7d0dd523,1779627804,BUY,Up,Up,1,False,145.424241,0.3299999963554907,47.989999000000005,47.989999000000005,-47.989999000000005,47.989999000000005,Down,1779627900,2.031655751813921,-96,matched,4,-1.8686694941041417,-1.2300753087866458,-0.6385941853174959,-30.646134314792445,-0.8705476478544804,-0.24260668623601622,-0.6279409616184641,-30.134886120129135,-9248.19875679,-6700.343833372142,-2547.854923417857,-122271.55522696805,26613.064138658025,26062.90989182511,550.1542468329135,26401.901755357274
0xf6beafa72d6416525c4cf039c9c122883dbef6a3,0x1f630ffe897b08e7a89465d5bbd06c5d62a3d13326b4aba609d3525c7d0dd523,1779627804,BUY,Up,Up,1,False,5.848483,0.3299999333160411,1.929999,1.929999,-1.929999,1.929999,Down,1779627900,2.031655751813921,-96,matched,4,-1.8686694941041417,-1.2300753087866458,-0.6385941853174959,-1.2324861390685817,-0.8705476478544804,-0.24260668623601622,-0.6279409616184641,-1.211925427982674,-9248.19875679,-6700.343833372142,-2547.854923417857,-4917.357454341541,26613.064138658025,26062.90989182511,550.1542468329135,1061.7971462332762
0xf6beafa72d6416525c4cf039c9c122883dbef6a3,0x1fafd72a4f75a480f5654a42a6d16dddeaaa51b7d575a209a14a9860c7947111,1778149235,BUY,Up,Up,1,False,19.156861,0.509999994257932,9.769999,9.769999,-9.769999,9.769999,Down,1778149500,9.549423314102729,-265,matched,4,-1.3751192675667712,-0.7172913352907652,-0.657827932276006,-6.426978240508647,-0.7355257683463838,-0.07824248479782592,-0.6572832835485579,-6.421657022986127,-22403.511848308844,-22949.021484794896,545.509636486051,5329.628602959082,64090.356284295674,62479.665705111576,1610.6905791840982,15736.44534793806
0xf6beafa72d6416525c4cf039c9c122883dbef6a3,0x2120ce8cc2a398724d0588714c47674c6db46af6b6183d83ae75c95090a6b214,1780855453,BUY,Down,Down,-1,True,33.87,0.19,6.4353,6.4353,27.4347,27.4347,Down,1780855500,0.38414139059236324,-47,matched,4,1.5139721917047422,-0.06101247837116347,1.5749846700759056,43.209231928131445,0.9857417893291512,-0.612442703121945,1.5981844924510962,43.845712095048086,62583.491213765024,-3564.951599030799,66148.44281279582,1814762.6840362095,6495.762995328871,6440.839181249437,54.923814079433214,1506.8183621250264
0xf6beafa72d6416525c4cf039c9c122883dbef6a3,0x2120ce8cc2a398724d0588714c47674c6db46af6b6183d83ae75c95090a6b214,1780855263,BUY,Down,Down,-1,True,59.52,0.36,21.4272,21.4272,38.092800000000004,38.092800000000004,Down,1780855500,0.38414139059236324,-237,matched,4,0.8926220056148851,0.13082039594535005,0.761801609669535,29.019156356819668,0.5815325108470947,-0.1755854446931414,0.7571179555402361,28.840742856803107,48747.26433420104,-13146.616561041923,61893.88089524297,2357711.2261663117,26434.769852001686,27462.754465780727,-1027.984613779041,-39158.812295762255
0xf6beafa72d6416525c4cf039c9c122883dbef6a3,0x2120ce8cc2a398724d0588714c47674c6db46af6b6183d83ae75c95090a6b214,1780855261,BUY,Down,Down,-1,True,81.08,0.35,28.377999999999997,28.377999999999997,52.702,52.702,Down,1780855500,0.38414139059236324,-239,matched,4,0.9107376054563401,0.0994733134909839,0.8112642919653562,42.755250715158205,0.5832168798803253,-0.2304871440586313,0.8137040239389566,42.88382946963089,49111.15545847305,-84897.4658916599,134008.62135013295,7062522.362394706,26094.052807575674,25429.276812929194,664.7759946464794,35035.024469858756
0xf6beafa72d6416525c4cf039c9c122883dbef6a3,0x2120ce8cc2a398724d0588714c47674c6db46af6b6183d83ae75c95090a6b214,1780855260,BUY,Down,Down,-1,True,58.13,0.34,19.764200000000002,19.764200000000002,38.3658,38.3658,Down,1780855500,0.38414139059236324,-240,matched,4,0.9107376054563401,0.5495469479887615,0.3611906574675786,13.857368526269628,0.5832168798803253,0.22024651004567933,0.36297036983464603,13.925648615002062,49111.15545847305,32310.219190970747,16800.9362675023,644581.3606517398,26094.052807575674,26022.851736047553,71.20107152812125,2731.686070033594
0xf6beafa72d6416525c4cf039c9c122883dbef6a3,0x21b0b7c9e4bffb9682e4a91879123971b3f6f6da5c64f10224e61c4528e39408,1780789878,BUY,Up,Up,1,True,83.33,0.34,28.3322,28.3322,54.99779999999999,54.99779999999999,Up,1780790100,5.215232493583557,-222,matched,4,0.4123351603507586,-0.2687157302344752,0.6810508905852338,37.456300670228565,0.9029077062671612,0.19509925757046767,0.7078084486966936,38.927907499731006,206886.44422124536,8839.85892350179,198046.58529774356,10892126.48888824,12099.772185269394,11403.071790144983,696.7003951244114,38316.98899097335
0xf6beafa72d6416525c4cf039c9c122883dbef6a3,0x21b0b7c9e4bffb9682e4a91879123971b3f6f6da5c64f10224e61c4528e39408,1780789872,BUY,Up,Up,1,True,128.2,0.363603744149766,46.614,46.614,81.586,81.586,Up,1780790100,5.215232493583557,-228,matched,4,0.4374756316416192,-0.1747644998695877,0.6122401315112069,49.95022336947333,0.9028656671213493,0.29128695321394926,0.6115787139074,49.89626095284914,207159.07526885136,58789.82490378372,148369.25036506762,12104853.660284407,11976.532984810416,11576.210307569825,400.32267724059056,32660.72594535082
0xf6beafa72d6416525c4cf039c9c122883dbef6a3,0x21b0b7c9e4bffb9682e4a91879123971b3f6f6da5c64f10224e61c4528e39408,1780789870,BUY,Up,Up,1,True,58.13,0.36,20.9268,20.9268,37.2032,37.2032,Up,1780790100,5.215232493583557,-230,matched,4,0.4374756316416192,-0.48209992800403284,0.9195755596456521,34.211153460609125,0.9028656671213493,-0.0199243027613216,0.9227899698826709,34.33073980753898,207159.07526885136,9870.119016398548,197288.9562524528,7339780.497251253,11976.532984810416,11062.666105483673,913.8668793267425,33998.77228496867
0xb305d384400e3d7a15780216a55368ea677eca4e,0x21b0b7c9e4bffb9682e4a91879123971b3f6f6da5c64f10224e61c4528e39408,1780790073,BUY,Up,Up,1,True,10.0,0.53,5.300000000000001,5.300000000000001,4.699999999999999,4.699999999999999,Up,1780790100,5.215232493583557,-27,matched,4,-0.00035204632966490124,-1.5110405055593472,1.5106884592296823,7.1002357583795055,0.9996479536703351,-0.5110405055593413,1.5106884592296765,7.100235758379479,200990.18104016816,-1334.2665164150603,202324.4475565832,950924.903515941,1231.1952200520318,1234.6000620900013,-3.4048420379695017,-16.002757578456656
0xb305d384400e3d7a15780216a55368ea677eca4e,0x228fa9306764b5feb3709ab99257a4530e8452e984d4051de1d397810fdff7a7,1778142259,BUY,Up,Up,1,True,100.0,0.205253,20.525299999999998,20.525299999999998,79.4747,79.4747,Up,1778142300,1.7186744707662223,-41,matched,4,1.9551421055939768,1.428155751638343,0.5269863539556339,41.88208238471781,0.9623614557108632,0.43339234050158193,0.5289691152092812,42.039661740523066,63087.81894518393,193784.41449470154,-130696.59554951762,-10387072.722319247,24784.404226279992,24443.72111684476,340.683109435231,27075.687917432155
0xb305d384400e3d7a15780216a55368ea677eca4e,0x228fa9306764b5feb3709ab99257a4530e8452e984d4051de1d397810fdff7a7,1778142140,BUY,Up,Up,1,True,200.0,0.22,44.0,44.0,156.0,156.0,Up,1778142300,1.7186744707662223,-160,matched,4,1.283584235445148,1.4480953268964885,-0.16451109145134035,-25.663730266409097,0.5490914858186371,0.7064427730164684,-0.1573512871978313,-24.546800802861686,63505.028926219864,455243.0285295092,-391737.99960328935,-61111127.93811314,7055.734140424174,7124.365457760337,-68.63131733616319,-10706.485504441458
0xb305d384400e3d7a15780216a55368ea677eca4e,0x228fa9306764b5feb3709ab99257a4530e8452e984d4051de1d397810fdff7a7,1778142084,BUY,Up,Up,1,True,700.0,0.39213114285714284,274.4918,274.4918,425.50820000000004,425.50820000000004,Up,1778142300,1.7186744707662223,-216,matched,4,1.3319724096278853,0.09600856718252934,1.235963842445356,525.9127498640071,0.540406267418807,-0.7144359315680543,1.2548421989868612,533.9456453749413,62962.41140175304,-407859.28541963495,470821.696821388,200338492.73541453,39135.84110966607,41927.68757601007,-2791.8464663439954,-1187953.564570394
0xb305d384400e3d7a15780216a55368ea677eca4e,0x228fa9306764b5feb3709ab99257a4530e8452e984d4051de1d397810fdff7a7,1778142272,BUY,Up,Up,1,True,107.19,0.2309347886929751,24.7539,24.7539,82.4361,82.4361,Up,1778142300,1.7186744707662223,-28,matched,4,1.9333229126147926,1.0356241702981033,0.8976987423166893,74.00278329149283,0.9721280949324694,0.08764406099077307,0.8844840339416964,72.91341427042107,63405.56997022395,-2114.664047747254,65520.234017971205,5401232.563528876,360.74172530299984,370.0029906358104,-9.26126533281058,-763.4625951021063
0xf6beafa72d6416525c4cf039c9c122883dbef6a3,0x229e896c843e4bec838b6703c51996adb6504a0421a31fefec42cb867520089b,1779010089,BUY,Up,Up,1,True,30.875,0.64,19.76,19.76,11.115,11.115,Up,1779010200,0.4194805934580027,-111,matched,4,0.32918046636906295,-0.30023887359145296,0.6294193399605159,6.995995963661135,0.9999314859315371,0.37152352009149575,0.6284079658400414,6.9847545403120606,227681.88336304305,155353.0029886755,72328.88037436755,803935.5053610954,7810.079230649862,7979.451961468505,-169.3727308186426,-1882.5779030492124
0xb305d384400e3d7a15780216a55368ea677eca4e,0x229e896c843e4bec838b6703c51996adb6504a0421a31fefec42cb867520089b,1779009942,BUY,Up,Up,1,True,19.45,0.58,11.280999999999999,11.280999999999999,8.169,8.169,Up,1779010200,0.4194805934580027,-258,matched,4,0.003430474872638589,-1.1144408688203469,1.1178713436929855,9.131891006627999,0.9886874131061981,-0.12938976572343086,1.1180771788296289,9.133572473859239,232955.9737298511,-3187.73846157307,236143.71219142416,1929057.984891744,791092.9675247292,795223.6277268236,-4130.660202094354,-33743.36319090878
0xf6beafa72d6416525c4cf039c9c122883dbef6a3,0x229e896c843e4bec838b6703c51996adb6504a0421a31fefec42cb867520089b,1779009938,BUY,Up,Up,1,True,1.810342,0.5799998011425466,1.049998,1.049998,0.7603439999999999,0.7603439999999999,Up,1779010200,0.4194805934580027,-262,matched,4,0.003444579411272408,-1.1134382487558585,1.1168828281671308,0.8492151570999088,0.9886874131061981,-0.12972451284045944,1.1184119259466576,0.8503777974219854,232955.9737298511,-3196.067484934596,236152.0412147857,179556.78762541502,791098.5879965094,795762.4865194021,-4663.898522892734,-3546.1672584903527
0xf6beafa72d6416525c4cf039c9c122883dbef6a3,0x229e896c843e4bec838b6703c51996adb6504a0421a31fefec42cb867520089b,1779009914,BUY,Up,Up,1,True,53.91803,0.6099999944359985,32.889998,32.889998,21.028032,21.028032,Up,1779010200,0.4194805934580027,-286,matched,4,-0.0019547311041699933,-0.4680238315686899,0.4660691004645199,9.800515958779139,0.9844583347639917,0.5147918456811964,0.4696664890827953,9.876161961760669,232518.84188752322,152206.63494161278,80312.20694591044,1688807.657649227,792210.1014298382,789511.4952307738,2698.6061990644084,56746.377509324746
0xf6beafa72d6416525c4cf039c9c122883dbef6a3,0x229e896c843e4bec838b6703c51996adb6504a0421a31fefec42cb867520089b,1779009912,BUY,Up,Up,1,True,13.809522,0.6299999377241298,8.699997999999999,8.699997999999999,5.1095239999999995,5.1095239999999995,Up,1779010200,0.4194805934580027,-288,matched,4,-0.001955069027419265,-0.4647064895360969,0.4627514205086776,2.36443948912318,0.9844583347639917,0.5179866305190598,0.4664717042449319,2.3834483681603813,232518.84188752322,159226.7424034878,73292.09948403543,374487.7413240666,792229.8051295504,782542.8760978943,9686.929031656124,49495.59637354372
0xf6beafa72d6416525c4cf039c9c122883dbef6a3,0x229e896c843e4bec838b6703c51996adb6504a0421a31fefec42cb867520089b,1779009912,BUY,Up,Up,1,True,12.838707,0.6199999735175824,7.959998,7.959998,4.878709,4.878709,Up,1779010200,0.4194805934580027,-288,matched,4,-0.001955069027419265,-0.4647064895360969,0.4627514205086776,2.25762951999847,0.9844583347639917,0.5179866305190598,0.4664717042449319,2.2757797017450874,232518.84188752322,159226.7424034878,73292.09948403543,357570.825381659,792229.8051295504,782542.8760978943,9686.929031656124,47259.707849102015
0xf6beafa72d6416525c4cf039c9c122883dbef6a3,0x22f825bd30c28be92ce049d6fb344bed046dfa7db35d0e700f9edc1156f03b7d,1779393552,BUY,Up,Up,1,False,56.294116,0.3399999921839078,19.139999,19.139999,-19.139999,19.139999,Down,1779393600,1.9095194985167336,-48,matched,4,-0.07566974995626596,0.8018352837244397,-0.8775050336807056,-16.795445467143672,-0.9924449211328099,-0.11934229225663648,-0.8731026288761734,-16.71118344358733,-304665.265492798,-54684.20297888795,-249981.06251391006,-4784637.2865351755,155110.8752068656,157912.5365684571,-2801.661361591483,-53623.79565919962
0xb305d384400e3d7a15780216a55368ea677eca4e,0x22f825bd30c28be92ce049d6fb344bed046dfa7db35d0e700f9edc1156f03b7d,1779393475,BUY,Down,Down,-1,True,100.0,0.27,27.0,27.0,73.0,73.0,Down,1779393600,1.9095194985167336,-125,matched,4,1.8559794191687744,0.7479990471912541,1.1079803719775203,80.88256715435898,0.9447999587034849,-0.1653696383707865,1.1101695970742713,81.0423805864218,462616.8079293078,-190131.94150861495,652748.7494379227,47650658.708968356,181505.82635400502,180801.76769008796,704.0586639170651,51396.282465945755
0xb305d384400e3d7a15780216a55368ea677eca4e,0x22f825bd30c28be92ce049d6fb344bed046dfa7db35d0e700f9edc1156f03b7d,1779393435,BUY,Down,Down,-1,True,100.0,0.247543,24.7543,24.7543,75.2457,75.2457,Down,1779393600,1.9095194985167336,-165,matched,4,1.6867165304938525,0.735431212188863,0.9512853183049895,71.58012967558174,0.9137620368649492,-0.03302614207804963,0.9467881789429988,71.24173927629121,455420.64568042196,1528.0760727147172,453892.56960770726,34153464.12493066,202754.01468177722,213255.52656644484,-10501.51188466762,-790193.6128201343
0xb305d384400e3d7a15780216a55368ea677eca4e,0x22f825bd30c28be92ce049d6fb344bed046dfa7db35d0e700f9edc1156f03b7d,1779393416,BUY,Down,Down,-1,True,100.0,0.38,38.0,38.0,62.0,62.0,Down,1779393600,1.9095194985167336,-184,matched,4,1.563023678414515,0.7401900404689088,0.8228336379456063,51.01568555262759,0.8874817211955807,0.062029101442522605,0.8254526197530581,51.1780624246896,448633.9250917599,55488.10459102327,393145.8205007366,24375040.871045668,222962.3897871473,229030.47996040148,-6068.090173254197,-376221.5907417602
0xb305d384400e3d7a15780216a55368ea677eca4e,0x23826fa86d519c6e46a3de0b1eb0e2f09f4975a0046eee7cb52e4237565107fe,1778406869,BUY,Up,Up,1,True,22.0,0.43,9.459999999999999,9.459999999999999,12.540000000000001,12.540000000000001,Up,1778406900,0.9327996279498207,-31,matched,4,-0.001526189846592363,-0.15885618549853664,0.15732999565194428,1.9729181454753815,0.9984048048864786,0.8394290495120071,0.1589757553744715,1.993555972395873,968613.2194079191,437049.7664682385,531563.4529396805,6665805.699863595,323115.56845882116,323205.0969265413,-89.52846772014163,-1122.6869852105763
0xf6beafa72d6416525c4cf039c9c122883dbef6a3,0x23826fa86d519c6e46a3de0b1eb0e2f09f4975a0046eee7cb52e4237565107fe,1778406852,BUY,Up,Up,1,True,3.893616,0.4699998664480524,1.8299990000000002,1.8299990000000002,2.063617,2.063617,Up,1778406900,0.9327996279498207,-48,matched,4,0.45899194217200767,-0.04098155403325443,0.4999734962052621,1.0317538063186142,0.9988033167019403,0.5123185261449823,0.48648479055695804,1.003918284034778,1291689.966933603,207.120940060071,1291482.8459935428,2665125.9562006565,125.51039161579683,136.37579770223965,-10.865406086442817,-22.422036711886864
0xf6beafa72d6416525c4cf039c9c122883dbef6a3,0x23826fa86d519c6e46a3de0b1eb0e2f09f4975a0046eee7cb52e4237565107fe,1778406817,BUY,Up,Up,1,True,6.259258,0.5399999488757293,3.3799989999999998,3.3799989999999998,2.8792590000000002,2.8792590000000002,Up,1778406900,0.9327996279498207,-83,matched,4,1.6903155298710373,0.5830616394717724,1.107253890399265,3.1880707292170976,0.9987861652799543,-0.09048845268041186,1.0892746179603663,3.1363037472339466,1291763.0810096299,162690.49100629095,1129072.5900033389,3250892.416420424,1705.4347205481026,1534.6542562809918,170.7804642671108,491.72118876525724
0xf6beafa72d6416525c4cf039c9c122883dbef6a3,0x23826fa86d519c6e46a3de0b1eb0e2f09f4975a0046eee7cb52e4237565107fe,1778406817,BUY,Up,Up,1,True,27.296295,0.5399999890094974,14.739999,14.739999,12.556296000000001,12.556296000000001,Up,1778406900,0.9327996279498207,-83,matched,4,1.6903155298710373,0.5830616394717724,1.107253890399265,13.903007595004732,0.9987861652799543,-0.09048845268041186,1.0892746179603663,13.677254528397278,1291763.0810096299,162690.49100629095,1129072.5900033389,14176969.645568566,1705.4347205481026,1534.6542562809918,170.7804642671108,2144.3700603552666
0xf6beafa72d6416525c4cf039c9c122883dbef6a3,0x23826fa86d519c6e46a3de0b1eb0e2f09f4975a0046eee7cb52e4237565107fe,1778406815,BUY,Up,Up,1,True,4.622221,0.44999990264420503,2.079999,2.079999,2.542222,2.542222,Up,1778406900,0.9327996279498207,-85,matched,4,1.6903155298710373,0.662338753891359,1.0279767759796783,2.6133451753846098,0.9987861652799543,-0.03292622409236845,1.0317123893723228,2.622841933934885,1291763.0810096299,-162069.91136981943,1453832.9923794493,3695966.2175528686,1705.4347205481026,1745.1300866396632,-39.69536609156057,-100.91443297601931
0xf6beafa72d6416525c4cf039c9c122883dbef6a3,0x23826fa86d519c6e46a3de0b1eb0e2f09f4975a0046eee7cb52e4237565107fe,1778406815,BUY,Up,Up,1,True,4.727271,0.4399999492307507,2.079999,2.079999,2.647272,2.647272,Up,1778406900,0.9327996279498207,-85,matched,4,1.6903155298710373,0.662338753891359,1.0279767759796783,2.721334135701275,0.9987861652799543,-0.03292622409236845,1.0317123893723228,2.7312233204384477,1291763.0810096299,-162069.91136981943,1453832.9923794493,3848691.3734023296,1705.4347205481026,1745.1300866396632,-39.69536609156057,-105.08443118393774
0xf6beafa72d6416525c4cf039c9c122883dbef6a3,0x23826fa86d519c6e46a3de0b1eb0e2f09f4975a0046eee7cb52e4237565107fe,1778406815,BUY,Up,Up,1,True,26.0,0.36538461538461536,9.5,9.5,16.5,16.5,Up,1778406900,0.9327996279498207,-85,matched,4,1.6903155298710373,0.662338753891359,1.0279767759796783,16.961616803664693,0.9987861652799543,-0.03292622409236845,1.0317123893723228,17.023254424643326,1291763.0810096299,-162069.91136981943,1453832.9923794493,23988244.374260914,1705.4347205481026,1745.1300866396632,-39.69536609156057,-654.9735405107494
0xb305d384400e3d7a15780216a55368ea677eca4e,0x239435fa8b4fe41919cddfca34594041c9a9cb19274d2afd94385d3386f9d48c,1778566473,BUY,Down,Down,-1,False,6.84,0.54,3.6936,3.6936,-3.6936,3.6936,Up,1778566500,0.444990117204375,-27,matched,4,1.8829616753701477,0.08470561345869006,1.7982560619114576,6.64203859027616,0.9986467221303579,-0.800163990342885,1.7988107124732429,6.64408724759117,1145577.7483787737,-1379.2821237863536,1146957.03050256,4236400.487864256,860.7733060820028,836.6510847242316,24.122221357771195,89.09783680706369
0xf6beafa72d6416525c4cf039c9c122883dbef6a3,0x239435fa8b4fe41919cddfca34594041c9a9cb19274d2afd94385d3386f9d48c,1778566452,BUY,Down,Down,-1,False,26.921567,0.5099999936853602,13.729999000000001,13.729999000000001,-13.729999000000001,13.729999000000001,Up,1778566500,0.444990117204375,-48,matched,4,1.9887270548462102,0.6342425812075073,1.3544844736387027,18.597070468574916,0.9985512526079664,-0.3642651053633184,1.3628163579712849,18.711467232129383,1145572.7039096397,-142614.8087796296,1288187.5126892694,17686813.261036158,933.8319834891008,929.6253295482347,4.20665394086609,57.75735440143748
0xf6beafa72d6416525c4cf039c9c122883dbef6a3,0x239435fa8b4fe41919cddfca34594041c9a9cb19274d2afd94385d3386f9d48c,1778566450,BUY,Down,Down,-1,False,26.921567,0.5099999936853602,13.729999000000001,13.729999000000001,-13.729999000000001,13.729999000000001,Up,1778566500,0.444990117204375,-50,matched,4,1.9825091220994047,1.2265768140696711,0.7559323080297335,10.378949833315934,0.9985512526079664,0.23891515896155197,0.7596360936464144,10.429802806129176,1145572.7039096397,-142027.54966220545,1287600.2535718451,17678750.19394118,936.758711198112,948.9035701819521,-12.144858983840095,-166.74890170326555
0xf6beafa72d6416525c4cf039c9c122883dbef6a3,0x239435fa8b4fe41919cddfca34594041c9a9cb19274d2afd94385d3386f9d48c,1778566445,BUY,Down,Down,-1,False,2.936169,0.46999985355066415,1.379999,1.379999,-1.379999,1.379999,Up,1778566500,0.444990117204375,-55,matched,4,1.9197285641945707,0.6053392894177088,1.314389274776862,1.8138558848027948,0.9972348615172361,-0.3079219029898953,1.3051567645071314,1.8011150298630767,1144816.5536728557,-2171.967445040027,1146988.5211178958,1582843.0121541752,193.88883251009975,199.90787551475296,-6.019043004653213,-8.30627332737843
0xf6beafa72d6416525c4cf039c9c122883dbef6a3,0x239435fa8b4fe41919cddfca34594041c9a9cb19274d2afd94385d3386f9d48c,1778566438,BUY,Down,Down,-1,False,119.207072,0.4075261491197435,48.579999,48.579999,-48.579999,48.579999,Up,1778566500,0.444990117204375,-62,matched,4,1.8003182419027133,0.13478204159688004,1.6655362003058332,80.91174694532117,0.9970600277905384,-0.6556518669884057,1.652711894778944,80.2887421956492,1144716.0521727598,-124.09629149149623,1144840.1484642513,55616333.26755318,95.24263246601913,89.75293162474554,5.489700841273589,266.6896613793701
0xf6beafa72d6416525c4cf039c9c122883dbef6a3,0x239435fa8b4fe41919cddfca34594041c9a9cb19274d2afd94385d3386f9d48c,1778566432,BUY,Down,Down,-1,False,26.682925,0.40999999063071235,10.939999,10.939999,-10.939999,10.939999,Up,1778566500,0.444990117204375,-68,matched,4,1.8003182419027133,0.3523792080237812,1.447939033878932,15.840451582696483,0.9970600277905384,-0.4352506159903845,1.432310643780923,15.669477010652654,1144716.0521727598,37.51297440923008,1144678.5391983506,12522782.074151417,95.24263246601913,93.78557498513692,1.457057480882213,15.940207383793929
0xf6beafa72d6416525c4cf039c9c122883dbef6a3,0x239435fa8b4fe41919cddfca34594041c9a9cb19274d2afd94385d3386f9d48c,1778566432,BUY,Down,Down,-1,False,26.071427,0.41999998695890334,10.949999,10.949999,-10.949999,10.949999,Up,1778566500,0.444990117204375,-68,matched,4,1.8003182419027133,0.3523792080237812,1.447939033878932,15.854930973035271,0.9970600277905384,-0.4352506159903845,1.432310643780923,15.683800117090463,1144716.0521727598,37.51297440923008,1144678.5391983506,12534228.8595434,95.24263246601913,93.78557498513692,1.457057480882213,15.954777958602751
0xb305d384400e3d7a15780216a55368ea677eca4e,0x247201a9bbe8ac5597a7ec3dc2752ea45e132227c7f339bd3b031525519d13a0,1778916898,BUY,Down,Down,-1,False,39.48,0.24,9.4752,9.4752,-9.4752,9.4752,Up,1778916900,0.3503778778529522,-2,offset_out_of_range,,,,,,,,,,,,,,,,,
0xb305d384400e3d7a15780216a55368ea677eca4e,0x247201a9bbe8ac5597a7ec3dc2752ea45e132227c7f339bd3b031525519d13a0,1778916697,BUY,Up,Up,1,True,100.0,0.17,17.0,17.0,83.0,83.0,Up,1778916900,0.3503778778529522,-203,matched,4,1.4805448228661158,0.4957120007843363,0.9848328220817795,81.7411242327877,0.8208938993056017,-0.16157196015519656,0.9824658594607983,81.54466633524626,359663.32135583647,-48237.72971382886,407901.05106966535,33855787.23878223,104659.660416862,104029.22583119324,630.4345856687578,52326.0706105069
0xf6beafa72d6416525c4cf039c9c122883dbef6a3,0x2492d2488fc51f510bd89d991f2c79953ddf5e2127e05661d6d4fc0778c18359,1777994744,BUY,Up,Up,1,False,23.658535,0.4099999852061846,9.699999,9.699999,-9.699999,9.699999,Down,1777995000,1.764284797829689,-256,matched,4,0.9184560884828357,0.3841786969909193,0.5342773914919163,5.182490163194197,0.8500552857816586,0.32160156057830824,0.5284537252033503,5.126000606018773,110523.4949467706,49422.07911763391,61101.41582913669,592683.6724412101,175824.97318615206,169935.8890591954,5889.0841269566445,57124.11014239532
0xb305d384400e3d7a15780216a55368ea677eca4e,0x24c02b0479f675e1cfc3627c7957c3c99aaccb223b6738446a960aff344e35a5,1778889250,BUY,Down,Down,-1,True,117.23,0.5358176234752197,62.813900000000004,62.813900000000004,54.4161,54.4161,Down,1778889300,1.3029117628249418,-50,matched,4,1.7290457485759538,1.4463879707048886,0.2826577778710653,15.381133906409675,0.9917353205067061,0.7033839158837651,0.28835140462294095,15.690958869102417,780575.2518037898,31395.114761526733,749180.137042263,40767461.25530549,391.4305953690782,379.2461049100675,12.184490459010703,663.0324512665724
0xf6beafa72d6416525c4cf039c9c122883dbef6a3,0x24c02b0479f675e1cfc3627c7957c3c99aaccb223b6738446a960aff344e35a5,1778889192,BUY,Up,Up,1,False,18.943395,0.5194422119160794,9.839998999999999,9.839998999999999,-9.839998999999999,9.839998999999999,Down,1778889300,1.3029117628249418,-108,matched,4,-1.7447020432947138,-0.7997826541137486,-0.9449193891809652,-9.298005844621308,-0.9908941507235125,-0.043225776523264536,-0.947668374200248,-9.325055854462065,-781868.4919439587,-36121.48590055283,-745747.0060434059,-7338149.793720107,1897.7941602952778,1866.4911377467797,31.30302254849812,308.0217105741989
0xb305d384400e3d7a15780216a55368ea677eca4e,0x24c02b0479f675e1cfc3627c7957c3c99aaccb223b6738446a960aff344e35a5,1778889089,BUY,Down,Down,-1,True,152.08,0.37,56.269600000000004,56.269600000000004,95.81040000000002,95.81040000000002,Down,1778889300,1.3029117628249418,-211,matched,4,1.983436692416006,0.49468789324286305,1.488748799173143,142.63761794829853,0.9867079443183543,-0.49011260346255997,1.4768205477809142,141.4947674111085,780437.9197274526,-705618.2288962409,1486056.1486236935,142379634.02209556,2383989.959936951,2389440.6616943483,-5450.701757397503,-522233.9156569578
0xb305d384400e3d7a15780216a55368ea677eca4e,0x24c02b0479f675e1cfc3627c7957c3c99aaccb223b6738446a960aff344e35a5,1778889068,BUY,Down,Down,-1,True,300.0,0.49,147.0,147.0,153.0,153.0,Down,1778889300,1.3029117628249418,-232,matched,4,1.9809127963171873,0.5824556391411069,1.3984571571760804,213.9639450479403,0.9842736142863144,-0.40583796076113715,1.3901115750474515,212.68707098226008,779467.5714543569,-709415.8223852686,1488883.3938396256,227799159.2574627,2385875.12047718,2380861.6623026845,5013.458174495492,767059.1006978103
0xf6beafa72d6416525c4cf039c9c122883dbef6a3,0x24c02b0479f675e1cfc3627c7957c3c99aaccb223b6738446a960aff344e35a5,1778889052,BUY,Up,Up,1,False,35.581817,0.5499999901635153,19.569999000000003,19.569999000000003,-19.569999000000003,19.569999000000003,Down,1778889300,1.3029117628249418,-248,matched,4,-1.9770611338816275,-0.8891786894668059,-1.0878824444148216,-21.28985834931562,-0.980685616033403,0.10460711655295006,-1.085292732586353,-21.2391776914222,-778033.0109034847,510943.5714425456,-1288976.5823460303,-25225270.427535232,2390803.2014930006,2372956.470807124,17846.730685876682,349260.50167587603
0xb305d384400e3d7a15780216a55368ea677eca4e,0x24c02b0479f675e1cfc3627c7957c3c99aaccb223b6738446a960aff344e35a5,1778889029,BUY,Down,Down,-1,True,129.99,0.54,70.19460000000001,70.19460000000001,59.7954,59.7954,Down,1778889300,1.3029117628249418,-271,matched,4,1.9765335433586073,0.7661930461130937,1.2103404972455136,72.37279416899439,0.9803109736734464,-0.21997096287265844,1.2002819365461048,71.77133850854895,777917.7827232527,-579026.2082092618,1356943.9909325144,81139008.71540608,2399397.0845443066,2348031.1237624977,51365.96078180894,3071448.1713325786
0xb305d384400e3d7a15780216a55368ea677eca4e,0x24c02b0479f675e1cfc3627c7957c3c99aaccb223b6738446a960aff344e35a5,1778889020,BUY,Down,Down,-1,True,276.22,0.53,146.39660000000003,146.39660000000003,129.8234,129.8234,Down,1778889300,1.3029117628249418,-280,matched,4,1.976480202609535,0.8816493206314675,1.0948308819780674,142.13466752339144,0.9803082617061321,-0.10579418845681803,1.0861024501629502,141.00151282848472,777916.6959936768,-450435.05083466566,1228351.7468283423,159468800.1691946,2402734.740478483,2341147.602177949,61587.13830053387,7995451.690445528
0xf6beafa72d6416525c4cf039c9c122883dbef6a3,0x24c02b0479f675e1cfc3627c7957c3c99aaccb223b6738446a960aff344e35a5,1778889285,BUY,Up,Up,1,False,18.960783,0.5099999825956555,9.669999,9.669999,-9.669999,9.669999,Down,1778889300,1.3029117628249418,-15,no_treated_features,,,,,,,,,,,,,,,,,
0xb305d384400e3d7a15780216a55368ea677eca4e,0x260d7dbda188aa4e3e66dba08317346981515607a3e3356ad355d17b467df3ac,1778417987,BUY,Down,Down,-1,False,55.0,0.10636363636363637,5.8500000000000005,5.8500000000000005,-5.8500000000000005,5.8500000000000005,Up,1778418000,1.5271746327050253,-13,matched,4,-3.6637359812630166e-15,0.21642163666992587,-0.21642163666992953,-1.2660665745190878,-1.0000000000000004,-0.7831038364710384,-0.21689616352896202,-1.268842556644428,-323771.76659754006,-120414.80424443856,-203356.9623531015,-1189638.2297656438,80921.32531784126,80587.14260754373,334.18271029752214,1954.9688552405046
0xb305d384400e3d7a15780216a55368ea677eca4e,0x260d7dbda188aa4e3e66dba08317346981515607a3e3356ad355d17b467df3ac,1778417763,BUY,Up,Up,1,True,100.0,0.49,49.0,49.0,51.0,51.0,Up,1778418000,1.5271746327050253,-237,matched,4,1.7160505321676847,1.1397816020650857,0.5762689301025989,29.389715435232546,0.9971431869176448,0.4155506258797213,0.5815925610379236,29.661220612934102,410813.812730124,26944.89437109061,383868.91835903336,19577314.8363107,24275.962668040418,24450.79555422762,-174.83288618720326,-8916.477195547366
0xb305d384400e3d7a15780216a55368ea677eca4e,0x260d7dbda188aa4e3e66dba08317346981515607a3e3356ad355d17b467df3ac,1778417756,BUY,Up,Up,1,True,95.97,0.48,46.065599999999996,46.065599999999996,49.9044,49.9044,Up,1778418000,1.5271746327050253,-244,matched,4,1.716468639788997,1.057998117792769,0.6584705219962279,32.86057631790856,0.9971432278486152,0.33332305142093416,0.663820176427681,33.12754761251757,410819.715609996,12182.668655554204,398637.0469544418,19893742.646033246,24270.059788168524,24850.37861805105,-580.3188298825262,-28960.46301398954
0xb305d384400e3d7a15780216a55368ea677eca4e,0x260d7dbda188aa4e3e66dba08317346981515607a3e3356ad355d17b467df3ac,1778417745,BUY,Up,Up,1,True,100.0,0.55,55.00000000000001,55.00000000000001,44.99999999999999,44.99999999999999,Up,1778418000,1.5271746327050253,-255,matched,4,1.708244696425687,0.9170446636392061,0.7912000327864809,35.604001475391634,0.9971432278486152,0.22174962831687323,0.775393599531742,34.89271197892839,410819.715609996,-9092.838216002587,419912.55382599856,18896064.92216993,24386.707223044476,25527.23738518446,-1140.530162139985,-51323.85729629931
0xb305d384400e3d7a15780216a55368ea677eca4e,0x260d7dbda188aa4e3e66dba08317346981515607a3e3356ad355d17b467df3ac,1778417724,BUY,Up,Up,1,True,100.0,0.652898,65.2898,65.2898,34.7102,34.7102,Up,1778418000,1.5271746327050253,-276,matched,4,1.7034751786523903,0.5635881747774939,1.1398870038748963,39.565705881898424,0.9970592032877253,-0.14374342308332105,1.1408026263710465,39.5974873218643,411695.80785984197,75089.50873577707,336606.2991240649,11683671.963856118,27970.57828837342,27122.4999869217,848.0783014517219,29436.96745904956
0xb305d384400e3d7a15780216a55368ea677eca4e,0x265dfb2debc775860e2360d6e0bd8d61cc2d2a87200388efe6b6f8433d2c8345,1778463896,BUY,Up,Up,1,False,50.04,0.11259592326139088,5.6343,5.6343,-5.6343,5.6343,Down,1778463900,1.6613956733864321,-4,offset_out_of_range,,,,,,,,,,,,,,,,,
0xb305d384400e3d7a15780216a55368ea677eca4e,0x265dfb2debc775860e2360d6e0bd8d61cc2d2a87200388efe6b6f8433d2c8345,1778463707,BUY,Down,Down,-1,True,100.0,0.21,21.0,21.0,79.0,79.0,Down,1778463900,1.6613956733864321,-193,matched,4,-1.3183351618150025,-1.2582159276440905,-0.06011923417091203,-4.74941949950205,-0.3649930522805104,-0.3041124763592256,-0.06088057592128476,-4.809565497781496,-14545.962567699142,-314581.387848189,300035.42528048984,23702798.597158697,98289.36076578149,100005.90771839474,-1716.546952613251,-135607.20925644683
0xb305d384400e3d7a15780216a55368ea677eca4e,0x265dfb2debc775860e2360d6e0bd8d61cc2d2a87200388efe6b6f8433d2c8345,1778463700,BUY,Down,Down,-1,True,100.0,0.35,35.0,35.0,65.0,65.0,Down,1778463900,1.6613956733864321,-200,matched,4,-1.2988270472981205,-0.6945723784976187,-0.6042546688005018,-39.27655347203262,-0.3485547743117472,0.25087225714134237,-0.5994270314530896,-38.962757044450825,-14060.175893757143,17934.345764153626,-31994.52165791077,-2079643.9077642,97953.08345019224,97511.13898606092,441.94446413131664,28726.39016853558
0xb305d384400e3d7a15780216a55368ea677eca4e,0x265dfb2debc775860e2360d6e0bd8d61cc2d2a87200388efe6b6f8433d2c8345,1778463601,BUY,Down,Down,-1,True,97.51,0.4938314019074967,48.15350000000001,48.15350000000001,49.3565,49.3565,Down,1778463900,1.6613956733864321,-299,matched,4,-1.009004383660482,-0.6671297179727393,-0.3418746656877427,-16.87373693701707,-0.10176671844604586,0.23906657263403489,-0.34083329108008076,-16.822338331194004,-5306.593512439285,40481.436605790375,-45788.03011822966,-2259936.908530402,119336.3315724904,121352.42700724509,-2016.095434754694,-99507.41432547005
0xf6beafa72d6416525c4cf039c9c122883dbef6a3,0x26865d78bbca9e3b283065de28615c7b8eb3ed5ae1ad25ca82e3dd947d54dd76,1779113076,BUY,Up,Up,1,True,56.670587,0.3377413224959184,19.139999,19.139999,37.530588,37.530588,Up,1779113100,2.3673710010178004,-24,matched,4,0.0002552315911548142,0.0003785532003512393,-0.0001233216091964251,-0.0046283325062480415,0.999710023481173,0.9994052078712478,0.00030481560992523526,0.011439909072072716,1231188.7334535571,703755.7489071965,527432.9845463607,19794870.04061983,615024.7523959558,613272.3195388019,1752.4328571539372,65769.83555950728
0xf6beafa72d6416525c4cf039c9c122883dbef6a3,0x26865d78bbca9e3b283065de28615c7b8eb3ed5ae1ad25ca82e3dd947d54dd76,1779113036,BUY,Down,Down,-1,False,63.240504,0.7899999974699758,49.959998,49.959998,-49.959998,49.959998,Up,1779113100,2.3673710010178004,-64,matched,4,-0.25045571140300826,0.7615088270378276,-1.0119645384408358,-50.55774631657508,-0.9995908834472128,0.003528442347111735,-1.0031193257943245,-50.1158395104458,-2342512.9132621293,191473.86105075927,-2533986.7743128887,-126597974.17669837,8434.280878842808,8558.521234053478,-124.2403552106698,-6207.0478978443525
0xf6beafa72d6416525c4cf039c9c122883dbef6a3,0x26e81bbd4f96733ffad8e509de231daf1865423ba0841e38ee0b48d9bdad6d45,1778366064,BUY,Up,Up,1,True,13.487803,0.4099999829475564,5.529999,5.529999,7.9578039999999985,7.9578039999999985,Up,1778366100,0.32473480761537193,-36,matched,4,-2.8844109595249634e-06,-0.628141459420795,0.6281385750098355,4.998603664767568,0.9999971155890411,0.37107638876880683,0.6289207268202344,5.004827875572968,1104471.7792905667,85122.00144953938,1019349.7778410274,8111785.739502437,167954.54653335374,162470.16259572908,5484.3839376246615,43643.65243636527
0xb305d384400e3d7a15780216a55368ea677eca4e,0x26e81bbd4f96733ffad8e509de231daf1865423ba0841e38ee0b48d9bdad6d45,1778365993,BUY,Up,Up,1,True,100.0,0.12,12.0,12.0,88.0,88.0,Up,1778366100,0.32473480761537193,-107,matched,4,1.8475647262070614,0.7059250264301684,1.141639699776893,100.46429358036659,0.9996031161868779,-0.14691733442814378,1.1465204506150217,100.8937996541219,1272632.0596194777,-18564.9563782342,1291197.015997712,113625337.40779866,6647.585130020627,6755.373602795211,-107.78847277458408,-9485.385604163399
0xb305d384400e3d7a15780216a55368ea677eca4e,0x26e81bbd4f96733ffad8e509de231daf1865423ba0841e38ee0b48d9bdad6d45,1778365940,BUY,Up,Up,1,True,34.1,0.11,3.7510000000000003,3.7510000000000003,30.349,30.349,Up,1778366100,0.32473480761537193,-160,matched,4,1.9758266290691262,1.2603191143078285,0.7155075147612977,21.714937565490626,0.9948356465838967,0.273611711820948,0.7212239347629487,21.88842519612073,1269876.0237808928,76482.33518017635,1193393.6886007164,36218305.05534314,742046.1547035584,742650.414049309,-604.2593457505573,-18338.66688418366
0xb305d384400e3d7a15780216a55368ea677eca4e,0x26e81bbd4f96733ffad8e509de231daf1865423ba0841e38ee0b48d9bdad6d45,1778365909,BUY,Up,Up,1,True,658.636469,0.15182882167431272,99.999999,99.999999,558.63647,558.63647,Up,1778366100,0.32473480761537193,-191,matched,4,1.9732749564263057,0.7131552848443352,1.2601196715819705,703.9488051101114,0.9923897645482822,-0.27376602596924454,1.2661557905175267,707.3208012847706,1268407.3990757437,-191061.4381204558,1459468.8371961995,815312519.2862896,745531.9484805986,741338.100014467,4193.848466131603,2342836.7028346737
0xb305d384400e3d7a15780216a55368ea677eca4e,0x26e81bbd4f96733ffad8e509de231daf1865423ba0841e38ee0b48d9bdad6d45,1778366084,BUY,Down,Down,-1,False,99.99,0.14,13.998600000000001,13.998600000000001,-13.998600000000001,13.998600000000001,Up,1778366100,0.32473480761537193,-16,matched,4,-6.57185110852776e-06,0.00024696461450218754,-0.0002535364656107153,-0.0035491555674981596,-0.9999999999999999,-0.9996698150891091,-0.00033018491089076285,-0.0046221264935954335,-458303.13392030884,-788855.3728797662,330552.2389594573,4627268.57229786,484758.3489410749,475175.1060772709,9583.242863804044,134151.9835532473
0xb305d384400e3d7a15780216a55368ea677eca4e,0x272720af35ddd26f431ff3ae0e893672700dbfde1822706791e9c52e73a5bd94,1779656978,BUY,Up,Up,1,False,100.0,0.092741,9.2741,9.2741,-9.2741,9.2741,Down,1779657000,0.40138705804426333,-22,matched,4,-1.9991803667674681,-0.3939558330058874,-1.6052245337615807,-14.887012848558276,-0.9991803667674681,0.606044166992624,-1.605224533760092,-14.88701284854447,-229733.597242882,97981.03895571684,-327714.63619859883,-3039258.3075694256,27.5006173660513,27.73148529579339,-0.23086792974208947,-2.1410922672211123
0xb305d384400e3d7a15780216a55368ea677eca4e,0x272720af35ddd26f431ff3ae0e893672700dbfde1822706791e9c52e73a5bd94,1779656908,BUY,Down,Down,-1,True,200.0,0.6,120.0,120.0,80.0,80.0,Down,1779657000,0.40138705804426333,-92,matched,4,0.8324813281577805,-0.0874349494489422,0.9199162776067227,73.5933022085378,0.987554760623677,0.08977238787383698,0.89778237274984,71.8225898199872,228446.72815534985,8151.866811033,220294.86134431686,17623588.90754535,6139.790369562572,6579.157753984786,-439.36738442221395,-35149.390753777116
0xb305d384400e3d7a15780216a55368ea677eca4e,0x272720af35ddd26f431ff3ae0e893672700dbfde1822706791e9c52e73a5bd94,1779656679,BUY,Down,Down,-1,True,10.05,0.61,6.1305000000000005,6.1305000000000005,3.9195,3.9195,Down,1779657000,0.40138705804426333,-321,matched,4,1.7314645503832762,0.1937242796855778,1.5377402706976984,6.027172990999629,0.9534197684389794,-0.6012568731186553,1.5546766415576347,6.09355509658515,272912.2192302777,-543905.709146284,816817.9283765617,3201517.8702719337,682588.1914418412,702424.7003899668,-19836.508948125644,-77749.19682217846
0xb305d384400e3d7a15780216a55368ea677eca4e,0x276c88f977191fe88394e67102e748e3129b905d05d62e19ebf3168aff537141,1779993989,BUY,Up,Up,1,True,300.0,0.26,78.0,78.0,222.0,222.0,Up,1779994200,0.9923388130659919,-211,matched,4,0.597392412075924,-0.3732172701038766,0.9706096821798006,215.47534944391572,0.8495013566017848,-0.12695862934999563,0.9764599859517804,216.77411688129524,100606.81083614158,-122994.06142262259,223600.87225876417,49639393.641445644,48312.01988058118,47315.200148018346,996.8197325628353,221293.98062894942
0xb305d384400e3d7a15780216a55368ea677eca4e,0x276c88f977191fe88394e67102e748e3129b905d05d62e19ebf3168aff537141,1779993959,BUY,Down,Down,-1,False,177.65,0.42,74.613,74.613,-74.613,74.613,Up,1779994200,0.9923388130659919,-241,matched,4,-0.3092595456423047,0.15926217109257318,-0.46852171673487786,-34.95781085073944,-0.7657278803855907,-0.2984369056545505,-0.4672909747310402,-34.8659814976071,-100991.61656380747,-32297.79315167334,-68693.82341213414,-5125452.246249564,43637.75029183272,40689.09428822168,2948.656003611046,220008.07039743097
0xb305d384400e3d7a15780216a55368ea677eca4e,0x27753515c66a14ec1836edbc558e898f089a603542d761013e57df83c62ad074,1779206196,BUY,Up,Up,1,True,44.99,0.47,21.1453,21.1453,23.844700000000003,23.844700000000003,Up,1779206400,0.8720978996610241,-204,matched,4,1.6757401085912451,0.9449303090248735,0.7308097995663716,17.425940427720263,0.9089866926282056,0.18265601039059073,0.7263306822376149,17.31913721875126,1244806.1308175432,628.3715088477375,1244177.7593086956,29667045.417388055,180920.71415443916,178284.02720144467,2636.686952994496,62871.00938806787
0xf6beafa72d6416525c4cf039c9c122883dbef6a3,0x27753515c66a14ec1836edbc558e898f089a603542d761013e57df83c62ad074,1779206145,BUY,Down,Down,-1,False,35.89464,0.5555146395116374,19.939998,19.939998,-19.939998,19.939998,Up,1779206400,0.8720978996610241,-255,matched,4,-1.6067975303536202,-1.1603912156237253,-0.4464063147298949,-8.901341022901475,-0.9082497961497296,-0.477208277865492,-0.43104151828423753,-8.594967012504659,-1245567.8489784426,-180324.17408162102,-1065243.6748968216,-21240956.74695527,193283.260581523,193706.0292604941,-422.7686789711006,-8430.006613146388
0xb305d384400e3d7a15780216a55368ea677eca4e,0x2796ea0c3ddf81a52fd01ca471ae6fcb6a0c422acbacc3b90f659629a9bbdde3,1779359018,BUY,Up,Up,1,False,100.0,0.178,17.8,17.8,-17.8,17.8,Down,1779359100,0.36515633764337807,-82,matched,4,0.14365818363500438,-0.6539838399769655,0.7976420236119699,14.198028020293064,0.9870173971185972,0.19149230193545452,0.7955250951831426,14.160346694259939,308666.16122301196,-868595.2048627529,1177261.366085765,20955252.31632662,58736.71336729481,60377.695331550494,-1640.9819642556831,-29209.47896375116
0xf6beafa72d6416525c4cf039c9c122883dbef6a3,0x2796ea0c3ddf81a52fd01ca471ae6fcb6a0c422acbacc3b90f659629a9bbdde3,1779358990,BUY,Up,Up,1,False,90.556665,0.20992379743666575,19.009998999999997,19.009998999999997,-19.009998999999997,19.009998999999997,Down,1779359100,0.36515633764337807,-110,matched,4,-0.01992348007371203,-1.107782662704945,1.087859182631233,20.680201973960553,0.9618278004401987,-0.11889188515835514,1.0807196855985537,20.544480142508817,307311.551063641,-111794.57744411855,419106.12850775954,7967207.083826379,59082.084016900975,59031.7962595243,50.28775737667456,955.9702174428259
0xb305d384400e3d7a15780216a55368ea677eca4e,0x2796ea0c3ddf81a52fd01ca471ae6fcb6a0c422acbacc3b90f659629a9bbdde3,1779358990,BUY,Up,Up,1,False,133.65,0.2,26.730000000000004,26.730000000000004,-26.730000000000004,26.730000000000004,Down,1779359100,0.36515633764337807,-110,matched,4,-0.01992348007371203,-1.107782662704945,1.087859182631233,29.078475951732862,0.9618278004401987,-0.11889188515835514,1.0807196855985537,28.887637196049344,307311.551063641,-111794.57744411855,419106.12850775954,11202706.815012414,59082.084016900975,59031.7962595243,50.28775737667456,1344.1917546785112
0xf6beafa72d6416525c4cf039c9c122883dbef6a3,0x2796ea0c3ddf81a52fd01ca471ae6fcb6a0c422acbacc3b90f659629a9bbdde3,1779358972,BUY,Up,Up,1,False,4.785713,0.2799998662686208,1.339999,1.339999,-1.339999,1.339999,Down,1779359100,0.36515633764337807,-128,matched,4,-0.03350076672284075,-0.1376807079850706,0.10417994126222985,0.13960101711144673,0.9590751625522943,0.8511632220959032,0.10791194045639108,0.14460189229962359,307239.892868939,7050.123565465774,300189.7693034732,402253.9906768847,58968.952315576025,59255.038141440455,-286.08582586442935,-383.35472057250945
0xf6beafa72d6416525c4cf039c9c122883dbef6a3,0x2796ea0c3ddf81a52fd01ca471ae6fcb6a0c422acbacc3b90f659629a9bbdde3,1779358972,BUY,Up,Up,1,False,181.83,0.2641153825001375,48.024100000000004,48.024100000000004,-48.024100000000004,48.024100000000004,Down,1779359100,0.36515633764337807,-128,matched,4,-0.03350076672284075,-0.1376807079850706,0.10417994126222985,5.003147917171453,0.9590751625522943,0.8511632220959032,0.10791194045639108,5.1823738196717715,307239.892868939,7050.123565465774,300189.7693034732,14416343.500006927,58968.952315576025,59255.038141440455,-286.08582586442935,-13739.014309895943
0xb305d384400e3d7a15780216a55368ea677eca4e,0x27a7ed46b6268e0ce420d5851ce1b31b0bc3fda79f86b6f98e3f6dcf24193bfd,1780115075,BUY,Down,Down,-1,True,200.0,0.76405,152.81,152.81,47.19,47.19,Down,1780115100,0.6162856792750878,-25,matched,4,1.2990990052825293,1.472159641834364,-0.1730606365518348,-8.166731438881083,0.29909900528252936,0.4721596418336792,-0.17306063655114984,-8.16673143884876,2684.9615090581356,78.54964865368257,2606.411860404453,122996.57569248612,499.27929342497373,497.7661308754832,1.5131625494905165,71.40614071045748
0xb305d384400e3d7a15780216a55368ea677eca4e,0x27a7ed46b6268e0ce420d5851ce1b31b0bc3fda79f86b6f98e3f6dcf24193bfd,1780114817,BUY,Down,Down,-1,True,100.0,0.65,65.0,65.0,35.0,35.0,Down,1780115100,0.6162856792750878,-283,matched,4,0.8747924278124576,1.0474498034594624,-0.17265737564700478,-6.043008147645168,0.05077792842455771,0.23235620520727915,-0.18157827678272143,-6.35523968739525,748.4945748791215,6124.930872866759,-5376.436297987638,-188175.27042956732,26258.305559326778,26165.172009984522,93.13354934225572,3259.67422697895
0xb305d384400e3d7a15780216a55368ea677eca4e,0x284b2f9a9954d7ce2c7ae1d753a4ed225ca5720c8260142fcc67a450475154a9,1778545760,BUY,Down,Down,-1,False,24.71,0.09,2.2239,2.2239,-2.2239,2.2239,Up,1778545800,4.227785153435402,-40,matched,4,-1.3798442635096715,-1.0153562417964266,-0.3644880217132449,-0.8105849114880853,-0.9358517532731238,-0.5577939923606079,-0.37805776091251586,-0.840762654493344,-1754.9282299829647,-206071.64322582466,204316.7149958417,454379.94247925235,10806.12596843997,11282.957851761952,-476.8318833219819,-1060.4264253197555
0xf6beafa72d6416525c4cf039c9c122883dbef6a3,0x284b2f9a9954d7ce2c7ae1d753a4ed225ca5720c8260142fcc67a450475154a9,1778545641,BUY,Down,Down,-1,False,41.695651,0.22999998249217887,9.589999,9.589999,-9.589999,9.589999,Up,1778545800,4.227785153435402,-159,matched,4,-0.17144895194667686,0.8783865296447585,-1.0498354815914355,-10.067921218626385,-0.8692428627575616,0.17894654978624513,-1.0481894125438067,-10.052135418105694,-104682.64581097194,14854.31195158562,-119536.95776255756,-1146359.3054059693,50750.819062808994,50745.71870905056,5.100353758432902,48.91238744301778
0xf6beafa72d6416525c4cf039c9c122883dbef6a3,0x284b2f9a9954d7ce2c7ae1d753a4ed225ca5720c8260142fcc67a450475154a9,1778545572,BUY,Down,Down,-1,False,20.591835,0.48999999271555933,10.089998999999999,10.089998999999999,-10.089998999999999,10.089998999999999,Up,1778545800,4.227785153435402,-228,matched,4,-1.001860334801278,-0.2505298001879855,-0.7513305346132926,-7.580924342917586,-0.8930825808842766,-0.14988900976750003,-0.7431935711167765,-7.498822389374703,-134447.79277453493,-92142.576636769,-42305.216137765936,-426859.5885248421,40298.328926027985,37867.99409671067,2430.3348293173185,24522.07599747691
0xf6beafa72d6416525c4cf039c9c122883dbef6a3,0x284b2f9a9954d7ce2c7ae1d753a4ed225ca5720c8260142fcc67a450475154a9,1778545571,BUY,Down,Down,-1,False,8.142856,0.4899999459649047,3.989999,3.989999,-3.989999,3.989999,Up,1778545800,4.227785153435402,-229,matched,4,-1.0687042409898204,0.30438181456063634,-1.3730860555504567,-5.478611988560266,-0.8932684145035239,0.47906321108265376,-1.3723316255861777,-5.4756018137572235,-134709.90868431094,83466.97233470323,-218176.88101901417,-870525.5370889856,42922.71150162944,45089.391074806044,-2166.6795731766033,-8645.049330295074
0xf6beafa72d6416525c4cf039c9c122883dbef6a3,0x284b2f9a9954d7ce2c7ae1d753a4ed225ca5720c8260142fcc67a450475154a9,1778545504,BUY,Down,Down,-1,False,7.708332,0.47999995329728923,3.6999990000000005,3.6999990000000005,-3.6999990000000005,3.6999990000000005,Up,1778545800,4.227785153435402,-296,matched,4,-0.9937163301081744,-0.25295697909494436,-0.74075935101323,-2.7408088579896,-0.8311975831250606,-0.09015632390461448,-0.7410412592204462,-2.741851918074392,-130131.89843503691,-545165.9691229073,415034.0706878704,1535625.64651105,90131.24558670254,88666.7953833476,1464.450203354936,5418.464287963061
0xf6beafa72d6416525c4cf039c9c122883dbef6a3,0x284b2f9a9954d7ce2c7ae1d753a4ed225ca5720c8260142fcc67a450475154a9,1778545502,BUY,Down,Down,-1,False,16.5,0.46,7.590000000000001,7.590000000000001,-7.590000000000001,7.590000000000001,Up,1778545800,4.227785153435402,-298,matched,4,-0.9937163301081744,-0.2720316616452536,-0.7216846684629208,-5.477586633633569,-0.8311975831250606,-0.0948038670621482,-0.7363937160629125,-5.589228304917507,-130131.89843503691,-545675.1363692858,415543.2379342489,3153973.1759209493,90131.24558670254,90319.95804923889,-188.71246253635036,-1432.3275906508993
0xb305d384400e3d7a15780216a55368ea677eca4e,0x284b2f9a9954d7ce2c7ae1d753a4ed225ca5720c8260142fcc67a450475154a9,1778545501,BUY,Down,Down,-1,False,100.0,0.46,46.0,46.0,-46.0,46.0,Up,1778545800,4.227785153435402,-299,matched,4,-0.9936665196427326,-0.16300738031115922,-0.8306591393315733,-38.210320409252375,-0.8311975831250606,0.010847033231019522,-0.8420446163560802,-38.73405235237969,-130131.89843503691,-450114.77953740425,319982.8811023673,14719212.530708896,90135.10760757251,88591.4191851751,1543.6884223974193,71009.66743028129
0xf6beafa72d6416525c4cf039c9c122883dbef6a3,0x284b2f9a9954d7ce2c7ae1d753a4ed225ca5720c8260142fcc67a450475154a9,1778545495,BUY,Down,Down,-1,False,2.5625,0.48,1.23,1.23,-1.23,1.23,Up,1778545800,4.227785153435402,-305,matched,4,-1.0907975491255806,-0.3859683397692464,-0.7048292093563342,-0.8669399275082911,-0.8163598751387361,-0.12074077875521576,-0.6956190963835204,-0.8556114885517301,-137458.24024514094,3262.7802010692358,-140721.02044621017,-173086.8551488385,78690.12711299054,81852.08182768195,-3161.954714691412,-3889.2042990704367
0xf6beafa72d6416525c4cf039c9c122883dbef6a3,0x284b2f9a9954d7ce2c7ae1d753a4ed225ca5720c8260142fcc67a450475154a9,1778545494,BUY,Down,Down,-1,False,2.6875,0.48,1.29,1.29,-1.29,1.29,Up,1778545800,4.227785153435402,-306,matched,4,-1.0907975491255806,-0.011368426295307994,-1.0794291228302726,-1.3924635684510518,-0.8163598751387361,0.25723662166377703,-1.0735964968025131,-1.384939480875242,-137458.24024514094,77666.0416482911,-215124.28189343202,-277510.32364252734,78690.12711299054,81762.72254623877,-3072.595433248236,-3963.6481088902246
0xb305d384400e3d7a15780216a55368ea677eca4e,0x284b2f9a9954d7ce2c7ae1d753a4ed225ca5720c8260142fcc67a450475154a9,1778545753,BUY,Down,Down,-1,False,100.0,0.15,15.0,15.0,-15.0,15.0,Up,1778545800,4.227785153435402,-47,matched,4,-1.3171305004868614,-0.289882756235929,-1.0272477442509325,-15.408716163763987,-0.9226029385028203,0.11636708373687778,-1.038970022239698,-15.58455033359547,-1750.4331452439656,10960.380547746565,-12710.81369299053,-190662.20539485797,11170.38761742902,11424.096105164645,-253.70848773562466,-3805.62731603437
0xf6beafa72d6416525c4cf039c9c122883dbef6a3,0x287614713fe3c9d07e298741f603cff8cc05f3e81fc4a92e95cdafbc6f45cd6b,1778356781,BUY,Up,Up,1,True,4.78,0.5,2.39,2.39,2.39,2.39,Up,1778356800,1.0452134429427582,-19,matched,4,0.019834893168687695,-0.3812615333883354,0.4010964265570231,0.9586204594712853,0.9999291416878212,0.6072710375987787,0.39265810408904256,0.9384528687728118,716177.8895690781,8291.04559659533,707886.8439724827,1691849.5570942338,81729.98215635607,81765.62874444036,-35.64658808428794,-85.19534552144819
0xf6beafa72d6416525c4cf039c9c122883dbef6a3,0x287614713fe3c9d07e298741f603cff8cc05f3e81fc4a92e95cdafbc6f45cd6b,1778356775,BUY,Up,Up,1,True,6.552104,0.372399308680082,2.439999,2.439999,4.112105000000001,4.112105000000001,Up,1778356800,1.0452134429427582,-25,matched,4,1.9719388108683669,0.7569449531080414,1.2149938577603254,4.996182317465523,0.9999363327690924,-0.21460690181508446,1.214543234584177,4.9943293076497675,797074.424383254,-7689.263269230531,804763.6876524845,3309272.78381422,1428.6254034140147,1434.326520056682,-5.70111664266733,-23.443590251895543
0xb305d384400e3d7a15780216a55368ea677eca4e,0x288bb00fe35b4a8999c4bf97701becbf5e3eeb61df21e71f52a8f023201ecf01,1780793364,BUY,Down,Down,-1,True,600.0,0.49,294.0,294.0,306.0,306.0,Down,1780793400,3.9950165847007937,-36,matched,4,0.06945848044291925,-0.9463679394798579,1.0158264199227771,310.8428844963698,0.8987045872214143,-0.1323427590013425,1.0310473462227567,315.5004879441636,34508.053918599,277.5639429002622,34230.489975698736,10474529.932563813,659.2975918849115,682.7907319486694,-23.49314006375789,-7188.900859509915
0xf6beafa72d6416525c4cf039c9c122883dbef6a3,0x288bb00fe35b4a8999c4bf97701becbf5e3eeb61df21e71f52a8f023201ecf01,1780793388,BUY,Down,Down,-1,True,6.93,0.54,3.7422,3.7422,3.1877999999999997,3.1877999999999997,Down,1780793400,3.9950165847007937,-12,matched,4,1.9426177960921698,0.06313191144197206,1.8794858846501978,5.9914251030879,0.9461294173790266,-0.9368680885581172,1.8829975059371438,6.002619449426426,35442.155632669004,-38648.01849740122,74090.17413007023,236184.65709183784,937.393484986038,939.6066206451505,-2.213135659112595,-7.05503385411913
0xb305d384400e3d7a15780216a55368ea677eca4e,0x288bb00fe35b4a8999c4bf97701becbf5e3eeb61df21e71f52a8f023201ecf01,1780793383,BUY,Down,Down,-1,True,375.99,0.4779260086704434,179.6954,179.6954,196.29460000000003,196.29460000000003,Down,1780793400,3.9950165847007937,-17,matched,4,-0.10129975493548637,-1.9989612180249123,1.897661463089426,372.50069783255367,0.8987002450747019,-0.9989612180421908,1.8976614631168927,372.50069783794527,34506.408033141,-24463.54807884399,58969.95611198499,11575483.94701965,1.6458854579832405,1.6847765112761408,-0.038891053292900324,-7.6341037497085535
0xb305d384400e3d7a15780216a55368ea677eca4e,0x28a80bdd94c2c170026ec32ba591e1d61b057a9793b4a617ae3bdecd90907e9c,1780107567,BUY,Down,Down,-1,True,100.0,0.4,40.0,40.0,60.0,60.0,Down,1780107600,0.8545035795377922,-33,matched,4,1.9242055862999046,0.9487503490737001,0.9754552372262044,58.52731423357226,0.9989261860700825,0.017164638656796044,0.9817615474132865,58.90569284479719,237884.375763237,-394.79884054351214,238279.17460378053,14296750.47622683,633.6819991489756,627.3872820397555,6.294717109220073,377.6830265532044
0xb305d384400e3d7a15780216a55368ea677eca4e,0x28a80bdd94c2c170026ec32ba591e1d61b057a9793b4a617ae3bdecd90907e9c,1780107576,BUY,Down,Down,-1,True,100.0,0.13,13.0,13.0,87.0,87.0,Down,1780107600,0.8545035795377922,-24,matched,4,0.057246541857744915,-1.0926778414198326,1.1499243832775776,100.04342134514926,0.9999999999999999,-0.14919993829727327,1.149199938297273,99.98039463186275,222139.64315573502,3223.267600405403,218916.3755553296,19045724.673313677,16340.304649605969,16035.226426374633,305.07822323133587,26541.80542112622
0xf6beafa72d6416525c4cf039c9c122883dbef6a3,0x29687cd17ab9a72a1fc00f73705a6712b276823b7572c5c61ccd13b657aa31c6,1778003736,BUY,Down,Down,-1,True,22.045453,0.43999998548453506,9.699999,9.699999,12.345453999999998,12.345453999999998,Down,1778004000,1.924533204445603,-264,matched,4,-0.5019591886431434,-1.3582318139787048,0.8562726253355615,10.571074307539407,0.18369633089782567,-0.6627553034872157,0.8464516343850413,10.449829715525345,8961.743754521245,-193523.31600033536,202485.0597548566,2499769.990890833,225160.2556431112,217427.25211308573,7733.003530025453,95467.43936176684
0xb305d384400e3d7a15780216a55368ea677eca4e,0x29a5ca1ad8263cc960ed531f903bfd72e19d48359cf2a7d5e3d472ee6edc3649,1780788297,BUY,Up,Up,1,False,200.0,0.05,10.0,10.0,-10.0,10.0,Down,1780788300,4.874685157696732,-3,offset_out_of_range,,,,,,,,,,,,,,,,,
0xf6beafa72d6416525c4cf039c9c122883dbef6a3,0x29a5ca1ad8263cc960ed531f903bfd72e19d48359cf2a7d5e3d472ee6edc3649,1780788097,BUY,Down,Down,-1,True,5.02,0.22,1.1043999999999998,1.1043999999999998,3.9156,3.9156,Down,1780788300,4.874685157696732,-203,matched,4,-0.04957807896670907,0.7224516307010771,-0.7720297096677862,-3.0229595311751836,-0.5172048542817026,0.23807262683357194,-0.7552774811152745,-2.9573645050549686,-12319.982101827998,4023.764353332408,-16343.746455160406,-63995.573619826086,85400.56421607675,83385.46960983914,2015.0946062376024,7890.304440183956
0xf6beafa72d6416525c4cf039c9c122883dbef6a3,0x29a5ca1ad8263cc960ed531f903bfd72e19d48359cf2a7d5e3d472ee6edc3649,1780788096,BUY,Down,Down,-1,True,200.0,0.21,42.0,42.0,158.0,158.0,Down,1780788300,4.874685157696732,-204,matched,4,-0.04968238372599654,0.6445735890777301,-0.6942559728037266,-109.69244370298881,-0.5172048542817026,0.15664519833922447,-0.673850052620927,-106.46830831410647,-12319.982101827998,280.0841232091334,-12600.066225037132,-1990810.4635558669,85406.63409607674,84427.95972753537,978.6743685413676,154630.55022953608
0xf6beafa72d6416525c4cf039c9c122883dbef6a3,0x29a5ca1ad8263cc960ed531f903bfd72e19d48359cf2a7d5e3d472ee6edc3649,1780788096,BUY,Down,Down,-1,True,32.0,0.21,6.72,6.72,25.28,25.28,Down,1780788300,4.874685157696732,-204,matched,4,-0.04968238372599654,0.6445735890777301,-0.6942559728037266,-17.55079099247821,-0.5172048542817026,0.15664519833922447,-0.673850052620927,-17.034929330257036,-12319.982101827998,280.0841232091334,-12600.066225037132,-318529.6741689387,85406.63409607674,84427.95972753537,978.6743685413676,24740.888036725773
0xf6beafa72d6416525c4cf039c9c122883dbef6a3,0x29a5ca1ad8263cc960ed531f903bfd72e19d48359cf2a7d5e3d472ee6edc3649,1780788094,BUY,Down,Down,-1,True,69.44,0.29,20.1376,20.1376,49.3024,49.3024,Down,1780788300,4.874685157696732,-206,matched,4,-0.04968238372599654,0.2946327559832207,-0.34431513970921723,-16.97556274399971,-0.5172048542817026,-0.19406490161126708,-0.3231399526704355,-15.931575202538879,-12319.982101827998,-72148.41579662528,59828.433694797284,2949685.3693943736,85406.63409607674,83324.96586030495,2081.6682357717946,102631.24002731532
0xf6beafa72d6416525c4cf039c9c122883dbef6a3,0x29a5ca1ad8263cc960ed531f903bfd72e19d48359cf2a7d5e3d472ee6edc3649,1780788061,BUY,Down,Down,-1,True,115.38,0.25,28.845,28.845,86.535,86.535,Down,1780788300,4.874685157696732,-239,matched,4,-0.08721770590598821,0.31964399347492034,-0.40686169938090855,-35.20777715592692,-0.5387211033933226,-0.13874565575186795,-0.39997544764145465,-34.611875361653276,-13466.639594924003,-263034.2217738296,249567.5821789056,21596330.723851595,86972.73998152485,85312.88413896138,1659.8558425634692,143635.6253362298
0xf6beafa72d6416525c4cf039c9c122883dbef6a3,0x29a5ca1ad8263cc960ed531f903bfd72e19d48359cf2a7d5e3d472ee6edc3649,1780788060,BUY,Down,Down,-1,True,80.64,0.23,18.5472,18.5472,62.092800000000004,62.092800000000004,Down,1780788300,4.874685157696732,-240,matched,4,-0.08721770590598821,-0.02189252931819137,-0.06532517658779684,-4.056223124830752,-0.5387211033933226,-0.48266365446568477,-0.05605744892763781,-3.480763964774029,-13466.639594924003,-285768.16311399086,272301.52351906686,16907964.039564718,86972.73998152485,84571.31854561868,2401.4214359061734,149110.98093543487
0xb305d384400e3d7a15780216a55368ea677eca4e,0x29a5ca1ad8263cc960ed531f903bfd72e19d48359cf2a7d5e3d472ee6edc3649,1780788280,BUY,Down,Down,-1,True,48.74,0.16,7.798400000000001,7.798400000000001,40.9416,40.9416,Down,1780788300,4.874685157696732,-20,matched,4,0.32479083562469335,-0.4451842890383524,0.7699751246630457,31.524013563904553,0.9999999999999118,0.2525616674351652,0.7474383325647467,30.601321236532833,495.0803303360153,532.286708521752,-37.20637818573664,-1523.2886531291551,60.66258125199238,73.74451318049978,-13.081931928507402,-535.5952242441787
0xb305d384400e3d7a15780216a55368ea677eca4e,0x29a5ca1ad8263cc960ed531f903bfd72e19d48359cf2a7d5e3d472ee6edc3649,1780788267,BUY,Down,Down,-1,True,199.99,0.15280114005700285,30.5587,30.5587,169.43130000000002,169.43130000000002,Down,1780788300,4.874685157696732,-33,matched,4,1.8745888372224906,0.2871565414000635,1.5874322958224272,268.9607175431784,0.9612171152856477,-0.6301723752840511,1.5913894905696988,269.63119019356185,488.3217165080132,-1263.3481648703892,1751.6698813784024,296787.7051727885,1357.1335222678608,1361.2178497130226,-4.084327445161762,-692.0129086594361
0xf6beafa72d6416525c4cf039c9c122883dbef6a3,0x2b610159f118ca2868f1ecdb4dd7ae09b0c62194f301ba8bf303aba64f9d0af2,1778246125,BUY,Down,Down,-1,False,43.363635,0.21999998385744185,9.539999000000002,9.539999000000002,-9.539999000000002,9.539999000000002,Up,1778246400,8.826798548096356,-275,matched,4,0.05716513301500814,-0.8525483766543716,0.9097135096693797,8.678665972532373,0.8105691283810731,-0.08451485554385692,0.89508398392493,8.53910031155985,153652.796421514,-65152.673151745345,218805.46957325935,2087403.960923425,372637.9996424386,370000.8014473127,2637.1981951259077,25158.868144302967
0xb305d384400e3d7a15780216a55368ea677eca4e,0x2c0957d4eb7c23aba6e35851d9b5b0bf0f7042def08fba3fd6be02cab1e66b7a,1780028548,BUY,Down,Down,-1,False,100.0,0.2,20.0,20.0,-20.0,20.0,Up,1780028700,7.653437295488388,-152,matched,4,1.1336131692747013,0.20123481381482403,0.9323783554598774,18.647567109197546,0.189704013034062,-0.7517629842817494,0.9414669973158114,18.829339946316228,2921.360363353917,-65642.94616676714,68564.30653012106,1371286.1306024212,148940.1510865301,157182.75462289993,-8242.603536369832,-164852.07072739664
0xb305d384400e3d7a15780216a55368ea677eca4e,0x2c0957d4eb7c23aba6e35851d9b5b0bf0f7042def08fba3fd6be02cab1e66b7a,1780028499,BUY,Down,Down,-1,False,200.0,0.343718,68.7436,68.7436,-68.7436,68.7436,Up,1780028700,7.653437295488388,-201,matched,4,-0.18089096387438863,0.8102048867669512,-0.9910958506413399,-68.13149671814801,-0.8500152691017473,0.12444767102931618,-0.9744629401310635,-66.98809057119378,-136866.37736485203,82246.55334864315,-219112.93071349518,-15062611.663796227,8340.71689650201,8676.942555130212,-336.2256586282019,-23113.362186473663
0xb305d384400e3d7a15780216a55368ea677eca4e,0x2c0957d4eb7c23aba6e35851d9b5b0bf0f7042def08fba3fd6be02cab1e66b7a,1780028418,BUY,Up,Up,1,True,100.0,0.53,53.0,53.0,47.0,47.0,Up,1780028700,7.653437295488388,-282,matched,4,0.723391978924416,-0.6725198149133507,1.3959117938377665,65.60785431037503,0.8389803940251652,-0.5599654780741619,1.398945872099327,65.75045598866838,137689.29728222504,-110835.53285517247,248524.8301373975,11680667.016457682,13234.909537928994,13488.915137254422,-254.0055993254282,-11938.263168295125
0xb305d384400e3d7a15780216a55368ea677eca4e,0x2c0957d4eb7c23aba6e35851d9b5b0bf0f7042def08fba3fd6be02cab1e66b7a,1780028409,BUY,Up,Up,1,True,100.0,0.63,63.0,63.0,37.0,37.0,Up,1780028700,7.653437295488388,-291,matched,4,1.2996959170015305,0.7721150998218854,0.5275808171796451,19.520490235646868,0.8389803940251652,0.2893954614620279,0.5495849325631373,20.334642504836083,137689.29728222504,1182618.2621170774,-1044928.9648348524,-38662371.69888954,28019.695869892006,28265.69518634356,-245.99931645155448,-9101.974708707516
0xb305d384400e3d7a15780216a55368ea677eca4e,0x2c0957d4eb7c23aba6e35851d9b5b0bf0f7042def08fba3fd6be02cab1e66b7a,1780028404,BUY,Up,Up,1,True,100.0,0.65,65.0,65.0,35.0,35.0,Up,1780028700,7.653437295488388,-296,matched,4,1.292577944249937,0.39892838832434263,0.8936495559255944,31.277734457395802,0.8375842969247622,-0.06938942428110154,0.9069737212058637,31.74408024220523,137564.61155988902,1108236.7029091262,-970672.0913492371,-33973523.1972233,27993.718698466007,26820.115522464563,1173.6031760014448,41076.11116005057
0xb305d384400e3d7a15780216a55368ea677eca4e,0x2c45b6d3c56a2e028ef527506570d65f0f6189cf8949f24e5186f53421906874,1778658887,BUY,Down,Down,-1,False,23.75,0.53,12.5875,12.5875,-12.5875,12.5875,Up,1778658900,0.9786809711656436,-13,matched,4,0.0023879394834959156,0.5712091332770747,-0.5688211937935788,-7.160036776876673,-0.9976120605165172,-0.42705047866355633,-0.5705615818529608,-7.181943911574145,-837428.9354419159,-168428.32842039593,-669000.6070215199,-8421045.140883382,2228.3455510810018,2233.999219797901,-5.653668716899119,-71.16555497396767
0xb305d384400e3d7a15780216a55368ea677eca4e,0x2c6d2c59507b6b13a9fba2e425e5a328988b5b9da1eed171b1ac7446e25c61db,1780135485,BUY,Up,Up,1,True,29.99,0.62,18.593799999999998,18.593799999999998,11.3962,11.3962,Up,1780135500,0.8603319583379105,-15,no_treated_features,,,,,,,,,,,,,,,,,
0xb305d384400e3d7a15780216a55368ea677eca4e,0x2c6d2c59507b6b13a9fba2e425e5a328988b5b9da1eed171b1ac7446e25c61db,1780135471,BUY,Down,Down,-1,False,100.0,0.24,24.0,24.0,-24.0,24.0,Up,1780135500,0.8603319583379105,-29,matched,4,-1.9592817380157426,-0.5604976098313265,-1.398784128184416,-33.570819076425984,-1.0000000000001215,0.39610041748932157,-1.3961004174894431,-33.50641001974664,-299.55020071200124,-6151.395280682893,5851.845079970892,140444.2819193014,6063.353987866998,6004.134472342397,59.219515524600865,1421.2683725904208
0xb305d384400e3d7a15780216a55368ea677eca4e,0x2c6d2c59507b6b13a9fba2e425e5a328988b5b9da1eed171b1ac7446e25c61db,1780135459,BUY,Up,Up,1,True,100.0,0.197542,19.7542,19.7542,80.2458,80.2458,Up,1780135500,0.8603319583379105,-41,matched,4,1.970788156105157,1.0713557849008648,0.8994323712042922,72.1756701731854,1.0000000000001437,0.09979890131313607,0.9002010986870076,72.23735732501788,404.88314338200144,10294.230581798387,-9889.347438416386,-793578.5966736736,6027.953183477017,6124.849899012217,-96.8967155352002,-7775.554455494568
0xb305d384400e3d7a15780216a55368ea677eca4e,0x2d54fd7653747410edd4613d7f454a6c182fe0e2273a7fb5ef65cb1614a240a0,1780642723,BUY,Up,Up,1,False,100.0,0.367602,36.7602,36.7602,-36.7602,36.7602,Down,1780642800,6.9981185324403885,-77,matched,4,0.22665706625656606,0.3361325992135724,-0.10947553295700635,-4.024342486606145,0.4887542043332405,0.5941088094194265,-0.10535460508618594,-3.8728563538892122,19799.29616810102,11400.666983123345,8398.629184977675,308735.2885656163,44034.78432933893,40748.86385007881,3285.920479260123,120791.09400169797
0xb305d384400e3d7a15780216a55368ea677eca4e,0x2d54fd7653747410edd4613d7f454a6c182fe0e2273a7fb5ef65cb1614a240a0,1780642714,BUY,Up,Up,1,False,100.0,0.461797,46.179700000000004,46.179700000000004,-46.179700000000004,46.179700000000004,Down,1780642800,6.9981185324403885,-86,matched,4,0.0536623913976082,-0.0625394432237904,0.1162018346213986,5.3661658622658015,0.32376030757726654,0.2025964544869315,0.12116385309033503,5.595310386555745,14849.378933702596,-26843.04370267645,41692.422636379044,1925343.5696211935,43799.539367396384,45346.088545097125,-1546.549177700741,-71419.17706146691
0xb305d384400e3d7a15780216a55368ea677eca4e,0x2d54fd7653747410edd4613d7f454a6c182fe0e2273a7fb5ef65cb1614a240a0,1780642734,BUY,Down,Down,-1,True,300.0,0.89,267.0,267.0,32.99999999999999,32.99999999999999,Down,1780642800,6.9981185324403885,-66,matched,4,-1.0028809743097897,-0.7745141828190082,-0.22836679149078154,-7.536104119195789,-0.49800668214647964,-0.2747426852743294,-0.22326399687215026,-7.367711896780957,-19640.953277956694,-6318.996218464032,-13321.957059492663,-439624.5829632578,21898.367213043384,21765.02574082563,133.34147221775493,4400.268583185912
0xf6beafa72d6416525c4cf039c9c122883dbef6a3,0x2d70588c769869f23ce2f3bc5eeb9dffdf31e531903d46eaeb52d969a1d1a3f4,1778952239,BUY,Up,Up,1,True,16.764704,0.5099999976140348,8.549999,8.549999,8.214704999999999,8.214704999999999,Up,1778952300,2.5754551398380117,-61,matched,4,0.06659085505761764,-0.2718227423170761,0.33841359737469373,2.779967870421883,0.9993414411599205,0.6586000881916879,0.3407413529682326,2.7990896959349048,426200.83265909227,1810.7851199809593,424390.0475391113,3486239.0454697744,10740.832154094707,10737.239027677831,3.593126416875748,29.516473542341288
0xf6beafa72d6416525c4cf039c9c122883dbef6a3,0x2d70588c769869f23ce2f3bc5eeb9dffdf31e531903d46eaeb52d969a1d1a3f4,1778952237,BUY,Up,Up,1,True,15.38,0.5,7.69,7.69,7.69,7.69,Up,1778952300,2.5754551398380117,-63,matched,4,0.06646709536876849,-0.15647027841621794,0.22293737378498643,1.7143884044065458,0.9993414411599205,0.7785410440439874,0.22080039711593313,1.6979550538215258,426200.83265909227,140001.3639622535,286199.46869683877,2200873.9142786902,10760.635045567993,10664.7548416211,95.88020394689374,737.3187683516129
0xf6beafa72d6416525c4cf039c9c122883dbef6a3,0x2d70588c769869f23ce2f3bc5eeb9dffdf31e531903d46eaeb52d969a1d1a3f4,1778952232,BUY,Up,Up,1,True,4.87755,0.4899998974895183,2.389999,2.389999,2.487551,2.487551,Up,1778952300,2.5754551398380117,-68,matched,4,0.0610808215544425,-1.079902778488006,1.1409836000424485,2.8382548952691926,0.9993414411599205,-0.14040907980257733,1.1397505209624978,2.8351875481707824,426200.83265909227,-1012.8444284659654,427213.67708755826,1062715.8096528326,11699.415551641956,11887.440914666353,-188.02536302439694,-467.7226798167016
0xf6beafa72d6416525c4cf039c9c122883dbef6a3,0x2d70588c769869f23ce2f3bc5eeb9dffdf31e531903d46eaeb52d969a1d1a3f4,1778952204,BUY,Up,Up,1,True,5.744679,0.4699999773703631,2.699999,2.699999,3.0446799999999996,3.0446799999999996,Up,1778952300,2.5754551398380117,-96,matched,4,0.13775961378310664,-0.5818436811982267,0.7196032949813334,2.190961760163766,0.9993440773544628,0.28637084400336843,0.7129732333510944,2.1707753441194098,427914.8895328925,4603.00139195671,423311.8881409358,1288849.2395849442,10870.417483166326,11138.24316893406,-267.8256857677334,-815.4435089433024
0xf6beafa72d6416525c4cf039c9c122883dbef6a3,0x2d70588c769869f23ce2f3bc5eeb9dffdf31e531903d46eaeb52d969a1d1a3f4,1778952281,BUY,Up,Up,1,True,5.204544,0.439999930829675,2.289999,2.289999,2.9145450000000004,2.9145450000000004,Up,1778952300,2.5754551398380117,-19,matched,4,0.02408988691690883,-0.2861900117015795,0.3102798986184883,0.9043247271190221,1.0,0.6973889245052914,0.30261107549470856,0.8819735970277255,425592.775194942,103770.11664559484,321822.6585493472,937966.6203617073,682.0010844003409,677.4298438528203,4.571240547520574,13.323086281573353
0xf6beafa72d6416525c4cf039c9c122883dbef6a3,0x2d70588c769869f23ce2f3bc5eeb9dffdf31e531903d46eaeb52d969a1d1a3f4,1778952281,BUY,Up,Up,1,True,4.822221,0.449999906682004,2.1699990000000002,2.1699990000000002,2.652222,2.652222,Up,1778952300,2.5754551398380117,-19,matched,4,0.02408988691690883,-0.2861900117015795,0.3102798986184883,0.8229311732737243,1.0,0.6973889245052914,0.30261107549470856,0.802591751870727,425592.775194942,103770.11664559484,321822.6585493472,853545.1351030667,682.0010844003409,677.4298438528203,4.571240547520574,12.123944747426112
0xf6beafa72d6416525c4cf039c9c122883dbef6a3,0x2d70588c769869f23ce2f3bc5eeb9dffdf31e531903d46eaeb52d969a1d1a3f4,1778952281,BUY,Up,Up,1,True,73.788822,0.4878787602816047,35.999998999999995,35.999998999999995,37.788823,37.788823,Up,1778952300,2.5754551398380117,-19,matched,4,0.02408988691690883,-0.2861900117015795,0.3102798986184883,11.725112169352,1.0,0.6973889245052914,0.30261107549470856,11.435316369709179,425592.775194942,103770.11664559484,321822.6585493472,12161299.481310718,682.0010844003409,677.4298438528203,4.571240547520574,172.74179994067808
0xf6beafa72d6416525c4cf039c9c122883dbef6a3,0x2d70588c769869f23ce2f3bc5eeb9dffdf31e531903d46eaeb52d969a1d1a3f4,1778952279,BUY,Up,Up,1,True,10.219511,0.40999995009545953,4.189999,4.189999,6.029512,6.029512,Up,1778952300,2.5754551398380117,-21,matched,4,0.06338696282196798,-0.5018019862815406,0.5651889491035086,3.4078135508869947,1.0,0.43171860087645564,0.5682813991235444,3.4264595153922004,426090.2879892918,-307.62985777402355,426397.91784706584,2570971.362433898,259.1909798006527,260.12644406739855,-0.9354642667458393,-5.640393021915239
0xf6beafa72d6416525c4cf039c9c122883dbef6a3,0x2d70588c769869f23ce2f3bc5eeb9dffdf31e531903d46eaeb52d969a1d1a3f4,1778952279,BUY,Up,Up,1,True,8.488371,0.42410952584424033,3.5999990000000004,3.5999990000000004,4.888372,4.888372,Up,1778952300,2.5754551398380117,-21,matched,4,0.06338696282196798,-0.5018019862815406,0.5651889491035086,2.7628538335070165,1.0,0.43171860087645564,0.5682813991235444,2.777970879596359,426090.2879892918,-307.62985777402355,426397.91784706584,2084391.642461897,259.1909798006527,260.12644406739855,-0.9354642667458393,-4.5728973285608925
0xf6beafa72d6416525c4cf039c9c122883dbef6a3,0x2d70588c769869f23ce2f3bc5eeb9dffdf31e531903d46eaeb52d969a1d1a3f4,1778952279,BUY,Up,Up,1,True,9.697673,0.4299999597841668,4.169999,4.169999,5.527673999999999,5.527673999999999,Up,1778952300,2.5754551398380117,-21,matched,4,0.06338696282196798,-0.5018019862815406,0.5651889491035086,3.1241802590467875,1.0,0.43171860087645564,0.5682813991235444,3.1412743146188387,426090.2879892918,-307.62985777402355,426397.91784706584,2356988.6841373616,259.1909798006527,260.12644406739855,-0.9354642667458393,-5.17094150522004
0xf6beafa72d6416525c4cf039c9c122883dbef6a3,0x2d70588c769869f23ce2f3bc5eeb9dffdf31e531903d46eaeb52d969a1d1a3f4,1778952274,BUY,Up,Up,1,True,4.853657,0.4099999237688201,1.989999,1.989999,2.863658,2.863658,Up,1778952300,2.5754551398380117,-26,matched,4,-3.855419955656192e-05,-1.0810914016179294,1.081052847418373,3.095765634932403,0.9999614458004434,-0.08109140161734464,1.081052847417788,3.095765634930728,426119.4829547419,-306.2124449385228,426425.69539968047,1221137.354036858,213.56668535014614,213.5786805160751,-0.011995165928965434,-0.0343500528738093
0xf6beafa72d6416525c4cf039c9c122883dbef6a3,0x2d70588c769869f23ce2f3bc5eeb9dffdf31e531903d46eaeb52d969a1d1a3f4,1778952265,BUY,Up,Up,1,True,2.736841,0.3799997880768375,1.0399990000000001,1.0399990000000001,1.696842,1.696842,Up,1778952300,2.5754551398380117,-35,matched,4,1.2779161401996801,0.26962820710862156,1.0082879330910586,1.710905312962098,0.999961458359925,-0.035714840809578735,1.0356762991695037,1.7573790428353788,426258.34695034195,-108804.89082068489,535063.2377710268,907917.7745058646,206.91967074992135,203.50023038635845,3.4194403635628987,5.802250025388796
0xf6beafa72d6416525c4cf039c9c122883dbef6a3,0x2d70588c769869f23ce2f3bc5eeb9dffdf31e531903d46eaeb52d969a1d1a3f4,1778952265,BUY,Up,Up,1,True,4.89189,0.36999993867400943,1.8099990000000001,1.8099990000000001,3.081891,3.081891,Up,1778952300,2.5754551398380117,-35,matched,4,1.2779161401996801,0.26962820710862156,1.0082879330910586,3.107433506401936,0.999961458359925,-0.035714840809578735,1.0356762991695037,3.191841465323801,426258.34695034195,-108804.89082068489,535063.2377710268,1649006.5769173875,206.91967074992135,203.50023038635845,3.4194403635628987,10.538342481501227
0xf6beafa72d6416525c4cf039c9c122883dbef6a3,0x2d70588c769869f23ce2f3bc5eeb9dffdf31e531903d46eaeb52d969a1d1a3f4,1778952265,BUY,Up,Up,1,True,4.651161,0.42999995054998097,1.999999,1.999999,2.6511620000000002,2.6511620000000002,Up,1778952300,2.5754551398380117,-35,matched,4,1.2779161401996801,0.26962820710862156,1.0082879330910586,2.6731346532695572,0.999961458359925,-0.035714840809578735,1.0356762991695037,2.74574564865882,426258.34695034195,-108804.89082068489,535063.2377710268,1418539.323575511,206.91967074992135,203.50023038635845,3.4194403635628987,9.065490353144142
0xf6beafa72d6416525c4cf039c9c122883dbef6a3,0x2d728b4a2a8bb16c5b4c42ba77e4e78703dbf687b4951afe400acfd3bb4ab2b4,1778092535,BUY,Down,Down,-1,True,18.471697,0.5299999778038802,9.789999,9.789999,8.681697999999999,8.681697999999999,Down,1778092800,4.895069088304253,-265,matched,4,-0.633409442730294,0.1854332521014334,-0.8188426948317273,-7.108944986035217,-0.6140454268444785,0.19222526337435825,-0.8062706902188368,-6.9997986387314945,-39002.994305424,13964.219806872057,-52967.21411229606,-459845.35682429245,77324.77953113033,78161.11573871193,-836.3362075815967,-7260.818380688732
0xb305d384400e3d7a15780216a55368ea677eca4e,0x2d7e892c462ec7dcfa1cf4ee6c2a6fe3fc2e1ff1f5cab8b45d06c5f9957fb397,1777944030,BUY,Up,Up,1,True,57.45,0.53,30.448500000000003,30.448500000000003,27.0015,27.0015,Up,1777944300,6.00390882473957,-270,matched,4,0.8672004030306308,0.16625757300891614,0.7009428300217146,18.92650782483133,0.9674280595106522,0.27439514148303057,0.6930329180276217,18.712928336122825,550029.1449225395,9709.376112856757,540319.7688096827,14589444.237514647,27549.83299791516,28323.75832237568,-773.9253244605206,-20897.144648420748
0xf6beafa72d6416525c4cf039c9c122883dbef6a3,0x2d9ab1920dea712d8277df4a6b6f2c87c4e18aa64108de7b12d16b9bec3a8d25,1780787605,BUY,Down,Down,-1,True,116.27,0.38,44.1826,44.1826,72.0874,72.0874,Down,1780787700,0.49677299334445985,-95,matched,4,0.9858418524608583,0.33993241672817764,0.6459094357326807,46.56193185743604,0.6029783985790209,-0.042477605098311694,0.6454560036773326,46.529245119489346,36294.65203131702,-2488.1856814425073,38782.83771275952,2795753.9353347807,3557.1586852249457,3456.6977989742227,100.46088625072298,7241.964091510368
0xf6beafa72d6416525c4cf039c9c122883dbef6a3,0x2d9ab1920dea712d8277df4a6b6f2c87c4e18aa64108de7b12d16b9bec3a8d25,1780787551,BUY,Down,Down,-1,True,69.76,0.42,29.299200000000003,29.299200000000003,40.460800000000006,40.460800000000006,Down,1780787700,0.49677299334445985,-149,matched,4,1.4398342180249015,0.8560695417093318,0.5837646763155697,23.61958581546901,0.5827015642103404,0.005020356477365845,0.5776812077329745,23.37344380984234,35534.80274956401,12387.446519924517,23147.356229639496,936560.5509361979,71694.702405244,73318.91150971089,-1624.2091044668923,-65716.79973401404
0xf6beafa72d6416525c4cf039c9c122883dbef6a3,0x2d9ab1920dea712d8277df4a6b6f2c87c4e18aa64108de7b12d16b9bec3a8d25,1780787550,BUY,Down,Down,-1,True,49.99,0.42,20.9958,20.9958,28.994200000000006,28.994200000000006,Down,1780787700,0.49677299334445985,-150,matched,4,1.4398342180249015,0.550170067186494,0.8896641508384076,25.795100322238962,0.5827015642103404,-0.30661145262665884,0.8893130168369991,25.784919472775325,35534.80274956401,-559.1470975484917,36093.949847112504,1046515.2006571497,71694.702405244,73122.58121243185,-1427.8788071878516,-41400.20371136602
0xf6beafa72d6416525c4cf039c9c122883dbef6a3,0x2eef84a923567fba86fd0cdb72d3f09ed1d5a4b037f4ea24522e28729ead3ee2,1779274444,BUY,Up,Up,1,True,4.275861,0.2899998386289919,1.239999,1.239999,3.035862,3.035862,Up,1779274500,0.6089080383906335,-56,matched,4,0.06325877819559034,-0.49412859280483135,0.5573873710004217,1.692151138900082,0.9664769325626815,0.4113236373154199,0.5551532952472616,1.6853687932159422,306559.12902238686,-2217.2691834674224,308776.3982058543,937402.5338100211,21220.08165049227,21427.68503439412,-207.60338390184916,-630.2552242590356
0xf6beafa72d6416525c4cf039c9c122883dbef6a3,0x2eef84a923567fba86fd0cdb72d3f09ed1d5a4b037f4ea24522e28729ead3ee2,1779274412,BUY,Up,Up,1,True,207.913042,0.22999999682559596,47.819998999999996,47.819998999999996,160.093043,160.093043,Up,1779274500,0.6089080383906335,-88,matched,4,-0.013426840990299005,-0.703889313224868,0.690462472234569,110.53823825733517,0.9610454792993697,0.27459852951236907,0.6864469497870006,109.89538104946912,311566.52748161554,-279.6360127070184,311846.16349432257,49924401.26168161,16212.885152770206,16214.055747415216,-1.1705946450092597,-187.40405883903713
0xf6beafa72d6416525c4cf039c9c122883dbef6a3,0x2eef84a923567fba86fd0cdb72d3f09ed1d5a4b037f4ea24522e28729ead3ee2,1779274458,BUY,Up,Up,1,True,51.69634,0.37159301799701877,19.209999,19.209999,32.486340999999996,32.486340999999996,Up,1779274500,0.6089080383906335,-42,matched,4,-0.03355480353779938,-0.8708213069783777,0.8372665034405783,27.199725138648297,0.9664451964623854,0.12909762816563244,0.8373475682967529,27.202358639209102,306259.12876996654,-1744.7922203829075,308003.92099034943,10005920.406629547,6305.20604495611,6315.235214740882,-10.029169784771511,-325.8110295749839
0xf6beafa72d6416525c4cf039c9c122883dbef6a3,0x2f55526f3eed5c9842ecd963c7ccbf939b7d6c4dfcc50637dcecda9293bc88b8,1779768280,BUY,Up,Up,1,False,8.91,0.37,3.2967,3.2967,-3.2967,3.2967,Down,1779768300,0.10104347106613217,-20,matched,4,0.32005136533847256,0.2276038192974665,0.09244754604100605,0.3047718250333846,0.9999999999999538,0.9063819185566395,0.0936180814433143,0.3086307290941742,551.5474096120051,254398.03697800447,-253846.48956839246,-836855.7221601194,501.3747642360104,479.9439751355312,21.43078910047916,70.65088242754965
0xb305d384400e3d7a15780216a55368ea677eca4e,0x2f55526f3eed5c9842ecd963c7ccbf939b7d6c4dfcc50637dcecda9293bc88b8,1779768280,BUY,Up,Up,1,False,300.0,0.452335,135.7005,135.7005,-135.7005,135.7005,Down,1779768300,0.10104347106613217,-20,matched,4,0.32005136533847256,0.2276038192974665,0.09244754604100605,12.545178221537542,0.9999999999999538,0.9063819185566395,0.0936180814433143,12.704020460898471,551.5474096120051,254398.03697800447,-253846.48956839246,-34447095.557675645,501.3747642360104,479.9439751355312,21.43078910047916,2908.168796329572
0xb305d384400e3d7a15780216a55368ea677eca4e,0x2f55526f3eed5c9842ecd963c7ccbf939b7d6c4dfcc50637dcecda9293bc88b8,1779768248,BUY,Up,Up,1,False,100.0,0.35,35.0,35.0,-35.0,35.0,Down,1779768300,0.10104347106613217,-52,matched,4,0.5735899769869317,-0.09616984840136877,0.6697598253883005,23.441593888590518,0.9535118178440667,0.2958869958152665,0.6576248220288001,23.016868771008003,4741.644361812003,451394.66632285324,-446653.02196104126,-15632855.768636445,408.0674726260331,419.8347648027411,-11.767292176707997,-411.8552261847799
0xb305d384400e3d7a15780216a55368ea677eca4e,0x2f55526f3eed5c9842ecd963c7ccbf939b7d6c4dfcc50637dcecda9293bc88b8,1779768234,BUY,Up,Up,1,False,100.0,0.44,44.0,44.0,-44.0,44.0,Down,1779768300,0.10104347106613217,-66,matched,4,0.6204024746979099,-0.4601787367166093,1.0805812114145192,47.54557330223885,0.9529288675927914,-0.136766382951112,1.0896952505439033,47.946591023931745,4740.159971996003,-1311.6842131740204,6051.844185170024,266281.144147481,1125.3854246700212,1139.9723251844407,-14.58690051441954,-641.8236226344598
0xb305d384400e3d7a15780216a55368ea677eca4e,0x2f55526f3eed5c9842ecd963c7ccbf939b7d6c4dfcc50637dcecda9293bc88b8,1779768226,BUY,Up,Up,1,False,100.0,0.55,55.00000000000001,55.00000000000001,-55.00000000000001,55.00000000000001,Down,1779768300,0.10104347106613217,-74,matched,4,0.6785743906309957,0.12054703186408591,0.5580273587669098,30.691504732180043,0.9536268487096468,0.3946245575985011,0.5590022911111456,30.745126011113015,4815.030272996002,91214.37594341919,-86399.34567042318,-4751964.011873275,1058.6742294400174,1079.3131553062485,-20.638925866231148,-1135.1409226427133
0xb305d384400e3d7a15780216a55368ea677eca4e,0x2f8d7dc540976cf91ba3e7e8bb5899921106748fb57b15ad59f704733fbeef64,1779514110,BUY,Up,Up,1,False,300.0,0.38,114.0,114.0,-114.0,114.0,Down,1779514200,0.7705226490907217,-90,matched,4,-1.9193884243364754,-0.5266126692602338,-1.3927757550762416,-158.77643607869155,-0.9757582833217368,0.41989863441749997,-1.3956569177392368,-159.104888622273,-372439.8091152613,-5295.447784747845,-367144.36133051343,-41854457.19167853,5293.8925786288455,5385.599162868628,-91.70658423978239,-10454.550603335192
0xb305d384400e3d7a15780216a55368ea677eca4e,0x2f8d7dc540976cf91ba3e7e8bb5899921106748fb57b15ad59f704733fbeef64,1779513924,BUY,Down,Down,-1,True,175.9,0.5673860147811256,99.80319999999999,99.80319999999999,76.09680000000002,76.09680000000002,Down,1779514200,0.7705226490907217,-276,matched,4,1.8790207505716863,0.7129097221896968,1.1661110283819895,88.7373177045786,0.9557867246793446,-0.20053300379199923,1.1563197284713438,87.99223111353817,590165.0137058184,-150330.77429037273,740495.7879961912,56349359.87998857,804550.9325109457,817852.2965548299,-13301.364043884212,-1012191.2393746483
0xf6beafa72d6416525c4cf039c9c122883dbef6a3,0x2ff87dde1f4618fb2aa68546f5945435325ba463e9ff06a92feaa8ca33804a05,1778831099,BUY,Down,Down,-1,False,37.0,0.03,1.1099999999999999,1.1099999999999999,-1.1099999999999999,1.1099999999999999,Up,1778831100,2.8922414182758294,-1,offset_out_of_range,,,,,,,,,,,,,,,,,
0xf6beafa72d6416525c4cf039c9c122883dbef6a3,0x2ff87dde1f4618fb2aa68546f5945435325ba463e9ff06a92feaa8ca33804a05,1778831099,BUY,Down,Down,-1,False,26.75,0.04,1.07,1.07,-1.07,1.07,Up,1778831100,2.8922414182758294,-1,offset_out_of_range,,,,,,,,,,,,,,,,,
0xf6beafa72d6416525c4cf039c9c122883dbef6a3,0x2ff87dde1f4618fb2aa68546f5945435325ba463e9ff06a92feaa8ca33804a05,1778831099,BUY,Down,Down,-1,False,14.333332,0.08999993860464545,1.289999,1.289999,-1.289999,1.289999,Up,1778831100,2.8922414182758294,-1,offset_out_of_range,,,,,,,,,,,,,,,,,
0xf6beafa72d6416525c4cf039c9c122883dbef6a3,0x2ff87dde1f4618fb2aa68546f5945435325ba463e9ff06a92feaa8ca33804a05,1778831099,BUY,Down,Down,-1,False,18.42857,0.06999995116278691,1.2899990000000001,1.2899990000000001,-1.2899990000000001,1.2899990000000001,Up,1778831100,2.8922414182758294,-1,offset_out_of_range,,,,,,,,,,,,,,,,,
0xf6beafa72d6416525c4cf039c9c122883dbef6a3,0x2ff87dde1f4618fb2aa68546f5945435325ba463e9ff06a92feaa8ca33804a05,1778831097,BUY,Down,Down,-1,False,18.285713,0.0699999502343715,1.279999,1.279999,-1.279999,1.279999,Up,1778831100,2.8922414182758294,-3,offset_out_of_range,,,,,,,,,,,,,,,,,
0xf6beafa72d6416525c4cf039c9c122883dbef6a3,0x2ff87dde1f4618fb2aa68546f5945435325ba463e9ff06a92feaa8ca33804a05,1778831094,BUY,Down,Down,-1,False,30.0,0.04,1.2,1.2,-1.2,1.2,Up,1778831100,2.8922414182758294,-6,offset_out_of_range,,,,,,,,,,,,,,,,,
0xf6beafa72d6416525c4cf039c9c122883dbef6a3,0x2ff87dde1f4618fb2aa68546f5945435325ba463e9ff06a92feaa8ca33804a05,1778831094,BUY,Down,Down,-1,False,32.325,0.036813611755607115,1.1900000000000002,1.1900000000000002,-1.1900000000000002,1.1900000000000002,Up,1778831100,2.8922414182758294,-6,offset_out_of_range,,,,,,,,,,,,,,,,,
0xf6beafa72d6416525c4cf039c9c122883dbef6a3,0x2ff87dde1f4618fb2aa68546f5945435325ba463e9ff06a92feaa8ca33804a05,1778830955,BUY,Up,Up,1,True,17.690908,0.5499999773895156,9.729999,9.729999,7.960909,7.960909,Up,1778831100,2.8922414182758294,-145,matched,4,-0.08270438101048083,-1.2298083981729886,1.1471040171625078,9.131990694165163,0.8461180077212164,-0.2995460924522138,1.1456641001734302,9.120527646047563,394454.73388543224,-22472.64133816585,416927.3752235981,3319120.893763919,187712.90857508918,188842.3474272382,-1129.4388521490037,-8991.359923022672
0xf6beafa72d6416525c4cf039c9c122883dbef6a3,0x2ff87dde1f4618fb2aa68546f5945435325ba463e9ff06a92feaa8ca33804a05,1778830954,BUY,Up,Up,1,True,19.07843,0.5099999842754357,9.729999000000001,9.729999000000001,9.348431,9.348431,Up,1778831100,2.8922414182758294,-146,matched,4,-0.08270438101048083,-1.1955121884421385,1.1128078074316576,10.403007004036139,0.8461180077212164,-0.26021631170619314,1.1063343194274096,10.342490048099098,394454.73388543224,-70943.2673014017,465398.00118683395,4350741.101633036,187712.90857508918,186042.98645840853,1669.9221166806528,15611.151683163032
0xf6beafa72d6416525c4cf039c9c122883dbef6a3,0x2ff87dde1f4618fb2aa68546f5945435325ba463e9ff06a92feaa8ca33804a05,1778831087,BUY,Down,Down,-1,False,46.492,0.04667469672201669,2.17,2.17,-2.17,2.17,Up,1778831100,2.8922414182758294,-13,no_treated_features,,,,,,,,,,,,,,,,,
0xf6beafa72d6416525c4cf039c9c122883dbef6a3,0x2ff87dde1f4618fb2aa68546f5945435325ba463e9ff06a92feaa8ca33804a05,1778831085,BUY,Down,Down,-1,False,50.25,0.04,2.0100000000000002,2.0100000000000002,-2.0100000000000002,2.0100000000000002,Up,1778831100,2.8922414182758294,-15,matched,4,0.7620566999530899,1.0036020116631028,-0.24154531171001292,-0.485506076537126,-0.23794330004861472,0.0036020116637403565,-0.24154531171235508,-0.48550607654183375,-3.121793061029166,-5058.291806577254,5055.170013516225,10160.891727167613,34.14570562494919,34.287378532513685,-0.14167290756449802,-0.28476254420464103
0xf6beafa72d6416525c4cf039c9c122883dbef6a3,0x322bef2dfb8cc7355bf9c1149a7d6950e56fc4edad74896b3202a2d50826bc9c,1778900933,BUY,Up,Up,1,True,17.246752,0.7699999976807227,13.279999,13.279999,3.9667530000000006,3.9667530000000006,Up,1778901000,1.1735057225506733,-67,matched,4,0.05109113536424015,-0.8808217866692681,0.9319129220335083,3.6966683792151858,0.9880893648120171,0.06521169177724623,0.922877673034771,3.6608277781436973,472053.6147342398,34252.3788081674,437801.2359260724,1736649.3660134557,86919.92850614805,88609.85464391162,-1689.9261377635703,-6703.519576752057
0xf6beafa72d6416525c4cf039c9c122883dbef6a3,0x322bef2dfb8cc7355bf9c1149a7d6950e56fc4edad74896b3202a2d50826bc9c,1778900933,BUY,Up,Up,1,True,6.63636,0.7699999698629972,5.109997,5.109997,1.5263629999999997,1.5263629999999997,Up,1778901000,1.1735057225506733,-67,matched,4,0.05109113536424015,-0.8808217866692681,0.9319129220335083,1.4224374034138316,0.9880893648120171,0.06521169177724623,0.922877673034771,1.408646333646372,472053.6147342398,34252.3788081674,437801.2359260724,668243.6078718276,86919.92850614805,88609.85464391162,-1689.9261377635703,-2579.440729415216
0xf6beafa72d6416525c4cf039c9c122883dbef6a3,0x322bef2dfb8cc7355bf9c1149a7d6950e56fc4edad74896b3202a2d50826bc9c,1778900933,BUY,Up,Up,1,True,13.438355,0.7299999888379195,9.809999,9.809999,3.628356,3.628356,Up,1778901000,1.1735057225506733,-67,matched,4,0.05109113536424015,-0.8808217866692681,0.9319129220335083,3.381311842137812,0.9880893648120171,0.06521169177724623,0.922877673034771,3.34852874222175,472053.6147342398,34252.3788081674,437801.2359260724,1588498.7411797803,86919.92850614805,88609.85464391162,-1689.9261377635703,-6131.653641511277
0xf6beafa72d6416525c4cf039c9c122883dbef6a3,0x322bef2dfb8cc7355bf9c1149a7d6950e56fc4edad74896b3202a2d50826bc9c,1778900933,BUY,Up,Up,1,True,8.166664,0.7199999902040785,5.8799980000000005,5.8799980000000005,2.286666,2.286666,Up,1778901000,1.1735057225506733,-67,matched,4,0.05109113536424015,-0.8808217866692681,0.9319129220335083,2.1309735937746743,0.9880893648120171,0.06521169177724623,0.922877673034771,2.1103129970877275,472053.6147342398,34252.3788081674,437801.2359260724,1001105.2009501283,86919.92850614805,88609.85464391162,-1689.9261377635703,-3864.296641735272
0xf6beafa72d6416525c4cf039c9c122883dbef6a3,0x322bef2dfb8cc7355bf9c1149a7d6950e56fc4edad74896b3202a2d50826bc9c,1778900931,BUY,Up,Up,1,True,2.610386,0.7699999157212765,2.0099970000000003,2.0099970000000003,0.6003890000000001,0.6003890000000001,Up,1778901000,1.1735057225506733,-69,matched,4,0.05109113536424015,-0.8806281380305803,0.9317192733948204,0.5593940028342429,0.9880893648120171,0.06521169177724623,0.922877673034771,0.5540856032356731,472053.6147342398,34252.3788081674,437801.2359260724,262851.0462364187,86919.92850614805,88618.62243250586,-1698.6939263578097,-1019.8771477520391
0xf6beafa72d6416525c4cf039c9c122883dbef6a3,0x322bef2dfb8cc7355bf9c1149a7d6950e56fc4edad74896b3202a2d50826bc9c,1778900931,BUY,Up,Up,1,True,19.521124,0.7099999979509377,13.859998000000001,13.859998000000001,5.661125999999999,5.661125999999999,Up,1778901000,1.1735057225506733,-69,matched,4,0.05109113536424015,-0.8806281380305803,0.9317192733948204,5.274580203316526,0.9880893648120171,0.06521169177724623,0.922877673034771,5.2245267896366405,472053.6147342398,34252.3788081674,437801.2359260724,2478447.9595332225,86919.92850614805,88618.62243250586,-1698.6939263578097,-9616.52035254628
0xf6beafa72d6416525c4cf039c9c122883dbef6a3,0x322bef2dfb8cc7355bf9c1149a7d6950e56fc4edad74896b3202a2d50826bc9c,1778900747,BUY,Up,Up,1,True,28.739129,0.6899999996520424,19.829999,19.829999,8.909129999999998,8.909129999999998,Up,1778901000,1.1735057225506733,-253,matched,4,0.061557292024166044,-0.8423137813998431,0.9038710734240092,8.05270489637404,0.9796962880233766,0.08015026437592912,0.8995460236474475,8.014172465658183,556297.3821256028,-5126.104356988724,561423.4864825915,5001794.826126649,46224.287825923646,44282.90798103471,1941.3798448889356,17296.00541749536
0xb305d384400e3d7a15780216a55368ea677eca4e,0x322bef2dfb8cc7355bf9c1149a7d6950e56fc4edad74896b3202a2d50826bc9c,1778900747,BUY,Up,Up,1,True,25.0,0.68,17.0,17.0,7.999999999999999,7.999999999999999,Up,1778901000,1.1735057225506733,-253,matched,4,0.061557292024166044,-0.8423137813998431,0.9038710734240092,7.230968587392073,0.9796962880233766,0.08015026437592912,0.8995460236474475,7.196368189179579,556297.3821256028,-5126.104356988724,561423.4864825915,4491387.891860731,46224.287825923646,44282.90798103471,1941.3798448889356,15531.038759111483
0xb305d384400e3d7a15780216a55368ea677eca4e,0x322bef2dfb8cc7355bf9c1149a7d6950e56fc4edad74896b3202a2d50826bc9c,1778900721,BUY,Up,Up,1,True,100.0,0.64193,64.193,64.193,35.807,35.807,Up,1778901000,1.1735057225506733,-279,matched,4,-0.004897241166900712,-0.48359926437461953,0.4787020232077188,17.140883344998787,0.975813153076315,0.4939405025644399,0.4818726505118751,17.254413996878714,555989.3022375589,17016.633564805154,538972.6686727537,19298994.347165294,85172.31127387844,83069.2706257427,2103.040648135735,75303.57648779626
0xb305d384400e3d7a15780216a55368ea677eca4e,0x322bef2dfb8cc7355bf9c1149a7d6950e56fc4edad74896b3202a2d50826bc9c,1778900719,BUY,Up,Up,1,True,200.0,0.64,128.0,128.0,72.0,72.0,Up,1778901000,1.1735057225506733,-281,matched,4,-0.004908892280909405,-0.4826959718055683,0.4777870795246589,34.40066972577544,0.975813153076315,0.49496779804239754,0.48084535503391745,34.620865562442056,555989.3022375589,17263.4573686421,538725.8448689168,38788260.83056201,85223.78729026252,83321.12116897217,1902.6661212903564,136991.96073290566
0xb305d384400e3d7a15780216a55368ea677eca4e,0x331ec79e17709ecf34a2e88c1e7377b87648c28421e9b5e32a588101f6e08af0,1780819789,BUY,Up,Up,1,False,20.0,0.46,9.200000000000001,9.200000000000001,-9.200000000000001,9.200000000000001,Down,1780819800,1.0187293063877978,-11,matched,4,-1.522442138322865,0.20666877557760252,-1.7291109139004674,-15.907820407884302,-0.7273346844036194,0.9796337755586293,-1.7069684599622486,-15.704109831652689,-3330.2393867596984,353.51421579,-3683.7536025496984,-33890.53314345723,30.428486148361117,28.4991033155311,1.929382832830015,17.75032206203614
0xb305d384400e3d7a15780216a55368ea677eca4e,0x331ec79e17709ecf34a2e88c1e7377b87648c28421e9b5e32a588101f6e08af0,1780819786,BUY,Down,Down,-1,True,100.0,0.537284,53.7284,53.7284,46.2716,46.2716,Down,1780819800,1.0187293063877978,-14,matched,4,-0.045484162947954654,-0.7808001848650233,0.7353160219170687,34.02424883973784,0.7273346844036194,0.010129200449267711,0.7172054839543517,33.18624527134218,3330.2393867596984,25083.017232303588,-21752.77784554389,-1006535.8353578686,560.626352597028,536.2116103387962,24.414742258231854,1129.7091878760011
0xb305d384400e3d7a15780216a55368ea677eca4e,0x331ec79e17709ecf34a2e88c1e7377b87648c28421e9b5e32a588101f6e08af0,1780819782,BUY,Up,Up,1,False,100.0,0.27,27.0,27.0,-27.0,27.0,Down,1780819800,1.0187293063877978,-18,matched,4,0.09579951158352851,0.8455620380391807,-0.7497625264556522,-20.24358821430261,-0.7185742872437098,0.020156823496044834,-0.7387311107397546,-19.945739989973376,-3306.8996130716987,-1590.2847855884265,-1716.6148274832722,-46348.60034204835,568.3347574090585,552.4256347054979,15.90912270356057,429.5463129961354
0xb305d384400e3d7a15780216a55368ea677eca4e,0x331ec79e17709ecf34a2e88c1e7377b87648c28421e9b5e32a588101f6e08af0,1780819774,BUY,Down,Down,-1,True,100.0,0.505299,50.529900000000005,50.529900000000005,49.470099999999995,49.470099999999995,Down,1780819800,1.0187293063877978,-26,matched,4,1.0169155303153445,0.04067867903592056,0.976236851279424,48.29453465647823,0.7172838213658027,-0.2923692660207924,1.009653087386595,49.947639198323586,3306.045470611658,-15323.785205384847,18629.830675996505,921619.5865246146,3730.774189183954,4339.940837001777,-609.1666478178231,-30135.53498421249
0xb305d384400e3d7a15780216a55368ea677eca4e,0x33249b672c14d012655f54a5acf9e3752baaba8ae2107f1147257ee2203a4eac,1780792357,BUY,Down,Down,-1,False,72.99,0.12,8.758799999999999,8.758799999999999,-8.758799999999999,8.758799999999999,Up,1780792500,15.146615739189876,-143,matched,4,-0.8404181753805078,-0.4166807084256713,-0.4237374669548365,-3.7114317255640215,-0.28704340742091977,0.14875299831860578,-0.43579640573952555,-3.817053558591356,-4358.4993700039995,1311199.0011939753,-1315557.5005639794,-11522705.035939781,119208.9830151209,108600.16872635673,10608.814288764173,92920.48259242764
0xb305d384400e3d7a15780216a55368ea677eca4e,0x33249b672c14d012655f54a5acf9e3752baaba8ae2107f1147257ee2203a4eac,1780792341,BUY,Down,Down,-1,False,300.0,0.09,27.0,27.0,-27.0,27.0,Up,1780792500,15.146615739189876,-159,matched,4,-0.5335091618967525,-0.14556425040543602,-0.38794491149131644,-10.474512610265544,-0.2800624275404497,0.11296206907040435,-0.39302449661085403,-10.61166140849306,-4354.340603697998,1260838.1137103322,-1265192.4543140302,-34160196.266478814,147918.44121862802,138696.45119533374,9221.99002329429,248993.7306289458
0xf6beafa72d6416525c4cf039c9c122883dbef6a3,0x33249b672c14d012655f54a5acf9e3752baaba8ae2107f1147257ee2203a4eac,1780792260,BUY,Down,Down,-1,False,5.56,0.49,2.7243999999999997,2.7243999999999997,-2.7243999999999997,2.7243999999999997,Up,1780792500,15.146615739189876,-240,matched,4,0.17463032943365045,-0.18123521201594744,0.3558655414495979,0.9695200811252844,0.03399316023020019,-0.35811952928722574,0.39211268951742595,1.0682718113212752,1509.969740646995,-162269.76325925972,163779.73299990673,446201.50458494585,182578.6779750048,193805.83307460663,-11227.155099601834,-30587.261353355232
0xf6beafa72d6416525c4cf039c9c122883dbef6a3,0x33249b672c14d012655f54a5acf9e3752baaba8ae2107f1147257ee2203a4eac,1780792260,BUY,Down,Down,-1,False,48.07,0.49,23.5543,23.5543,-23.5543,23.5543,Up,1780792500,15.146615739189876,-240,matched,4,0.17463032943365045,-0.18123521201594744,0.3558655414495979,8.382163722966265,0.03399316023020019,-0.35811952928722574,0.39211268951742595,9.235939922700307,1509.969740646995,-162269.76325925972,163779.73299990673,3857716.964999703,182578.6779750048,193805.83307460663,-11227.155099601834,-264447.7793625515
0xf6beafa72d6416525c4cf039c9c122883dbef6a3,0x33249b672c14d012655f54a5acf9e3752baaba8ae2107f1147257ee2203a4eac,1780792258,BUY,Down,Down,-1,False,48.07,0.49,23.5543,23.5543,-23.5543,23.5543,Up,1780792500,15.146615739189876,-242,matched,4,1.5396805104703015,0.3361078722816382,1.2035726381886633,28.349310991687233,0.6340582341306362,-0.5760878347905879,1.2101460689212242,28.504143551191195,74705.70954459299,-237919.03296278662,312624.7425073796,7363656.972441572,109176.9613164588,94838.39635490872,14338.564961550073,337734.86067383894
0xb305d384400e3d7a15780216a55368ea677eca4e,0x33249b672c14d012655f54a5acf9e3752baaba8ae2107f1147257ee2203a4eac,1780792252,BUY,Down,Down,-1,False,300.0,0.54,162.0,162.0,-162.0,162.0,Up,1780792500,15.146615739189876,-248,matched,4,1.4962820866265805,0.3484254840591322,1.1478566025674484,185.95276961592663,0.5941278132271827,-0.560413281659872,1.1545410948870547,187.03565737170285,71754.463642177,-280520.80692584714,352275.27056802413,57068593.83201991,106298.61313170387,100079.21130462216,6219.401827081703,1007543.0959872359
0xb305d384400e3d7a15780216a55368ea677eca4e,0x33249b672c14d012655f54a5acf9e3752baaba8ae2107f1147257ee2203a4eac,1780792248,BUY,Down,Down,-1,False,200.0,0.54,108.0,108.0,-108.0,108.0,Up,1780792500,15.146615739189876,-252,matched,4,1.495555801967362,0.7404027788624187,0.7551530231049434,81.55652649533388,0.5941278132271827,-0.1529954947126541,0.7471233079398367,80.68931725750237,71754.463642177,-25690.19518412285,97444.65882629986,10524023.153240385,106356.33421412387,110881.39176966634,-4525.057555542473,-488706.2159985871
0xb305d384400e3d7a15780216a55368ea677eca4e,0x33249b672c14d012655f54a5acf9e3752baaba8ae2107f1147257ee2203a4eac,1780792212,BUY,Down,Down,-1,False,400.0,0.64,256.0,256.0,-256.0,256.0,Up,1780792500,15.146615739189876,-288,matched,4,1.3513475149072502,0.3111195887860757,1.0402279261211747,266.2983490870207,0.45842194304355455,-0.5230240676725255,0.9814460107160801,251.2501787433165,61608.743944687005,-73548.53837655549,135157.2823212425,34600264.27423808,95309.51286083908,112891.71364126822,-17582.200780429135,-4501043.399789859
0xb305d384400e3d7a15780216a55368ea677eca4e,0x33249b672c14d012655f54a5acf9e3752baaba8ae2107f1147257ee2203a4eac,1780792437,BUY,Down,Down,-1,False,11.0,0.11,1.21,1.21,-1.21,1.21,Up,1780792500,15.146615739189876,-63,matched,4,-0.7073463645349818,0.31759299616851533,-1.0249393607034971,-1.2401766264512315,-0.9404334812792561,0.13099934549067094,-1.071432826769927,-1.2964337203916114,-638.0080459150013,51146.672351693815,-51784.68039760881,-62659.46328110666,14037.87312633777,14073.892595369965,-36.01946903219505,-43.58355752895601
0xf6beafa72d6416525c4cf039c9c122883dbef6a3,0x344c03a7292501bb4926eaab4bed19c757df9fee4b3e3c8e2bdac4712d2b1c90,1778952845,BUY,Up,Up,1,True,6.020832,0.47999994020759923,2.8899990000000004,2.8899990000000004,3.1308330000000004,3.1308330000000004,Up,1778952900,1.6335039678515217,-55,matched,4,0.0026801020811161314,-1.131899580657019,1.134579682738135,3.5521795118460835,0.8126498746503208,-0.3146741914367235,1.1273240660870443,3.5294633877994994,352747.49325617426,-104453.59651864802,457201.0897748223,1431420.2595029764,3044.6886666729115,2960.494170199203,84.19449647370857,263.59890797827046
0xf6beafa72d6416525c4cf039c9c122883dbef6a3,0x344c03a7292501bb4926eaab4bed19c757df9fee4b3e3c8e2bdac4712d2b1c90,1778952845,BUY,Up,Up,1,True,72.785713,0.2532090191930936,18.429999000000002,18.429999000000002,54.355714,54.355714,Up,1778952900,1.6335039678515217,-55,matched,4,0.0026801020811161314,-1.131899580657019,1.134579682738135,61.6708887451248,0.8126498746503208,-0.3146741914367235,1.1273240660870443,61.276504521544474,352747.49325617426,-104453.59651864802,457201.0897748223,24851491.676288564,3044.6886666729115,2960.494170199203,84.19449647370857,4576.451970698911
0xf6beafa72d6416525c4cf039c9c122883dbef6a3,0x344c03a7292501bb4926eaab4bed19c757df9fee4b3e3c8e2bdac4712d2b1c90,1778952841,BUY,Up,Up,1,True,5.789472,0.33681810707435844,1.949999,1.949999,3.839473,3.839473,Up,1778952900,1.6335039678515217,-59,matched,4,0.1496762264231497,-0.5911339804739721,0.7408102068971218,2.844320787505913,0.8132839350146134,0.08629629032179861,0.7269876446928147,2.7912494331316555,354221.5336445782,13261.114642384451,340960.4190021937,1309108.3228276097,1726.4278333489783,1618.5103351861617,107.91749816281663,414.34632042368406
0xb305d384400e3d7a15780216a55368ea677eca4e,0x348b016a8d2f2f095b0e29587d898423e76c9fac65000dc9d1a8aae22f7732f1,1779149098,BUY,Up,Up,1,False,100.0,0.03,3.0,3.0,-3.0,3.0,Down,1779149100,2.511231124994648,-2,offset_out_of_range,,,,,,,,,,,,,,,,,
0xb305d384400e3d7a15780216a55368ea677eca4e,0x348b016a8d2f2f095b0e29587d898423e76c9fac65000dc9d1a8aae22f7732f1,1779148978,BUY,Up,Up,1,False,200.0,0.19,38.0,38.0,-38.0,38.0,Down,1779149100,2.511231124994648,-122,matched,4,0.1556595753305989,-0.56086208652875,0.716521661859349,27.22782315065526,0.33964796567105493,-0.38054057594927315,0.7201885416203281,27.367164581572467,3080.516804625164,-32949.81721820772,36030.33402283288,1369152.6928676495,10579.652175127761,10820.590624916993,-240.93844978923153,-9155.661091990798
0xb305d384400e3d7a15780216a55368ea677eca4e,0x348b016a8d2f2f095b0e29587d898423e76c9fac65000dc9d1a8aae22f7732f1,1779148962,BUY,Up,Up,1,False,200.0,0.36,72.0,72.0,-72.0,72.0,Down,1779149100,2.511231124994648,-138,matched,4,-0.589634303345539,-1.2499124846674021,0.6602781813218631,47.540029055174145,0.34733964626864067,-0.31439246986052144,0.661732116129162,47.64471236129967,3415.1581843550084,39221.5667387331,-35806.40855437809,-2578061.4159152224,163128.45004485594,164897.85243054383,-1769.402385687892,-127396.97176952823
0xb305d384400e3d7a15780216a55368ea677eca4e,0x348b016a8d2f2f095b0e29587d898423e76c9fac65000dc9d1a8aae22f7732f1,1779148955,BUY,Up,Up,1,False,296.1,0.38,112.51800000000001,112.51800000000001,-112.51800000000001,112.51800000000001,Down,1779149100,2.511231124994648,-145,matched,4,-0.5721201020232076,-1.0839854275062561,0.5118653254830485,57.59406269270166,0.3116364718864287,-0.19156441515840994,0.5032008870448386,56.61915740851115,3147.5189286919776,-20736.684117055025,23884.203045747003,2687402.7583013615,168926.2079098106,164728.5708122023,4197.637097608298,472309.73094869056
0xb305d384400e3d7a15780216a55368ea677eca4e,0x348b016a8d2f2f095b0e29587d898423e76c9fac65000dc9d1a8aae22f7732f1,1779149079,BUY,Up,Up,1,False,13.02,0.5377112135176652,7.001,7.001,-7.001,7.001,Down,1779149100,2.511231124994648,-21,matched,4,0.04394354753560703,-1.9270412912536312,1.9709848387892381,13.798864856363457,1.0000000000002156,-0.9703129326846103,1.9703129326848259,13.794160841726466,1079.9831986019854,-201.9872317919071,1281.9704303938925,8975.074983187642,976.617281195242,962.8511179407651,13.76616325447685,96.37690894459244
0xb305d384400e3d7a15780216a55368ea677eca4e,0x34c6939b5c48231342d472bb381c398aaba447d9ca7d165b4e2e6667b3c667b3,1779275989,BUY,Up,Up,1,True,100.0,0.498756,49.8756,49.8756,50.1244,50.1244,Up,1779276000,0.30768682939454806,-11,matched,4,-0.0002890074208580229,0.00032783809888964344,-0.0006168455197476663,-0.030919011570039928,-1.0000000000000047,-0.9994566187178057,-0.0005433812821989958,-0.027236660741455348,-611295.7586944503,-516541.4322129851,-94754.32648146513,-4749503.762287552,387200.7854353611,387318.27407328144,-117.48863792035263,-5889.047482574923
0xb305d384400e3d7a15780216a55368ea677eca4e,0x34c6939b5c48231342d472bb381c398aaba447d9ca7d165b4e2e6667b3c667b3,1779275984,BUY,Up,Up,1,True,100.0,0.528106,52.810599999999994,52.810599999999994,47.189400000000006,47.189400000000006,Up,1779276000,0.30768682939454806,-16,matched,4,-0.0004816192261308805,0.4885790196247291,-0.48906063885086,-23.078478110988776,-1.0000000000000029,-0.5111907516270964,-0.4888092483729065,-23.066615145168438,-766147.2227580011,-338219.21913637384,-427928.0036216272,-20193665.734102417,232349.32137180958,238785.78606645617,-6436.464694646595,-303732.90706155606
0xb305d384400e3d7a15780216a55368ea677eca4e,0x362dffb664396980f6aaa67c5729129958f1c21b4c7105f29463e29792cd32ab,1779168798,BUY,Up,Up,1,True,20.0,0.72,14.399999999999999,14.399999999999999,5.6000000000000005,5.6000000000000005,Up,1779168900,0.4247076132884645,-102,matched,4,-0.006390661078620186,-1.5404230033318869,1.5340323422532667,8.590581116618294,0.9926324027918698,-0.5439148795861014,1.5365472823779713,8.60466478131664,31082.68291144102,-20994.97682921354,52077.65974065456,291634.89454766555,200772.08340343685,197542.76114286526,3229.3222605715855,18084.20465920088
0xf6beafa72d6416525c4cf039c9c122883dbef6a3,0x367772b98e96cb6b82f44569d0b49ff35c75d78f1e6cebc9d17b2c3de4989d9f,1778725154,BUY,Up,Up,1,True,6.333332,0.5399999557894644,3.4199990000000002,3.4199990000000002,2.913333,2.913333,Up,1778725200,1.2328940996712752,-46,matched,4,0.4369743493963089,0.0201128152841909,0.416861534112118,1.2144564637594593,0.41705234402409386,0.014219113823834117,0.40283323020025974,1.1735873430390134,1433.8856124900049,-208.37082712364645,1642.2564396136513,4784.439879988958,4212.2372083620285,4330.726475977135,-118.48926761510666,-345.19869348892155
0xf6beafa72d6416525c4cf039c9c122883dbef6a3,0x367772b98e96cb6b82f44569d0b49ff35c75d78f1e6cebc9d17b2c3de4989d9f,1778725150,BUY,Up,Up,1,True,2.785713,0.5599998994871331,1.5599990000000001,1.5599990000000001,1.2257139999999997,1.2257139999999997,Up,1778725200,1.2328940996712752,-50,matched,4,0.44029687839896114,-0.08045059107082869,0.5207474694697898,0.6382874637936938,0.41841729993838755,-0.10185275257873934,0.5202700525171269,0.6377022871509775,1441.9548237499985,78967.84163456407,-77525.88681081407,-95024.56482643014,4204.16799710202,4191.2514954157305,12.916501686289848,15.831936947909071
0xf6beafa72d6416525c4cf039c9c122883dbef6a3,0x367772b98e96cb6b82f44569d0b49ff35c75d78f1e6cebc9d17b2c3de4989d9f,1778725149,BUY,Up,Up,1,True,5.090908,0.6599999449999883,3.359999,3.359999,1.7309089999999996,1.7309089999999996,Up,1778725200,1.2328940996712752,-51,matched,4,0.4364894208160662,0.5768933987277888,-0.1404039779117226,-0.2430265090032018,0.41841729993838755,0.5586855046591496,-0.140268204720762,-0.2427914979650094,1441.9548237499985,332663.1094894423,-331221.1546656923,-573313.6776012387,4219.891039695998,4297.421223430581,-77.53018373458326,-134.19769279784376
0xf6beafa72d6416525c4cf039c9c122883dbef6a3,0x367772b98e96cb6b82f44569d0b49ff35c75d78f1e6cebc9d17b2c3de4989d9f,1778725149,BUY,Up,Up,1,True,1.785713,0.559999843199887,0.999999,0.999999,0.7857140000000001,0.7857140000000001,Up,1778725200,1.2328940996712752,-51,matched,4,0.4364894208160662,0.5768933987277888,-0.1404039779117226,-0.11031737110093123,0.41841729993838755,0.5586855046591496,-0.140268204720762,-0.11021069220396883,1441.9548237499985,332663.1094894423,-331221.1546656923,-260245.0983169998,4219.891039695998,4297.421223430581,-77.53018373458326,-60.91655078283436
0xf6beafa72d6416525c4cf039c9c122883dbef6a3,0x367772b98e96cb6b82f44569d0b49ff35c75d78f1e6cebc9d17b2c3de4989d9f,1778725145,BUY,Up,Up,1,True,4.867923,0.5299999609689799,2.579999,2.579999,2.2879240000000003,2.2879240000000003,Up,1778725200,1.2328940996712752,-55,matched,4,0.40700586888194723,0.34684609214558804,0.060159776736359194,0.13764099702975788,0.41841729993838755,0.3628923562026269,0.05552494373576067,0.1270368513716965,1441.9548237499985,-2648.3726106597533,4090.3274344097517,9358.358305044498,4345.744585381006,4166.630964329292,179.1136210517143,409.79835233112243
0xf6beafa72d6416525c4cf039c9c122883dbef6a3,0x367772b98e96cb6b82f44569d0b49ff35c75d78f1e6cebc9d17b2c3de4989d9f,1778725145,BUY,Up,Up,1,True,5.807691,0.5199999449006498,3.019999,3.019999,2.7876920000000003,2.7876920000000003,Up,1778725200,1.2328940996712752,-55,matched,4,0.40700586888194723,0.34684609214558804,0.060159776736359194,0.16770692832973466,0.41841729993838755,0.3628923562026269,0.05552494373576067,0.15478644145263015,1441.9548237499985,-2648.3726106597533,4090.3274344097517,11402.57306628459,4345.744585381006,4166.630964329292,179.1136210517143,499.31360849689554
0xf6beafa72d6416525c4cf039c9c122883dbef6a3,0x367772b98e96cb6b82f44569d0b49ff35c75d78f1e6cebc9d17b2c3de4989d9f,1778725143,BUY,Up,Up,1,True,6.461537,0.5199999628571345,3.3599989999999997,3.3599989999999997,3.101538,3.101538,Up,1778725200,1.2328940996712752,-57,matched,4,0.42113684621256275,0.42171491402008543,-0.0005780678075226753,-0.0017928992716082634,0.41841729993838755,0.42713500786394737,-0.008717707925559814,-0.027038302404024935,1441.9548237499985,1642.8224875202395,-200.86766377024105,-622.9986921546259,4407.321665319963,4025.9144260157336,381.40723930422973,1182.949046177162
0xf6beafa72d6416525c4cf039c9c122883dbef6a3,0x367772b98e96cb6b82f44569d0b49ff35c75d78f1e6cebc9d17b2c3de4989d9f,1778725143,BUY,Up,Up,1,True,2.923075,0.52,1.5199989999999999,1.5199989999999999,1.403076,1.403076,Up,1778725200,1.2328940996712752,-57,matched,4,0.42113684621256275,0.42171491402008543,-0.0005780678075226753,-0.0008110730671076851,0.41841729993838755,0.42713500786394737,-0.008717707925559814,-0.012231606765362762,1441.9548237499985,1642.8224875202395,-200.86766377024105,-281.83259821209475,4407.321665319963,4025.9144260157336,381.40723930422973,535.1433436940214
0xf6beafa72d6416525c4cf039c9c122883dbef6a3,0x367772b98e96cb6b82f44569d0b49ff35c75d78f1e6cebc9d17b2c3de4989d9f,1778725037,BUY,Up,Up,1,True,22.630768,0.649999991162474,14.709998999999998,14.709998999999998,7.920769000000001,7.920769000000001,Up,1778725200,1.2328940996712752,-163,matched,4,0.35812267517019347,0.3096437637663422,0.0484789114038513,0.38399025860137187,-0.01371293019972034,-0.06287456694095529,0.04916163674123496,0.3893979682892349,-170.934982175997,4819.502971452424,-4990.437953628421,-39528.10623952344,3188.570793659019,3191.450077631729,-2.8792839727102546,-22.806143233240235
0xf6beafa72d6416525c4cf039c9c122883dbef6a3,0x367772b98e96cb6b82f44569d0b49ff35c75d78f1e6cebc9d17b2c3de4989d9f,1778724998,BUY,Up,Up,1,True,4.915253,0.5899999450689517,2.8999989999999998,2.8999989999999998,2.015254,2.015254,Up,1778725200,1.2328940996712752,-202,matched,4,-0.38985811214185645,-0.4483146162267492,0.058456504084892724,0.11780470368309641,-0.01894629569320193,-0.08174890374969951,0.06280260805649758,0.126563207096289,-242.58448333600245,-37609.345125563734,37366.76064222773,75303.51385129201,6394.303871072014,6366.72072946954,27.583141602473916,55.58703644695197
0xf6beafa72d6416525c4cf039c9c122883dbef6a3,0x367772b98e96cb6b82f44569d0b49ff35c75d78f1e6cebc9d17b2c3de4989d9f,1778724995,BUY,Up,Up,1,True,6.037734,0.529999996687499,3.199999,3.199999,2.8377350000000003,2.8377350000000003,Up,1778725200,1.2328940996712752,-205,matched,4,-0.40181756016480513,-0.19409319830195476,-0.20772436186285037,-0.5894666920108758,-0.01894629569320193,0.19730838607928414,-0.21625468177248608,-0.6136734793796459,-242.58448333600245,4036.5045494645365,-4279.089032800539,-12142.920716494238,6561.854466038989,6841.248774181608,-279.3943081426187,-792.8470070170941
0xf6beafa72d6416525c4cf039c9c122883dbef6a3,0x36f7f12a6cd418df0fd4faada8df44dce78b8733c3127eaf2ff74dc764c89e7b,1778977740,BUY,Up,Up,1,True,80.106152,0.23793427251380145,19.059999,19.059999,61.046153,61.046153,Up,1778977800,1.714301354272867,-60,matched,4,0.07723835419076142,-0.40370369518612215,0.48094204937688356,29.359661930394786,0.9993470618003004,0.5225449799733772,0.4768020818269232,29.10693283792487,38719.40128181706,5319.130211481222,33400.27107033584,2038958.0580011953,8771.626314081019,8661.767575081125,109.85873899989383,6706.453389374586
0xb305d384400e3d7a15780216a55368ea677eca4e,0x36f7f12a6cd418df0fd4faada8df44dce78b8733c3127eaf2ff74dc764c89e7b,1778977738,BUY,Down,Down,-1,False,50.31,0.81,40.7511,40.7511,-40.7511,40.7511,Up,1778977800,1.714301354272867,-62,matched,4,-0.08087154453022027,0.5998700580742502,-0.6807416026044705,-27.740969121895038,-0.9993535727343326,-0.32227922909098156,-0.6770743436433511,-27.591524285244564,-39109.64500114106,-4528.741625632731,-34580.90337550834,-1409209.8515456778,8381.382594757015,8490.691321534403,-109.30872677738807,-4454.450855778019
0xf6beafa72d6416525c4cf039c9c122883dbef6a3,0x36f7f12a6cd418df0fd4faada8df44dce78b8733c3127eaf2ff74dc764c89e7b,1778977709,BUY,Up,Up,1,True,15.483869,0.3099999748124968,4.799999000000001,4.799999000000001,10.683869999999999,10.683869999999999,Up,1778977800,1.714301354272867,-91,matched,4,-0.011647746904690282,-0.9921240858910958,0.9804763389864055,10.475281743806686,0.9850870306447744,-0.00048192032094583094,0.9855689509657203,10.529690548154129,46802.543701288116,-21859.095484224737,68661.63918551285,733572.027044925,2440.4266235369723,2418.432471967033,21.994151569939277,234.98265613352712
0xf6beafa72d6416525c4cf039c9c122883dbef6a3,0x36f7f12a6cd418df0fd4faada8df44dce78b8733c3127eaf2ff74dc764c89e7b,1778977703,BUY,Up,Up,1,True,18.5,0.26,4.8100000000000005,4.8100000000000005,13.69,13.69,Up,1778977800,1.714301354272867,-97,matched,4,-0.011681720300554366,-1.1756860729073142,1.1640043526067598,15.935219587186541,0.9850870306447744,-0.18002997653933991,1.1651170071841144,15.950451828350525,46802.543701288116,-2884.444765649664,49686.98846693778,680214.8721123781,2466.085301761981,2397.225784537415,68.85951722456593,942.6867908043076
0xf6beafa72d6416525c4cf039c9c122883dbef6a3,0x36f7f12a6cd418df0fd4faada8df44dce78b8733c3127eaf2ff74dc764c89e7b,1778977698,BUY,Up,Up,1,True,21.777776,0.4499999908163258,9.799999,9.799999,11.977777,11.977777,Up,1778977800,1.714301354272867,-102,matched,4,1.5025622966707415,0.2993689399691326,1.2031933567016089,14.411581714453327,0.9850870306447744,-0.20866247160573714,1.1937495022505116,14.298465331817626,46802.543701288116,-66178.64090417625,112981.18460546437,1353263.4344000851,32772.263294678996,34246.00236853244,-1473.739073853445,-17652.117982803094
0xb305d384400e3d7a15780216a55368ea677eca4e,0x36f7f12a6cd418df0fd4faada8df44dce78b8733c3127eaf2ff74dc764c89e7b,1778977672,BUY,Up,Up,1,True,20.0,0.42,8.4,8.4,11.600000000000001,11.600000000000001,Up,1778977800,1.714301354272867,-128,matched,4,1.457007776553408,0.056218190467778095,1.4007895860856299,16.249159198593308,0.9850886785375162,-0.4218964444841137,1.40698512302163,16.321027427050907,46807.79428592813,-207326.0009468912,254133.79523281934,2947952.0247007045,66289.77988657786,64930.00376776277,1359.7761188150907,15773.402978255055
0xf6beafa72d6416525c4cf039c9c122883dbef6a3,0x36f7f12a6cd418df0fd4faada8df44dce78b8733c3127eaf2ff74dc764c89e7b,1778977642,BUY,Up,Up,1,True,18.346152,0.25999997165618166,4.769999,4.769999,13.576153,13.576153,Up,1778977800,1.714301354272867,-158,matched,4,1.399228951360425,0.26932611529015577,1.1299028360702692,15.339733777623893,0.9856845098498487,-0.1505440705338425,1.1362285803836911,15.42561305026179,48785.49216961011,-338670.54239769146,387456.03456730157,5260162.406058975,69241.70807052264,69165.25962296384,76.44844755879603,1037.8758206706914
0xf6beafa72d6416525c4cf039c9c122883dbef6a3,0x36f7f12a6cd418df0fd4faada8df44dce78b8733c3127eaf2ff74dc764c89e7b,1778977607,BUY,Up,Up,1,True,31.8,0.15,4.77,4.77,27.03,27.03,Up,1778977800,1.714301354272867,-193,matched,4,1.3445483645550924,-0.21902597052394718,1.5635743350790396,42.26341427718644,0.9856634563282884,-0.5700866286051772,1.5557500849334658,42.05192479575158,49260.66046725004,-240986.57337039703,290247.2338376471,7845382.730631601,72231.62131640862,70749.47777623497,1482.1435401736526,40062.33989089383
0xf6beafa72d6416525c4cf039c9c122883dbef6a3,0x36f7f12a6cd418df0fd4faada8df44dce78b8733c3127eaf2ff74dc764c89e7b,1778977784,BUY,Up,Up,1,True,1.833332,0.7199999781818023,1.319999,1.319999,0.513333,0.513333,Up,1778977800,1.714301354272867,-16,matched,4,-0.0007370737698709773,-0.5160303804669643,0.5152933066970933,0.264517059006739,0.9992629262302487,0.4839696195330395,0.5152933066972092,0.2645170590067985,34296.76750306302,38861.614820051,-4564.84731698798,-2343.2867677713907,972.6337913079187,974.2479380037621,-1.614146695843374,-0.8285947658173667
0xf6beafa72d6416525c4cf039c9c122883dbef6a3,0x36f7f12a6cd418df0fd4faada8df44dce78b8733c3127eaf2ff74dc764c89e7b,1778977782,BUY,Up,Up,1,True,3.426664,0.75,2.569998,2.569998,0.856666,0.856666,Up,1778977800,1.714301354272867,-18,matched,4,-0.0007370737698709773,-0.2495360837476546,0.24879900997778362,0.213137652681628,0.9992629262302487,0.7504639162523229,0.2487990099779258,0.2131376526817498,34296.76750306302,13423.4702490555,20873.29725400752,17881.444065401607,972.6337913079187,975.5644852322876,-2.930693924368825,-2.510625841413344
0xf6beafa72d6416525c4cf039c9c122883dbef6a3,0x36f7f12a6cd418df0fd4faada8df44dce78b8733c3127eaf2ff74dc764c89e7b,1778977782,BUY,Up,Up,1,True,9.414781,0.6829684089305954,6.429997999999999,6.429997999999999,2.9847829999999997,2.9847829999999997,Up,1778977800,1.714301354272867,-18,matched,4,-0.0007370737698709773,-0.2495360837476546,0.24879900997778362,0.7426110553985189,0.9992629262302487,0.7504639162523229,0.2487990099779258,0.7426110553989432,34296.76750306302,13423.4702490555,20873.29725400752,62302.262797708325,972.6337913079187,975.5644852322876,-2.930693924368825,-8.747485403659354
0xf6beafa72d6416525c4cf039c9c122883dbef6a3,0x36f7f12a6cd418df0fd4faada8df44dce78b8733c3127eaf2ff74dc764c89e7b,1778977782,BUY,Up,Up,1,True,2.1194,0.67,1.419998,1.419998,0.699402,0.699402,Up,1778977800,1.714301354272867,-18,matched,4,-0.0007370737698709773,-0.2495360837476546,0.24879900997778362,0.1740105251764818,0.9992629262302487,0.7504639162523229,0.2487990099779258,0.17401052517658125,34296.76750306302,13423.4702490555,20873.29725400752,14598.825846047368,972.6337913079187,975.5644852322876,-2.930693924368825,-2.049733192091405
0xf6beafa72d6416525c4cf039c9c122883dbef6a3,0x36f7f12a6cd418df0fd4faada8df44dce78b8733c3127eaf2ff74dc764c89e7b,1778977780,BUY,Up,Up,1,True,7.155843,0.7699999846279467,5.5099990000000005,5.5099990000000005,1.6458439999999999,1.6458439999999999,Up,1778977800,1.714301354272867,-20,matched,4,-0.0007369610358470835,-0.49999999999994715,0.49926303896410007,0.8217090771008303,0.9992630389642733,0.5000000000000298,0.4992630389642435,0.8217090771010663,34302.01780040102,-234.89751115575382,34536.915311556775,56842.374844033846,967.3834939699154,969.2316940050077,-1.8482000350923045,-3.0418489385564587
0xf6beafa72d6416525c4cf039c9c122883dbef6a3,0x36f7f12a6cd418df0fd4faada8df44dce78b8733c3127eaf2ff74dc764c89e7b,1778977780,BUY,Up,Up,1,True,40.9125,0.8,32.730000000000004,32.730000000000004,8.1825,8.1825,Up,1778977800,1.714301354272867,-20,matched,4,-0.0007369610358470835,-0.49999999999994715,0.49926303896410007,4.0852198163237485,0.9992630389642733,0.5000000000000298,0.4992630389642435,4.085219816324922,34302.01780040102,-234.89751115575382,34536.915311556775,282598.3095368133,967.3834939699154,969.2316940050077,-1.8482000350923045,-15.12289678714278
0xb305d384400e3d7a15780216a55368ea677eca4e,0x381f0c259426ded5e3e4f3da5dc93ef1afba9ed1341bde2c13d482e7e29b2101,1778825901,BUY,Down,Down,-1,True,100.0,0.355196,35.519600000000004,35.519600000000004,64.48039999999999,64.48039999999999,Down,1778826000,5.731697397589325,-99,matched,4,-0.16781789311895706,0.13124671052555736,-0.2990646036445144,-19.283805268839746,-0.5857768235458474,-0.2728701448667262,-0.31290667867912114,-20.176347803901198,-23821.41069256887,-99773.19736423873,75951.78667166986,4897401.585303941,71231.33565174043,72368.87469333597,-1137.5390415955335,-73348.97241769663
0xb305d384400e3d7a15780216a55368ea677eca4e,0x381f0c259426ded5e3e4f3da5dc93ef1afba9ed1341bde2c13d482e7e29b2101,1778825894,BUY,Down,Down,-1,True,100.0,0.270724,27.072400000000002,27.072400000000002,72.9276,72.9276,Down,1778826000,5.731697397589325,-106,matched,4,-0.14627428422213973,0.17180301882189736,-0.3180773030440371,-23.196614325474318,-0.5857768235458474,-0.2703949457026293,-0.3153818778432181,-23.00004343459907,-23821.41069256887,-1968.1619324856583,-21853.24876008321,-1593704.9842758442,74576.12930468656,72131.76337674311,2444.3659279434505,178261.7406466888
0xb305d384400e3d7a15780216a55368ea677eca4e,0x381f0c259426ded5e3e4f3da5dc93ef1afba9ed1341bde2c13d482e7e29b2101,1778825873,BUY,Down,Down,-1,True,100.0,0.2,20.0,20.0,80.0,80.0,Down,1778826000,5.731697397589325,-127,matched,4,0.7165677580489871,0.7724311748390802,-0.0558634167900931,-4.469073343207448,-0.13013746556717395,-0.07993302062832566,-0.05020444493884829,-4.016355595107863,-7492.422829239629,-6190.125280378241,-1302.2975488613883,-104183.80390891107,118504.48493586853,117677.29295611798,827.1919797505543,66175.35838004434
0xb305d384400e3d7a15780216a55368ea677eca4e,0x38d487bbd1bab33cb0d8862a48117a06907e2c0a335d9da978cd18e719669458,1780617408,BUY,Down,Down,-1,False,100.0,0.77,77.0,77.0,-77.0,77.0,Up,1780617600,3.0214618609008257,-192,matched,4,0.004155291911378867,0.9890043219245948,-0.9848490300132159,-75.83337531101762,-0.842699478317416,0.14697791049165976,-0.9896773888090757,-76.20515893829884,-132045.37902939296,-181072.47614687114,49027.09711747817,3775086.4780458193,674804.858304058,659123.3137220554,15681.544582002563,1207478.9328141974
0xb305d384400e3d7a15780216a55368ea677eca4e,0x38d487bbd1bab33cb0d8862a48117a06907e2c0a335d9da978cd18e719669458,1780617547,BUY,Up,Up,1,True,100.0,0.655316,65.5316,65.5316,34.4684,34.4684,Up,1780617600,3.0214618609008257,-53,matched,4,0.049601445920707365,-0.9765016412542522,1.0261030871749597,35.368131649981386,0.9382063600326871,-0.06849758831041117,1.0067039483430982,34.69947437306925,9306.93605365185,-146438.74653526192,155745.68258891377,5368304.485747715,20852.52618986927,21939.849450818292,-1087.3232609490224,-37478.29308769529
0xb305d384400e3d7a15780216a55368ea677eca4e,0x3c1511ab81a88bbece6c4a4ce731683fb6c37848e1fceadac0373c56b31134db,1778636047,BUY,Down,Down,-1,False,100.0,0.02,2.0,2.0,-2.0,2.0,Up,1778636100,7.146325966807418,-53,matched,4,-1.7873244303174514,-0.6191380656345963,-1.168186364682855,-2.33637272936571,-0.9231067219131815,0.2616167673159565,-1.184723489229138,-2.369446978458276,-64773.78699202766,412698.73398850067,-477472.5209805283,-954945.0419610566,435799.55075612664,412416.9372419255,23382.613514201134,46765.22702840227
0xb305d384400e3d7a15780216a55368ea677eca4e,0x3c1511ab81a88bbece6c4a4ce731683fb6c37848e1fceadac0373c56b31134db,1778635955,BUY,Down,Down,-1,False,200.0,0.0764,15.28,15.28,-15.28,15.28,Up,1778636100,7.146325966807418,-145,matched,4,1.2741701111529402,0.3864179295731489,0.8877521815797913,13.56485333453921,0.6231555276393935,-0.2877972179389171,0.9109527455783106,13.919357952436586,326435.34921706724,-106216.602761737,432651.95197880425,6610921.826236129,190903.72000436718,188212.62809615405,2691.0919082131295,41119.884357496616
0xf6beafa72d6416525c4cf039c9c122883dbef6a3,0x3c75b231d333d20c80666373c3d0de640f9936b8d352a6d012c1c30023505e76,1778399388,BUY,Up,Up,1,False,9.403506,0.5699999553358077,5.359998,5.359998,-5.359998,5.359998,Down,1778399400,1.198524222785841,-12,matched,4,1.3270243016770118,0.8317627846821843,0.49526151699482746,2.6546007405692413,0.9983030626026936,0.5000000000103015,0.4983030625923921,2.6709034188890963,99929.374464138,52.857704262693005,99876.51675987532,535337.9300798982,110.78299762299866,115.88102831534343,-5.098030692344764,-27.325434314906552
0xb305d384400e3d7a15780216a55368ea677eca4e,0x3c75b231d333d20c80666373c3d0de640f9936b8d352a6d012c1c30023505e76,1778399372,BUY,Down,Down,-1,True,20.0,0.25,5.0,5.0,15.0,15.0,Down,1778399400,1.198524222785841,-28,matched,4,-0.3184299006510747,0.43836467289883896,-0.7567945735499136,-11.351918603248704,-0.9968452366841639,-0.2603373473142292,-0.7365078893699347,-11.04761834054902,-100185.52047661101,-19838.201445748866,-80347.31903086214,-1205209.7854629322,121.86444189399481,121.94785897099791,-0.08341707700310508,-1.2512561550465762
0xb305d384400e3d7a15780216a55368ea677eca4e,0x3c7fb2030ef9a9e6c2c08f329c29f9dd8e184c8f4742175478c7f2d32025d9ea,1780812891,BUY,Down,Down,-1,True,100.0,0.89,89.0,89.0,10.999999999999998,10.999999999999998,Down,1780812900,2.3069962127283805,-9,offset_out_of_range,,,,,,,,,,,,,,,,,
0xf6beafa72d6416525c4cf039c9c122883dbef6a3,0x3ca82bacb8d59f3a9b8026ac49cb02547e903db32b739a72efecefa0c5a6ecea,1777613050,BUY,Down,Down,-1,False,187.2,0.05,9.36,9.36,-9.36,9.36,Up,1777613100,3.696478340871821,-50,matched,4,-0.050306964973884094,0.7456742593986385,-0.7959812243725226,-7.450384260126811,-1.0000000000000357,-0.20724948296885976,-0.7927505170311759,-7.420144839411806,-1630.3959732220392,3554.142723203986,-5184.538696426025,-48527.28219854759,1515.848373947898,1518.1700044992685,-2.3216305513706175,-21.73046196082898
0xf6beafa72d6416525c4cf039c9c122883dbef6a3,0x3ca82bacb8d59f3a9b8026ac49cb02547e903db32b739a72efecefa0c5a6ecea,1777612896,BUY,Down,Down,-1,False,56.794116,0.33823924647405373,19.209999,19.209999,-19.209999,19.209999,Up,1777613100,3.696478340871821,-204,matched,4,0.26337372583149155,0.17651014400092863,0.08686358183056292,1.6686493201015318,0.214123673634482,0.13052409834546427,0.08359957528901774,1.6059477577024555,21840.94013642898,19496.50215419577,2344.437982233212,45036.651294262025,9588.039342459058,9776.17643259027,-188.13709013121115,-3614.113313283476
0xf6beafa72d6416525c4cf039c9c122883dbef6a3,0x3ca82bacb8d59f3a9b8026ac49cb02547e903db32b739a72efecefa0c5a6ecea,1777612896,BUY,Down,Down,-1,False,27.897713,0.3451895501254888,9.629999,9.629999,-9.629999,9.629999,Up,1777613100,3.696478340871821,-204,matched,4,0.26337372583149155,0.17651014400092863,0.08686358183056292,0.8364962061647391,0.214123673634482,0.13052409834546427,0.08359957528901774,0.8050638264336655,21840.94013642898,19496.50215419577,2344.437982233212,22576.93542446785,9588.039342459058,9776.17643259027,-188.13709013121115,-1811.7599898264732
0xf6beafa72d6416525c4cf039c9c122883dbef6a3,0x3ca82bacb8d59f3a9b8026ac49cb02547e903db32b739a72efecefa0c5a6ecea,1777612894,BUY,Down,Down,-1,False,59.96875,0.32,19.19,19.19,-19.19,19.19,Up,1777613100,3.696478340871821,-206,matched,4,0.2457960136154526,0.41732835385279704,-0.17153234023734443,-3.29170560915464,0.21226975866744438,0.3854509976680444,-0.17318123900060003,-3.323347976421515,21684.949984178995,115953.45080830583,-94268.50082412684,-1809012.5308149941,9432.049190209073,9969.277344625509,-537.2281544164362,-10309.40828325141
0xf6beafa72d6416525c4cf039c9c122883dbef6a3,0x3daffb7ad3554211a3132debc3530119a38a56ad8e2bf2e4d692801a1cebfd98,1778405516,BUY,Down,Down,-1,True,19.9,0.49,9.751,9.751,10.149,10.149,Down,1778405700,1.7848550753988475,-184,matched,4,-0.16361526515125568,-0.5464164949198671,0.3828012297686114,3.885049680921637,0.8280334550390575,0.4476483099302161,0.38038514510884136,3.8605288377096305,366704.3590840597,231719.21739940677,134985.14168465295,1369964.2029575426,408515.5718263978,408166.9455203895,348.6263060083147,3538.208379678386
0xb305d384400e3d7a15780216a55368ea677eca4e,0x3daffb7ad3554211a3132debc3530119a38a56ad8e2bf2e4d692801a1cebfd98,1778405453,BUY,Down,Down,-1,True,100.0,0.488867,48.8867,48.8867,51.11330000000001,51.11330000000001,Down,1778405700,1.7848550753988475,-247,matched,4,-0.16153560275589118,-1.099537762490379,0.9380021597344879,47.944385791156805,0.8271807147158095,-0.11884204450800008,0.9460227592238095,48.354345099034354,366531.7829236707,190090.2912336472,176441.4916900235,9018506.897199681,409743.40934113075,409175.1345704096,568.2747707211529,29046.39883830151
0xf6beafa72d6416525c4cf039c9c122883dbef6a3,0x3daffb7ad3554211a3132debc3530119a38a56ad8e2bf2e4d692801a1cebfd98,1778405450,BUY,Down,Down,-1,True,4.145832,0.4799999131658012,1.989999,1.989999,2.155833,2.155833,Down,1778405700,1.7848550753988475,-250,matched,4,-0.16153560275589118,-1.3314098404903334,1.1698742377344422,2.5220534875577556,0.8271807147158095,-0.3483586504199469,1.1755393651357564,2.534266556158713,366531.7829236707,-18591.358550706005,385123.1414743767,830261.1774541299,409743.40934113075,409904.2585603424,-160.84921921166824,-346.76405480074834
0xf6beafa72d6416525c4cf039c9c122883dbef6a3,0x3daffb7ad3554211a3132debc3530119a38a56ad8e2bf2e4d692801a1cebfd98,1778405450,BUY,Down,Down,-1,True,9.75,0.48,4.68,4.68,5.07,5.07,Down,1778405700,1.7848550753988475,-250,matched,4,-0.16153560275589118,-1.3314098404903334,1.1698742377344422,5.931262385313622,0.8271807147158095,-0.3483586504199469,1.1755393651357564,5.9599845812382855,366531.7829236707,-18591.358550706005,385123.1414743767,1952574.3272750902,409743.40934113075,409904.2585603424,-160.84921921166824,-815.5055414031581
0xf6beafa72d6416525c4cf039c9c122883dbef6a3,0x3daffb7ad3554211a3132debc3530119a38a56ad8e2bf2e4d692801a1cebfd98,1778405588,BUY,Down,Down,-1,True,18.769229,0.5199999957377045,9.759998999999999,9.759998999999999,9.00923,9.00923,Down,1778405700,1.7848550753988475,-112,matched,4,1.9890071085331105,0.5621909284079615,1.426816180125149,12.854515134468897,0.9983557024450751,-0.42418562959964584,1.4225413320447209,12.816002044897262,404277.8911289009,-12428.762159160411,416706.6532880613,3754206.082002401,38013.17635640199,38046.65838155868,-33.48202515668527,-301.6472655023636
0xb305d384400e3d7a15780216a55368ea677eca4e,0x3dc379165d85406d6c8b82dbd2bb8860ee469673249193babcf20f998e585bed,1779418485,BUY,Down,Down,-1,True,100.0,0.95,95.0,95.0,5.000000000000004,5.000000000000004,Down,1779418500,1.1159089392703583,-15,matched,4,1.2960766951023444,0.9064330976491651,0.3896435974531792,1.9482179872658978,0.2960766950996002,-0.09356690235058021,0.3896435974501804,1.9482179872509038,99.22207595908549,-13644.052913978005,13743.27498993709,68716.37494968552,42.423923048889264,42.36421152726689,0.059711521622375585,0.2985576081118782
0xb305d384400e3d7a15780216a55368ea677eca4e,0x3dc379165d85406d6c8b82dbd2bb8860ee469673249193babcf20f998e585bed,1779418430,BUY,Down,Down,-1,True,100.0,0.614842,61.4842,61.4842,38.5158,38.5158,Down,1779418500,1.1159089392703583,-70,matched,4,-0.4369563425578502,0.1040131613908407,-0.5409695039486909,-20.83587322018699,-0.8619983841681774,-0.3217944034717535,-0.540203980696424,-20.806388479707326,-3251.5558840828016,-4450.033228836234,1198.4773447534326,46160.31371505426,3081.6975604698528,3096.3336017440306,-14.636041274177842,-563.718838507979
0xb305d384400e3d7a15780216a55368ea677eca4e,0x3dc379165d85406d6c8b82dbd2bb8860ee469673249193babcf20f998e585bed,1779418467,BUY,Down,Down,-1,True,100.0,0.88,88.0,88.0,12.0,12.0,Down,1779418500,1.1159089392703583,-33,matched,4,1.1250427333351567,0.11302001685488847,1.0120227164802682,12.14427259776322,0.15044002980156898,-0.8595466401940643,1.0099866699956332,12.119840039947599,56.79815291007981,-4283.4145816530145,4340.212734563094,52082.55281475713,3394.566857856931,3347.5830151289993,46.983842727931915,563.806112735183
0xf6beafa72d6416525c4cf039c9c122883dbef6a3,0x3dc379165d85406d6c8b82dbd2bb8860ee469673249193babcf20f998e585bed,1779418434,BUY,Down,Down,-1,True,31.80645,0.62,19.719999,19.719999,12.086451,12.086451,Down,1779418500,1.1159089392703583,-66,matched,4,-0.5586480197018604,0.018239813521898143,-0.5768878332237586,-6.972526528755131,-0.8619983841681774,-0.2828822874471957,-0.5791160967209817,-6.999458326329407,-3251.5558840828016,-716927.3331925496,713675.7773084668,8625807.312325697,2543.3825661658775,2545.587591843556,-2.20502567767835,-26.65093480700117
0xf6beafa72d6416525c4cf039c9c122883dbef6a3,0x3f842c25f95535e8a4875647975aacede31274fd3e8f4351e3585a697e068d3a,1779534884,BUY,Down,Down,-1,True,5.826085,0.22999990559698322,1.339999,1.339999,4.486086,4.486086,Down,1779534900,0.6948555759957091,-16,matched,4,-0.009989321953376429,-1.5240339751431913,1.5140446531898148,6.792134522049684,0.9900106780466236,-0.5240339751421497,1.5140446531887732,6.792134522045012,10216.258758609067,249.9167887402873,9966.34196986878,44709.867182240756,10.194431604002602,10.391576512236497,-0.19714490823389497,-0.884409012799361
0xf6beafa72d6416525c4cf039c9c122883dbef6a3,0x3f842c25f95535e8a4875647975aacede31274fd3e8f4351e3585a697e068d3a,1779534884,BUY,Down,Down,-1,True,6.043477,0.2299998825179611,1.389999,1.389999,4.653478,4.653478,Down,1779534900,0.6948555759957091,-16,matched,4,-0.009989321953376429,-1.5240339751431913,1.5140446531898148,7.045573484636433,0.9900106780466236,-0.5240339751421497,1.5140446531887732,7.045573484631586,10216.258758609067,249.9167887402873,9966.34196986878,46378.15309726103,10.194431604002602,10.391576512236497,-0.19714490823389497,-0.917409493278449
0xf6beafa72d6416525c4cf039c9c122883dbef6a3,0x3f842c25f95535e8a4875647975aacede31274fd3e8f4351e3585a697e068d3a,1779534882,BUY,Down,Down,-1,True,12.4,0.25,3.1,3.1,9.3,9.3,Down,1779534900,0.6948555759957091,-18,matched,4,-0.009981291482379473,-1.5085271518112808,1.4985458603289015,13.936476501058785,0.9900187085176205,-0.5085271518894555,1.498545860407076,13.936476501785808,10224.56120891706,1080.76109518477,9143.80011373229,85037.3410577103,1.8919812960084528,1.8473362485856342,0.04464504742281861,0.41519894103221305
0xb305d384400e3d7a15780216a55368ea677eca4e,0x3f842c25f95535e8a4875647975aacede31274fd3e8f4351e3585a697e068d3a,1779534877,BUY,Down,Down,-1,True,173.98,0.2011581791010461,34.9975,34.9975,138.9825,138.9825,Down,1779534900,0.6948555759957091,-23,matched,4,1.9900205367135846,0.30943804884063314,1.6805824878729514,233.57155562080246,0.9900205367135847,-0.6892288643691331,1.6792494010827177,233.38627988597878,10226.45319021307,-11100.691968769486,21327.145158982556,2964099.952058293,2456.906138267019,2431.6591999079974,25.246938359021442,3508.882610482697
0xf6beafa72d6416525c4cf039c9c122883dbef6a3,0x3f842c25f95535e8a4875647975aacede31274fd3e8f4351e3585a697e068d3a,1779534872,BUY,Down,Down,-1,True,4.952379,0.20999988086533766,1.039999,1.039999,3.9123799999999997,3.9123799999999997,Down,1779534900,0.6948555759957091,-28,matched,4,1.9900205367135846,0.5007423710654737,1.4892781656481109,5.826622109718356,0.9900205367135847,-0.49925762893447156,1.4892781656480563,5.826622109718142,10226.45319021307,-47958.38016116805,58184.833351381116,227641.17830727642,3463.846532881027,3474.3787203267348,-10.532187445707677,-41.2059195188378
0xb305d384400e3d7a15780216a55368ea677eca4e,0x3f842c25f95535e8a4875647975aacede31274fd3e8f4351e3585a697e068d3a,1779534872,BUY,Down,Down,-1,True,200.0,0.21,42.0,42.0,158.0,158.0,Down,1779534900,0.6948555759957091,-28,matched,4,1.9900205367135846,0.5007423710654737,1.4892781656481109,235.3059501724015,0.9900205367135847,-0.49925762893447156,1.4892781656480563,235.3059501723929,10226.45319021307,-47958.38016116805,58184.833351381116,9193203.669518216,3463.846532881027,3474.3787203267348,-10.532187445707677,-1664.085616421813
0xb305d384400e3d7a15780216a55368ea677eca4e,0x3f842c25f95535e8a4875647975aacede31274fd3e8f4351e3585a697e068d3a,1779534872,BUY,Down,Down,-1,True,100.0,0.21,21.0,21.0,79.0,79.0,Down,1779534900,0.6948555759957091,-28,matched,4,1.9900205367135846,0.5007423710654737,1.4892781656481109,117.65297508620075,0.9900205367135847,-0.49925762893447156,1.4892781656480563,117.65297508619645,10226.45319021307,-47958.38016116805,58184.833351381116,4596601.834759108,3463.846532881027,3474.3787203267348,-10.532187445707677,-832.0428082109065
0xf6beafa72d6416525c4cf039c9c122883dbef6a3,0x3f842c25f95535e8a4875647975aacede31274fd3e8f4351e3585a697e068d3a,1779534858,BUY,Down,Down,-1,True,4.291665,0.23999986019412045,1.0299989999999999,1.0299989999999999,3.261666,3.261666,Down,1779534900,0.6948555759957091,-42,matched,4,1.612609654362832,1.040810894366166,0.5717987599966661,1.8650165743232858,0.6126096543628321,0.042501695986084415,0.5701079583767477,1.859501744166853,7808.955909406068,116623.1043311405,-108814.14842173443,-354915.4082261248,5477.116088787094,5366.196340527618,110.91974825947545,361.7831716264903
0xf6beafa72d6416525c4cf039c9c122883dbef6a3,0x3f842c25f95535e8a4875647975aacede31274fd3e8f4351e3585a697e068d3a,1779534858,BUY,Down,Down,-1,True,35.260868,0.22999998184956763,8.109999,8.109999,27.150869000000004,27.150869000000004,Down,1779534900,0.6948555759957091,-42,matched,4,1.612609654362832,1.040810894366166,0.5717987599966661,15.524833227031923,0.6126096543628321,0.042501695986084415,0.5701079583767477,15.478926493744531,7808.955909406068,116623.1043311405,-108814.14842173443,-2954398.6891450686,5477.116088787094,5366.196340527618,110.91974825947545,3011.5675545059967
0xf6beafa72d6416525c4cf039c9c122883dbef6a3,0x3f842c25f95535e8a4875647975aacede31274fd3e8f4351e3585a697e068d3a,1779534858,BUY,Down,Down,-1,True,177.708332,0.23943727635685647,42.549999,42.549999,135.15833300000003,135.15833300000003,Down,1779534900,0.6948555759957091,-42,matched,4,1.612609654362832,1.040810894366166,0.5717987599966661,77.28336721261648,0.6126096543628321,0.042501695986084415,0.5701079583767477,77.05484128423461,7808.955909406068,116623.1043311405,-108814.14842173443,-14707138.907496208,5477.116088787094,5366.196340527618,110.91974825947545,14991.728271530357
0xf6beafa72d6416525c4cf039c9c122883dbef6a3,0x3f842c25f95535e8a4875647975aacede31274fd3e8f4351e3585a697e068d3a,1779534896,BUY,Down,Down,-1,True,6.25,0.16,1.0,1.0,5.25,5.25,Down,1779534900,0.6948555759957091,-4,offset_out_of_range,,,,,,,,,,,,,,,,,
0xf6beafa72d6416525c4cf039c9c122883dbef6a3,0x3f842c25f95535e8a4875647975aacede31274fd3e8f4351e3585a697e068d3a,1779534896,BUY,Down,Down,-1,True,4.347825,0.22999982749995687,0.9999990000000001,0.9999990000000001,3.3478260000000004,3.3478260000000004,Down,1779534900,0.6948555759957091,-4,offset_out_of_range,,,,,,,,,,,,,,,,,
0xf6beafa72d6416525c4cf039c9c122883dbef6a3,0x3f842c25f95535e8a4875647975aacede31274fd3e8f4351e3585a697e068d3a,1779534884,BUY,Down,Down,-1,True,6.695651,0.22999989097400686,1.539999,1.539999,5.155652,5.155652,Down,1779534900,0.6948555759957091,-16,matched,4,-0.009989321953376429,-1.5240339751431913,1.5140446531898148,7.805887344307375,0.9900106780466236,-0.5240339751421497,1.5140446531887732,7.805887344302005,10216.258758609067,249.9167887402873,9966.34196986878,51382.99090963791,10.194431604002602,10.391576512236497,-0.19714490823389497,-1.016410540425897
0xb305d384400e3d7a15780216a55368ea677eca4e,0x3fc8b9455ff1b0d6977ef00863eb1dae4747aa84f02719908803a237dcbc77d2,1780621026,BUY,Down,Down,-1,True,100.0,0.65,65.0,65.0,35.0,35.0,Down,1780621200,14.288678362500583,-174,matched,4,-0.22824970107260784,-0.7274512453700063,0.49920154429739844,17.472054050408946,0.35453646627221763,-0.13336603184536958,0.48790249811758724,17.076587434115552,33080.20129979524,77059.00164345832,-43978.80034366308,-1539258.012028208,219813.93995428213,223213.4765454116,-3399.536591129465,-118983.78068953127
0xb305d384400e3d7a15780216a55368ea677eca4e,0x4031da7df209abca5a966864916f4e866b8b9d80ec0aa46d583030601dc631d3,1778460591,BUY,Up,Up,1,False,100.0,0.11,11.0,11.0,-11.0,11.0,Down,1778460600,1.7520725465510663,-9,offset_out_of_range,,,,,,,,,,,,,,,,,
0xb305d384400e3d7a15780216a55368ea677eca4e,0x4031da7df209abca5a966864916f4e866b8b9d80ec0aa46d583030601dc631d3,1778460514,BUY,Down,Down,-1,True,40.05,0.52,20.826,20.826,19.223999999999997,19.223999999999997,Down,1778460600,1.7520725465510663,-86,matched,4,-1.1862543419669134,-0.6627536445715836,-0.5235006973953298,-10.063777406727818,-0.28038685821870046,0.24700923498998195,-0.5273960932086824,-10.13866249584371,-5667.461296973022,74260.96438046539,-79928.42567743841,-1536544.0552230757,263425.5374807627,262311.6816892128,1113.8557915498968,21412.763736755212
0xb305d384400e3d7a15780216a55368ea677eca4e,0x4031da7df209abca5a966864916f4e866b8b9d80ec0aa46d583030601dc631d3,1778460545,BUY,Down,Down,-1,True,17.4,0.2942528735632184,5.119999999999999,5.119999999999999,12.28,12.28,Down,1778460600,1.7520725465510663,-55,matched,4,-0.4532269832648159,-0.7291447264390715,0.27591774317425555,3.388269886179858,-0.393104717291431,-0.678824429818881,0.28571971252745004,3.5086380698370863,-6104.191914661031,-57833.53798180521,51729.34606714418,635236.3697045305,4859.384688483784,5014.504336514146,-155.11964803036244,-1904.8692778128507
0xb305d384400e3d7a15780216a55368ea677eca4e,0x41062702542e20f4630a1b72db9d4f2c3767e83159641a7a0d05ef0e713e086a,1778219062,BUY,Down,Down,-1,False,40.0,0.02,0.8,0.8,-0.8,0.8,Up,1778219100,4.185864981632623,-38,matched,4,0.22061354459924887,0.328505876244972,-0.10789233164572315,-0.08631386531657853,0.6393160115011269,0.7457831187624713,-0.10646710726134434,-0.08517368580907547,3331.864139568992,163668.2068311899,-160336.3426916209,-128269.07415329672,144.23168726201402,152.05670168173674,-7.82501441972272,-6.260011535778176
0xb305d384400e3d7a15780216a55368ea677eca4e,0x41062702542e20f4630a1b72db9d4f2c3767e83159641a7a0d05ef0e713e086a,1778219021,BUY,Down,Down,-1,False,4.57,0.15,0.6855,0.6855,-0.6855,0.6855,Up,1778219100,4.185864981632623,-79,matched,4,0.8636476028507329,-0.04803224327949892,0.9116798461302319,0.624956534522274,0.6240420813202143,-0.28305792575500643,0.9071000070752208,0.6218170548500638,3361.4760052310303,1756.2724634444894,1605.2035417865409,1100.3670278946738,4921.133464621962,4891.088906574034,30.04455804792815,20.595544541854746
0xb305d384400e3d7a15780216a55368ea677eca4e,0x428bcd0ccc8c61417d72827358ce8d586373c1777356d3a0022a9373c4f4919d,1780801173,BUY,Down,Down,-1,True,10.0,0.74,7.4,7.4,2.6,2.6,Down,1780801200,1.942387956180654,-27,matched,4,0.15606274169540768,-0.919933599268635,1.0759963409640427,2.797590486506511,0.9887548786499801,-0.09751180570715356,1.0862666843571338,2.824293379328548,2432.821192713047,1326.1724393054974,1106.6487534075495,2877.2867588596287,5280.652220810996,5147.370827047038,133.28139376395848,346.5316237862921
0xb305d384400e3d7a15780216a55368ea677eca4e,0x42f29d2272e52d869d2876779e40c71ec43b16a69d7cfac45a155ef830e9511c,1779947132,BUY,Down,Down,-1,True,300.0,0.452571,135.7713,135.7713,164.22869999999998,164.22869999999998,Down,1779947400,5.1859778012653495,-268,matched,4,0.8590867948594161,0.5911051947307853,0.2679816001286308,44.010269813044864,-0.08958163131871674,-0.37030240942685166,0.2807207781081349,46.102408451687445,-110751.26795577444,-812459.732341422,701708.4643856476,115240668.88505118,1824735.958154196,1822379.0171921062,2356.9409620896913,387077.35018073925
0xb305d384400e3d7a15780216a55368ea677eca4e,0x4475c35ae2ef85149ac0c1845d59c7b137c7234c98a7d3b1996404f78b1a7443,1778326798,BUY,Up,Up,1,False,100.0,0.251622,25.162200000000002,25.162200000000002,-25.162200000000002,25.162200000000002,Down,1778326800,1.1625802839412671,-2,offset_out_of_range,,,,,,,,,,,,,,,,,
0xb305d384400e3d7a15780216a55368ea677eca4e,0x4475c35ae2ef85149ac0c1845d59c7b137c7234c98a7d3b1996404f78b1a7443,1778326793,BUY,Up,Up,1,False,100.0,0.551743,55.174299999999995,55.174299999999995,-55.174299999999995,55.174299999999995,Down,1778326800,1.1625802839412671,-7,offset_out_of_range,,,,,,,,,,,,,,,,,
0xb305d384400e3d7a15780216a55368ea677eca4e,0x4475c35ae2ef85149ac0c1845d59c7b137c7234c98a7d3b1996404f78b1a7443,1778326759,BUY,Up,Up,1,False,43.26,0.39,16.8714,16.8714,-16.8714,16.8714,Down,1778326800,1.1625802839412671,-41,matched,4,0.0,-0.5677984803646382,0.5677984803646382,9.579555281623957,1.0,0.43123449597621055,0.5687655040237894,9.595870324586961,2576.3549462398514,3365.8504658414877,-789.4955196016363,-13319.894709407046,679.6622558999807,680.6484157777304,-0.986159877749742,-16.637897761467
0xf6beafa72d6416525c4cf039c9c122883dbef6a3,0x45117b815ed6c33b3d14f49bda95cfe57193c735c9179e89430c2d126a695baa,1778951649,BUY,Up,Up,1,True,1.647056,0.6799999514284881,1.119998,1.119998,0.5270580000000001,0.5270580000000001,Up,1778952000,1.9505193004305144,-351,matched,4,1.2432556831386095,0.17223977347871933,1.0710159096598901,0.5644875033135225,0.99129195087829,-0.1089961023067135,1.1002880531850034,0.5799156207355817,1403002.955463578,-13423.451759662008,1416426.40722324,746538.8693382667,253551.40706379642,250013.7471257111,3537.6599380853295,1864.551971647378
0xf6beafa72d6416525c4cf039c9c122883dbef6a3,0x45117b815ed6c33b3d14f49bda95cfe57193c735c9179e89430c2d126a695baa,1778951641,BUY,Up,Up,1,True,2.573528,0.6799999844571343,1.7499989999999999,1.7499989999999999,0.8235290000000002,0.8235290000000002,Up,1778952000,1.9505193004305144,-359,matched,4,1.211345094894904,0.3373809136316738,0.8739641812632303,0.7197348482315269,0.9912962861067468,0.13603713960676517,0.8552591464999817,0.7043307096579836,1403707.915322068,-102651.1744860181,1506359.089808086,1240530.3948705634,260183.9890510186,244129.41991278453,16054.569138234074,13221.403267840771
0xf6beafa72d6416525c4cf039c9c122883dbef6a3,0x45117b815ed6c33b3d14f49bda95cfe57193c735c9179e89430c2d126a695baa,1778951599,BUY,Up,Up,1,True,8.0,0.68,5.44,5.44,2.5599999999999996,2.5599999999999996,Up,1778952000,1.9505193004305144,-401,matched,4,0.9016979710295829,-0.050932587582066695,0.9526305586116496,2.4387342300458226,0.9913004046905955,0.035484516001769106,0.9558158886888264,2.4468886750433954,1405369.062587742,-227059.27907124767,1632428.3416589897,4179016.554647013,351482.13430331915,354154.53242524026,-2672.3981219211128,-6841.339192118047
0xf6beafa72d6416525c4cf039c9c122883dbef6a3,0x45117b815ed6c33b3d14f49bda95cfe57193c735c9179e89430c2d126a695baa,1778951599,BUY,Up,Up,1,True,57.892305,0.6499999956816368,37.629998,37.629998,20.262307,20.262307,Up,1778952000,1.9505193004305144,-401,matched,4,0.9016979710295829,-0.050932587582066695,0.9526305586116496,19.30249283617074,0.9913004046905955,0.035484516001769106,0.9558158886888264,19.367034972090828,1405369.062587742,-227059.27907124767,1632428.3416589897,33076764.214195337,351482.13430331915,354154.53242524026,-2672.3981219211128,-54148.95117258902
0xf6beafa72d6416525c4cf039c9c122883dbef6a3,0x45117b815ed6c33b3d14f49bda95cfe57193c735c9179e89430c2d126a695baa,1778951597,BUY,Up,Up,1,True,5.941175,0.68,4.039999000000001,4.039999000000001,1.9011759999999998,1.9011759999999998,Up,1778952000,1.9505193004305144,-403,matched,4,0.9016979710295829,-0.05090949833716213,0.952607469366745,1.8110744581807905,0.9913004046905955,0.03549985907816748,0.9558005456124281,1.8171450581052533,1405369.062587742,-227055.1752564977,1632424.2378442397,3103525.78280776,351482.13430331915,354152.81186743017,-2670.6775641110144,-5077.428088626321
0xf6beafa72d6416525c4cf039c9c122883dbef6a3,0x4514c5a7bfabedc23a4cb276aecf928e211d3727381676809f7c4366a6c0b169,1778820672,BUY,Down,Down,-1,True,9.177012,0.6614351163537762,6.069998,6.069998,3.107014,3.107014,Down,1778820900,7.447686009046775,-228,matched,4,1.5781324529688714,0.6593902462073941,0.9187422067614773,2.8545448987988045,0.8476352095595445,-0.0675399518302082,0.9151751613897527,2.843462038890221,89003.07853726503,10801.111726533854,78201.96681073117,242974.60570847712,120333.44387986325,115532.2368299146,4801.2070499486435,14917.417521089135
0xf6beafa72d6416525c4cf039c9c122883dbef6a3,0x4514c5a7bfabedc23a4cb276aecf928e211d3727381676809f7c4366a6c0b169,1778820672,BUY,Down,Down,-1,True,4.876922,0.6499999384857909,3.1699990000000002,3.1699990000000002,1.706923,1.706923,Down,1778820900,7.447686009046775,-228,matched,4,1.5781324529688714,0.6593902462073941,0.9187422067614773,1.5682222037919211,0.8476352095595445,-0.0675399518302082,0.9151751613897527,1.5621335320048808,89003.07853726503,10801.111726533854,78201.96681073117,133484.73579447367,120333.44387986325,115532.2368299146,4801.2070499486435,8195.290741319488
0xf6beafa72d6416525c4cf039c9c122883dbef6a3,0x4514c5a7bfabedc23a4cb276aecf928e211d3727381676809f7c4366a6c0b169,1778820672,BUY,Down,Down,-1,True,4.136361,0.6599999371428171,2.729998,2.729998,1.4063629999999998,1.4063629999999998,Down,1778820900,7.447686009046775,-228,matched,4,1.5781324529688714,0.6593902462073941,0.9187422067614773,1.2920850461276914,0.8476352095595445,-0.0675399518302082,0.9151751613897527,1.2870684854975767,89003.07853726503,10801.111726533854,78201.96681073117,109980.35264984031,120333.44387986325,115532.2368299146,4801.2070499486435,6752.239950386923
0xf6beafa72d6416525c4cf039c9c122883dbef6a3,0x4514c5a7bfabedc23a4cb276aecf928e211d3727381676809f7c4366a6c0b169,1778820669,BUY,Down,Down,-1,True,7.285713,0.629999973921564,4.589999000000001,4.589999000000001,2.695714,2.695714,Down,1778820900,7.447686009046775,-231,matched,4,1.578668773264932,0.19793751192565776,1.3807312613392744,3.722056591429941,0.8476843388986022,-0.536799583887482,1.3844839227860841,3.732172693429366,89036.94675960102,-205081.9807033037,294118.9274629047,792860.5104267368,120299.5756575272,115515.28633641003,4784.289321117161,12897.075702986029
0xf6beafa72d6416525c4cf039c9c122883dbef6a3,0x4514c5a7bfabedc23a4cb276aecf928e211d3727381676809f7c4366a6c0b169,1778820667,BUY,Down,Down,-1,True,2.793102,0.5799999427160197,1.6199990000000002,1.6199990000000002,1.173103,1.173103,Down,1778820900,7.447686009046775,-233,matched,4,1.5756566084012484,0.199797263203113,1.3758593451981354,1.6140247254299682,0.8476843388986022,-0.5356688410118492,1.3833531799104515,1.6228157654124904,89036.94675960102,-205100.89802686294,294137.84478646395,345053.9881325352,120509.27934392716,115605.78662422755,4903.492719699614,5752.302019957777
0xf6beafa72d6416525c4cf039c9c122883dbef6a3,0x4514c5a7bfabedc23a4cb276aecf928e211d3727381676809f7c4366a6c0b169,1778820667,BUY,Down,Down,-1,True,8.123074,0.6499999876893895,5.279998,5.279998,2.8430760000000004,2.8430760000000004,Down,1778820900,7.447686009046775,-233,matched,4,1.5756566084012484,0.199797263203113,1.3758593451981354,3.9116726837085345,0.8476843388986022,-0.5356688410118492,1.3833531799104515,3.932978225327087,89036.94675960102,-205100.89802686294,294137.84478646395,836256.2472041209,120509.27934392716,115605.78662422755,4903.492719699614,13941.002467552702
0xf6beafa72d6416525c4cf039c9c122883dbef6a3,0x4514c5a7bfabedc23a4cb276aecf928e211d3727381676809f7c4366a6c0b169,1778820665,BUY,Down,Down,-1,True,2.326529,0.48999990973677954,1.139999,1.139999,1.1865299999999999,1.1865299999999999,Down,1778820900,7.447686009046775,-235,matched,4,1.5756566084012484,0.3568855440398744,1.218771064361374,1.446108430996701,0.8476843388986022,-0.37130456661989464,1.2189889055184968,1.4463669060648618,89036.94675960102,-196670.83968316595,285707.78644276696,339000.85984793626,120509.27934392716,115361.84922594676,5147.430117980402,6107.580257887286
0xf6beafa72d6416525c4cf039c9c122883dbef6a3,0x4514c5a7bfabedc23a4cb276aecf928e211d3727381676809f7c4366a6c0b169,1778820665,BUY,Down,Down,-1,True,10.775509,0.48999996195075335,5.279999,5.279999,5.4955099999999995,5.4955099999999995,Down,1778820900,7.447686009046775,-235,matched,4,1.5756566084012484,0.3568855440398744,1.218771064361374,6.697768571908574,0.8476843388986022,-0.37130456661989464,1.2189889055184968,6.698965720165954,89036.94675960102,-196670.83968316595,285707.78644276696,1570109.99747409,120509.27934392716,115361.84922594676,5147.430117980402,28287.75368766248
0xb305d384400e3d7a15780216a55368ea677eca4e,0x4514c5a7bfabedc23a4cb276aecf928e211d3727381676809f7c4366a6c0b169,1778820664,BUY,Down,Down,-1,True,100.0,0.53,53.0,53.0,47.0,47.0,Down,1778820900,7.447686009046775,-236,matched,4,1.59179908735653,1.1173668259446496,0.47443226141188033,22.298316286358375,0.8476843388986022,0.3650919539224872,0.48259238497611495,22.681842093877403,89036.94675960102,41059.42020449855,47977.52655510247,2254943.748089816,128111.58738631022,135934.56933269626,-7822.981946386048,-367680.15148014424
0xf6beafa72d6416525c4cf039c9c122883dbef6a3,0x4514c5a7bfabedc23a4cb276aecf928e211d3727381676809f7c4366a6c0b169,1778820662,BUY,Down,Down,-1,True,6.081631,0.48999996875838076,2.979999,2.979999,3.1016320000000004,3.1016320000000004,Down,1778820900,7.447686009046775,-238,matched,4,1.59179908735653,0.7601010013631682,0.8316980859933618,2.579621397855763,0.8476843388986022,0.004931040760573504,0.8427532981380287,2.6139105976104506,89036.94675960102,-42045.9938285921,131082.94058819313,406571.0431824387,128111.58738631022,127560.25668740041,551.3306989098055,1710.024938321018
0xf6beafa72d6416525c4cf039c9c122883dbef6a3,0x4514c5a7bfabedc23a4cb276aecf928e211d3727381676809f7c4366a6c0b169,1778820658,BUY,Down,Down,-1,True,4.8,0.55,2.64,2.64,2.1599999999999997,2.1599999999999997,Down,1778820900,7.447686009046775,-242,matched,4,1.6493029948987123,1.0563951957447726,0.5929077991539398,1.2806808461725097,0.8476843388986022,0.23981682683781178,0.6078675120607904,1.312993826051307,89036.94675960102,-41433.59266925898,130470.53942886001,281816.3651663376,165246.7167669671,159778.54838503222,5468.168381934869,11811.243704979315
0xf6beafa72d6416525c4cf039c9c122883dbef6a3,0x4514c5a7bfabedc23a4cb276aecf928e211d3727381676809f7c4366a6c0b169,1778820658,BUY,Down,Down,-1,True,9.363635,0.549999973300967,5.149999,5.149999,4.213636,4.213636,Down,1778820900,7.447686009046775,-242,matched,4,1.6493029948987123,1.0563951957447726,0.5929077991539398,2.4982976471958103,0.8476843388986022,0.23981682683781178,0.6078675120607904,2.5613324320497806,89036.94675960102,-41433.59266925898,130470.53942886001,549755.361876864,165246.7167669671,159778.54838503222,5468.168381934869,23040.871148182516
0xf6beafa72d6416525c4cf039c9c122883dbef6a3,0x4514c5a7bfabedc23a4cb276aecf928e211d3727381676809f7c4366a6c0b169,1778820657,BUY,Down,Down,-1,True,9.42857,0.5599999787878756,5.279999,5.279999,4.1485710000000005,4.1485710000000005,Down,1778820900,7.447686009046775,-243,matched,4,1.6493029948987123,1.049202465892052,0.6001005290066603,2.4895596517216902,0.8476843388986022,0.23981682683781178,0.6078675120607904,2.5217815323775454,89036.94675960102,-41433.59266925898,130470.53942886001,541266.2962289252,165246.7167669671,160421.01126222318,4825.705504743906,20019.781911520935
0xf6beafa72d6416525c4cf039c9c122883dbef6a3,0x4514c5a7bfabedc23a4cb276aecf928e211d3727381676809f7c4366a6c0b169,1778820657,BUY,Down,Down,-1,True,2.25,0.56,1.2600000000000002,1.2600000000000002,0.9899999999999999,0.9899999999999999,Down,1778820900,7.447686009046775,-243,matched,4,1.6493029948987123,1.049202465892052,0.6001005290066603,0.5940995237165937,0.8476843388986022,0.23981682683781178,0.6078675120607904,0.6017888369401824,89036.94675960102,-41433.59266925898,130470.53942886001,129165.8340345714,165246.7167669671,160421.01126222318,4825.705504743906,4777.448449696467
0xf6beafa72d6416525c4cf039c9c122883dbef6a3,0x4514c5a7bfabedc23a4cb276aecf928e211d3727381676809f7c4366a6c0b169,1778820657,BUY,Down,Down,-1,True,4.910713,0.5599999429818032,2.749999,2.749999,2.1607140000000005,2.1607140000000005,Down,1778820900,7.447686009046775,-243,matched,4,1.6493029948987123,1.049202465892052,0.6001005290066603,1.2966456144320972,0.8476843388986022,0.23981682683781178,0.6078675120607904,1.313427843454919,89036.94675960102,-41433.59266925898,130470.53942886001,281909.5211314899,165246.7167669671,160421.01126222318,4825.705504743906,10426.969443977227
0xb305d384400e3d7a15780216a55368ea677eca4e,0x4514c5a7bfabedc23a4cb276aecf928e211d3727381676809f7c4366a6c0b169,1778820650,BUY,Down,Down,-1,True,99.99,0.62,61.99379999999999,61.99379999999999,37.9962,37.9962,Down,1778820900,7.447686009046775,-250,matched,4,1.6460698720787734,0.8269766645390139,0.8190932075397596,31.122429332322213,0.8446307677250238,0.0239266629815727,0.8207041047434511,31.183637304653118,88863.07273842402,12960.296869265057,75902.77586915896,2884017.0524797374,165110.3036525771,166148.97410509884,-1038.6704525217356,-39465.53024810637
0xb305d384400e3d7a15780216a55368ea677eca4e,0x4514c5a7bfabedc23a4cb276aecf928e211d3727381676809f7c4366a6c0b169,1778820648,BUY,Down,Down,-1,True,100.0,0.62,62.0,62.0,38.0,38.0,Down,1778820900,7.447686009046775,-252,matched,4,1.6460490498320186,0.8258240652824981,0.8202249845495205,31.16854941288178,0.8446307677250238,0.02392022245358344,0.8207105452714403,31.18700072031473,88863.07273842402,12958.101799660053,75904.97093876396,2884388.8956730305,165112.21213075705,166255.95673394177,-1143.7446031847212,-43462.294921019406
0xb305d384400e3d7a15780216a55368ea677eca4e,0x4566cd403f9987b481296fd25e75cc58c7d5c48fdc9b2d0802e98df6354cda6a,1779359622,BUY,Down,Down,-1,False,61.91,0.44,27.240399999999998,27.240399999999998,-27.240399999999998,27.240399999999998,Up,1779359700,6.19084838574222,-78,matched,4,0.9393288702362781,0.8076142141766556,0.13171465605962251,3.587959916926541,0.18320380888853688,0.07251485825860685,0.11068895062993003,3.0152112907395456,1642.4194581717602,25789.231596806814,-24146.812138635054,-657768.8213812743,56993.02045649849,55577.5335839733,1415.4868725251872,38558.42860233511
0xb305d384400e3d7a15780216a55368ea677eca4e,0x4566cd403f9987b481296fd25e75cc58c7d5c48fdc9b2d0802e98df6354cda6a,1779359611,BUY,Down,Down,-1,False,38.31,0.5633124510571652,21.5805,21.5805,-21.5805,21.5805,Up,1779359700,6.19084838574222,-89,matched,4,1.2840300974827916,0.9078466542958085,0.37618344318698316,8.11822679569669,0.34160210219982146,-0.05193250508164257,0.39353460728146406,8.492673592437635,4520.081461548863,47255.66286772644,-42735.581406177575,-922255.2145360152,117322.39591296343,117918.00645409356,-595.6105411301251,-12853.573282858664
0xb305d384400e3d7a15780216a55368ea677eca4e,0x4566cd403f9987b481296fd25e75cc58c7d5c48fdc9b2d0802e98df6354cda6a,1779359690,BUY,Down,Down,-1,False,100.0,0.114624,11.4624,11.4624,-11.4624,11.4624,Up,1779359700,6.19084838574222,-10,offset_out_of_range,,,,,,,,,,,,,,,,,
0xb305d384400e3d7a15780216a55368ea677eca4e,0x4593128b1276527f99693c99fd4bda6038d45775bdd0fa6d83fe5d6340141ed8,1778893493,BUY,Down,Down,-1,False,319.95,0.3329567119862479,106.5295,106.5295,-106.5295,106.5295,Up,1778893500,0.041910432240958334,-7,offset_out_of_range,,,,,,,,,,,,,,,,,
0xf6beafa72d6416525c4cf039c9c122883dbef6a3,0x4593128b1276527f99693c99fd4bda6038d45775bdd0fa6d83fe5d6340141ed8,1778893469,BUY,Down,Down,-1,False,38.699443,0.5062088102921791,19.589999,19.589999,-19.589999,19.589999,Up,1778893500,0.041910432240958334,-31,matched,4,-1.0864430907527782,-0.8546162419511287,-0.2318268488016495,-4.541487736197465,-0.8229451413514168,-0.5755453534581721,-0.24739978789324468,-4.846561597428875,-970677.6454988566,-226580.46895013304,-744097.1765487235,-14576862.944492316,2477.7683554132236,2498.2104839398817,-20.442128526658053,-400.4612773951027
0xb305d384400e3d7a15780216a55368ea677eca4e,0x4593128b1276527f99693c99fd4bda6038d45775bdd0fa6d83fe5d6340141ed8,1778893450,BUY,Up,Up,1,True,24.66,0.46,11.3436,11.3436,13.316400000000002,13.316400000000002,Up,1778893500,0.041910432240958334,-50,matched,4,1.6718533414582017,0.9854995807332557,0.686353760724946,9.139761219317672,0.8230780449275965,0.15916194699462222,0.6639160979329743,8.840972326514661,971563.6972327186,610.6059047674275,970953.0913279512,12929599.74535953,2915.8693672922673,2928.1414360258423,-12.272068733574997,-163.41977608377812
0xb305d384400e3d7a15780216a55368ea677eca4e,0x4593128b1276527f99693c99fd4bda6038d45775bdd0fa6d83fe5d6340141ed8,1778893443,BUY,Up,Up,1,True,300.0,0.47,141.0,141.0,159.0,159.0,Up,1778893500,0.041910432240958334,-57,matched,4,1.2850665039839075,0.5244092247852993,0.7606572791986083,120.94450739257871,0.8206636699995683,0.07489415557936668,0.7457695144202017,118.57735279281206,969998.3696146405,-11158.574101269049,981156.9437159095,156003954.05082962,1777.6957375921775,1795.4678212061262,-17.77208361394878,-2825.761294617856
0xb305d384400e3d7a15780216a55368ea677eca4e,0x4593128b1276527f99693c99fd4bda6038d45775bdd0fa6d83fe5d6340141ed8,1778893443,BUY,Up,Up,1,True,102.93,0.47,48.3771,48.3771,54.55290000000001,54.55290000000001,Up,1778893500,0.041910432240958334,-57,matched,4,1.2850665039839075,0.5244092247852993,0.7606572791986083,41.496060486393766,0.8206636699995683,0.07489415557936668,0.7457695144202017,40.683889743213825,969998.3696146405,-11158.574101269049,981156.9437159095,53524956.63483965,1777.6957375921775,1795.4678212061262,-17.77208361394878,-969.5187001833865
0xf6beafa72d6416525c4cf039c9c122883dbef6a3,0x4593128b1276527f99693c99fd4bda6038d45775bdd0fa6d83fe5d6340141ed8,1778893311,BUY,Up,Up,1,True,2.926828,0.40999983599992895,1.199999,1.199999,1.726829,1.726829,Up,1778893500,0.041910432240958334,-189,matched,4,-0.13683871994252128,-0.6941594679868156,0.5573207480442943,0.9623976300245807,0.8215758973212673,0.2722380354125596,0.5493378619087077,0.9486125507419518,988162.4277202326,-34713.48421312715,1022875.9119333598,1766331.7881279718,500848.798172741,503120.55270178104,-2271.7545290400158,-3922.931601627641
0xf6beafa72d6416525c4cf039c9c122883dbef6a3,0x4593128b1276527f99693c99fd4bda6038d45775bdd0fa6d83fe5d6340141ed8,1778893311,BUY,Up,Up,1,True,114.073169,0.40999999745777205,46.769999,46.769999,67.30317,67.30317,Up,1778893500,0.041910432240958334,-189,matched,4,-0.13683871994252128,-0.6941594679868156,0.5573207480442943,37.5094530501523,0.8215758973212673,0.2722380354125596,0.5493378619087077,36.97217950747827,988162.4277202326,-34713.48421312715,1022875.9119333598,68842791.38975593,500848.798172741,503120.55270178104,-2271.7545290400158,-152896.2812662501
0xf6beafa72d6416525c4cf039c9c122883dbef6a3,0x4593128b1276527f99693c99fd4bda6038d45775bdd0fa6d83fe5d6340141ed8,1778893310,BUY,Up,Up,1,True,4.853657,0.4099999237688201,1.989999,1.989999,2.863658,2.863658,Up,1778893500,0.041910432240958334,-190,matched,4,-0.13496041103597312,-0.791203008988783,0.6562425979528099,1.8792543655683478,0.8215758973212673,0.16867834422406358,0.6528975530972038,1.8696753011072325,988162.4277202326,-56133.05983653016,1044295.4875567628,2990505.1273058243,501329.621735495,491874.53356214904,9455.088173345954,27076.138888307527
0xf6beafa72d6416525c4cf039c9c122883dbef6a3,0x45a27c5d9f41cef9c1ec74c5780dc2f80c2062a97e2e4822b0c69bcb94399785,1778852914,BUY,Up,Up,1,False,65.272726,0.7654038993254242,49.959999,49.959999,-49.959999,49.959999,Down,1778853000,2.9225736349735048,-86,matched,4,-0.6078799146244035,-0.02946603080258431,-0.5784138838218191,-28.897557057324203,-0.9820358101789568,-0.3574579614550376,-0.6245778487239192,-31.203908697669156,-988720.7335391131,14989.253857566451,-1003709.9873966796,-50145349.96662813,225857.97244421393,197355.2405468952,28502.731897318736,1423996.4570873121
0xb305d384400e3d7a15780216a55368ea677eca4e,0x461beefce4a8b48d5b261c4fcf88e055a8aa93fd13991c6d845c18bdf6daa6af,1780790682,BUY,Down,Down,-1,False,100.0,0.06,6.0,6.0,-6.0,6.0,Up,1780790700,7.736259157711297,-18,matched,4,-0.003354917896408738,1.3887115398367706,-1.3920664577331794,-8.352398746399077,-1.0,0.3917120653096601,-1.39171206530966,-8.35027239185796,-364.9322518899571,1015.2556968287499,-1380.187948718707,-8281.127692312242,58074.79229475395,58046.57849395063,28.213800803321647,169.28280481992988
0xf6beafa72d6416525c4cf039c9c122883dbef6a3,0x463de486cd4ad9d13048a839302db0aaaf0f2743693361a2988a1b4295f892aa,1778354250,BUY,Up,Up,1,True,77.289317,0.43460080000448187,33.589999,33.589999,43.699318,43.699318,Up,1778354400,0.6156557136243188,-150,matched,4,1.6942361138212925,1.3558959638627144,0.3383401499585781,14.78523380520759,0.9206669552436832,0.599687816957796,0.3209791382858872,14.026569435320958,1163980.148539939,223309.99945260672,940670.1490873322,41106643.97807474,8828.60481082095,8634.715202329506,193.88960849144496,8472.843658363154
0xf6beafa72d6416525c4cf039c9c122883dbef6a3,0x463de486cd4ad9d13048a839302db0aaaf0f2743693361a2988a1b4295f892aa,1778354248,BUY,Up,Up,1,True,12.2,0.35,4.27,4.27,7.93,7.93,Up,1778354400,0.6156557136243188,-152,matched,4,1.6942361138212925,0.558564950446899,1.1356711633743934,9.00587232555894,0.9206669552436832,-0.2033581977839276,1.1240251530276109,8.913519463508953,1163980.148539939,-22592.684422266284,1186572.8329622052,9409522.565390287,8828.60481082095,9060.4108229525,-231.80601213155023,-1838.2216762031933
0xf6beafa72d6416525c4cf039c9c122883dbef6a3,0x463de486cd4ad9d13048a839302db0aaaf0f2743693361a2988a1b4295f892aa,1778354248,BUY,Up,Up,1,True,14.240242,0.40940308458241087,5.829999,5.829999,8.410243000000001,8.410243000000001,Up,1778354400,0.6156557136243188,-152,matched,4,1.6942361138212925,0.558564950446899,1.1356711633743934,9.55127045207135,0.9206669552436832,-0.2033581977839276,1.1240251530276109,9.453324675074395,1163980.148539939,-22592.684422266284,1186572.8329622052,9979365.862410557,8828.60481082095,9060.4108229525,-231.80601213155023,-1949.5448908872856
0xf6beafa72d6416525c4cf039c9c122883dbef6a3,0x463de486cd4ad9d13048a839302db0aaaf0f2743693361a2988a1b4295f892aa,1778354247,BUY,Up,Up,1,True,8.05,0.4,3.2200000000000006,3.2200000000000006,4.83,4.83,Up,1778354400,0.6156557136243188,-153,matched,4,1.6942361138212925,0.7194401879644592,0.9747959258568333,4.708264321888505,0.9206669552436832,-0.05034977633555981,0.9710167315792431,4.690010813527744,1163980.148539939,-17188.431018487805,1181168.5795584267,5705044.239267201,8828.60481082095,8713.107848668275,115.49696215267613,557.8503271974257
0xf6beafa72d6416525c4cf039c9c122883dbef6a3,0x463de486cd4ad9d13048a839302db0aaaf0f2743693361a2988a1b4295f892aa,1778354247,BUY,Up,Up,1,True,22.395347,0.42999999062305216,9.629999,9.629999,12.765348000000001,12.765348000000001,Up,1778354400,0.6156557136243188,-153,matched,4,1.6942361138212925,0.7194401879644592,0.9747959258568333,12.443609222544676,0.9206669552436832,-0.05034977633555981,0.9710167315792431,12.395366492431629,1163980.148539939,-17188.431018487805,1181168.5795584267,15078027.964729005,8828.60481082095,8713.107848668275,115.49696215267613,1474.3589148217402
0xf6beafa72d6416525c4cf039c9c122883dbef6a3,0x463de486cd4ad9d13048a839302db0aaaf0f2743693361a2988a1b4295f892aa,1778354245,BUY,Up,Up,1,True,4.0,0.4,1.6,1.6,2.4,2.4,Up,1778354400,0.6156557136243188,-155,matched,4,1.6793762475308658,0.855884142094059,0.8234921054368067,1.9763810530483361,0.920667576537502,0.09583614176490524,0.8248314347725967,1.979595443454232,1163990.0497740528,-10415.466004506292,1174405.515778559,2818573.2378685414,8903.203506068909,9289.157563034525,-385.9540569656165,-926.2897367174795
0xf6beafa72d6416525c4cf039c9c122883dbef6a3,0x463de486cd4ad9d13048a839302db0aaaf0f2743693361a2988a1b4295f892aa,1778354243,BUY,Up,Up,1,True,4.948716,0.38999995150257155,1.929999,1.929999,3.018717,3.018717,Up,1778354400,0.6156557136243188,-157,matched,4,1.6793762475308658,0.9873726568394102,0.6920035906914556,2.088963003281339,0.920667576537502,0.23270039539780776,0.6879671811396942,2.0767782251484745,1163990.0497740528,-3519.9040809485523,1167509.9538550014,3524382.145371308,8903.203506068909,8874.91657533397,28.286930734939233,85.39023868738356
0xb305d384400e3d7a15780216a55368ea677eca4e,0x465ee872465eed024c7beafd45eeb7ba2efccd2d0d6eb2f3037ba24b9ee404f5,1779769199,BUY,Up,Up,1,False,100.0,0.5,50.0,50.0,-50.0,50.0,Down,1779769200,2.1305917591569403,-1,offset_out_of_range,,,,,,,,,,,,,,,,,
0xf6beafa72d6416525c4cf039c9c122883dbef6a3,0x46d14588cdf0d9c693fc562536da1c1bea662a06e52422b8e4e5802af0a8616b,1778161366,BUY,Down,Down,-1,True,4.673468,0.48999993152836396,2.289999,2.289999,2.383469,2.383469,Down,1778161500,15.012014806267587,-134,matched,4,-0.12042717418488047,-0.6268522041513345,0.506425029966454,1.2070483597491142,0.6411712104065209,0.19678953994122128,0.44438167046529964,1.0591699357222573,51418.27463654801,1937.2380491570657,49481.03658739095,117936.5167939121,999244.96092006,1004517.8035424324,-5272.842622372322,-12567.656932303134
0xf6beafa72d6416525c4cf039c9c122883dbef6a3,0x46d14588cdf0d9c693fc562536da1c1bea662a06e52422b8e4e5802af0a8616b,1778161366,BUY,Down,Down,-1,True,13.326529,0.4899999842419583,6.529999,6.529999,6.796530000000001,6.796530000000001,Down,1778161500,15.012014806267587,-134,matched,4,-0.12042717418488047,-0.6268522041513345,0.506425029966454,3.441932908917904,0.6411712104065209,0.19678953994122128,0.44438167046529964,3.020253354767523,51418.27463654801,1937.2380491570657,49481.03658739095,336299.3495973002,999244.96092006,1004517.8035424324,-5272.842622372322,-35837.03306823216
0xf6beafa72d6416525c4cf039c9c122883dbef6a3,0x46d14588cdf0d9c693fc562536da1c1bea662a06e52422b8e4e5802af0a8616b,1778161364,BUY,Down,Down,-1,True,18.844443,0.44999998142688535,8.479999,8.479999,10.364443999999999,10.364443999999999,Down,1778161500,15.012014806267587,-136,matched,4,-0.12003653796025571,-0.5148791223928454,0.3948425844325897,4.092323855166847,0.6414360083363057,0.2881465541134579,0.35328945422284774,3.6616487640832687,51509.367078691954,135749.87051860744,-84240.50343991548,-873105.9804348113,999202.804936673,1015619.2288747632,-16416.423938090215,-170147.10658659547
0xb305d384400e3d7a15780216a55368ea677eca4e,0x4713e1a4a3bbac0f79e74ddc5f5ef8c659b93b552a21767c68cf102021e3f3f6,1778404368,BUY,Down,Down,-1,True,100.0,0.60965,60.965,60.965,39.035,39.035,Down,1778404500,1.169027283344779,-132,matched,4,1.8769355931251233,0.8276476225327198,1.0492879705924034,40.95895593207447,0.9926264345623564,-0.05857249930643087,1.0511989338687873,41.033550383568105,428141.0514650693,-2417.9130307280466,430558.96449579735,16806869.179093447,2476.231722590048,2369.649862097227,106.58186049282085,4160.422924337262
0xf6beafa72d6416525c4cf039c9c122883dbef6a3,0x48295bc88a9730f84003ce92470c47d5f9d59c789a022c68c52c309d55fb7391,1780896049,BUY,Up,Up,1,False,64.71111,0.4499999922733515,29.119999000000004,29.119999000000004,-29.119999000000004,29.119999000000004,Down,1780896300,5.3255217779991515,-251,matched,4,1.4404335173855634,0.6226249519175786,0.8178085654679847,23.814584608619153,0.7273098542656563,-0.08438962927537295,0.8116994835410293,23.636688149015292,27852.001833952207,-39671.04882844529,67523.0506623975,1966271.1677659645,169355.27154680667,171874.58276831766,-2519.311221510987,-73362.34025108872
0xf6beafa72d6416525c4cf039c9c122883dbef6a3,0x48417f48160c230a922273c66e225883c0a96d5258e5bb958c408fc073c3026a,1779272823,BUY,Up,Up,1,False,5.647057,0.3399999327083116,1.919999,1.919999,-1.919999,1.919999,Down,1779273000,0.20282971123303095,-177,matched,4,1.1755465393169255,-0.14702105774018764,1.3225675970571131,2.53932846378206,0.9902137657358602,-0.32148871649394556,1.3117024822298058,2.518467454178745,2285444.654509051,-3200.750367969796,2288645.4048770205,4394196.888718475,19088.46212556027,19375.568428289836,-287.1063027295677,-551.2438141344672
0xf6beafa72d6416525c4cf039c9c122883dbef6a3,0x48417f48160c230a922273c66e225883c0a96d5258e5bb958c408fc073c3026a,1779272823,BUY,Up,Up,1,False,140.28857,0.3420806057114988,47.989999,47.989999,-47.989999,47.989999,Down,1779273000,0.20282971123303095,-177,matched,4,1.1755465393169255,-0.14702105774018764,1.3225675970571131,63.47001766020326,0.9902137657358602,-0.32148871649394556,1.3117024822298058,62.948600810505894,2285444.654509051,-3200.750367969796,2288645.4048770205,109832090.69140281,19088.46212556027,19375.568428289836,-287.1063027295677,-13778.23118088565
0xf6beafa72d6416525c4cf039c9c122883dbef6a3,0x487afddfaf4f2af839452abee0119db7355ddee133d7f5423aabcf5c44791354,1778510336,BUY,Down,Down,-1,True,2.673468,0.48999988030528135,1.309999,1.309999,1.363469,1.363469,Down,1778510700,8.332030784082729,-364,matched,4,-1.2717670993686316,-0.6987235218098483,-0.5730435775587833,-0.7813271536504968,-0.43988948862844807,0.1525451419514599,-0.592434630579908,-0.8077662533221566,-94666.69848459307,-257309.88482661522,162643.18634202215,221758.94263857062,3831068.81232508,4215446.016362105,-384377.20403702464,-524086.40201115794
0xf6beafa72d6416525c4cf039c9c122883dbef6a3,0x487afddfaf4f2af839452abee0119db7355ddee133d7f5423aabcf5c44791354,1778510334,BUY,Down,Down,-1,True,2.673468,0.48999988030528135,1.309999,1.309999,1.363469,1.363469,Down,1778510700,8.332030784082729,-366,matched,4,-1.263794257336488,-0.6986253447881183,-0.5651689125483697,-0.770590292023413,-0.4319612114064733,0.152523721197459,-0.5844849326039323,-0.796927086572551,-93485.31082539354,-257334.9744193647,163849.66359397117,223403.93697080828,3829853.83678428,4215744.997630415,-385891.16084613465,-526150.6351877184
0xf6beafa72d6416525c4cf039c9c122883dbef6a3,0x487afddfaf4f2af839452abee0119db7355ddee133d7f5423aabcf5c44791354,1778510130,BUY,Down,Down,-1,True,5.367345,0.4899999906844073,2.629999,2.629999,2.7373460000000005,2.7373460000000005,Down,1778510700,8.332030784082729,-570,matched,4,-0.566816805459285,-0.5844479170587071,0.0176311115994221,0.048262452812231696,0.21101537179336058,0.19264859395294742,0.018366777840413157,0.050276225854343604,121079.60995710641,90623.8836001443,30455.726356962114,83367.86072032482,5001458.718360664,4812911.456923123,188547.26143754087,516119.09190700686
0xf6beafa72d6416525c4cf039c9c122883dbef6a3,0x487d4b1b1e79db63a8198fe6845a4e29f3a6b109a288b9f578eed6b80812a560,1777749912,BUY,Down,Down,-1,True,32.681146,0.6018760480431133,19.669999,19.669999,13.011146999999998,13.011146999999998,Down,1777750200,0.8055934326671957,-288,matched,4,1.883104195877357,0.9557022362019798,0.9274019596753771,12.066563225424401,0.895105311573391,-0.033203795880087095,0.9283091074534782,12.078366258515997,224944.87360756507,77619.22691996471,147325.64668760035,1916875.645922431,719159.300640218,726164.4684096277,-7005.167769409716,-91145.2676074519
0xb305d384400e3d7a15780216a55368ea677eca4e,0x48e48a6d767e30ef8f21e6ab1619964c4142d369cea557cf7e839659a8f6c689,1780041298,BUY,Down,Down,-1,True,103.18,0.883921302578019,91.20300000000002,91.20300000000002,11.976999999999997,11.976999999999997,Down,1780041300,0.7603831163927177,-2,offset_out_of_range,,,,,,,,,,,,,,,,,
0xf6beafa72d6416525c4cf039c9c122883dbef6a3,0x499f7e3d5b4a4adb03e5ad6ff993b6e7a4fce0b7acce8b0f89ef3df1a380d00d,1779375421,BUY,Down,Down,-1,True,33.965516,0.5799999917563449,19.699999000000002,19.699999000000002,14.265517000000001,14.265517000000001,Down,1779375600,1.5212826632112177,-179,matched,4,-0.7383795559832681,0.1581624796742416,-0.8965420356575097,-12.789635650886812,-0.7150294235618886,0.17870904234889498,-0.8937384659107835,-12.749641279004203,-19864.331585345033,3059.810417601733,-22924.142002946766,-327024.73745345115,20874.586264829384,19942.083161530263,932.503103299121,13302.638872666368
0xb305d384400e3d7a15780216a55368ea677eca4e,0x49db719603656a9e5a46773628c74a6142fc2dfdba48a97e785828b6db7947f1,1779967168,BUY,Up,Up,1,True,200.0,0.5,100.0,100.0,100.0,100.0,Up,1779967200,1.0507455947202242,-32,matched,4,1.8925756431243783,1.1991868117028175,0.6933888314215608,69.33888314215608,0.9839927261067637,0.29649003458564166,0.687502691521122,68.7502691521122,661216.9318393313,703.1058011590067,660513.8260381722,66051382.603817225,730.9413573909551,709.9986785934307,20.942678797524422,2094.2678797524422
0xb305d384400e3d7a15780216a55368ea677eca4e,0x49f62f7172bd608dd79af7b3c9aaa2df5f0c96528d19b5456c97a04614b1e8f9,1779395939,BUY,Down,Down,-1,True,100.0,0.95,95.0,95.0,5.000000000000004,5.000000000000004,Down,1779396000,8.624418457551197,-61,matched,4,0.5115564432329771,0.1460158247727334,0.3655406184602437,1.8277030923012203,0.19920582529271041,-0.15466134511460367,0.3538671704073141,1.769335852036572,4230.111861928002,325422.7065673649,-321192.5947054369,-1605962.9735271859,4600.231969654007,4505.046494226248,95.18547542775923,475.92737713879654
0xb305d384400e3d7a15780216a55368ea677eca4e,0x49f62f7172bd608dd79af7b3c9aaa2df5f0c96528d19b5456c97a04614b1e8f9,1779395819,BUY,Up,Up,1,False,100.0,0.59,59.0,59.0,-59.0,59.0,Down,1779396000,8.624418457551197,-181,matched,4,-0.6207520156167512,0.2154855453717713,-0.8362375609885225,-49.33801609832283,-0.1011787201886139,0.7325257858035307,-0.8337045059921446,-49.18856585353653,-2675.160422144996,118634.79237587114,-121309.95279801614,-7157287.215082952,49910.15197939993,51153.881458651245,-1243.729479251313,-73380.03927582747
0xf6beafa72d6416525c4cf039c9c122883dbef6a3,0x49f62f7172bd608dd79af7b3c9aaa2df5f0c96528d19b5456c97a04614b1e8f9,1779395770,BUY,Down,Down,-1,True,45.116278,0.42999998803092754,19.399999,19.399999,25.716279,25.716279,Down,1779396000,8.624418457551197,-230,matched,4,0.7928636257347424,0.8556893207283459,-0.06282569499360346,-1.6156431008244099,0.026283023740993523,0.08541064069061673,-0.05912761694962321,-1.5205422940816393,1255.8647943879914,-216.85463160872814,1472.7194259967196,37872.863647651495,33159.03536278795,34107.6422538215,-948.6068910335453,-24394.639471141247
0xb305d384400e3d7a15780216a55368ea677eca4e,0x49f62f7172bd608dd79af7b3c9aaa2df5f0c96528d19b5456c97a04614b1e8f9,1779395768,BUY,Down,Down,-1,True,100.0,0.43,43.0,43.0,57.00000000000001,57.00000000000001,Down,1779396000,8.624418457551197,-232,matched,4,0.7928636257347424,1.0383717629385418,-0.24550813720379938,-13.993963820616566,0.026283023740993523,0.2581557746019542,-0.23187275086096068,-13.21674679907476,1255.8647943879914,26305.590634320703,-25049.72583993271,-1427834.3728761647,33159.03536278795,34364.54543537875,-1205.5100725907978,-68714.07413767549
0xb305d384400e3d7a15780216a55368ea677eca4e,0x4a20c9065541185026630645e2b73a16f7070078959628a773aca15db012be4d,1779716329,BUY,Up,Up,1,True,100.0,0.480819,48.0819,48.0819,51.9181,51.9181,Up,1779716400,1.0119509992654743,-71,matched,4,0.62279316682995,1.1579651559115958,-0.5351719890816458,-27.785112846339793,0.41531552318130327,0.9169717485780707,-0.5016562253967675,-26.045038075771913,5004.047433737986,5595.426577205748,-591.3791434677623,-30703.281508473632,4529.055186963989,4287.3260634567705,241.7291235072189,12550.116807160142
0xb305d384400e3d7a15780216a55368ea677eca4e,0x4a20c9065541185026630645e2b73a16f7070078959628a773aca15db012be4d,1779716230,BUY,Up,Up,1,True,100.0,0.61,61.0,61.0,39.0,39.0,Up,1779716400,1.0119509992654743,-170,matched,4,1.1028409940239006,0.6966217784958664,0.4062192155280342,15.842549405593333,0.25131877598031394,-0.15420861337470487,0.4055273893550188,15.815568184845734,4200.546198841999,-58489.03385501719,62689.58005385919,2444893.6221005083,86587.065466778,85965.02640570034,622.0390610776667,24259.523382029
0xf6beafa72d6416525c4cf039c9c122883dbef6a3,0x4a4f166b7c78c04579ff286a55c072149f4653509b16fa24ee79e28258566349,1778256945,BUY,Down,Down,-1,True,21.6,0.45,9.72,9.72,11.880000000000003,11.880000000000003,Down,1778257200,1.1879458531055531,-255,matched,4,-0.7450207296484465,-0.14171429641570749,-0.6033064332327389,-7.16728042680494,-0.4074656792894956,0.1698395040883473,-0.5773051833778429,-6.858385578528774,-17771.818341952996,63783.388326458095,-81555.20666841109,-968875.855220724,137506.4665631397,148541.3506095737,-11034.884046434017,-131094.42247163615
0xb305d384400e3d7a15780216a55368ea677eca4e,0x4abdf7b086f7250622be8f5fa579c63b4012e2f9de26157c60e677e945efc7e4,1779439124,BUY,Up,Up,1,False,200.0,0.367286,73.4572,73.4572,-73.4572,73.4572,Down,1779439200,6.092675762600794,-76,matched,4,-1.9937597637869464,-1.1264454592589015,-0.8673143045280449,-63.710480330577504,-0.9971988761105889,-0.12919769786314128,-0.8680011782474476,-63.76093615075841,-70116.63501334598,-2682.303481829349,-67434.33153151663,-4953537.178176923,39372.71272450907,39801.86486521442,-429.1521407053515,-31524.314630221146
0xb305d384400e3d7a15780216a55368ea677eca4e,0x4abdf7b086f7250622be8f5fa579c63b4012e2f9de26157c60e677e945efc7e4,1779439105,BUY,Down,Down,-1,True,100.0,0.460349,46.0349,46.0349,53.9651,53.9651,Down,1779439200,6.092675762600794,-95,matched,4,1.9009911420350791,0.6302707756856303,1.2707203663494488,68.57455164208464,0.9971988761105889,-0.28801415524248647,1.2852130313530754,69.35664975827184,70116.63501334598,-4790.17460377956,74906.80961712555,4042353.4716691417,41412.80638112803,41383.18674090902,29.619640219010762,1598.4268463829376
0xf6beafa72d6416525c4cf039c9c122883dbef6a3,0x4abdf7b086f7250622be8f5fa579c63b4012e2f9de26157c60e677e945efc7e4,1779439103,BUY,Down,Down,-1,True,40.666665,0.479999995081967,19.519999000000002,19.519999000000002,21.146666,21.146666,Down,1779439200,6.092675762600794,-97,matched,4,1.903199225161155,0.883284892453734,1.019914332707421,21.567787742376705,0.9971988761105889,-0.03203049440439251,1.0292293705149813,21.76476973567056,70116.63501334598,-2941.7094815783144,73058.3444949243,1544940.4095471029,42385.60700379114,42209.98441399408,175.62258979705803,3713.8322484933938
0xf6beafa72d6416525c4cf039c9c122883dbef6a3,0x4b3f3cb6601d70288f433f8a26fc8417517b26f9d4e4d76498ecdccb654fc9cf,1779734566,BUY,Up,Up,1,False,11.01,0.28,3.0828,3.0828,-3.0828,3.0828,Down,1779734700,2.4124131610290327,-134,matched,4,-0.42626367433526924,0.5635104107089582,-0.9897740850442275,-3.0512755493743446,-0.3250415915028409,0.6684530245483681,-0.993494616051209,-3.0627452023626676,-4023.38772394188,28097.632141585345,-32121.019865527225,-99022.68004144734,3367.7464419541066,3439.051484802796,-71.30504284868948,-219.81918609393995
0xf6beafa72d6416525c4cf039c9c122883dbef6a3,0x4b3f3cb6601d70288f433f8a26fc8417517b26f9d4e4d76498ecdccb654fc9cf,1779734566,BUY,Up,Up,1,False,30.3,0.28,8.484000000000002,8.484000000000002,-8.484000000000002,8.484000000000002,Down,1779734700,2.4124131610290327,-134,matched,4,-0.42626367433526924,0.5635104107089582,-0.9897740850442275,-8.397243337515228,-0.3250415915028409,0.6684530245483681,-0.993494616051209,-8.42880832257846,-4023.38772394188,28097.632141585345,-32121.019865527225,-272514.73253913305,3367.7464419541066,3439.051484802796,-71.30504284868948,-604.9519835282817
0xf6beafa72d6416525c4cf039c9c122883dbef6a3,0x4b3f3cb6601d70288f433f8a26fc8417517b26f9d4e4d76498ecdccb654fc9cf,1779734543,BUY,Up,Up,1,False,30.3,0.31,9.393,9.393,-9.393,9.393,Down,1779734700,2.4124131610290327,-157,matched,4,-0.10722306896101513,-0.27583485205503033,0.1686117830940152,1.583770478602085,-0.32196675305572825,-0.488347423039017,0.16638066998328876,1.5628136331530316,-4024.0001370338723,-141957.08407171964,137933.08393468577,1295605.4573985036,11160.730400764034,11471.843008218762,-311.1126074547283,-2922.280721822263
0xf6beafa72d6416525c4cf039c9c122883dbef6a3,0x4b3f3cb6601d70288f433f8a26fc8417517b26f9d4e4d76498ecdccb654fc9cf,1779734529,BUY,Up,Up,1,False,30.3,0.2800990099009901,8.487000000000002,8.487000000000002,-8.487000000000002,8.487000000000002,Down,1779734700,2.4124131610290327,-171,matched,4,-0.07131617016633063,0.4585925374193043,-0.5299087075856349,-4.497335201279284,-0.3331776754196748,0.1974613330736297,-0.5306390084933045,-4.503533265082676,-4234.125353025855,19044.963062559582,-23279.088415585436,-197569.62338307363,12004.781747346045,12416.488956087145,-411.70720874109975,-3494.1590805857145
0xf6beafa72d6416525c4cf039c9c122883dbef6a3,0x4b3f3cb6601d70288f433f8a26fc8417517b26f9d4e4d76498ecdccb654fc9cf,1779734529,BUY,Up,Up,1,False,5.0,0.29,1.45,1.45,-1.45,1.45,Down,1779734700,2.4124131610290327,-171,matched,4,-0.07131617016633063,0.4585925374193043,-0.5299087075856349,-0.7683676259991706,-0.3331776754196748,0.1974613330736297,-0.5306390084933045,-0.7694265623152915,-4234.125353025855,19044.963062559582,-23279.088415585436,-33754.67820259888,12004.781747346045,12416.488956087145,-411.70720874109975,-596.9754526745946
0xf6beafa72d6416525c4cf039c9c122883dbef6a3,0x4bda4a25aa6cbeb2651756dd33afab6837e9ab9c7bf6cd045a85be6fa1e5b3e6,1778070406,BUY,Up,Up,1,False,19.176469,0.5099999900920237,9.779999,9.779999,-9.779999,9.779999,Down,1778070600,3.2527547555765004,-194,matched,4,0.5437570811593462,0.6885361923141129,-0.14477911115476672,-1.4159395623145072,-0.31578364538705256,-0.16288966550089165,-0.1528939798861609,-1.495302970392674,-87164.95956861589,-265511.93780313147,178346.97823451558,1744233.2687865843,57162.990586338565,57043.125846036666,119.86474030189856,1172.2770402878277
0xb305d384400e3d7a15780216a55368ea677eca4e,0x4bf35ad7140b6da5945237fa762b079da9929deb22cb8875cb642c3d828e0ff3,1780033486,BUY,Down,Down,-1,True,300.0,0.5319436666666667,159.5831,159.5831,140.4169,140.4169,Down,1780033500,0.967129588308826,-14,matched,4,1.6790233459209791,0.17206627633071855,1.5069570695902605,211.60224014494867,0.9901608406871688,-0.5312773469003101,1.521438187587479,213.63563384265228,35338.06621386489,-416.0082925957504,35754.074506460645,5020476.304566233,65.88632628601044,59.17828861300222,6.708037673008221,941.921855127028
0xf6beafa72d6416525c4cf039c9c122883dbef6a3,0x4c293e335e8de463b246834c81156e67bf06d01477f417bc3dd9f421d6245461,1778893182,BUY,Up,Up,1,True,6.35294,0.5099999370370254,3.239999,3.239999,3.112941,3.112941,Up,1778893200,1.1720721801260243,-18,matched,4,6.661338147750939e-16,-0.7106445089846278,0.7106445089846285,2.2121944284431185,1.0000000000000007,0.28935549101511293,0.7106445089848877,2.2121944284439254,474362.199625949,-46.032820088503286,474408.2324460375,1476804.8375188005,24.63015575997997,24.60087502549868,0.029280734481289983,0.09114919887692133
0xf6beafa72d6416525c4cf039c9c122883dbef6a3,0x4c293e335e8de463b246834c81156e67bf06d01477f417bc3dd9f421d6245461,1778893180,BUY,Up,Up,1,True,3.80392,0.5099999474226588,1.9399990000000003,1.9399990000000003,1.863921,1.863921,Up,1778893200,1.1720721801260243,-20,matched,4,1.9690120039851524,0.9798028761693613,0.9892091278157911,1.843807666727537,1.0000000000000007,0.004325959034953419,0.9956740409650473,1.855857754109612,474362.199625949,174.76008268691658,474187.4395432621,883847.9265009166,1589.6578628820134,1645.5525810147665,-55.89471813275304,-104.18333891671918
0xf6beafa72d6416525c4cf039c9c122883dbef6a3,0x4c293e335e8de463b246834c81156e67bf06d01477f417bc3dd9f421d6245461,1778893180,BUY,Up,Up,1,True,35.261922,0.5073461111960942,17.889999,17.889999,17.371923,17.371923,Up,1778893200,1.1720721801260243,-20,matched,4,1.9690120039851524,0.9798028761693613,0.9892091278157911,17.18446479931308,1.0000000000000007,0.004325959034953419,0.9956740409650473,17.296772772743648,474362.199625949,174.76008268691658,474187.4395432621,8237547.6873127045,1589.6578628820134,1645.5525810147665,-55.89471813275304,-970.9987395088896
0xf6beafa72d6416525c4cf039c9c122883dbef6a3,0x4c293e335e8de463b246834c81156e67bf06d01477f417bc3dd9f421d6245461,1778893180,BUY,Up,Up,1,True,44.490195,0.5099999898854118,22.689999,22.689999,21.800196,21.800196,Up,1778893200,1.1720721801260243,-20,matched,4,1.9690120039851524,0.9798028761693613,0.9892091278157911,21.564952871373297,1.0000000000000007,0.004325959034953419,0.9956740409650473,21.70588924515006,474362.199625949,174.76008268691658,474187.4395432621,10337379.122781266,1589.6578628820134,1645.5525810147665,-55.89471813275304,-1218.5158106587703
0xf6beafa72d6416525c4cf039c9c122883dbef6a3,0x4c293e335e8de463b246834c81156e67bf06d01477f417bc3dd9f421d6245461,1778893180,BUY,Up,Up,1,True,8.625,0.48,4.14,4.14,4.485,4.485,Up,1778893200,1.1720721801260243,-20,matched,4,1.9690120039851524,0.9798028761693613,0.9892091278157911,4.436602938253824,1.0000000000000007,0.004325959034953419,0.9956740409650473,4.465598073728238,474362.199625949,174.76008268691658,474187.4395432621,2126730.6663515307,1589.6578628820134,1645.5525810147665,-55.89471813275304,-250.6878108253974
0xb305d384400e3d7a15780216a55368ea677eca4e,0x4c293e335e8de463b246834c81156e67bf06d01477f417bc3dd9f421d6245461,1778893163,BUY,Down,Down,-1,False,100.0,0.36,36.0,36.0,-36.0,36.0,Up,1778893200,1.1720721801260243,-37,matched,4,-1.4848523106593035,-0.38571740141566624,-1.099134909243637,-39.56885673277094,-1.0000000000000007,0.09795330918379701,-1.0979533091837976,-39.52631913061671,-474386.829781709,3299.0185455477003,-477685.8483272567,-17196690.53978124,4326.913266225951,4382.232246124171,-55.31897989822028,-1991.48327633593
0xb305d384400e3d7a15780216a55368ea677eca4e,0x4c293e335e8de463b246834c81156e67bf06d01477f417bc3dd9f421d6245461,1778893157,BUY,Down,Down,-1,False,100.0,0.62,62.0,62.0,-62.0,62.0,Up,1778893200,1.1720721801260243,-43,matched,4,-1.3060355779509272,-0.6460281584098305,-0.6600074195410967,-40.920460011547995,-0.9934235881949107,-0.33467414150249486,-0.6587494466924159,-40.842465694929786,-472821.802074587,2069.8424164925964,-474891.64449107955,-29443281.95844693,3242.709121857886,3130.0333348911663,112.6757869667199,6985.898791936634
0xf6beafa72d6416525c4cf039c9c122883dbef6a3,0x4d41e90d7442a52f27a7eefa6c20bc2ed8643e235aa7517fb85552d5d2cb8c91,1778950699,BUY,Up,Up,1,True,8.8,0.2,1.7600000000000002,1.7600000000000002,7.040000000000001,7.040000000000001,Up,1778950800,1.241271448322257,-101,matched,4,0.48274043059558247,-0.2796464046203814,0.7623868352159638,5.367203319920386,0.9964334384235726,0.23770385071011602,0.7587295877134566,5.341456297502734,793469.595672443,-10991.480248524582,804461.0759209676,5663405.974483613,26958.172894255258,27490.717716302035,-532.544822046777,-3749.1155472093105
0xf6beafa72d6416525c4cf039c9c122883dbef6a3,0x4d41e90d7442a52f27a7eefa6c20bc2ed8643e235aa7517fb85552d5d2cb8c91,1778950685,BUY,Up,Up,1,True,13.045453,0.4399999754703804,5.739999,5.739999,7.305454,7.305454,Up,1778950800,1.241271448322257,-115,matched,4,0.057505302848213424,-0.36854374662408795,0.4260490494723014,3.112481732663622,0.9822135883591605,0.5629953919090268,0.4192181964501337,3.062579250129415,787757.091043113,185521.01718259804,602236.073860515,4399607.934728595,22378.806584938895,22383.604915234602,-4.798330295707274,-35.05398125209589
0xf6beafa72d6416525c4cf039c9c122883dbef6a3,0x4d41e90d7442a52f27a7eefa6c20bc2ed8643e235aa7517fb85552d5d2cb8c91,1778950685,BUY,Up,Up,1,True,13.257905,0.42314370181412525,5.609999,5.609999,7.647905999999999,7.647905999999999,Up,1778950800,1.241271448322257,-115,matched,4,0.057505302848213424,-0.36854374662408795,0.4260490494723014,3.25838308175351,0.9822135883591605,0.5629953919090268,0.4192181964501337,3.2061413599401556,787757.091043113,185521.01718259804,602236.073860515,4605844.882694275,22378.806584938895,22383.604915234602,-4.798330295707274,-36.69717905852143
0xf6beafa72d6416525c4cf039c9c122883dbef6a3,0x4d41e90d7442a52f27a7eefa6c20bc2ed8643e235aa7517fb85552d5d2cb8c91,1778950685,BUY,Up,Up,1,True,95.177776,0.4499999978986691,42.829999,42.829999,52.347777,52.347777,Up,1778950800,1.241271448322257,-115,matched,4,0.057505302848213424,-0.36854374662408795,0.4260490494723014,22.302720632838,0.9822135883591605,0.5629953919090268,0.4192181964501337,21.94514066211379,787757.091043113,185521.01718259804,602236.073860515,31525719.69580577,22378.806584938895,22383.604915234602,-4.798330295707274,-251.18192429202844
0xb305d384400e3d7a15780216a55368ea677eca4e,0x4df1631c1ce4e9c0a1eb07f06bc37fcfa4b9ab3fd048ae58e2cd3644343f6831,1780202818,BUY,Up,Up,1,True,100.0,0.22,22.0,22.0,78.0,78.0,Up,1780203000,0.30249947529139865,-182,matched,4,-0.6448489603974752,-0.7530956069400878,0.10824664654261262,8.443238430323785,0.26512194441456255,0.14821192778093228,0.11691001663363026,9.118981297423161,392.79359725101676,-67146.83689305614,67539.63049030716,5268091.178243958,49201.14350564091,51350.57571660107,-2149.4322109601635,-167655.71245489275
0xb305d384400e3d7a15780216a55368ea677eca4e,0x4df1631c1ce4e9c0a1eb07f06bc37fcfa4b9ab3fd048ae58e2cd3644343f6831,1780202778,BUY,Up,Up,1,True,276.44,0.33,91.2252,91.2252,185.21479999999997,185.21479999999997,Up,1780203000,0.30249947529139865,-222,matched,4,-1.0117231037633696,-1.1064347754265225,0.09471167166315286,17.54200332475652,-0.06462553993174357,-0.15425028925339174,0.08962474932164817,16.599830020659198,-257.77339918501093,-22112.141721414206,21854.368322229195,4047752.4579280154,57776.39683488096,58706.242128239726,-929.8452933587687,-172221.11004038565
0xb305d384400e3d7a15780216a55368ea677eca4e,0x4e65841b93e88febcffa9b26da8be917974ed6ae80241dc51d4ded41f2b376b9,1780612980,BUY,Up,Up,1,True,55.92,0.71,39.7032,39.7032,16.216800000000003,16.216800000000003,Up,1780613100,6.603688773838286,-120,matched,4,-0.9956035251243558,-0.24843143211066804,-0.7471720930136878,-12.116740397984374,-0.2232086954061065,0.5356115023515443,-0.7588201977576507,-12.305635382996273,-52976.631485295016,130657.20417392225,-183633.83565921726,-2977953.186118395,394740.25075339014,406907.14146172954,-12166.8907083394,-197308.03323899844
0xb305d384400e3d7a15780216a55368ea677eca4e,0x4e65841b93e88febcffa9b26da8be917974ed6ae80241dc51d4ded41f2b376b9,1780612978,BUY,Up,Up,1,True,200.0,0.71,142.0,142.0,58.00000000000001,58.00000000000001,Up,1780613100,6.603688773838286,-122,matched,4,-0.9957946713251109,-0.52401569973087,-0.47177897159424087,-27.363180352465974,-0.2232086954061065,0.23181679487833917,-0.45502549028444567,-26.391478436497852,-52976.631485295016,85180.62408947095,-138157.25557476596,-8013120.823336427,395072.03811576543,411265.97306485154,-16193.934949086106,-939248.2270469943
0xf6beafa72d6416525c4cf039c9c122883dbef6a3,0x4e7ee1d9d2836bf109ea9a0a6773fa59a8e6fe3cb2add24a19158001030ec99e,1778277157,BUY,Up,Up,1,True,15.603172,0.6299999769277683,9.829998000000002,9.829998000000002,5.773173999999999,5.773173999999999,Up,1778277300,2.296107939668646,-143,matched,4,-0.2550658635735692,-1.0399474610634765,0.7848815974899073,4.531258031707197,0.6011679075709621,-0.17240667535457377,0.7735745829255358,4.465980669206547,17600.579182496993,-4003.3257848070325,21603.904967304024,124723.10245571042,18532.516899214825,18615.106680602803,-82.58978138797829,-476.80517857476013
0xf6beafa72d6416525c4cf039c9c122883dbef6a3,0x4e7ee1d9d2836bf109ea9a0a6773fa59a8e6fe3cb2add24a19158001030ec99e,1778277065,BUY,Up,Up,1,True,20.914892,0.4699999885249228,9.829998999999999,9.829998999999999,11.084892999999997,11.084892999999997,Up,1778277300,2.296107939668646,-235,matched,4,0.4054108516794843,-0.19526679259112628,0.6006776442706105,6.658447414231779,0.6291262902218384,0.026445994187262012,0.6026802960345764,6.680646594751602,21035.5218165908,-32333.23118264376,53368.752999234566,591586.9165399441,42376.3299597383,39547.71873438277,2828.611225355533,31354.852771664962
0xf6beafa72d6416525c4cf039c9c122883dbef6a3,0x4e7ee1d9d2836bf109ea9a0a6773fa59a8e6fe3cb2add24a19158001030ec99e,1778277040,BUY,Up,Up,1,True,14.02941,0.339999971488466,4.769999,4.769999,9.259411,9.259411,Up,1778277300,2.296107939668646,-260,matched,4,0.8930163311008529,0.1750568225606147,0.7179595085402382,6.647882170932075,0.6938912085813725,-0.010478268998636714,0.7043694775800092,6.5220464887685905,32508.540148046566,10113.914281646692,22394.625866399874,207361.04508822752,43426.27829102706,44112.300329490245,-686.022038463183,-6352.160009188419
0xf6beafa72d6416525c4cf039c9c122883dbef6a3,0x4e7ee1d9d2836bf109ea9a0a6773fa59a8e6fe3cb2add24a19158001030ec99e,1778277040,BUY,Up,Up,1,True,5.058822,0.3399999051162504,1.719999,1.719999,3.3388230000000005,3.3388230000000005,Up,1778277300,2.296107939668646,-260,matched,4,0.8930163311008529,0.1750568225606147,0.7179595085402382,2.397139720182844,0.6938912085813725,-0.010478268998636714,0.7043694775800092,2.3517650122421196,32508.540148046566,10113.914281646692,22394.625866399874,74771.69191913084,43426.27829102706,44112.300329490245,-686.022038463183,-2290.5061605277606
0xf6beafa72d6416525c4cf039c9c122883dbef6a3,0x4e7ee1d9d2836bf109ea9a0a6773fa59a8e6fe3cb2add24a19158001030ec99e,1778277040,BUY,Up,Up,1,True,7.0,0.34,2.3800000000000003,2.3800000000000003,4.619999999999999,4.619999999999999,Up,1778277300,2.296107939668646,-260,matched,4,0.8930163311008529,0.1750568225606147,0.7179595085402382,3.3169729294558996,0.6938912085813725,-0.010478268998636714,0.7043694775800092,3.254186986419642,32508.540148046566,10113.914281646692,22394.625866399874,103463.1715027674,43426.27829102706,44112.300329490245,-686.022038463183,-3169.4218176999048
0xf6beafa72d6416525c4cf039c9c122883dbef6a3,0x4e7ee1d9d2836bf109ea9a0a6773fa59a8e6fe3cb2add24a19158001030ec99e,1778277040,BUY,Up,Up,1,True,9.676469,0.33999995246199827,3.2899990000000003,3.2899990000000003,6.38647,6.38647,Up,1778277300,2.296107939668646,-260,matched,4,0.8930163311008529,0.1750568225606147,0.7179595085402382,4.585226862506975,0.6938912085813725,-0.010478268998636714,0.7043694775800092,4.498434537480402,32508.540148046566,10113.914281646692,22394.625866399874,143022.6062569868,43426.27829102706,44112.300329490245,-686.022038463183,-4381.259167983964
0xf6beafa72d6416525c4cf039c9c122883dbef6a3,0x4e7ee1d9d2836bf109ea9a0a6773fa59a8e6fe3cb2add24a19158001030ec99e,1778277038,BUY,Up,Up,1,True,24.575,0.4,9.83,9.83,14.745,14.745,Up,1778277300,2.296107939668646,-262,matched,4,0.8901494669298613,0.052989524194400894,0.8371599427354603,12.343923355634363,0.6939218097410916,-0.13595674659265006,0.8298785563337416,12.23655931314102,32513.22409084649,-2080.8095745589962,34594.033665405484,510089.02639640385,43535.68137835199,43781.87308667379,-246.19170832179952,-3630.096739204934
0xf6beafa72d6416525c4cf039c9c122883dbef6a3,0x4e7ee1d9d2836bf109ea9a0a6773fa59a8e6fe3cb2add24a19158001030ec99e,1778277038,BUY,Up,Up,1,True,17.558822,0.3399999726633142,5.9699990000000005,5.9699990000000005,11.588822999999998,11.588822999999998,Up,1778277300,2.296107939668646,-262,matched,4,0.8901494669298613,0.052989524194400894,0.8371599427354603,9.701698399051384,0.6939218097410916,-0.13595674659265006,0.8298785563337416,9.617315700847259,32513.22409084649,-2080.8095745589962,34594.033665405484,400904.1330044253,43535.68137835199,43781.87308667379,-246.19170832179952,-2853.0721318089613
0xf6beafa72d6416525c4cf039c9c122883dbef6a3,0x4e7ee1d9d2836bf109ea9a0a6773fa59a8e6fe3cb2add24a19158001030ec99e,1778277038,BUY,Up,Up,1,True,6.882351,0.33999995059827665,2.3399989999999997,2.3399989999999997,4.542351999999999,4.542351999999999,Up,1778277300,2.296107939668646,-262,matched,4,0.8901494669298613,0.052989524194400894,0.8371599427354603,3.802675140204303,0.6939218097410916,-0.13595674659265006,0.8298785563337416,3.7696005201196834,32513.22409084649,-2080.8095745589962,34594.033665405484,157138.2780081219,43535.68137835199,43781.87308667379,-246.19170832179952,-1118.2893986789425
0xf6beafa72d6416525c4cf039c9c122883dbef6a3,0x4e7ee1d9d2836bf109ea9a0a6773fa59a8e6fe3cb2add24a19158001030ec99e,1778277033,BUY,Up,Up,1,True,9.38,0.5,4.69,4.69,4.69,4.69,Up,1778277300,2.296107939668646,-267,matched,4,0.9163580503296136,0.23816615639769867,0.6781918939319149,3.180719982540681,0.69906505074984,0.02953190198966632,0.6695331487601737,3.140110467685215,33314.0050679266,52498.13370566336,-19184.128637736758,-89973.5633109854,42782.29329941189,44947.47960130228,-2165.1863018903896,-10154.723755865927
0xf6beafa72d6416525c4cf039c9c122883dbef6a3,0x4e7ee1d9d2836bf109ea9a0a6773fa59a8e6fe3cb2add24a19158001030ec99e,1778277264,BUY,Up,Up,1,True,13.847221,0.7199999913340013,9.969999,9.969999,3.8772219999999993,3.8772219999999993,Up,1778277300,2.296107939668646,-36,matched,4,-0.2087667982814887,-0.8742135380593301,0.6654467397778414,2.5800847392949215,0.778778778760702,0.11588166972133343,0.6628971090393686,2.570199254903838,1773.6925141781103,-48832.48049478604,50606.17300896415,196211.36732616197,10814.811855219072,10886.568622573497,-71.75676735442539,-278.21691703545986
0xb305d384400e3d7a15780216a55368ea677eca4e,0x4f388971f4ae1b3bf68d0a71038330002d7f25d43907b1f9e26c8752497461aa,1779799948,BUY,Down,Down,-1,False,200.0,0.57,113.99999999999999,113.99999999999999,-113.99999999999999,113.99999999999999,Up,1779800100,1.2773435457803932,-152,matched,4,1.6842086823336793,0.6274867277838774,1.056721954549802,120.4663028186774,0.7524465472993858,-0.30368324183934187,1.0561297891387276,120.39879596181493,258299.291658347,-55842.46287800644,314141.75453635346,35812160.01714429,63519.7898304034,62918.014425261936,601.7754051414668,68602.3961861272
0xb305d384400e3d7a15780216a55368ea677eca4e,0x4f388971f4ae1b3bf68d0a71038330002d7f25d43907b1f9e26c8752497461aa,1779800076,BUY,Down,Down,-1,False,400.0,0.3527465,141.0986,141.0986,-141.0986,141.0986,Up,1779800100,1.2773435457803932,-24,matched,4,-0.1117618420193216,0.00861174232409681,-0.12037358434341841,-16.984544227838256,-0.9999999999999775,-0.8748644596466523,-0.1251355403533252,-17.65644955409769,-10314.228658794658,-182838.56191136935,172524.3332525747,24342941.88787174,36.55324048222974,37.99425542377867,-1.4410149415489286,-203.32519083163567
0xb305d384400e3d7a15780216a55368ea677eca4e,0x4fc73d3d4a23597544d47a3cfa177bf9ed620e2bc6ee006b515d7ca1fdaa1bf3,1779201850,BUY,Down,Down,-1,True,99.99,0.23,22.9977,22.9977,76.9923,76.9923,Down,1779201900,0.3478430284422842,-50,matched,4,0.007070281490672348,-1.3257623470305493,1.3328326285212215,102.61784958489444,0.988353220600856,-0.35295098702825056,1.3413042076291064,103.27009594504246,310910.1750037839,-9227.42808538946,320137.6030891733,24648130.37832256,70585.3173679579,69677.64430915832,907.6730587995844,69883.83644501524
0xb305d384400e3d7a15780216a55368ea677eca4e,0x4fc73d3d4a23597544d47a3cfa177bf9ed620e2bc6ee006b515d7ca1fdaa1bf3,1779201786,BUY,Down,Down,-1,True,99.99,0.14,13.998600000000001,13.998600000000001,85.9914,85.9914,Down,1779201900,0.3478430284422842,-114,matched,4,1.1004217475787712,1.134442343795862,-0.03402059621709075,-2.9254786975423372,0.13600698623780805,0.18221709836477504,-0.04621011212696699,-3.973672235954869,91716.12923114095,14815.706571819766,76900.42265932118,6612775.0050667515,157107.15197137836,157482.33669965365,-375.18472827528603,-32262.66004301143
0xb305d384400e3d7a15780216a55368ea677eca4e,0x527f41974155ce6775736c9741d71974d2e62a4d3ad04fca7c995e8f12c6cf22,1778486197,BUY,Down,Down,-1,True,100.0,0.58,57.99999999999999,57.99999999999999,42.00000000000001,42.00000000000001,Down,1778486400,1.8532670450477005,-203,matched,4,1.7709862806535281,1.1072155769837744,0.6637707036697538,27.878369554129662,0.862386793908476,0.19799905754067923,0.6643877363677967,27.904284927447467,17392.484166739858,-2120.483241917307,19512.967408657165,819544.6311636011,35888.48005100712,36906.80894232972,-1018.3288913225988,-42769.81343554916
0xf6beafa72d6416525c4cf039c9c122883dbef6a3,0x535b4171c49f19c2b3616d8d13706a776022f9a93021f14e055ae6e892ec438c,1778196334,BUY,Up,Up,1,True,17.525421,0.5586169941366886,9.789998,9.789998,7.735423000000001,7.735423000000001,Up,1778196600,2.3292210547811494,-266,matched,4,-0.22673448406020874,-0.43480180315637385,0.2080673190961651,1.609488725684815,-0.06302962666953735,-0.2620286679630669,0.19899904129352955,1.5393417609999185,-1188.0925194629817,-194356.27070997152,193168.17819050854,1494237.5684429582,38811.56484817946,39090.6127865952,-279.047938415737,-2158.553840923676
0xb305d384400e3d7a15780216a55368ea677eca4e,0x53bc1efa3c9290df53c70d79107c14fdc0c43804c53dcd34abcf1d66f3cb17bb,1778890797,BUY,Up,Up,1,False,376.34,0.13602859116756125,51.193,51.193,-51.193,51.193,Down,1778890800,1.6334296565440107,-3,offset_out_of_range,,,,,,,,,,,,,,,,,
0xb305d384400e3d7a15780216a55368ea677eca4e,0x53bc1efa3c9290df53c70d79107c14fdc0c43804c53dcd34abcf1d66f3cb17bb,1778890658,BUY,Up,Up,1,False,100.0,0.431598,43.1598,43.1598,-43.1598,43.1598,Down,1778890800,1.6334296565440107,-142,matched,4,0.10587737251084295,-0.5087355443374265,0.6146129168482695,26.52657056858794,0.9842066209473165,0.36736714610716487,0.6168394748401516,26.62266836620597,244454.78825193725,5542.24986027721,238912.53839166003,10311417.374476368,8768.781301127514,8659.019257360393,109.76204376712121,4737.307856580198
0xf6beafa72d6416525c4cf039c9c122883dbef6a3,0x53bc1efa3c9290df53c70d79107c14fdc0c43804c53dcd34abcf1d66f3cb17bb,1778890643,BUY,Up,Up,1,False,2.857141,0.4199999229999499,1.1999989999999998,1.1999989999999998,-1.1999989999999998,1.1999989999999998,Down,1778890800,1.6334296565440107,-157,matched,4,1.0537893931173579,0.524143333070971,0.5296460600463868,0.635574742409604,0.9841998700214657,0.447379578440779,0.5368202915806867,0.6441838130765323,244502.9322859262,8638.260826830166,235864.67145909602,283037.3698862437,30283.254840120906,29650.570269288757,632.6845708321489,759.2208523140077
0xf6beafa72d6416525c4cf039c9c122883dbef6a3,0x53bc1efa3c9290df53c70d79107c14fdc0c43804c53dcd34abcf1d66f3cb17bb,1778890636,BUY,Up,Up,1,False,115.777905,0.4211511600594258,48.759999,48.759999,-48.759999,48.759999,Down,1778890800,1.6334296565440107,-164,matched,4,1.051413840544432,0.40793386224253836,0.6434799783018936,31.376083098520354,0.9837106142595545,0.3317028898997923,0.6520077243597622,31.79189598777428,244441.66080173512,8586.323197350926,235855.3376043842,11500306.025734436,30221.983355929842,29733.91356982544,488.06978610440274,23798.282282380893
0xb305d384400e3d7a15780216a55368ea677eca4e,0x53bc1efa3c9290df53c70d79107c14fdc0c43804c53dcd34abcf1d66f3cb17bb,1778890585,BUY,Down,Down,-1,True,63.27,0.58,36.6966,36.6966,26.573400000000003,26.573400000000003,Down,1778890800,1.6334296565440107,-215,matched,4,-1.644661244144767,-0.825805135637182,-0.818856108507585,-21.75979091381546,-0.9840761816032023,-0.17851523176318565,-0.8055609498400167,-21.4064933444787,-250146.2982072432,-86100.74261731253,-164045.55558993068,-4359248.166913465,86152.28865125705,86396.4261276585,-244.1374764014472,-6487.562815406218
0xb305d384400e3d7a15780216a55368ea677eca4e,0x53bc1efa3c9290df53c70d79107c14fdc0c43804c53dcd34abcf1d66f3cb17bb,1778890772,BUY,Up,Up,1,False,145.24,0.7436064445056458,108.0014,108.0014,-108.0014,108.0014,Down,1778890800,1.6334296565440107,-28,matched,4,-1.3761500322597766,-0.11432457948774258,-1.261825452772034,-136.27891545501356,-0.384923799465014,0.8837525124418124,-1.2686763119068263,-137.01881783277392,-282.1076322628651,379941.7599545418,-380223.86758680467,-41064710.012789525,238991.74079021392,235905.2573867098,3086.4834035041276,333344.5286552107
0xf6beafa72d6416525c4cf039c9c122883dbef6a3,0x53e306d533ef93f43814933e7d28ee9534f1763243e864e8aed7837d428a1fa3,1778721523,BUY,Down,Down,-1,True,4.671229,0.7299999636070079,3.409997,3.409997,1.2612320000000001,1.2612320000000001,Down,1778721600,1.0046734578285794,-77,matched,4,0.0029918093522804945,0.060154352023001956,-0.05716254267072146,-0.07209522801767938,-0.9579465884648397,-0.9056805007312511,-0.05226608773358865,-0.06591966236440949,-4710.3429664430005,-191090.95387596026,186380.61090951727,235069.19065863232,1498.0972362090833,1490.5655617444718,7.531674464611569,9.49918884835098
0xf6beafa72d6416525c4cf039c9c122883dbef6a3,0x53e306d533ef93f43814933e7d28ee9534f1763243e864e8aed7837d428a1fa3,1778721523,BUY,Down,Down,-1,True,9.183332,0.5999999782214125,5.5099990000000005,5.5099990000000005,3.6733329999999995,3.6733329999999995,Down,1778721600,1.0046734578285794,-77,matched,4,0.0029918093522804945,0.060154352023001956,-0.05716254267072146,-0.20997705435626926,-0.9579465884648397,-0.9056805007312511,-0.05226608773358865,-0.19199074485268638,-4710.3429664430005,-191090.95387596026,186380.61090951727,684638.0486140897,1498.0972362090833,1490.5655617444718,7.531674464611569,27.666348356115005
0xf6beafa72d6416525c4cf039c9c122883dbef6a3,0x53e306d533ef93f43814933e7d28ee9534f1763243e864e8aed7837d428a1fa3,1778721547,BUY,Down,Down,-1,True,22.462961,0.5399999581533351,12.129997999999999,12.129997999999999,10.332963000000001,10.332963000000001,Down,1778721600,1.0046734578285794,-53,matched,4,0.010553753727557846,0.7658472059774099,-0.755293452249852,-7.804419296239988,-0.9551570872506691,-0.20069862079874257,-0.7544584664519265,-7.795791418884499,-4099.319321797004,3234.8431943412306,-7334.162516138234,-75783.62991524329,1085.6052561789984,1110.4545601817226,-24.84930400272424,-256.7669388359015
0xf6beafa72d6416525c4cf039c9c122883dbef6a3,0x53e306d533ef93f43814933e7d28ee9534f1763243e864e8aed7837d428a1fa3,1778721542,BUY,Down,Down,-1,True,20.425923,0.5399999794378937,11.029998,11.029998,9.395925,9.395925,Down,1778721600,1.0046734578285794,-58,matched,4,0.010553753727557846,0.475091593942536,-0.4645378402149781,-4.364762706321918,-0.9551570872506691,-0.4939254393179485,-0.46123164793272053,-4.3336979716022475,-4099.319321797004,-232.17266712577475,-3867.146654671229,-36335.41993129177,1085.6052561789984,1090.8713677869673,-5.266111607968924,-49.47998971010541
0xf6beafa72d6416525c4cf039c9c122883dbef6a3,0x53e306d533ef93f43814933e7d28ee9534f1763243e864e8aed7837d428a1fa3,1778721542,BUY,Down,Down,-1,True,2.037036,0.53999978399989,1.099999,1.099999,0.9370370000000001,0.9370370000000001,Down,1778721600,1.0046734578285794,-58,matched,4,0.010553753727557846,0.475091593942536,-0.4645378402149781,-0.43528914418152254,-0.9551570872506691,-0.4939254393179485,-0.46123164793272053,-0.4321911196839327,-4099.319321797004,-232.17266712577475,-3867.146654671229,-3623.659499853165,1085.6052561789984,1090.8713677869673,-5.266111607968924,-4.934541422796377
0xf6beafa72d6416525c4cf039c9c122883dbef6a3,0x53e306d533ef93f43814933e7d28ee9534f1763243e864e8aed7837d428a1fa3,1778721540,BUY,Down,Down,-1,True,35.017856,0.5599999897195305,19.609999,19.609999,15.407857000000002,15.407857000000002,Down,1778721600,1.0046734578285794,-60,matched,4,0.0174311825253477,1.1378585222593818,-1.120427339734034,-17.26338422951242,-0.9551570872506691,0.16499789049812322,-1.1201549777487922,-17.259187714991576,-4099.319321797004,3954.4152508517764,-8053.73457264878,-124090.79061132853,1512.6921199531062,1506.1035275021713,6.5885924509348115,101.51609031528311
0xb305d384400e3d7a15780216a55368ea677eca4e,0x547e39ce3f7d9b6502dd252a464faac5c6a0a83c12605398cb9af57a6d45c782,1778142881,BUY,Up,Up,1,False,100.0,0.05,5.0,5.0,-5.0,5.0,Down,1778142900,8.420213443991656,-19,matched,4,-2.00000000000027,-0.961201397697288,-1.038798602302982,-5.193993011514911,-1.0000000000002724,0.038798602302709484,-1.038798602302982,-5.193993011514911,-213.70491079200292,-475.45516816151485,261.7502573695119,1308.7512868475596,2713.720260108006,2705.760276686924,7.959983421082143,39.799917105410714
0xf6beafa72d6416525c4cf039c9c122883dbef6a3,0x547e39ce3f7d9b6502dd252a464faac5c6a0a83c12605398cb9af57a6d45c782,1778142844,BUY,Up,Up,1,False,18.625,0.32,5.96,5.96,-5.96,5.96,Down,1778142900,8.420213443991656,-56,matched,4,0.9497841114504193,1.685030997573025,-0.7352468861226058,-4.382071441290731,-0.0206117789409067,0.7225875136771248,-0.7431992926180315,-4.429467784003468,-118.98399273800169,4639.6666236826895,-4758.650616420691,-28361.55767386732,17834.95901471586,17575.160211701288,259.7988030145716,1548.4008659668468
0xf6beafa72d6416525c4cf039c9c122883dbef6a3,0x547e39ce3f7d9b6502dd252a464faac5c6a0a83c12605398cb9af57a6d45c782,1778142842,BUY,Up,Up,1,False,5.482757,0.2899999033333048,1.5899990000000002,1.5899990000000002,-1.5899990000000002,1.5899990000000002,Down,1778142900,8.420213443991656,-58,matched,4,0.9497841114504193,1.2222111601711225,-0.2724270487207032,-0.4331587350388694,-0.0206117789409067,0.26161090221779343,-0.28222268115870014,-0.4487337808196521,-118.98399273800169,-224103.46901629533,223984.48502355732,356135.1072029712,17834.95901471586,17865.619661968114,-30.66064725225442,-48.75039847043728
0xf6beafa72d6416525c4cf039c9c122883dbef6a3,0x547e39ce3f7d9b6502dd252a464faac5c6a0a83c12605398cb9af57a6d45c782,1778142842,BUY,Up,Up,1,False,13.121211,0.3299999519861391,4.329999,4.329999,-4.329999,4.329999,Down,1778142900,8.420213443991656,-58,matched,4,0.9497841114504193,1.2222111601711225,-0.2724270487207032,-1.1796088485335963,-0.0206117789409067,0.26161090221779343,-0.28222268115870014,-1.2220239271944904,-118.98399273800169,-224103.46901629533,223984.48502355732,969852.5961675182,17834.95901471586,17865.619661968114,-30.66064725225442,-132.7605719416144
0xf6beafa72d6416525c4cf039c9c122883dbef6a3,0x547e39ce3f7d9b6502dd252a464faac5c6a0a83c12605398cb9af57a6d45c782,1778142842,BUY,Up,Up,1,False,8.090908,0.32999992089886576,2.6699990000000002,2.6699990000000002,-2.6699990000000002,2.6699990000000002,Down,1778142900,8.420213443991656,-58,matched,4,0.9497841114504193,1.2222111601711225,-0.2724270487207032,-0.7273799476572289,-0.0206117789409067,0.26161090221779343,-0.28222268115870014,-0.7535342764710483,-118.98399273800169,-224103.46901629533,223984.48502355732,598038.351028413,17834.95901471586,17865.619661968114,-30.66064725225442,-81.86389750287206
0xf6beafa72d6416525c4cf039c9c122883dbef6a3,0x547e39ce3f7d9b6502dd252a464faac5c6a0a83c12605398cb9af57a6d45c782,1778142842,BUY,Up,Up,1,False,7.482757,0.28999992917049155,2.169999,2.169999,-2.169999,2.169999,Down,1778142900,8.420213443991656,-58,matched,4,0.9497841114504193,1.2222111601711225,-0.2724270487207032,-0.5911664232968772,-0.0206117789409067,0.26161090221779343,-0.28222268115870014,-0.612422935891698,-118.98399273800169,-224103.46901629533,223984.48502355732,486046.1085166343,17834.95901471586,17865.619661968114,-30.66064725225442,-66.53357387674484
0xf6beafa72d6416525c4cf039c9c122883dbef6a3,0x547e39ce3f7d9b6502dd252a464faac5c6a0a83c12605398cb9af57a6d45c782,1778142842,BUY,Up,Up,1,False,9.393938,0.3299999425161205,3.0999990000000004,3.0999990000000004,-3.0999990000000004,3.0999990000000004,Down,1778142900,8.420213443991656,-58,matched,4,0.9497841114504193,1.2222111601711225,-0.2724270487207032,-0.8445235786071313,-0.0206117789409067,0.26161090221779343,-0.28222268115870014,-0.8748900293692894,-118.98399273800169,-224103.46901629533,223984.48502355732,694351.6795885428,17834.95901471586,17865.619661968114,-30.66064725225442,-95.04797582134147
0xb305d384400e3d7a15780216a55368ea677eca4e,0x547e39ce3f7d9b6502dd252a464faac5c6a0a83c12605398cb9af57a6d45c782,1778142835,BUY,Up,Up,1,False,122.36,0.41,50.1676,50.1676,-50.1676,50.1676,Down,1778142900,8.420213443991656,-65,matched,4,0.9492426861815451,1.0530116224414239,-0.10376893625987882,-5.205838486711096,-0.0206117789409067,0.0911994854567561,-0.1118112643976628,-5.609302787796188,-118.98399273800169,730.085242483703,-849.0692352217047,-42595.76576490839,17843.021989252884,16765.006644939822,1078.015344313062,54081.442587359976
0xf6beafa72d6416525c4cf039c9c122883dbef6a3,0x547e39ce3f7d9b6502dd252a464faac5c6a0a83c12605398cb9af57a6d45c782,1778142830,BUY,Up,Up,1,False,24.6,0.4,9.840000000000002,9.840000000000002,-9.840000000000002,9.840000000000002,Down,1778142900,8.420213443991656,-70,matched,4,-0.026997412027881307,0.5073777908439188,-0.5343752028718001,-5.2582519962585135,-0.7399633443132616,-0.21180449941155105,-0.5281588449017105,-5.197083033832832,-16088.056154430002,5650.934960028797,-21738.991114458797,-213911.6725662746,1873.9498275609221,2066.693351561975,-192.74352400105272,-1896.596276170359
0xf6beafa72d6416525c4cf039c9c122883dbef6a3,0x547e39ce3f7d9b6502dd252a464faac5c6a0a83c12605398cb9af57a6d45c782,1778142825,BUY,Down,Down,-1,True,31.365078,0.629999995536437,19.759999,19.759999,11.605079,11.605079,Down,1778142900,8.420213443991656,-75,matched,4,0.025693634405984378,-0.454336510535784,0.4800301449417684,5.570787754430673,0.7399633443132616,0.27248520188980063,0.467478142423461,5.425120773597516,16088.056154430002,18250.181036190763,-2162.124881760761,-25091.63006069929,1882.500597060949,2141.3660019527306,-258.8654048917815,-3004.1534741361106
0xb305d384400e3d7a15780216a55368ea677eca4e,0x547e39ce3f7d9b6502dd252a464faac5c6a0a83c12605398cb9af57a6d45c782,1778142825,BUY,Up,Up,1,False,100.0,0.38,38.0,38.0,-38.0,38.0,Down,1778142900,8.420213443991656,-75,matched,4,-0.025693634405984378,0.454336510535784,-0.4800301449417684,-18.2411455077872,-0.7399633443132616,-0.27248520188980063,-0.467478142423461,-17.764169412091515,-16088.056154430002,-18250.181036190763,2162.124881760761,82160.74550690892,1882.500597060949,2141.3660019527306,-258.8654048917815,-9836.885385887697
0xb305d384400e3d7a15780216a55368ea677eca4e,0x547e39ce3f7d9b6502dd252a464faac5c6a0a83c12605398cb9af57a6d45c782,1778142851,BUY,Up,Up,1,False,100.0,0.29,28.999999999999996,28.999999999999996,-28.999999999999996,28.999999999999996,Down,1778142900,8.420213443991656,-49,matched,4,1.8165393853108731,0.7040428238239556,1.1124965614869176,32.262400283120606,0.8542006666141926,-0.2577531919447559,1.1119538585589486,32.2466618982095,2504.0838393159975,-240820.6618243744,243324.7456636904,7056417.624247021,19607.36371465097,19198.249881748183,409.113832902789,11864.30115418088
0xb305d384400e3d7a15780216a55368ea677eca4e,0x5518a58af9421683fc2a35605bcadb23fd96f8b121bbe5e0b9dc5d23121d7d84,1780618065,BUY,Up,Up,1,True,100.0,0.6269,62.69,62.69,37.31,37.31,Up,1780618200,12.81046147477137,-135,matched,4,-0.5549393890874128,0.44131054034309347,-0.9962499294305063,-37.17008486705219,-0.25720382749097986,0.7568220775241822,-1.014025905015162,-37.8333065161157,-2613.8590738088824,125883.7328829873,-128497.59195679618,-4794245.155908066,15295.252489497187,14023.734551203132,1271.517938294055,47440.33427775119
0xb305d384400e3d7a15780216a55368ea677eca4e,0x5518a58af9421683fc2a35605bcadb23fd96f8b121bbe5e0b9dc5d23121d7d84,1780618038,BUY,Up,Up,1,True,100.0,0.78,78.0,78.0,21.999999999999996,21.999999999999996,Up,1780618200,12.81046147477137,-162,matched,4,-0.8790529238185425,-0.5966736390161907,-0.28237928480235175,-6.212344265651738,-0.26845147827750065,0.01650284501261492,-0.28495432329011555,-6.268995112382541,-2952.810725519201,70968.82239202218,-73921.63311754138,-1626275.92858591,37506.24490027968,34523.42402679735,2982.8208734823274,65622.05921661119
0xf6beafa72d6416525c4cf039c9c122883dbef6a3,0x55c88a42cabe43e1aff8a5fbbe6b59053cada0f401cd4759dfaf42ce2084d428,1777749216,BUY,Down,Down,-1,False,7.878204,0.3795279990210967,2.989999,2.989999,-2.989999,2.989999,Up,1777749300,0.24893802383549218,-84,matched,4,1.774707454527098,0.6636192240670686,1.1110882304600294,3.3221526979872573,0.8872381570880348,-0.21554095248934574,1.1027791095773805,3.297308434857258,1254611.2610789961,-19624.136073458998,1274235.397152455,3809962.5632504434,1546.4993572401581,1548.671481002806,-2.1721237626479706,-6.494647878193669
0xf6beafa72d6416525c4cf039c9c122883dbef6a3,0x55c88a42cabe43e1aff8a5fbbe6b59053cada0f401cd4759dfaf42ce2084d428,1777749214,BUY,Down,Down,-1,False,17.4115,0.3928438101254918,6.840000000000001,6.840000000000001,-6.840000000000001,6.840000000000001,Up,1777749300,0.24893802383549218,-86,matched,4,1.8553404774770024,0.4824455746188663,1.372894902858136,9.390601135549652,0.8872381570880348,-0.48680213865100014,1.374040295739035,9.398435622855,1254611.2610789961,-3760.517993162517,1258371.7790721587,8607262.968853567,5455.84071639122,5405.4103477467725,50.4303686444473,344.9437215280196
0xf6beafa72d6416525c4cf039c9c122883dbef6a3,0x55c88a42cabe43e1aff8a5fbbe6b59053cada0f401cd4759dfaf42ce2084d428,1777749214,BUY,Down,Down,-1,False,2.783782,0.3699998778639994,1.0299989999999999,1.0299989999999999,-1.0299989999999999,1.0299989999999999,Up,1777749300,0.24893802383549218,-86,matched,4,1.8553404774770024,0.4824455746188663,1.372894902858136,1.4140803770489772,0.8872381570880348,-0.48680213865100014,1.374040295739035,1.41526013057091,1254611.2610789961,-3760.517993162517,1258371.7790721587,1296121.6740725443,5455.84071639122,5405.4103477467725,50.4303686444473,51.943229273412065
0xf6beafa72d6416525c4cf039c9c122883dbef6a3,0x55c88a42cabe43e1aff8a5fbbe6b59053cada0f401cd4759dfaf42ce2084d428,1777749214,BUY,Down,Down,-1,False,9.888887,0.35999996764044323,3.559999,3.559999,-3.559999,3.559999,Up,1777749300,0.24893802383549218,-86,matched,4,1.8553404774770024,0.4824455746188663,1.372894902858136,4.887504481280062,0.8872381570880348,-0.48680213865100014,1.374040295739035,4.891582078790669,1254611.2610789961,-3760.517993162517,1258371.7790721587,4479802.275125106,5455.84071639122,5405.4103477467725,50.4303686444473,179.53206194386374
0xb305d384400e3d7a15780216a55368ea677eca4e,0x569c897d572b8eb6a1ceed15c6d66833e90642e3d7c581c3e6f075a05e95b688,1780279394,BUY,Down,Down,-1,False,100.0,0.27,27.0,27.0,-27.0,27.0,Up,1780279500,10.615660839880567,-106,matched,4,-1.674338052251726,-1.342623256159842,-0.33171479609188403,-8.956299494480868,-0.6777934853366587,-0.34982639859558906,-0.32796708674106967,-8.85511134200888,-32917.42904942436,-35869.661790660335,2952.2327412359737,79710.28401337129,1202016.7904000892,1009884.9681065155,192131.82229357376,5187559.201926491
0xb305d384400e3d7a15780216a55368ea677eca4e,0x56e73d7a08c1132ed547577df2b87e5edfd72860773d2bddb7de6bd2ae448a32,1779607976,BUY,Up,Up,1,True,100.0,0.31,31.0,31.0,69.0,69.0,Up,1779608100,0.9314473381168941,-124,matched,4,0.16313922134955894,-0.428645939033028,0.591785160382587,40.8331760663985,0.9983314694156514,0.4206225272296553,0.5777089421859961,39.86191701083373,1310488.6131348838,29227.55338229767,1281261.059752586,88407013.12292844,169921.81353674806,177744.07593497224,-7822.2623982241785,-539736.1054774683
0xb305d384400e3d7a15780216a55368ea677eca4e,0x589883f4d4befa71a2a95512e4a7eee47b254a5a6b7c41ea0a199343797ff274,1779916346,BUY,Up,Up,1,False,67.1,0.71,47.64099999999999,47.64099999999999,-47.64099999999999,47.64099999999999,Down,1779916500,0.16742588526834973,-154,matched,4,1.2396798322854146,0.13810332137894188,1.1015765109064728,52.48020655609526,0.7342906376093626,-0.3530390111352176,1.0873296487445803,51.80147179584054,596624.1772118509,-10439.59996906291,607063.7771809138,28921125.40867591,9450.300284636673,9334.14200645464,116.15827818203252,5533.89653087021
0xb305d384400e3d7a15780216a55368ea677eca4e,0x593104ccfa0f403870f35cce3458edefebb024c717415d69b3b66960bcfeba6a,1780045467,BUY,Down,Down,-1,False,30.4,0.07,2.128,2.128,-2.128,2.128,Up,1780045500,2.463517027673294,-33,matched,4,0.0004432731654692157,-0.9771908854714604,0.9776341586369296,2.080405489579386,0.9997752382421998,0.009774212781803071,0.9900010254603968,2.1067221821797246,956438.1811529181,55350.75553454541,901087.4256183727,1917514.0417158974,294448.75340003334,310621.71063973196,-16172.957239698619,-34416.05300607866
0xf6beafa72d6416525c4cf039c9c122883dbef6a3,0x59dce16a7db16a4196ad73a5ca78008def3815394879f01620c789e6e2976512,1780664151,BUY,Down,Down,-1,False,57.69,0.47,27.114299999999997,27.114299999999997,-27.114299999999997,27.114299999999997,Up,1780664400,5.470035063994358,-249,matched,4,-0.3802876314596483,-0.03670891270745709,-0.3435787187521912,-9.315896453862537,-0.01829978877004863,0.3396605576726936,-0.3579603464427422,-9.705844221552445,-4446.425400617532,97354.96805762424,-101801.39345824177,-2760273.5226448043,6503890.083097912,5424159.276534734,1079730.806563178,29276145.008395977
0xf6beafa72d6416525c4cf039c9c122883dbef6a3,0x5a03912392651397b285a93d842366d29bfa76299d44fc9f841bfee213a885b2,1777674412,BUY,Up,Up,1,False,10.543477,0.4599999601649437,4.8499989999999995,4.8499989999999995,-4.8499989999999995,4.8499989999999995,Down,1777674600,7.821029529262264,-188,matched,4,-0.1375414867749245,-1.1976800582680218,1.0601385714930973,5.14167101160295,0.8539640286566955,-0.22593752596965105,1.0799015546263466,5.237521460036226,1407305.0041790735,-8860.931042895922,1416165.9352219694,6868403.369660616,299018.1090121763,305716.3445376513,-6698.235525475,-32486.435600318222
0xf6beafa72d6416525c4cf039c9c122883dbef6a3,0x5a03912392651397b285a93d842366d29bfa76299d44fc9f841bfee213a885b2,1777674404,BUY,Up,Up,1,False,10.777776,0.4499999814432959,4.8499989999999995,4.8499989999999995,-4.8499989999999995,4.8499989999999995,Down,1777674600,7.821029529262264,-196,matched,4,-0.1374787058369089,-0.950597089897763,0.8131183840608541,3.943623349576758,0.8540961831794956,0.020824855332394848,0.8332713278471008,4.041365106787111,1408797.674962473,11579.475150489066,1397218.199811984,6776506.871869923,301480.2674547266,303624.4344521963,-2144.1669974696706,-10399.207793560903
0xf6beafa72d6416525c4cf039c9c122883dbef6a3,0x5a9292a09e28f3c40ced957a81c12595762939d7feeeb78cf79bc3bf4663dd50,1778566058,BUY,Down,Down,-1,False,102.479165,0.4799999980483838,49.189999,49.189999,-49.189999,49.189999,Up,1778566200,0.6859961436559171,-142,matched,4,0.42634720384143876,-0.7321065857142027,1.1584537895556415,56.98434074978822,0.984590537200248,-0.17777981532870776,1.1623703525289557,57.17699647852898,489129.2849760051,-16697.61714186064,505826.90211786574,24881624.809350915,34816.041137715976,35815.91451996795,-999.8733822519716,-49183.770673101106
0xb305d384400e3d7a15780216a55368ea677eca4e,0x5ac804903bcbc493b9c1837c275f522ca0b974afbfd5e6f7b9877bb929690a5a,1780791817,BUY,Up,Up,1,False,100.0,0.07,7.000000000000001,7.000000000000001,-7.000000000000001,7.000000000000001,Down,1780791900,7.886390239822209,-83,matched,4,-0.731189995582616,-0.03510418519606631,-0.6960858103865497,-4.872600672705849,-0.9416261439511107,-0.23333652775868707,-0.7082896161924236,-4.958027313346966,-47373.462137278024,-30776.345522100484,-16597.11661517754,-116179.81630624279,2459.788130295812,2555.600175737607,-95.81204544179491,-670.6843180925645
0xb305d384400e3d7a15780216a55368ea677eca4e,0x5ac804903bcbc493b9c1837c275f522ca0b974afbfd5e6f7b9877bb929690a5a,1780791807,BUY,Up,Up,1,False,200.0,0.07,14.000000000000002,14.000000000000002,-14.000000000000002,14.000000000000002,Down,1780791900,7.886390239822209,-93,matched,4,-1.5888179896005894,-0.17668628034056158,-1.4121317092600278,-19.76984392964039,-0.9416261439511107,0.4800000276938979,-1.4216261716450085,-19.90276640303012,-47373.462137278024,6098.07630575385,-53471.53844303187,-748601.5382024463,8439.194030871848,9102.925703736037,-663.731672864189,-9292.243420098648
0xf6beafa72d6416525c4cf039c9c122883dbef6a3,0x5ac804903bcbc493b9c1837c275f522ca0b974afbfd5e6f7b9877bb929690a5a,1780791699,BUY,Up,Up,1,False,104.16,0.21,21.8736,21.8736,-21.8736,21.8736,Down,1780791900,7.886390239822209,-201,matched,4,-0.8021666248855586,-0.6895142836716862,-0.11265234121387235,-2.4641122507757585,-0.7126824026292866,-0.5777622383693811,-0.1349201642599055,-2.951189704955469,-41887.17450156601,-466574.731834098,424687.557332532,9289445.754068872,35088.60869294731,35881.29617784887,-792.6874849015585,-17338.92896974273
0xf6beafa72d6416525c4cf039c9c122883dbef6a3,0x5ac804903bcbc493b9c1837c275f522ca0b974afbfd5e6f7b9877bb929690a5a,1780791699,BUY,Up,Up,1,False,31.55,0.21,6.6255,6.6255,-6.6255,6.6255,Down,1780791900,7.886390239822209,-201,matched,4,-0.8021666248855586,-0.6895142836716862,-0.11265234121387235,-0.7463780867125113,-0.7126824026292866,-0.5777622383693811,-0.1349201642599055,-0.8939135483040038,-41887.17450156601,-466574.731834098,424687.557332532,2813767.4111066908,35088.60869294731,35881.29617784887,-792.6874849015585,-5251.950931215276
0xf6beafa72d6416525c4cf039c9c122883dbef6a3,0x5ac804903bcbc493b9c1837c275f522ca0b974afbfd5e6f7b9877bb929690a5a,1780791622,BUY,Up,Up,1,False,75.0,0.38,28.5,28.5,-28.5,28.5,Down,1780791900,7.886390239822209,-278,matched,4,-0.6437984996401954,-0.2826774719473071,-0.36112102769288834,-10.291949289247318,-0.5433521534405708,-0.18110939185895084,-0.36224276158161994,-10.323918705076169,-35687.61520342101,-9154.730463715525,-26532.884739705485,-756187.2150816063,43339.87568662112,44643.134746851,-1303.2590602298806,-37142.88321655159
0xf6beafa72d6416525c4cf039c9c122883dbef6a3,0x5ac804903bcbc493b9c1837c275f522ca0b974afbfd5e6f7b9877bb929690a5a,1780791621,BUY,Up,Up,1,False,131.57,0.37,48.680899999999994,48.680899999999994,-48.680899999999994,48.680899999999994,Down,1780791900,7.886390239822209,-279,matched,4,-0.6437984996401954,-0.5591567167463328,-0.0846417828938626,-4.120438168877835,-0.5433521534405708,-0.4676473878329296,-0.07570476560764117,-3.6853761240690184,-35687.61520342101,-52894.25306760425,17206.63786418324,837634.6172025178,43339.87568662112,45041.23564036407,-1701.3599537429545,-82823.73377216539
0xf6beafa72d6416525c4cf039c9c122883dbef6a3,0x5ac804903bcbc493b9c1837c275f522ca0b974afbfd5e6f7b9877bb929690a5a,1780791619,BUY,Up,Up,1,False,55.55,0.37,20.5535,20.5535,-20.5535,20.5535,Down,1780791900,7.886390239822209,-281,matched,4,-0.5889284190413654,0.28795890618970443,-0.8768873252310698,-18.023103639136792,-0.5433521534405708,0.34116125547127674,-0.8845134089118475,-18.179846350069656,-35687.61520342101,22982.95015897919,-58670.5653624002,-1205885.4651760925,45614.27933397412,46798.870520204066,-1184.5911862299472,-24347.49494617722
0xb305d384400e3d7a15780216a55368ea677eca4e,0x5ba14c2a4f260da4aad894738cbefb46a4fce66b11f1c9bbe0cca488dc8c8bc3,1778550892,BUY,Down,Down,-1,False,100.0,0.01,1.0,1.0,-1.0,1.0,Up,1778550900,5.174341458522167,-8,offset_out_of_range,,,,,,,,,,,,,,,,,
0xb305d384400e3d7a15780216a55368ea677eca4e,0x5ba14c2a4f260da4aad894738cbefb46a4fce66b11f1c9bbe0cca488dc8c8bc3,1778550889,BUY,Down,Down,-1,False,200.0,0.06,12.0,12.0,-12.0,12.0,Up,1778550900,5.174341458522167,-11,matched,4,1.1519380656875602,0.1238368572709965,1.0281012084165637,12.337214500998765,0.8985822376589134,-0.1424579558607218,1.0410401935196352,12.492482322235622,19139.64523030608,-62758.919073349585,81898.56430365567,982782.7716438681,836.1067424979992,858.6798210261622,-22.573078528163023,-270.8769423379563
0xb305d384400e3d7a15780216a55368ea677eca4e,0x5ba14c2a4f260da4aad894738cbefb46a4fce66b11f1c9bbe0cca488dc8c8bc3,1778550880,BUY,Down,Down,-1,False,121.01,0.08,9.680800000000001,9.680800000000001,-9.680800000000001,9.680800000000001,Up,1778550900,5.174341458522167,-20,matched,4,0.8526932068800042,-0.2828101557533885,1.1355033626333926,10.99258095298135,0.8529989920993729,-0.3076959996640407,1.1606949917634135,11.236456076263256,18615.675601024064,418.61789476309787,18197.057706260966,176162.07624277117,880.2499637156725,881.314743853829,-1.0647801381564932,-10.307923561465381
0xf6beafa72d6416525c4cf039c9c122883dbef6a3,0x5ba14c2a4f260da4aad894738cbefb46a4fce66b11f1c9bbe0cca488dc8c8bc3,1778550850,BUY,Down,Down,-1,False,3.978722,0.4699999145454244,1.869999,1.869999,-1.869999,1.869999,Up,1778550900,5.174341458522167,-50,matched,4,0.6410382971097097,-0.5512026620689576,1.1922409591786673,2.2294894014231486,0.8044514746787405,-0.37587326211485744,1.1803247367935978,2.207206077479291,18684.24766996829,-969.9872772699491,19654.234947238238,36753.399697100554,2216.586875002831,2075.106838771535,141.48003623129625,264.5675262724878
0xf6beafa72d6416525c4cf039c9c122883dbef6a3,0x5ba14c2a4f260da4aad894738cbefb46a4fce66b11f1c9bbe0cca488dc8c8bc3,1778550850,BUY,Down,Down,-1,False,5.914892,0.46999995942444933,2.779999,2.779999,-2.779999,2.779999,Up,1778550900,5.174341458522167,-50,matched,4,0.6410382971097097,-0.5512026620689576,1.1922409591786673,3.314428674275736,0.8044514746787405,-0.37587326211485744,1.1803247367935978,3.2813015879614653,18684.24766996829,-969.9872772699491,19654.234947238238,54638.753499087354,2216.586875002831,2075.106838771535,141.48003623129625,393.3143592429674
0xf6beafa72d6416525c4cf039c9c122883dbef6a3,0x5ba14c2a4f260da4aad894738cbefb46a4fce66b11f1c9bbe0cca488dc8c8bc3,1778550849,BUY,Down,Down,-1,False,3.543477,0.45999988147235044,1.629999,1.629999,-1.629999,1.629999,Up,1778550900,5.174341458522167,-51,matched,4,0.7997069840354528,-0.8793480766903409,1.6790550607257937,2.7368580699279828,0.8073378338132208,-0.8577620085710005,1.6650998423842212,2.714111077986438,19032.207965854323,-14852.7871619498,33884.995127804126,55232.508173325594,1868.62657911703,1907.2802501341903,-38.65367101716038,-63.0054451043004
0xf6beafa72d6416525c4cf039c9c122883dbef6a3,0x5ba14c2a4f260da4aad894738cbefb46a4fce66b11f1c9bbe0cca488dc8c8bc3,1778550849,BUY,Down,Down,-1,False,28.934781,0.45999999101427447,13.309999,13.309999,-13.309999,13.309999,Up,1778550900,5.174341458522167,-51,matched,4,0.7997069840354528,-0.8793480766903409,1.6790550607257937,22.348221179205254,0.8073378338132208,-0.8577620085710005,1.6650998423842212,22.16247723703414,19032.207965854323,-14852.7871619498,33884.995127804126,451009.2512660778,1868.62657911703,1907.2802501341903,-38.65367101716038,-514.4803225847336
0xf6beafa72d6416525c4cf039c9c122883dbef6a3,0x5ba14c2a4f260da4aad894738cbefb46a4fce66b11f1c9bbe0cca488dc8c8bc3,1778550849,BUY,Down,Down,-1,False,14.510203,0.489999967608999,7.109999,7.109999,-7.109999,7.109999,Up,1778550900,5.174341458522167,-51,matched,4,0.7997069840354528,-0.8793480766903409,1.6790550607257937,11.938079802705333,0.8073378338132208,-0.8577620085710005,1.6650998423842212,11.838858214251971,19032.207965854323,-14852.7871619498,33884.995127804126,240922.28147369222,1868.62657911703,1907.2802501341903,-38.65367101716038,-274.82756227833926
0xf6beafa72d6416525c4cf039c9c122883dbef6a3,0x5ba14c2a4f260da4aad894738cbefb46a4fce66b11f1c9bbe0cca488dc8c8bc3,1778550847,BUY,Down,Down,-1,False,6.744679,0.4699999807255468,3.169999,3.169999,-3.169999,3.169999,Up,1778550900,5.174341458522167,-53,matched,4,0.8834741481528392,-0.1352545952054336,1.0187287433582728,3.2293690977169813,0.805654694894453,-0.23450554038095922,1.0401602352754122,3.2973069056628215,19010.23345936637,-18821.492056209314,37831.72551557569,119926.5320526494,2041.7756528109312,2123.107000728225,-81.3313479172939,-257.8202915664737
0xf6beafa72d6416525c4cf039c9c122883dbef6a3,0x5ba14c2a4f260da4aad894738cbefb46a4fce66b11f1c9bbe0cca488dc8c8bc3,1778550847,BUY,Down,Down,-1,False,5.173912,0.4599998994957781,2.3799989999999998,2.3799989999999998,-2.3799989999999998,2.3799989999999998,Up,1778550900,5.174341458522167,-53,matched,4,0.8834741481528392,-0.1352545952054336,1.0187287433582728,2.4245733904639457,0.805654694894453,-0.23450554038095922,1.0401602352754122,2.4755803197952457,19010.23345936637,-18821.492056209314,37831.72551557569,90039.4688953446,2041.7756528109312,2123.107000728225,-81.3313479172939,-193.56852671181153
0xf6beafa72d6416525c4cf039c9c122883dbef6a3,0x5ba14c2a4f260da4aad894738cbefb46a4fce66b11f1c9bbe0cca488dc8c8bc3,1778550847,BUY,Down,Down,-1,False,2.340908,0.43999977786397415,1.029999,1.029999,-1.029999,1.029999,Up,1778550900,5.174341458522167,-53,matched,4,0.8834741481528392,-0.1352545952054336,1.0187287433582728,1.0492895869302776,0.805654694894453,-0.23450554038095922,1.0401602352754122,1.0713640021734394,19010.23345936637,-18821.492056209314,37831.72551557569,38966.639449317445,2041.7756528109312,2123.107000728225,-81.3313479172939,-83.77120702346481
0xf6beafa72d6416525c4cf039c9c122883dbef6a3,0x5ba14c2a4f260da4aad894738cbefb46a4fce66b11f1c9bbe0cca488dc8c8bc3,1778550847,BUY,Down,Down,-1,False,7.086955,0.45999995766870255,3.2599989999999996,3.2599989999999996,-3.2599989999999996,3.2599989999999996,Up,1778550900,5.174341458522167,-53,matched,4,0.8834741481528392,-0.1352545952054336,1.0187287433582728,3.3210546846192255,0.805654694894453,-0.23450554038095922,1.0401602352754122,3.390921326837608,19010.23345936637,-18821.492056209314,37831.72551557569,123331.3873490512,2041.7756528109312,2123.107000728225,-81.3313479172939,-265.14011287903014
0xf6beafa72d6416525c4cf039c9c122883dbef6a3,0x5ba14c2a4f260da4aad894738cbefb46a4fce66b11f1c9bbe0cca488dc8c8bc3,1778550845,BUY,Down,Down,-1,False,7.186045,0.42999995129448815,3.089999,3.089999,-3.089999,3.089999,Up,1778550900,5.174341458522167,-55,matched,4,0.6072201270880867,-0.6883608812947517,1.2955810083828383,4.003344020321962,0.7789242282929736,-0.5058548103948229,1.2847790386877964,3.9699659447662525,18655.67520723038,424.1101931190824,18231.565014111296,56335.517662038896,1800.744173291605,1732.4628924513818,68.28128084022319,210.98908951500883
0xb305d384400e3d7a15780216a55368ea677eca4e,0x5ba14c2a4f260da4aad894738cbefb46a4fce66b11f1c9bbe0cca488dc8c8bc3,1778550714,BUY,Down,Down,-1,False,300.0,0.1,30.0,30.0,-30.0,30.0,Up,1778550900,5.174341458522167,-186,matched,4,1.30148022132502,0.6481786306043236,0.6533015907206965,19.599047721620895,0.4456943078570417,-0.1963574790274465,0.6420517868844882,19.261553606534644,15210.980186706292,517063.9939628332,-501853.0137761269,-15055590.413283806,144253.7728892523,143660.83267721022,592.9402120420709,17788.206361262128
0xb305d384400e3d7a15780216a55368ea677eca4e,0x5ba14c2a4f260da4aad894738cbefb46a4fce66b11f1c9bbe0cca488dc8c8bc3,1778550866,BUY,Down,Down,-1,False,100.0,0.15,15.0,15.0,-15.0,15.0,Up,1778550900,5.174341458522167,-34,matched,4,1.0506765284014552,0.5423542172257567,0.5083223111756985,7.6248346676354775,0.8538749341936445,0.3501143394891888,0.5037605947044557,7.5564089205668346,19031.544860656257,3669.88609486484,15361.658765791417,230424.88148687125,2325.2298303828575,2240.6122536422918,84.61757674056571,1269.2636511084856
0xb305d384400e3d7a15780216a55368ea677eca4e,0x5ba14c2a4f260da4aad894738cbefb46a4fce66b11f1c9bbe0cca488dc8c8bc3,1778550861,BUY,Down,Down,-1,False,100.0,0.29,28.999999999999996,28.999999999999996,-28.999999999999996,28.999999999999996,Up,1778550900,5.174341458522167,-39,matched,4,0.9715632998676806,-0.050047614920770825,1.0216109147884516,29.626716528865092,0.8296450228487335,-0.16987837142310747,0.999523394271841,28.986178433883385,18736.379924486275,17417.838064962503,1318.5418595237716,38237.71392618937,2176.5070189069957,1970.0332267180784,206.4737921889173,5987.7399734786
0xf6beafa72d6416525c4cf039c9c122883dbef6a3,0x5bb06389709dbebfa87bd6f16d514ba8aef6344011e705ad26bdd53645f8ca0a,1779056774,BUY,Down,Down,-1,False,4.890908,0.5499999182155951,2.689999,2.689999,-2.689999,2.689999,Up,1779057000,0.16562911825385873,-226,matched,4,0.5121311585103909,-0.2778632058341075,0.7899943643444984,2.1250840500923363,0.9779395323835884,0.18777813725767226,0.7901613951259162,2.125533362727319,726830.7846622198,4053.193005411529,722777.5916568083,1944270.9987792224,41316.0555697676,42625.71049324759,-1309.6549234799895,-3522.9704345062482
0xf6beafa72d6416525c4cf039c9c122883dbef6a3,0x5bb06389709dbebfa87bd6f16d514ba8aef6344011e705ad26bdd53645f8ca0a,1779056774,BUY,Down,Down,-1,False,5.620688,0.5799999928834335,3.2599990000000005,3.2599990000000005,-3.2599990000000005,3.2599990000000005,Up,1779057000,0.16562911825385873,-226,matched,4,0.5121311585103909,-0.2778632058341075,0.7899943643444984,2.575380837768701,0.9779395323835884,0.18777813725767226,0.7901613951259162,2.575925357949092,726830.7846622198,4053.193005411529,722777.5916568083,2356254.2260236037,41316.0555697676,42625.71049324759,-1309.6549234799895,-4269.473740889843
0xb305d384400e3d7a15780216a55368ea677eca4e,0x5bfc886a7f938aead3bc33308af1300828e1024fd6bef8b650d415593ace9b36,1780619677,BUY,Down,Down,-1,True,100.0,0.72,72.0,72.0,28.000000000000004,28.000000000000004,Down,1780619700,2.0539881476307893,-23,matched,4,-0.40756425884449726,-0.05458969583398772,-0.35297456301050956,-9.883287764294268,-0.7615424281886974,-0.4082582513609603,-0.35328417682773716,-9.891956951176642,-40404.31720859092,-983.4118784347957,-39420.90533015612,-1103785.3492443715,366.2949852813035,353.56185718334746,12.733128097956069,356.52758674277
0xf6beafa72d6416525c4cf039c9c122883dbef6a3,0x5c5d2343788b33f967923700d654bad3bed7892a697bff3c0539a2bb65899c1e,1780791483,BUY,Down,Down,-1,False,124.99,0.22,27.497799999999998,27.497799999999998,-27.497799999999998,27.497799999999998,Up,1780791600,11.289388192847776,-117,matched,4,0.04890359808731011,-0.33811940434952553,0.38702300243683563,10.642281116407618,0.0635869775900195,-0.2554547986792865,0.31904177626930597,8.77294695549812,1713.203790316009,9383.782271699092,-7670.578481383083,-210924.03296537572,7632.66096188908,8566.416601481207,-933.7556395921274,-25676.225826376398
0xb305d384400e3d7a15780216a55368ea677eca4e,0x5c5d2343788b33f967923700d654bad3bed7892a697bff3c0539a2bb65899c1e,1780791454,BUY,Up,Up,1,True,100.0,0.77,77.0,77.0,23.0,23.0,Up,1780791600,11.289388192847776,-146,matched,4,-0.549106262890912,-0.12291180165555524,-0.42619446123535676,-9.802472608413206,-0.050838365628731036,0.39286240402295614,-0.44370076965168714,-10.205117701988804,-1404.8746750919963,4419.560017453754,-5824.43469254575,-133961.99792855227,24335.056182774482,22923.18280993987,1411.8733728346124,32473.087575196085
0xf6beafa72d6416525c4cf039c9c122883dbef6a3,0x5c5d2343788b33f967923700d654bad3bed7892a697bff3c0539a2bb65899c1e,1780791348,BUY,Up,Up,1,True,47.16,0.47,22.1652,22.1652,24.994799999999998,24.994799999999998,Up,1780791600,11.289388192847776,-252,matched,4,-0.0491614047888376,0.5795939039549219,-0.6287553087437595,-15.715613190988519,0.03574525753004254,0.6874506214161846,-0.6517053638861421,-16.289245229261343,1349.3836438240542,189195.51077583048,-187846.12713200643,-4695176.378439073,54199.54923400318,55642.316491881546,-1442.7672578783677,-36061.67905721822
0xf6beafa72d6416525c4cf039c9c122883dbef6a3,0x5c70858f59e3ef8cc41dc0bb8230e008a2d4b50b5aeb381f7cb9ad223222ac02,1780826464,BUY,Up,Up,1,False,78.94,0.21,16.577399999999997,16.577399999999997,-16.577399999999997,16.577399999999997,Down,1780826700,15.88432552559146,-236,matched,4,-0.8038077026178494,-0.3234882221233662,-0.4803194804944832,-7.962448155949245,-0.33680362878598097,0.17488719241689857,-0.5116908212028796,-8.482503419408614,-6866.940641470923,-185972.73858650983,179105.7979450389,2969108.4548540874,107210.37121350341,90855.89126048937,16354.479953014044,271114.75597309496
0xf6beafa72d6416525c4cf039c9c122883dbef6a3,0x5c70858f59e3ef8cc41dc0bb8230e008a2d4b50b5aeb381f7cb9ad223222ac02,1780826464,BUY,Up,Up,1,False,40.67,0.2,8.134,8.134,-8.134,8.134,Down,1780826700,15.88432552559146,-236,matched,4,-0.8038077026178494,-0.3234882221233662,-0.4803194804944832,-3.9069186543421264,-0.33680362878598097,0.17488719241689857,-0.5116908212028796,-4.162093139664223,-6866.940641470923,-185972.73858650983,179105.7979450389,1456846.5604849465,107210.37121350341,90855.89126048937,16354.479953014044,133027.33993781626
0xb305d384400e3d7a15780216a55368ea677eca4e,0x5c8fd0627b6af6fb7de23d1bd3efa5d9f6b6e6ac789fd8d3aaa9bdcc4297c049,1780811091,BUY,Up,Up,1,True,100.0,0.37,37.0,37.0,63.0,63.0,Up,1780811100,4.207856247912604,-9,offset_out_of_range,,,,,,,,,,,,,,,,,
0xf6beafa72d6416525c4cf039c9c122883dbef6a3,0x5c8fd0627b6af6fb7de23d1bd3efa5d9f6b6e6ac789fd8d3aaa9bdcc4297c049,1780811079,BUY,Up,Up,1,True,54.34,0.43,23.366200000000003,23.366200000000003,30.973800000000004,30.973800000000004,Up,1780811100,4.207856247912604,-21,matched,4,0.9208925804374923,0.736190925129273,0.18470165530821936,5.720912131185726,0.9939930636892103,0.7925597148144399,0.20143334887477038,6.239156261377364,320535.56295109,29669.844833816715,290865.7181172733,9009216.5798208,2090.246676340699,2092.097392400552,-1.8507160598528571,-57.323709094670434
0xb305d384400e3d7a15780216a55368ea677eca4e,0x5cd216b4390143b04d7f613056f6e9870e823cbef9200a4bc9aa031203242b9a,1779608493,BUY,Up,Up,1,True,85.24,0.32,27.276799999999998,27.276799999999998,57.96319999999999,57.96319999999999,Up,1779608700,1.0465314543348971,-207,matched,4,1.9040959084556697,1.0477662280633435,0.8563296803923262,49.63560853051647,0.9117610602485886,0.11411451114064998,0.7976465491079386,46.23414645525327,367604.46963559533,11334.05330414493,356270.4163314504,20650573.39590312,13162.109725345857,13234.779033161234,-72.66930781537667,-4212.14562276424
0xf6beafa72d6416525c4cf039c9c122883dbef6a3,0x5cd216b4390143b04d7f613056f6e9870e823cbef9200a4bc9aa031203242b9a,1779608475,BUY,Up,Up,1,True,152.209061,0.31529002731315714,47.989999,47.989999,104.219062,104.219062,Up,1779608700,1.0465314543348971,-225,matched,4,1.9002624288350933,0.918979051926134,0.9812833769089593,102.26843309764419,0.9117610602485886,-0.026987233128948795,0.9387482933775374,97.83546658990775,367604.46963559533,-5269.664829875716,372874.134465471,38860592.53805326,13269.720859179739,15665.787370395017,-2396.0665112152783,-249715.80428846876
0xf6beafa72d6416525c4cf039c9c122883dbef6a3,0x5cd216b4390143b04d7f613056f6e9870e823cbef9200a4bc9aa031203242b9a,1779608475,BUY,Up,Up,1,True,5.81818,0.3299999312499785,1.919999,1.919999,3.898181,3.898181,Up,1779608700,1.0465314543348971,-225,matched,4,1.9002624288350933,0.918979051926134,0.9812833769089593,3.825220215482344,0.9117610602485886,-0.026987233128948795,0.9387482933775374,3.6594107610267423,367604.46963559533,-5269.664829875716,372874.134465471,1453530.8663647443,13269.720859179739,15665.787370395017,-2396.0665112152783,-9340.300948755685
0xf6beafa72d6416525c4cf039c9c122883dbef6a3,0x5d2bd6b77f0f80deb0afdb80309b73059d63a37b05f49eff8b58f4e904bcba0f,1779554453,BUY,Up,Up,1,False,4.777776,0.35999992465113473,1.719999,1.719999,-1.719999,1.719999,Down,1779554700,5.849380829397868,-247,matched,4,-0.49515897539418563,0.013630394052119535,-0.5087893694463052,-0.8751172066582754,-0.6968177089373381,-0.18621252969075391,-0.5106051792465842,-0.8782403976989457,-63014.93547496048,-145468.90079755973,82453.96532259925,141820.7379009054,109241.50824647932,105259.42729853958,3982.080947939743,6849.175248375411
0xf6beafa72d6416525c4cf039c9c122883dbef6a3,0x5d2bd6b77f0f80deb0afdb80309b73059d63a37b05f49eff8b58f4e904bcba0f,1779554442,BUY,Up,Up,1,False,128.891841,0.3740345286867304,48.209998999999996,48.209998999999996,-48.209998999999996,48.209998999999996,Down,1779554700,5.849380829397868,-258,matched,4,-0.6254084152662847,-0.08226236719525702,-0.5431460480710276,-26.18507043435819,-0.6963900721033357,-0.13630719956178056,-0.5600828725415552,-27.0015947251455,-63021.8250039455,105753.67161516077,-168775.49661910627,-8136666.523231616,122864.47284569219,126035.49918734332,-3171.0263416511298,-152875.17675997462
0xf6beafa72d6416525c4cf039c9c122883dbef6a3,0x5e61c22af3578cd88487d2db174d1aaca87f108faded2ced107f58650b753f0e,1779244729,BUY,Up,Up,1,False,124.519,0.07597234157036276,9.46,9.46,-9.46,9.46,Down,1779244800,7.861554071475913,-71,matched,4,1.1228764086520342,0.1764227934876288,0.9464536151644054,8.953451199455277,0.934547169062788,-0.0014996509651893225,0.9360468200279773,8.855002917464667,7023.925753664225,-131190.29165601893,138214.21740968316,1307506.4966956028,2845.162718422129,3301.1150042641384,-455.9522858420096,-4313.308624065411
0xf6beafa72d6416525c4cf039c9c122883dbef6a3,0x5e61c22af3578cd88487d2db174d1aaca87f108faded2ced107f58650b753f0e,1779244694,BUY,Up,Up,1,False,86.86,0.10879576329725996,9.45,9.45,-9.45,9.45,Down,1779244800,7.861554071475913,-106,matched,4,-0.027380976195932494,0.0828862627067845,-0.11026723890271699,-1.0420254076306754,0.6217275041505439,0.7193878579588411,-0.09766035380829718,-0.9228903434884084,5922.411316480138,336474.32396942354,-330551.9126529434,-3123715.574570315,2640.35824480711,2761.510910396639,-121.15266558952862,-1144.8926898210455
0xf6beafa72d6416525c4cf039c9c122883dbef6a3,0x5f86b094f07fdf3c7acbffa2ef431f909100926b7e31e2af33713051036e93ba,1779010827,BUY,Down,Down,-1,True,26.527104,0.751683975755514,19.939999,19.939999,6.587105000000001,6.587105000000001,Down,1779011100,1.1116883286725172,-273,matched,4,1.6226561690845551,1.1442148327429644,0.4784413363415907,3.1515433188223745,0.6519693733195208,0.16879040423635755,0.4831789690831632,3.1827506031425505,376975.79445289145,-736021.0259342267,1112996.820387118,7331426.920556088,502129.9617028199,504602.0588004482,-2472.0970976282842,-16283.963152272761
0xf6beafa72d6416525c4cf039c9c122883dbef6a3,0x5f86b094f07fdf3c7acbffa2ef431f909100926b7e31e2af33713051036e93ba,1779010624,BUY,Down,Down,-1,True,64.714283,0.699999998454746,45.299997999999995,45.299997999999995,19.414285,19.414285,Down,1779011100,1.1116883286725172,-476,matched,4,0.8621772778341792,1.3460176417634755,-0.4838403639292963,-9.393414719827078,-0.10143393832279912,0.3915997300151645,-0.49303366833796364,-9.571896151708701,-109464.29829207528,201388.12058231168,-310852.41887438693,-6034977.452966727,272611.0969622261,271918.33745444904,692.7595077770529,13449.430520443422
0xf6beafa72d6416525c4cf039c9c122883dbef6a3,0x5f86b094f07fdf3c7acbffa2ef431f909100926b7e31e2af33713051036e93ba,1779010595,BUY,Down,Down,-1,True,6.242856,0.6999999679633808,4.369999,4.369999,1.8728570000000002,1.8728570000000002,Down,1779011100,1.1116883286725172,-505,matched,4,0.8658506592559315,0.8891821990332335,-0.023331539777301957,-0.043696637592698415,-0.10190938932629132,-0.06874428149848683,-0.03316510782780449,-0.06211350435105844,-110047.99240791216,156498.23233904428,-266546.22474695643,-499202.96284091065,304308.2835266837,303220.99764066347,1087.285886020225,2036.3309826341808
0xb305d384400e3d7a15780216a55368ea677eca4e,0x60e9596345af66b4e12a6f37d011d1b12fc66cb2dd6bab5b3afd58b85167dded,1779563315,BUY,Down,Down,-1,True,100.0,0.542223,54.222300000000004,54.222300000000004,45.777699999999996,45.777699999999996,Down,1779563400,1.4063131042528427,-85,matched,4,0.3407568749163288,-0.6268571108252847,0.9676139857416135,44.29514275508386,0.8620154369064357,-0.09813536864545415,0.9601508055518898,43.95349553131274,620859.6295904098,9255.32495572586,611604.304634684,27997838.37627517,39619.49123651988,41333.89911730256,-1714.4078807826736,-78481.649644105
0xb305d384400e3d7a15780216a55368ea677eca4e,0x60e9596345af66b4e12a6f37d011d1b12fc66cb2dd6bab5b3afd58b85167dded,1779563278,BUY,Down,Down,-1,True,100.0,0.381918,38.1918,38.1918,61.8082,61.8082,Down,1779563400,1.4063131042528427,-122,matched,4,-0.11684944933759378,-1.2363955903431851,1.1195461410055914,69.19713179250179,0.8459659433959882,-0.28277979600190467,1.1287457393978928,69.76574240985283,638502.220908338,3123.2276075327827,635378.9933008052,39271631.89373483,67572.79366178915,67193.75836698027,379.0352948088839,23427.48930860646
0xb305d384400e3d7a15780216a55368ea677eca4e,0x60e9596345af66b4e12a6f37d011d1b12fc66cb2dd6bab5b3afd58b85167dded,1779563271,BUY,Down,Down,-1,True,100.0,0.39,39.0,39.0,61.0,61.0,Down,1779563400,1.4063131042528427,-129,matched,4,-0.1321802192316156,-1.4931700822531138,1.3609898630214983,83.0203816443114,0.8454426106813706,-0.5159792361366278,1.3614218468179984,83.0467326558979,641967.8981832839,1618.0778694028204,640349.820313881,39061339.03914674,63182.64608503017,64563.60034611345,-1380.9542610832868,-84238.2099260805
0xf6beafa72d6416525c4cf039c9c122883dbef6a3,0x60e9596345af66b4e12a6f37d011d1b12fc66cb2dd6bab5b3afd58b85167dded,1779563271,BUY,Down,Down,-1,True,123.923075,0.3899999979826195,48.329999,48.329999,75.59307600000001,75.59307600000001,Down,1779563400,1.4063131042528427,-129,matched,4,-0.1321802192316156,-1.4931700822531138,1.3609898630214983,102.88141015061372,0.8454426106813706,-0.5159792361366278,1.3614218468179984,102.91406513457332,641967.8981832839,1618.0778694028204,640349.820313881,48406012.63357356,63182.64608503017,64563.60034611345,-1380.9542610832868,-104390.58041059275
0xf6beafa72d6416525c4cf039c9c122883dbef6a3,0x60e9596345af66b4e12a6f37d011d1b12fc66cb2dd6bab5b3afd58b85167dded,1779563271,BUY,Down,Down,-1,True,4.128204,0.389999864347789,1.609999,1.609999,2.518205,2.518205,Down,1779563400,1.4063131042528427,-129,matched,4,-0.1321802192316156,-1.4931700822531138,1.3609898630214983,3.427251478010052,0.8454426106813706,-0.5159792361366278,1.3614218468179984,3.4283393017663175,641967.8981832839,1618.0778694028204,640349.820313881,1612532.1192635167,63182.64608503017,64563.60034611345,-1380.9542610832868,-3477.5259250312383
0xf6beafa72d6416525c4cf039c9c122883dbef6a3,0x6148e2de694e685f35b05a5aff9d83343eb3337cf1dbaf26949f81d533056740,1778429630,BUY,Up,Up,1,True,4.166665,0.4199999279999712,1.749999,1.749999,2.416666,2.416666,Up,1778429700,1.5756756184605822,-70,matched,4,1.6533543076926387,1.1258275110013658,0.5275267966912729,1.2748560736527117,0.9404648199706921,0.41121663891392213,0.52924818105677,1.2790160847217402,632935.732634726,7084.032482289469,625851.7001524365,1512474.5248005881,8930.028173735365,9048.87461005965,-118.8464363242856,-287.21214188606604
0xf6beafa72d6416525c4cf039c9c122883dbef6a3,0x6148e2de694e685f35b05a5aff9d83343eb3337cf1dbaf26949f81d533056740,1778429628,BUY,Up,Up,1,True,7.804877,0.4099999269687402,3.1999990000000005,3.1999990000000005,4.604878,4.604878,Up,1778429700,1.5756756184605822,-72,matched,4,1.648785959625686,1.2216603187135582,0.4271256409121278,1.9668614670721574,0.940093892737968,0.5095084884114794,0.4305854043264885,1.9827932555041519,632807.060937026,12788.725991014966,620018.3349460111,2855108.7901895177,8801.35647603497,9057.32319142215,-255.96671538718147,-1178.6954964186934
0xf6beafa72d6416525c4cf039c9c122883dbef6a3,0x62bc20bc370abc193653b2d8302a956cef62d7f3ef6cb0824672e62a578d73c3,1778060504,BUY,Down,Down,-1,False,19.918366,0.4899999829303267,9.759998999999999,9.759998999999999,-9.759998999999999,9.759998999999999,Up,1778060700,0.9714347972840959,-196,matched,4,0.14998533440944506,1.3386204715808476,-1.1886351371714026,-11.601077750157751,-0.8147863526315935,0.3768851633593113,-1.1916715159909048,-11.630712804399714,-551770.2333700284,116455.11955936835,-668225.3529293968,-6521878.776365559,4940567.206639967,5117980.092158446,-177412.88551847916,-1731549.5852474708
0xb305d384400e3d7a15780216a55368ea677eca4e,0x62c16be9ab814e1cd493fc1bfb51ac83284cfac48f510a6efcaa417a562dc2c7,1778975953,BUY,Down,Down,-1,True,100.0,0.29382,29.382,29.382,70.61800000000001,70.61800000000001,Down,1778976000,0.5414475160194335,-47,matched,4,-0.043855608044079175,0.8173148741959992,-0.8611704822400784,-60.81413711482987,-0.8514237879089709,0.007402726305409488,-0.8588265142143804,-60.648610780791124,-2844.349749526591,3555.0972104929106,-6399.446960019502,-451916.1454226572,4478.025793131092,4530.802619221769,-52.77682609067779,-3726.9939048714846
0xf6beafa72d6416525c4cf039c9c122883dbef6a3,0x6305ecde16f3f531eb58d02da7609d6745855cbdc0743b11d7a64a7491d9edc0,1778949222,BUY,Up,Up,1,True,4.42857,0.4199999096773902,1.8599989999999997,1.8599989999999997,2.568571,2.568571,Up,1778949300,2.9113539421780996,-78,matched,4,0.4647282607763564,0.1382342871007496,0.32649397367560684,0.8386229524579272,0.9893499416754281,0.6571673595376758,0.3321825821377523,0.8532345471841486,968580.0658327541,35835.65224095744,932744.4135917966,2395820.251163895,63475.52749673021,63402.338887278456,73.18860945175402,187.99013976810127
0xf6beafa72d6416525c4cf039c9c122883dbef6a3,0x6305ecde16f3f531eb58d02da7609d6745855cbdc0743b11d7a64a7491d9edc0,1778949220,BUY,Up,Up,1,True,5.093022,0.429999909680343,2.1899990000000003,2.1899990000000003,2.903023,2.903023,Up,1778949300,2.9113539421780996,-80,matched,4,0.4617637979287825,0.10207918200870561,0.35968461592007694,1.0441727127621496,0.989350208291313,0.6403805649726853,0.3489696433186278,1.013066900855773,968604.5751098221,26325.45446925846,942279.1206405637,2735457.9596393313,63873.88133477827,63665.63629089983,208.24504387844354,604.5401520151308
0xf6beafa72d6416525c4cf039c9c122883dbef6a3,0x6305ecde16f3f531eb58d02da7609d6745855cbdc0743b11d7a64a7491d9edc0,1778949220,BUY,Up,Up,1,True,26.071427,0.41999998695890334,10.949999,10.949999,15.121428000000002,15.121428000000002,Up,1778949300,2.9113539421780996,-80,matched,4,0.4617637979287825,0.10207918200870561,0.35968461592007694,5.4389450223430975,0.989350208291313,0.6403805649726853,0.3489696433186278,5.276919335628311,968604.5751098221,26325.45446925846,942279.1206405637,14248605.8786696,63873.88133477827,63665.63629089983,208.24504387844354,3148.9624373647252
0xf6beafa72d6416525c4cf039c9c122883dbef6a3,0x6305ecde16f3f531eb58d02da7609d6745855cbdc0743b11d7a64a7491d9edc0,1778949161,BUY,Up,Up,1,True,5.02564,0.3899998806122205,1.959999,1.959999,3.0656410000000003,3.0656410000000003,Up,1778949300,2.9113539421780996,-139,matched,4,-0.027841605633330047,-1.4273563111222218,1.3995147054888917,4.290409661249671,0.9592240846203803,-0.437628802247171,1.3968528868675514,4.2822494809495275,954895.233763987,-278045.85536055313,1232941.08912454,3779754.7534048446,49820.804538809345,48918.09456604111,902.7099727682362,2767.3847036271886
0xf6beafa72d6416525c4cf039c9c122883dbef6a3,0x6305ecde16f3f531eb58d02da7609d6745855cbdc0743b11d7a64a7491d9edc0,1778949161,BUY,Up,Up,1,True,26.605262,0.3799999789515322,10.109999,10.109999,16.495262999999998,16.495262999999998,Up,1778949300,2.9113539421780996,-139,matched,4,-0.027841605633330047,-1.4273563111222218,1.3995147054888917,23.08536313940681,0.9592240846203803,-0.437628802247171,1.3968528868675514,23.041455741189502,954895.233763987,-278045.85536055313,1232941.08912454,20337687.528615724,49820.804538809345,48918.09456604111,902.7099727682362,14890.438413534892
0xf6beafa72d6416525c4cf039c9c122883dbef6a3,0x6305ecde16f3f531eb58d02da7609d6745855cbdc0743b11d7a64a7491d9edc0,1778949159,BUY,Up,Up,1,True,25.230768,0.3899999793902429,9.839999,9.839999,15.390769,15.390769,Up,1778949300,2.9113539421780996,-141,matched,4,-0.027841605633330047,-1.1578437044822245,1.1300020988488946,17.3916012728985,0.9592240846203803,-0.17488226032495224,1.1341063449453326,17.45476877648793,954895.233763987,-267179.48542102694,1222074.7191850138,18808669.703716416,49820.804538809345,49431.413817934284,389.39072087506065,5993.022635731537
0xf6beafa72d6416525c4cf039c9c122883dbef6a3,0x6305ecde16f3f531eb58d02da7609d6745855cbdc0743b11d7a64a7491d9edc0,1778949159,BUY,Up,Up,1,True,6.236841,0.37999990700420294,2.369999,2.369999,3.866842,3.866842,Up,1778949300,2.9113539421780996,-141,matched,4,-0.027841605633330047,-1.1578437044822245,1.1300020988488946,4.369539575917058,0.9592240846203803,-0.17488226032495224,1.1341063449453326,4.3854100471011,954895.233763987,-267179.48542102694,1222074.7191850138,4725569.851282817,49820.804538809345,49431.413817934284,389.39072087506065,1505.7123938899613
0xf6beafa72d6416525c4cf039c9c122883dbef6a3,0x6305ecde16f3f531eb58d02da7609d6745855cbdc0743b11d7a64a7491d9edc0,1778949126,BUY,Up,Up,1,True,13.325,0.4,5.33,5.33,7.994999999999999,7.994999999999999,Up,1778949300,2.9113539421780996,-174,matched,4,0.08332224464077742,-0.8289205350926835,0.9122427797334609,7.293381023969019,0.9609612925157893,0.05607668218739967,0.9048846103283896,7.234552459575474,1002294.821197149,276880.5914927934,725414.2297043556,5799686.7664863225,4817.052216790034,4699.791933773464,117.26028301657061,937.4959627174819
0xf6beafa72d6416525c4cf039c9c122883dbef6a3,0x6305ecde16f3f531eb58d02da7609d6745855cbdc0743b11d7a64a7491d9edc0,1778949126,BUY,Up,Up,1,True,13.325,0.4,5.33,5.33,7.994999999999999,7.994999999999999,Up,1778949300,2.9113539421780996,-174,matched,4,0.08332224464077742,-0.8289205350926835,0.9122427797334609,7.293381023969019,0.9609612925157893,0.05607668218739967,0.9048846103283896,7.234552459575474,1002294.821197149,276880.5914927934,725414.2297043556,5799686.7664863225,4817.052216790034,4699.791933773464,117.26028301657061,937.4959627174819
0xf6beafa72d6416525c4cf039c9c122883dbef6a3,0x6305ecde16f3f531eb58d02da7609d6745855cbdc0743b11d7a64a7491d9edc0,1778949037,BUY,Down,Down,-1,False,95.192306,0.519999998739394,49.499999,49.499999,-49.499999,49.499999,Up,1778949300,2.9113539421780996,-263,matched,4,-0.27825507038100117,0.7426713872240754,-1.0209264576050767,-50.53585863052484,-0.9606439722450664,0.040706235777172195,-1.0013502080222385,-49.5668342957506,-1004121.179722917,62624.43716808308,-1066745.6168910002,-52803906.9693589,13475.257638820796,13951.864546898112,-476.6069080773159,-23592.04147322023
0xf6beafa72d6416525c4cf039c9c122883dbef6a3,0x635b454fb6d3d2606eb79227cbf6af0ecbb06b0ec4bf6899130e9020f83b63d3,1778292529,BUY,Down,Down,-1,False,11.022726,0.4399999600824696,4.849999,4.849999,-4.849999,4.849999,Up,1778292600,3.6117556221820024,-71,matched,4,0.047215044640989495,0.20947466083389685,-0.16225961619290735,-0.7869589762759845,0.19378583383175377,0.35328341201746544,-0.15949757818571167,-0.7735630947031235,7270.3113993249935,64374.11537445453,-57103.80397512954,-276953.3921755743,16682.592945682816,18089.553706911494,-1406.9607612286782,-6823.758284998328
0xf6beafa72d6416525c4cf039c9c122883dbef6a3,0x635b454fb6d3d2606eb79227cbf6af0ecbb06b0ec4bf6899130e9020f83b63d3,1778292526,BUY,Down,Down,-1,False,11.829267,0.4099999602680369,4.849999,4.849999,-4.849999,4.849999,Up,1778292600,3.6117556221820024,-74,matched,4,0.0458017980667568,-0.04392045774779951,0.08972225581455631,0.43515285097834233,0.19347536168288243,0.10391658184656674,0.08955877983631569,0.4343599926473513,7260.551615988996,66197.28272766223,-58936.73111167323,-285843.08695488406,16681.276044346858,17740.525824954377,-1059.249780607519,-5137.360376696686
0xf6beafa72d6416525c4cf039c9c122883dbef6a3,0x635b454fb6d3d2606eb79227cbf6af0ecbb06b0ec4bf6899130e9020f83b63d3,1778292521,BUY,Down,Down,-1,False,20.3125,0.48,9.75,9.75,-9.75,9.75,Up,1778292600,3.6117556221820024,-79,matched,4,-0.03844449569184902,-0.11828194832687526,0.07983745263502624,0.7784151631915058,0.167923389669787,0.07014711617900972,0.09777627349077729,0.9533186665350786,6441.842015754992,25639.76300218422,-19197.920986429228,-187179.72961768496,15856.346156417625,17820.54129699446,-1964.195140576834,-19150.902620624132
0xf6beafa72d6416525c4cf039c9c122883dbef6a3,0x63bc2541f3e0c855d57d3fd6cba7e788faf409019d0e213b30cc73c7627af6a0,1778072736,BUY,Down,Down,-1,True,36.80611,0.5308900886293064,19.539998999999998,19.539998999999998,17.266111,17.266111,Down,1778073000,8.145438458493624,-264,matched,4,-0.3823048527046279,-0.08210853232079399,-0.3001963203838339,-5.183222989538839,-0.3105337552603696,0.04850152959898692,-0.3590352848593565,-6.199143081298268,-489304.0021371078,309483.06436698214,-798787.0665040899,-13791946.155623997,2482631.9185742657,2192181.4903648444,290450.4282094212,5014949.333461397
0xb305d384400e3d7a15780216a55368ea677eca4e,0x63fddd1ddac0087df64be812f8536419d378a18431cfd61c42f332699b3e625e,1778659487,BUY,Down,Down,-1,False,300.0,0.01,3.0,3.0,-3.0,3.0,Up,1778659500,4.083476462699497,-13,matched,4,0.3160077124941554,-1.2049137001296562,1.5209214126238115,4.562764237871434,0.8909392599210767,-0.6482465161425438,1.5391857760636205,4.617557328190862,132.58165756671224,-83.7512309343374,216.33288850104964,648.9986655031489,109.86795028694905,111.28496289871691,-1.4170126117678592,-4.251037835303578
0xf6beafa72d6416525c4cf039c9c122883dbef6a3,0x649340b2a3e39f7d0de414d6891a14b6e1969293f8fec3ccb481572fd2375e34,1778482987,BUY,Up,Up,1,False,5.103447,0.2899998765540232,1.479999,1.479999,-1.479999,1.479999,Down,1778483100,9.957132726413304,-113,matched,4,0.09984799208830508,-0.839639161290246,0.939487153378551,1.3904400475131022,0.9535732798268305,-0.005467026247662814,0.9590403060744933,1.419378693949944,549291.3595326482,5655.5761119900235,543635.7834206582,804580.4158267907,2034.165363376087,2051.7146621380234,-17.54929876193637,-25.972944618367066
0xb305d384400e3d7a15780216a55368ea677eca4e,0x649340b2a3e39f7d0de414d6891a14b6e1969293f8fec3ccb481572fd2375e34,1778482926,BUY,Up,Up,1,False,1.25,0.42,0.525,0.525,-0.525,0.525,Down,1778483100,9.957132726413304,-174,matched,4,0.9172741195686046,0.07360294543529722,0.8436711741333074,0.4429273664199864,0.9535820558971174,0.07716505826485018,0.8764169976322672,0.4601189237569403,550008.0955238632,9191.903384237245,540816.192139626,283928.5008733037,51553.76057845645,52837.059687198605,-1283.2991087421542,-673.7320320896309
0xf6beafa72d6416525c4cf039c9c122883dbef6a3,0x649340b2a3e39f7d0de414d6891a14b6e1969293f8fec3ccb481572fd2375e34,1778482903,BUY,Up,Up,1,False,5.666665,0.41999994705880794,2.3799989999999998,2.3799989999999998,-2.3799989999999998,2.3799989999999998,Down,1778483100,9.957132726413304,-197,matched,4,1.6244782214340396,-0.1874181682298906,1.8118963896639302,4.312311595503764,0.9536743297301576,-0.849519396127102,1.8031937258572597,4.2915992643465515,551156.9575152392,-312905.8194166543,864062.7769318935,2056468.5450351294,174723.58567624236,172439.9009708448,2283.6847053975507,5435.167315161465
0xb305d384400e3d7a15780216a55368ea677eca4e,0x65c70dcabcc4f089d904ad48369f86524e483f4f26d70abfcde95d0a6e10f3ac,1780614202,BUY,Down,Down,-1,False,100.0,0.661258,66.1258,66.1258,-66.1258,66.1258,Up,1780614300,14.790414484965254,-98,matched,4,-0.020007264005582504,0.610495836758694,-0.6305031007642765,-41.6925219405184,-0.966468453469494,-0.3437910113393003,-0.6226774421301937,-41.17504400281276,-67788.23237413308,-2823.6884925545382,-64964.54388157854,-4295832.435804486,16787.24236345198,16766.774209452662,20.46815399931802,1353.4730577281034
0xb305d384400e3d7a15780216a55368ea677eca4e,0x65c70dcabcc4f089d904ad48369f86524e483f4f26d70abfcde95d0a6e10f3ac,1780614196,BUY,Down,Down,-1,False,100.0,0.676098,67.60979999999999,67.60979999999999,-67.60979999999999,67.60979999999999,Up,1780614300,14.790414484965254,-104,matched,4,-0.022803046749158784,1.313101064841803,-1.3359041115909616,-90.32020980384259,-0.966468453469494,0.38067004349032346,-1.3471384969598175,-91.07976435175385,-67788.23237413308,71958.23227403883,-139746.4646481719,-9448230.525569972,16850.802989516873,16664.60604183824,186.19694767863257,12588.73839316281
0xb305d384400e3d7a15780216a55368ea677eca4e,0x65c70dcabcc4f089d904ad48369f86524e483f4f26d70abfcde95d0a6e10f3ac,1780614127,BUY,Up,Up,1,True,200.0,0.4172,83.44,83.44,116.56,116.56,Up,1780614300,14.790414484965254,-173,matched,4,1.7437549454275683,0.7207285593567214,1.0230263860708468,119.24395556041792,0.9635244338045592,-0.05787923151252809,1.0214036653170873,119.0548112293597,78787.82497208694,-143310.93120794653,222098.75618003347,25887831.0203447,332210.1399715219,338324.55286823126,-6114.412896709342,-712695.9672404409
0xf6beafa72d6416525c4cf039c9c122883dbef6a3,0x65c70dcabcc4f089d904ad48369f86524e483f4f26d70abfcde95d0a6e10f3ac,1780614127,BUY,Up,Up,1,True,6.79,0.3934756995581738,2.6717,2.6717,4.1183,4.1183,Up,1780614300,14.790414484965254,-173,matched,4,1.7437549454275683,0.5150164081612172,1.228738537266351,5.060313918024013,0.9635244338045592,-0.25243529641600865,1.2159597302205678,5.007686956967364,78787.82497208694,-151131.79152240284,229919.61649448978,946877.9566092571,332210.1399715219,326821.78209948784,5388.357872034074,22190.874224397925
0xb305d384400e3d7a15780216a55368ea677eca4e,0x65c70dcabcc4f089d904ad48369f86524e483f4f26d70abfcde95d0a6e10f3ac,1780614127,BUY,Up,Up,1,True,100.0,0.3951,39.51,39.51,60.49,60.49,Up,1780614300,14.790414484965254,-173,matched,4,1.7437549454275683,0.7207285593567214,1.0230263860708468,61.88286609342553,0.9635244338045592,-0.05787923151252809,1.0214036653170873,61.78470771503061,78787.82497208694,-143310.93120794653,222098.75618003347,13434753.761330225,332210.1399715219,338324.55286823126,-6114.412896709342,-369860.8361219481
0xf6beafa72d6416525c4cf039c9c122883dbef6a3,0x65c70dcabcc4f089d904ad48369f86524e483f4f26d70abfcde95d0a6e10f3ac,1780614126,BUY,Up,Up,1,True,63.82,0.42,26.804399999999998,26.804399999999998,37.015600000000006,37.015600000000006,Up,1780614300,14.790414484965254,-174,matched,4,1.7441936784532972,0.6271534201361262,1.117040258317171,41.347915385765084,0.963557077549299,-0.1401932885184785,1.1037503660677774,40.85598205021843,78861.0708443789,-144699.50273362736,223560.57357800627,8275228.7673340505,332401.6435289413,326978.35124789964,5423.2922810416785,200746.4177581264
0xf6beafa72d6416525c4cf039c9c122883dbef6a3,0x67c229802bc7fb25e5cbd62ca5640032448554c4045c03972b8f84f049195fae,1777800836,BUY,Up,Up,1,True,19.833332,0.23999996571428342,4.759999,4.759999,15.073333,15.073333,Up,1777800900,0.4321641749676514,-64,matched,4,0.5608277416865175,0.064095158626062,0.49673258306045553,7.487415636420406,0.9995947932702322,0.5278826549052886,0.4717121383649435,7.110274141716869,1491026.1436234296,4180.680585237267,1486845.4630381924,22411716.783913866,200.76747083000373,194.75608255275438,6.0113882772493525,90.61165729527582
0xf6beafa72d6416525c4cf039c9c122883dbef6a3,0x67c229802bc7fb25e5cbd62ca5640032448554c4045c03972b8f84f049195fae,1777800834,BUY,Up,Up,1,True,5.76,0.25,1.44,1.44,4.32,4.32,Up,1777800900,0.4321641749676514,-66,matched,4,1.8815362386142045,0.103149509408225,1.7783867292059794,7.682630670169831,0.9995947932702322,-0.7790862165212111,1.7786810097914434,7.683901962299036,1491026.1436234296,-227522.63952473493,1718548.7831481644,7424130.74320007,2446.731817965978,2444.940372635836,1.791445330141869,7.739043826212874
0xf6beafa72d6416525c4cf039c9c122883dbef6a3,0x67c229802bc7fb25e5cbd62ca5640032448554c4045c03972b8f84f049195fae,1777800834,BUY,Up,Up,1,True,8.44,0.25,2.11,2.11,6.33,6.33,Up,1777800900,0.4321641749676514,-66,matched,4,1.8815362386142045,0.103149509408225,1.7783867292059794,11.25718799587385,0.9995947932702322,-0.7790862165212111,1.7786810097914434,11.259050791979837,1491026.1436234296,-227522.63952473493,1718548.7831481644,10878413.79732788,2446.731817965978,2444.940372635836,1.791445330141869,11.33984893979803
0xb305d384400e3d7a15780216a55368ea677eca4e,0x67c229802bc7fb25e5cbd62ca5640032448554c4045c03972b8f84f049195fae,1777800820,BUY,Up,Up,1,True,100.0,0.23,23.0,23.0,77.0,77.0,Up,1777800900,0.4321641749676514,-80,matched,4,1.9976705925592457,0.7655950485484642,1.2320755440107816,94.86981688883019,0.9995947932702322,-0.22805185937021988,1.227646652640452,94.5287922533148,1491026.1436234296,-121549.23461962391,1612575.3782430536,124168304.12471512,150118.23891901597,149906.19537707506,212.04354194091866,16327.352729450737
0xb305d384400e3d7a15780216a55368ea677eca4e,0x67c229802bc7fb25e5cbd62ca5640032448554c4045c03972b8f84f049195fae,1777800730,BUY,Up,Up,1,True,25.48,0.36196232339089485,9.222800000000001,9.222800000000001,16.2572,16.2572,Up,1777800900,0.4321641749676514,-170,matched,4,1.4724806321292079,1.0079418677180765,0.4645387644111314,7.552099600784646,0.8169317749932312,0.3634079615114626,0.4535238134817686,7.373027340535809,1341196.7623264736,2206.949623691231,1338989.8127027825,21768225.183071677,3286.3354492130165,3083.152871242026,203.18257797099068,3303.1798065899898
0xb305d384400e3d7a15780216a55368ea677eca4e,0x67c229802bc7fb25e5cbd62ca5640032448554c4045c03972b8f84f049195fae,1777800726,BUY,Up,Up,1,True,100.0,0.355828,35.5828,35.5828,64.4172,64.4172,Up,1777800900,0.4321641749676514,-174,matched,4,1.7199854274248336,0.7717287974417488,0.9482566299830848,61.084036984946366,0.8169105674682174,-0.12398714596000682,0.9408977134282243,60.6099961854486,1341177.5993421236,-16618.312835085042,1357795.9121772086,87465410.83390167,11844.179274872062,12217.54280221484,-373.363527342779,-24051.03301354526
0xf6beafa72d6416525c4cf039c9c122883dbef6a3,0x67c229802bc7fb25e5cbd62ca5640032448554c4045c03972b8f84f049195fae,1777800714,BUY,Up,Up,1,True,25.548386,0.3099999741666656,7.919999000000001,7.919999000000001,17.628387,17.628387,Up,1777800900,0.4321641749676514,-186,matched,4,1.7184002048958988,0.8132646997818461,0.9051355051140527,15.956078971591001,0.8169105674682174,-0.09547732974079856,0.912387897209016,16.083926946116755,1341177.5993421236,-16609.78319828932,1357787.382540413,23935601.44313944,11960.733858257037,11991.711052730723,-30.977194473685813,-546.0779723563949
0xf6beafa72d6416525c4cf039c9c122883dbef6a3,0x67c229802bc7fb25e5cbd62ca5640032448554c4045c03972b8f84f049195fae,1777800714,BUY,Up,Up,1,True,23.863635,0.3264380719869375,7.789999,7.789999,16.073635999999997,16.073635999999997,Up,1777800900,0.4321641749676514,-186,matched,4,1.7184002048958988,0.8132646997818461,0.9051355051140527,14.54881863987942,0.8169105674682174,-0.09547732974079856,0.912387897209016,14.665390950543136,1341177.5993421236,-16609.78319828932,1357787.382540413,21824580.15234735,11960.733858257037,11991.711052730723,-30.977194473685813,-497.91614827123726
0xb305d384400e3d7a15780216a55368ea677eca4e,0x67c229802bc7fb25e5cbd62ca5640032448554c4045c03972b8f84f049195fae,1777800854,BUY,Up,Up,1,True,81.07,0.1823559886517824,14.783599999999998,14.783599999999998,66.2864,66.2864,Up,1777800900,0.4321641749676514,-46,matched,4,1.9998628492771908,0.9886443028856171,1.0112185463915737,67.0300370535304,0.9998628492772386,0.02379514697301531,0.9760677023042232,64.70001414201866,1491226.0776002125,-219.98542447325303,1491446.0630246857,98862590.31207953,199.9339767830097,205.3396006877374,-5.40562390472769,-358.31934839834156
0xf6beafa72d6416525c4cf039c9c122883dbef6a3,0x67c229802bc7fb25e5cbd62ca5640032448554c4045c03972b8f84f049195fae,1777800854,BUY,Up,Up,1,True,24.95,0.18957915831663327,4.73,4.73,20.22,20.22,Up,1777800900,0.4321641749676514,-46,matched,4,1.9998628492771908,0.9886443028856171,1.0112185463915737,20.44683900803762,0.9998628492772386,0.02379514697301531,0.9760677023042232,19.736088940591394,1491226.0776002125,-219.98542447325303,1491446.0630246857,30157039.394359145,199.9339767830097,205.3396006877374,-5.40562390472769,-109.30171535359389
0xf6beafa72d6416525c4cf039c9c122883dbef6a3,0x6844d971608bec5b48b4556976a9af81968855024220373006ba58a78ab5e20c,1780817586,BUY,Down,Down,-1,True,81.08,0.34951652688702517,28.3388,28.3388,52.7412,52.7412,Down,1780817700,2.1510737591932485,-114,matched,4,1.8721171538279453,0.6487014018637867,1.2234157519641586,64.52441485749208,0.9628144690285098,-0.2513239279079093,1.214138396936419,64.03511602050307,90868.56216761062,-54385.86983945452,145254.43200706516,7660893.049371025,244050.01138197118,240546.4251692535,3503.586212717695,184783.3411621865
0xb305d384400e3d7a15780216a55368ea677eca4e,0x6844d971608bec5b48b4556976a9af81968855024220373006ba58a78ab5e20c,1780817686,BUY,Down,Down,-1,True,100.0,0.16,16.0,16.0,84.0,84.0,Down,1780817700,2.1510737591932485,-14,matched,4,1.998902438349436,1.0074598130114585,0.9914426253379776,83.28118052839011,0.998902438349436,0.007459813011692906,0.9914426253377431,83.28118052837041,90071.62331363978,52.70051241276451,90018.92280122702,7561589.51530307,311.1720000000205,311.0011962526187,0.1708037474018056,14.34751478175167
0xf6beafa72d6416525c4cf039c9c122883dbef6a3,0x6844d971608bec5b48b4556976a9af81968855024220373006ba58a78ab5e20c,1780817665,BUY,Down,Down,-1,True,5.93,0.26,1.5418,1.5418,4.388199999999999,4.388199999999999,Down,1780817700,2.1510737591932485,-35,matched,4,1.4591623414882955,-0.5081391463357899,1.9673014878240855,8.63291238886965,0.9866248457384988,-0.9747289259598738,1.9613537716983727,8.606812620966798,89545.53606678382,-3638.0032559402093,93183.53932272403,408908.00725597754,1040.4476916671265,1076.0912579758296,-35.64356630870316,-156.41109767585118
0xb305d384400e3d7a15780216a55368ea677eca4e,0x698e800b26060d7b3b2d3f50a28ee6d612df8e5fc1ca7c0f579626b86d3debf6,1778365690,BUY,Down,Down,-1,True,100.0,0.426462,42.6462,42.6462,57.3538,57.3538,Down,1778365800,1.281278105792374,-110,matched,4,1.6642595181370552,0.5246013189081925,1.1396581992288626,65.36372842693234,0.9983056119849634,-0.13800056170740993,1.1363061736923732,65.17147702471763,651263.3516031366,2088.350388826919,649175.0012143097,37232653.18464527,2160.205941771972,2082.5772270036687,77.62871476830333,4452.301781078315
0xf6beafa72d6416525c4cf039c9c122883dbef6a3,0x698e800b26060d7b3b2d3f50a28ee6d612df8e5fc1ca7c0f579626b86d3debf6,1778365653,BUY,Down,Down,-1,True,2.829267,0.40999983387923444,1.159999,1.159999,1.6692680000000002,1.6692680000000002,Down,1778365800,1.281278105792374,-147,matched,4,1.784038798051907,-0.09761044080952577,1.8816492388614328,3.1409768616557465,0.9981688426707803,-0.8762105093074981,1.8743793519782783,3.128841472118077,651273.0844175956,-4831.837911818244,656104.9223294139,1095214.9514869764,4240.406843906967,4136.915370580358,103.49147332660868,172.75500469696144
0xb305d384400e3d7a15780216a55368ea677eca4e,0x698e800b26060d7b3b2d3f50a28ee6d612df8e5fc1ca7c0f579626b86d3debf6,1778365590,BUY,Down,Down,-1,True,100.0,0.51,51.0,51.0,49.0,49.0,Down,1778365800,1.281278105792374,-210,matched,4,1.3641307322352714,0.24054776680958892,1.1235829654256824,55.05556530585844,0.9935070710226692,-0.13861956751065238,1.1321266385333215,55.47420528813275,650052.6736763776,269125.007322145,380927.66635423264,18665455.6513574,7161.317157679994,7191.649407775134,-30.332250095139898,-1486.280254661855
0xf6beafa72d6416525c4cf039c9c122883dbef6a3,0x698e800b26060d7b3b2d3f50a28ee6d612df8e5fc1ca7c0f579626b86d3debf6,1778365583,BUY,Down,Down,-1,True,98.951776,0.4433472624079026,43.869999,43.869999,55.08177699999999,55.08177699999999,Down,1778365800,1.281278105792374,-217,matched,4,1.349512808786585,0.4922723482625385,0.8572404605240466,47.21832788196283,0.9928128932190625,0.14044781668829076,0.8523650765307718,46.94978306805589,649824.7540181207,-6307.262915550462,656132.0169336712,36140917.43930069,7006.3158433630015,7328.4583660932985,-322.14252273029706,-17744.18259924765
0xf6beafa72d6416525c4cf039c9c122883dbef6a3,0x698e800b26060d7b3b2d3f50a28ee6d612df8e5fc1ca7c0f579626b86d3debf6,1778365583,BUY,Down,Down,-1,True,4.853657,0.4099999237688201,1.989999,1.989999,2.863658,2.863658,Down,1778365800,1.281278105792374,-217,matched,4,1.349512808786585,0.4922723482625385,0.8572404605240466,2.4548435027033704,0.9928128932190625,0.14044781668829076,0.8523650765307718,2.440882070327957,649824.7540181207,-6307.262915550462,656132.0169336712,1878937.699348243,7006.3158433630015,7328.4583660932985,-322.14252273029706,-922.506012356797
0xf6beafa72d6416525c4cf039c9c122883dbef6a3,0x698e800b26060d7b3b2d3f50a28ee6d612df8e5fc1ca7c0f579626b86d3debf6,1778365581,BUY,Down,Down,-1,True,18.204544,0.43999998022471754,8.009998999999999,8.009998999999999,10.194545,10.194545,Down,1778365800,1.281278105792374,-219,matched,4,1.3548167284013373,0.4224814825471249,0.9323352458542123,9.504733618946831,0.9928128932190625,0.05248489102089203,0.9403280021981705,9.586216133169348,649824.7540181207,-5964.512685440641,655789.2667035613,6685473.189926458,7064.562174733001,7206.644066388064,-142.08189165506337,-1448.460238162668
0xf6beafa72d6416525c4cf039c9c122883dbef6a3,0x698e800b26060d7b3b2d3f50a28ee6d612df8e5fc1ca7c0f579626b86d3debf6,1778365580,BUY,Down,Down,-1,True,26.75,0.44,11.77,11.77,14.980000000000002,14.980000000000002,Down,1778365800,1.281278105792374,-220,matched,4,1.3548167284013373,0.4226185831866255,0.9321981452147118,13.964328215316385,0.9928128932190625,0.05248489102089203,0.9403280021981705,14.086113472928595,649824.7540181207,-5964.512685440641,655789.2667035613,9823723.21521935,7064.562174733001,7208.234306077575,-143.67213134457415,-2152.208527541721
0xf6beafa72d6416525c4cf039c9c122883dbef6a3,0x698e800b26060d7b3b2d3f50a28ee6d612df8e5fc1ca7c0f579626b86d3debf6,1778365578,BUY,Down,Down,-1,True,6.681817,0.4399999281632526,2.939999,2.939999,3.741818,3.741818,Down,1778365800,1.281278105792374,-222,matched,4,1.3548167284013373,0.5042800998045753,0.8505366285967619,3.1825532665426786,0.9928128932190625,0.1407594085467727,0.8520534846722898,3.188229065909498,649824.7540181207,-6289.165337705461,656113.9193558262,2455058.873496179,7064.562174733001,7502.504160792319,-437.9419860593189,-1638.6992063925084
0xb305d384400e3d7a15780216a55368ea677eca4e,0x698e800b26060d7b3b2d3f50a28ee6d612df8e5fc1ca7c0f579626b86d3debf6,1778365791,BUY,Down,Down,-1,True,6.86,0.49,3.3614,3.3614,3.4986,3.4986,Down,1778365800,1.281278105792374,-9,offset_out_of_range,,,,,,,,,,,,,,,,,
0xb305d384400e3d7a15780216a55368ea677eca4e,0x698e800b26060d7b3b2d3f50a28ee6d612df8e5fc1ca7c0f579626b86d3debf6,1778365748,BUY,Down,Down,-1,True,100.0,0.41,41.0,41.0,59.00000000000001,59.00000000000001,Down,1778365800,1.281278105792374,-52,matched,4,0.13762894215226662,-0.2434468645348134,0.38107580668708,22.483472594537723,0.9994057692945045,0.6172961638710809,0.38210960542342365,22.544466719981997,647019.9540472027,25097.691129756753,621922.262917446,36693413.512129314,4945.519239885034,5089.871394939764,-144.35215505473025,-8516.777148229086
0xb305d384400e3d7a15780216a55368ea677eca4e,0x6a425b70cc79c3c39ddcaf761e4dcce3aadb4d8cc19c43c2798bb328c5a10bb5,1778901235,BUY,Down,Down,-1,False,200.0,0.32236,64.472,64.472,-64.472,64.472,Up,1778901300,0.45381716562458807,-65,matched,4,1.3252441804237258,-0.508782923292789,1.8340271037165148,118.24339543081113,0.9993736672682594,-0.8401010353965922,1.8394747026648517,118.59461303020831,1060977.4820777301,-11299.531288304932,1072277.013366035,69131843.605735,912.6230743471533,928.9755865000916,-16.35251215293829,-1054.2791635242372
0xb305d384400e3d7a15780216a55368ea677eca4e,0x6a425b70cc79c3c39ddcaf761e4dcce3aadb4d8cc19c43c2798bb328c5a10bb5,1778901230,BUY,Down,Down,-1,False,200.0,0.36,72.0,72.0,-72.0,72.0,Up,1778901300,0.45381716562458807,-70,matched,4,0.18353185406860884,-0.7991575709789971,0.9826894250476059,70.75363860342763,0.9993736699161476,0.0024375138637583588,0.9969361560523893,71.77940323577202,1060981.9703029701,-7221.230840022043,1068203.2011429921,76910630.48229544,8444.405700800009,8805.671150661481,-361.265449861472,-26011.112390025984
0xb305d384400e3d7a15780216a55368ea677eca4e,0x6a425b70cc79c3c39ddcaf761e4dcce3aadb4d8cc19c43c2798bb328c5a10bb5,1778901209,BUY,Down,Down,-1,False,97.25,0.35,34.037499999999994,34.037499999999994,-34.037499999999994,34.037499999999994,Up,1778901300,0.45381716562458807,-91,matched,4,0.1602718320779255,-1.1652986672918535,1.325570499369779,45.119105872298846,0.9990472097147115,-0.3166671450273947,1.3157143547421062,44.783627349534434,1060808.5949754822,-16913.256784472258,1077721.8517599544,36682957.52927944,8339.085441312054,8215.596660300158,123.48878101189621,4203.249383692417
0xb305d384400e3d7a15780216a55368ea677eca4e,0x6a425b70cc79c3c39ddcaf761e4dcce3aadb4d8cc19c43c2798bb328c5a10bb5,1778901172,BUY,Down,Down,-1,False,200.0,0.4820715,96.4143,96.4143,-96.4143,96.4143,Up,1778901300,0.45381716562458807,-128,matched,4,0.8526212029544545,-0.0035977387292710286,0.8562189416837256,82.55174990917722,0.9982636310776519,0.16560617337890202,0.8326574576987499,80.28008592380458,1060695.085081909,14800.648134719047,1045894.4369471901,100839180.01215747,13615.937116135261,13249.937379489922,365.999736645339,35287.60840884471
0xb305d384400e3d7a15780216a55368ea677eca4e,0x6a425b70cc79c3c39ddcaf761e4dcce3aadb4d8cc19c43c2798bb328c5a10bb5,1778901106,BUY,Down,Down,-1,False,300.0,0.481679,144.5037,144.5037,-144.5037,144.5037,Up,1778901300,0.45381716562458807,-194,matched,4,1.9855175262783684,1.1016676622917425,0.8838498639866259,127.7195755905642,0.9977591706114058,0.11747417843218146,0.8802849921792244,127.204438424369,1067782.247715664,-63802.024276375654,1131584.2719920399,163518114.16465613,565958.7948504677,561049.2527872034,4909.542063264293,709446.9934473244
0xb305d384400e3d7a15780216a55368ea677eca4e,0x6a425b70cc79c3c39ddcaf761e4dcce3aadb4d8cc19c43c2798bb328c5a10bb5,1778901099,BUY,Down,Down,-1,False,100.0,0.51,51.0,51.0,-51.0,51.0,Up,1778901300,0.45381716562458807,-201,matched,4,1.975762868775281,1.263383371004217,0.712379497771064,36.331354386324264,0.9881149485720576,0.2811738480907401,0.7069411004813175,36.0539961245472,1062590.8694095518,52659.968068843766,1009930.9013407081,51506475.968376115,560898.7626134036,549807.5351559379,11091.22745746572,565652.6003307517
0xb305d384400e3d7a15780216a55368ea677eca4e,0x6a5dd1807319681a0d74dcc70ddf3215c73410738b96ead76d3b4f3b2fc34a14,1779721709,BUY,Down,Down,-1,False,100.0,0.21,21.0,21.0,-21.0,21.0,Up,1779721800,6.83567664795048,-91,matched,4,1.5830314474369427,0.6766324453173777,0.906399002119565,19.034379044510867,0.671814271925894,-0.24575192177624602,0.9175661937021401,19.26889006774494,81621.34940326272,-27185.189152317907,108806.53855558063,2284937.3096671933,383121.16088790377,378572.1193918386,4549.041496065154,95529.87141736824
0xb305d384400e3d7a15780216a55368ea677eca4e,0x6a5dd1807319681a0d74dcc70ddf3215c73410738b96ead76d3b4f3b2fc34a14,1779721676,BUY,Down,Down,-1,False,100.0,0.26,26.0,26.0,-26.0,26.0,Up,1779721800,6.83567664795048,-124,matched,4,1.4709254630884727,0.5062318569778823,0.9646936061105904,25.08203375887535,0.5600361760901341,-0.41681179928896483,0.976847975379099,25.398047359856573,73228.42056191037,-80492.88360365326,153721.30416556363,3996753.9083046545,381701.6858013973,380815.98455092445,885.7012504728627,23028.23251229443
0xf6beafa72d6416525c4cf039c9c122883dbef6a3,0x6a5dd1807319681a0d74dcc70ddf3215c73410738b96ead76d3b4f3b2fc34a14,1779721655,BUY,Down,Down,-1,False,5.0,0.18,0.8999999999999999,0.8999999999999999,-0.8999999999999999,0.8999999999999999,Up,1779721800,6.83567664795048,-145,matched,4,1.1385180141432132,0.732705850029358,0.40581216411385523,0.36523094770246967,0.5591124388693001,0.1303984228658727,0.4287140160034274,0.38584261440308465,73421.88031696435,-101353.16942740635,174775.04974437068,157297.5447699336,463295.3608778373,555423.2709650609,-92127.91008722363,-82915.11907850126
0xf6beafa72d6416525c4cf039c9c122883dbef6a3,0x6a5dd1807319681a0d74dcc70ddf3215c73410738b96ead76d3b4f3b2fc34a14,1779721642,BUY,Down,Down,-1,False,5.0,0.29,1.45,1.45,-1.45,1.45,Up,1779721800,6.83567664795048,-158,matched,4,-1.133464643033219,-0.8027961157594651,-0.33066852727375384,-0.47946936454694306,-0.528794960879109,-0.19277136241982798,-0.3360235984592811,-0.48723421776595754,-261134.2804047399,-186338.25797422655,-74796.02243051335,-108454.23252424435,113689.75148717966,111574.7618623944,2114.9896247852594,3066.734955938626
0xf6beafa72d6416525c4cf039c9c122883dbef6a3,0x6a5dd1807319681a0d74dcc70ddf3215c73410738b96ead76d3b4f3b2fc34a14,1779721625,BUY,Down,Down,-1,False,5.0,0.3,1.5,1.5,-1.5,1.5,Up,1779721800,6.83567664795048,-175,matched,4,-1.2564774889389287,-0.6019652343771552,-0.6545122545617735,-0.9817683818426604,-0.5305668386216439,0.14222347025126378,-0.6727903088729077,-1.0091854633093615,-267444.55016585684,35608.38742421189,-303052.93759006873,-454579.4063851031,103581.09452577238,101290.74938450547,2290.345141266909,3435.517711900364
0xb305d384400e3d7a15780216a55368ea677eca4e,0x6a5dd1807319681a0d74dcc70ddf3215c73410738b96ead76d3b4f3b2fc34a14,1779721616,BUY,Down,Down,-1,False,200.0,0.28,56.00000000000001,56.00000000000001,-56.00000000000001,56.00000000000001,Up,1779721800,6.83567664795048,-184,matched,4,-1.2555610262805736,-0.7456443005454803,-0.5099167257350934,-28.555336641165233,-0.5294431996760006,-0.00946747725784828,-0.5199757224181524,-29.118640455416536,-267275.869139345,-38893.19435896283,-228382.6747803822,-12789429.787701404,103500.5595734776,100710.23258094475,2790.3269925328495,156258.3115818396
0xf6beafa72d6416525c4cf039c9c122883dbef6a3,0x6a5dd1807319681a0d74dcc70ddf3215c73410738b96ead76d3b4f3b2fc34a14,1779721754,BUY,Down,Down,-1,False,5.0,0.15,0.75,0.75,-0.75,0.75,Up,1779721800,6.83567664795048,-46,matched,4,1.5907767552504968,0.5164367619626844,1.0743399932878124,0.8057549949658593,0.706026779766479,-0.3665911516961957,1.0726179314626747,0.804463448597006,83646.57174025173,-8055.777696375495,91702.34943662724,68776.76207747043,10918.484246881446,10707.59704809013,210.8871987913153,158.16539909348649
0xf6beafa72d6416525c4cf039c9c122883dbef6a3,0x6a60080435c203c73907bc2dff6e14a89b4fbee53ddfb05775b027e4c34860fb,1778385300,BUY,Down,Down,-1,True,17.5,0.56,9.8,9.8,7.699999999999999,7.699999999999999,Down,1778385600,4.661524130196881,-300,matched,4,1.3263942888235862,0.6977417630837477,0.6286525257398385,4.840624448196756,0.3533438315906076,-0.22807861972099483,0.5814224513116024,4.476952875099339,38485.714946693275,157891.27504006165,-119405.56009336837,-919422.8127189364,7694.186694312841,8084.897198639039,-390.71050432619813,-3008.470883311725
0xf6beafa72d6416525c4cf039c9c122883dbef6a3,0x6a60080435c203c73907bc2dff6e14a89b4fbee53ddfb05775b027e4c34860fb,1778385300,BUY,Down,Down,-1,True,17.5,0.56,9.8,9.8,7.699999999999999,7.699999999999999,Down,1778385600,4.661524130196881,-300,matched,4,1.3263942888235862,0.6977417630837477,0.6286525257398385,4.840624448196756,0.3533438315906076,-0.22807861972099483,0.5814224513116024,4.476952875099339,38485.714946693275,157891.27504006165,-119405.56009336837,-919422.8127189364,7694.186694312841,8084.897198639039,-390.71050432619813,-3008.470883311725
0xb305d384400e3d7a15780216a55368ea677eca4e,0x6ad21d331c664ee2bbcbb7cffbf92c31c2fdf406a33fe2da9e89011739bbb430,1780020891,BUY,Down,Down,-1,False,100.0,0.59,59.0,59.0,-59.0,59.0,Up,1780020900,0.4927505257951766,-9,offset_out_of_range,,,,,,,,,,,,,,,,,
0xb305d384400e3d7a15780216a55368ea677eca4e,0x6ad21d331c664ee2bbcbb7cffbf92c31c2fdf406a33fe2da9e89011739bbb430,1780020769,BUY,Up,Up,1,True,200.0,0.46,92.0,92.0,108.0,108.0,Up,1780020900,0.4927505257951766,-131,matched,4,0.8641645814814092,0.07227771657870764,0.7918868649027015,85.52378140949176,0.6938601586862799,-0.1127842990125299,0.8066444576988099,87.11760143147147,3806.605404930102,52213.77893611577,-48407.17353118567,-5227974.741368053,10002.712802364025,10003.036899593877,-0.32409722985175904,-35.002500823989976
0xb305d384400e3d7a15780216a55368ea677eca4e,0x6ad21d331c664ee2bbcbb7cffbf92c31c2fdf406a33fe2da9e89011739bbb430,1780020622,BUY,Down,Down,-1,False,200.0,0.48,96.0,96.0,-96.0,96.0,Up,1780020900,0.4927505257951766,-278,matched,4,0.710972843094256,0.5237253571683737,0.18724748592588236,17.975758648884707,-0.13941965177098506,-0.33268247728065986,0.1932628255096748,18.553231248928782,-2169.768682778027,-40495.94567226014,38326.17698948211,3679312.990990283,65859.15958592389,65670.73968615456,188.4198997693311,18088.310377855785
0xf6beafa72d6416525c4cf039c9c122883dbef6a3,0x6adae4491757acd7eca93b792ed50919a681703bd7462eff91c80e4a618d022e,1777695586,BUY,Up,Up,1,False,30.21875,0.32,9.67,9.67,-9.67,9.67,Down,1777695600,1.0591883329001626,-14,matched,4,-0.535181406798631,-0.150586491472825,-0.38459491532580603,-3.7190328312005443,-0.04255348989269044,0.3440025794414339,-0.38655606933412434,-3.7379971904609826,-6.0602864869870245,296.7569630015041,-302.81724948849114,-2928.242802553709,132.01134823902976,128.32906323946372,3.6822849995660363,35.60769594580357
0xf6beafa72d6416525c4cf039c9c122883dbef6a3,0x6adae4491757acd7eca93b792ed50919a681703bd7462eff91c80e4a618d022e,1777695354,BUY,Down,Down,-1,True,9.264148,0.5299999525050766,4.909998000000001,4.909998000000001,4.35415,4.35415,Down,1777695600,1.0591883329001626,-246,matched,4,-0.8540392761437092,-0.6616137291847782,-0.192425546958931,-0.8378496952912293,-0.4848306502295364,-0.2922436470998601,-0.1925870031296763,-0.83855269967708,-38562.64192980289,-10638.124625582866,-27924.517304220026,-121587.53702016962,102260.25341239641,99294.52239478465,2965.7310176117608,12913.237710334248
0xf6beafa72d6416525c4cf039c9c122883dbef6a3,0x6adae4491757acd7eca93b792ed50919a681703bd7462eff91c80e4a618d022e,1777695350,BUY,Down,Down,-1,True,8.183332,0.5999999755600774,4.909999,4.909999,3.2733330000000005,3.2733330000000005,Down,1777695600,1.0591883329001626,-250,matched,4,-0.6877605919498183,-0.18275688353098418,-0.5050037084188341,-1.653045303889748,-0.4848306502295364,-0.02054860731039472,-0.4642820429191417,-1.5197497323946432,-38562.64192980289,3389.170849794953,-41951.81277959784,-137322.25318127937,117855.8167063953,128939.19369954479,-11083.37699314949,-36279.583663117
0xb305d384400e3d7a15780216a55368ea677eca4e,0x6b887d2a433ae1f4012ece6c980a76ca694d65d59119c01350fd77271db5720e,1778374786,BUY,Up,Up,1,True,70.0,0.67,46.900000000000006,46.900000000000006,23.099999999999998,23.099999999999998,Up,1778374800,1.3050322684868432,-14,matched,4,-0.005980811212545234,-0.006281459985685106,0.00030064877313987215,0.006944986659531046,0.9940191887886431,0.9937185400137953,0.0003006487748478115,0.006944986698984445,10134.926113886992,20475.73020048821,-10340.80408660122,-238872.57440048814,97.96205912390724,98.03931518529134,-0.07725606138410512,-1.7846150179728282
0xf6beafa72d6416525c4cf039c9c122883dbef6a3,0x6b887d2a433ae1f4012ece6c980a76ca694d65d59119c01350fd77271db5720e,1778374610,BUY,Up,Up,1,True,17.5,0.56,9.8,9.8,7.699999999999999,7.699999999999999,Up,1778374800,1.3050322684868432,-190,matched,4,0.048204640472688465,1.141543384246908,-1.0933387437742197,-8.418708327061491,-0.9368929507824276,0.15534547686329692,-1.0922384276457247,-8.410235892872079,-348640.2071365031,148269.84743464133,-496910.0545711444,-3826207.4201978114,223723.96122273582,227286.70094137176,-3562.739718635945,-27433.095833496773
0xb305d384400e3d7a15780216a55368ea677eca4e,0x6b887d2a433ae1f4012ece6c980a76ca694d65d59119c01350fd77271db5720e,1778374755,BUY,Up,Up,1,True,90.11,0.43,38.747299999999996,38.747299999999996,51.362700000000004,51.362700000000004,Up,1778374800,1.3050322684868432,-45,matched,4,-1.3174351679882799,-0.8144771223956657,-0.5029580455926141,-25.833283208359763,-0.5941336836290575,-0.08160309973488683,-0.5125305838941707,-26.324954621381124,-30073.195760988863,192.5626957662662,-30265.75845675513,-1554531.071886777,1170.4167430528905,1160.575203104905,9.841539947985439,505.4880638863917
0xb305d384400e3d7a15780216a55368ea677eca4e,0x6bfb99661d47e478bb50cbc4fa87bae162cc3e2a56e9487ba0a10423f7835492,1780793661,BUY,Up,Up,1,True,13.85,0.8557761732851985,11.8525,11.8525,1.9975000000000007,1.9975000000000007,Up,1780793700,4.330531789117436,-39,matched,4,1.2869148992641346,0.31408885710862205,0.9728260421555126,1.943220019205637,0.7944555753980107,-0.1789016995010759,0.9733572748990866,1.9442811566109262,5657.409245850999,11269.318426466667,-5611.909180615668,-11209.788588279802,892.8242465209914,857.2962336681194,35.52801285287205,70.96720567361196
0xb305d384400e3d7a15780216a55368ea677eca4e,0x6bfb99661d47e478bb50cbc4fa87bae162cc3e2a56e9487ba0a10423f7835492,1780793548,BUY,Up,Up,1,True,200.0,0.733652,146.7304,146.7304,53.269600000000004,53.269600000000004,Up,1780793700,4.330531789117436,-152,matched,4,-0.34063262042977716,-1.170627767249627,0.8299951468198499,44.21350947303468,0.601263110940109,-0.227488647970354,0.8287517589104629,44.1472746964568,9098.915869866003,-6500.7141550464,15599.630024912403,830986.0515750739,22573.422975197027,22857.203797118527,-283.7808219215003,-15116.890871429554
0xb305d384400e3d7a15780216a55368ea677eca4e,0x6d288676731d14f8abc7ccf4c7a9991de22efb42ce839d61c0b437b7dd6825df,1779390206,BUY,Down,Down,-1,False,400.0,0.24731975,98.92790000000001,98.92790000000001,-98.92790000000001,98.92790000000001,Up,1779390300,0.37896442410051573,-94,matched,4,0.49228876042417746,-0.5548179912683932,1.0471067516925707,103.58807202076747,0.9948443037632009,-0.06626785077152607,1.0611121545347268,104.97359711259601,1591691.826323627,-9706.57896977579,1601398.4052934027,158422981.29902524,54450.34651861293,55688.430566157185,-1238.0840475442528,-122481.05484705309
0xf6beafa72d6416525c4cf039c9c122883dbef6a3,0x6d288676731d14f8abc7ccf4c7a9991de22efb42ce839d61c0b437b7dd6825df,1779390199,BUY,Down,Down,-1,False,59.90625,0.32,19.17,19.17,-19.17,19.17,Up,1779390300,0.37896442410051573,-101,matched,4,0.4806507945549888,-1.06560371959419,1.546254514149179,29.641699036239764,0.9942808617652996,-0.5596758033338363,1.5539566650991359,29.78934926995044,1591245.690874901,-103171.98192014276,1694417.6727950436,32481986.787480988,54044.14843398472,55606.219476650294,-1562.0710426655714,-29944.901887899006
0xb305d384400e3d7a15780216a55368ea677eca4e,0x6d288676731d14f8abc7ccf4c7a9991de22efb42ce839d61c0b437b7dd6825df,1779390196,BUY,Down,Down,-1,False,1000.0,0.2981314,298.1314,298.1314,-298.1314,298.1314,Up,1779390300,0.37896442410051573,-104,matched,4,0.4895836733354014,-1.0428915353656036,1.5324752087010052,456.87897943532283,0.9942808617652996,-0.548655791365917,1.5429366531312168,459.997864509324,1591245.690874901,-97837.3624586183,1689083.0533335193,503568695.4065967,54364.99028207408,55090.20640442797,-725.216122353886,-216209.69785993532
0xf6beafa72d6416525c4cf039c9c122883dbef6a3,0x6f605ace65c9f8071aa5f983da4661e79527b923a0b1d95882df0bff498babc0,1780823025,BUY,Up,Up,1,False,151.51,0.22,33.3322,33.3322,-33.3322,33.3322,Down,1780823100,3.885974044481578,-75,matched,4,-1.390603444216128,-0.6766345669615524,-0.7139688772545755,-23.79815341042496,-0.6120279846365468,0.10605235465077253,-0.7180803392873194,-23.935197485192788,-27831.948583280202,-31270.739219183968,3438.790635903766,114622.45723407151,34182.95034853462,35225.16801449298,-1042.2176659583565,-34739.40768525713
0xf6beafa72d6416525c4cf039c9c122883dbef6a3,0x6f605ace65c9f8071aa5f983da4661e79527b923a0b1d95882df0bff498babc0,1780823017,BUY,Up,Up,1,False,5.05,0.32,1.6159999999999999,1.6159999999999999,-1.6159999999999999,1.6159999999999999,Down,1780823100,3.885974044481578,-83,matched,4,-1.4483158584682219,-0.5178239131190892,-0.9304919453491327,-1.5036749836841983,-0.6250427557627436,0.30206931967385203,-0.9271120754365956,-1.4982131139055384,-29517.315747349523,6260.901708692676,-35778.2174560422,-57817.59940896419,33516.480332186446,32392.82229542738,1123.658036759065,1815.831387402649
0xf6beafa72d6416525c4cf039c9c122883dbef6a3,0x6f605ace65c9f8071aa5f983da4661e79527b923a0b1d95882df0bff498babc0,1780823017,BUY,Up,Up,1,False,64.1,0.32,20.511999999999997,20.511999999999997,-20.511999999999997,20.511999999999997,Down,1780823100,3.885974044481578,-83,matched,4,-1.4483158584682219,-0.5178239131190892,-0.9304919453491327,-19.086250783001407,-0.6250427557627436,0.30206931967385203,-0.9271120754365956,-19.016922891355446,-29517.315747349523,6260.901708692676,-35778.2174560422,-733882.7964583375,33516.480332186446,32392.82229542738,1123.658036759065,23048.47365000194
0xf6beafa72d6416525c4cf039c9c122883dbef6a3,0x6f605ace65c9f8071aa5f983da4661e79527b923a0b1d95882df0bff498babc0,1780823013,BUY,Up,Up,1,False,83.33,0.34,28.3322,28.3322,-28.3322,28.3322,Down,1780823100,3.885974044481578,-87,matched,4,-1.245064796699902,-0.7722442851528604,-0.47282051154704163,-13.396045297253092,-0.4584670979458509,0.014097168629407228,-0.47256426657525813,-13.38878531346353,-24253.132639591116,799.9031619978559,-25053.035801588972,-709807.6209377791,28082.162393770646,26924.372152603173,1157.7902411674731,32802.744670805085
0xb305d384400e3d7a15780216a55368ea677eca4e,0x6fb2b5cb01a4e051fd8f4ad94f54b4b4a80e5e0f29a5b4190b8518c0885dca42,1779196450,BUY,Down,Down,-1,True,289.48,0.45403378471742434,131.43370000000002,131.43370000000002,158.04630000000003,158.04630000000003,Down,1779196500,0.8493244717058169,-50,matched,4,0.8803504644236404,-0.7393656301689643,1.6197160945926048,255.99013580081123,0.9934864167277517,-0.6500323333922111,1.6435187501199628,259.7520574370847,1072241.2232844795,-5884.159700869743,1078125.3829853493,170393727.71691746,6621.021586854942,5907.003114609412,714.0184722455306,112847.97767005883
0xb305d384400e3d7a15780216a55368ea677eca4e,0x6fb2b5cb01a4e051fd8f4ad94f54b4b4a80e5e0f29a5b4190b8518c0885dca42,1779196439,BUY,Down,Down,-1,True,200.0,0.13,26.0,26.0,174.0,174.0,Down,1779196500,0.8493244717058169,-61,matched,4,1.794095547606338,0.5911342885800458,1.2029612590262921,209.31525907057483,0.9932084309640075,-0.19960035179701677,1.1928087827610243,207.54872820041822,1072090.7011368293,-14585.736393316005,1086676.4375301453,189081700.13024527,37014.66748422664,35101.643237120195,1913.0242471064412,332866.21899652074
0xb305d384400e3d7a15780216a55368ea677eca4e,0x6fb2b5cb01a4e051fd8f4ad94f54b4b4a80e5e0f29a5b4190b8518c0885dca42,1779196438,BUY,Down,Down,-1,True,399.99,0.15956548913722843,63.824600000000004,63.824600000000004,336.1654,336.1654,Down,1779196500,0.8493244717058169,-62,matched,4,1.7946215362527307,0.7487909177731329,1.0458306184795978,351.57206819344134,0.9932084309640075,-0.0475988754409095,1.040807306404917,349.88340448053145,1072090.7011368293,-4361.996270766565,1076452.6974075958,361866151.6051034,37112.70665682666,36273.855745367284,838.8509114593762,281992.65219110576
0xf6beafa72d6416525c4cf039c9c122883dbef6a3,0x700204345688aa65460b7efd5c2e4f27b48ec189421fc1a18853d0fecb1f7adf,1777783308,BUY,Up,Up,1,False,4.727271,0.21999986884610592,1.039999,1.039999,-1.039999,1.039999,Down,1777783500,3.5755905590717,-192,matched,4,-0.14225327404110955,-0.33062038350113965,0.1883671094600301,0.19590160547132182,0.6373198654145252,0.4922619707657827,0.14505789464874252,0.15086006537679755,1776.9656066249881,178760.27217569936,-176983.30656907437,-184062.46184853074,586.5371504029754,954.5048437154965,-367.9676933125211,-382.68603307732855
0xf6beafa72d6416525c4cf039c9c122883dbef6a3,0x700204345688aa65460b7efd5c2e4f27b48ec189421fc1a18853d0fecb1f7adf,1777783274,BUY,Up,Up,1,False,4.769229,0.25999988677415153,1.239999,1.239999,-1.239999,1.239999,Down,1777783500,3.5755905590717,-226,matched,4,0.9479277435771358,-0.2148067851523029,1.1627345287294388,1.4417896528899754,0.6214947772300665,-0.5692525200973875,1.190747297327454,1.4765254579387457,1749.7541273929965,-709553.9104907624,711303.6646181555,882015.8328228482,1745.576715940988,1925.3627235524436,-179.78600761145572,-222.9344696521975
0xf6beafa72d6416525c4cf039c9c122883dbef6a3,0x706d45a645fb2326b5b9896dfb638b89213695701af7f9c5f50a4ba90410ed10,1778426961,BUY,Down,Down,-1,True,6.795917,0.48999995144143166,3.329999,3.329999,3.465918,3.465918,Down,1778427000,0.9398321314256947,-39,matched,4,1.999828928103167,1.8589776008629904,0.14085132724017657,0.48817915040561827,0.9998289281031669,0.8595413452845205,0.1402875828186464,0.48622525846763726,485990.73727791244,127666.492669885,358324.24460802745,1241922.4492233652,3335.6788323340006,3338.6460834741156,-2.9672511401149677,-10.284249137044988
0xf6beafa72d6416525c4cf039c9c122883dbef6a3,0x706d45a645fb2326b5b9896dfb638b89213695701af7f9c5f50a4ba90410ed10,1778426959,BUY,Down,Down,-1,True,2.42553,0.46999995877189726,1.139999,1.139999,1.2855310000000002,1.2855310000000002,Down,1778427000,0.9398321314256947,-41,matched,4,1.9992061763690416,1.8880854537357963,0.11112072263324535,0.14284913368743854,0.9998289281031669,0.8899320094433695,0.10989691865979745,0.1412758957416481,485990.73727791244,126586.90570706897,359403.83157084347,462024.76700309804,3336.7178057339042,3337.225972715227,-0.5081669813225744,-0.6532644076665906
0xf6beafa72d6416525c4cf039c9c122883dbef6a3,0x706d45a645fb2326b5b9896dfb638b89213695701af7f9c5f50a4ba90410ed10,1778426959,BUY,Down,Down,-1,True,7.319147,0.4699999877034851,3.439999,3.439999,3.8791480000000007,3.8791480000000007,Down,1778427000,0.9398321314256947,-41,matched,4,1.9992061763690416,1.8880854537357963,0.11112072263324535,0.4310537289613085,0.9998289281031669,0.8899320094433695,0.10989691865979745,0.426306412225316,485990.73727791244,126586.90570706897,359403.83157084347,1394180.6544303745,3336.7178057339042,3337.225972715227,-0.5081669813225744,-1.9712549292635022
0xf6beafa72d6416525c4cf039c9c122883dbef6a3,0x706d45a645fb2326b5b9896dfb638b89213695701af7f9c5f50a4ba90410ed10,1778426959,BUY,Down,Down,-1,True,4.133332,0.4499999032257752,1.859999,1.859999,2.273333,2.273333,Down,1778427000,0.9398321314256947,-41,matched,4,1.9992061763690416,1.8880854537357963,0.11112072263324535,0.2526144057460036,0.9998289281031669,0.8899320094433695,0.10989691865979745,0.24983229178763333,485990.73727791244,126586.90570706897,359403.83157084347,817044.5906364403,3336.7178057339042,3337.225972715227,-0.5081669813225744,-1.1552327681509922
0xf6beafa72d6416525c4cf039c9c122883dbef6a3,0x706d45a645fb2326b5b9896dfb638b89213695701af7f9c5f50a4ba90410ed10,1778426957,BUY,Down,Down,-1,True,96.891303,0.4589679117020441,44.469998999999994,44.469998999999994,52.421304,52.421304,Down,1778427000,0.9398321314256947,-43,matched,4,1.9920754206987303,1.3866491206745568,0.6054263000241735,31.737236123162408,0.9998289281031669,0.390869270450068,0.6089596576530989,31.922459337569023,485990.73727791244,98260.95515715523,387729.7821207572,20325300.77840598,3367.4529780498706,3348.788346951238,18.664631098632526,978.4243008692696
0xf6beafa72d6416525c4cf039c9c122883dbef6a3,0x706d45a645fb2326b5b9896dfb638b89213695701af7f9c5f50a4ba90410ed10,1778426957,BUY,Down,Down,-1,True,9.470868,0.45085614116889816,4.269999,4.269999,5.200868999999999,5.200868999999999,Down,1778427000,0.9398321314256947,-43,matched,4,1.9920754206987303,1.3866491206745568,0.6054263000241735,3.1487428755804228,0.9998289281031669,0.390869270450068,0.6089596576530989,3.1671194057386143,485990.73727791244,98260.95515715523,387729.7821207572,2016531.8042086002,3367.4529780498706,3348.788346951238,18.664631098632526,97.07230127731383
0xb305d384400e3d7a15780216a55368ea677eca4e,0x70ddb84202fdc035e4761cbfb91cc178783a9eefa8d89fd4a23a4fa9532c51b9,1779618279,BUY,Up,Up,1,False,504.96,0.48290121989860585,243.8458,243.8458,-243.8458,243.8458,Down,1779618300,0.8213134129936018,-21,matched,4,-1.944475379606352,-0.5267096038294599,-1.4177657757768922,-345.7162298069369,-0.9444753796063521,0.47329039617040025,-1.4177657757767523,-345.7162298069028,-7916.165492701926,2400.497805941918,-10316.663298643845,-2515675.0153884473,48.780349760025274,48.89994104823563,-0.11959128821035847,-29.16183334668543
0xf6beafa72d6416525c4cf039c9c122883dbef6a3,0x7124184be9efd5ac091ce2091c6d7c12815774e91ac4141bd0f89f16662d4296,1778960860,BUY,Down,Down,-1,True,18.507691,0.6499999918952613,12.029999,12.029999,6.477692000000001,6.477692000000001,Down,1778961300,2.269230126235324,-440,matched,4,-1.8990115758500261,-1.0749807199335137,-0.8240308559165124,-5.337818083123546,-0.9691211217603051,-0.14647203692536054,-0.8226490848349446,-5.328867395642643,-1875912.9857194147,-374397.7578873433,-1501515.2278320715,-9726353.179205988,239719.70220094896,245143.29629464276,-5423.594093693799,-35132.37207196758
0xf6beafa72d6416525c4cf039c9c122883dbef6a3,0x7124184be9efd5ac091ce2091c6d7c12815774e91ac4141bd0f89f16662d4296,1778960858,BUY,Down,Down,-1,True,5.815382,0.6499999484126752,3.7799979999999995,3.7799979999999995,2.035384,2.035384,Down,1778961300,2.269230126235324,-442,matched,4,-1.898748572053088,-1.0750990320607705,-0.8236495399923174,-1.676443095307723,-0.9691211217603051,-0.1467988657517189,-0.8223222560085861,-1.6737415627237802,-1875912.9857194147,-374399.5287034878,-1501513.457015927,-3056156.466194906,239752.37544669397,245168.4566160295,-5416.081169335521,-11023.80495476681
0xf6beafa72d6416525c4cf039c9c122883dbef6a3,0x7124184be9efd5ac091ce2091c6d7c12815774e91ac4141bd0f89f16662d4296,1778960858,BUY,Down,Down,-1,True,20.246151,0.6499999925911844,13.159998,13.159998,7.086153,7.086153,Down,1778961300,2.269230126235324,-442,matched,4,-1.898748572053088,-1.0750990320607705,-0.8236495399923174,-5.83650665876518,-0.9691211217603051,-0.1467988657517189,-0.8223222560085861,-5.827101321382011,-1875912.9857194147,-374399.5287034878,-1501513.457015927,-10639954.087973783,239752.37544669397,245168.4566160295,-5416.081169335521,-38379.17982633041
0xf6beafa72d6416525c4cf039c9c122883dbef6a3,0x7124184be9efd5ac091ce2091c6d7c12815774e91ac4141bd0f89f16662d4296,1778960858,BUY,Down,Down,-1,True,3.225805,0.619999968999986,1.9999989999999996,1.9999989999999996,1.2258060000000002,1.2258060000000002,Down,1778961300,2.269230126235324,-442,matched,4,-1.898748572053088,-1.0750990320607705,-0.8236495399923174,-1.0096345480198228,-0.9691211217603051,-0.1467988657517189,-0.8223222560085861,-1.008007555348861,-1875912.9857194147,-374399.5287034878,-1501513.457015927,-1840564.2046908657,239752.37544669397,245168.4566160295,-5416.081169335521,-6639.064793858498
0xf6beafa72d6416525c4cf039c9c122883dbef6a3,0x7124184be9efd5ac091ce2091c6d7c12815774e91ac4141bd0f89f16662d4296,1778960858,BUY,Down,Down,-1,True,10.35078,0.6347346770001874,6.569998999999999,6.569998999999999,3.7807810000000006,3.7807810000000006,Down,1778961300,2.269230126235324,-442,matched,4,-1.898748572053088,-1.0750990320607705,-0.8236495399923174,-3.114038531461694,-0.9691211217603051,-0.1467988657517189,-0.8223222560085861,-3.1090203613943985,-1875912.9857194147,-374399.5287034878,-1501513.457015927,-5676893.549530135,239752.37544669397,245168.4566160295,-5416.081169335521,-20477.016779481524
0xf6beafa72d6416525c4cf039c9c122883dbef6a3,0x7124184be9efd5ac091ce2091c6d7c12815774e91ac4141bd0f89f16662d4296,1778960856,BUY,Down,Down,-1,True,19.790321,0.6199999989894049,12.269998999999999,12.269998999999999,7.520322,7.520322,Down,1778961300,2.269230126235324,-444,matched,4,-1.8986207866022902,-1.2911970934309376,-0.6074236931713526,-4.568021763077772,-0.9691211217603051,-0.36454957533799215,-0.6045715464223129,-4.546572701133742,-1875912.9857194147,-454609.085536343,-1421303.9001830716,-10688662.989232557,239874.01635084592,242425.5690753907,-2551.552724544774,-19188.498088554003
0xb305d384400e3d7a15780216a55368ea677eca4e,0x7124184be9efd5ac091ce2091c6d7c12815774e91ac4141bd0f89f16662d4296,1778961260,BUY,Up,Up,1,False,100.0,0.01,1.0,1.0,-1.0,1.0,Down,1778961300,2.269230126235324,-40,matched,4,1.9210563162683307,1.1039805220676397,0.817075794200691,0.817075794200691,0.9999889023018196,0.174886290662901,0.8251026116389186,0.8251026116389186,1878673.818933647,2658.6071340422586,1876015.2117996046,1876015.2117996046,7723.432306414819,7511.582829756568,211.84947665825166,211.84947665825166
0xb305d384400e3d7a15780216a55368ea677eca4e,0x716382ef65cc473972c5c38bea0ed4e6439f17aec0d9a374ddcb412391a3abb2,1780619388,BUY,Down,Down,-1,False,100.0,0.06,6.0,6.0,-6.0,6.0,Up,1780619400,9.232677945943744,-12,matched,4,0.005324452446667682,1.1079037626111536,-1.102579310164486,-6.615475860986916,-0.9946755475538468,0.10790376261098648,-1.1025793101648333,-6.615475860989,-2584.192622475326,-835.7048698820145,-1748.4877525933116,-10490.92651555987,904.9939479427412,909.4954371233471,-4.501489180605859,-27.00893508363515
0xb305d384400e3d7a15780216a55368ea677eca4e,0x716382ef65cc473972c5c38bea0ed4e6439f17aec0d9a374ddcb412391a3abb2,1780619371,BUY,Up,Up,1,True,100.0,0.648944,64.89439999999999,64.89439999999999,35.1056,35.1056,Up,1780619400,9.232677945943744,-29,matched,4,0.4846559946007034,-0.018539698267904456,0.5031956928686079,17.6649867155682,0.9870641101321732,0.49754534881465085,0.48951876131752237,17.184849827308415,3493.2029165178537,24832.99327666296,-21339.790360145107,-749146.1444671102,584.4245540108532,552.4764201290745,31.94813388177863,1121.558408800168
0xb305d384400e3d7a15780216a55368ea677eca4e,0x716382ef65cc473972c5c38bea0ed4e6439f17aec0d9a374ddcb412391a3abb2,1780619275,BUY,Up,Up,1,True,99.99,0.34,33.9966,33.9966,65.9934,65.9934,Up,1780619400,9.232677945943744,-125,matched,4,0.8928187145733613,0.11245537488029043,0.7803633396930708,51.4988300217007,0.8805519871500469,0.09176846309730505,0.7887835240527419,52.05450661622221,6939.737540603615,-37441.53610535519,44381.273645958805,2928871.1442272174,39625.5695846593,43621.92040175374,-3996.3508170944406,-263732.77801284025
0xb305d384400e3d7a15780216a55368ea677eca4e,0x72a6c268538884c30a62ba28fc921abca461803fdc93877423692fa076171cc9,1778117096,BUY,Down,Down,-1,False,100.0,0.01,1.0,1.0,-1.0,1.0,Up,1778117100,8.31942063996901,-4,offset_out_of_range,,,,,,,,,,,,,,,,,
0xb305d384400e3d7a15780216a55368ea677eca4e,0x72a6c268538884c30a62ba28fc921abca461803fdc93877423692fa076171cc9,1778117093,BUY,Down,Down,-1,False,100.0,0.01,1.0,1.0,-1.0,1.0,Up,1778117100,8.31942063996901,-7,offset_out_of_range,,,,,,,,,,,,,,,,,
0xb305d384400e3d7a15780216a55368ea677eca4e,0x72a6c268538884c30a62ba28fc921abca461803fdc93877423692fa076171cc9,1778117024,BUY,Down,Down,-1,False,100.0,0.14,14.000000000000002,14.000000000000002,-14.000000000000002,14.000000000000002,Up,1778117100,8.31942063996901,-76,matched,4,1.029923640956026,0.836715341952831,0.19320829900319492,2.7049161860447293,0.35318775556977616,0.16436710678262365,0.18882064878715252,2.6434890830201354,4768.293978708214,-6903.9633411722225,11672.257319880437,163411.60247832612,12855.421151682269,12274.923662623856,580.4974890584126,8126.9648468177775
0xb305d384400e3d7a15780216a55368ea677eca4e,0x72a6c268538884c30a62ba28fc921abca461803fdc93877423692fa076171cc9,1778117010,BUY,Down,Down,-1,False,100.0,0.35,35.0,35.0,-35.0,35.0,Up,1778117100,8.31942063996901,-90,matched,4,0.9223983863403498,0.4518422994414132,0.4705560868989366,16.46946304146278,0.2606563896927723,-0.19622713291696542,0.4568835226097377,15.990923291340819,3777.3488030711887,290.7844391234212,3486.5643639477676,122029.75273817187,12285.581702130381,10987.853213587063,1297.7284885433182,45420.49709901614
0xb305d384400e3d7a15780216a55368ea677eca4e,0x72a6c268538884c30a62ba28fc921abca461803fdc93877423692fa076171cc9,1778116970,BUY,Down,Down,-1,False,100.0,0.7845,78.45,78.45,-78.45,78.45,Up,1778117100,8.31942063996901,-130,matched,4,0.8001169594356088,-0.14069946961165294,0.9408164290472617,73.80704885875768,0.3254525964994694,-0.6109085698587373,0.9363611663582068,73.45753350080132,5458.812330294284,-230985.025448077,236443.8377783713,18549019.073713228,15731.894688591827,15402.945547845127,328.9491407466994,25806.06009157857
0xb305d384400e3d7a15780216a55368ea677eca4e,0x72a6c268538884c30a62ba28fc921abca461803fdc93877423692fa076171cc9,1778116951,BUY,Up,Up,1,True,100.0,0.29,28.999999999999996,28.999999999999996,71.0,71.0,Up,1778117100,8.31942063996901,-149,matched,4,0.445251993061734,0.492003729234192,-0.04675173617245798,-3.3193732682445165,0.1491655667306825,0.15868253596318221,-0.009516969232499728,-0.6757048155074807,3931.4308363886084,-30951.71226673399,34883.143103122595,2476703.160321704,6227.671358788852,6182.548446519468,45.12291226938396,3203.726771126261
0xf6beafa72d6416525c4cf039c9c122883dbef6a3,0x7464f2e4e445244b685592db70b60b628723d9d41305f22c9b23a2960fa83eea,1778734697,BUY,Up,Up,1,True,2.291665,0.47999991272720927,1.099999,1.099999,1.1916660000000001,1.1916660000000001,Up,1778734800,0.3198817070125196,-103,matched,4,1.6499423406385727,1.4978783886164082,0.1520639520221645,0.18120944145044468,0.9977863709965586,0.8431448412188591,0.15464152977769952,0.1842810532240721,1031341.3586449528,5048.59015880074,1026292.768486152,1222998.198250819,3435.520197836857,3403.9009717913505,31.619226045506366,37.67955662474439
0xf6beafa72d6416525c4cf039c9c122883dbef6a3,0x7464f2e4e445244b685592db70b60b628723d9d41305f22c9b23a2960fa83eea,1778734691,BUY,Up,Up,1,True,86.129794,0.48275976371196244,41.579999,41.579999,44.549794999999996,44.549794999999996,Up,1778734800,0.3198817070125196,-109,matched,4,1.6150436307329221,1.3731511869606323,0.2418924437722898,10.776258782104536,0.9977864237445488,0.7646312036975932,0.23315522004695566,10.387017256271765,1031365.9893190007,154235.87000631724,877130.1193126835,39075967.00370558,3509.655223148875,3694.5287413050755,-184.8735181562006,-8236.077334787513
0xf6beafa72d6416525c4cf039c9c122883dbef6a3,0x7464f2e4e445244b685592db70b60b628723d9d41305f22c9b23a2960fa83eea,1778734691,BUY,Up,Up,1,True,15.48936,0.4699999870879107,7.279999,7.279999,8.209361,8.209361,Up,1778734800,0.3198817070125196,-109,matched,4,1.6150436307329221,1.3731511869606323,0.2418924437722898,1.9857823940989285,0.9977864237445488,0.7646312036975932,0.23315522004695566,1.914055370399896,1031365.9893190007,154235.87000631724,877130.1193126835,7200677.79341089,3509.655223148875,3694.5287413050755,-184.8735181562006,-1517.693449884305
0xf6beafa72d6416525c4cf039c9c122883dbef6a3,0x7464f2e4e445244b685592db70b60b628723d9d41305f22c9b23a2960fa83eea,1778734635,BUY,Up,Up,1,True,18.630433,0.4599999903383888,8.569999,8.569999,10.060434,10.060434,Up,1778734800,0.3198817070125196,-165,matched,4,1.2677061179772007,0.34195894699880625,0.9257471709783944,9.313418314314854,0.9967776530785342,0.07908936422857399,0.9176882888499602,9.232342462547962,1031215.7879721948,103166.95898216186,928048.828990033,9336573.992831515,3723.0606743640383,3440.095850681675,282.9648236823632,2846.7489329780524
0xb305d384400e3d7a15780216a55368ea677eca4e,0x74cabce150c7b7902f45903aa150119ceeb9d26ee8726f67daf099f87bc29e13,1780789425,BUY,Down,Down,-1,False,100.0,0.08,8.0,8.0,-8.0,8.0,Up,1780789500,4.657912643230243,-75,matched,4,-0.362431153645676,-0.9844159727250916,0.6219848190794156,4.975878552635325,0.561242907775165,-0.05417849482560738,0.6154214026007723,4.923371220806178,9746.981512475933,-7009.163813911466,16756.1453263874,134049.1626110992,49615.86964401137,50218.14519034655,-602.2755463351787,-4818.204370681429
0xf6beafa72d6416525c4cf039c9c122883dbef6a3,0x74cabce150c7b7902f45903aa150119ceeb9d26ee8726f67daf099f87bc29e13,1780789411,BUY,Down,Down,-1,False,156.24,0.12,18.7488,18.7488,-18.7488,18.7488,Up,1780789500,4.657912643230243,-89,matched,4,-0.3378429187061307,-0.9491681879678974,0.6113252692617667,11.46161520833501,0.5479744668106686,-0.056309230525841164,0.6042836973365098,11.329594184622755,9598.12241558201,6190.629914166086,3407.4925014159235,63886.395410546866,51002.84233128326,49998.11153622746,1004.7307950558024,18837.496730342227
0xf6beafa72d6416525c4cf039c9c122883dbef6a3,0x74efe29e0b378b1ca84b29c901e3aa9e550dd3c517cad0029cbd7fb458393fdf,1778903941,BUY,Down,Down,-1,True,74.41,0.5426434619002822,40.378099999999996,40.378099999999996,34.0319,34.0319,Down,1778904000,0.5563838831421705,-59,matched,4,-0.17476360004722036,-0.24841144322847075,0.0736478431812504,2.5063760343599952,0.8188973441055267,0.7404358658853454,0.07846147822018135,2.6701931806413897,356814.24603752734,28627.65223950878,328186.5937980185,11168813.341474786,82184.81878394994,82638.75925933121,-453.9404753812705,-15448.45686412786
0xf6beafa72d6416525c4cf039c9c122883dbef6a3,0x74efe29e0b378b1ca84b29c901e3aa9e550dd3c517cad0029cbd7fb458393fdf,1778903941,BUY,Down,Down,-1,True,3.88,0.5,1.94,1.94,1.94,1.94,Down,1778904000,0.5563838831421705,-59,matched,4,-0.17476360004722036,-0.24841144322847075,0.0736478431812504,0.14287681577162575,0.8188973441055267,0.7404358658853454,0.07846147822018135,0.1522152677471518,356814.24603752734,28627.65223950878,328186.5937980185,636681.991968156,82184.81878394994,82638.75925933121,-453.9404753812705,-880.6445222396648
0xf6beafa72d6416525c4cf039c9c122883dbef6a3,0x74efe29e0b378b1ca84b29c901e3aa9e550dd3c517cad0029cbd7fb458393fdf,1778903934,BUY,Down,Down,-1,True,6.594593,0.36999993782785384,2.4399990000000003,2.4399990000000003,4.154594,4.154594,Down,1778904000,0.5563838831421705,-66,matched,4,-0.17524534874628095,-1.4154932395064457,1.2402478907601648,5.152726445464837,0.8186931486797506,-0.4223249019981162,1.2410180506778667,5.155926147237961,356765.32458971435,-17000.016765679546,373765.3413553939,1552843.2446030714,82186.78823222395,81386.28442592316,800.5038063007814,3325.768310634389
0xf6beafa72d6416525c4cf039c9c122883dbef6a3,0x74efe29e0b378b1ca84b29c901e3aa9e550dd3c517cad0029cbd7fb458393fdf,1778903923,BUY,Down,Down,-1,True,4.833332,0.3599998924137634,1.739999,1.739999,3.0933330000000003,3.0933330000000003,Down,1778904000,0.5563838831421705,-77,matched,4,-0.08174406493232811,-1.2019365813758696,1.1201925164435416,3.46512847746785,0.818294024128777,-0.29813239640617784,1.116426420534955,3.4534786887126545,356669.6700001524,-37963.12346632631,394632.7934664787,1220730.642912043,86356.37438236375,89396.17172252448,-3039.7973401607305,-9403.105425631415
0xf6beafa72d6416525c4cf039c9c122883dbef6a3,0x74efe29e0b378b1ca84b29c901e3aa9e550dd3c517cad0029cbd7fb458393fdf,1778903913,BUY,Down,Down,-1,True,12.694443,0.3599999621881795,4.569998999999999,4.569998999999999,8.124443999999999,8.124443999999999,Down,1778904000,0.5563838831421705,-87,matched,4,-0.08174406493232811,-0.7514639606551796,0.6697198957228515,5.4411017884861455,0.818294024128777,0.1522170263140683,0.6660769978147087,5.411505268433722,356669.6700001524,251656.76252052333,105012.90747962904,853171.4860954271,86356.37438236375,85340.85115274022,1015.5232296235336,8250.561609775537
0xf6beafa72d6416525c4cf039c9c122883dbef6a3,0x74efe29e0b378b1ca84b29c901e3aa9e550dd3c517cad0029cbd7fb458393fdf,1778903911,BUY,Down,Down,-1,True,12.694443,0.3599999621881795,4.569998999999999,4.569998999999999,8.124443999999999,8.124443999999999,Down,1778904000,0.5563838831421705,-89,matched,4,1.0287276113720103,-0.6758056120214563,1.7045332233934665,13.848384719599705,0.8461912985035379,-0.8508726744758588,1.6970639729793966,13.787701212888619,435726.1855020085,-208332.3876803124,644058.5731823209,5232617.8105396675,7299.85888050776,7112.5396493040025,187.31923120375723,1521.8646040379779
0xb305d384400e3d7a15780216a55368ea677eca4e,0x74efe29e0b378b1ca84b29c901e3aa9e550dd3c517cad0029cbd7fb458393fdf,1778903839,BUY,Down,Down,-1,True,100.0,0.13,13.0,13.0,87.0,87.0,Down,1778904000,0.5563838831421705,-161,matched,4,1.8318113871686137,0.7081365554487734,1.1236748317198404,97.75971035962611,0.8318113871686131,-0.2842413264725634,1.1160527136411766,97.09658608678237,434393.6961775004,-17312.716384918807,451706.4125624192,39298457.89293047,140476.24975851586,140664.88130115325,-188.63154263739125,-16410.94420945304
0xb305d384400e3d7a15780216a55368ea677eca4e,0x74efe29e0b378b1ca84b29c901e3aa9e550dd3c517cad0029cbd7fb458393fdf,1778903832,BUY,Down,Down,-1,True,100.0,0.13,13.0,13.0,87.0,87.0,Down,1778904000,0.5563838831421705,-168,matched,4,1.8318113871686137,0.5234413851153505,1.3083700020532631,113.82819017863389,0.8318113871686131,-0.46574696876182486,1.297558355930438,112.8875769659481,434393.6961775004,-27578.223538055474,461971.9197155559,40191557.015253365,140476.24975851586,137293.84304712928,3182.406711386575,276869.383890632
0xb305d384400e3d7a15780216a55368ea677eca4e,0x74efe29e0b378b1ca84b29c901e3aa9e550dd3c517cad0029cbd7fb458393fdf,1778903811,BUY,Down,Down,-1,True,200.0,0.12,24.0,24.0,176.0,176.0,Down,1778904000,0.5563838831421705,-189,matched,4,1.8237571549249627,0.4467091035261864,1.3770480513987762,242.3604570461846,0.8314872307775858,-0.5413286757781148,1.3728159065557006,241.61559955380332,434301.2669451144,-141704.2279207333,576005.4948658478,101376967.0963892,141182.23028508713,140344.47855608116,837.7517290059768,147444.30430505192
0xf6beafa72d6416525c4cf039c9c122883dbef6a3,0x74efe29e0b378b1ca84b29c901e3aa9e550dd3c517cad0029cbd7fb458393fdf,1778903985,BUY,Down,Down,-1,True,5.980768,0.5199999398070616,3.109999,3.109999,2.870769,2.870769,Down,1778904000,0.5563838831421705,-15,matched,4,1.9994233058709074,1.1762227279940898,0.8232005778768177,2.363218699750854,0.999423305871208,0.17622272799500097,0.823200577876207,2.363218699749101,395093.34045178536,-842.7264990589447,395936.0669508443,1136640.9869844085,193.67797801806591,194.73034362889302,-1.0523656108271098,-3.021098572228531
0xf6beafa72d6416525c4cf039c9c122883dbef6a3,0x75479149e53eead3b7104a0cb4a83a93afbfe0e73ce605aeac5469e0b614704b,1778642174,BUY,Down,Down,-1,True,116.26651,0.4160269281326153,48.369999,48.369999,67.896511,67.896511,Down,1778642400,2.564590925334155,-226,matched,4,1.406512131640286,0.797842669171539,0.608669462468747,41.32653285387337,0.6588533800093145,0.052418117992883595,0.6064352620164308,41.17483843828648,54606.38021136157,-1595.447244322837,56201.827455684404,3815907.996064978,23525.04434177419,22721.718240198228,803.3261015759635,54543.03949223953
0xf6beafa72d6416525c4cf039c9c122883dbef6a3,0x75edbe925b48c23daa5e351c2cc188c49eeec0ae7ee0e807c0930a33b1c5e92b,1778917444,BUY,Down,Down,-1,True,5.305554,0.3599999170680385,1.909999,1.909999,3.3955549999999994,3.3955549999999994,Down,1778917500,0.5775923601273618,-56,matched,4,1.7874697197655705,1.0739066948399731,0.7135630249255973,2.422942497101236,0.9976493510779598,0.277808652610423,0.7198406984675368,2.4442586828849366,492862.9946700665,7613.748722598353,485249.24594746815,1647690.503323155,1231.37548938673,1259.7008245744473,-28.325335187717428,-96.18023352332983
0xb305d384400e3d7a15780216a55368ea677eca4e,0x75edbe925b48c23daa5e351c2cc188c49eeec0ae7ee0e807c0930a33b1c5e92b,1778917419,BUY,Down,Down,-1,True,100.0,0.38,38.0,38.0,62.0,62.0,Down,1778917500,0.5775923601273618,-81,matched,4,0.013389397419064086,-1.1711272290049723,1.1845166264240365,73.44003083829027,0.993332782304857,-0.18353307139344693,1.1768658536983039,72.96568292929484,491871.05903154705,10670.589594621058,481200.469436926,29834429.10508941,275862.5933757443,282966.5957144853,-7104.002338740975,-440448.14500194043
0xb305d384400e3d7a15780216a55368ea677eca4e,0x75edbe925b48c23daa5e351c2cc188c49eeec0ae7ee0e807c0930a33b1c5e92b,1778917376,BUY,Down,Down,-1,True,100.0,0.368885,36.8885,36.8885,63.1115,63.1115,Down,1778917500,0.5775923601273618,-124,matched,4,0.46383701264712596,-1.0955025626263477,1.5593395752734738,98.41225960487183,0.9837162421473046,-0.6052664886417194,1.588982730789024,100.2830836141915,489521.4389509717,-536949.855961907,1026471.2949128787,64782143.12889414,450025.992042711,393776.48598909436,56249.50605361664,3549990.701302827
0xf6beafa72d6416525c4cf039c9c122883dbef6a3,0x75edbe925b48c23daa5e351c2cc188c49eeec0ae7ee0e807c0930a33b1c5e92b,1778917237,BUY,Up,Up,1,False,17.356162,0.7299999850197296,12.669998000000001,12.669998000000001,-12.669998000000001,12.669998000000001,Down,1778917500,0.5775923601273618,-263,matched,4,-1.2967755170389919,-0.7781784851786205,-0.5185970318603713,-6.570623356476841,-0.7639602746751868,-0.24012182326576584,-0.523838451409421,-6.637032131680462,-725543.0998046338,-63074.51006066786,-662468.5897439659,-8393475.707118869,163300.15621481556,161549.92885019482,1750.2273646207468,22175.377209290134
0xf6beafa72d6416525c4cf039c9c122883dbef6a3,0x75edbe925b48c23daa5e351c2cc188c49eeec0ae7ee0e807c0930a33b1c5e92b,1778917236,BUY,Up,Up,1,False,7.304345,0.6899999931547592,5.039998,5.039998,-5.039998,5.039998,Down,1778917500,0.5775923601273618,-264,matched,4,-1.2897109146117156,-0.7781606877119152,-0.5115502268998005,-2.5782121204745403,-0.7637745522453844,-0.24012045147300531,-0.5236541007723791,-2.6392156205845887,-725443.0966443899,-63074.16520287235,-662368.9314415175,-3338338.0897273854,163905.237711302,161555.01139174856,2350.226319553447,11845.135950096734
0xf6beafa72d6416525c4cf039c9c122883dbef6a3,0x75edbe925b48c23daa5e351c2cc188c49eeec0ae7ee0e807c0930a33b1c5e92b,1778917234,BUY,Up,Up,1,False,3.970587,0.6799999597036912,2.699999,2.699999,-2.699999,2.699999,Down,1778917500,0.5775923601273618,-266,matched,4,-1.26396271817557,-0.012865971821581432,-1.2510967463539886,-3.377959964059023,-0.7539427041398873,0.5064468808319946,-1.260389584971882,-3.4030506190344965,-720118.8529377896,107410.97651920827,-827529.8294569979,-2234329.712004065,158580.9940047022,154967.1114064557,3613.882598246506,9757.479401382969
0xf6beafa72d6416525c4cf039c9c122883dbef6a3,0x75edbe925b48c23daa5e351c2cc188c49eeec0ae7ee0e807c0930a33b1c5e92b,1778917234,BUY,Up,Up,1,False,1.956519,0.689999943777699,1.3499979999999998,1.3499979999999998,-1.3499979999999998,1.3499979999999998,Down,1778917500,0.5775923601273618,-266,matched,4,-1.26396271817557,-0.012865971821581432,-1.2510967463539886,-1.6889781053843917,-0.7539427041398873,0.5064468808319946,-1.260389584971882,-1.7015234189328705,-720118.8529377896,107410.97651920827,-827529.8294569979,-1117163.614707288,158580.9940047022,154967.1114064557,3613.882598246506,4878.734279867585
0xf6beafa72d6416525c4cf039c9c122883dbef6a3,0x75edbe925b48c23daa5e351c2cc188c49eeec0ae7ee0e807c0930a33b1c5e92b,1778917232,BUY,Up,Up,1,False,1.897056,0.6799999578293946,1.289998,1.289998,-1.289998,1.289998,Down,1778917500,0.5775923601273618,-268,matched,4,-1.263025883484576,-0.043430066604931414,-1.2195958168796446,-1.5732761645831077,-0.7539427041398873,0.4650333858257514,-1.2189760899656386,-1.5724767181034938,-720118.8529377896,89484.33522555871,-809603.1881633484,-1044386.493524343,158679.4406500226,153094.63380305705,5584.806846965541,7204.389662971854
0xf6beafa72d6416525c4cf039c9c122883dbef6a3,0x75edbe925b48c23daa5e351c2cc188c49eeec0ae7ee0e807c0930a33b1c5e92b,1778917232,BUY,Up,Up,1,False,2.142856,0.6299998693332637,1.3499990000000002,1.3499990000000002,-1.3499990000000002,1.3499990000000002,Down,1778917500,0.5775923601273618,-268,matched,4,-1.263025883484576,-0.043430066604931414,-1.2195958168796446,-1.6464531331917036,-0.7539427041398873,0.4650333858257514,-1.2189760899656386,-1.6456165024775222,-720118.8529377896,89484.33522555871,-809603.1881633484,-1092963.4944173323,158679.4406500226,153094.63380305705,5584.806846965541,7539.483658596634
0xf6beafa72d6416525c4cf039c9c122883dbef6a3,0x75edbe925b48c23daa5e351c2cc188c49eeec0ae7ee0e807c0930a33b1c5e92b,1778917229,BUY,Up,Up,1,False,3.238094,0.6299999320587976,2.039999,2.039999,-2.039999,2.039999,Down,1778917500,0.5775923601273618,-271,matched,4,-1.2606907210658014,-0.04416531800821037,-1.216525403057591,-2.4817106057120824,-0.7530792938028392,0.46494662611694026,-1.2180259199197794,-2.48477165861043,-719648.4375475398,89475.96696626372,-809124.4045138035,-1650612.9760837546,158210.2919220375,153401.93722808457,4808.354693952919,9809.03876730926
0xf6beafa72d6416525c4cf039c9c122883dbef6a3,0x75edbe925b48c23daa5e351c2cc188c49eeec0ae7ee0e807c0930a33b1c5e92b,1778917227,BUY,Up,Up,1,False,4.365078,0.6299999679272626,2.7499989999999994,2.7499989999999994,-2.7499989999999994,2.7499989999999994,Down,1778917500,0.5775923601273618,-273,matched,4,-1.260673549918883,0.013050685930183145,-1.2737242358490661,-3.502740374860695,-0.7530792938028392,0.49954954212829095,-1.2526288359311302,-3.4447280461817713,-719648.4375475398,39608.547744653166,-759256.985292193,-2087955.9502965452,158228.75305036642,154192.16512590178,4036.587924464635,11100.61275568982
0xf6beafa72d6416525c4cf039c9c122883dbef6a3,0x75edbe925b48c23daa5e351c2cc188c49eeec0ae7ee0e807c0930a33b1c5e92b,1778917225,BUY,Up,Up,1,False,3.873013,0.6299999509425865,2.4399979999999997,2.4399979999999997,-2.4399979999999997,2.4399979999999997,Down,1778917500,0.5775923601273618,-275,matched,4,-1.2616312594582348,-0.3990267838107527,-0.8626044756474822,-2.104753195370905,-0.7530792938028392,0.09370379453430755,-0.8467830883371468,-2.066149041976461,-719648.4375475398,-5061.1558961360715,-714587.2816514038,-1743591.5380548616,158537.10139160603,154149.97723471234,4387.124156893697,10704.574168572304
0xb305d384400e3d7a15780216a55368ea677eca4e,0x75edbe925b48c23daa5e351c2cc188c49eeec0ae7ee0e807c0930a33b1c5e92b,1778917223,BUY,Up,Up,1,False,100.0,0.65,65.0,65.0,-65.0,65.0,Down,1778917500,0.5775923601273618,-277,matched,4,-1.2608972037359676,-0.05632747855544924,-1.2045697251805183,-78.29703213673369,-0.7530792938028392,0.44538842781337745,-1.1984677216162167,-77.90040190505408,-719648.4375475398,74754.74592246009,-794403.1834699999,-51636206.92555,158614.2825059183,157348.47765913905,1265.8048467792396,82277.31504065057
0xf6beafa72d6416525c4cf039c9c122883dbef6a3,0x75edbe925b48c23daa5e351c2cc188c49eeec0ae7ee0e807c0930a33b1c5e92b,1778917220,BUY,Up,Up,1,False,3.753845,0.6499999334016189,2.4399990000000003,2.4399990000000003,-2.4399990000000003,2.4399990000000003,Down,1778917500,0.5775923601273618,-280,matched,4,-1.2608972037359676,-0.009268367217309004,-1.2516288365186585,-3.0539731094766904,-0.7530792938028392,0.47973648186896195,-1.2328157756718012,-3.0080692598234196,-719648.4375475398,23307.963773958258,-742956.4013214981,-1812812.8762680541,158614.2825059183,158847.81759405584,-233.53508813754888,-569.8253815205312
0xf6beafa72d6416525c4cf039c9c122883dbef6a3,0x75edbe925b48c23daa5e351c2cc188c49eeec0ae7ee0e807c0930a33b1c5e92b,1778917220,BUY,Up,Up,1,False,11.430768,0.6499999825033629,7.4299990000000005,7.4299990000000005,-7.4299990000000005,7.4299990000000005,Down,1778917500,0.5775923601273618,-280,matched,4,-1.2608972037359676,-0.009268367217309004,-1.2516288365186585,-9.299601003704797,-0.7530792938028392,0.47973648186896195,-1.2328157756718012,-9.159819980425707,-719648.4375475398,23307.963773958258,-742956.4013214981,-5520165.31886233,158614.2825059183,158847.81759405584,-233.53508813754888,-1735.1654713269002
0xf6beafa72d6416525c4cf039c9c122883dbef6a3,0x75edbe925b48c23daa5e351c2cc188c49eeec0ae7ee0e807c0930a33b1c5e92b,1778917218,BUY,Up,Up,1,False,5.0,0.63,3.15,3.15,-3.15,3.15,Down,1778917500,0.5775923601273618,-282,matched,4,-1.2595327379521426,-0.009686425636046714,-1.2498463123160959,-3.937015883795702,-0.7525729794153401,0.48013191527160515,-1.2327048946869452,-3.8830204182638774,-719372.3646095474,23575.19357451726,-742947.5581840647,-2340284.8082798035,158338.20956792682,158171.7717419176,166.4378260092344,524.2791519290884
0xf6beafa72d6416525c4cf039c9c122883dbef6a3,0x75edbe925b48c23daa5e351c2cc188c49eeec0ae7ee0e807c0930a33b1c5e92b,1778917218,BUY,Up,Up,1,False,20.28,0.65,13.182,13.182,-13.182,13.182,Down,1778917500,0.5775923601273618,-282,matched,4,-1.2595327379521426,-0.009686425636046714,-1.2498463123160959,-16.475474088950776,-0.7525729794153401,0.48013191527160515,-1.2327048946869452,-16.24951592176331,-719372.3646095474,23575.19357451726,-742947.5581840647,-9793534.711982341,158338.20956792682,158171.7717419176,166.4378260092344,2193.983422453728
0xf6beafa72d6416525c4cf039c9c122883dbef6a3,0x75edbe925b48c23daa5e351c2cc188c49eeec0ae7ee0e807c0930a33b1c5e92b,1778917211,BUY,Up,Up,1,False,4.8,0.55,2.64,2.64,-2.64,2.64,Down,1778917500,0.5775923601273618,-289,matched,4,-1.2595188464803204,-0.44312905960602306,-0.8163897868742973,-2.155269037348145,-0.7525729794153401,0.06239745345133063,-0.8149704328666707,-2.1515219427680106,-719372.3646095474,-22286.438602124443,-697085.926007423,-1840306.8446595967,158339.6691762805,160831.50775326276,-2491.8385769822635,-6578.453843233176
0xf6beafa72d6416525c4cf039c9c122883dbef6a3,0x75edbe925b48c23daa5e351c2cc188c49eeec0ae7ee0e807c0930a33b1c5e92b,1778917211,BUY,Up,Up,1,False,3.104165,0.4799999355704352,1.489999,1.489999,-1.489999,1.489999,Down,1778917500,0.5775923601273618,-289,matched,4,-1.2595188464803204,-0.44312905960602306,-0.8163897868742973,-1.2164199660529162,-0.7525729794153401,0.06239745345133063,-0.8149704328666707,-1.2143051300009065,-719372.3646095474,-22286.438602124443,-697085.926007423,-1038657.3326651342,158339.6691762805,160831.50775326276,-2491.8385769822635,-3712.836987864996
0xf6beafa72d6416525c4cf039c9c122883dbef6a3,0x75edbe925b48c23daa5e351c2cc188c49eeec0ae7ee0e807c0930a33b1c5e92b,1778917209,BUY,Up,Up,1,False,5.48,0.5,2.74,2.74,-2.74,2.74,Down,1778917500,0.5775923601273618,-291,matched,4,-1.2595344130793489,-0.6957207600935131,-0.5638136529858357,-1.54484940918119,-0.7525729794153401,-0.1835264043226364,-0.5690465750927036,-1.559187615754008,-719372.3646095474,-84927.63682539892,-634444.7277841485,-1738378.5541285672,158344.6684000902,157036.1155151166,1308.5528849735856,3585.434904827625
0xf6beafa72d6416525c4cf039c9c122883dbef6a3,0x75edbe925b48c23daa5e351c2cc188c49eeec0ae7ee0e807c0930a33b1c5e92b,1778917209,BUY,Up,Up,1,False,11.03846,0.5199999818815306,5.739999000000001,5.739999000000001,-5.739999000000001,5.739999000000001,Down,1778917500,0.5775923601273618,-291,matched,4,-1.2595344130793489,-0.6957207600935131,-0.5638136529858357,-3.2362898043250445,-0.7525729794153401,-0.1835264043226364,-0.5690465750927036,-3.266326771985544,-719372.3646095474,-84927.63682539892,-634444.7277841485,-3641712.1030362854,158344.6684000902,157036.1155151166,1308.5528849735856,7511.092251195498
0xf6beafa72d6416525c4cf039c9c122883dbef6a3,0x75edbe925b48c23daa5e351c2cc188c49eeec0ae7ee0e807c0930a33b1c5e92b,1778917475,BUY,Up,Up,1,False,9.92857,0.5599999798561122,5.5599989999999995,5.5599989999999995,-5.5599989999999995,5.5599989999999995,Down,1778917500,0.5775923601273618,-25,matched,4,-0.09193942170206748,1.0695167843110764,-1.161456206013144,-6.457695343976874,-0.9975703051045752,0.17375689075684772,-1.1713271958614229,-6.512578037662315,-470210.02363528684,89.54227143399112,-470299.5659067208,-2614865.1161418017,169.8449941482395,169.6477729962353,0.19722115200420376,1.0965494079222209
0xf6beafa72d6416525c4cf039c9c122883dbef6a3,0x75edbe925b48c23daa5e351c2cc188c49eeec0ae7ee0e807c0930a33b1c5e92b,1778917463,BUY,Down,Down,-1,True,72.007856,0.26510994855894615,19.089999000000002,19.089999000000002,52.917857000000005,52.917857000000005,Down,1778917500,0.5775923601273618,-37,matched,4,0.08771964341777949,-0.547983622634526,0.6357032660523055,33.64005452738886,0.9975363426582671,0.3512652797384345,0.6462710629198325,34.199279690829705,470202.0095742587,6076.166975362397,464125.8425988963,24560544.968652904,23731.057650526986,23372.326784986493,358.73086554049223,18983.268644157997
0xb305d384400e3d7a15780216a55368ea677eca4e,0x770a49a860614385d76c86f45a1666379dbdd3f71d0e38ea67067b3336a3e0c5,1778390879,BUY,Down,Down,-1,True,20.0,0.57,11.399999999999999,11.399999999999999,8.600000000000001,8.600000000000001,Down,1778391000,5.4180333439297925,-121,matched,4,1.559958591396508,0.44224975991130494,1.117708831485203,9.612295950772747,0.8503427329534509,-0.2915119542121238,1.1418546871655746,9.819950309623943,9942.374637878995,-38029.06112177651,47971.435759655506,412554.3475330374,1315.2694738500286,1469.1644594959798,-153.89498564595124,-1323.496876555181
0xf6beafa72d6416525c4cf039c9c122883dbef6a3,0x775ae993cbdcb70c8df2d835dd038a91ba41cace2ce8f5dee7a5bd6d5d8d0560,1777674678,BUY,Down,Down,-1,True,9.055554,0.5399999823312853,4.889999,4.889999,4.165555,4.165555,Down,1777674900,7.4059759627296415,-222,matched,4,1.7115601940141913,0.5601256863364403,1.151434507677751,4.796363770629594,0.8508018843331975,-0.3044513597577754,1.1552532440909729,4.812270927189373,136182.95498862583,-389027.9378720128,525210.8928606387,2187794.860810098,1627705.3396545327,1655404.5165134976,-27699.17685896484,-115382.4446607453
0xf6beafa72d6416525c4cf039c9c122883dbef6a3,0x775ae993cbdcb70c8df2d835dd038a91ba41cace2ce8f5dee7a5bd6d5d8d0560,1777674676,BUY,Down,Down,-1,True,18.11111,0.539999977914109,9.779999,9.779999,8.331111,8.331111,Down,1777674900,7.4059759627296415,-224,matched,4,1.7127095051543235,0.5604887337338254,1.1522207714204982,9.599279143209797,0.8508018843331975,-0.30415512979095494,1.1549570141241525,9.622075084896883,136182.95498862583,-388971.0836236018,525154.0386122277,4375116.587776754,1641252.357171659,1656777.3959154454,-15525.038743786514,-129340.821053786
0xf6beafa72d6416525c4cf039c9c122883dbef6a3,0x775ae993cbdcb70c8df2d835dd038a91ba41cace2ce8f5dee7a5bd6d5d8d0560,1777674666,BUY,Down,Down,-1,True,8.59649,0.5699999651020359,4.899999,4.899999,3.696490999999999,3.696490999999999,Down,1777674900,7.4059759627296415,-234,matched,4,1.7133920055921776,0.38400328695781183,1.3293887186343658,4.914073433933464,0.8502937968078925,-0.4938404412267684,1.3441342380346608,4.96858011368698,137151.29911012203,-385167.03494149866,522318.3340516207,1930745.020956809,1640343.5557835079,1774832.223314226,-134488.66753071803,-497136.1491292913
0xf6beafa72d6416525c4cf039c9c122883dbef6a3,0x77b158fc7e1115b3f03c97d60bddba7d3353b559200885c52e79ff4e2130e709,1778282938,BUY,Down,Down,-1,False,8.75,0.56,4.9,4.9,-4.9,4.9,Up,1778283000,0.07863575586637947,-62,matched,4,1.0322843560803072,0.274612499292887,0.7576718567874202,3.712592098258359,0.9749573917504007,0.232821437299236,0.7421359544511648,3.6364661768107074,788024.1964119843,46182.24757330647,741841.9488386778,3635025.5493095214,27098.65617260849,27039.55297822086,59.10319438762963,289.6056524993852
0xf6beafa72d6416525c4cf039c9c122883dbef6a3,0x77b158fc7e1115b3f03c97d60bddba7d3353b559200885c52e79ff4e2130e709,1778282896,BUY,Down,Down,-1,False,14.6,0.39315068493150684,5.74,5.74,-5.74,5.74,Up,1778283000,0.07863575586637947,-104,matched,4,1.3893553714026472,-0.08389062613757792,1.473245997540225,8.456432025880892,0.9421488188262077,-0.5464611297407833,1.488609948566991,8.544621104774528,786142.1571365686,-44605.54952639643,830747.706662965,4768491.836245419,17658.038037471008,18096.204453236307,-438.16641576529946,-2515.075226492819
0xf6beafa72d6416525c4cf039c9c122883dbef6a3,0x77b158fc7e1115b3f03c97d60bddba7d3353b559200885c52e79ff4e2130e709,1778282894,BUY,Down,Down,-1,False,26.027026,0.3699999761786076,9.629999,9.629999,-9.629999,9.629999,Up,1778283000,0.07863575586637947,-106,matched,4,1.3893553714026472,0.23541000348390517,1.153945367918742,11.112492739112117,0.9421488188262077,-0.22620645697755523,1.168355275803763,11.251260137634961,786142.1571365686,-9356.337467518098,795498.4946040866,7660649.707538859,17658.038037471008,17419.3158011219,238.72223634910915,2298.894897319685
0xf6beafa72d6416525c4cf039c9c122883dbef6a3,0x77b158fc7e1115b3f03c97d60bddba7d3353b559200885c52e79ff4e2130e709,1778282890,BUY,Down,Down,-1,False,92.858221,0.4459486575776635,41.409999,41.409999,-41.409999,41.409999,Up,1778283000,0.07863575586637947,-110,matched,4,1.3972872672492505,0.43711945974370947,0.960167807505541,39.76054794863664,0.9421488188262077,-0.0240381459797665,0.9661869648059742,40.009801246428424,786142.1571365686,80334.58426466121,705807.5728719074,29227490.88681811,17915.097318243235,18211.117349206877,-296.02003096364206,-12258.189186184387
0xf6beafa72d6416525c4cf039c9c122883dbef6a3,0x77b158fc7e1115b3f03c97d60bddba7d3353b559200885c52e79ff4e2130e709,1778282887,BUY,Down,Down,-1,False,98.345812,0.413032321091619,40.619999,40.619999,-40.619999,40.619999,Up,1778283000,0.07863575586637947,-113,matched,4,1.3972872672492505,0.5051661468565822,0.8921211203926682,36.23795901822906,0.9421488188262077,0.06181338907163561,0.8803354297545721,35.75922427629529,786142.1571365686,-167.95262551127962,786310.1097620799,31939915.872225575,17915.097318243235,19325.881229991137,-1410.7839117479016,-57306.041084415854
0xf6beafa72d6416525c4cf039c9c122883dbef6a3,0x77b158fc7e1115b3f03c97d60bddba7d3353b559200885c52e79ff4e2130e709,1778282876,BUY,Down,Down,-1,False,21.886362,0.43999998720664496,9.629999,9.629999,-9.629999,9.629999,Up,1778283000,0.07863575586637947,-124,matched,4,1.4717818348310026,0.16543424291321113,1.3063475919177914,12.58012600382074,0.941470766260859,-0.35777666318791257,1.2992474294487715,12.51175144634424,786470.7127161887,-1799.3127974213708,788270.0255136101,7591039.557426039,18060.381503032055,17757.383068823867,302.998434208188,2917.874618426416
0xf6beafa72d6416525c4cf039c9c122883dbef6a3,0x77b158fc7e1115b3f03c97d60bddba7d3353b559200885c52e79ff4e2130e709,1778282869,BUY,Down,Down,-1,False,22.045453,0.43999998548453506,9.699999,9.699999,-9.699999,9.699999,Up,1778283000,0.07863575586637947,-131,matched,4,1.4362750127526978,0.23923574075405907,1.1970392719986387,11.611279741347523,0.9414783336554821,-0.2535521323939604,1.1950304660494424,11.591794325649126,786578.7330248107,-199458.23044215018,986036.9634669608,9564557.559592556,18502.58984749904,18745.718910872412,-243.12906337337336,-2358.351671592658
0xb305d384400e3d7a15780216a55368ea677eca4e,0x77b158fc7e1115b3f03c97d60bddba7d3353b559200885c52e79ff4e2130e709,1778282999,BUY,Down,Down,-1,False,48.0,0.57,27.36,27.36,-27.36,27.36,Up,1778283000,0.07863575586637947,-1,offset_out_of_range,,,,,,,,,,,,,,,,,
0xf6beafa72d6416525c4cf039c9c122883dbef6a3,0x77b158fc7e1115b3f03c97d60bddba7d3353b559200885c52e79ff4e2130e709,1778282990,BUY,Down,Down,-1,False,7.31343,0.6699999863265254,4.899998000000001,4.899998000000001,-4.899998000000001,4.899998000000001,Up,1778283000,0.07863575586637947,-10,offset_out_of_range,,,,,,,,,,,,,,,,,
0xb305d384400e3d7a15780216a55368ea677eca4e,0x77b158fc7e1115b3f03c97d60bddba7d3353b559200885c52e79ff4e2130e709,1778282988,BUY,Up,Up,1,True,200.0,0.359113,71.82260000000001,71.82260000000001,128.1774,128.1774,Up,1778283000,0.07863575586637947,-12,matched,4,-0.005969787124556536,1.3676458108874052,-1.3736155980119618,-176.06647595261845,-0.994221644978078,0.3698902482526031,-1.364111893230681,-174.8483157833863,-714984.6419197575,-88669.98026424032,-626314.6616555172,-80279384.9128839,80675.21024167212,79975.36404887482,699.8461927972967,89704.46539265622
0xf6beafa72d6416525c4cf039c9c122883dbef6a3,0x78bc61a10129fd48c7c3dbd13819ab61bf6d1a6437dcd5a1a9a451f0b52090c7,1780819360,BUY,Down,Down,-1,True,81.08,0.36,29.188799999999997,29.188799999999997,51.8912,51.8912,Down,1780819500,5.321937614415144,-140,matched,4,-0.15161686966282117,-1.1917416241097427,1.0401247544469214,53.973321657956085,0.6858689055842753,-0.3446002942308327,1.030469199815108,53.47228334144574,678141.463041119,110111.94672093239,568029.5163201867,29475733.23727407,776326.8683616284,783159.7946608809,-6832.926299252547,-354568.7451797738
0xb305d384400e3d7a15780216a55368ea677eca4e,0x78bc61a10129fd48c7c3dbd13819ab61bf6d1a6437dcd5a1a9a451f0b52090c7,1780819464,BUY,Up,Up,1,False,33.0,0.18212121212121213,6.01,6.01,-6.01,6.01,Down,1780819500,5.321937614415144,-36,matched,4,-0.932011691272407,0.26805541922460696,-1.200067110497014,-7.212403334087054,-0.9487854576484972,0.18569546140390478,-1.134480919052402,-6.8182303235049355,-196876.0915549246,76391.21337831752,-273267.30493324215,-1642336.5026487852,128480.48370174086,130769.53839765745,-2289.054695916595,-13757.218722458734
0xb305d384400e3d7a15780216a55368ea677eca4e,0x78bc61a10129fd48c7c3dbd13819ab61bf6d1a6437dcd5a1a9a451f0b52090c7,1780819452,BUY,Up,Up,1,False,200.0,0.21,42.0,42.0,-42.0,42.0,Down,1780819500,5.321937614415144,-48,matched,4,-1.9478458968131802,-0.8971158061441187,-1.0507300906690615,-44.130663808100586,-0.9609311749121148,0.09425813440663962,-1.0551893093187543,-44.31795099138768,-261974.95208968373,28660.841378053825,-290635.79346773756,-12206703.325644977,69454.03787463764,68713.47392521688,740.5639494207571,31103.6858756718
0xf6beafa72d6416525c4cf039c9c122883dbef6a3,0x78c659d6e5c0c3932215e197b93e6c6540a7e047c0d2896bf7ad30c80b2ca9ab,1780908552,BUY,Up,Up,1,False,77.516128,0.309999991227632,24.029998999999997,24.029998999999997,-24.029998999999997,24.029998999999997,Down,1780908600,9.620818452566121,-48,matched,4,0.40139489312608945,0.43785074432083215,-0.036455851194742706,-0.8760340677538159,0.9184258315413651,0.9446128494340713,-0.026187017892706166,-0.6292740137747111,9556.48758451268,87877.590057497,-78321.10247298432,-1882056.0141047104,1304.7626579254866,1362.4824896760256,-57.719831750539015,-1387.0074992456207
0xf6beafa72d6416525c4cf039c9c122883dbef6a3,0x78c659d6e5c0c3932215e197b93e6c6540a7e047c0d2896bf7ad30c80b2ca9ab,1780908543,BUY,Up,Up,1,False,90.073332,0.26589444920278954,23.949998999999995,23.949998999999995,-23.949998999999995,23.949998999999995,Down,1780908600,9.620818452566121,-57,matched,4,0.33766699868961025,-0.9145617025156274,1.2522287012052375,29.990876141636733,0.9184583606228202,-0.36090558828124136,1.2793639489040616,30.64076529688832,9560.638525614515,-31708.14418669693,41268.78271231144,988387.304691076,1842.6829873807728,1817.9161975904717,24.766789790301118,593.1645907109219
0xb305d384400e3d7a15780216a55368ea677eca4e,0x79a69f2cb3134e783c348b3a7f74e2a08f6c91a7bafd59af85027d6232e4e72d,1779247177,BUY,Up,Up,1,True,100.0,0.523284,52.328399999999995,52.328399999999995,47.671600000000005,47.671600000000005,Up,1779247200,1.4429203225144427,-23,matched,4,-0.0032732961286214834,0.09497756779494126,-0.09825086392356275,-4.683775884618514,-0.9996584748912638,-0.9020514637263841,-0.09760701116487969,-4.653082393447679,-1761997.2426746548,-232509.096020325,-1529488.1466543297,-72913147.13204655,384281.5320995918,389556.5745600315,-5275.042460439727,-251469.7141570985
0xf6beafa72d6416525c4cf039c9c122883dbef6a3,0x79a69f2cb3134e783c348b3a7f74e2a08f6c91a7bafd59af85027d6232e4e72d,1779247160,BUY,Down,Down,-1,False,75.7734,0.49450070869196844,37.47,37.47,-37.47,37.47,Up,1779247200,1.4429203225144427,-40,matched,4,1.981540718663068,0.3705461841956851,1.610994534467383,60.36396520649284,0.9990908282758002,-0.6157796034375118,1.614870431713312,60.5091950762978,2144909.2734751296,-41798.17433099108,2186707.447806121,81935928.06929535,1077.8222049539909,1071.6584564285877,6.163748525403207,230.95565724685815
0xf6beafa72d6416525c4cf039c9c122883dbef6a3,0x79a69f2cb3134e783c348b3a7f74e2a08f6c91a7bafd59af85027d6232e4e72d,1779247158,BUY,Down,Down,-1,False,9.23214,0.5599999566731008,5.1699980000000005,5.1699980000000005,-5.1699980000000005,5.1699980000000005,Up,1779247200,1.4429203225144427,-42,matched,4,1.981540718663068,0.002181583750474142,1.9793591349125939,10.23328276877984,0.9990908282758002,-0.9878554381646504,1.9869462664404507,10.272508223604598,2144909.2734751296,-22963.52533264526,2167872.7988077747,11207898.034090599,1077.8222049539909,1062.7915847175755,15.030620236415416,77.70827656102723
0xf6beafa72d6416525c4cf039c9c122883dbef6a3,0x79a69f2cb3134e783c348b3a7f74e2a08f6c91a7bafd59af85027d6232e4e72d,1779247158,BUY,Down,Down,-1,False,4.703702,0.5399999829921198,2.539999,2.539999,-2.539999,2.539999,Up,1779247200,1.4429203225144427,-42,matched,4,1.981540718663068,0.002181583750474142,1.9793591349125939,5.027570223318853,0.9990908282758002,-0.9878554381646504,1.9869462664404507,5.046841529812478,2144909.2734751296,-22963.52533264526,2167872.7988077747,5506394.741098949,1077.8222049539909,1062.7915847175755,15.030620236415416,38.17776036987492
0xf6beafa72d6416525c4cf039c9c122883dbef6a3,0x79a69f2cb3134e783c348b3a7f74e2a08f6c91a7bafd59af85027d6232e4e72d,1779247156,BUY,Down,Down,-1,False,6.01,0.66,3.9666,3.9666,-3.9666,3.9666,Up,1779247200,1.4429203225144427,-44,matched,4,1.981540718663068,0.3655405853154142,1.616000133347654,6.410026128936805,0.9990908282758002,-0.6226281206612716,1.6217189489370718,6.432710382853789,2144909.2734751296,-7044.068374075781,2151953.3418492055,8535938.125779059,1077.8222049539909,1078.2405188754492,-0.4183139214583207,-1.659284000856575
0xb305d384400e3d7a15780216a55368ea677eca4e,0x7a3079600f84b6655021dc9085583cadd83da8a260cba1e27f13019444016ab8,1779911929,BUY,Down,Down,-1,False,200.0,0.48,96.0,96.0,-96.0,96.0,Up,1779912000,1.0264740126560437,-71,matched,4,0.249182715593238,0.3527397299812446,-0.10355701438800657,-9.941473381248631,-0.711521956915173,-0.6141528648176963,-0.09736909209747668,-9.347432841357762,-5096.960388251813,-91606.54554877125,86509.58516051943,8304920.175409866,21322.23075058963,21231.17560736822,91.05514322141244,8741.293749255594
0xb305d384400e3d7a15780216a55368ea677eca4e,0x7a3079600f84b6655021dc9085583cadd83da8a260cba1e27f13019444016ab8,1779911886,BUY,Down,Down,-1,False,100.0,0.46,46.0,46.0,-46.0,46.0,Up,1779912000,1.0264740126560437,-114,matched,4,0.13158408177526126,0.775978009576489,-0.6443939278012277,-29.642120678856475,-0.7305557126504472,-0.08898528889291847,-0.6415704237575287,-29.51223949284632,-5608.974517083785,5108.9580889893805,-10717.932606073166,-493024.89987936564,32812.486510235816,32833.91459120897,-21.428080973157194,-985.6917247652309
0xb305d384400e3d7a15780216a55368ea677eca4e,0x7a3079600f84b6655021dc9085583cadd83da8a260cba1e27f13019444016ab8,1779911865,BUY,Down,Down,-1,False,69.71,0.39,27.186899999999998,27.186899999999998,-27.186899999999998,27.186899999999998,Up,1779912000,1.0264740126560437,-135,matched,4,-0.17253100198972016,0.34355772674614005,-0.5160887287358602,-14.030852659268957,-0.8960540357795833,-0.37353249452947584,-0.5225215412501074,-14.205740889812544,-25036.743291845778,-29459.718476577873,4422.975184732095,120246.98404979298,13501.404462061822,13524.365234264711,-22.96077220288862,-624.2322178027126
0xb305d384400e3d7a15780216a55368ea677eca4e,0x7a3079600f84b6655021dc9085583cadd83da8a260cba1e27f13019444016ab8,1779911835,BUY,Down,Down,-1,False,100.0,0.48,48.0,48.0,-48.0,48.0,Up,1779912000,1.0264740126560437,-165,matched,4,-0.09126498038362807,0.5210018912964453,-0.6122668716800733,-29.388809840643518,-0.9051605865102003,-0.2868428686909746,-0.6183177178192256,-29.67925045532283,-28271.81771250174,-9989.557077501348,-18282.26063500039,-877548.5104800188,20729.939518376254,21249.603961719342,-519.6644433430884,-24943.89328046824
0xb305d384400e3d7a15780216a55368ea677eca4e,0x7a3079600f84b6655021dc9085583cadd83da8a260cba1e27f13019444016ab8,1779911821,BUY,Down,Down,-1,False,100.0,0.48,48.0,48.0,-48.0,48.0,Up,1779912000,1.0264740126560437,-179,matched,4,-0.09565672814488535,0.44796911571080017,-0.5436258438556856,-26.094040505072908,-0.9065431247928001,-0.3639368290424744,-0.5426062957503257,-26.045102196015634,-28733.873066141736,-32486.315782401995,3752.4427162602587,180117.25038049242,20400.081013299525,20930.859229412832,-530.7782161133073,-25477.35437343875
0xb305d384400e3d7a15780216a55368ea677eca4e,0x7a3079600f84b6655021dc9085583cadd83da8a260cba1e27f13019444016ab8,1779911984,BUY,Down,Down,-1,False,99.99,0.68,67.9932,67.9932,-67.9932,67.9932,Up,1779912000,1.0264740126560437,-16,matched,4,0.11825526932251373,0.010373004023558091,0.10788226529895564,7.335260440924951,-0.8817447306778038,-0.989626995976407,0.10788226529860323,7.335260440900989,-2702.025912280893,-2545.5064389130066,-156.51947336788635,-10642.25985659737,2383.071144575253,2380.134344102582,2.936800472671166,199.68246189842515
0xf6beafa72d6416525c4cf039c9c122883dbef6a3,0x7aa197de2b9dcd775cf5576e38f3e08c139eaacd6e8eb68394363c0b8eda0076,1778042306,BUY,Down,Down,-1,True,20.966594,0.463594563809458,9.719999,9.719999,11.246595,11.246595,Down,1778042400,2.1085505005973677,-94,matched,4,1.753932465853108,0.9795629867068236,0.7743694791462843,8.709019912319205,0.8737435427713873,0.0998947097524163,0.773848833018971,8.703164416186993,268151.1937487712,-15157.100205833516,283308.2939546047,3186253.6422483874,12045.073184252717,12104.623876061407,-59.55069180869032,-669.7425127421574
0xf6beafa72d6416525c4cf039c9c122883dbef6a3,0x7aa197de2b9dcd775cf5576e38f3e08c139eaacd6e8eb68394363c0b8eda0076,1778042306,BUY,Down,Down,-1,True,43.709332,0.44498504346852064,19.449999000000002,19.449999000000002,24.259333,24.259333,Down,1778042400,2.1085505005973677,-94,matched,4,1.753932465853108,0.9795629867068236,0.7743694791462843,18.785687059646268,0.8737435427713873,0.0998947097524163,0.773848833018971,18.773056531868615,268151.1937487712,-15157.100205833516,283308.2939546047,6872870.244706643,12045.073184252717,12104.623876061407,-59.55069180869032,-1444.6600629673908
0xb305d384400e3d7a15780216a55368ea677eca4e,0x7aa197de2b9dcd775cf5576e38f3e08c139eaacd6e8eb68394363c0b8eda0076,1778042282,BUY,Down,Down,-1,True,200.0,0.4654,93.08,93.08,106.91999999999999,106.91999999999999,Down,1778042400,2.1085505005973677,-118,matched,4,0.22651035257594399,-0.5382899055169821,0.7648002580929261,81.77244359529564,0.8736839792188807,0.10424240329149562,0.7694415759273852,82.26869329815601,268141.4375642813,15737.441096237777,252403.9964680435,26987035.30236321,64338.7992034778,62914.096933239605,1424.7022702381946,152329.16673386775
0xb305d384400e3d7a15780216a55368ea677eca4e,0x7aa197de2b9dcd775cf5576e38f3e08c139eaacd6e8eb68394363c0b8eda0076,1778042362,BUY,Down,Down,-1,True,72.0,0.2916666666666667,21.0,21.0,50.99999999999999,50.99999999999999,Down,1778042400,2.1085505005973677,-38,matched,4,1.4370718968343708,-0.05601715616842849,1.4930890530027991,76.14754170314275,0.9998368152908309,-0.5480508425309346,1.5478876578217655,78.94227054891003,287428.3122826121,-449.6379198125135,287877.9502024246,14681775.460323652,9.583620597142726,13.155010093498277,-3.5713894963555504,-182.14086431413304
0xf6beafa72d6416525c4cf039c9c122883dbef6a3,0x7bb3f62769c7786b90de82aa1fba172608db7552bd78199cbde043e12e56c09a,1778585271,BUY,Down,Down,-1,False,29.625,0.16,4.74,4.74,-4.74,4.74,Up,1778585400,5.919561538507078,-129,matched,4,-0.7943132091598967,-0.37220890471856255,-0.4221043044413341,-2.0007744030519237,-0.6082856711380046,-0.18764427275047613,-0.42064139838752845,-1.993840228356885,-2684.4896342286374,383.36643943380113,-3067.8560736624386,-14541.637789159959,5456.997702874243,5790.931974248771,-333.9342713745282,-1582.8484463152636
0xb305d384400e3d7a15780216a55368ea677eca4e,0x7d4b4cbc18220c5f80bf8febdd4175edd5bac5524755170a1763a1e53818a6be,1778560297,BUY,Up,Up,1,True,200.0,0.5801485,116.02969999999999,116.02969999999999,83.97030000000001,83.97030000000001,Up,1778560500,0.7856349342274795,-203,matched,4,-0.7186349355657213,-0.2211606715212314,-0.4974742640444899,-41.77306319409504,0.27351729858235446,0.7661615686427858,-0.4926442700604314,-41.36748715025544,1684.9086367320124,1006403.2476582142,-1004718.3390214822,-84366500.34313557,141334.14687724313,143020.7037532604,-1686.5568760172755,-141620.68684623344
0xb305d384400e3d7a15780216a55368ea677eca4e,0x7d4b4cbc18220c5f80bf8febdd4175edd5bac5524755170a1763a1e53818a6be,1778560234,BUY,Up,Up,1,True,96.04,0.5,48.02,48.02,48.02,48.02,Up,1778560500,0.7856349342274795,-266,matched,4,-0.05888408457226524,-0.7993570966601394,0.7404730120878742,35.55751404045972,0.9362199788510417,0.1861343802718381,0.7500855985792036,36.019110443773364,68587.68566899904,6413.233189733583,62174.452479265456,2985617.2080543274,189565.10196276908,184242.87874675772,5322.223216011364,255573.15883286568
0xf6beafa72d6416525c4cf039c9c122883dbef6a3,0x7d4b4cbc18220c5f80bf8febdd4175edd5bac5524755170a1763a1e53818a6be,1778560223,BUY,Up,Up,1,True,5.384614,0.5199999479999866,2.799999,2.799999,2.584615,2.584615,Up,1778560500,0.7856349342274795,-277,matched,4,-0.0584115941079042,-0.8330242776307917,0.7746126835228875,2.0020755610235077,0.9363944936219443,0.1436947272573895,0.7926997663645547,2.0488237066423234,68788.69014160703,34609.46657738899,34179.223564218046,88340.13391243143,189391.89056411313,184147.3991455306,5244.491418582533,13554.991187839692
0xf6beafa72d6416525c4cf039c9c122883dbef6a3,0x7d4b4cbc18220c5f80bf8febdd4175edd5bac5524755170a1763a1e53818a6be,1778560223,BUY,Up,Up,1,True,1.942306,0.5199999382177679,1.0099989999999999,1.0099989999999999,0.9323070000000001,0.9323070000000001,Up,1778560500,0.7856349342274795,-277,matched,4,-0.0584115941079042,-0.8330242776307917,0.7746126835228875,0.7221768271371728,0.9363944936219443,0.1436947272573895,0.7926997663645547,0.739039541080039,68788.69014160703,34609.46657738899,34179.223564218046,31865.52938348544,189391.89056411313,184147.3991455306,5244.491418582533,4889.476060984426
0xf6beafa72d6416525c4cf039c9c122883dbef6a3,0x7d4b4cbc18220c5f80bf8febdd4175edd5bac5524755170a1763a1e53818a6be,1778560223,BUY,Up,Up,1,True,3.725489,0.5099998953157558,1.899999,1.899999,1.82549,1.82549,Up,1778560500,0.7856349342274795,-277,matched,4,-0.0584115941079042,-0.8330242776307917,0.7746126835228875,1.414047707644196,0.9363944936219443,0.1436947272573895,0.7926997663645547,1.4470654965008312,68788.69014160703,34609.46657738899,34179.223564218046,62393.8308242444,189391.89056411313,184147.3991455306,5244.491418582533,9573.766639708228
0xf6beafa72d6416525c4cf039c9c122883dbef6a3,0x7d4b4cbc18220c5f80bf8febdd4175edd5bac5524755170a1763a1e53818a6be,1778560223,BUY,Up,Up,1,True,5.607842,0.5099999251048799,2.8599989999999997,2.8599989999999997,2.747843,2.747843,Up,1778560500,0.7856349342274795,-277,matched,4,-0.0584115941079042,-0.8330242776307917,0.7746126835228875,2.128514040129582,0.9363944936219443,0.1436947272573895,0.7926997663645547,2.178214504106477,68788.69014160703,34609.46657738899,34179.223564218046,93919.14021637161,189391.89056411313,184147.3991455306,5244.491418582533,14411.039033112083
0xf6beafa72d6416525c4cf039c9c122883dbef6a3,0x7d4b4cbc18220c5f80bf8febdd4175edd5bac5524755170a1763a1e53818a6be,1778560222,BUY,Up,Up,1,True,5.115383,0.5199999687217947,2.659999,2.659999,2.4553839999999996,2.4553839999999996,Up,1778560500,0.7856349342274795,-278,matched,4,-0.0584115941079042,-0.8332398532618892,0.774828259153985,1.902500910274548,0.9363944936219443,0.1437020031915345,0.7926924904304098,1.946364457922981,68788.69014160703,34610.737398891484,34177.95274271555,83919.99831721986,189391.89056411313,186949.18792689743,2442.702637215698,5997.772972177228
0xf6beafa72d6416525c4cf039c9c122883dbef6a3,0x7d4b4cbc18220c5f80bf8febdd4175edd5bac5524755170a1763a1e53818a6be,1778560222,BUY,Up,Up,1,True,10.899037,0.5147242825214742,5.609999,5.609999,5.289038,5.289038,Up,1778560500,0.7856349342274795,-278,matched,4,-0.0584115941079042,-0.8332398532618892,0.774828259153985,4.098096106139274,0.9363944936219443,0.1437020031915345,0.7926924904304098,4.192580704201074,68788.69014160703,34610.737398891484,34177.95274271555,180768.49081842674,189391.89056411313,186949.18792689743,2442.702637215698,12919.547070934039
0xf6beafa72d6416525c4cf039c9c122883dbef6a3,0x7d4b4cbc18220c5f80bf8febdd4175edd5bac5524755170a1763a1e53818a6be,1778560222,BUY,Up,Up,1,True,3.470587,0.5099998933897926,1.769999,1.769999,1.700588,1.700588,Up,1778560500,0.7856349342274795,-278,matched,4,-0.0584115941079042,-0.8332398532618892,0.774828259153985,1.3176636395781571,0.9363944936219443,0.1437020031915345,0.7926924904304098,1.3480433369160698,68788.69014160703,34610.737398891484,34177.95274271555,58122.61629882915,189391.89056411313,186949.18792689743,2442.702637215698,4154.030792417369
0xf6beafa72d6416525c4cf039c9c122883dbef6a3,0x7d4b4cbc18220c5f80bf8febdd4175edd5bac5524755170a1763a1e53818a6be,1778560222,BUY,Up,Up,1,True,7.058822,0.5099999688333265,3.599999,3.599999,3.458823,3.458823,Up,1778560500,0.7856349342274795,-278,matched,4,-0.0584115941079042,-0.8332398532618892,0.774828259153985,2.679993803811764,0.9363944936219443,0.1437020031915345,0.7926924904304098,2.7417830178279816,68788.69014160703,34610.737398891484,34177.95274271555,118215.48903941763,189391.89056411313,186949.18792689743,2442.702637215698,8448.876063762313
0xf6beafa72d6416525c4cf039c9c122883dbef6a3,0x7d4b4cbc18220c5f80bf8febdd4175edd5bac5524755170a1763a1e53818a6be,1778560220,BUY,Up,Up,1,True,10.490195,0.5099999571027993,5.349999,5.349999,5.1401959999999995,5.1401959999999995,Up,1778560500,0.7856349342274795,-280,matched,4,-0.0584115941079042,-0.7466867039736023,0.6882751098656981,3.5378689666312213,0.9363944936219443,0.23772933449453432,0.69866515912741,3.5912758562860763,68788.69014160703,46428.07699315668,22360.61314845035,114937.93426321188,189391.89056411313,192092.03097130248,-2700.1404071893485,-13879.25092047306
0xf6beafa72d6416525c4cf039c9c122883dbef6a3,0x7d4b4cbc18220c5f80bf8febdd4175edd5bac5524755170a1763a1e53818a6be,1778560220,BUY,Up,Up,1,True,35.921567,0.5099999952674671,18.319999000000003,18.319999000000003,17.601568,17.601568,Up,1778560500,0.7856349342274795,-280,matched,4,-0.0584115941079042,-0.7466867039736023,0.6882751098656981,12.114721149008556,0.9363944936219443,0.23772933449453432,0.69866515912741,12.297602307611928,68788.69014160703,46428.07699315668,22360.61314845035,393581.85285414296,189391.89056411313,192092.03097130248,-2700.1404071893485,-47526.70498669101
0xb305d384400e3d7a15780216a55368ea677eca4e,0x7d4d82a2095f4cc755fd290e5bbc4a6632e9e6383088a33b4ffbb3ca873ed094,1778982897,BUY,Up,Up,1,True,100.0,0.82,82.0,82.0,18.000000000000004,18.000000000000004,Up,1778982900,2.2084251985041874,-3,offset_out_of_range,,,,,,,,,,,,,,,,,
0xf6beafa72d6416525c4cf039c9c122883dbef6a3,0x7d7fa756e2ab197e2c804e5e46e3ceb0e2dc1f76869a161e57ee8c68630b145c,1780919958,BUY,Up,Up,1,True,96.4,0.25,24.1,24.1,72.30000000000001,72.30000000000001,Up,1780920000,0.3631838360516626,-42,matched,4,0.008405660650970148,1.3747586008399821,-1.366352940189012,-98.78731757566558,-0.9304951139568628,0.4447022878681187,-1.3751974018249815,-99.42677215194618,-448681.80265915906,2785.9827665054618,-451467.7854256645,-32641120.88627555,8985.889703477966,8853.337722014927,132.55198146303883,9583.50825977771
0xf6beafa72d6416525c4cf039c9c122883dbef6a3,0x7d7fa756e2ab197e2c804e5e46e3ceb0e2dc1f76869a161e57ee8c68630b145c,1780919932,BUY,Up,Up,1,True,61.98,0.39,24.1722,24.1722,37.8078,37.8078,Up,1780920000,0.3631838360516626,-68,matched,4,-0.1869217019529129,0.861241137528641,-1.0481628394815539,-39.628731002550694,-0.9294048623365444,0.12751181887033797,-1.0569166812068824,-39.95969449973357,-448412.556026276,-5628.760990532147,-442783.79503574385,-16740681.165952398,10084.761924824212,10287.043468232288,-202.2815434080767,-7647.820136863882
0xf6beafa72d6416525c4cf039c9c122883dbef6a3,0x7d7fa756e2ab197e2c804e5e46e3ceb0e2dc1f76869a161e57ee8c68630b145c,1780919883,BUY,Up,Up,1,True,83.33,0.34,28.3322,28.3322,54.99779999999999,54.99779999999999,Up,1780920000,0.3631838360516626,-117,matched,4,-1.5218312963314757,-0.12761569421684765,-1.3942156021146281,-76.67879084197989,-0.927148110680273,0.47018415052754775,-1.3973322612078207,-76.85020023545547,-456301.682257938,15712.489868466218,-472014.17212640424,-25959741.03577355,20964.864083677763,21113.357811818976,-148.49372814121307,-8166.828361564807
0xf6beafa72d6416525c4cf039c9c122883dbef6a3,0x7e589fce407e5832d6617c2f7f5021ba07a7a05ce4de903d76ad306c74cb7509,1779506968,BUY,Down,Down,-1,True,8.0,0.36,2.88,2.88,5.12,5.12,Down,1779507000,1.7206015382024953,-32,matched,4,0.12549558638868452,-1.3227032114390895,1.4481987978277742,7.414777844878204,0.9999972925311569,-0.44464204923682304,1.44463934176798,7.396553429852057,731359.9518461735,934.6377703337712,730425.3140758397,3739777.6080682995,1225.345442754915,1240.5865250273491,-15.241082272434141,-78.03434123486281
0xb305d384400e3d7a15780216a55368ea677eca4e,0x7ec145c5b383315f7c4d0981fcc06f374814cf0d7eb314d58ec699d6d62e52f1,1780811113,BUY,Down,Down,-1,True,100.0,0.62,62.0,62.0,38.0,38.0,Down,1780811400,17.48178123604772,-287,matched,4,1.1522927939999188,0.8361840935151291,0.3161087004847897,12.012130618422008,0.3063185205593485,-0.01943499585891801,0.3257535164182665,12.378633623894126,38033.73409262902,-16709.79958960638,54743.5336822354,2080254.2799249452,939969.82437691,918074.7864185047,21895.03795840533,832011.4424194025
0xb305d384400e3d7a15780216a55368ea677eca4e,0x7ec41bf025b2d55991d6943694a0c62d88991c152f28c3ec2aefa56c1af7b274,1779948490,BUY,Down,Down,-1,True,99.99,0.29,28.997099999999996,28.997099999999996,70.99289999999999,70.99289999999999,Down,1779948600,4.410336527451608,-110,matched,4,0.5826990581987256,0.49741738657102014,0.08528167162770545,6.05439318569853,0.11328758317894325,0.06148867861450069,0.051798904564442555,3.6773544518530135,1489.5403329334222,28281.061413324882,-26791.52108039146,-1902007.7769081227,102377.30532276211,106312.75774782157,-3935.452425059455,-279389.1804670034
0xb305d384400e3d7a15780216a55368ea677eca4e,0x7ec41bf025b2d55991d6943694a0c62d88991c152f28c3ec2aefa56c1af7b274,1779948413,BUY,Up,Up,1,False,200.0,0.211135,42.227,42.227,-42.227,42.227,Down,1779948600,4.410336527451608,-187,matched,4,0.7295588924187637,0.4058272561003903,0.32373163631837343,13.670215806815953,0.4421990546808976,0.1190797104013507,0.3231193442795469,13.644360550892426,49602.45701655187,41062.87658735542,8539.580429196445,360600.8627836783,30782.20503870584,31671.780761792004,-889.5757230861636,-37564.11405875943
0xb305d384400e3d7a15780216a55368ea677eca4e,0x7ec41bf025b2d55991d6943694a0c62d88991c152f28c3ec2aefa56c1af7b274,1779948399,BUY,Up,Up,1,False,200.0,0.364969,72.9938,72.9938,-72.9938,72.9938,Down,1779948600,4.410336527451608,-201,matched,4,0.6038880881774551,0.43607945880057386,0.16780862937688124,12.248989531010192,0.4426819582114722,0.2844457639589859,0.1582361942524863,11.550261116027134,49699.65173313767,12576.832521264232,37122.81921187344,2709735.640987647,34140.16978060547,35142.887320842645,-1002.7175402371722,-73192.1635885641
0xb305d384400e3d7a15780216a55368ea677eca4e,0x7ec41bf025b2d55991d6943694a0c62d88991c152f28c3ec2aefa56c1af7b274,1779948394,BUY,Up,Up,1,False,300.0,0.42205933333333334,126.6178,126.6178,-126.6178,126.6178,Down,1779948600,4.410336527451608,-206,matched,4,0.5661494094057913,0.019352236274716828,0.5467971731310745,69.23425510807576,0.43067580500027497,-0.11312113842655458,0.5437969434268295,68.85437262342961,48765.25616691215,-21454.69933527952,70219.95550219167,8891096.281785404,33245.32931530289,33744.20940451547,-498.88008921258006,-63167.09935990062
0xb305d384400e3d7a15780216a55368ea677eca4e,0x7ec41bf025b2d55991d6943694a0c62d88991c152f28c3ec2aefa56c1af7b274,1779948387,BUY,Up,Up,1,False,286.8,0.6,172.08,172.08,-172.08,172.08,Down,1779948600,4.410336527451608,-213,matched,4,0.2693463641862994,0.21133636207789028,0.05801000210840915,9.982361162815048,0.4029823457661818,0.3428038205498712,0.06017852521631062,10.355520619222732,46546.17225135001,39897.882515323305,6648.289736026709,1144037.6977754761,38403.882556389086,40795.569048421195,-2391.6864920321095,-411561.41154888546
0xb305d384400e3d7a15780216a55368ea677eca4e,0x7ec41bf025b2d55991d6943694a0c62d88991c152f28c3ec2aefa56c1af7b274,1779948548,BUY,Up,Up,1,False,200.0,0.06,12.0,12.0,-12.0,12.0,Down,1779948600,4.410336527451608,-52,matched,4,-0.5701030235125865,0.05254212254143349,-0.62264514605402,-7.47174175264824,-0.4890883162958841,0.1256291247437813,-0.6147174410396654,-7.376609292475985,-2170.9816300268285,18334.553204692264,-20505.534834719092,-246066.41801662912,8502.105230081826,8508.625097591837,-6.519867510010954,-78.23841012013145
0xf6beafa72d6416525c4cf039c9c122883dbef6a3,0x7ecdccd2801cea69817a79e0f95a0fa3223f93bb6e6606b96c852db1fa0b3bb0,1778508317,BUY,Down,Down,-1,False,5.133332,0.44999992207790185,2.3099990000000004,2.3099990000000004,-2.3099990000000004,2.3099990000000004,Up,1778508600,3.3023131925932114,-283,matched,4,0.18302698926851677,-0.3291313981062265,0.5121583873747433,1.1830853626772697,0.31425680425777763,-0.20398166490320546,0.5182384691609832,1.1971303455234021,414850.7030334333,-78082.62439568753,492933.32742912084,1138675.4934279418,188128.96592167066,183024.29888988263,5104.667031788034,11791.77573876333
0xf6beafa72d6416525c4cf039c9c122883dbef6a3,0x7ecdccd2801cea69817a79e0f95a0fa3223f93bb6e6606b96c852db1fa0b3bb0,1778508317,BUY,Down,Down,-1,False,5.441859,0.4299999320085287,2.339999,2.339999,-2.339999,2.339999,Up,1778508600,3.3023131925932114,-283,matched,4,0.18302698926851677,-0.3291313981062265,0.5121583873747433,1.198450114298512,0.31425680425777763,-0.20398166490320546,0.5182384691609832,1.2126774995982315,414850.7030334333,-78082.62439568753,492933.32742912084,1153463.4932508154,188128.96592167066,183024.29888988263,5104.667031788034,11944.915749716969
0xf6beafa72d6416525c4cf039c9c122883dbef6a3,0x7fced984f2fc54c159f5ec690ad3dcbad760ead00c5061887b00fea0404216e3,1778155535,BUY,Up,Up,1,False,24.820511,0.3899999883161148,9.679998999999999,9.679998999999999,-9.679998999999999,9.679998999999999,Down,1778155800,0.3697496727743173,-265,matched,4,0.1348646015039039,-0.5021753633438737,0.6370399648477776,6.166546222686521,0.707408862283302,0.0722599470227981,0.6351489152605039,6.148240864572761,82060.43078546699,67796.56803667913,14263.862748787855,138074.17714440366,118803.71860146592,119009.50894645404,-205.79034498811234,-1992.0503336945822
0xf6beafa72d6416525c4cf039c9c122883dbef6a3,0x7feb450ae4f2e6e779332d593bf1214912e298b9c57e20dcc224c1abf390832c,1779041234,BUY,Down,Down,-1,True,3.380951,0.41999987577459713,1.419999,1.419999,1.9609520000000003,1.9609520000000003,Down,1779041400,7.2538064512402824,-166,matched,4,1.4949732795889692,0.09908490312112497,1.3958883764678442,2.7372701036113725,0.9749477130092348,-0.42497085277869656,1.3999185657879314,2.745173111418976,463876.51304513076,-195308.9884728869,659185.5015180176,1292631.1275727598,87126.09068983304,81942.93688791768,5183.153801915367,10163.915814173544
0xf6beafa72d6416525c4cf039c9c122883dbef6a3,0x7feb450ae4f2e6e779332d593bf1214912e298b9c57e20dcc224c1abf390832c,1779041225,BUY,Down,Down,-1,True,115.571427,0.4199999970580964,48.539999,48.539999,67.031428,67.031428,Down,1779041400,7.2538064512402824,-175,matched,4,1.9126460084374666,0.7072599936768811,1.2053860147605855,80.79874586063113,0.9749650867112923,-0.23789044512204205,1.2128555318333345,81.29943825648787,464206.7056459307,-25408.304338001137,489615.00998393184,32819593.28945721,663286.0533707322,694609.3293076723,-31323.275936940103,-2099643.915691133
0xf6beafa72d6416525c4cf039c9c122883dbef6a3,0x815bc2fa1839dbbeaf37e231e2629fd0463500082b39d0d01fce18b2c6a02c82,1778224305,BUY,Down,Down,-1,True,17.8,0.55,9.790000000000001,9.790000000000001,8.01,8.01,Down,1778224500,8.49048379734804,-195,matched,4,1.6584946483949128,0.1444374706882653,1.5140571777066474,12.127597993430244,0.9951464537276051,-0.5024529303849369,1.497599384112542,11.99577106674146,490793.5551001129,-40397.99768669303,531191.5527868059,4254844.337822315,20372.703563773073,20736.59417062423,-363.8906068511569,-2914.763760877767
0xb305d384400e3d7a15780216a55368ea677eca4e,0x824746b79b0c71008c6056478bfdcbbc47e5467d9799fce276721f421af34681,1780294777,BUY,Down,Down,-1,True,20.0,0.81,16.200000000000003,16.200000000000003,3.799999999999999,3.799999999999999,Down,1780294800,1.801741313544122,-23,matched,4,0.2637475520948186,-0.5649994216644547,0.8287469737592733,3.1492385002852377,0.999999999999321,0.17427683414689243,0.8257231658524286,3.1377480302392278,42.860588879993884,-12.283841205210592,55.144430085204476,209.54883432377696,390.7892158279428,366.13961696416663,24.64959886377619,93.6684756823495
0xb305d384400e3d7a15780216a55368ea677eca4e,0x824746b79b0c71008c6056478bfdcbbc47e5467d9799fce276721f421af34681,1780294758,BUY,Up,Up,1,False,10.0,0.53,5.300000000000001,5.300000000000001,-5.300000000000001,5.300000000000001,Down,1780294800,1.801741313544122,-42,matched,4,-1.2390433691927165,0.008196573942924043,-1.2472399431356405,-6.610371698618895,-0.762320430123614,0.4810861187144897,-1.2434065488381036,-6.59005470884195,-330.5801056479977,-193992.14450571098,193661.56440006298,1026406.291320334,437.75713071099017,421.42170342371537,16.335427287274797,86.57776462255643
0xb305d384400e3d7a15780216a55368ea677eca4e,0x824746b79b0c71008c6056478bfdcbbc47e5467d9799fce276721f421af34681,1780294752,BUY,Down,Down,-1,True,10.0,0.21,2.1,2.1,7.9,7.9,Down,1780294800,1.801741313544122,-48,matched,4,1.405006477542169,0.10414018941365882,1.30086628812851,10.276843676215229,0.7821277586302204,-0.5202227298386564,1.3023504884688768,10.288568858904128,370.00433006801177,-3661.3078077345053,4031.312137802517,31847.365888639888,398.3329062910052,376.9834549525003,21.349451338504878,168.66066557418853
0xb305d384400e3d7a15780216a55368ea677eca4e,0x830ffa5262862ec9e201fce40100442ab72948349063f83f9308882b6f5d4a78,1778368793,BUY,Up,Up,1,False,35.0,0.03,1.05,1.05,-1.05,1.05,Down,1778368800,3.4579250540188746,-7,offset_out_of_range,,,,,,,,,,,,,,,,,
0xb305d384400e3d7a15780216a55368ea677eca4e,0x830ffa5262862ec9e201fce40100442ab72948349063f83f9308882b6f5d4a78,1778368782,BUY,Down,Down,-1,True,100.0,0.88,88.0,88.0,12.0,12.0,Down,1778368800,3.4579250540188746,-18,matched,4,-0.48828807976623934,0.43224695507222166,-0.920535034838461,-11.046420418061532,-0.9999999999999275,-0.06475356948704525,-0.9352464305128823,-11.222957166154586,-1606.039666114957,36983.8860026755,-38589.925668790456,-463079.1080254855,317.2893997951178,324.6021684842708,-7.3127686891530175,-87.75322426983621
0xb305d384400e3d7a15780216a55368ea677eca4e,0x831efa7331672592d6aefb7cb8fd83814fe56341cebe94d94b45a7c89f4bb263,1778371762,BUY,Down,Down,-1,False,100.0,0.06,6.0,6.0,-6.0,6.0,Up,1778371800,2.0855528643204844,-38,matched,4,0.4604866150252652,-0.3083619872879131,0.7688486023131783,4.61309161387907,-0.10252839842858433,-0.9085832710218988,0.8060548725933145,4.836329235559887,-287.52316525782226,-48256.405704925535,47968.88253966771,287813.2952380063,184324.06912615022,162827.06492192287,21497.004204227356,128982.02522536414
0xb305d384400e3d7a15780216a55368ea677eca4e,0x831efa7331672592d6aefb7cb8fd83814fe56341cebe94d94b45a7c89f4bb263,1778371726,BUY,Down,Down,-1,False,126.16,0.8091479074191503,102.0821,102.0821,-102.0821,102.0821,Up,1778371800,2.0855528643204844,-74,matched,4,-1.4262955637806072,-0.567494540151329,-0.8588010236292781,-87.66821197422632,-0.5561141095000298,0.3152298176162309,-0.8713439271162607,-88.94861790227483,-104064.74142418557,191875.75156813025,-295940.4929923158,-30210226.99969088,3948.072292441968,4031.183279766272,-83.110987324304,-8484.144119138333
0xb305d384400e3d7a15780216a55368ea677eca4e,0x831efa7331672592d6aefb7cb8fd83814fe56341cebe94d94b45a7c89f4bb263,1778371691,BUY,Down,Down,-1,False,46.9,0.5661492537313433,26.5524,26.5524,-26.5524,26.5524,Up,1778371800,2.0855528643204844,-109,matched,4,-1.3784861159281658,-0.8208624527787786,-0.5576236631493873,-14.80624655340779,-0.5560663853321407,0.02047143056975948,-0.5765378159019002,-15.308462702953616,-104242.15790857756,-1827.64886784378,-102414.50904073378,-2719351.0098531796,10654.292066420778,11172.028484169474,-517.7364177486961,-13747.144458630479
0xf6beafa72d6416525c4cf039c9c122883dbef6a3,0x831efa7331672592d6aefb7cb8fd83814fe56341cebe94d94b45a7c89f4bb263,1778371687,BUY,Up,Up,1,True,5.340424,0.4699999475697061,2.509999,2.509999,2.8304249999999995,2.8304249999999995,Up,1778371800,2.0855528643204844,-113,matched,4,1.3784861159281658,1.4312620740314772,-0.05277595810331137,-0.14937839121456506,0.5560663853321407,0.6120174606960387,-0.055951075363897984,-0.15836532248686092,104242.15790857756,209615.16347283128,-105373.00556425372,-298250.3892742028,10654.292066420778,10722.407232788195,-68.11516636741726,-192.79486976549697
0xf6beafa72d6416525c4cf039c9c122883dbef6a3,0x831efa7331672592d6aefb7cb8fd83814fe56341cebe94d94b45a7c89f4bb263,1778371680,BUY,Down,Down,-1,False,19.137253,0.5099999984323769,9.759999,9.759999,-9.759999,9.759999,Up,1778371800,2.0855528643204844,-120,matched,4,0.22850948121520842,1.0473056346532963,-0.8187961534380879,-7.991449638759585,-0.5560663853321407,0.2552305723369213,-0.8112969576690621,-7.918257495553089,-104242.15790857756,341602.40801397176,-445844.56592254934,-4351442.517559516,90131.92610402475,89511.76045550549,620.1656485192652,6052.81610938238
0xb305d384400e3d7a15780216a55368ea677eca4e,0x831efa7331672592d6aefb7cb8fd83814fe56341cebe94d94b45a7c89f4bb263,1778371673,BUY,Up,Up,1,True,100.0,0.5,50.0,50.0,50.0,50.0,Up,1778371800,2.0855528643204844,-127,matched,4,-0.30097409061844904,-0.7193132092341376,0.4183391186156885,20.916955930784425,0.5354586834426479,0.11078824336944762,0.4246704400732003,21.233522003660017,101726.17214662157,146641.28416225716,-44915.11201563559,-2245755.6007817797,87943.1712000728,89339.51327662868,-1396.342076555884,-69817.1038277942
0xb305d384400e3d7a15780216a55368ea677eca4e,0x831efa7331672592d6aefb7cb8fd83814fe56341cebe94d94b45a7c89f4bb263,1778371671,BUY,Up,Up,1,True,100.0,0.5,50.0,50.0,50.0,50.0,Up,1778371800,2.0855528643204844,-129,matched,4,-0.30917549828121715,-0.7261702524561933,0.4169947541749761,20.849737708748805,0.5354586834426479,0.11289195788444484,0.42256672555820307,21.128336277910154,101726.17214662157,85617.12508432106,16109.04706230051,805452.3531150254,92585.49089542881,89676.25091646239,2909.2399789664196,145461.99894832098
0xb305d384400e3d7a15780216a55368ea677eca4e,0x84ccd0c25bb24d9d0c7fdd829d92fd49e7e82fb2272b1fae900d3d0c79b42c01,1778142599,BUY,Down,Down,-1,False,54.93,0.2307281995266703,12.6739,12.6739,-12.6739,12.6739,Up,1778142600,1.1055867468801344,-1,offset_out_of_range,,,,,,,,,,,,,,,,,
0xf6beafa72d6416525c4cf039c9c122883dbef6a3,0x84ccd0c25bb24d9d0c7fdd829d92fd49e7e82fb2272b1fae900d3d0c79b42c01,1778142525,BUY,Up,Up,1,True,19.215685,0.509999981785713,9.799999,9.799999,9.415686,9.415686,Up,1778142600,1.1055867468801344,-75,matched,4,0.530055078454247,-0.5032594647221683,1.0333145431764152,9.72936527778257,0.9799044922415061,-0.0699816142039377,1.049886106445444,9.885397914052877,102652.96002133598,-44167.83161387698,146820.79163521295,1382418.472308592,418.0564249639283,440.30529623670736,-22.24887127277907,-209.4883857589081
0xf6beafa72d6416525c4cf039c9c122883dbef6a3,0x84ccd0c25bb24d9d0c7fdd829d92fd49e7e82fb2272b1fae900d3d0c79b42c01,1778142487,BUY,Up,Up,1,True,5.51515,0.3028020996709065,1.669999,1.669999,3.8451510000000004,3.8451510000000004,Up,1778142600,1.1055867468801344,-113,matched,4,0.9094833765651564,-0.33211651363557765,1.2415998902007341,4.774139059405243,0.9793391187395766,-0.24699928665253698,1.2263384053921136,4.715456345831892,102914.15914270199,-84758.0852754135,187672.24441811547,721628.1182965612,1979.9527381109656,1928.3897471614036,51.562990949561936,198.26748621269905
0xf6beafa72d6416525c4cf039c9c122883dbef6a3,0x84ccd0c25bb24d9d0c7fdd829d92fd49e7e82fb2272b1fae900d3d0c79b42c01,1778142485,BUY,Up,Up,1,True,7.0,0.37,2.59,2.59,4.41,4.41,Up,1778142600,1.1055867468801344,-115,matched,4,0.9094833765651564,0.37835732433623676,0.5311260522289196,2.3422658903295357,0.9793391187395766,0.45401048351716855,0.525328635222408,2.3166992813308194,102914.15914270199,16718.26194464818,86195.8971980538,380123.9066434173,1979.9527381109656,1951.117151656581,28.83558645438461,127.16493626383614
0xf6beafa72d6416525c4cf039c9c122883dbef6a3,0x84ccd0c25bb24d9d0c7fdd829d92fd49e7e82fb2272b1fae900d3d0c79b42c01,1778142485,BUY,Up,Up,1,True,6.878047,0.4099999607446707,2.819999,2.819999,4.058047999999999,4.058047999999999,Up,1778142600,1.1055867468801344,-115,matched,4,0.9094833765651564,0.37835732433623676,0.5311260522289196,2.1553350139954626,0.9793391187395766,0.45401048351716855,0.525328635222408,2.131808817507022,102914.15914270199,16718.26194464818,86195.8971980538,349787.08823276777,1979.9527381109656,1951.117151656581,28.83558645438461,117.01619394004254
0xf6beafa72d6416525c4cf039c9c122883dbef6a3,0x84ccd0c25bb24d9d0c7fdd829d92fd49e7e82fb2272b1fae900d3d0c79b42c01,1778142485,BUY,Up,Up,1,True,10.463413,0.4099999684615335,4.289999,4.289999,6.173413999999999,6.173413999999999,Up,1778142600,1.1055867468801344,-115,matched,4,0.9094833765651564,0.37835732433623676,0.5311260522289196,3.278861006594743,0.9793391187395766,0.45401048351716855,0.525328635222408,3.2430711512829062,102914.15914270199,16718.26194464818,86195.8971980538,532122.9585050261,1979.9527381109656,1951.117151656581,28.83558645438461,178.0140131157083
0xf6beafa72d6416525c4cf039c9c122883dbef6a3,0x84ccd0c25bb24d9d0c7fdd829d92fd49e7e82fb2272b1fae900d3d0c79b42c01,1778142485,BUY,Up,Up,1,True,5.731706,0.40999991974466243,2.349999,2.349999,3.381707,3.381707,Up,1778142600,1.1055867468801344,-115,matched,4,0.9094833765651564,0.37835732433623676,0.5311260522289196,1.796112688704903,0.9793391187395766,0.45401048351716855,0.525328635222408,1.7765075230320637,102914.15914270199,16718.26194464818,86195.8971980538,291489.26892593893,1979.9527381109656,1951.117151656581,28.83558645438461,97.51350456189762
0xf6beafa72d6416525c4cf039c9c122883dbef6a3,0x84ccd0c25bb24d9d0c7fdd829d92fd49e7e82fb2272b1fae900d3d0c79b42c01,1778142483,BUY,Up,Up,1,True,2.487803,0.4099999075489498,1.019999,1.019999,1.467804,1.467804,Up,1778142600,1.1055867468801344,-117,matched,4,0.9094833765651564,-0.21061267520323912,1.1200960517683956,1.644081465169858,0.9793391187395766,-0.12416328590660919,1.1035024046461857,1.61972524354929,102914.15914270199,-95908.72647308998,198822.88561579195,291833.0267984019,1979.9527381109656,1919.691304619213,60.26143349175254,88.45197312492836
0xf6beafa72d6416525c4cf039c9c122883dbef6a3,0x84d9a1a5e6b7225a8d923d2a6eb451a4f7841ee021ef8f50b2015acdbe7a5b22,1778952397,BUY,Down,Down,-1,True,8.644065,0.5899999595097908,5.099997999999999,5.099997999999999,3.544067,3.544067,Down,1778952600,1.9557095991182223,-203,matched,4,0.9256422151067654,0.56603945171495,0.3596027633918154,1.274456286845741,-0.07081616117160205,-0.42826748341002707,0.357451322238425,1.2668314352515682,-1019.1821547558066,-193692.69978170306,192673.51762694726,682847.855595582,455138.8344319812,468761.92350385856,-13623.089071877359,-48281.14041770118
0xf6beafa72d6416525c4cf039c9c122883dbef6a3,0x84d9a1a5e6b7225a8d923d2a6eb451a4f7841ee021ef8f50b2015acdbe7a5b22,1778952397,BUY,Down,Down,-1,True,2.288134,0.5899999737777595,1.349999,1.349999,0.938135,0.938135,Down,1778952600,1.9557095991182223,-203,matched,4,0.9256422151067654,0.56603945171495,0.3596027633918154,0.3373559384345808,-0.07081616117160205,-0.42826748341002707,0.357451322238425,0.33533759618814485,-1019.1821547558066,-193692.69978170306,192673.51762694726,180753.77045895616,455138.8344319812,468761.92350385856,-13623.089071877359,-12780.296666445667
0xf6beafa72d6416525c4cf039c9c122883dbef6a3,0x84d9a1a5e6b7225a8d923d2a6eb451a4f7841ee021ef8f50b2015acdbe7a5b22,1778952397,BUY,Down,Down,-1,True,4.593219,0.5899999542804295,2.7099990000000003,2.7099990000000003,1.8832200000000001,1.8832200000000001,Down,1778952600,1.9557095991182223,-203,matched,4,0.9256422151067654,0.56603945171495,0.3596027633918154,0.6772111160747346,-0.07081616117160205,-0.42826748341002707,0.357451322238425,0.6731594790658468,-1019.1821547558066,-193692.69978170306,192673.51762694726,362846.6218654196,455138.8344319812,468761.92350385856,-13623.089071877359,-25655.273801940883
0xf6beafa72d6416525c4cf039c9c122883dbef6a3,0x84d9a1a5e6b7225a8d923d2a6eb451a4f7841ee021ef8f50b2015acdbe7a5b22,1778952395,BUY,Down,Down,-1,True,1.9661,0.59,1.159999,1.159999,0.8061010000000001,0.8061010000000001,Down,1778952600,1.9557095991182223,-205,matched,4,0.9256422151067654,0.5659248284350011,0.3597173866717642,0.28996854511349585,-0.07081616117160205,-0.4283820377304489,0.35756587655884686,0.288234210659963,-1019.1821547558066,-193727.62176227907,192708.43960752327,155342.46587606412,455138.8344319812,468727.00152328255,-13588.167091301351,-10953.435080465111
0xf6beafa72d6416525c4cf039c9c122883dbef6a3,0x84d9a1a5e6b7225a8d923d2a6eb451a4f7841ee021ef8f50b2015acdbe7a5b22,1778952183,BUY,Down,Down,-1,True,51.99294,0.6718219627510966,34.929999,34.929999,17.062941,17.062941,Down,1778952600,1.9557095991182223,-417,matched,4,0.0074124104471096075,1.08625266027982,-1.0788402498327103,-18.408187531320795,-0.9680858166195292,0.11652278491449933,-1.0846086015340286,-18.50661257606764,-454546.0860940765,44763.82616658539,-499309.9122606619,-8519695.57361885,1030167.3930729458,1036029.7374572807,-5862.344384334981,-100028.83635158911
0xf6beafa72d6416525c4cf039c9c122883dbef6a3,0x84d9a1a5e6b7225a8d923d2a6eb451a4f7841ee021ef8f50b2015acdbe7a5b22,1778952178,BUY,Down,Down,-1,True,10.25373,0.6699999902474514,6.869998999999999,6.869998999999999,3.383731,3.383731,Down,1778952600,1.9557095991182223,-422,matched,4,0.007373277925190713,1.0311965058555146,-1.0238232279303239,-3.4643423948679026,-0.9681192410884958,0.054949840518400406,-1.0230690816068961,-3.461790566574784,-455038.35219547455,-69303.13777256956,-385735.214422905,-1305224.2028344308,1029927.4561315478,1039419.1245759684,-9491.66844442056,-32117.252757107628
0xf6beafa72d6416525c4cf039c9c122883dbef6a3,0x84d9a1a5e6b7225a8d923d2a6eb451a4f7841ee021ef8f50b2015acdbe7a5b22,1778952178,BUY,Down,Down,-1,True,2.761193,0.6699998877296879,1.8499990000000002,1.8499990000000002,0.911194,0.911194,Down,1778952600,1.9557095991182223,-422,matched,4,0.007373277925190713,1.0311965058555146,-1.0238232279303239,-0.9329015823507435,-0.9681192410884958,0.054949840518400406,-1.0230690816068961,-0.932214408745714,-455038.35219547455,-69303.13777256956,-385735.214422905,-351479.61297086446,1029927.4561315478,1039419.1245759684,-9491.66844442056,-8648.751336545347
0xf6beafa72d6416525c4cf039c9c122883dbef6a3,0x84d9a1a5e6b7225a8d923d2a6eb451a4f7841ee021ef8f50b2015acdbe7a5b22,1778952176,BUY,Down,Down,-1,True,5.238803,0.6699999980911671,3.5099980000000004,3.5099980000000004,1.7288049999999997,1.7288049999999997,Down,1778952600,1.9557095991182223,-424,matched,4,0.007372375212536086,1.0311486076039411,-1.023776232391405,-1.7699094694394226,-0.9681199093540477,0.05490663241224822,-1.0230265417662958,-1.7686134005382808,-455048.20474614855,-69304.38699528955,-385743.817750859,-666875.8408467737,1029917.6035808738,1039474.070919365,-9556.467338491231,-16521.26851712033
0xf6beafa72d6416525c4cf039c9c122883dbef6a3,0x84d9a1a5e6b7225a8d923d2a6eb451a4f7841ee021ef8f50b2015acdbe7a5b22,1778952174,BUY,Down,Down,-1,True,3.666664,0.659999934545407,2.419998,2.419998,1.2466659999999998,1.2466659999999998,Down,1778952600,1.9557095991182223,-426,matched,4,0.007349504540019591,1.4934357763219013,-1.4860862717818817,-1.852653228097231,-0.9681205842239431,0.5131388226446998,-1.4812594068686429,-1.8466357397233033,-455058.1550869476,45915.010980699866,-500973.16606764746,-624546.2130488897,1029919.1015363547,1050943.2699265045,-21024.168390149716,-26210.115910274384
0xb305d384400e3d7a15780216a55368ea677eca4e,0x850e420bbd53754929f934661057d4f4b47164be93721d0aae00532b7e226352,1780109275,BUY,Down,Down,-1,True,99.99,0.33,32.9967,32.9967,66.99329999999999,66.99329999999999,Down,1780109400,0.46984104948743094,-125,matched,4,1.5723527899952638,0.7658976961433712,0.8064550938518926,54.027088038947994,0.9778975644648625,0.16952713092642374,0.8083704335384387,54.15540296517068,657045.1310710544,12526.317653502227,644518.8134175522,43178442.22292609,6635.506439591874,6506.330905598174,129.1755339937008,8653.895301500195
0xb305d384400e3d7a15780216a55368ea677eca4e,0x850e420bbd53754929f934661057d4f4b47164be93721d0aae00532b7e226352,1780109259,BUY,Up,Up,1,False,100.0,0.55,55.00000000000001,55.00000000000001,-55.00000000000001,55.00000000000001,Down,1780109400,0.46984104948743094,-141,matched,4,-1.6450306611422842,-0.2711970511157914,-1.3738336100264927,-75.56084855145711,-0.9744823257639708,0.3903327707063697,-1.3648150964703405,-75.06483030586874,-656677.1361719014,5407.480838053742,-662084.6170099551,-36414653.93554754,5006.019009101205,5042.774075663441,-36.75506656223661,-2021.5286609230136
0xb305d384400e3d7a15780216a55368ea677eca4e,0x850e420bbd53754929f934661057d4f4b47164be93721d0aae00532b7e226352,1780109392,BUY,Down,Down,-1,True,63.07,0.7378135405105438,46.533899999999996,46.533899999999996,16.5361,16.5361,Down,1780109400,0.46984104948743094,-8,offset_out_of_range,,,,,,,,,,,,,,,,,
0xb305d384400e3d7a15780216a55368ea677eca4e,0x850e420bbd53754929f934661057d4f4b47164be93721d0aae00532b7e226352,1780109361,BUY,Down,Down,-1,True,200.0,0.68,136.0,136.0,63.99999999999999,63.99999999999999,Down,1780109400,0.46984104948743094,-39,matched,4,1.8836118460722644,0.29280136478668906,1.5908104812855752,101.8118708022768,0.9876905918426035,-0.610354003529124,1.5980445953717275,102.27485410379055,659635.7425199803,-958.8103930028592,660594.5529129831,42278051.38643091,2930.0930988239124,2843.3779552050983,86.71514361881418,5549.769191604107
0xf6beafa72d6416525c4cf039c9c122883dbef6a3,0x85617415edf8c894d19fdddac29121b5f8ffef3dc81e1ea87b93b3ed8152b084,1777971160,BUY,Up,Up,1,False,24.175,0.4,9.670000000000002,9.670000000000002,-9.670000000000002,9.670000000000002,Down,1777971300,1.0586825598079352,-140,matched,4,-0.6841156645429318,-0.09591854003571182,-0.58819712450722,-5.687866193984818,0.30959567147112615,0.8987868744676675,-0.5891912029965414,-5.697478932976556,4765.809287911281,10108.878635852781,-5343.0693479415,-51667.480594594315,20251.878952763975,20322.447260368484,-70.56830760450976,-682.3955345356095
0xf6beafa72d6416525c4cf039c9c122883dbef6a3,0x85617415edf8c894d19fdddac29121b5f8ffef3dc81e1ea87b93b3ed8152b084,1777971086,BUY,Down,Down,-1,True,20.333332,0.4799999822950808,9.759998999999999,9.759998999999999,10.573333,10.573333,Down,1777971300,1.0586825598079352,-214,matched,4,-1.570569928139615,-1.5377446808771635,-0.03282524726245151,-0.34707227011323816,-0.6960400874330072,-0.670078978566177,-0.025961108866830118,-0.27449544909824747,-24579.95584666077,-111883.14792992723,87303.19208326646,923085.72185934,25448.865835686214,25228.68746785174,220.17836783447274,2328.0192025103693
0xb305d384400e3d7a15780216a55368ea677eca4e,0x85617415edf8c894d19fdddac29121b5f8ffef3dc81e1ea87b93b3ed8152b084,1777971264,BUY,Down,Down,-1,True,100.0,0.48,48.0,48.0,52.0,52.0,Down,1777971300,1.0586825598079352,-36,matched,4,-1.9573312058544707,-1.4402978626026948,-0.517033343251776,-26.88573384909235,-0.9586727144694255,-0.44515469380741673,-0.5135180206620087,-26.70293707442445,-5061.452761655673,-71766.5682942013,66705.11553254562,3468666.0076923724,5129.20938295871,5107.376806313361,21.832576645349036,1135.2939855581499
0xb305d384400e3d7a15780216a55368ea677eca4e,0x860235ff3607db1fd480a7152c27ae92f981585b7b7762515e9e880a79bbbbf3,1778885363,BUY,Down,Down,-1,True,20.0,0.45,9.0,9.0,11.0,11.0,Down,1778885400,1.789817930740815,-37,matched,4,1.9680941703281079,0.8860672401005405,1.0820269302275674,11.902296232503241,0.9680941703281079,-0.11372822716324418,1.0818223974913521,11.900046372404873,466901.4153743307,-50122.4964219495,517023.9117962802,5687263.029759082,6189.094648044091,6219.581169544035,-30.4865214999445,-335.3517364993895
0xf6beafa72d6416525c4cf039c9c122883dbef6a3,0x860235ff3607db1fd480a7152c27ae92f981585b7b7762515e9e880a79bbbbf3,1778885190,BUY,Down,Down,-1,True,3.625,0.4,1.4500000000000002,1.4500000000000002,2.175,2.175,Down,1778885400,1.789817930740815,-210,matched,4,1.7496436742516337,0.6101994843222833,1.1394441899293504,2.4782911130963368,0.8948056713151195,-0.24585198496839433,1.1406576562835138,2.480930402416642,448570.2823882215,-7476.435679897755,456046.71806811925,991901.6117981593,14427.06479506474,14629.000931135452,-201.93613607071165,-439.21109595379784
0xf6beafa72d6416525c4cf039c9c122883dbef6a3,0x860235ff3607db1fd480a7152c27ae92f981585b7b7762515e9e880a79bbbbf3,1778885160,BUY,Down,Down,-1,True,122.336096,0.39644880444770775,48.499999,48.499999,73.83609700000001,73.83609700000001,Down,1778885400,1.789817930740815,-240,matched,4,1.6840562253300901,0.6539652239987795,1.0300910013313107,76.0578990931258,0.8930443190473882,-0.148545489921189,1.0415898089685771,76.90692616921534,448294.47565886145,274189.4727252248,174105.00293363666,12855233.884793282,23157.285037014633,23219.027105585912,-61.74206857127865,-4558.793364009583
0xb305d384400e3d7a15780216a55368ea677eca4e,0x860235ff3607db1fd480a7152c27ae92f981585b7b7762515e9e880a79bbbbf3,1778885391,BUY,Up,Up,1,False,13.63,0.13633162142333088,1.8582,1.8582,-1.8582,1.8582,Down,1778885400,1.789817930740815,-9,offset_out_of_range,,,,,,,,,,,,,,,,,
0xf6beafa72d6416525c4cf039c9c122883dbef6a3,0x8719b203102d56d2c3e18705743f05cf446b7025a076be4b88dfcc9358072a17,1778024810,BUY,Up,Up,1,True,25.605262,0.37999997812949543,9.729999000000001,9.729999000000001,15.875263,15.875263,Up,1778025000,1.3066370857379193,-190,matched,4,-1.6295205195416487,-0.5965867492787281,-1.0329337702629204,-16.398095264505443,-0.7439386658616193,0.288547510724599,-1.0324861765862183,-16.39098959717066,-86230.5793276421,24145.58154032277,-110376.16086796488,-1752250.5827092507,114392.96971410024,115077.17740340249,-684.2076893022459,-10861.97701429544
0xf6beafa72d6416525c4cf039c9c122883dbef6a3,0x875ac05ef6ca41c53718b81440fe0f2699aa596f916f71288d57c5c949cf00c7,1779736745,BUY,Up,Up,1,True,5.0,0.18,0.8999999999999999,0.8999999999999999,4.1000000000000005,4.1000000000000005,Up,1779736800,1.0537979159973063,-55,matched,4,0.8747071210241436,-0.668455324624454,1.5431624456485977,6.326966027159251,0.9456379630983371,-0.6036959991119147,1.5493339622102518,6.3522692450620335,17900.038842293958,-15083.04597297329,32983.08481526725,135230.64774259573,508.6119436909794,524.5662662675531,-15.954322576573759,-65.41272256395241
0xf6beafa72d6416525c4cf039c9c122883dbef6a3,0x875ac05ef6ca41c53718b81440fe0f2699aa596f916f71288d57c5c949cf00c7,1779736731,BUY,Up,Up,1,True,5.0,0.22,1.1,1.1,3.9000000000000004,3.9000000000000004,Up,1779736800,1.0537979159973063,-69,matched,4,0.734090323911861,0.3261204942319318,0.40796982967992923,1.591082335751724,0.9456379630983371,0.5525520736483759,0.39308588944996126,1.533034968854849,17900.038842293958,29002.375047088048,-11102.33620479409,-43299.111198696955,2018.0454319730052,2000.2638771471466,17.78155482585862,69.34806382084862
0xf6beafa72d6416525c4cf039c9c122883dbef6a3,0x875ac05ef6ca41c53718b81440fe0f2699aa596f916f71288d57c5c949cf00c7,1779736731,BUY,Up,Up,1,True,5.0,0.21,1.05,1.05,3.95,3.95,Up,1779736800,1.0537979159973063,-69,matched,4,0.734090323911861,0.3261204942319318,0.40796982967992923,1.6114808272357206,0.9456379630983371,0.5525520736483759,0.39308588944996126,1.552689263327347,17900.038842293958,29002.375047088048,-11102.33620479409,-43854.228008936654,2018.0454319730052,2000.2638771471466,17.78155482585862,70.23714156214156
0xf6beafa72d6416525c4cf039c9c122883dbef6a3,0x875ac05ef6ca41c53718b81440fe0f2699aa596f916f71288d57c5c949cf00c7,1779736731,BUY,Up,Up,1,True,5.0,0.21,1.05,1.05,3.95,3.95,Up,1779736800,1.0537979159973063,-69,matched,4,0.734090323911861,0.3261204942319318,0.40796982967992923,1.6114808272357206,0.9456379630983371,0.5525520736483759,0.39308588944996126,1.552689263327347,17900.038842293958,29002.375047088048,-11102.33620479409,-43854.228008936654,2018.0454319730052,2000.2638771471466,17.78155482585862,70.23714156214156
0xf6beafa72d6416525c4cf039c9c122883dbef6a3,0x875ac05ef6ca41c53718b81440fe0f2699aa596f916f71288d57c5c949cf00c7,1779736722,BUY,Up,Up,1,True,5.0,0.18,0.8999999999999999,0.8999999999999999,4.1000000000000005,4.1000000000000005,Up,1779736800,1.0537979159973063,-78,matched,4,0.7829722580947948,0.3905011222260712,0.39247113586872356,1.6091316570617669,0.9435043016650027,0.5450717286341388,0.3984325730308639,1.6335735494265422,17879.25771629397,1551.6315315184765,16327.626184775494,66943.26735757953,2511.7173457999597,2416.3075376511697,95.40980814879003,391.1802134100392
0xf6beafa72d6416525c4cf039c9c122883dbef6a3,0x875ac05ef6ca41c53718b81440fe0f2699aa596f916f71288d57c5c949cf00c7,1779736722,BUY,Up,Up,1,True,5.0,0.24,1.2,1.2,3.8,3.8,Up,1779736800,1.0537979159973063,-78,matched,4,0.7829722580947948,0.3905011222260712,0.39247113586872356,1.4913903163011495,0.9435043016650027,0.5450717286341388,0.3984325730308639,1.5140437775172826,17879.25771629397,1551.6315315184765,16327.626184775494,62044.979502146874,2511.7173457999597,2416.3075376511697,95.40980814879003,362.5572709654021
0xf6beafa72d6416525c4cf039c9c122883dbef6a3,0x875ac05ef6ca41c53718b81440fe0f2699aa596f916f71288d57c5c949cf00c7,1779736722,BUY,Up,Up,1,True,5.0,0.21,1.05,1.05,3.95,3.95,Up,1779736800,1.0537979159973063,-78,matched,4,0.7829722580947948,0.3905011222260712,0.39247113586872356,1.550260986681458,0.9435043016650027,0.5450717286341388,0.3984325730308639,1.5738086634719124,17879.25771629397,1551.6315315184765,16327.626184775494,64494.123429863204,2511.7173457999597,2416.3075376511697,95.40980814879003,376.86874218772067
0xf6beafa72d6416525c4cf039c9c122883dbef6a3,0x875ac05ef6ca41c53718b81440fe0f2699aa596f916f71288d57c5c949cf00c7,1779736705,BUY,Up,Up,1,True,30.3,0.27,8.181000000000001,8.181000000000001,22.119,22.119,Up,1779736800,1.0537979159973063,-95,matched,4,0.553009265465163,-0.3624384284992208,0.9154476939643839,20.248787542798205,0.9227137698239906,0.0024395530809420635,0.9202742167430485,20.35554540013949,17926.97395135893,-1384.3836285699822,19311.357579928914,427147.91831044765,3464.026324304985,3439.12644695547,24.89987734951501,550.7603870939225
0xf6beafa72d6416525c4cf039c9c122883dbef6a3,0x875ac05ef6ca41c53718b81440fe0f2699aa596f916f71288d57c5c949cf00c7,1779736685,BUY,Up,Up,1,True,8.0,0.25,2.0,2.0,6.0,6.0,Up,1779736800,1.0537979159973063,-115,matched,4,0.6135396956651918,0.13094732714432586,0.48259236852086596,2.8955542111251957,0.9215998726844851,0.44332540000958454,0.47827447267490053,2.8696468360494034,18183.552764918946,8328.840486270976,9854.71227864797,59128.27367188782,3233.3518399190507,3226.1860155922623,7.1658243267884245,42.99494596073055
0xf6beafa72d6416525c4cf039c9c122883dbef6a3,0x875ac05ef6ca41c53718b81440fe0f2699aa596f916f71288d57c5c949cf00c7,1779736685,BUY,Up,Up,1,True,199.99,0.24,47.9976,47.9976,151.9924,151.9924,Up,1779736800,1.0537979159973063,-115,matched,4,0.6135396956651918,0.13094732714432586,0.48259236852086596,73.35037231317087,0.9215998726844851,0.44332540000958454,0.47827447267490053,72.69408496059255,18183.552764918946,8328.840486270976,9854.71227864797,1497841.3705411737,3233.3518399190507,3226.1860155922623,7.1658243267884245,1089.150837406957
0xf6beafa72d6416525c4cf039c9c122883dbef6a3,0x8840b0184539dba346372d131bc2e89f60116ea0670881f9ae3d2adcbe526212,1780918152,BUY,Down,Down,-1,False,32.74,0.3,9.822000000000001,9.822000000000001,-9.822000000000001,9.822000000000001,Up,1780918200,6.227411996502466,-48,matched,4,-1.7294516629024304,-0.850846369291287,-0.8786052936111434,-8.629661193848651,-0.9991255714984024,-0.10263665198447582,-0.8964889195139266,-8.805314167465788,-45022.43523697113,27882.32283060876,-72904.75806757988,-716070.5337397697,3651.823672166094,3537.116995462944,114.70667670315015,1126.6489785783408
0xf6beafa72d6416525c4cf039c9c122883dbef6a3,0x8840b0184539dba346372d131bc2e89f60116ea0670881f9ae3d2adcbe526212,1780918135,BUY,Down,Down,-1,False,100.0,0.191936,19.1936,19.1936,-19.1936,19.1936,Up,1780918200,6.227411996502466,-65,matched,4,-1.91887232444769,-1.03390607377536,-0.8849662506723299,-16.985688228904433,-0.9945568143037291,-0.11137210676616394,-0.8831847075375652,-16.951494002593012,-44925.897539628204,17823.5369170368,-62749.434456665,-1204387.5451874454,20639.041092529427,19892.699481003787,746.3416115256405,14324.982354978532
0xf6beafa72d6416525c4cf039c9c122883dbef6a3,0x8840b0184539dba346372d131bc2e89f60116ea0670881f9ae3d2adcbe526212,1780918179,BUY,Down,Down,-1,False,96.5316,0.24769091157714157,23.91,23.91,-23.91,23.91,Up,1780918200,6.227411996502466,-21,matched,4,0.0008951862095358809,0.4095158311018845,-0.4086206448923486,-9.770119619376056,-0.9991048137902413,-0.5897598177111307,-0.40934499607911057,-9.787438856251534,-43977.53476290824,-8237.912712312282,-35739.62205059596,-854534.3632297494,1044.9004740631208,1059.3645772895543,-14.464103226433508,-345.8367081440252
0xf6beafa72d6416525c4cf039c9c122883dbef6a3,0x88b3a41b557bd72c30a5485fe2eb62d5378b25ea5885932351a95d509ee65e0e,1778832838,BUY,Up,Up,1,True,46.983808,0.41354670528195586,19.429999000000002,19.429999000000002,27.553808999999998,27.553808999999998,Up,1778832900,1.37474290326885,-62,matched,4,0.1927282495035657,-0.9835279536067127,1.1762562031102783,32.41033875556581,0.9448516268554449,-0.24136484882003267,1.1862164756754776,32.68478220341525,76766.61310198845,-34400.52815201439,111167.14125400284,3063078.1771888146,128787.21856535878,118441.31405252742,10345.90451283136,285069.0768787933
0xf6beafa72d6416525c4cf039c9c122883dbef6a3,0x88b3a41b557bd72c30a5485fe2eb62d5378b25ea5885932351a95d509ee65e0e,1778832821,BUY,Up,Up,1,True,9.931033,0.2899999426041581,2.879999,2.879999,7.051033999999999,7.051033999999999,Up,1778832900,1.37474290326885,-79,matched,4,0.22033786763048835,-1.0166152058276576,1.236953073458146,8.721798177357883,0.9501405358807749,-0.2867978463649313,1.236938382245706,8.721694589119469,88080.55255297048,-70766.43024692945,158846.98279989994,1120035.4765195095,119567.2013750535,122134.15593114262,-2566.9545560891274,-18099.683851439342
0xf6beafa72d6416525c4cf039c9c122883dbef6a3,0x88b3a41b557bd72c30a5485fe2eb62d5378b25ea5885932351a95d509ee65e0e,1778832782,BUY,Up,Up,1,True,9.172412,0.2899999476691627,2.659999,2.659999,6.512413,6.512413,Up,1778832900,1.37474290326885,-118,matched,4,0.2547735898535992,-0.49900184745511134,0.7537754373087105,4.908896957009931,0.827634390864414,0.0773300168168233,0.7503043740475908,4.886291959504392,173722.50903019554,-87324.7757039763,261047.28473417182,1700047.7307175219,3943.7274768410716,3997.4357771123287,-53.70830027125703,-349.77063289443777
0xf6beafa72d6416525c4cf039c9c122883dbef6a3,0x88b3a41b557bd72c30a5485fe2eb62d5378b25ea5885932351a95d509ee65e0e,1778832782,BUY,Up,Up,1,True,9.85185,0.26999994924811077,2.6599990000000004,2.6599990000000004,7.191851000000001,7.191851000000001,Up,1778832900,1.37474290326885,-118,matched,4,0.2547735898535992,-0.49900184745511134,0.7537754373087105,5.421040632584088,0.827634390864414,0.0773300168168233,0.7503043740475908,5.39607726279854,173722.50903019554,-87324.7757039763,261047.28473417182,1877413.1757627386,3943.7274768410716,3997.4357771123287,-53.70830027125703,-386.2620930141402
0xf6beafa72d6416525c4cf039c9c122883dbef6a3,0x88b3a41b557bd72c30a5485fe2eb62d5378b25ea5885932351a95d509ee65e0e,1778832877,BUY,Up,Up,1,True,9.24,0.25,2.31,2.31,6.93,6.93,Up,1778832900,1.37474290326885,-23,matched,4,0.0007112025019402335,-0.4308551843319799,0.4315663868339201,2.9907550607590663,0.9998218031862269,0.5668401737166888,0.4329816294695381,3.000562692223899,74031.27741172665,3171.4832187974816,70859.79419292917,491058.37375699915,4938.441420439864,4938.049056206735,0.39236423312831903,2.7190841355792505
0xf6beafa72d6416525c4cf039c9c122883dbef6a3,0x893cee0b90cc04bc84832b20a844804a8118145416e39c52cf0dfdf2dbc84a3d,1778170142,BUY,Down,Down,-1,True,22.965515,0.8699999978228226,19.979998,19.979998,2.985517000000001,2.985517000000001,Down,1778170200,0.9690419012619876,-58,matched,4,1.220750190157973,0.6491763153999194,0.5715738747580535,1.7064435198460404,0.7475581912539168,0.199692612975291,0.5478655782786257,1.6356619976656683,110453.2515487551,798580.6233555295,-688127.3718067744,-2054415.9666944465,407183.3556587519,460538.4429704804,-53355.08731172851,-159292.5202056498
0xf6beafa72d6416525c4cf039c9c122883dbef6a3,0x8b080b7c220fbb46d0d9ee52d81093335292e6f0a2fe4eed6b64d04c76468856,1778954481,BUY,Down,Down,-1,True,13.115383,0.519999987800585,6.819998999999999,6.819998999999999,6.295384,6.295384,Down,1778954700,0.8522197257759399,-219,matched,4,0.6562546076070849,-0.2900544641161234,0.9463090717232083,5.957378989181138,0.8436244541274863,-0.11799862220287288,0.9616230763303593,6.053786528760923,502258.0689734912,-180607.52749507388,682865.596468565,4298901.150158661,24461.835880353043,24788.05957855459,-326.22369820154563,-2053.703450078839
0xf6beafa72d6416525c4cf039c9c122883dbef6a3,0x8b080b7c220fbb46d0d9ee52d81093335292e6f0a2fe4eed6b64d04c76468856,1778954479,BUY,Down,Down,-1,True,17.629628,0.5399999931932766,9.519998999999999,9.519998999999999,8.109629000000002,8.109629000000002,Down,1778954700,0.8522197257759399,-221,matched,4,0.6562546076070849,-0.002690330141485918,0.6589449377485708,5.343798976569006,0.8436244541274863,0.1734634244184084,0.6701610297090779,5.4347573211986,502258.0689734912,-81563.10068497884,583821.1696584701,4734573.08827625,24461.835880353043,24607.677893055086,-145.84201270204358,-1182.7246156268611
0xf6beafa72d6416525c4cf039c9c122883dbef6a3,0x8b080b7c220fbb46d0d9ee52d81093335292e6f0a2fe4eed6b64d04c76468856,1778954439,BUY,Down,Down,-1,True,25.241378,0.5799999904918027,14.639999,14.639999,10.601379000000001,10.601379000000001,Down,1778954700,0.8522197257759399,-261,matched,4,0.34828642222016,-0.17746238126676667,0.5257488034869267,5.573662324561432,0.8435646358546394,0.33394027419618555,0.5096243616584538,5.402721005574338,502282.03897758323,110403.1342864925,391878.90469109075,4154456.7907351316,46665.992876881064,47916.24362602806,-1250.250749146995,-13254.382036741223
0xf6beafa72d6416525c4cf039c9c122883dbef6a3,0x8b080b7c220fbb46d0d9ee52d81093335292e6f0a2fe4eed6b64d04c76468856,1778954432,BUY,Down,Down,-1,True,12.05,0.6,7.23,7.23,4.82,4.82,Down,1778954700,0.8522197257759399,-268,matched,4,0.34729463967701635,0.10389342323949617,0.24340121643752016,1.1731938632288472,0.843477297285374,0.6053697984195324,0.2381074988658416,1.1476781445333566,502253.8293363152,168741.2734947114,333512.5558416038,1607530.5191565303,46637.78323561305,47172.19436221021,-534.4111265971587,-2575.861630198305
0xf6beafa72d6416525c4cf039c9c122883dbef6a3,0x8b080b7c220fbb46d0d9ee52d81093335292e6f0a2fe4eed6b64d04c76468856,1778954432,BUY,Down,Down,-1,True,9.465516,0.5799999704189397,5.489999,5.489999,3.975516999999999,3.975516999999999,Down,1778954700,0.8522197257759399,-268,matched,4,0.34729463967701635,0.10389342323949617,0.24340121643752016,0.9676456737680407,0.843477297285374,0.6053697984195324,0.2381074988658416,0.9466004095686338,502253.8293363152,168741.2734947114,333512.5558416038,1325884.8354617448,46637.78323561305,47172.19436221021,-534.4111265971587,-2124.560518776156
0xf6beafa72d6416525c4cf039c9c122883dbef6a3,0x8b080b7c220fbb46d0d9ee52d81093335292e6f0a2fe4eed6b64d04c76468856,1778954432,BUY,Down,Down,-1,True,10.586204,0.5799999697719787,6.139997999999999,6.139997999999999,4.446206000000001,4.446206000000001,Down,1778954700,0.8522197257759399,-268,matched,4,0.34729463967701635,0.10389342323949617,0.24340121643752016,1.082211948931801,0.843477297285374,0.6053697984195324,0.2381074988658416,1.0586749901022983,502253.8293363152,168741.2734947114,333512.5558416038,1482865.5268582741,46637.78323561305,47172.19436221021,-534.4111265971587,-2376.1019575430473
0xb305d384400e3d7a15780216a55368ea677eca4e,0x8b46eb584d3a7b9270a04c482306186735fb899ec6d13226a6e3d298f3d6953d,1778331591,BUY,Down,Down,-1,False,100.0,0.688764,68.8764,68.8764,-68.8764,68.8764,Up,1778331600,0.11264218967034051,-9,offset_out_of_range,,,,,,,,,,,,,,,,,
0xf6beafa72d6416525c4cf039c9c122883dbef6a3,0x8b7891217aeeae9295f8c214e87f2b97df96868f2601ca9a757bf43fe8282a86,1777598004,BUY,Down,Down,-1,False,11.804877,0.40999995171487175,4.839999,4.839999,-4.839999,4.839999,Up,1777598100,0.20094748384859457,-96,matched,4,1.2190190570158166,-0.3980144058048832,1.6170334628206997,7.8264403430187235,0.8445017192032943,-0.8124140201761325,1.6569157393794267,8.019470521680686,29572.465142593017,-49889.98934096887,79462.45448356189,384598.200237985,246495.94867791526,216766.99266995717,29728.9560079581,143888.1173495612
0xf6beafa72d6416525c4cf039c9c122883dbef6a3,0x8b7891217aeeae9295f8c214e87f2b97df96868f2601ca9a757bf43fe8282a86,1777598004,BUY,Down,Down,-1,False,11.255812,0.4299999857851215,4.839999000000001,4.839999000000001,-4.839999000000001,4.839999000000001,Up,1777598100,0.20094748384859457,-96,matched,4,1.2190190570158166,-0.3980144058048832,1.6170334628206997,7.826440343018724,0.8445017192032943,-0.8124140201761325,1.6569157393794267,8.019470521680686,29572.465142593017,-49889.98934096887,79462.45448356189,384598.2002379851,246495.94867791526,216766.99266995717,29728.9560079581,143888.11734956122
0xf6beafa72d6416525c4cf039c9c122883dbef6a3,0x8b7891217aeeae9295f8c214e87f2b97df96868f2601ca9a757bf43fe8282a86,1777597962,BUY,Down,Down,-1,False,20.765956,0.46999998459016284,9.759998999999999,9.759998999999999,-9.759998999999999,9.759998999999999,Up,1777598100,0.20094748384859457,-138,matched,4,-0.3368339096984471,0.4198268082629413,-0.7566607179613885,-7.385007850642433,-0.21177480579696265,0.545843139998977,-0.7576179457959397,-7.394350393350424,-58370.308616259936,288361.36716238427,-346731.6757786442,-3384100.8088678913,14385.720629888878,13729.399284515843,656.321345373035,6405.695674519476
0xf6beafa72d6416525c4cf039c9c122883dbef6a3,0x8b7891217aeeae9295f8c214e87f2b97df96868f2601ca9a757bf43fe8282a86,1777597940,BUY,Down,Down,-1,False,63.369564,0.45999999305660366,29.149999,29.149999,-29.149999,29.149999,Up,1777598100,0.20094748384859457,-160,matched,4,-1.1311666691977975,-0.841859528864227,-0.2893071403335705,-8.43330285141644,-0.21476970516004756,0.08761637109854455,-0.3023860762585921,-8.814553820551884,-59421.55105276294,16380.46820904297,-75802.01926180591,-2209628.785679623,125930.46692320681,127281.64783226713,-1351.1809090603201,-39386.92214792743
0xb305d384400e3d7a15780216a55368ea677eca4e,0x8ba58844d75993d3e114407882542798983e0b30b3fdf5b08ac048f7e8869868,1780702195,BUY,Up,Up,1,False,200.0,0.2946395,58.9279,58.9279,-58.9279,58.9279,Down,1780702200,3.171891778937129,-5,offset_out_of_range,,,,,,,,,,,,,,,,,
0xf6beafa72d6416525c4cf039c9c122883dbef6a3,0x8ba58844d75993d3e114407882542798983e0b30b3fdf5b08ac048f7e8869868,1780701966,BUY,Up,Up,1,False,90.9,0.32,29.088,29.088,-29.088,29.088,Down,1780702200,3.171891778937129,-234,matched,4,1.7994712936450519,0.7014019383878404,1.0980693552572114,31.940641405721767,0.8700305597244848,-0.20800776708288662,1.0780383268073714,31.35797885017282,495988.4074584262,-314941.6558874294,810930.0633458556,23588333.682604246,2277934.3673311993,2272673.0180091048,5261.349322094582,153042.12908108722
0xb305d384400e3d7a15780216a55368ea677eca4e,0x8be2a563046d5d99cd6768ce3aef15da86a8f9c99f29b936e334d42f41472b17,1779036593,BUY,Up,Up,1,False,100.0,0.01,1.0,1.0,-1.0,1.0,Down,1779036600,8.241721796986178,-7,offset_out_of_range,,,,,,,,,,,,,,,,,
0xb305d384400e3d7a15780216a55368ea677eca4e,0x8be2a563046d5d99cd6768ce3aef15da86a8f9c99f29b936e334d42f41472b17,1779036570,BUY,Up,Up,1,False,100.0,0.078,7.8,7.8,-7.8,7.8,Down,1779036600,8.241721796986178,-30,matched,4,0.08325697510984265,-0.16036507036514605,0.2436220454749887,1.9002519547049117,0.9999999999999863,0.7694243817347086,0.23057561826527773,1.7984898224691663,9590.271018174986,54747.04338386521,-45156.77236569022,-352222.82445238373,4703.0132025260245,4550.527198080068,152.4860044459565,1189.3908346784606
0xb305d384400e3d7a15780216a55368ea677eca4e,0x8be504ceb0813bd6a683ca7030c3e30891416b768ed423c21fdb91d319b49cb1,1779951786,BUY,Up,Up,1,False,100.0,0.48,48.0,48.0,-48.0,48.0,Down,1779951900,0.7171618448954514,-114,matched,4,0.47487529748567936,-0.25530361376551747,0.7301789112511968,35.04858774005745,0.5407353870914307,-0.15822236503930903,0.6989577521307397,33.549972102275504,8838.320600630017,-91332.3165484516,100170.63714908162,4808190.583155918,27557.805655076634,27513.56610300143,44.23955207520339,2123.498499609763
0xb305d384400e3d7a15780216a55368ea677eca4e,0x8be504ceb0813bd6a683ca7030c3e30891416b768ed423c21fdb91d319b49cb1,1779951621,BUY,Up,Up,1,False,100.0,0.605,60.5,60.5,-60.5,60.5,Down,1779951900,0.7171618448954514,-279,matched,4,0.48868005312046353,-0.6241341111931125,1.112814164313576,67.32525694097136,0.8631713453428107,-0.2530891321704738,1.1162604775132845,67.53375888955371,227496.39253498713,-143365.46394956417,370861.85648455133,22437142.317315355,358818.83268647455,369018.3165086135,-10199.48382213898,-617068.7712394083
0xb305d384400e3d7a15780216a55368ea677eca4e,0x8be504ceb0813bd6a683ca7030c3e30891416b768ed423c21fdb91d319b49cb1,1779951614,BUY,Up,Up,1,False,30.0,0.59,17.7,17.7,-17.7,17.7,Down,1779951900,0.7171618448954514,-286,matched,4,0.4856662099390377,0.1129293291620653,0.3727368807769724,6.597442789752412,0.8618952176329288,0.48090388709733867,0.3809913305355901,6.743546550479945,227322.51877177614,953028.475001876,-725705.9562300999,-12844995.425272768,359237.50978726987,358756.25782906095,481.2519582089153,8518.1596602978
0xb305d384400e3d7a15780216a55368ea677eca4e,0x8be504ceb0813bd6a683ca7030c3e30891416b768ed423c21fdb91d319b49cb1,1779951843,BUY,Up,Up,1,False,100.0,0.32,32.0,32.0,-32.0,32.0,Down,1779951900,0.7171618448954514,-57,matched,4,0.8101572147602326,0.24260551129915564,0.567551703461077,18.161654510754463,0.9876386283387926,0.4239153135906197,0.5637233147481728,18.03914607194153,7238.091960757971,5291.541939047478,1946.5500217104927,62289.60069473577,9016.316737660673,9854.439805647104,-838.1230679864311,-26819.938175565796
0xb305d384400e3d7a15780216a55368ea677eca4e,0x8c7a864117167c01ca605d35f6e5972564cf11e4fe84f5d1dff8f857ad6517f2,1780811991,BUY,Down,Down,-1,True,100.0,0.76,76.0,76.0,24.0,24.0,Down,1780812000,2.514716949211325,-9,offset_out_of_range,,,,,,,,,,,,,,,,,
0xb305d384400e3d7a15780216a55368ea677eca4e,0x8c7a864117167c01ca605d35f6e5972564cf11e4fe84f5d1dff8f857ad6517f2,1780811985,BUY,Down,Down,-1,True,100.0,0.6144,61.44,61.44,38.56,38.56,Down,1780812000,2.514716949211325,-15,matched,4,1.7002189819828015,0.5469973366798946,1.153221645302907,44.4682266428801,0.7603052402500132,-0.3819775846677305,1.1422828249177437,44.0464257288282,264.4372441919986,5453.1752840412555,-5188.738039849257,-200077.73881658737,215.7616129531525,208.77444203029154,6.987170922860969,269.425310785519
0xb305d384400e3d7a15780216a55368ea677eca4e,0x8c7a864117167c01ca605d35f6e5972564cf11e4fe84f5d1dff8f857ad6517f2,1780811715,BUY,Down,Down,-1,True,300.0,0.69,206.99999999999997,206.99999999999997,93.00000000000001,93.00000000000001,Down,1780812000,2.514716949211325,-285,matched,4,-0.6517388873239561,0.4298808351670427,-1.081619722490999,-100.59063419166291,-0.9088459357469193,0.168358359001821,-1.0772042947487404,-100.17999941163286,-178656.8737854862,-13491.305697257452,-165165.56808822876,-15360397.832205277,33356.31059440179,32558.565559988434,797.745034413354,74190.28820044194
0xb305d384400e3d7a15780216a55368ea677eca4e,0x8c7a864117167c01ca605d35f6e5972564cf11e4fe84f5d1dff8f857ad6517f2,1780811709,BUY,Down,Down,-1,True,200.0,0.7,140.0,140.0,60.00000000000001,60.00000000000001,Down,1780812000,2.514716949211325,-291,matched,4,-0.6435983894449422,0.4268777915322126,-1.0704761809771548,-64.2285708586293,-0.9076924828260616,0.16509688715152313,-1.0727893699775848,-64.3673621986551,-178538.01782511524,-13520.75238646293,-165017.2654386523,-9901035.92631914,33349.99201625446,32446.790551013968,903.2014652404905,54192.08791442944
0xf6beafa72d6416525c4cf039c9c122883dbef6a3,0x8dae4b999e16848d14a9e2b78572c7bb51abfc294fa490680807daaafd4970b9,1778058338,BUY,Up,Up,1,True,18.807691,0.5199999829856838,9.779998999999998,9.779998999999998,9.027692,9.027692,Up,1778058600,4.77334949414613,-262,matched,4,0.7448256627234616,-0.00205724909441804,0.7468829118178797,6.742628887954978,0.8167589728963867,0.07970228920529349,0.7370566836910932,6.653920726904613,689371.9025147068,-185200.4575601806,874572.3600748874,7895369.898469181,57671.12562980503,56768.78542164799,902.3402081570384,8146.04947845763
0xf6beafa72d6416525c4cf039c9c122883dbef6a3,0x8ddf8dd4cbd389e2d46231e2055864b9d622413c0979dacded041f90b7e692b8,1777714718,BUY,Down,Down,-1,False,10.0,0.18,1.7999999999999998,1.7999999999999998,-1.7999999999999998,1.7999999999999998,Up,1777714800,0.43597258886040924,-82,matched,4,0.7226990732307833,-0.8215388247386894,1.5442378979694729,2.779628216345051,0.9991388225630154,-0.5642849131149795,1.563423735677995,2.814162724220391,1533158.3395066038,-164871.5951612579,1698029.9346678616,3056453.8824021504,10211.900995087344,10965.374291653978,-753.4732965666335,-1356.2519338199402
0xf6beafa72d6416525c4cf039c9c122883dbef6a3,0x8ddf8dd4cbd389e2d46231e2055864b9d622413c0979dacded041f90b7e692b8,1777714718,BUY,Down,Down,-1,False,14.055554,0.17999994877469788,2.529999,2.529999,-2.529999,2.529999,Up,1777714800,0.43597258886040924,-82,matched,4,0.7226990732307833,-0.8215388247386894,1.5442378979694729,3.9069203376248685,0.9991388225630154,-0.5642849131149795,1.563423735677995,3.955460487841592,1533158.3395066038,-164871.5951612579,1698029.9346678616,4296014.036679755,10211.900995087344,10965.374291653978,-753.4732965666335,-1906.2866868402864
0xf6beafa72d6416525c4cf039c9c122883dbef6a3,0x8ddf8dd4cbd389e2d46231e2055864b9d622413c0979dacded041f90b7e692b8,1777714718,BUY,Down,Down,-1,False,12.61111,0.17999993656387106,2.269999,2.269999,-2.269999,2.269999,Up,1777714800,0.43597258886040924,-82,matched,4,0.7226990732307833,-0.8215388247386894,1.5442378979694729,3.505418484152805,0.9991388225630154,-0.5642849131149795,1.563423735677995,3.548970316565313,1533158.3395066038,-164871.5951612579,1698029.9346678616,3854526.253666111,10211.900995087344,10965.374291653978,-753.4732965666335,-1710.3836297329615
0xf6beafa72d6416525c4cf039c9c122883dbef6a3,0x8ddf8dd4cbd389e2d46231e2055864b9d622413c0979dacded041f90b7e692b8,1777714718,BUY,Down,Down,-1,False,14.160554,0.1673662626476337,2.369999,2.369999,-2.369999,2.369999,Up,1777714800,0.43597258886040924,-82,matched,4,0.7226990732307833,-0.8215388247386894,1.5442378979694729,3.6598422739497525,0.9991388225630154,-0.5642849131149795,1.563423735677995,3.705312690133112,1533158.3395066038,-164871.5951612579,1698029.9346678616,4024329.2471328974,10211.900995087344,10965.374291653978,-753.4732965666335,-1785.7309593896248
0xf6beafa72d6416525c4cf039c9c122883dbef6a3,0x8ddf8dd4cbd389e2d46231e2055864b9d622413c0979dacded041f90b7e692b8,1777714784,BUY,Down,Down,-1,False,12.198887,0.3942981847442312,4.8099989999999995,4.8099989999999995,-4.8099989999999995,4.8099989999999995,Up,1777714800,0.43597258886040924,-16,matched,4,-9.048184189941466e-05,0.0003425155300406102,-0.00043299737194002486,-0.0020827169260341474,0.9999095181581015,0.9998821687858466,2.7349372254903415e-05,0.00013155045319671315,750210.741859413,306741.79200091073,443468.94985850225,2133085.2053504456,470080.07637644047,460145.85650335165,9934.21987308882,47783.587655337345
0xf6beafa72d6416525c4cf039c9c122883dbef6a3,0x8e61be01787ff910a855e1581addbbbddbf114d1bd2177e938290caaaa2ffa1f,1778518222,BUY,Down,Down,-1,True,5.48148,0.5399999635135037,2.9599990000000003,2.9599990000000003,2.521481,2.521481,Down,1778518500,6.337094946478916,-278,matched,4,1.035471083422264,0.7612040393736974,0.2742670440485666,0.6915591404946239,0.2954522271999339,0.02200958489381777,0.27344264230611615,0.6894804271646681,41554.42115192488,153480.3767567664,-111925.95560484153,-282219.1704644514,57152.25107076578,60390.48432403775,-3238.233253271974,-8165.14362169347
0xb305d384400e3d7a15780216a55368ea677eca4e,0x8e7ec71f7155fbe4adcd3977bf59728bd93a53c435d65364ecf92159748edf1a,1780222852,BUY,Down,Down,-1,True,300.0,0.480583,144.1749,144.1749,155.8251,155.8251,Down,1780223100,5.94284146327547,-248,matched,4,-0.03399345532213216,-0.8355215315058245,0.8015280761836924,124.89819262413148,0.959502236748423,0.1124930560270267,0.8470091807213964,131.98529028682967,839353.0939381398,189720.42684933855,649632.6670888013,101229075.31237917,84180.29090831692,84438.1279084436,-257.83700012667396,-40177.47632843898
0xf6beafa72d6416525c4cf039c9c122883dbef6a3,0x8ec667e82bfe1de6193f23ddccf73e13884308e9b642b3a7626602af4f87a6ca,1778798544,BUY,Down,Down,-1,False,56.647057,0.33999999329179625,19.259999,19.259999,-19.259999,19.259999,Up,1778798700,0.24366213252960603,-156,matched,4,0.7638362093947835,0.5490943064571475,0.21474190293763595,4.135928835836966,0.2936585533989584,0.07305522859335457,0.22060332480560385,4.248819815152605,3272.8196350660437,77985.51241670866,-74712.69278164262,-1438966.388261744,87477.39661595115,85577.57529895366,1899.8213169974915,36590.55666555037
0xb305d384400e3d7a15780216a55368ea677eca4e,0x8f2dd401c919e0be3c2fb017d3875f2834aa387f92859b6950afbe23ba373676,1779673416,BUY,Down,Down,-1,True,41.67,0.52,21.668400000000002,21.668400000000002,20.0016,20.0016,Down,1779673500,1.5775207284043982,-84,matched,4,1.9442163534632486,1.3899750105156201,0.5542413429476285,11.085713645101286,0.9454178184831581,0.3926598406020324,0.5527579778811257,11.056043970387122,155364.1357420797,11137.658069319637,144226.47767276005,2884760.3158194777,387278.8688422771,383149.0197410963,4129.849101180793,82603.58978217775
0xb305d384400e3d7a15780216a55368ea677eca4e,0x8f2dd401c919e0be3c2fb017d3875f2834aa387f92859b6950afbe23ba373676,1779673383,BUY,Down,Down,-1,True,144.32,0.6127771618625277,88.43599999999999,88.43599999999999,55.88399999999999,55.88399999999999,Down,1779673500,1.5775207284043982,-117,matched,4,-0.9848338376116268,-0.9861137973274883,0.0012799597158614784,0.07152926876120284,-0.41944941958967835,-0.40295666402218466,-0.01649275556749369,-0.9216811521338172,-230982.67881553934,-15569.76435498452,-215412.91446055484,-12038135.311713645,10605.996350518893,10072.385606235446,533.6107442834473,29820.302833536163
0xb305d384400e3d7a15780216a55368ea677eca4e,0x8f2dd401c919e0be3c2fb017d3875f2834aa387f92859b6950afbe23ba373676,1779673372,BUY,Down,Down,-1,True,100.0,0.61,61.0,61.0,39.0,39.0,Down,1779673500,1.5775207284043982,-128,matched,4,-0.9975717870827403,-1.3440035345060726,0.34643174742333227,13.510838149509958,-0.41976158551902853,-0.7576330106214174,0.3378714251023889,13.176985578993166,-231278.94278641534,-39371.02653924248,-191907.91624717286,-7484408.733639741,10522.470578682958,10977.53791782021,-455.0673391372511,-17747.626226352793
0xb305d384400e3d7a15780216a55368ea677eca4e,0x8f35df72627ce2501236071f81b6eb01707b74e3ddce009b5328723bc7c10954,1780242592,BUY,Down,Down,-1,False,3.09,0.54,1.6686,1.6686,-1.6686,1.6686,Up,1780242600,1.1365555668578597,-8,offset_out_of_range,,,,,,,,,,,,,,,,,
0xb305d384400e3d7a15780216a55368ea677eca4e,0x8f35df72627ce2501236071f81b6eb01707b74e3ddce009b5328723bc7c10954,1780242574,BUY,Down,Down,-1,False,30.0,0.66,19.8,19.8,-19.8,19.8,Up,1780242600,1.1365555668578597,-26,matched,4,1.9684926858492202,0.460871608151282,1.5076210776979382,29.850897338419177,0.9997614858531235,-0.4972725565191378,1.4970340423722615,29.641274038970778,523262.2623717139,6230.23928215076,517032.0230895631,10237234.05717335,2207.037841407,2195.66208443878,11.37575696822023,225.23998797076055
0xb305d384400e3d7a15780216a55368ea677eca4e,0x90d08c853203725ff9ee5c2fb384c3abacb799360d25e54cd036f1588b362ed6,1779010712,BUY,Up,Up,1,True,100.0,0.63,63.0,63.0,37.0,37.0,Up,1779010800,2.0399665141934746,-88,matched,4,1.4513770075211385,0.5762122074695891,0.8751648000515494,32.38109760190733,0.9938653003283565,0.12951708164563186,0.8643482186827247,31.980884091260815,490091.9713999422,-7057.669327789314,497149.6407277315,18394536.706926066,7511.371289753821,7960.966122114565,-449.5948323607445,-16635.008797347546
0xf6beafa72d6416525c4cf039c9c122883dbef6a3,0x90d08c853203725ff9ee5c2fb384c3abacb799360d25e54cd036f1588b362ed6,1779010539,BUY,Up,Up,1,True,26.613332,0.75,19.959999,19.959999,6.653333,6.653333,Up,1779010800,2.0399665141934746,-261,matched,4,0.09719387824730108,-0.40906350864694285,0.5062573868942439,3.368298978717241,0.9717523689712757,0.4690105328760537,0.502741836095222,3.344908848572932,487626.261935771,37924.07365443504,449702.1882813359,2992018.4094644254,75533.02410693024,76410.70882307064,-877.6847161404003,-5839.528685492558
0xb305d384400e3d7a15780216a55368ea677eca4e,0x90d08c853203725ff9ee5c2fb384c3abacb799360d25e54cd036f1588b362ed6,1779010539,BUY,Up,Up,1,True,9.72,0.74,7.1928,7.1928,2.5272,2.5272,Up,1779010800,2.0399665141934746,-261,matched,4,0.09719387824730108,-0.40906350864694285,0.5062573868942439,1.2794136681591333,0.9717523689712757,0.4690105328760537,0.502741836095222,1.2705291681798452,487626.261935771,37924.07365443504,449702.1882813359,1136487.3702245923,75533.02410693024,76410.70882307064,-877.6847161404003,-2218.0848146300195
0xb305d384400e3d7a15780216a55368ea677eca4e,0x90d08c853203725ff9ee5c2fb384c3abacb799360d25e54cd036f1588b362ed6,1779010491,BUY,Down,Down,-1,False,172.81,0.32,55.2992,55.2992,-55.2992,55.2992,Up,1779010800,2.0399665141934746,-309,matched,4,0.0030464442675283143,0.2307754576390225,-0.22772901337149418,-12.59323225623293,-0.9680511463319934,-0.7395837827860471,-0.22846736354594632,-12.634062430199995,-486842.4982649281,-841185.3761021635,354342.87783723534,19594877.670096844,270322.3661990701,270125.43643548735,196.92976358276792,10890.0583823162
0xf6beafa72d6416525c4cf039c9c122883dbef6a3,0x90d08c853203725ff9ee5c2fb384c3abacb799360d25e54cd036f1588b362ed6,1779010304,BUY,Up,Up,1,True,71.739129,0.689999999860606,49.499999,49.499999,22.239130000000007,22.239130000000007,Up,1779010800,2.0399665141934746,-496,matched,4,-0.03234868414308134,-0.3491063490991412,0.31675766495605984,7.044414889454261,0.9591262111481921,0.6403630416586307,0.3187631694895614,7.089015565490392,553652.0932130653,126308.02191153509,427344.07130153023,9503760.356404003,1020276.8867230107,1095206.2704598682,-74929.38373685756,-1666364.3057438617
0xf6beafa72d6416525c4cf039c9c122883dbef6a3,0x914a12f19026dcfc87533886dac4ae9003e5ea6c206dc288581a24b51dc4c7f7,1777840024,BUY,Up,Up,1,False,4.761903,0.20999986769995105,0.9999990000000001,0.9999990000000001,-0.9999990000000001,0.9999990000000001,Down,1777840200,0.937104284083763,-176,matched,4,-0.22451732134256602,-0.12207099029911866,-0.10244633104344736,-0.10244622859711633,0.37897156004615246,0.4930730407073789,-0.11410148066122644,-0.11410136655974579,17462.823919084738,234988.56226592028,-217525.73834683554,-217525.52082109722,1022877.7929748895,884338.3319844762,138539.46099041332,138539.32245095234
0xf6beafa72d6416525c4cf039c9c122883dbef6a3,0x914a12f19026dcfc87533886dac4ae9003e5ea6c206dc288581a24b51dc4c7f7,1777839976,BUY,Down,Down,-1,True,12.048777,0.8199999883805634,9.879997,9.879997,2.16878,2.16878,Down,1777840200,0.937104284083763,-224,matched,4,0.03498276367109887,0.41156710165016713,-0.37658433797906826,-0.8167285805222436,-0.6063856294584363,-0.23341106165112493,-0.3729745678073114,-0.8088997831691408,-45024.378746725764,-221214.4765548448,176190.09780811903,382117.5603242924,1146909.667433877,1230141.6638773505,-83231.9964434735,-180511.88924667647
0xb305d384400e3d7a15780216a55368ea677eca4e,0x915b17854367c9d92eea1d7ab7eeff4e8e3a03ccc074c73750db13348a7914a7,1779105828,BUY,Down,Down,-1,True,200.0,0.3,60.0,60.0,140.0,140.0,Down,1779105900,0.8396089179580892,-72,matched,4,0.0565966624958848,-0.6313475434698024,0.6879442059656872,96.31218883519621,0.9893330567738728,0.3226377600069024,0.6666952967669704,93.33734154737586,1205841.472421492,99817.43780919458,1106024.0346122973,154843364.84572163,452239.6440591295,466354.26558445254,-14114.621525323018,-1976047.0135452226
0xb305d384400e3d7a15780216a55368ea677eca4e,0x915b17854367c9d92eea1d7ab7eeff4e8e3a03ccc074c73750db13348a7914a7,1779105886,BUY,Down,Down,-1,True,200.0,0.1488,29.759999999999998,29.759999999999998,170.23999999999998,170.23999999999998,Down,1779105900,0.8396089179580892,-14,matched,4,0.02606429028560764,-1.4737149206357691,1.4997792109213768,255.32241286725517,0.9989166761453084,-0.47647019076794506,1.4753868669132535,251.16986022331224,1017900.3904287927,-581562.3957833226,1599462.7862121153,272292544.72475046,185502.5024562059,181498.8095204957,4003.692935710191,681588.6853753028
0xf6beafa72d6416525c4cf039c9c122883dbef6a3,0x917efebbdfad9241bf639dd803f65c3ffad7473ceb27bf19b792b9736a3c941a,1777679364,BUY,Down,Down,-1,False,58.26,0.16203226913834534,9.44,9.44,-9.44,9.44,Up,1777679400,5.826259949803644,-36,matched,4,0.7284214782236024,1.3502918556000099,-0.6218703773764075,-5.870456362433287,-0.2715785217764731,0.3535669007572346,-0.6251454225337078,-5.901372788718201,-56.17040889100463,4658.318942653277,-4714.489351544282,-44504.77947857802,1351.1256634499296,1350.2473080960044,0.8783553539251443,8.291674541053363
0xb305d384400e3d7a15780216a55368ea677eca4e,0x9190595bff616b49af44c416ae512c726ac823b71e55e9284c2570ee63fb28fb,1780622383,BUY,Down,Down,-1,True,40.0,0.65,26.0,26.0,14.0,14.0,Down,1780622400,0.9605715498990443,-17,matched,4,0.12452008307507878,-1.5613741769728815,1.6858942600479603,23.602519640671446,0.9884109689384925,-0.7116407155273647,1.700051684465857,23.800723582522,22690.19731806731,-80215.00667436405,102905.20399243136,1440672.855894039,2688.193864375353,2859.3144104378043,-171.12054606245147,-2395.6876448743205
0xf6beafa72d6416525c4cf039c9c122883dbef6a3,0x9231e57eb1c6442448c3d61de609c4b8cd79dd32930ff2feef02485849f4c1ec,1779559545,BUY,Down,Down,-1,False,5.51724,0.28999989124997283,1.5999990000000002,1.5999990000000002,-1.5999990000000002,1.5999990000000002,Up,1779559800,6.579310093515009,-255,matched,4,0.5019587516803516,0.511835507881801,-0.009876756201449344,-0.01580280004556275,-0.11348799547291344,-0.10717349247621002,-0.006314502996703414,-0.010103198480222467,-27872.933363275995,49235.523481620774,-77108.45684489678,-123373.45384337801,63104.92395238095,60912.24545633589,2192.6784960450605,3508.283400993601
0xf6beafa72d6416525c4cf039c9c122883dbef6a3,0x9231e57eb1c6442448c3d61de609c4b8cd79dd32930ff2feef02485849f4c1ec,1779559545,BUY,Down,Down,-1,False,126.850688,0.283009887971597,35.899999,35.899999,-35.899999,35.899999,Up,1779559800,6.579310093515009,-255,matched,4,0.5019587516803516,0.511835507881801,-0.009876756201449344,-0.3545755377552752,-0.11348799547291344,-0.10717349247621002,-0.006314502996703414,-0.22669065126714957,-27872.933363275995,49235.523481620774,-77108.45684489678,-2768193.5236233375,63104.92395238095,60912.24545633589,2192.6784960450605,78717.15581533918
0xf6beafa72d6416525c4cf039c9c122883dbef6a3,0x9231e57eb1c6442448c3d61de609c4b8cd79dd32930ff2feef02485849f4c1ec,1779559543,BUY,Down,Down,-1,False,46.0,0.27,12.420000000000002,12.420000000000002,-12.420000000000002,12.420000000000002,Up,1779559800,6.579310093515009,-257,matched,4,0.5019587516803516,0.5123884688348969,-0.010429717154545215,-0.12953708705945158,-0.11348799547291344,-0.10718861978903946,-0.006299375683873981,-0.07823824599371486,-27872.933363275995,49223.326700310776,-77096.26006358677,-957535.5499897478,63104.92395238095,61052.293129968806,2052.630822412146,25493.674814358856
0xf6beafa72d6416525c4cf039c9c122883dbef6a3,0x9231faed1b8e836fce49eabd327462a02bfad1cc94d3a4af4fa743ee5fb4380c,1780827415,BUY,Down,Down,-1,False,58.13,0.31,18.020300000000002,18.020300000000002,-18.020300000000002,18.020300000000002,Up,1780827600,0.13639406424938674,-185,matched,4,0.6491647189794574,1.1260453891834823,-0.4768806702040249,-8.593532741277592,-0.3456857784042794,0.13115941905258338,-0.47684519745686277,-8.592893511731905,-1925.5055292220786,31547.16539371929,-33472.67092294137,-603187.5718326804,1258209.4117681382,1251991.1328157345,6218.2789524036925,112055.25220600028
0xf6beafa72d6416525c4cf039c9c122883dbef6a3,0x9231faed1b8e836fce49eabd327462a02bfad1cc94d3a4af4fa743ee5fb4380c,1780827357,BUY,Down,Down,-1,False,47.58,0.22,10.4676,10.4676,-10.4676,10.4676,Up,1780827600,0.13639406424938674,-243,matched,4,0.8423426925408186,1.1721435131606202,-0.32980082061980154,-3.4522230699198344,-0.14318145249245556,0.18082615762757015,-0.3240076101200257,-3.391582059692381,-1050.112989379908,2075311.8262437922,-2076361.9392331722,-21734526.235117152,1272505.2218972116,1283761.3648470864,-11256.142949874746,-117824.80194210888
0xf6beafa72d6416525c4cf039c9c122883dbef6a3,0x9231faed1b8e836fce49eabd327462a02bfad1cc94d3a4af4fa743ee5fb4380c,1780827355,BUY,Down,Down,-1,False,147.05,0.23,33.82150000000001,33.82150000000001,-33.82150000000001,33.82150000000001,Up,1780827600,0.13639406424938674,-245,matched,4,0.8449920356683751,1.169465453323219,-0.32447341765484383,-10.974177695213303,-0.1405586579872056,0.17816505108660877,-0.31872370907381437,-10.779713926440015,-1033.2476181009552,2074350.8881659491,-2075384.13578405,-70192604.54842027,1272508.8565326727,1282811.3627013622,-10302.506168689579,-348446.21238433465
0xf6beafa72d6416525c4cf039c9c122883dbef6a3,0x92d83651f27d3f30db6ac94b7d923ee574f284418114a18d862bc1ffe2c880a4,1777681102,BUY,Up,Up,1,False,7.793648,0.6299999692056916,4.909998,4.909998,-4.909998,4.909998,Down,1777681200,0.8175371768294305,-98,matched,4,0.7419759015346684,-0.09627468855809142,0.8382505900927598,4.11580872085427,0.7644791499935705,-0.08090335961275225,0.8453825096063228,4.150826431402026,1672.2750817170308,-8027.2929962729795,9699.56807799001,47624.859863794794,9864.570617900812,9861.565144042252,3.0054738585604355,14.75687063458402
0xf6beafa72d6416525c4cf039c9c122883dbef6a3,0x92d83651f27d3f30db6ac94b7d923ee574f284418114a18d862bc1ffe2c880a4,1777681094,BUY,Up,Up,1,False,8.561402,0.5699999836475381,4.879999,4.879999,-4.879999,4.879999,Down,1777681200,0.8175371768294305,-106,matched,4,0.7470091635498713,-0.09066522799150023,0.8376743915413716,4.087850193047502,0.7713699012673184,-0.05638652961248983,0.8277564308798082,4.039450554937033,1738.203892709047,-1372.7162875488866,3110.9201802579337,15181.287368738534,9883.351467207889,9049.37163825467,833.9798289532191,4069.82073131188
0xf6beafa72d6416525c4cf039c9c122883dbef6a3,0x935401734b93153133aef85fddea4c83388d2c78f8d4bd4df7fb642cc20e763b,1778350330,BUY,Up,Up,1,True,7.630433,0.4599999764102509,3.509999,3.509999,4.1204339999999995,4.1204339999999995,Up,1778350500,1.2987330262240049,-170,matched,4,1.170526916837134,-0.3842796421909526,1.5548065590280866,6.406477809242334,0.9933200136714305,-0.5625414536119383,1.5558614672833688,6.41082448908428,1293040.6020137568,-44910.477440717725,1337951.0794544744,5512939.118120917,46953.91915775044,47169.90414245159,-215.9849847011501,-889.9518744520985
0xf6beafa72d6416525c4cf039c9c122883dbef6a3,0x935401734b93153133aef85fddea4c83388d2c78f8d4bd4df7fb642cc20e763b,1778350330,BUY,Up,Up,1,True,36.479165,0.47999999451741837,17.509999,17.509999,18.969166,18.969166,Up,1778350500,1.2987330262240049,-170,matched,4,1.170526916837134,-0.3842796421909526,1.5548065590280866,29.493383716092577,0.9933200136714305,-0.5625414536119383,1.5558614672833688,29.513394445901795,1293040.6020137568,-44910.477440717725,1337951.0794544744,25379816.126051117,46953.91915775044,47169.90414245159,-215.9849847011501,-4097.055028303577
0xf6beafa72d6416525c4cf039c9c122883dbef6a3,0x935401734b93153133aef85fddea4c83388d2c78f8d4bd4df7fb642cc20e763b,1778350486,BUY,Down,Down,-1,False,12.502819,0.38391333986359394,4.799999,4.799999,-4.799999,4.799999,Up,1778350500,1.2987330262240049,-14,matched,4,0.0002895365633419633,-0.0011865223631904176,0.001476058926532381,0.007085081371296501,-0.9997104634366587,-0.99949737154622,-0.00021309189043872134,-0.001022840861013972,-730189.716063627,-236901.4187517354,-493288.2973118917,-2367783.3338087825,485232.51225881255,470745.83246473863,14486.67979407392,69536.04852487502
0xf6beafa72d6416525c4cf039c9c122883dbef6a3,0x9389772d3528aa12517c5b287696284f3f745d39ea3cf90104443d15f4640c1b,1779511508,BUY,Up,Up,1,True,43.544115,0.6799999954069569,29.609998,29.609998,13.934116999999997,13.934116999999997,Up,1779511800,1.489231962776603,-292,matched,4,1.5685845271139938,1.1408781663327354,0.42770636078125834,5.959710472770264,0.6718125031569834,0.23708258315446717,0.4347299200025162,6.0575775687157,512866.4422238807,-38550.119841229265,551416.56206511,7683502.891553002,167737.04242565588,167756.9306452655,-19.888219609623775,-277.12477896219195
0xf6beafa72d6416525c4cf039c9c122883dbef6a3,0x9389772d3528aa12517c5b287696284f3f745d39ea3cf90104443d15f4640c1b,1779511508,BUY,Up,Up,1,True,29.588234,0.6799999959443338,20.119999,20.119999,9.468235,9.468235,Up,1779511800,1.489231962776603,-292,matched,4,1.5685845271139938,1.1408781663327354,0.42770636078125834,4.049624334871738,0.6718125031569834,0.23708258315446717,0.4347299200025162,4.116125044115024,512866.4422238807,-38550.119841229265,551416.56206511,5220941.592524546,167737.04242565588,167756.9306452655,-19.888219609623775,-188.30633699552615
0xf6beafa72d6416525c4cf039c9c122883dbef6a3,0x9389772d3528aa12517c5b287696284f3f745d39ea3cf90104443d15f4640c1b,1779511732,BUY,Up,Up,1,True,26.263154,0.7599999984769537,19.959996999999998,19.959996999999998,6.303157000000001,6.303157000000001,Up,1779511800,1.489231962776603,-68,matched,4,1.7466259019882466,1.5004176274307053,0.24620827455754135,1.5518894092352888,0.7682331177681381,0.5227297158872688,0.24550340188086928,1.5474464860892145,547398.976008292,5247.861175506306,542151.1148327858,3417263.594516078,39347.701865561074,39533.941425279336,-186.23955971826217,-1173.8971845150822
0xb305d384400e3d7a15780216a55368ea677eca4e,0x9436902f85b8f6637f054035ec1cb76c362f7657f2b14a578a261ea5b8d5d706,1778549097,BUY,Down,Down,-1,False,100.0,0.13092,13.092,13.092,-13.092,13.092,Up,1778549100,3.220282572562419,-3,offset_out_of_range,,,,,,,,,,,,,,,,,
0xb305d384400e3d7a15780216a55368ea677eca4e,0x9436902f85b8f6637f054035ec1cb76c362f7657f2b14a578a261ea5b8d5d706,1778549093,BUY,Down,Down,-1,False,100.0,0.212856,21.2856,21.2856,-21.2856,21.2856,Up,1778549100,3.220282572562419,-7,offset_out_of_range,,,,,,,,,,,,,,,,,
0xb305d384400e3d7a15780216a55368ea677eca4e,0x9436902f85b8f6637f054035ec1cb76c362f7657f2b14a578a261ea5b8d5d706,1778549088,BUY,Down,Down,-1,False,100.0,0.28,28.000000000000004,28.000000000000004,-28.000000000000004,28.000000000000004,Up,1778549100,3.220282572562419,-12,matched,4,-1.0041412146222228e-11,0.8746002058028978,-0.8746002058129392,-24.4888057627623,-1.0,-0.1253997941946147,-0.8746002058053853,-24.488805762550793,-231.30658978410065,-18376.6677225834,18145.3611327993,508070.1117183804,92.74865684099495,93.74001233094896,-0.9913554899540031,-27.75795371871209
0xb305d384400e3d7a15780216a55368ea677eca4e,0x9436902f85b8f6637f054035ec1cb76c362f7657f2b14a578a261ea5b8d5d706,1778548831,BUY,Down,Down,-1,False,134.33,0.44186257723516714,59.35540000000001,59.35540000000001,-59.35540000000001,59.35540000000001,Up,1778549100,3.220282572562419,-269,matched,4,-1.1580152402837163,-0.6646809622267876,-0.49333427805692864,-29.28205340778023,-0.334658155900458,0.16303240210302714,-0.49769055800348516,-29.540622146520068,-13178.653275626712,60983.95383422982,-74162.60710985653,-4401951.210048379,762965.5427939817,760324.7647969156,2640.7779970661504,156744.4343270602
0xb305d384400e3d7a15780216a55368ea677eca4e,0x9436902f85b8f6637f054035ec1cb76c362f7657f2b14a578a261ea5b8d5d706,1778548817,BUY,Down,Down,-1,False,100.0,0.48,48.0,48.0,-48.0,48.0,Up,1778549100,3.220282572562419,-283,matched,4,-1.1559585089943578,-0.6419016325162326,-0.5140568764781253,-24.674730070950012,-0.33515471966609345,0.17497122803237297,-0.5101259476984664,-24.48604548952639,-13208.06524155289,169340.37901558413,-182548.44425713702,-8762325.324342577,764068.8412137106,744870.6979423075,19198.143271403154,921510.8770273514
0xf6beafa72d6416525c4cf039c9c122883dbef6a3,0x9436902f85b8f6637f054035ec1cb76c362f7657f2b14a578a261ea5b8d5d706,1778548806,BUY,Down,Down,-1,False,10.619046,0.4199999698654663,4.459999000000001,4.459999000000001,-4.459999000000001,4.459999000000001,Up,1778549100,3.220282572562419,-294,matched,4,-1.1590076020749578,-0.5558028003495753,-0.6032048017253825,-2.6902928124904046,-0.33776499587098424,0.27288967699275096,-0.6106546728637352,-2.7235192303175864,-13369.122485992499,277163.9299574312,-290533.0524434237,-1295777.1233646176,765773.8617810272,758675.7216953128,7098.1400857144035,31657.69768414616
0xf6beafa72d6416525c4cf039c9c122883dbef6a3,0x9436902f85b8f6637f054035ec1cb76c362f7657f2b14a578a261ea5b8d5d706,1778548805,BUY,Down,Down,-1,False,2.465115,0.42999981745273547,1.059999,1.059999,-1.059999,1.059999,Up,1778549100,3.220282572562419,-295,matched,4,-1.1567189448386146,-0.5203170454487934,-0.6364018993898212,-0.674585376951311,-0.33776499587098424,0.29562182298192374,-0.6333868188529079,-0.6713893945972635,-13369.122485992499,310642.79397322977,-324011.91645922227,-343452.3074348591,766737.3792417981,742528.3907461674,24208.988495630678,25661.503596380022
0xb305d384400e3d7a15780216a55368ea677eca4e,0x9436902f85b8f6637f054035ec1cb76c362f7657f2b14a578a261ea5b8d5d706,1778549083,BUY,Down,Down,-1,False,100.0,0.34,34.0,34.0,-34.0,34.0,Up,1778549100,3.220282572562419,-17,matched,4,-0.0060922644382261915,0.8160829691391063,-0.8221752335773325,-27.953957941629305,-0.9999999999969179,-0.1822485754702475,-0.8177514245266704,-27.803548433906794,-302.1736568240449,234.71357190667186,-536.8872287307167,-18254.16577684437,10274.654430313036,10263.827380962786,10.827049350249581,368.11967790848576
0xb305d384400e3d7a15780216a55368ea677eca4e,0x9436902f85b8f6637f054035ec1cb76c362f7657f2b14a578a261ea5b8d5d706,1778549081,BUY,Down,Down,-1,False,100.0,0.3385,33.85,33.85,-33.85,33.85,Up,1778549100,3.220282572562419,-19,matched,4,-0.006027487451794267,0.9410870408162548,-0.9471145282680491,-32.05982678187346,-0.9999999999969179,-0.058456535526479225,-0.9415434644704387,-31.871246272324353,-302.1736568240449,134.83048697581035,-437.0041437998552,-14792.5902676251,10385.075423251837,10414.96844097042,-29.893017718582996,-1011.8786497740344
0xf6beafa72d6416525c4cf039c9c122883dbef6a3,0x943dd45dc362bb021d5bc8312033946ec000b2460c4577fef49fac914ec93ff9,1778576350,BUY,Down,Down,-1,True,2.361701,0.46999980099089594,1.109999,1.109999,1.2517020000000003,1.2517020000000003,Down,1778576400,1.4167559319361656,-50,matched,4,1.9750497060442664,0.6060174030819603,1.3690323029623062,1.713620471682525,0.9750497060442331,-0.3937057281756164,1.3687554342198496,1.7132739145238547,798276.0429005038,-40098.05128568975,838374.0941861935,1049394.5304410472,3494.911967948894,3493.5730890912964,1.3388788575975923,1.675877343812622
0xf6beafa72d6416525c4cf039c9c122883dbef6a3,0x943dd45dc362bb021d5bc8312033946ec000b2460c4577fef49fac914ec93ff9,1778576323,BUY,Down,Down,-1,True,91.142856,0.4199999942946708,38.279999,38.279999,52.86285699999999,52.86285699999999,Down,1778576400,1.4167559319361656,-77,matched,4,1.6109193776529587,0.24630784194367883,1.3646115357092798,72.13726447275005,0.974874339553026,-0.3917713578830314,1.3666456974360575,72.24479607322756,798203.3430553538,-19534.208009250637,817737.5510646044,43227943.225458376,5127.463812822942,5029.382624655082,98.08118816786009,5184.851824507679
0xf6beafa72d6416525c4cf039c9c122883dbef6a3,0x943dd45dc362bb021d5bc8312033946ec000b2460c4577fef49fac914ec93ff9,1778576322,BUY,Down,Down,-1,True,8.292681,0.4099999746764647,3.399999,3.399999,4.892682000000001,4.892682000000001,Down,1778576400,1.4167559319361656,-78,matched,4,1.5983999428338556,0.3998108269417439,1.1985891158921116,5.864315392721249,0.974874339553026,-0.22148613193828992,1.196360471491316,5.853411344377076,798203.3430553538,-12978.12840356696,811181.4714589209,3968852.9841405763,5167.003040822921,5044.6864153789575,122.31662544396386,598.456351610424
0xf6beafa72d6416525c4cf039c9c122883dbef6a3,0x943dd45dc362bb021d5bc8312033946ec000b2460c4577fef49fac914ec93ff9,1778576320,BUY,Down,Down,-1,True,19.378377,0.3699999747140847,7.169999000000001,7.169999000000001,12.208378,12.208378,Down,1778576400,1.4167559319361656,-80,matched,4,1.5983999428338556,0.5294163067167698,1.068983636117086,13.050556305531837,0.974874339553026,-0.10150342207463289,1.0763777616276589,13.140826584744355,798203.3430553538,1583.9839726543596,796619.3590826995,9725430.25779933,5167.003040822921,5005.664956936322,161.33808388659963,1969.6763138833173
0xf6beafa72d6416525c4cf039c9c122883dbef6a3,0x943dd45dc362bb021d5bc8312033946ec000b2460c4577fef49fac914ec93ff9,1778576264,BUY,Down,Down,-1,True,15.54,0.5,7.77,7.77,7.77,7.77,Down,1778576400,1.4167559319361656,-136,matched,4,0.6679295678912479,-0.8215548741808945,1.4894844420721425,11.573294114900547,0.9651931360678462,-0.505354674911413,1.4705478109792591,11.426156491308843,794761.8321102319,-15561.143075670652,810322.9751859026,6296209.517194463,15653.647114414023,14857.333056845004,796.3140575690195,6187.360227311281
0xf6beafa72d6416525c4cf039c9c122883dbef6a3,0x943dd45dc362bb021d5bc8312033946ec000b2460c4577fef49fac914ec93ff9,1778576262,BUY,Down,Down,-1,True,28.65306,0.4899999860398854,14.039999,14.039999,14.613061000000002,14.613061000000002,Down,1778576400,1.4167559319361656,-138,matched,4,0.6679295678912479,-0.8284321203479353,1.4963616882391833,21.86642462830217,0.9651931360678462,-0.5260298782794344,1.4912230143472804,21.791332873260686,794761.8321102319,-16044.374421477565,810806.2065317094,11848360.55522647,15653.647114414023,15045.702966483557,607.944147930466,8883.924918300925
0xf6beafa72d6416525c4cf039c9c122883dbef6a3,0x943dd45dc362bb021d5bc8312033946ec000b2460c4577fef49fac914ec93ff9,1778576262,BUY,Down,Down,-1,True,26.961537,0.5199999910984303,14.019999,14.019999,12.941538,12.941538,Down,1778576400,1.4167559319361656,-138,matched,4,0.6679295678912479,-0.8284321203479353,1.4963616882391833,19.36522165009154,0.9651931360678462,-0.5260298782794344,1.4912230143472804,19.298719306649875,794761.8321102319,-16044.374421477565,810806.2065317094,10493079.332465965,15653.647114414023,15045.702966483557,607.944147930466,7867.732292319747
0xf6beafa72d6416525c4cf039c9c122883dbef6a3,0x943dd45dc362bb021d5bc8312033946ec000b2460c4577fef49fac914ec93ff9,1778576260,BUY,Down,Down,-1,True,26.452829,0.5299999860128382,14.019999,14.019999,12.432830000000001,12.432830000000001,Down,1778576400,1.4167559319361656,-140,matched,4,0.6680928358246139,-0.42914838649494114,1.0972412223195551,13.641813586091235,0.9651931360678462,-0.1323327071293881,1.0975258431972343,13.645352229077872,794761.8321102319,42309.566501608264,752452.2656086236,9355111.101426864,15655.61746213003,15373.767252864389,281.85020926564175,3504.195737264149
0xf6beafa72d6416525c4cf039c9c122883dbef6a3,0x94c9dfc23b6052313e140dbea8744145bdcb8a69df6dc8a3332a9c3c2aa1ca42,1777689474,BUY,Down,Down,-1,False,22.25,0.44,9.790000000000001,9.790000000000001,-9.790000000000001,9.790000000000001,Up,1777689600,9.862175458634738,-126,matched,4,-0.6654045713100948,-0.036710086656883315,-0.6286944846532114,-6.15491900475494,-0.7179146750823033,-0.10274155548449407,-0.6151731195978093,-6.022544840862554,-31192.028595078023,455652.25946232287,-486844.2880574009,-4766205.5800819555,7652.901145925192,7387.789871598274,265.11127432691865,2595.4393756605336
0xf6beafa72d6416525c4cf039c9c122883dbef6a3,0x95034825096482e1dde77e99d649ad5a2fd2269e122e8190e49c19fe80b1aeb7,1778665773,BUY,Down,Down,-1,True,21.543694,0.45628196352955996,9.829998999999999,9.829998999999999,11.713695,11.713695,Down,1778665800,0.6213821352110277,-27,matched,4,1.9884866291516785,0.5376138856825259,1.4508727434691526,16.995080800810896,0.9992149714723262,-0.4553133848150869,1.4545283562874132,17.03790153440209,1043920.6478731025,-9243.726434560966,1053164.3743076634,12336446.265505806,22359.53555829497,22289.119123028737,70.41643526623375,824.8366456959059
0xf6beafa72d6416525c4cf039c9c122883dbef6a3,0x95034825096482e1dde77e99d649ad5a2fd2269e122e8190e49c19fe80b1aeb7,1778665773,BUY,Down,Down,-1,True,8.955554,0.44999996650123486,4.029998999999999,4.029998999999999,4.925555,4.925555,Down,1778665800,0.6213821352110277,-27,matched,4,1.9884866291516785,0.5376138856825259,1.4508727434691526,7.146353495958202,0.9992149714723262,-0.4553133848150869,1.4545283562874132,7.16435941795325,1043920.6478731025,-9243.726434560966,1053164.3743076634,5187419.049692983,22359.53555829497,22289.119123028737,70.41643526623375,346.840024807774
0xf6beafa72d6416525c4cf039c9c122883dbef6a3,0x95034825096482e1dde77e99d649ad5a2fd2269e122e8190e49c19fe80b1aeb7,1778665771,BUY,Down,Down,-1,True,6.232557,0.4299999181716268,2.679999,2.679999,3.5525580000000003,3.5525580000000003,Down,1778665800,0.6213821352110277,-29,matched,4,1.9885208834683916,0.3267469770393343,1.6617739064290573,5.9035481854758,0.9992149714723262,-0.6610108140997674,1.6602257855720937,5.898048396340426,1043920.6478731025,-4303.1846679804985,1048223.832541083,3723875.962084485,22431.155561074964,22296.611900381366,134.5436606935982,477.9741581463279
0xf6beafa72d6416525c4cf039c9c122883dbef6a3,0x95034825096482e1dde77e99d649ad5a2fd2269e122e8190e49c19fe80b1aeb7,1778665689,BUY,Down,Down,-1,True,27.333332,0.3599999809756088,9.839998999999999,9.839998999999999,17.493333,17.493333,Down,1778665800,0.6213821352110277,-111,matched,4,1.8465552689818647,0.6350407729088796,1.2115144960729851,21.19342651413192,0.9570333797493309,-0.2677851211603595,1.2248185009096904,21.426157900974015,1021714.9685862717,-4551.378535965207,1026266.347122237,17952818.956902884,1265.3058483439963,1310.3206680717303,-45.01481972773399,-787.4592314322201
0xf6beafa72d6416525c4cf039c9c122883dbef6a3,0x95034825096482e1dde77e99d649ad5a2fd2269e122e8190e49c19fe80b1aeb7,1778665689,BUY,Down,Down,-1,True,27.216215,0.3699999797914589,10.069999,10.069999,17.146216,17.146216,Down,1778665800,0.6213821352110277,-111,matched,4,1.8465552689818647,0.6350407729088796,1.2115144960729851,20.77288923679855,0.9570333797493309,-0.2677851211603595,1.2248185009096904,21.001002577393745,1021714.9685862717,-4551.378535965207,1026266.347122237,17596584.46128885,1265.3058483439963,1310.3206680717303,-45.01481972773399,-771.8338222527882
0xf6beafa72d6416525c4cf039c9c122883dbef6a3,0x95034825096482e1dde77e99d649ad5a2fd2269e122e8190e49c19fe80b1aeb7,1778665661,BUY,Down,Down,-1,True,3.815788,0.37999988468961066,1.449999,1.449999,2.365789,2.365789,Down,1778665800,0.6213821352110277,-139,matched,4,1.0326860076905304,-0.3217637842448722,1.3544497919354026,3.2043424188130643,0.9569921908521569,-0.37732254883480204,1.334314739686959,3.156707133689271,1021703.6680148286,-72511.30036529634,1094214.968380125,2588681.7358290474,3126.6584593978478,3226.389673204394,-99.7312138065463,-235.94300858017533
0xb305d384400e3d7a15780216a55368ea677eca4e,0x95034825096482e1dde77e99d649ad5a2fd2269e122e8190e49c19fe80b1aeb7,1778665657,BUY,Down,Down,-1,True,100.0,0.36,36.0,36.0,64.0,64.0,Down,1778665800,0.6213821352110277,-143,matched,4,0.0929362730846619,-0.5284067241190031,0.621342997203665,39.76595182103456,0.9567853068709525,0.3322426080034188,0.6245426988675338,39.97073272752216,1021590.7923698286,211163.52926184091,810427.2631079876,51867344.838911206,23044.830083795823,22541.322723435245,503.5073603605779,32224.471063076984
0xb305d384400e3d7a15780216a55368ea677eca4e,0x95034825096482e1dde77e99d649ad5a2fd2269e122e8190e49c19fe80b1aeb7,1778665612,BUY,Down,Down,-1,True,78.84,0.31,24.4404,24.4404,54.3996,54.3996,Down,1778665800,0.6213821352110277,-188,matched,4,0.028978159360143474,-1.561106886051626,1.5900850454117694,86.49999043638209,0.9549646941272543,-0.662526731928434,1.6174914260556883,87.99088658085903,1020623.6705609227,-13620.227680516398,1034243.8982414391,56262454.36677499,38664.13086947915,38428.974117493424,235.15675198572717,12792.433245322763
0xb305d384400e3d7a15780216a55368ea677eca4e,0x95034825096482e1dde77e99d649ad5a2fd2269e122e8190e49c19fe80b1aeb7,1778665594,BUY,Down,Down,-1,True,400.0,0.29,115.99999999999999,115.99999999999999,284.0,284.0,Down,1778665800,0.6213821352110277,-206,matched,4,0.026996859900257575,-0.31000692425893805,0.33700378415919563,95.70907470121156,0.9548628538519893,0.6003709326633297,0.3544919211886596,100.67570561757933,1020567.9928219027,101775.1346973862,918792.8581245166,260937171.7073627,38639.758790869266,38895.16087954346,-255.40208867419278,-72534.19318347075
0xb305d384400e3d7a15780216a55368ea677eca4e,0x96155d29dcffc7feb3b41f178b2364538d649a5979b6fccf0e42c86bc5cf5508,1780175969,BUY,Up,Up,1,True,100.0,0.65,65.0,65.0,35.0,35.0,Up,1780176300,0.6444350252095351,-331,matched,4,0.8462978453944517,0.5482508849525497,0.29804696044190204,10.431643615466571,0.28398741976924646,-0.014865674719746114,0.29885309448899255,10.45985830711474,21833.14107404699,300942.72927194845,-279109.58819790144,-9768835.58692655,25079.738729828852,26396.188899700595,-1316.4501698717431,-46075.75594551101
0xf6beafa72d6416525c4cf039c9c122883dbef6a3,0x969a2f996f84c43f04f3e3fe02c6e243709cd7b6d0729123e49d5b1d9389b2b6,1778479428,BUY,Up,Up,1,True,6.719284,0.5283299530128508,3.549999,3.549999,3.169285,3.169285,Up,1778479500,2.668807040930532,-72,matched,4,1.0581355200100249,0.5522818862111404,0.5058536337988845,1.6031943337942975,0.1171821870911732,-0.3952470329988573,0.5124292200900304,1.6240342407930322,10918.494769086828,-1723.5035818528295,12641.998350939659,40066.095743657796,6206.154153130017,6015.34238799171,190.81176513830724,604.73686507636
0xf6beafa72d6416525c4cf039c9c122883dbef6a3,0x969a2f996f84c43f04f3e3fe02c6e243709cd7b6d0729123e49d5b1d9389b2b6,1778479426,BUY,Up,Up,1,True,3.38,0.5,1.69,1.69,1.69,1.69,Up,1778479500,2.668807040930532,-74,matched,4,1.0581355200100249,0.9007313663113652,0.15740415369865968,0.2660130197507348,0.1171821870911732,-0.041337423436135945,0.15851961052730915,0.26789814179115246,10918.494769086828,317.8306410968353,10600.664127989992,17915.122376303087,6206.154153130017,6236.747017475223,-30.59286434520618,-51.701940743398445
0xf6beafa72d6416525c4cf039c9c122883dbef6a3,0x969a2f996f84c43f04f3e3fe02c6e243709cd7b6d0729123e49d5b1d9389b2b6,1778479426,BUY,Up,Up,1,True,5.24,0.5,2.62,2.62,2.62,2.62,Up,1778479500,2.668807040930532,-74,matched,4,1.0581355200100249,0.9007313663113652,0.15740415369865968,0.41239888269048836,0.1171821870911732,-0.041337423436135945,0.15851961052730915,0.41532137958154997,10918.494769086828,317.8306410968353,10600.664127989992,27773.74001533378,6206.154153130017,6236.747017475223,-30.59286434520618,-80.15330458444019
0xf6beafa72d6416525c4cf039c9c122883dbef6a3,0x969a2f996f84c43f04f3e3fe02c6e243709cd7b6d0729123e49d5b1d9389b2b6,1778479424,BUY,Up,Up,1,True,3.875,0.56,2.1700000000000004,2.1700000000000004,1.7049999999999998,1.7049999999999998,Up,1778479500,2.668807040930532,-76,matched,4,1.0584026992841018,0.9007313663113652,0.1576713329727366,0.2688296227185159,0.1171821870911732,-0.041337423436135945,0.15851961052730915,0.2702759359490621,10918.494769086828,317.8306410968353,10600.664127989992,18074.132338222935,6234.363921929849,6236.747017475223,-2.38309554537409,-4.0631779048628225
0xf6beafa72d6416525c4cf039c9c122883dbef6a3,0x969a2f996f84c43f04f3e3fe02c6e243709cd7b6d0729123e49d5b1d9389b2b6,1778479422,BUY,Up,Up,1,True,16.929823,0.5699999935025901,9.649999,9.649999,7.279823999999999,7.279823999999999,Up,1778479500,2.668807040930532,-78,matched,4,1.1107321998843362,0.9702817037271754,0.14045049615716088,1.0224548927368073,0.11711894311213165,-0.01680861027047558,0.13392755338260723,0.9749690173759851,10913.219787587877,74396.26871668924,-63483.048929101366,-462145.4231872463,57377.0864216208,56650.26880375686,726.8176178639405,5291.1043381487425
0xb305d384400e3d7a15780216a55368ea677eca4e,0x969a2f996f84c43f04f3e3fe02c6e243709cd7b6d0729123e49d5b1d9389b2b6,1778479450,BUY,Up,Up,1,True,100.0,0.36,36.0,36.0,64.0,64.0,Up,1778479500,2.668807040930532,-50,matched,4,-0.8330936917658214,-0.5748295500625628,-0.2582641417032586,-16.52890506900855,0.11445154232968309,0.36441213992047805,-0.24996059759079498,-15.997478245810878,10630.427418802865,-7650.56072477228,18280.988143575145,1169983.2411888093,312.5153588426765,312.5426397007832,-0.027280858106678352,-1.7459749188274145
0xb305d384400e3d7a15780216a55368ea677eca4e,0x969a2f996f84c43f04f3e3fe02c6e243709cd7b6d0729123e49d5b1d9389b2b6,1778479447,BUY,Up,Up,1,True,100.0,0.35367,35.367,35.367,64.63300000000001,64.63300000000001,Up,1778479500,2.668807040930532,-53,matched,4,-0.8330936917658214,-0.9836142769604375,0.15052058519461609,9.728596982883623,0.11445154232968309,-0.03735613369231572,0.1518076760219988,9.81178552432985,10630.427418802865,169.73812920320415,10460.68928959966,676105.730854695,312.5153588426765,310.28941356937867,2.225945273297839,143.86952084905923
0xb305d384400e3d7a15780216a55368ea677eca4e,0x97cb8d0ec08475ba061b03c5656399a870abb70e5415b43be0fca18521d5ddc3,1779102671,BUY,Down,Down,-1,False,10.0,0.25,2.5,2.5,-2.5,2.5,Up,1779102900,8.210154954201396,-229,matched,4,-0.24408522897307575,-0.9146669685053233,0.6705817395322475,1.6764543488306187,0.2445355218276544,-0.44397090602388717,0.6885064278515416,1.721266069628854,40264.12004902003,-42772.03880578243,83036.15885480246,207590.39713700616,156391.5011261875,150060.09062166238,6331.41050452512,15828.5262613128
0xb305d384400e3d7a15780216a55368ea677eca4e,0x97cb8d0ec08475ba061b03c5656399a870abb70e5415b43be0fca18521d5ddc3,1779102660,BUY,Down,Down,-1,False,10.0,0.24,2.4,2.4,-2.4,2.4,Up,1779102900,8.210154954201396,-240,matched,4,-0.0032688691377106838,-0.35159607537381776,0.3483272062361071,0.835985294966657,0.35470603063039985,-0.004076171573767315,0.3587822022041672,0.8610772852900012,68375.61917906602,396914.82889250387,-328539.2097134378,-788494.1033122508,130243.51787269744,132969.48909046303,-2725.9712177655892,-6542.330922637414
0xb305d384400e3d7a15780216a55368ea677eca4e,0x97cb8d0ec08475ba061b03c5656399a870abb70e5415b43be0fca18521d5ddc3,1779102655,BUY,Down,Down,-1,False,20.0,0.31,6.2,6.2,-6.2,6.2,Up,1779102900,8.210154954201396,-245,matched,4,0.005462811794694489,-0.7824565260762332,0.7879193378709277,4.885099894799752,0.3586672349894729,-0.40079055903712457,0.7594577940265974,4.708638322964904,69566.24835340401,-81147.0647864951,150713.3131398991,934422.5414673745,129282.89959835942,135472.1422851618,-6189.242686802376,-38373.30465817473
0xb305d384400e3d7a15780216a55368ea677eca4e,0x97cb8d0ec08475ba061b03c5656399a870abb70e5415b43be0fca18521d5ddc3,1779102653,BUY,Down,Down,-1,False,20.0,0.33,6.6000000000000005,6.6000000000000005,-6.6000000000000005,6.6000000000000005,Up,1779102900,8.210154954201396,-247,matched,4,0.005547227178364256,-0.7832950638246182,0.7888422910029824,5.206359120619684,0.35870082333084485,-0.40089754259018884,0.7595983659210337,5.013349215078823,69576.406974318,-81281.35738848384,150857.76436280186,995661.2447944924,129272.74097744544,135439.2959832292,-6166.555005783768,-40699.263038172874
0xb305d384400e3d7a15780216a55368ea677eca4e,0x97cb8d0ec08475ba061b03c5656399a870abb70e5415b43be0fca18521d5ddc3,1779102702,BUY,Down,Down,-1,False,10.0,0.14,1.4000000000000001,1.4000000000000001,-1.4000000000000001,1.4000000000000001,Up,1779102900,8.210154954201396,-198,matched,4,-0.23921228545616383,-0.3864252448244591,0.1472129593682953,0.20609814311561342,0.2461909968161007,0.10040995164514885,0.14578104517095186,0.2040934632393326,40476.36167550202,37041.07498690898,3435.2866885930416,4809.401364030259,155227.40851586178,151804.89162367134,3422.5168921904406,4791.5236490666175
0xf6beafa72d6416525c4cf039c9c122883dbef6a3,0x983e520f2e105a735bd0b315306d9ace980ebae64c19d316388a45252bce0676,1778089108,BUY,Down,Down,-1,False,3.148935,0.4699998570945415,1.479999,1.479999,-1.479999,1.479999,Up,1778089200,1.2421811416085782,-92,matched,4,0.36340389238079995,-0.41899287945313685,0.7823967718339369,1.1579464399174548,0.9963554314043795,0.20519583137926634,0.7911596000251132,1.1709154168775675,1271262.5058936616,-128830.82151063325,1400093.3274042949,2072136.724465029,39756.176431213506,39153.55868424504,602.6177469684626,891.8736628955777
0xf6beafa72d6416525c4cf039c9c122883dbef6a3,0x983e520f2e105a735bd0b315306d9ace980ebae64c19d316388a45252bce0676,1778089107,BUY,Down,Down,-1,False,105.659089,0.4399999984856958,46.489999,46.489999,-46.489999,46.489999,Up,1778089200,1.2421811416085782,-93,matched,4,0.36340389238079995,-0.41965242947201037,0.7830563218528104,36.40428761988083,0.9963554314043795,0.20519291616889052,0.7911625152354891,36.78114454213537,1271262.5058936616,-128845.95572595324,1400108.4616196149,65091040.98058743,39756.176431213506,39140.921935661056,615.25449555245,28603.1808829789
0xf6beafa72d6416525c4cf039c9c122883dbef6a3,0x983e520f2e105a735bd0b315306d9ace980ebae64c19d316388a45252bce0676,1778089101,BUY,Down,Down,-1,False,4.714284,0.419999940606039,1.979999,1.979999,-1.979999,1.979999,Up,1778089200,1.2421811416085782,-99,matched,4,0.3672802856627857,-0.29113286589419596,0.6584131515569817,1.3036573816696722,0.9963554430424236,0.33153591006448163,0.664819532977942,1.3163420104767922,1271266.5802236618,-1859.3841807096796,1273125.9644043716,2520788.136394691,39845.77417131141,41958.01092620838,-2112.2367548969705,-4182.226662459247
0xf6beafa72d6416525c4cf039c9c122883dbef6a3,0x9890a133c88da28474afc0f5cb905bcab9b741a307cf85f644c709185a74eb27,1780789629,BUY,Up,Up,1,True,75.75,0.26,19.695,19.695,56.055,56.055,Up,1780789800,0.6776144882948416,-171,matched,4,1.518933540644734,1.1359205120021096,0.3830130286426243,21.469795320562305,0.883348729929761,0.505038245408112,0.37831048452164895,21.20619420986103,10050.784044310043,56759.6297135485,-46708.84566923846,-2618264.343989162,25285.190789345652,25200.33744828377,84.8533410618802,4756.454033223695
0xb305d384400e3d7a15780216a55368ea677eca4e,0x9890a133c88da28474afc0f5cb905bcab9b741a307cf85f644c709185a74eb27,1780789593,BUY,Up,Up,1,True,100.0,0.41,41.0,41.0,59.00000000000001,59.00000000000001,Up,1780789800,0.6776144882948416,-207,matched,4,1.2969153222354541,-0.05504986569990632,1.3519651879353605,79.76594608818628,0.8542190503936398,-0.4890168431832853,1.343235893576925,79.25091772103859,10135.794251308951,-144609.246289683,154745.04054099196,9129957.391918527,31201.293893576483,31550.304789192618,-349.0108956161348,-20591.642841351957
0xf6beafa72d6416525c4cf039c9c122883dbef6a3,0x98bc493b33383e2bb80f3bf4a439ee0558ae37088344dea99c4e5397c7986d34,1778074858,BUY,Down,Down,-1,False,22.558138,0.42999998492783403,9.699999,9.699999,-9.699999,9.699999,Up,1778075100,6.199359389136081,-242,matched,4,-0.32236681879758766,-0.5431992202740326,0.2208324014764449,2.142074073489114,0.5859063213247533,0.37410138971459017,0.21180493161016312,2.0545076248136507,180508.88479095104,393146.62468445825,-212637.7398935072,-2062585.86432928,1675748.058167119,1646844.2059860434,28903.852181075606,280367.3372525812
0xf6beafa72d6416525c4cf039c9c122883dbef6a3,0x99e8339c6dfc25e88478a03c75b4aa9369064b1f17c5be313672eeb71dd86448,1778279268,BUY,Down,Down,-1,True,2.076922,0.5199997881480383,1.079999,1.079999,0.9969230000000001,0.9969230000000001,Down,1778279400,1.2822858600158966,-132,matched,4,1.187651746552467,0.43247094492233346,0.7551808016301336,0.7528571103035178,0.20196513499373292,-0.5453428391439478,0.7473079741376807,0.7450085075012591,2479.589293505647,-2086.8085213584855,4566.397814864133,4552.347008787796,57962.156193238916,58613.032510346646,-650.8763171077298,-648.8735706799895
0xf6beafa72d6416525c4cf039c9c122883dbef6a3,0x99e8339c6dfc25e88478a03c75b4aa9369064b1f17c5be313672eeb71dd86448,1778279268,BUY,Down,Down,-1,True,7.5,0.52,3.9000000000000004,3.9000000000000004,3.5999999999999996,3.5999999999999996,Down,1778279400,1.2822858600158966,-132,matched,4,1.187651746552467,0.43247094492233346,0.7551808016301336,2.7186508858684806,0.20196513499373292,-0.5453428391439478,0.7473079741376807,2.6903087068956504,2479.589293505647,-2086.8085213584855,4566.397814864133,16439.032133510875,57962.156193238916,58613.032510346646,-650.8763171077298,-2343.154741587827
0xb305d384400e3d7a15780216a55368ea677eca4e,0x99ef83a7dabb717c7e2c34b4183342b638b39c69ae7497718de5e461c6589a1d,1778422028,BUY,Down,Down,-1,True,90.0,0.66,59.400000000000006,59.400000000000006,30.599999999999998,30.599999999999998,Down,1778422200,1.5175743607735017,-172,matched,4,-1.1836342281266037,-1.0260513661850152,-0.15758286194158844,-4.822035575412606,-0.33001410704737183,-0.15878552045561078,-0.17122858659176105,-5.239594749707887,-42209.88928668888,-279349.9372629626,237140.0479762737,7256485.468073974,177521.11030840036,170989.71730779766,6531.393000602693,199860.6258184424
0xb305d384400e3d7a15780216a55368ea677eca4e,0x9a32598e532ab91dea87c0761980dc26faa0304a3b4883be21b2b0f6de03a218,1780818874,BUY,Down,Down,-1,False,100.0,0.17,17.0,17.0,-17.0,17.0,Up,1780818900,14.708129205855641,-26,matched,4,-0.26019715753855077,1.2653703079038128,-1.5255674654423634,-25.93464691252018,-0.9728164568892699,0.5504251305017795,-1.5232415873910494,-25.89510698564784,-61373.16866811295,2816.546311174271,-64189.71497928722,-1091225.1546478828,21.655525183072314,25.12468701603939,-3.4691618329670746,-58.97575116044027
0xb305d384400e3d7a15780216a55368ea677eca4e,0x9a32598e532ab91dea87c0761980dc26faa0304a3b4883be21b2b0f6de03a218,1780818792,BUY,Down,Down,-1,False,300.0,0.4,120.0,120.0,-120.0,120.0,Up,1780818900,14.708129205855641,-108,matched,4,-0.16981786550724498,0.5010728633615498,-0.6708907288687948,-80.50688746425537,-0.9722186579169195,-0.31047073421799926,-0.6617479236989203,-79.40975084387044,-103136.72433651303,-55349.93317535904,-47786.79116115399,-5734414.939338479,68108.78525735752,68513.47619193487,-404.6909345773456,-48562.912149281474
0xb305d384400e3d7a15780216a55368ea677eca4e,0x9a8146d912a029d4081d48117a3f59108a2854532d32abb5b34a05d2046cfd04,1779563574,BUY,Down,Down,-1,True,100.0,0.43,43.0,43.0,57.00000000000001,57.00000000000001,Down,1779563700,0.9025925534861895,-126,matched,4,0.8775742510151735,-0.6791700309538453,1.556744281969019,88.73442407223409,0.9337760146878621,-0.6163348145096186,1.5501108291974806,88.3563172642564,1010413.2888796382,-6201.2501296235605,1016614.5390092618,57947028.72352793,8529.939253559103,8134.120241768411,395.81901179069246,22561.683672069474
0xb305d384400e3d7a15780216a55368ea677eca4e,0x9a8146d912a029d4081d48117a3f59108a2854532d32abb5b34a05d2046cfd04,1779563497,BUY,Down,Down,-1,True,45.14,0.48,21.6672,21.6672,23.4728,23.4728,Down,1779563700,0.9025925534861895,-203,matched,4,0.08328072221493243,-0.42721797061816447,0.5104986928330969,11.982833717132717,0.9305793188194891,0.4087527488405082,0.5218265699789808,12.24873071180262,1009070.4870120061,175983.21495757473,833087.2720544314,19554890.919479255,758500.7137573932,765942.1375442548,-7441.423786861589,-174671.0522642447
0xb305d384400e3d7a15780216a55368ea677eca4e,0x9a8c654fdfa2089c0eef2c75e1a991fc89e189ac7548346339324c2631e86b9a,1780643686,BUY,Up,Up,1,False,11.0,0.19,2.09,2.09,-2.09,2.09,Down,1780643700,8.783518391767638,-14,matched,4,-0.10130379401492168,1.1303622194096765,-1.2316660134245982,-2.57418196805741,-0.4177852121300871,0.8210882055936282,-1.2388734177237153,-2.589245443042565,-2784.5421738229343,562.6258263755153,-3347.1680001984496,-6995.581120414759,7263.859983464936,6355.495619190289,908.3643642746465,1898.4815213340112
0xb305d384400e3d7a15780216a55368ea677eca4e,0x9a8c654fdfa2089c0eef2c75e1a991fc89e189ac7548346339324c2631e86b9a,1780643488,BUY,Up,Up,1,False,26.795896,0.37319143946520766,9.999998999999999,9.999998999999999,-9.999998999999999,9.999998999999999,Down,1780643700,8.783518391767638,-212,matched,4,-0.6027820899919847,0.24587595765359196,-0.8486580476455766,-8.486579627797717,-0.4472969560611612,0.3905818248275478,-0.8378787808887089,-8.378786971008308,-94457.2877532219,24370.37559212328,-118827.66334534518,-1188276.5146257884,265474.1882151854,273803.87659543206,-8329.688380246633,-83296.87547277795
0xb305d384400e3d7a15780216a55368ea677eca4e,0x9a8c654fdfa2089c0eef2c75e1a991fc89e189ac7548346339324c2631e86b9a,1780643476,BUY,Up,Up,1,False,100.0,0.461627,46.1627,46.1627,-46.1627,46.1627,Down,1780643700,8.783518391767638,-224,matched,4,-0.47761055936902425,-0.050356537263115037,-0.42725402210590924,-19.723199246268457,-0.3743672905772339,0.026264137369480953,-0.40063142794671486,-18.494228418875814,-83611.78418413686,-89006.14965547346,5394.365471336598,249018.47494366995,258558.66218950343,254871.2979554701,3687.3642340333317,170218.68892641048
0xb305d384400e3d7a15780216a55368ea677eca4e,0x9a8c654fdfa2089c0eef2c75e1a991fc89e189ac7548346339324c2631e86b9a,1780643475,BUY,Up,Up,1,False,7.0,0.39,2.73,2.73,-2.73,2.73,Down,1780643700,8.783518391767638,-225,matched,4,-0.4780541883716032,0.16167976510964627,-0.6397339534812494,-1.746473693003811,-0.3743672905772339,0.23150498925855806,-0.605872279835792,-1.654031323951712,-83611.78418413686,20262.976980802778,-103874.76116493964,-283578.09798028524,258686.63546260726,269299.7975915221,-10613.162128914846,-28973.93261193753
0xb305d384400e3d7a15780216a55368ea677eca4e,0x9a8c654fdfa2089c0eef2c75e1a991fc89e189ac7548346339324c2631e86b9a,1780643611,BUY,Down,Down,-1,True,36.01,0.6196445431824493,22.313399999999998,22.313399999999998,13.696599999999998,13.696599999999998,Down,1780643700,8.783518391767638,-89,matched,4,-0.43467697270469535,-0.5014731565850321,0.06679618388033676,0.9148806121354203,0.006786088203103292,-0.055138740247084796,0.06192482845018809,0.8481596053508461,443.60630454379134,-1599.6597145474825,2043.2660190912738,27985.79735708554,79385.25996603048,86161.96592708214,-6776.705961051659,-92817.83086614014
0xf6beafa72d6416525c4cf039c9c122883dbef6a3,0x9c8430afb83dca126af518c90d4f6001f410036354ad52c374fa56aa58e2ed25,1780916028,BUY,Down,Down,-1,False,75.25,0.32,24.080000000000002,24.080000000000002,-24.080000000000002,24.080000000000002,Up,1780916100,2.4752427881251164,-72,matched,4,1.272229564463378,1.2189335732488817,0.05329599121449635,1.2833674684450722,0.32099759445883214,0.2601219312222673,0.06087566323656485,1.4658859707364817,255.7521970429225,3650.4969537100314,-3394.744756667109,-81745.45374054399,4919.525523516117,4952.38040914161,-32.8548856254929,-791.1456458618691
0xb305d384400e3d7a15780216a55368ea677eca4e,0x9cbad67d3b2d0d6642fe45cf221c4d1eacddd2877c34a9ba80a2a141e04e7ed6,1777943976,BUY,Up,Up,1,True,100.0,0.600723,60.0723,60.0723,39.9277,39.9277,Up,1777944000,2.108108759874911,-24,matched,4,1.2870205469808098,0.8594578194512053,0.42756272752960456,17.071596315983793,0.9236860250382853,0.5000000000002285,0.42368602503805686,16.916808501912023,491.01184849324636,18465.986840168902,-17974.974991675655,-717699.4089751281,728.3450195458718,722.6915426863416,5.653476859530201,225.730328004264
0xb305d384400e3d7a15780216a55368ea677eca4e,0x9cbad67d3b2d0d6642fe45cf221c4d1eacddd2877c34a9ba80a2a141e04e7ed6,1777943902,BUY,Up,Up,1,True,99.99,0.6702490249024903,67.0182,67.0182,32.971799999999995,32.971799999999995,Up,1777944000,2.108108759874911,-98,matched,4,-1.0354465982079368,-0.18217709068455845,-0.8532695075233784,-28.13383154815932,-0.7540319246693991,0.11845371996053311,-0.8724856446299322,-28.76742217760919,-4903.40910843946,-33357.20920311039,28453.80009467093,938173.0059614708,18400.250471441308,18339.560067461134,60.69040398017387,2001.0718619534964
0xb305d384400e3d7a15780216a55368ea677eca4e,0x9dc427209819c3e17bd2a0ce3cea235603e4ecd20957d514ebe8148bd2cd575c,1780819155,BUY,Down,Down,-1,False,200.0,0.02,4.0,4.0,-4.0,4.0,Up,1780819200,14.477990669812456,-45,matched,4,1.0792283027634826,0.5321250021838455,0.5471033005796371,2.1884132023185483,0.08806012277040622,-0.4516102750285772,0.5396703977989834,2.1586815911959336,10719.578368216404,-89448.9040577915,100168.4824260079,400673.9297040316,364671.5963431522,381610.06184917415,-16938.465506021923,-67753.86202408769
0xb305d384400e3d7a15780216a55368ea677eca4e,0x9e39a56a20d182c35ee176e3d4538034b67d6b0c7757464f5693828dfa85c25e,1780294171,BUY,Down,Down,-1,True,100.0,0.99,99.0,99.0,1.0000000000000009,1.0000000000000009,Down,1780294200,8.84558236281486,-29,matched,4,1.608197074746737,0.26844504655594925,1.3397520281907878,1.3397520281907889,0.8637473551154552,-0.4660726633072342,1.3298200184226894,1.3298200184226905,48611.459457761,-266688.1924661095,315299.65192387055,315299.65192387084,43313.28962608703,41887.33525407786,1425.9543720091751,1425.9543720091765
0xb305d384400e3d7a15780216a55368ea677eca4e,0x9ec42799f6d916e6ffb3f9f81ad3907cd0a4074d4e77e796efd8a8cdf113b3d3,1780788465,BUY,Up,Up,1,True,200.0,0.93,186.0,186.0,13.99999999999999,13.99999999999999,Up,1780788600,14.46616239719361,-135,matched,4,-0.009676422460496492,-1.262847131097681,1.2531707086371844,17.54438992092057,0.7054562160891085,-0.5549981702598867,1.2604543863489952,17.64636140888592,5462.022170394994,-71337.93150390437,76799.95367429937,1075199.3514401903,22882.95465324918,22907.176264259877,-24.221611010696506,-339.1025541497508
0xb305d384400e3d7a15780216a55368ea677eca4e,0x9ec42799f6d916e6ffb3f9f81ad3907cd0a4074d4e77e796efd8a8cdf113b3d3,1780788325,BUY,Down,Down,-1,False,300.0,0.45,135.0,135.0,-135.0,135.0,Up,1780788600,14.46616239719361,-275,matched,4,-0.3418153778973522,0.630070902694417,-0.9718862805917692,-131.20464787988885,-0.7140526835352112,0.26390142284119245,-0.9779541063764037,-132.0238043608145,-21972.711278122035,116146.5680821604,-138119.27936028244,-18646102.71363813,28139.49402277387,28082.012962192413,57.481060581456404,7759.943178496615
0xf6beafa72d6416525c4cf039c9c122883dbef6a3,0x9ec42799f6d916e6ffb3f9f81ad3907cd0a4074d4e77e796efd8a8cdf113b3d3,1780788315,BUY,Up,Up,1,True,45.45,0.52,23.634000000000004,23.634000000000004,21.816,21.816,Up,1780788600,14.46616239719361,-285,matched,4,0.33605494388098067,0.08562719397287327,0.2504277499081074,5.46333179199527,0.7140526835352112,0.4589426653557397,0.25511001817947154,5.565480156603351,21972.711278122035,147100.26159214848,-125127.55031402645,-2729782.637650801,28450.88803948782,28944.20712392361,-493.3190844357887,-10762.249146051165
0xf6beafa72d6416525c4cf039c9c122883dbef6a3,0x9ec42799f6d916e6ffb3f9f81ad3907cd0a4074d4e77e796efd8a8cdf113b3d3,1780788313,BUY,Up,Up,1,True,45.45,0.52,23.634000000000004,23.634000000000004,21.816,21.816,Up,1780788600,14.46616239719361,-287,matched,4,0.3351314238631695,0.16622309405558366,0.16890832980758586,3.6849041230822928,0.7135588348342509,0.5459474435769577,0.16761139125729319,3.656610111669108,21963.842816546035,317027.0784823734,-295063.23566582735,-6437099.549285689,28442.019577911822,28490.43370123551,-48.41412332368782,-1056.2025144295733
0xf6beafa72d6416525c4cf039c9c122883dbef6a3,0x9ef337db1244985e3a7df455827921192581ea75a901a2636e351355b78c48a9,1777675914,BUY,Down,Down,-1,True,11.0,0.44,4.84,4.84,6.16,6.16,Down,1777676100,1.1479202688708443,-186,matched,4,-0.41476150262393086,0.8402649605421469,-1.255026463166078,-7.7309630131030405,-0.8890505655308617,0.36752672645600526,-1.256577291986867,-7.740516118639101,-46179.856242063455,13245.051215422485,-59424.90745748594,-366057.4299381134,51592.77551487414,51226.94629320229,365.8292216718546,2253.5080054986242
0xf6beafa72d6416525c4cf039c9c122883dbef6a3,0x9ef337db1244985e3a7df455827921192581ea75a901a2636e351355b78c48a9,1777675902,BUY,Down,Down,-1,True,9.78,0.5,4.89,4.89,4.89,4.89,Down,1777676100,1.1479202688708443,-198,matched,4,-0.42868791044798604,0.6175106920776203,-1.0461986025256063,-5.115911166350214,-0.891149774018756,0.14776413330296503,-1.038913907321721,-5.080289006803215,-47181.590099761495,68504.40631798023,-115685.99641774173,-565704.522482757,51244.767639184836,49064.114339305874,2180.6532998789626,10663.394636408126
0xf6beafa72d6416525c4cf039c9c122883dbef6a3,0x9ef337db1244985e3a7df455827921192581ea75a901a2636e351355b78c48a9,1777676066,BUY,Up,Up,1,False,55.823528,0.1699999863856688,9.489999000000001,9.489999000000001,-9.489999000000001,9.489999000000001,Down,1777676100,1.1479202688708443,-34,matched,4,-1.0571323070883305,-0.9103103529348537,-0.14682195415347676,-1.3933401980945406,-0.057132307088823955,0.08429251721511692,-0.14142482430394088,-1.3421214412195748,-300.49856736906804,702.9095864004958,-1003.4081537695638,-9522.342375865008,1887.3232129695825,1870.7433564832754,16.579856486307108,157.34282147519798
0xb305d384400e3d7a15780216a55368ea677eca4e,0x9f633eead6a1a866a7d95236327d2eb01cba06eea0c3e7f9a3a6a7eb381ccbed,1778376293,BUY,Down,Down,-1,True,100.0,0.99,99.0,99.0,1.0000000000000009,1.0000000000000009,Down,1778376300,5.009721177447643,-7,offset_out_of_range,,,,,,,,,,,,,,,,,
0xb305d384400e3d7a15780216a55368ea677eca4e,0x9f633eead6a1a866a7d95236327d2eb01cba06eea0c3e7f9a3a6a7eb381ccbed,1778376216,BUY,Up,Up,1,False,100.0,0.399459,39.9459,39.9459,-39.9459,39.9459,Down,1778376300,5.009721177447643,-84,matched,4,-0.26462843690877225,0.6458462376136145,-0.9104746745223867,-36.36973030100381,-0.9660870598886561,-0.06941493125925939,-0.8966721286293967,-35.81837518301702,-85419.86494760509,3372.643581188262,-88792.50852879335,-3546896.6664403263,2320.031015443965,2586.1334900886286,-266.10247464466374,-10629.702841908274
0xb305d384400e3d7a15780216a55368ea677eca4e,0x9f633eead6a1a866a7d95236327d2eb01cba06eea0c3e7f9a3a6a7eb381ccbed,1778376190,BUY,Down,Down,-1,True,100.0,0.5,50.0,50.0,50.0,50.0,Down,1778376300,5.009721177447643,-110,matched,4,0.09382084100750765,-1.3259205935001548,1.4197414345076624,70.98707172538312,0.9664700430649938,-0.4295726680587962,1.39604271112379,69.8021355561895,86429.79039757006,14107.855818863027,72321.93457870703,3616096.7289353516,16902.622946733958,15740.527856850647,1162.0950898833107,58104.754494165536
0xb305d384400e3d7a15780216a55368ea677eca4e,0x9f633eead6a1a866a7d95236327d2eb01cba06eea0c3e7f9a3a6a7eb381ccbed,1778376178,BUY,Down,Down,-1,True,18.5,0.39,7.215,7.215,11.285,11.285,Down,1778376300,5.009721177447643,-122,matched,4,0.09614522237792855,-0.9285287495219537,1.0246739718998823,11.563445772890171,0.9664700430649938,-0.060087778627212984,1.0265578216922069,11.584705017796555,86429.79039757006,-11586.796329913326,98016.58672748339,1106117.18121965,16961.445595229976,17838.17680417982,-876.7312089498446,-9893.911692998996
0xf6beafa72d6416525c4cf039c9c122883dbef6a3,0x9f633eead6a1a866a7d95236327d2eb01cba06eea0c3e7f9a3a6a7eb381ccbed,1778376165,BUY,Down,Down,-1,True,6.302324,0.4299999492250795,2.709999,2.709999,3.592325,3.592325,Down,1778376300,5.009721177447643,-135,matched,4,0.11297907600805546,-0.5402034415267057,0.6531825175347612,2.346443887303061,0.9663697364124044,0.3216264375901172,0.6447432988222872,2.316127470941773,86425.22856209005,816.3397182632361,85608.88884382682,307534.9516159002,17116.419851047976,17579.12139739486,-462.70154634688515,-1662.1743324805743
0xb305d384400e3d7a15780216a55368ea677eca4e,0x9f633eead6a1a866a7d95236327d2eb01cba06eea0c3e7f9a3a6a7eb381ccbed,1778376157,BUY,Up,Up,1,False,200.0,0.51,102.0,102.0,-102.0,102.0,Down,1778376300,5.009721177447643,-143,matched,4,-0.12947713677149264,1.04264730835127,-1.1721244451227626,-119.55669340252179,-0.96666713117809,0.22297594811799684,-1.1896430792960868,-121.34359408820086,-87223.14579209004,9081.018118852244,-96304.16391094228,-9823024.718916113,16535.89971662691,15394.58571295457,1141.3140036723416,116414.02837457885
0xb305d384400e3d7a15780216a55368ea677eca4e,0x9f633eead6a1a866a7d95236327d2eb01cba06eea0c3e7f9a3a6a7eb381ccbed,1778376141,BUY,Down,Down,-1,True,200.0,0.5,100.0,100.0,100.0,100.0,Down,1778376300,5.009721177447643,-159,matched,4,0.0390250228426815,-0.749852143587927,0.7888771664306085,78.88771664306084,0.959355800400568,0.1627127317796698,0.7966430686208982,79.66430686208982,87032.96058975504,3217.020916577909,83815.93967317713,8381593.9673177125,54420.249190885865,52854.33229826478,1565.9168926210841,156591.6892621084
0xf6beafa72d6416525c4cf039c9c122883dbef6a3,0x9f633eead6a1a866a7d95236327d2eb01cba06eea0c3e7f9a3a6a7eb381ccbed,1778376120,BUY,Down,Down,-1,True,31.92857,0.4005816420841898,12.789999,12.789999,19.138571000000002,19.138571000000002,Down,1778376300,5.009721177447643,-180,matched,4,0.06407143630529322,-1.1901023559308435,1.2541737922361367,24.003094169050552,0.9597993123899768,-0.30513374084709755,1.2649330532370744,24.209011049624532,97444.13519768402,38195.70216412064,59248.433033563386,1133930.3422515984,44749.00304439495,42328.04641013824,2420.9566342567123,46333.650432643124
0xf6beafa72d6416525c4cf039c9c122883dbef6a3,0x9f633eead6a1a866a7d95236327d2eb01cba06eea0c3e7f9a3a6a7eb381ccbed,1778376120,BUY,Down,Down,-1,True,5.047618,0.41999988905658076,2.119999,2.119999,2.9276189999999995,2.9276189999999995,Down,1778376300,5.009721177447643,-180,matched,4,0.06407143630529322,-1.1901023559308435,1.2541737922361367,3.6717430234525654,0.9597993123899768,-0.30513374084709755,1.2649330532370744,3.70324204038487,97444.13519768402,38195.70216412064,59248.433033563386,173456.83826928778,44749.00304439495,42328.04641013824,2420.9566342567123,7087.638640626001
0xf6beafa72d6416525c4cf039c9c122883dbef6a3,0x9f8feb0f1d3b5b663a312ab0d475788d263dfca15657d62839b9412878a33b43,1779275447,BUY,Down,Down,-1,True,40.224488,0.4899999970167426,19.709999,19.709999,20.514489000000005,20.514489000000005,Down,1779275700,5.253949345699435,-253,matched,4,-0.7344369789587732,-0.654926587747551,-0.07951039121122228,-1.6311150458883164,-0.2627126570884939,-0.14699441100372523,-0.11571824608476866,-2.3739006864052805,-12091.505876719137,-58247.43489191942,46155.92901520029,946865.2980671073,5631.557921078522,6605.928457052911,-974.370535974389,-19988.71364217071
0xb305d384400e3d7a15780216a55368ea677eca4e,0x9fcbaf947834e93c6f28a23acd964a523107a9893c23879d0562f3caa9019014,1779500649,BUY,Up,Up,1,False,118.98,0.3259690704320054,38.78380000000001,38.78380000000001,-38.78380000000001,38.78380000000001,Down,1779500700,2.3195353974864794,-51,matched,4,0.040116191573356774,-1.2077108124872664,1.2478270040606232,48.39547296008641,0.9986620523816401,-0.25227738143540546,1.2509394338170456,48.51618481327354,2862767.4251538105,-92966.27013530875,2955733.695289119,114634584.49135415,723.6820392161608,740.0432382017898,-16.361198985629017,-634.5494692188388
0xf6beafa72d6416525c4cf039c9c122883dbef6a3,0xa19df5716f91f7c27cc05dd9b872f7b326554549ec9a31d4858c38ade5f98706,1777985936,BUY,Up,Up,1,False,100.157893,0.18999999331056217,19.029999,19.029999,-19.029999,19.029999,Down,1777986000,4.205226517568029,-64,matched,4,0.2620682559197139,-1.1795643507814926,1.4416326067012064,27.43426706389135,0.7530041305524959,-0.6870128270468951,1.440016957599391,27.403521263099456,15063.18263315392,-133482.56636922323,148545.74900237715,2826825.454969488,58231.578272333136,54278.70927639844,3952.8689959346957,75223.09303976827
0xb305d384400e3d7a15780216a55368ea677eca4e,0xa2acc8248940ee5779ed2570928ab7c4fe96554be3f9bdc21843faaf6645a0df,1780790934,BUY,Up,Up,1,False,100.0,0.08,8.0,8.0,-8.0,8.0,Down,1780791000,10.094902452717994,-66,matched,4,-0.6382134223251281,-0.6512590267682857,0.01304560444315761,0.10436483554526088,0.2832952330432264,0.2592866390590951,0.0240085939841313,0.1920687518730504,655.275970771967,296.56489999748555,358.7110707744814,2869.6885661958513,10839.673645050148,10519.330975182544,320.34266986760485,2562.741358940839
0xb305d384400e3d7a15780216a55368ea677eca4e,0xa2acc8248940ee5779ed2570928ab7c4fe96554be3f9bdc21843faaf6645a0df,1780790923,BUY,Up,Up,1,False,100.0,0.06,6.0,6.0,-6.0,6.0,Down,1780791000,10.094902452717994,-77,matched,4,1.1375273235646226,1.1311748733696492,0.006352450194973436,0.038114701169840615,0.40887741101466496,0.4173079055934683,-0.00843049457880335,-0.050582967472820095,1146.6762860659219,29611.59298628809,-28464.91670022217,-170789.50020133302,73542.36116089835,72112.43151480492,1429.9296460934274,8579.577876560565
0xf6beafa72d6416525c4cf039c9c122883dbef6a3,0xa2acc8248940ee5779ed2570928ab7c4fe96554be3f9bdc21843faaf6645a0df,1780790775,BUY,Up,Up,1,False,71.01,0.16,11.361600000000001,11.361600000000001,-11.361600000000001,11.361600000000001,Down,1780791000,10.094902452717994,-225,matched,4,-0.5633541560117405,0.29347847315279046,-0.856832629164531,-9.734989599515735,-0.6919895048876611,0.14547138361424664,-0.8374608885019077,-9.514895630803275,-63947.68727576904,5592.305452613895,-69539.99272838293,-790085.5813827956,242901.1779829511,218477.31689422094,24423.861088730162,277494.1401457166
0xf6beafa72d6416525c4cf039c9c122883dbef6a3,0xa2acc8248940ee5779ed2570928ab7c4fe96554be3f9bdc21843faaf6645a0df,1780790742,BUY,Up,Up,1,False,99.99,0.18,17.998199999999997,17.998199999999997,-17.998199999999997,17.998199999999997,Down,1780791000,10.094902452717994,-258,matched,4,-0.4903782728200398,0.2834388025004013,-0.7738170753204412,-13.927314485032362,-0.6442924453869852,0.1364732375189701,-0.7807656829059553,-14.052376914077962,-61765.91284250305,38765.12357814048,-100531.03642064353,-1809377.6997060261,262671.190593052,256611.9293557831,6059.261237268918,109055.79560061342
0xf6beafa72d6416525c4cf039c9c122883dbef6a3,0xa2acc8248940ee5779ed2570928ab7c4fe96554be3f9bdc21843faaf6645a0df,1780790734,BUY,Up,Up,1,False,227.27,0.18,40.9086,40.9086,-40.9086,40.9086,Down,1780791000,10.094902452717994,-266,matched,4,-0.4977418945753932,0.16823895416726328,-0.6659808487426565,-27.24434414887384,-0.6463313619067041,0.02582677708372721,-0.6721581389904313,-27.497048444703957,-62357.511086463055,11665.940546822254,-74023.45163328531,-3028195.7734854156,263948.3729563622,242811.61885384232,21136.754102519888,864675.018878345
0xf6beafa72d6416525c4cf039c9c122883dbef6a3,0xa2acc8248940ee5779ed2570928ab7c4fe96554be3f9bdc21843faaf6645a0df,1780790734,BUY,Up,Up,1,False,86.2,0.19,16.378,16.378,-16.378,16.378,Down,1780791000,10.094902452717994,-266,matched,4,-0.4977418945753932,0.16823895416726328,-0.6659808487426565,-10.907434340707228,-0.6463313619067041,0.02582677708372721,-0.6721581389904313,-11.008606000385283,-62357.511086463055,11665.940546822254,-74023.45163328531,-1212356.0908499467,263948.3729563622,242811.61885384232,21136.754102519888,346177.7586910707
0xb305d384400e3d7a15780216a55368ea677eca4e,0xa2cdbe7e73e5a59645c22431a01b62f6c264396a6e9a86189cc37893e6760c15,1779612509,BUY,Up,Up,1,False,300.0,0.59,177.0,177.0,-177.0,177.0,Down,1779612600,0.8731209502104216,-91,matched,4,-0.004110799830065903,0.7041109776923778,-0.7082217775224438,-125.35525462147254,-0.9960270465646989,-0.28678101223707836,-0.7092460343276206,-125.53654807598885,-794738.5632254423,-28661.20178137996,-766077.3614440623,-135595692.97559902,101713.543544514,102838.30770439486,-1124.764159880855,-199083.25629891135
0xb305d384400e3d7a15780216a55368ea677eca4e,0xa2cdbe7e73e5a59645c22431a01b62f6c264396a6e9a86189cc37893e6760c15,1779612591,BUY,Up,Up,1,False,26.89,0.15930457419114913,4.2837000000000005,4.2837000000000005,-4.2837000000000005,4.2837000000000005,Down,1779612600,0.8731209502104216,-9,offset_out_of_range,,,,,,,,,,,,,,,,,
0xb305d384400e3d7a15780216a55368ea677eca4e,0xa35c615026696edfe3b274b3c52019a261f2e128e84ad2391ca718e0b293925c,1779949796,BUY,Up,Up,1,False,100.0,0.22,22.0,22.0,-22.0,22.0,Down,1779949800,0.9598139995556572,-4,offset_out_of_range,,,,,,,,,,,,,,,,,
0xb305d384400e3d7a15780216a55368ea677eca4e,0xa35c615026696edfe3b274b3c52019a261f2e128e84ad2391ca718e0b293925c,1779949687,BUY,Up,Up,1,False,100.0,0.222514,22.2514,22.2514,-22.2514,22.2514,Down,1779949800,0.9598139995556572,-113,matched,4,0.23513848802484344,0.3208994028214116,-0.08576091479656817,-1.908300419504357,-0.33982647206056,-0.2539428975943247,-0.08588357446623529,-1.911029768877988,-2743.2978366850293,-220395.22321166378,217651.92537497875,4843060.052288802,468812.6333715741,537382.5404066083,-68569.90703503415,-1525776.4293993588
0xb305d384400e3d7a15780216a55368ea677eca4e,0xa35c615026696edfe3b274b3c52019a261f2e128e84ad2391ca718e0b293925c,1779949679,BUY,Up,Up,1,False,100.0,0.24,24.0,24.0,-24.0,24.0,Down,1779949800,0.9598139995556572,-121,matched,4,0.3182822974763865,0.5599424085072495,-0.24166011103086305,-5.799842664740713,-0.25305000135568534,0.011077808671685549,-0.2641278100273709,-6.339067440656901,-2254.171024052048,173743.75274328873,-175997.92376734078,-4223950.170416178,469676.10513150913,483188.118754665,-13512.013623155886,-324288.3269557413
0xb305d384400e3d7a15780216a55368ea677eca4e,0xa35c615026696edfe3b274b3c52019a261f2e128e84ad2391ca718e0b293925c,1779949631,BUY,Down,Down,-1,True,400.0,0.58,231.99999999999997,231.99999999999997,168.00000000000003,168.00000000000003,Down,1779949800,0.9598139995556572,-169,matched,4,1.4398721915303356,0.46607343489992537,0.9737987566304103,163.59819111390894,0.7345145481533918,-0.2520308705524656,0.9865454187058573,165.73963034258406,314582.4413980521,-28183.142014165573,342765.5834122177,57584618.01325258,109963.48362362047,119336.75165035765,-9373.268026737176,-1574709.0284918458
0xb305d384400e3d7a15780216a55368ea677eca4e,0xa35c615026696edfe3b274b3c52019a261f2e128e84ad2391ca718e0b293925c,1779949619,BUY,Up,Up,1,False,111.0,0.36045045045045043,40.01,40.01,-40.01,40.01,Down,1779949800,0.9598139995556572,-181,matched,4,-1.0727595085830717,0.03999716637359357,-1.1127566749566653,-44.52139456501617,-0.5700997539942303,0.5461473749046621,-1.1162471288988924,-44.661047627244685,-269810.9952942331,83184.53181206305,-352995.52710629615,-14123351.039522909,66135.05301956413,66585.05485204107,-450.0018324769335,-18004.573317402108
0xb305d384400e3d7a15780216a55368ea677eca4e,0xa35c615026696edfe3b274b3c52019a261f2e128e84ad2391ca718e0b293925c,1779949584,BUY,Up,Up,1,False,300.0,0.44143933333333335,132.4318,132.4318,-132.4318,132.4318,Down,1779949800,0.9598139995556572,-216,matched,4,-0.9649133652943365,-0.7758020833160413,-0.1891112819782952,-25.044347472693193,-0.571501600361656,-0.38600207934414615,-0.18549952101750983,-24.56603546748666,-272451.03184205503,-100036.03115633018,-172415.00068572484,-22833228.887811776,257686.4442517762,257271.44488247728,414.99936929892283,54959.11347512109
0xb305d384400e3d7a15780216a55368ea677eca4e,0xa35c615026696edfe3b274b3c52019a261f2e128e84ad2391ca718e0b293925c,1779949782,BUY,Up,Up,1,False,100.0,0.378,37.8,37.8,-37.8,37.8,Down,1779949800,0.9598139995556572,-18,matched,4,-1.961571624017906,-0.8805373298312451,-1.0810342941866609,-40.86309632025578,-0.9615716240179694,0.11946267016873875,-1.0810342941867082,-40.86309632025757,-4882.439129824008,24221.12891222995,-29103.568042053957,-1100114.8719896395,1146.0197248500772,1139.4073814088151,6.612343441262055,249.94658207970568
0xb305d384400e3d7a15780216a55368ea677eca4e,0xa35c615026696edfe3b274b3c52019a261f2e128e84ad2391ca718e0b293925c,1779949743,BUY,Down,Down,-1,True,100.0,0.58,57.99999999999999,57.99999999999999,42.00000000000001,42.00000000000001,Down,1779949800,0.9598139995556572,-57,matched,4,1.2543574672593485,0.47664836438707264,0.7777091028722758,32.66378232063559,0.4185898747378297,-0.35367731669534497,0.7722671914331747,32.435222040193345,3166.945125687009,-1959.0031343950045,5125.948260082014,215289.8269234446,506.89604717004113,495.8860243948384,11.010022775202742,462.42095655851523
0xf6beafa72d6416525c4cf039c9c122883dbef6a3,0xa409d6b94f1b2845dd0e1fdfa9132ae830167759001d943cd7ba1d3e6a9919ba,1777742070,BUY,Down,Down,-1,True,10.25,0.4751219512195122,4.87,4.87,5.38,5.38,Down,1777742100,0.20391642374586288,-30,matched,4,1.9810438539983863,0.08719273074769557,1.8938511232506907,10.188919043088715,0.9810438539983865,-0.9128072692522171,1.8938511232506037,10.188919043088248,388422.0004836307,-1247.5810852260038,389669.5815688567,2096422.3488404492,871.8427529758774,874.6218168217747,-2.7790638458973262,-14.951363490927616
0xf6beafa72d6416525c4cf039c9c122883dbef6a3,0xa409d6b94f1b2845dd0e1fdfa9132ae830167759001d943cd7ba1d3e6a9919ba,1777742068,BUY,Down,Down,-1,True,10.844443,0.4499999677254055,4.879999,4.879999,5.964444,5.964444,Down,1777742100,0.20391642374586288,-32,matched,4,1.9810438539983863,0.06237728166239734,1.918666572335989,11.443779325369956,0.9810438539983865,-0.9376227183376489,1.9186665723360354,11.443779325370233,388422.0004836307,-1037.592314464593,389459.5927980953,2322909.931507043,872.8183500238229,873.9553782739385,-1.1370282501156908,-6.781741324233032
0xb305d384400e3d7a15780216a55368ea677eca4e,0xa4b9ca20c0a56e3dcb8502fb7c644a341b3311dd1ee3b002e301d30d41d7842d,1778337882,BUY,Down,Down,-1,False,47.22,0.14372511647606948,6.786700000000001,6.786700000000001,-6.786700000000001,6.786700000000001,Up,1778337900,6.411851580981554,-18,matched,4,-0.3328621737780186,-0.26971281004219894,-0.06314936373581964,-0.4285757868658872,-0.5048512878024578,-0.38885791370473066,-0.11599337409772714,-0.7872122319890449,-258.80915558198467,-149.73421906999647,-109.0749365119882,-740.2588716259104,264.8451804080396,246.16834525761078,18.676835150428815,126.75407711541524
0xf6beafa72d6416525c4cf039c9c122883dbef6a3,0xa4e4c0960972ae960acb64dcaf05a040e8b63e753bb41a844cc60f25a68acf0a,1778284817,BUY,Up,Up,1,False,16.147538,0.6099999888527898,9.849998000000001,9.849998000000001,-9.849998000000001,9.849998000000001,Down,1778285100,4.67292601414847,-283,matched,4,0.4833268944141239,-0.15584999780558723,0.6391768922197112,6.295891110010372,0.24808763668239667,-0.3919618579297228,0.6400494946121195,6.304486241830388,66035.14799671501,-538752.4086775988,604787.5566743138,5957156.223666878,58881.044977013255,62139.613311449124,-3258.5683344358695,-32096.89157705665
0xf6beafa72d6416525c4cf039c9c122883dbef6a3,0xa51b2c1d96c51f3afce6313b78b698a9e8b1f294ba0784370d93b8220ca17408,1777741600,BUY,Up,Up,1,False,4.633332,0.29999987050355986,1.389999,1.389999,-1.389999,1.389999,Down,1777741800,0.4067247112701801,-200,matched,4,0.4881960147920098,-0.04522217387977652,0.5334181886717864,0.7414507488355944,0.9937246875405324,0.4687527299329304,0.5249719576076021,0.7297104961026093,1103451.5246426924,-3939.2986974492705,1107390.8233401417,1539272.1370519735,125451.60903099205,129323.18294423856,-3871.5739132465096,-5381.483867838735
0xf6beafa72d6416525c4cf039c9c122883dbef6a3,0xa51b2c1d96c51f3afce6313b78b698a9e8b1f294ba0784370d93b8220ca17408,1777741598,BUY,Up,Up,1,False,5.375,0.32,1.72,1.72,-1.72,1.72,Down,1777741800,0.4067247112701801,-202,matched,4,0.5111739935237087,-0.02860208795341755,0.5397760814771263,0.9284148601406572,0.9937246875405324,0.4740118584405991,0.5197128290999333,0.8939060660518853,1103451.5246426924,175946.26617888693,927505.2584638055,1595309.0445577456,127395.977217392,125600.72501417904,1795.2522032129637,3087.8337895262976
0xf6beafa72d6416525c4cf039c9c122883dbef6a3,0xa51b2c1d96c51f3afce6313b78b698a9e8b1f294ba0784370d93b8220ca17408,1777741598,BUY,Up,Up,1,False,3.9,0.3,1.17,1.17,-1.17,1.17,Down,1777741800,0.4067247112701801,-202,matched,4,0.5111739935237087,-0.02860208795341755,0.5397760814771263,0.6315380153282377,0.9937246875405324,0.4740118584405991,0.5197128290999333,0.608064010046922,1103451.5246426924,175946.26617888693,927505.2584638055,1085181.1524026524,127395.977217392,125600.72501417904,1795.2522032129637,2100.4450777591674
0xf6beafa72d6416525c4cf039c9c122883dbef6a3,0xa51b2c1d96c51f3afce6313b78b698a9e8b1f294ba0784370d93b8220ca17408,1777741598,BUY,Up,Up,1,False,9.066665,0.299999944852931,2.719999,2.719999,-2.719999,2.719999,Down,1777741800,0.4067247112701801,-202,matched,4,0.5111739935237087,-0.02860208795341755,0.5397760814771263,1.468190401841702,0.9937246875405324,0.4740118584405991,0.5197128290999333,1.4136183754389895,1103451.5246426924,175946.26617888693,927505.2584638055,2522813.3755162926,127395.977217392,125600.72501417904,1795.2522032129637,4883.084197487058
0xf6beafa72d6416525c4cf039c9c122883dbef6a3,0xa51b2c1d96c51f3afce6313b78b698a9e8b1f294ba0784370d93b8220ca17408,1777741596,BUY,Up,Up,1,False,20.727271,0.3227631365460509,6.689999,6.689999,-6.689999,6.689999,Down,1777741800,0.4067247112701801,-204,matched,4,0.5116127287731055,-0.8666241314155472,1.3782368601886525,9.220403216425225,0.9937254805716927,-0.4170903209688547,1.4108158015405474,9.438356301490462,1103591.8696487076,-659702.8166107915,1763294.686259499,11796439.687781364,127288.24705595104,128067.05962975264,-778.8125738015951,-5210.255339920098
0xf6beafa72d6416525c4cf039c9c122883dbef6a3,0xa51b2c1d96c51f3afce6313b78b698a9e8b1f294ba0784370d93b8220ca17408,1777741582,BUY,Up,Up,1,False,5.88,0.25,1.47,1.47,-1.47,1.47,Down,1777741800,0.4067247112701801,-218,matched,4,0.05578008460725781,-0.7750237809960645,0.8308038656033223,1.2212816824368837,0.9456327075564164,0.11037017154548373,0.8352625360109327,1.227835927936071,1076416.1936990065,-316673.3125172717,1393089.5062162783,2047841.5741379291,99891.250181195,101509.89178044433,-1618.6415992493276,-2379.4031508965113
0xf6beafa72d6416525c4cf039c9c122883dbef6a3,0xa51b2c1d96c51f3afce6313b78b698a9e8b1f294ba0784370d93b8220ca17408,1777741574,BUY,Up,Up,1,False,3.85185,0.2699998701922453,1.0399990000000001,1.0399990000000001,-1.0399990000000001,1.0399990000000001,Down,1777741800,0.4067247112701801,-226,matched,4,0.04256735797584954,-1.0989237131923404,1.1414910711681898,1.1871495725238463,0.9445494671249067,-0.19853501534482867,1.1430844824697355,1.1888067186840425,1075782.0851571565,-16840.924468597976,1092623.0096257543,1136326.837387775,99313.931666735,96365.2361596731,2948.6955070619006,3066.64037864887
0xf6beafa72d6416525c4cf039c9c122883dbef6a3,0xa51b2c1d96c51f3afce6313b78b698a9e8b1f294ba0784370d93b8220ca17408,1777741572,BUY,Up,Up,1,False,13.321427,0.2799999579624615,3.729999,3.729999,-3.729999,3.729999,Down,1777741800,0.4067247112701801,-228,matched,4,0.04305874872709792,-1.0975708544784417,1.1406296032055396,4.25454727932706,0.94457245404901,-0.1985586471973232,1.1431311012463332,4.263877864517721,1076254.4252511114,-16843.651899295728,1093098.077150407,4077254.734672941,98841.59157278002,96477.90952905608,2363.6820437239367,8816.53165940824
0xf6beafa72d6416525c4cf039c9c122883dbef6a3,0xa8389678095fd384141f8caf63fa5215565ae06a2671ebbf44be185ed2855daf,1779659330,BUY,Down,Down,-1,False,34.7,0.25,8.675,8.675,-8.675,8.675,Up,1779659400,0.5041450720678815,-70,matched,4,1.1648797462892282,0.2255579287786016,0.9393218175106266,8.148616766904686,0.9814910580758806,0.038763239855198556,0.942727818220682,8.178163823064416,1423453.950693969,1929.0831217812665,1421524.8675721877,12331728.226188729,1849.2421025973745,1896.8380031700071,-47.59590057263267,-412.8944374675885
0xb305d384400e3d7a15780216a55368ea677eca4e,0xa8389678095fd384141f8caf63fa5215565ae06a2671ebbf44be185ed2855daf,1779659327,BUY,Down,Down,-1,False,200.0,0.31,62.0,62.0,-62.0,62.0,Up,1779659400,0.5041450720678815,-73,matched,4,1.114798359036602,0.1829968158059678,0.9318015432306341,57.77169568029932,0.9814082769472463,0.044414955912133014,0.9369933210351133,58.093585904177026,1423393.358811519,3163.509715365253,1420229.8490961539,88054250.64396153,1823.8984562763944,1822.8269318284292,1.0715244479652029,66.43451577384258
0xb305d384400e3d7a15780216a55368ea677eca4e,0xa8389678095fd384141f8caf63fa5215565ae06a2671ebbf44be185ed2855daf,1779659307,BUY,Down,Down,-1,False,100.0,0.321764,32.1764,32.1764,-32.1764,32.1764,Up,1779659400,0.5041450720678815,-93,matched,4,1.3565270908260412,0.2920407199066881,1.064486370919353,34.25133926524947,0.9813004964054035,-0.10452528556111296,1.0858257819665165,34.937964690867425,1423361.907111915,-235.44898799443763,1423597.3560999094,45806237.96881313,51665.57823753357,51131.89027993288,533.6879576006904,17172.157198942856
0xb305d384400e3d7a15780216a55368ea677eca4e,0xa8389678095fd384141f8caf63fa5215565ae06a2671ebbf44be185ed2855daf,1779659383,BUY,Down,Down,-1,False,31.69,0.5326380561691385,16.8793,16.8793,-16.8793,16.8793,Up,1779659400,0.5041450720678815,-17,matched,4,0.04878759833503199,-0.9527072451957412,1.0014948435307733,16.904531912408984,0.9989242604527259,0.022204827699085022,0.9767194327536408,16.48634032127853,532184.0546023631,15195.301136359732,516988.7534660034,8726408.266378712,459143.79867520276,432554.8031512903,26588.995523912483,448803.632146776
0xb305d384400e3d7a15780216a55368ea677eca4e,0xa84bf874a089d2dead045de0567e33a7224d7b76f454e24472fdd086181cd7e1,1779014242,BUY,Down,Down,-1,True,100.0,0.19,19.0,19.0,81.0,81.0,Down,1779014400,0.5177305287628512,-158,matched,4,1.987263729786561,1.287508338326185,0.699755391460376,56.68018670829046,0.998311854719034,0.30428125450546845,0.6940306002135657,56.21647861729882,1673688.1246546353,33058.57499222965,1640629.5496624056,132890993.52265486,27430.491445392836,28598.671777458105,-1168.1803320652689,-94622.60689728678
0xf6beafa72d6416525c4cf039c9c122883dbef6a3,0xa84bf874a089d2dead045de0567e33a7224d7b76f454e24472fdd086181cd7e1,1779014182,BUY,Down,Down,-1,True,6.167915,0.47179622287272116,2.909999,2.909999,3.257916,3.257916,Down,1779014400,0.5177305287628512,-218,matched,4,1.6436542780107715,0.6794643573021286,0.9641899207086428,3.1412497697154187,0.998091280216626,0.02218824718671004,0.9759030330299159,3.1794101057566913,1673569.0906006852,13039.229513469883,1660529.8610872154,5409866.802913816,36469.954599217046,35498.49745309401,971.4571461230371,3164.92577966858
0xf6beafa72d6416525c4cf039c9c122883dbef6a3,0xa84bf874a089d2dead045de0567e33a7224d7b76f454e24472fdd086181cd7e1,1779014182,BUY,Down,Down,-1,True,14.834338,0.5244587928359189,7.779999,7.779999,7.054339000000001,7.054339000000001,Down,1779014400,0.5177305287628512,-218,matched,4,1.6436542780107715,0.6794643573021286,0.9641899207086428,6.801722561061887,0.998091280216626,0.02218824718671004,0.9759030330299159,6.884350826121224,1673569.0906006852,13039.229513469883,1660529.8610872154,11713940.559732126,36469.954599217046,35498.49745309401,971.4571461230371,6852.98803272444
0xf6beafa72d6416525c4cf039c9c122883dbef6a3,0xa84bf874a089d2dead045de0567e33a7224d7b76f454e24472fdd086181cd7e1,1779014362,BUY,Down,Down,-1,True,4.941175,0.5099999494047468,2.519999,2.519999,2.4211760000000004,2.4211760000000004,Down,1779014400,0.5177305287628512,-38,matched,4,2.076529387751158e-05,-1.547660860858976,1.5476816261528534,3.7472096088822617,0.9999511930629935,-0.5562285304573644,1.556179723520358,3.767784998274127,1358522.8669523343,-10764.186995497199,1369287.0539478315,3315284.9521291954,316450.4604797468,319936.6704422488,-3486.2099625020055,-8440.727892170757
0xf6beafa72d6416525c4cf039c9c122883dbef6a3,0xa84bf874a089d2dead045de0567e33a7224d7b76f454e24472fdd086181cd7e1,1779014362,BUY,Down,Down,-1,True,7.017646,0.5015925568203354,3.519999,3.519999,3.497647,3.497647,Down,1779014400,0.5177305287628512,-38,matched,4,2.076529387751158e-05,-1.547660860858976,1.5476816261528534,5.413243996668649,0.9999511930629935,-0.5562285304573644,1.556179723520358,5.44296734143181,1358522.8669523343,-10764.186995497199,1369287.0539478315,4789282.756379471,316450.4604797468,319936.6704422488,-3486.2099625020055,-12193.531816715253
0xf6beafa72d6416525c4cf039c9c122883dbef6a3,0xa84bf874a089d2dead045de0567e33a7224d7b76f454e24472fdd086181cd7e1,1779014362,BUY,Down,Down,-1,True,3.826085,0.459999973863623,1.759999,1.759999,2.066086,2.066086,Down,1779014400,0.5177305287628512,-38,matched,4,2.076529387751158e-05,-1.547660860858976,1.5476816261528534,3.197643340251644,0.9999511930629935,-0.5562285304573644,1.556179723520358,3.2152011402492824,1358522.8669523343,-10764.186995497199,1369287.0539478315,2829064.812142859,316450.4604797468,319936.6704422488,-3486.2099625020055,-7202.809596585918
0xb305d384400e3d7a15780216a55368ea677eca4e,0xa86f27aa507083863bee38208b43432bdf747f66d36b48ad5f47202dac445e1d,1779008034,BUY,Down,Down,-1,True,96.21,0.13,12.507299999999999,12.507299999999999,83.7027,83.7027,Down,1779008100,1.1853391961119866,-66,matched,4,1.846418553195403,0.8839536428505949,0.9624649103448081,80.56091165111836,0.9999872504293114,0.01626539354518182,0.9837218568841295,82.34017547021521,624440.2646505672,39933.910039048256,584506.3546115189,48924760.04814158,1850.982342065021,1833.7873831351171,17.194958929903805,1439.264488822059
0xb305d384400e3d7a15780216a55368ea677eca4e,0xa86f27aa507083863bee38208b43432bdf747f66d36b48ad5f47202dac445e1d,1779008024,BUY,Down,Down,-1,True,271.79,0.12805879539350234,34.8051,34.8051,236.9849,236.9849,Down,1779008100,1.1853391961119866,-76,matched,4,1.8806927877187116,1.1432647001263527,0.7374280875923589,174.7593215952664,0.9999872504866026,0.2559013031136658,0.7440859473729369,176.33713382958072,624443.0706667022,83973.36451028052,540469.7061564217,128083159.26650898,2382.6532231170568,2341.442855076264,41.21036804079267,9766.234949110449
0xf6beafa72d6416525c4cf039c9c122883dbef6a3,0xa86f27aa507083863bee38208b43432bdf747f66d36b48ad5f47202dac445e1d,1779007847,BUY,Up,Up,1,False,31.890625,0.6189906908378245,19.74,19.74,-19.74,19.74,Down,1779008100,1.1853391961119866,-253,matched,4,-1.976813974404944,-1.0328711317281918,-0.9439428426767522,-18.633431714439087,-0.9852922768903818,-0.05425715286982831,-0.9310351240205534,-18.378633348165724,-636590.520737977,-27766.271401871374,-608824.2493361057,-12018190.681894725,17135.76138686412,17388.34995496399,-252.588568099869,-4986.098334291414
0xb305d384400e3d7a15780216a55368ea677eca4e,0xa86f27aa507083863bee38208b43432bdf747f66d36b48ad5f47202dac445e1d,1779007812,BUY,Up,Up,1,False,200.0,0.6151135,123.0227,123.0227,-123.0227,123.0227,Down,1779008100,1.1853391961119866,-288,matched,4,-1.9669219512435525,-1.0299315740093538,-0.9369903772341988,-115.27108608136966,-0.9846732681969521,-0.0444138240725845,-0.9402594441243676,-115.67325551667884,-636393.711425406,-12292.736870607696,-624100.9745547983,-76778586.96236259,17443.94810666406,18036.142217881228,-592.1941112171698,-72853.31848603651
0xf6beafa72d6416525c4cf039c9c122883dbef6a3,0xa86f27aa507083863bee38208b43432bdf747f66d36b48ad5f47202dac445e1d,1779007627,BUY,Up,Up,1,False,2.984124,0.6299999597871938,1.8799979999999998,1.8799979999999998,-1.8799979999999998,1.8799979999999998,Down,1779008100,1.1853391961119866,-473,matched,4,-0.026887851809921592,1.0342262526811041,-1.0611141044910257,-1.9948923942149193,-0.9345322243803736,0.13133626447910685,-1.0658684888594805,-2.0038306273188455,-619704.387992468,281802.4689133934,-901506.8569058613,-1694831.0879693052,349430.4776122532,346467.4676155633,2963.0099966899143,5570.452867757045
0xf6beafa72d6416525c4cf039c9c122883dbef6a3,0xa86f27aa507083863bee38208b43432bdf747f66d36b48ad5f47202dac445e1d,1779007625,BUY,Up,Up,1,False,8.730156,0.6299999679272626,5.499997999999999,5.499997999999999,-5.499997999999999,5.499997999999999,Down,1779008100,1.1853391961119866,-475,matched,4,-0.02643602663296385,1.3007501375970572,-1.327186164230021,-7.299521248892785,-0.934374891233495,0.39775431913995596,-1.332129210373451,-7.3267079927955585,-619650.453093068,382165.45417456067,-1001815.9072676287,-5509985.486340142,349376.54271285323,342290.74697761034,7085.795735242893,38971.86237224443
0xf6beafa72d6416525c4cf039c9c122883dbef6a3,0xa86f27aa507083863bee38208b43432bdf747f66d36b48ad5f47202dac445e1d,1779007625,BUY,Up,Up,1,False,29.126983,0.6299999900435963,18.349998999999997,18.349998999999997,-18.349998999999997,18.349998999999997,Down,1779008100,1.1853391961119866,-475,matched,4,-0.02643602663296385,1.3007501375970572,-1.327186164230021,-24.353864786434716,-0.934374891233495,0.39775431913995596,-1.332129210373451,-24.444569678223612,-619650.453093068,382165.45417456067,-1001815.9072676287,-18383320.896545075,349376.54271285323,342290.74697761034,7085.795735242893,130024.34465591132
0xf6beafa72d6416525c4cf039c9c122883dbef6a3,0xa86f27aa507083863bee38208b43432bdf747f66d36b48ad5f47202dac445e1d,1779007625,BUY,Up,Up,1,False,29.126983,0.6299999900435963,18.349998999999997,18.349998999999997,-18.349998999999997,18.349998999999997,Down,1779008100,1.1853391961119866,-475,matched,4,-0.02643602663296385,1.3007501375970572,-1.327186164230021,-24.353864786434716,-0.934374891233495,0.39775431913995596,-1.332129210373451,-24.444569678223612,-619650.453093068,382165.45417456067,-1001815.9072676287,-18383320.896545075,349376.54271285323,342290.74697761034,7085.795735242893,130024.34465591132
0xf6beafa72d6416525c4cf039c9c122883dbef6a3,0xa86f27aa507083863bee38208b43432bdf747f66d36b48ad5f47202dac445e1d,1779007625,BUY,Up,Up,1,False,2.904759,0.6299999414753513,1.829998,1.829998,-1.829998,1.829998,Down,1779008100,1.1853391961119866,-475,matched,4,-0.02643602663296385,1.3007501375970572,-1.327186164230021,-2.4287480261686096,-0.934374891233495,0.39775431913995596,-1.332129210373451,-2.4377937907249945,-619650.453093068,382165.45417456067,-1001815.9072676287,-1833321.106667946,349376.54271285323,342290.74697761034,7085.795735242893,12966.992023903023
0xf6beafa72d6416525c4cf039c9c122883dbef6a3,0xa86f27aa507083863bee38208b43432bdf747f66d36b48ad5f47202dac445e1d,1779007576,BUY,Up,Up,1,False,3.476922,0.6499999137167874,2.259999,2.259999,-2.259999,2.259999,Down,1779008100,1.1853391961119866,-524,matched,4,-0.11242660614966349,0.3205897992551776,-0.4330164054048411,-0.9786166431985355,-0.9341521484432785,-0.5016947508494595,-0.43245739759381907,-0.9773532861046336,-619577.605069639,-323676.50189664646,-295901.1031729926,-668736.1972698601,368961.98293424124,368176.9039519712,785.0789822700317,1774.2777148512894
0xf6beafa72d6416525c4cf039c9c122883dbef6a3,0xa86f27aa507083863bee38208b43432bdf747f66d36b48ad5f47202dac445e1d,1779007574,BUY,Up,Up,1,False,2.769228,0.6499999277777055,1.799998,1.799998,-1.799998,1.799998,Down,1779008100,1.1853391961119866,-526,matched,4,-0.11242660614966349,0.1282469389426528,-0.24067354509231628,-0.4332118998190791,-0.9341521484432785,-0.6924562557519931,-0.24169589269128544,-0.4350521234525284,-619577.605069639,-377909.56023515546,-241668.0448344836,-435001.9973659808,368961.98293424124,368091.823380076,870.1595541652641,1566.285457178367
0xf6beafa72d6416525c4cf039c9c122883dbef6a3,0xa86f27aa507083863bee38208b43432bdf747f66d36b48ad5f47202dac445e1d,1779008085,BUY,Down,Down,-1,True,4.4,0.6,2.64,2.64,1.7600000000000002,1.7600000000000002,Down,1779008100,1.1853391961119866,-15,matched,4,-1.4572130068501998e-05,-0.5072149837366642,0.5072004116065957,0.8926727244276085,0.9999854278699322,0.49202486435331394,0.5079605635166182,0.8940105917892482,546339.5363433552,400399.66486773046,145939.87147562474,256854.17379709956,78054.54963333294,77762.71269705187,291.83693628106266,513.6330078546704
0xf6beafa72d6416525c4cf039c9c122883dbef6a3,0xa86f27aa507083863bee38208b43432bdf747f66d36b48ad5f47202dac445e1d,1779008085,BUY,Down,Down,-1,True,2.590161,0.6099999189239588,1.579998,1.579998,1.0101630000000001,1.0101630000000001,Down,1779008100,1.1853391961119866,-15,matched,4,-1.4572130068501998e-05,-0.5072149837366642,0.5072004116065957,0.5123550893897536,0.9999854278699322,0.49202486435331394,0.5079605635166182,0.5131229667236377,546339.5363433552,400399.66486773046,145939.87147562474,147423.05838943154,78054.54963333294,77762.71269705187,291.83693628106266,294.8028750644871
0xf6beafa72d6416525c4cf039c9c122883dbef6a3,0xa86f27aa507083863bee38208b43432bdf747f66d36b48ad5f47202dac445e1d,1779008075,BUY,Down,Down,-1,True,5.225,0.4,2.09,2.09,3.135,3.135,Down,1779008100,1.1853391961119866,-25,matched,4,-1.275051360394297e-05,-0.9925346564493339,0.99252190593573,3.1115561751085132,0.9999872494863961,0.007465343550928899,0.9925219059354672,3.1115561751076894,624394.0859766882,302565.73241633433,321828.35356035386,1008931.8884117093,46.1786738790106,47.54185664377292,-1.363182764762314,-4.273577967529854
0xb305d384400e3d7a15780216a55368ea677eca4e,0xa86f27aa507083863bee38208b43432bdf747f66d36b48ad5f47202dac445e1d,1779008075,BUY,Down,Down,-1,True,200.0,0.4,80.0,80.0,120.0,120.0,Down,1779008100,1.1853391961119866,-25,matched,4,-1.275051360394297e-05,-0.9925346564493339,0.99252190593573,119.1026287122876,0.9999872494863961,0.007465343550928899,0.9925219059354672,119.10262871225606,624394.0859766882,302565.73241633433,321828.35356035386,38619402.427242465,46.1786738790106,47.54185664377292,-1.363182764762314,-163.58193177147768
0xf6beafa72d6416525c4cf039c9c122883dbef6a3,0xa89b0d40440bba2b51bc47aa3806091ecdf53a4b0a44a95599f62ff3372a3dd5,1778026146,BUY,Down,Down,-1,False,24.894735,0.18999997389006149,4.729999,4.729999,-4.729999,4.729999,Up,1778026200,3.432260066743042,-54,matched,4,-0.024912874402145513,0.6947775937724607,-0.7196904681746062,-3.4041351947754195,-0.9995640449709949,-0.27963751266236686,-0.7199265323086281,-3.405251777893279,-147142.87898674907,-37.62218203329394,-147105.25680471578,-695807.7175810488,2042.624768496491,2010.4655396683447,32.1592288281463,152.11312019790316
0xf6beafa72d6416525c4cf039c9c122883dbef6a3,0xa89b0d40440bba2b51bc47aa3806091ecdf53a4b0a44a95599f62ff3372a3dd5,1778026092,BUY,Down,Down,-1,False,14.454544,0.32999996402515364,4.769999,4.769999,-4.769999,4.769999,Up,1778026200,3.432260066743042,-108,matched,4,-0.0010069069287171883,0.5551295926328121,-0.5561364995615293,-2.6527705467719955,-0.9992230884308598,-0.4395951433881775,-0.5596279450426823,-2.6694247382256497,-149133.7256083971,-226795.18367234583,77661.45806394872,370445.0773035774,185069.5338336383,179715.85793521808,5353.675898420217,25537.02868178854
0xf6beafa72d6416525c4cf039c9c122883dbef6a3,0xa89b0d40440bba2b51bc47aa3806091ecdf53a4b0a44a95599f62ff3372a3dd5,1778026062,BUY,Up,Up,1,True,18.807691,0.5199999829856838,9.779998999999998,9.779998999999998,9.027692,9.027692,Up,1778026200,3.432260066743042,-138,matched,4,0.964713494239601,-0.5021296085432722,1.4668431027828732,13.242207744248123,0.9995175191635507,-0.45621412296504343,1.4557316421285942,13.141896899791172,273810.81707344303,-13944.246068156062,287755.06314159906,2597764.0814829087,150155.85354634724,148858.158995716,1297.6945506312477,11715.18671317731
0xb305d384400e3d7a15780216a55368ea677eca4e,0xa8fadda52b50a1f7292589f64cc28626c299d3a2aa3edb4923e067cf9441265e,1778910528,BUY,Up,Up,1,True,73.48,0.57,41.8836,41.8836,31.596400000000006,31.596400000000006,Up,1778910600,1.8050257362802775,-72,matched,4,-0.022763278363951422,-1.023883906004652,1.0011206276407005,31.631807799186635,0.9772367216358331,-0.02841690035755412,1.0056536219933871,31.775034101951864,314877.178039907,-920.2587529082539,315797.4367928153,9978062.13188051,574.0718406761298,579.819468881029,-5.747628204899229,-181.60435981327802
0xb305d384400e3d7a15780216a55368ea677eca4e,0xa8fadda52b50a1f7292589f64cc28626c299d3a2aa3edb4923e067cf9441265e,1778910453,BUY,Up,Up,1,True,100.0,0.69,69.0,69.0,31.000000000000007,31.000000000000007,Up,1778910600,1.8050257362802775,-147,matched,2,1.9689287103228628,1.4935000874189046,0.47542862290395815,14.738287310022706,0.9772772059298762,0.7632783014555866,0.2139989044742896,6.633966038702979,315451.249880583,6446.82609162898,309004.42378895404,9579137.137457578,258.4486122610979,466.22620909198304,-207.77759683088516,-6441.105501757442
0xb305d384400e3d7a15780216a55368ea677eca4e,0xa8fadda52b50a1f7292589f64cc28626c299d3a2aa3edb4923e067cf9441265e,1778910391,BUY,Up,Up,1,True,200.0,0.62,124.0,124.0,76.0,76.0,Up,1778910600,1.8050257362802775,-209,matched,4,1.410683233528404,0.26207367015321154,1.1486095633751925,87.29432681651463,0.9769135181745378,-0.15933031803748943,1.136243836212027,86.35453155211405,315391.867788864,-29860.88672129532,345252.7545101593,26239209.342772108,119034.03012757323,121813.69028615754,-2779.660158584302,-211254.17205240694
0xb305d384400e3d7a15780216a55368ea677eca4e,0xa8fadda52b50a1f7292589f64cc28626c299d3a2aa3edb4923e067cf9441265e,1778910369,BUY,Down,Down,-1,False,100.0,0.39,39.0,39.0,-39.0,39.0,Up,1778910600,1.8050257362802775,-231,matched,4,-0.9289423120509559,-0.10787591798854171,-0.8210663940624142,-32.02158936843416,-0.9767803607561069,-0.14341557768943197,-0.8333647830666748,-32.50122653960032,-315371.186846824,6267.532951165197,-321638.71979798924,-12543910.072121581,179280.29398702324,176249.16737797405,3031.1266090491845,118213.9377529182
0xb305d384400e3d7a15780216a55368ea677eca4e,0xa8fadda52b50a1f7292589f64cc28626c299d3a2aa3edb4923e067cf9441265e,1778910346,BUY,Down,Down,-1,False,98.72,0.37,36.5264,36.5264,-36.5264,36.5264,Up,1778910600,1.8050257362802775,-254,matched,4,-0.9260012361751181,-0.057124775393588456,-0.8688764607815296,-31.736929157090465,-0.9757937597496594,-0.08834509386696605,-0.8874486658826933,-32.41530494949761,-315209.964574426,280315.3920147274,-595525.3565891534,-21752397.384918053,179372.7351080391,174260.01516361372,5112.719944425393,186749.25377805968
0xb305d384400e3d7a15780216a55368ea677eca4e,0xa8fadda52b50a1f7292589f64cc28626c299d3a2aa3edb4923e067cf9441265e,1778910579,BUY,Up,Up,1,True,46.38,0.34164726175075466,15.845600000000003,15.845600000000003,30.5344,30.5344,Up,1778910600,1.8050257362802775,-21,matched,4,0.5337959866032413,-0.876401536370636,1.4101975229738772,43.05953524549356,0.9781174587282281,-0.4095703113533806,1.3876877700816088,42.37221344677988,314772.670253388,78.57444141126507,314694.09581197676,9608995.399161223,94.50099496694747,90.67236026827595,3.8286346986715216,116.90506334311571
0xb305d384400e3d7a15780216a55368ea677eca4e,0xa8fadda52b50a1f7292589f64cc28626c299d3a2aa3edb4923e067cf9441265e,1778910559,BUY,Up,Up,1,True,100.0,0.37,37.0,37.0,63.0,63.0,Up,1778910600,1.8050257362802775,-41,matched,4,0.7712711520161609,0.4431964279656946,0.32807472405046634,20.66870761517938,0.9779607554197345,0.6651563497356335,0.31280440568410095,19.70667755809836,314814.659074589,-94.56407664877042,314909.2231512378,19839281.058527984,302.4775522740092,304.8474830382911,-2.3699307642818894,-149.30563814975903
0xb305d384400e3d7a15780216a55368ea677eca4e,0xa8fadda52b50a1f7292589f64cc28626c299d3a2aa3edb4923e067cf9441265e,1778910551,BUY,Up,Up,1,True,5.0,0.51,2.55,2.55,2.45,2.45,Up,1778910600,1.8050257362802775,-49,matched,4,1.1488782435108547,0.2174432576014212,0.9314349859094335,2.282015715478112,0.9779674316822181,0.06225788590246728,0.9157095457797508,2.2434883871603897,314912.203352243,-423.05578841680835,315335.2591406598,772571.3848946167,204.93327461997978,209.83006296452368,-4.896788344543893,-11.997131444132538
0xf6beafa72d6416525c4cf039c9c122883dbef6a3,0xa933217a3a9cd76ead590389727e8916bad73cd60237f592adc2ae9fb1f01b0c,1778735062,BUY,Down,Down,-1,True,8.916665,0.11999991028035706,1.069999,1.069999,7.846666,7.846666,Down,1778735100,0.18906613772441236,-38,matched,4,1.9980336968909818,0.9326822137215179,1.0653514831694637,8.359457261035404,0.9992665304699203,-0.06446669002851793,1.0637332204984382,8.346759294355598,1184251.805263125,160.74088356040284,1184091.0643795647,9291167.095770942,5374.9876598464325,5295.421298057685,79.5663617887476,624.330665791465
0xf6beafa72d6416525c4cf039c9c122883dbef6a3,0xa933217a3a9cd76ead590389727e8916bad73cd60237f592adc2ae9fb1f01b0c,1778735061,BUY,Down,Down,-1,True,171.454544,0.10999999510074226,18.859999,18.859999,152.594545,152.594545,Down,1778735100,0.18906613772441236,-39,matched,4,1.9980336968909818,0.6089150834082921,1.3891186134826896,211.9719227754219,0.9992665304699203,-0.3904445924306913,1.3897111229006116,212.06233648045793,1184251.805263125,-9953.988688142515,1194205.7939512676,182229289.76435745,5374.9876598464325,5308.683791918767,66.30386792766512,10117.608558162154
0xf6beafa72d6416525c4cf039c9c122883dbef6a3,0xa9a44a8a73451daceb5827388e75f417bbb9bcf0b42875b4d3a898dc7c5f0dc1,1777995638,BUY,Down,Down,-1,False,18.452829,0.5299999799488739,9.779999,9.779999,-9.779999,9.779999,Up,1777995900,3.0173990693526878,-262,matched,4,0.5385972671453683,0.9354083559009174,-0.39681108875554916,-3.880812051218182,-0.13481387602188144,0.2552443676471057,-0.3900582436689871,-3.8147692330244505,-16506.890245060087,-672647.8941672065,656141.0039221464,6417058.362217588,640617.0307673882,625123.7093141914,15493.321453196811,151524.66831894335
0xb305d384400e3d7a15780216a55368ea677eca4e,0xaa8e1e94c6eedd86d3e65bee10fc8d3bd5a613c8cad9c796e0305adfab2a9785,1778037246,BUY,Up,Up,1,True,300.0,0.72,216.0,216.0,84.00000000000001,84.00000000000001,Up,1778037300,4.409657673027442,-54,matched,4,-0.46955953969907416,-0.17059146034793818,-0.298968079351136,-25.113318665495427,0.5097521672577799,0.8114273111441014,-0.30167514388632144,-25.340712086451006,27732.398135753,11970.077829000242,15762.320306752757,1324034.905767232,1774.432020726963,1786.6864612465433,-12.254440519580385,-1029.3730036447525
0xf6beafa72d6416525c4cf039c9c122883dbef6a3,0xaa8e2b2e59529a49c55298d71042d68a06dae2092f239484de227e43547183d4,1777742548,BUY,Up,Up,1,False,9.207546,0.529999958729503,4.879999000000001,4.879999000000001,-4.879999000000001,4.879999000000001,Down,1777742700,0.9674435935661435,-152,matched,4,0.41178022979558915,-0.6715036997872924,1.0832839295828816,5.286424493080533,0.9366399801936333,-0.14519963973985325,1.0818396199334865,5.279376263435795,1146056.6978841873,-39770.14810555175,1185826.845989739,5786833.822603081,2340.9945804111194,2273.3470652354044,67.64751517571494,330.1198064099738
0xf6beafa72d6416525c4cf039c9c122883dbef6a3,0xaa8e2b2e59529a49c55298d71042d68a06dae2092f239484de227e43547183d4,1777742546,BUY,Up,Up,1,False,9.018517,0.5399999800410644,4.869999,4.869999,-4.869999,4.869999,Down,1777742700,0.9674435935661435,-154,matched,4,0.41178022979558915,-0.7407684847770423,1.1525487145726314,5.6129110874200006,0.9366399801936333,-0.20700624370316167,1.1436462238967948,5.5695559667311665,1146056.6978841873,-46049.99076095725,1192106.6886451447,5805558.381595166,2340.9945804111194,2309.4088427537063,31.58573765741312,153.82251080586423
0xb305d384400e3d7a15780216a55368ea677eca4e,0xaaf05a5a67505c50eb01df82af67773b7dee572ecc555bb4120aec7023a4f4c2,1779110021,BUY,Down,Down,-1,False,100.0,0.286931,28.693099999999998,28.693099999999998,-28.693099999999998,28.693099999999998,Up,1779110100,0.2988467680103305,-79,matched,4,1.7131233717519376,0.7195626217106708,0.9935607500412669,28.508337957009072,0.9891951057200832,0.015056657634997937,0.9741384480850852,27.951051904750155,2130944.058632106,31168.38978388843,2099775.6688482175,60249073.24382878,10903.7170841326,11006.994124261182,-103.27704012858158,-2963.3384401134035
0xb305d384400e3d7a15780216a55368ea677eca4e,0xaaf05a5a67505c50eb01df82af67773b7dee572ecc555bb4120aec7023a4f4c2,1779109991,BUY,Down,Down,-1,False,100.0,0.26,26.0,26.0,-26.0,26.0,Up,1779110100,0.2988467680103305,-109,matched,4,0.07542953364247196,-1.6966036178239554,1.7720331514664274,46.07286193812711,0.9879827855386306,-0.7858066320800859,1.7737894176187166,46.11852485808663,2130638.146860438,-558533.4227883029,2689171.569648741,69918460.81086726,429518.6777974828,424612.01709584205,4906.660701640765,127573.1782426599
0xb305d384400e3d7a15780216a55368ea677eca4e,0xaaf05a5a67505c50eb01df82af67773b7dee572ecc555bb4120aec7023a4f4c2,1779110096,BUY,Up,Up,1,True,100.0,0.35,35.0,35.0,65.0,65.0,Up,1779110100,0.2988467680103305,-4,offset_out_of_range,,,,,,,,,,,,,,,,,
0xb305d384400e3d7a15780216a55368ea677eca4e,0xaaf05a5a67505c50eb01df82af67773b7dee572ecc555bb4120aec7023a4f4c2,1779110080,BUY,Up,Up,1,True,94.43,0.36097003071057926,34.086400000000005,34.086400000000005,60.34360000000001,60.34360000000001,Up,1779110100,0.2988467680103305,-20,matched,4,0.0007537964015922327,0.07238735096003532,-0.07163355455844309,-4.322626562852867,-0.9988816186501164,-0.926545226419803,-0.0723363922303134,-4.365038318189141,-1754195.5166190725,-352015.76938406273,-1402179.74723501,-84612573.79525055,387475.20842057886,387842.2753371178,-367.0669165389263,-22150.139184858355
0xb305d384400e3d7a15780216a55368ea677eca4e,0xab39da2da74636c0792aade49ae27b24a6fde175003230bd79386d63c6f588be,1778410619,BUY,Down,Down,-1,True,100.0,0.62,62.0,62.0,38.0,38.0,Down,1778410800,0.4686239886152789,-181,matched,4,1.9444382579782058,0.8547952089436124,1.0896430490345934,41.40643586331455,0.9484067084575335,-0.12634253444102408,1.0747492428985577,40.84047123014519,322254.96240868,-287035.78757819557,609290.7499868756,23153048.499501273,41671.27354173083,41073.586334030355,597.6872077004737,22712.113892618
0xb305d384400e3d7a15780216a55368ea677eca4e,0xab39da2da74636c0792aade49ae27b24a6fde175003230bd79386d63c6f588be,1778410591,BUY,Down,Down,-1,True,100.0,0.63,63.0,63.0,37.0,37.0,Down,1778410800,0.4686239886152789,-209,matched,4,0.5942882906201346,0.02763529154731098,0.5666529990728235,20.96616096569447,0.9483958970862981,0.3673187734628146,0.5810771236234835,21.49985357406889,322253.07698668004,90152.73748161945,232100.33950506058,8587712.561687242,132904.6378846881,131440.04091129926,1464.5969733888342,54190.088015386864
0xb305d384400e3d7a15780216a55368ea677eca4e,0xab39da2da74636c0792aade49ae27b24a6fde175003230bd79386d63c6f588be,1778410542,BUY,Down,Down,-1,True,100.0,0.64,64.0,64.0,36.0,36.0,Down,1778410800,0.4686239886152789,-258,matched,4,0.6808520349685692,-0.2517831225778123,0.9326351575463815,33.574865671669734,0.9424916829873119,0.019119416876620363,0.9233722661106916,33.241401579984895,321220.2910016801,264745.28720739635,56475.00379428372,2033100.136594214,145022.08158945013,144581.49764346477,440.5839459853596,15861.022055472946
0xb305d384400e3d7a15780216a55368ea677eca4e,0xab39da2da74636c0792aade49ae27b24a6fde175003230bd79386d63c6f588be,1778410535,BUY,Down,Down,-1,True,100.0,0.633482,63.3482,63.3482,36.6518,36.6518,Down,1778410800,0.4686239886152789,-265,matched,4,0.6781650279083792,-0.3681137509995142,1.0462787789078933,38.34800054877633,0.9424916829873119,-0.09974591599224894,1.042237598979561,38.19988403027907,321220.2910016801,205670.9880543459,115549.30294733419,4235089.9417651035,145565.029399083,144051.3677297384,1513.661669344583,55478.42477248379
0xb305d384400e3d7a15780216a55368ea677eca4e,0xab39da2da74636c0792aade49ae27b24a6fde175003230bd79386d63c6f588be,1778410738,BUY,Up,Up,1,False,100.0,0.27,27.0,27.0,-27.0,27.0,Down,1778410800,0.4686239886152789,-62,matched,4,-0.793856110808898,0.4525559674620962,-1.2464120782709942,-33.653126113316844,-0.9999147803619902,0.23228957357880567,-1.2322043539407959,-33.26951755640149,-330678.373425156,-100705.6743531723,-229972.6990719837,-6209262.87494356,437.3900887668133,425.99174605717417,11.39834270963911,307.75525316025596
0xb305d384400e3d7a15780216a55368ea677eca4e,0xab39da2da74636c0792aade49ae27b24a6fde175003230bd79386d63c6f588be,1778410695,BUY,Down,Down,-1,True,100.0,0.72,72.0,72.0,28.000000000000004,28.000000000000004,Down,1778410800,0.4686239886152789,-105,matched,4,1.9340294899364543,0.6867430977452836,1.2472863921911705,34.92401898135278,0.9997065891039383,-0.2544941996324232,1.2542007887363615,35.11762208461813,330675.73525032797,-5050.5708167055855,335726.30606703355,9400336.56987694,9014.718847352546,8927.205599213936,87.51324813860992,2450.3709478810783
0xb305d384400e3d7a15780216a55368ea677eca4e,0xab516e3725168ed9ee87880f7176343c545ed59d69b378f7690ce842b870db79,1780382968,BUY,Up,Up,1,False,300.0,0.01,3.0,3.0,-3.0,3.0,Down,1780383000,3.1703147433002488,-32,matched,4,0.8895610100344788,0.4059686199958553,0.48359239003862353,1.4507771701158707,0.8966816092867951,0.4194939127992928,0.47718769648750226,1.4315630894625069,16107.919681426603,-2241.497909809668,18349.41759123627,55048.25277370881,32429.158974924125,32929.91429306741,-500.7553181432886,-1502.2659544298658
0xb305d384400e3d7a15780216a55368ea677eca4e,0xab516e3725168ed9ee87880f7176343c545ed59d69b378f7690ce842b870db79,1780382711,BUY,Up,Up,1,False,34.02,0.43,14.6286,14.6286,-14.6286,14.6286,Down,1780383000,3.1703147433002488,-289,matched,4,-0.23980446152068624,0.6660105488856793,-0.9058150104063656,-13.25080546123056,-0.8078100195221963,0.10174653001292891,-0.9095565495351252,-13.305538940529534,-1450417.6350662434,-26785.673392023204,-1423631.9616742202,-20825742.514547497,101250.68377163308,100300.61227390365,950.0714977294265,13898.215911684689
0xf6beafa72d6416525c4cf039c9c122883dbef6a3,0xab6060717d4de0598b467ac5a44c74092b1db6787045514ecc7a77cdc8414088,1779020057,BUY,Down,Down,-1,True,9.172411,0.579999958571416,5.319998,5.319998,3.8524130000000003,3.8524130000000003,Down,1779020100,1.1332011536262976,-43,matched,4,1.9914045003340868,0.7016540699804767,1.28975043035361,4.9686513246498425,0.9914045003340947,-0.2960239246839874,1.287428425018082,4.959706001109185,1326868.9375542628,-71.87574668180605,1326940.8133009446,5111924.039391132,7495.323246354063,7384.953397477337,110.36984887672588,425.19024062073424
0xf6beafa72d6416525c4cf039c9c122883dbef6a3,0xab6060717d4de0598b467ac5a44c74092b1db6787045514ecc7a77cdc8414088,1779020055,BUY,Down,Down,-1,True,20.17966,0.5847471662059718,11.799999,11.799999,8.379660999999999,8.379660999999999,Down,1779020100,1.1332011536262976,-45,matched,4,1.5713300925298272,0.561990527185174,1.0093395653446533,8.457923391475541,0.9914045003340947,-0.010078918225383517,1.001483418559478,8.392091544649533,1326868.9375542628,3272.471667675796,1323596.465886587,11091289.684927663,9522.121475374064,10028.641519345896,-506.5200439718319,-4244.466258189044
0xf6beafa72d6416525c4cf039c9c122883dbef6a3,0xab6060717d4de0598b467ac5a44c74092b1db6787045514ecc7a77cdc8414088,1779019947,BUY,Down,Down,-1,True,6.278687,0.6099999888511722,3.829999,3.829999,2.4486879999999998,2.4486879999999998,Down,1779020100,1.1332011536262976,-153,matched,4,0.6781186476858057,-0.44898859300782645,1.1271072406936322,2.759933974999609,0.9766968237795349,-0.14643322295513211,1.123130046734667,2.750195067878618,1319085.6974749959,-39801.18888151135,1358886.8863565072,3327490.0119785424,19921.08027522004,20444.054249451656,-522.973974231616,-1280.6000950132673
0xf6beafa72d6416525c4cf039c9c122883dbef6a3,0xab6060717d4de0598b467ac5a44c74092b1db6787045514ecc7a77cdc8414088,1779019936,BUY,Up,Up,1,False,29.994,0.3777422151096886,11.33,11.33,-11.33,11.33,Down,1779020100,1.1332011536262976,-164,matched,4,-0.66959933357425,-0.27988089147618267,-0.3897184420980674,-4.415509948971104,-0.9763563331095662,-0.5916051970735282,-0.38475113603603794,-4.35923037128831,-1318853.0206107309,-41562.742996602734,-1277290.277614128,-14471698.84536807,19796.39680431102,19534.035889176244,262.3609151347773,2972.549168477027
0xf6beafa72d6416525c4cf039c9c122883dbef6a3,0xab6060717d4de0598b467ac5a44c74092b1db6787045514ecc7a77cdc8414088,1779019933,BUY,Down,Down,-1,True,4.7027,0.74,3.479998,3.479998,1.2227020000000002,1.2227020000000002,Down,1779020100,1.1332011536262976,-167,matched,4,0.66959933357425,0.14494029245564813,0.524659041118602,0.641501658893797,0.9763563331095662,0.4444629619250106,0.5318933711845555,0.6503470887340984,1318853.0206107309,-25965.68713585574,1344818.7077465865,1644312.5235991671,19796.39680431102,19869.848738473353,-73.45193416233087,-89.80982680415029
0xb305d384400e3d7a15780216a55368ea677eca4e,0xab6060717d4de0598b467ac5a44c74092b1db6787045514ecc7a77cdc8414088,1779019933,BUY,Up,Up,1,False,100.0,0.326354,32.6354,32.6354,-32.6354,32.6354,Down,1779020100,1.1332011536262976,-167,matched,4,-0.66959933357425,-0.14494029245564813,-0.524659041118602,-17.12245767052202,-0.9763563331095662,-0.4444629619250106,-0.5318933711845555,-17.35855292595644,-1318853.0206107309,25965.68713585574,-1344818.7077465865,-43888696.45479295,19796.39680431102,19869.848738473353,-73.45193416233087,-2397.1332521613326
0xf6beafa72d6416525c4cf039c9c122883dbef6a3,0xab6060717d4de0598b467ac5a44c74092b1db6787045514ecc7a77cdc8414088,1779019929,BUY,Up,Up,1,False,48.400242,0.40082442149772723,19.399999,19.399999,-19.399999,19.399999,Down,1779020100,1.1332011536262976,-171,matched,4,-0.66959933357425,-0.19407395282695084,-0.4755253807472992,-9.225191910972224,-0.9763563331095662,-0.49365953326578177,-0.4826967998437844,-9.364317434272618,-1318853.0206107309,29763.563026254495,-1348616.5836369854,-26163160.373940933,19796.39680431102,20131.5190888938,-335.1222845827797,-6501.371985783641
0xf6beafa72d6416525c4cf039c9c122883dbef6a3,0xab6060717d4de0598b467ac5a44c74092b1db6787045514ecc7a77cdc8414088,1779019926,BUY,Down,Down,-1,True,4.031745,0.6299999131889542,2.5399990000000003,2.5399990000000003,1.4917459999999998,1.4917459999999998,Down,1779020100,1.1332011536262976,-174,matched,4,0.6801134853689546,0.20214444815456303,0.47796903721439155,0.7130083993884196,0.9762408221922095,0.49286973086311653,0.483371091329093,0.7210668920058091,1318774.0671415308,-29743.557871402525,1348517.6250129333,2011645.7730425429,19958.748924327025,20254.228905545853,-295.47998121882847,-440.78108006326244
0xf6beafa72d6416525c4cf039c9c122883dbef6a3,0xab6060717d4de0598b467ac5a44c74092b1db6787045514ecc7a77cdc8414088,1779019924,BUY,Down,Down,-1,True,20.0,0.58,11.6,11.6,8.4,8.4,Down,1779020100,1.1332011536262976,-176,matched,4,0.6899604667592871,0.05878162187236184,0.6311788448869253,5.301902297050173,0.9762456619955524,0.3392328543458234,0.637012807649729,5.350907584257724,1319049.2986927067,-4979.925347266973,1324029.2240399737,11121845.481935779,19683.51737315106,19848.741328875825,-165.2239557247667,-1387.8812280880404
0xb305d384400e3d7a15780216a55368ea677eca4e,0xab7212afe6f7b3f1384cf329f7220328ed8ab3cae5354505267a6ffb6a79327c,1778333325,BUY,Down,Down,-1,True,100.0,0.38,38.0,38.0,62.0,62.0,Down,1778333400,0.5806468304938773,-75,matched,4,0.9964803891764915,-0.39646036786779965,1.392940757044291,86.36232693674604,0.9848443044500866,-0.3998915069837079,1.3847358114337944,85.85362030889526,1483469.5195197084,-47177.98100820815,1530647.5005279165,94900145.03273082,4245.090268876636,4167.791327491286,77.29894138535019,4792.534365891712
0xb305d384400e3d7a15780216a55368ea677eca4e,0xacea81fff8470fad7dc6c8382035eefb3564e904872bcb2a74a3b64b6cc0ee1d,1780811662,BUY,Up,Up,1,True,87.14,0.26270140004590314,22.8918,22.8918,64.2482,64.2482,Up,1780811700,0.47951795681574194,-38,matched,4,0.19283105165051662,0.42197509968299735,-0.22914404803248073,-14.722092626800428,0.08987375192047177,0.3141348002604003,-0.22426104833992855,-14.408368685953397,66.36696802906226,-9999.231200569466,10065.598168598528,646696.5642557519,4420.550371739548,4538.905491025202,-118.35511928565393,-7604.10337488855
0xb305d384400e3d7a15780216a55368ea677eca4e,0xacea81fff8470fad7dc6c8382035eefb3564e904872bcb2a74a3b64b6cc0ee1d,1780811650,BUY,Up,Up,1,True,100.0,0.34,34.0,34.0,65.99999999999999,65.99999999999999,Up,1780811700,0.47951795681574194,-50,matched,4,0.2281671763265818,0.4382169065431659,-0.21004973021658413,-13.86328219429455,0.015260099913266028,0.22244065327110882,-0.2071805533578428,-13.673916521617622,70.34609196905512,987.4354700655531,-917.089378096498,-60527.89895436885,1148.860221019946,1221.2876625490899,-72.42744152914383,-4780.211140923492
0xf6beafa72d6416525c4cf039c9c122883dbef6a3,0xacea81fff8470fad7dc6c8382035eefb3564e904872bcb2a74a3b64b6cc0ee1d,1780811679,BUY,Up,Up,1,True,13.38,0.44,5.8872,5.8872,7.492800000000001,7.492800000000001,Up,1780811700,0.47951795681574194,-21,matched,4,-0.5260717525433657,-0.859558363571199,0.3334866110278333,2.4987484791093495,0.3395787607114541,0.001305690785454311,0.3382730699259998,2.5346124583415315,204.01756708614994,-31240.651775680144,31444.669342766294,235608.6184514793,2049.1421648366377,1972.8062265677,76.33593826893775,571.9699182614969
0xf6beafa72d6416525c4cf039c9c122883dbef6a3,0xacea81fff8470fad7dc6c8382035eefb3564e904872bcb2a74a3b64b6cc0ee1d,1780811679,BUY,Up,Up,1,True,68.18,0.35168377823408625,23.977800000000002,23.977800000000002,44.202200000000005,44.202200000000005,Up,1780811700,0.47951795681574194,-21,matched,4,-0.5260717525433657,-0.859558363571199,0.3334866110278333,14.740841877974495,0.3395787607114541,0.001305690785454311,0.3382730699259998,14.952413891483031,204.01756708614994,-31240.651775680144,31444.669342766294,1389923.5632228244,2049.1421648366377,1972.8062265677,76.33593826893775,3374.2164105512406
0xb305d384400e3d7a15780216a55368ea677eca4e,0xad03c746cb2846f7b0e131c5e58b05cc1782c54eff99d775765522f698322f5c,1777954784,BUY,Down,Down,-1,False,100.0,0.03,3.0,3.0,-3.0,3.0,Up,1777954800,6.051274172624264,-16,matched,4,1.4345754746758421,0.19658035587342435,1.2379951188024179,3.7139853564072536,0.7706819287700661,-0.4449396527880459,1.215621581558112,3.646864744674336,231.3642383662518,394.98027041501155,-163.61603204875973,-490.8480961462792,277.2058286918327,293.9302991109289,-16.72447041909618,-50.173411257288535
0xb305d384400e3d7a15780216a55368ea677eca4e,0xad03c746cb2846f7b0e131c5e58b05cc1782c54eff99d775765522f698322f5c,1777954684,BUY,Down,Down,-1,False,10.0,0.07,0.7000000000000001,0.7000000000000001,-0.7000000000000001,0.7000000000000001,Up,1777954800,6.051274172624264,-116,matched,4,0.1637368592186349,0.9296002388722326,-0.7658633796535977,-0.5361043657575185,-0.7699436456522242,-0.01758153962611876,-0.7523621060261054,-0.5266534742182738,-3092.2485749504995,856820.9161003223,-859913.1646752728,-601939.215272691,1078530.7074431144,1065312.8710306638,13217.836412450531,9252.485488715372
0xf6beafa72d6416525c4cf039c9c122883dbef6a3,0xad03c746cb2846f7b0e131c5e58b05cc1782c54eff99d775765522f698322f5c,1777954608,BUY,Up,Up,1,True,18.807691,0.5199999829856838,9.779998999999998,9.779998999999998,9.027692,9.027692,Up,1777954800,6.051274172624264,-192,matched,4,-0.861067412598835,-0.5047136729171865,-0.3563537396816485,-3.217051804894101,0.12332697375309008,0.47473209122610877,-0.35140511747301867,-3.172377167770231,10178.808928879444,704994.1528428628,-694815.3439139833,-6272578.921729516,1070381.328563062,1021665.1228261736,48716.205736888456,439794.900801262
0xf6beafa72d6416525c4cf039c9c122883dbef6a3,0xad1e37790303922fa83c749f8e563547f8c2a2031ccdf4f645fe5216e7f77547,1778019762,BUY,Up,Up,1,True,23.095237,0.4199999766185556,9.699999,9.699999,13.395238,13.395238,Up,1778019900,3.2277947040299964,-138,matched,4,1.302689032412957,0.5488129818601566,0.7538760505528004,10.098349119654793,0.984884944046362,0.2354448961110448,0.7494400479353172,10.038927808824983,334554.2046613952,2051.89926217151,332502.3053992237,4453947.5163712865,5577.839333577547,5820.442839514108,-242.6035059365604,-3249.7317016546394
0xf6beafa72d6416525c4cf039c9c122883dbef6a3,0xae10dbe42df2eadd0c97df2336c856e0461a4e1858b203ff50763aa749b5f151,1778897996,BUY,Up,Up,1,True,34.790174,0.5590658730249524,19.449999,19.449999,15.340175,15.340175,Up,1778898000,0.4162049806359841,-4,offset_out_of_range,,,,,,,,,,,,,,,,,
0xf6beafa72d6416525c4cf039c9c122883dbef6a3,0xae6964af2cc2dc33470aebfce3932ab8b4d3664c9d532948fbf4fda7b3ffd1f2,1778349866,BUY,Down,Down,-1,False,44.113635,0.43999999093250874,19.409999000000003,19.409999000000003,-19.409999000000003,19.409999000000003,Up,1778349900,2.4023252368901424,-34,matched,4,1.9792489318717659,0.8923528268454957,1.0868961050262702,21.096652311663803,0.9996796190094758,-0.08997022185314167,1.0896498408626174,21.150102321493566,566647.3810783542,21203.134480959587,545444.2465973946,10587072.281011183,20631.752646329813,20815.528331285706,-183.77568495589367,-3567.0858612182114
0xf6beafa72d6416525c4cf039c9c122883dbef6a3,0xae6964af2cc2dc33470aebfce3932ab8b4d3664c9d532948fbf4fda7b3ffd1f2,1778349854,BUY,Down,Down,-1,False,5.086955,0.45999994102562336,2.3399989999999997,2.3399989999999997,-2.3399989999999997,2.3399989999999997,Up,1778349900,2.4023252368901424,-46,matched,4,1.9980811882906018,1.1483851152130253,0.8496960730775764,1.9882879613054556,0.9996797286230172,0.15422022669048252,0.8454595019325347,1.978374389062629,566841.3794704742,179222.10414162406,387619.27532885014,907028.7166502338,20971.694301339798,20851.879936805286,119.8143645345117,280.3654931963928
0xf6beafa72d6416525c4cf039c9c122883dbef6a3,0xae6964af2cc2dc33470aebfce3932ab8b4d3664c9d532948fbf4fda7b3ffd1f2,1778349854,BUY,Down,Down,-1,False,21.170211,0.4699999919698486,9.949999,9.949999,-9.949999,9.949999,Up,1778349900,2.4023252368901424,-46,matched,4,1.9980811882906018,1.1483851152130253,0.8496960730775764,8.454475077425812,0.9996797286230172,0.15422022669048252,0.8454595019325347,8.412321198769218,566841.3794704742,179222.10414162406,387619.27532885014,3856811.4019027837,20971.694301339798,20851.879936805286,119.8143645345117,1192.1528073040267
0xf6beafa72d6416525c4cf039c9c122883dbef6a3,0xae6964af2cc2dc33470aebfce3932ab8b4d3664c9d532948fbf4fda7b3ffd1f2,1778349854,BUY,Down,Down,-1,False,13.543477,0.45999996898876117,6.229998999999999,6.229998999999999,-6.229998999999999,6.229998999999999,Up,1778349900,2.4023252368901424,-46,matched,4,1.9980811882906018,1.1483851152130253,0.8496960730775764,5.293605685577227,0.9996797286230172,0.15422022669048252,0.8454595019325347,5.267211851580189,566841.3794704742,179222.10414162406,387619.27532885014,2414867.697679461,20971.694301339798,20851.879936805286,119.8143645345117,746.4433712356432
0xf6beafa72d6416525c4cf039c9c122883dbef6a3,0xae6964af2cc2dc33470aebfce3932ab8b4d3664c9d532948fbf4fda7b3ffd1f2,1778349851,BUY,Down,Down,-1,False,10.925,0.4,4.37,4.37,-4.37,4.37,Up,1778349900,2.4023252368901424,-49,matched,4,1.908726012399992,0.9304437233993401,0.978282289000652,4.2750936029328495,0.9996797286230172,0.02580444145311442,0.9738752871699028,4.255835004932475,566841.3794704742,14811.196916157962,552030.1825543162,2412371.897762362,21953.299330481794,21617.364160649362,335.9351698324317,1468.0366921677266
0xf6beafa72d6416525c4cf039c9c122883dbef6a3,0xae6964af2cc2dc33470aebfce3932ab8b4d3664c9d532948fbf4fda7b3ffd1f2,1778349849,BUY,Down,Down,-1,False,4.487803,0.4099999487499785,1.8399990000000002,1.8399990000000002,-1.8399990000000002,1.8399990000000002,Up,1778349900,2.4023252368901424,-51,matched,4,1.90998248858389,0.49286528541310737,1.4171172031707826,2.607494236717037,0.9996797380904395,-0.4140834055038396,1.413763143594279,2.60132277045033,566858.1415200642,2623.0696650411264,564235.071855023,1038191.9679781706,21938.859949122765,21821.11595653306,117.74399258970516,216.64882862106492
0xf6beafa72d6416525c4cf039c9c122883dbef6a3,0xae6964af2cc2dc33470aebfce3932ab8b4d3664c9d532948fbf4fda7b3ffd1f2,1778349844,BUY,Down,Down,-1,False,8.789472,0.3799999590419083,3.3399989999999997,3.3399989999999997,-3.3399989999999997,3.3399989999999997,Up,1778349900,2.4023252368901424,-56,matched,4,1.908459819676048,0.6767771601102793,1.2316826595657688,4.113818851267008,0.9989990332183339,-0.241631691837965,1.240630725056299,4.143705381057313,566665.0515239441,2981.8901973379434,563683.1613266062,1882701.1951477032,22031.916872175876,21928.01367466463,103.9031975112448,347.0365757843601
0xf6beafa72d6416525c4cf039c9c122883dbef6a3,0xae6964af2cc2dc33470aebfce3932ab8b4d3664c9d532948fbf4fda7b3ffd1f2,1778349842,BUY,Down,Down,-1,False,10.641024,0.3806023743579565,4.049999,4.049999,-4.049999,4.049999,Up,1778349900,2.4023252368901424,-58,matched,4,1.908459819676048,0.9499226025774203,0.9585372170986277,3.882074770712225,0.9989990332183339,0.03789306136944498,0.961105971848889,3.892478224882028,566665.0515239441,76426.59947732283,490238.4520466213,1985465.2405503641,22031.916872175876,21731.89083139485,300.0260407810274,1215.1051651371201
0xf6beafa72d6416525c4cf039c9c122883dbef6a3,0xae6964af2cc2dc33470aebfce3932ab8b4d3664c9d532948fbf4fda7b3ffd1f2,1778349840,BUY,Down,Down,-1,False,6.605262,0.37999991521910864,2.509999,2.509999,-2.509999,2.509999,Up,1778349900,2.4023252368901424,-60,matched,4,1.9083834669987931,1.3322038891122252,0.5761795778865679,1.4462101643157077,0.9989637931383586,0.41994539586519913,0.5790183972731595,1.4533355981372331,566655.0516777942,67771.6008213295,498883.4508564647,1252196.9627662755,22021.91702602594,22614.830830761537,-592.9138047355955,-1488.21305697254
0xf6beafa72d6416525c4cf039c9c122883dbef6a3,0xae6964af2cc2dc33470aebfce3932ab8b4d3664c9d532948fbf4fda7b3ffd1f2,1778349686,BUY,Down,Down,-1,False,7.176427,0.26893592034030306,1.9299990000000002,1.9299990000000002,-1.9299990000000002,1.9299990000000002,Up,1778349900,2.4023252368901424,-214,matched,4,1.689230935012123,0.0029318437841976824,1.6862990912279254,3.254555559770805,0.9231169419771856,-0.7622058199677528,1.6853227619449385,3.2526712452309696,545280.7430221131,-70791.23662430604,616071.9796464192,1189018.3046456096,195478.55554667395,196317.2504194752,-838.6948728012503,-1618.6802658115405
0xf6beafa72d6416525c4cf039c9c122883dbef6a3,0xae6964af2cc2dc33470aebfce3932ab8b4d3664c9d532948fbf4fda7b3ffd1f2,1778349684,BUY,Down,Down,-1,False,8.56,0.25,2.14,2.14,-2.14,2.14,Up,1778349900,2.4023252368901424,-216,matched,4,1.6890110955560658,0.2662256400552302,1.4227854555008355,3.044760874771788,0.9229561969389296,-0.5021495182959055,1.4251057152348352,3.0497262306025474,545231.3652349131,-30379.48756924484,575610.8528041579,1231807.225000898,195429.17775947403,204617.77941994616,-9188.601660472137,-19663.607553410373
0xf6beafa72d6416525c4cf039c9c122883dbef6a3,0xae6964af2cc2dc33470aebfce3932ab8b4d3664c9d532948fbf4fda7b3ffd1f2,1778349679,BUY,Down,Down,-1,False,4.702701,0.3699999213218106,1.739999,1.739999,-1.739999,1.739999,Up,1778349900,2.4023252368901424,-221,matched,4,1.6888823305616634,1.01600549062216,0.6728768399395033,1.170805028617896,0.9227585699955135,0.24908545981396757,0.673673110181546,1.17219053804278,545177.133390151,48332.65465320736,496844.4787369436,864508.8961578032,195428.9268318829,194465.00813172656,963.918700156355,1677.2175743533578
0xf6beafa72d6416525c4cf039c9c122883dbef6a3,0xae6964af2cc2dc33470aebfce3932ab8b4d3664c9d532948fbf4fda7b3ffd1f2,1778349672,BUY,Down,Down,-1,False,13.176469,0.3399999650892815,4.479999,4.479999,-4.479999,4.479999,Up,1778349900,2.4023252368901424,-228,matched,4,1.5583558282323735,0.8146179758543858,0.7437378523779877,3.3319448349155327,0.8653456289256424,0.13455141537337156,0.7307942135522708,3.27395734591996,526998.464845989,22067.567031836516,504930.89781415253,2262089.917276506,182386.31091558386,185506.51682218516,-3120.2059066013026,-13978.51934136793
0xf6beafa72d6416525c4cf039c9c122883dbef6a3,0xaf98bd21d511deac4e205405247caca524e5bdd6762fb7f875e076b131969e13,1777687100,BUY,Up,Up,1,True,8.890908,0.5499999550102195,4.889999,4.889999,4.000908999999999,4.000908999999999,Up,1777687200,0.7422390215666628,-100,matched,4,0.6984789327263444,0.09393609617555784,0.6045428365507866,2.4187208756415703,0.6524095310128204,0.06086421558566013,0.5915453154271603,2.3667189764003638,8082.322529311059,24922.23638328124,-16839.91385397018,-67374.96289757398,6365.382006228785,6219.644690667308,145.73731556147686,583.0817374657527
0xf6beafa72d6416525c4cf039c9c122883dbef6a3,0xaf98bd21d511deac4e205405247caca524e5bdd6762fb7f875e076b131969e13,1777686994,BUY,Up,Up,1,True,45.285713,0.20999998388012572,9.509999,9.509999,35.775714,35.775714,Up,1777687200,0.7422390215666628,-206,matched,4,-0.07294599770426657,-0.7452977084896104,0.6723517107853438,24.053862512467177,0.41548767445853396,-0.2596322097984247,0.6751198842569587,24.152895894890058,7799.713006461039,-56039.74710614116,63839.4601126022,2283902.2669028644,17425.745403205976,17554.15415323495,-128.4087500289752,-4593.914716134108
0xb305d384400e3d7a15780216a55368ea677eca4e,0xb1134b7c401ad792485c9eae70e897eee2e5106be69cc08b1e7b89bd9bacf8c0,1778472676,BUY,Down,Down,-1,False,100.0,0.41,41.0,41.0,-41.0,41.0,Up,1778472900,0.9615836175458365,-224,matched,4,-0.883597697084155,0.23024467122435827,-1.1138423683085132,-45.66753710064904,-0.9749693369674621,0.12246256221477389,-1.097431899182236,-44.99470786647168,-415759.57640553266,28592.989710894733,-444352.5661164274,-18218455.210773524,64997.539562064165,69436.38722551998,-4438.847663455817,-181992.7542016885
0xf6beafa72d6416525c4cf039c9c122883dbef6a3,0xb18f18cda596ef1463f7466b5caf5485cd9586aebd45331cba715cc0e7e03e22,1777981236,BUY,Down,Down,-1,False,23.047618,0.4199999757024782,9.679998999999999,9.679998999999999,-9.679998999999999,9.679998999999999,Up,1777981500,1.7502193071494245,-264,matched,4,1.607260206499749,0.5004359738741836,1.1068242326255655,10.71405746499124,0.8024027724616452,-0.31392994927844686,1.116332721740092,10.806099630111367,150593.671424872,-216300.14163809497,366893.813062967,3551531.743555707,332508.8638588525,325792.2658231076,6716.598035744857,65016.66226941217
0xf6beafa72d6416525c4cf039c9c122883dbef6a3,0xb41717ca8638665a7d431c5208a19f476d8833c3f2266e5d8eda96f0cfe32862,1777610270,BUY,Up,Up,1,True,35.581817,0.5499999901635153,19.569999000000003,19.569999000000003,16.011817999999998,16.011817999999998,Up,1777610400,0.3959161736534506,-130,matched,4,-1.1486024349998996,-0.8128571731795186,-0.335745261820381,-5.3758920266302885,-0.751400089518128,-0.42452191283274326,-0.3268781766853847,-5.233913873258222,-9334.12662589713,-18692.80391554427,9358.677289647141,149849.43748256328,10945.790115524083,11387.273980377227,-441.48386485314404,-7068.959293965138
0xf6beafa72d6416525c4cf039c9c122883dbef6a3,0xb41717ca8638665a7d431c5208a19f476d8833c3f2266e5d8eda96f0cfe32862,1777610270,BUY,Up,Up,1,True,17.781817,0.5499999803169721,9.779999,9.779999,8.001818,8.001818,Up,1777610400,0.3959161736534506,-130,matched,4,-1.1486024349998996,-0.8128571731795186,-0.335745261820381,-2.6865724794490373,-0.751400089518128,-0.42452191283274326,-0.3268781766853847,-2.615619678008292,-9334.12662589713,-18692.80391554427,9358.677289647141,74886.4323924897,10945.790115524083,11387.273980377227,-441.48386485314404,-3532.6735364914553
0xf6beafa72d6416525c4cf039c9c122883dbef6a3,0xb41717ca8638665a7d431c5208a19f476d8833c3f2266e5d8eda96f0cfe32862,1777610268,BUY,Up,Up,1,True,19.7262,0.4942665085013839,9.749999999999998,9.749999999999998,9.976199999999999,9.976199999999999,Up,1777610400,0.3959161736534506,-132,matched,4,-1.1492206776197371,-0.4785164187473123,-0.6707042588724248,-6.691079827363083,-0.7514254500511434,-0.08745594279182355,-0.6639695072593198,-6.623892598320425,-9335.39399805211,-16230.856033619555,6895.462035567445,68790.50835922794,10952.357347728917,11437.381775494068,-485.0244277651509,-4838.700696270697
0xb305d384400e3d7a15780216a55368ea677eca4e,0xb4ec073d674c1d461d1a3d921dcdd72f49f159f0049fa753d808badcaa8038d1,1780151027,BUY,Up,Up,1,False,100.0,0.25,25.0,25.0,-25.0,25.0,Down,1780151100,4.687715089529209,-73,matched,4,-1.05661434270667,0.1586830759269317,-1.2152974186336019,-30.382435465840047,-0.7721548190784912,0.4511557405260549,-1.223310559604546,-30.582763990113648,-4632.8848838879785,-2777.9858442195373,-1854.8990396684412,-46372.47599171103,1790.7875043791719,2007.2274890722329,-216.43998469306098,-5410.9996173265245
0xb305d384400e3d7a15780216a55368ea677eca4e,0xb4ec073d674c1d461d1a3d921dcdd72f49f159f0049fa753d808badcaa8038d1,1780150978,BUY,Up,Up,1,False,100.0,0.27,27.0,27.0,-27.0,27.0,Down,1780151100,4.687715089529209,-122,matched,4,-0.8760589209986175,-0.07383203545351057,-0.8022268855451069,-21.660125909717888,-0.5371476190857111,0.27415521491229067,-0.8113028339980017,-21.905176517946046,-4163.3534823569935,-36795.6242282834,32632.270745926406,881071.310140013,10813.377734593116,10834.782248296018,-21.404513702902477,-577.9218699783669
0xb305d384400e3d7a15780216a55368ea677eca4e,0xb4ec073d674c1d461d1a3d921dcdd72f49f159f0049fa753d808badcaa8038d1,1780150845,BUY,Up,Up,1,False,100.0,0.42,42.0,42.0,-42.0,42.0,Down,1780151100,4.687715089529209,-255,matched,4,0.18588809767615297,0.21946509628188296,-0.03357699860572999,-1.4102339414406595,-0.023092631295338204,0.012022380999784199,-0.0351150122951224,-1.4748305163951407,-430.27429138001753,57973.56084721887,-58403.835138598886,-2452961.0758211534,150885.21810974518,152277.0751373062,-1391.8570275610255,-58457.99515756307
0xb305d384400e3d7a15780216a55368ea677eca4e,0xb4ec073d674c1d461d1a3d921dcdd72f49f159f0049fa753d808badcaa8038d1,1780150824,BUY,Up,Up,1,False,23.28,0.29,6.7512,6.7512,-6.7512,6.7512,Down,1780151100,4.687715089529209,-276,matched,4,1.0300340075156453,0.4590325473372236,0.5710014601784217,3.8549450579565603,0.5680253761542837,-0.010204562904726891,0.5782299390590107,3.903745964575193,25753.174515541003,-77246.86286998085,103000.03738552185,695373.8523971351,159684.5440395336,157716.80275884026,1967.741280693328,13284.614934216796
0xb305d384400e3d7a15780216a55368ea677eca4e,0xb4ec073d674c1d461d1a3d921dcdd72f49f159f0049fa753d808badcaa8038d1,1780150811,BUY,Up,Up,1,False,100.0,0.37,37.0,37.0,-37.0,37.0,Down,1780151100,4.687715089529209,-289,matched,4,0.14232790779883445,0.3714550452366189,-0.22912713743778443,-8.477704085198024,-0.14336261284772242,0.08999497877808324,-0.23335759162580566,-8.634230890154809,-11938.843798805,2151.8313301707312,-14090.67512897573,-521354.97977210203,125648.99919521238,121601.61618479993,4047.38301041245,149753.17138526065
0xb305d384400e3d7a15780216a55368ea677eca4e,0xb4ec073d674c1d461d1a3d921dcdd72f49f159f0049fa753d808badcaa8038d1,1780150804,BUY,Up,Up,1,False,100.0,0.48,48.0,48.0,-48.0,48.0,Down,1780151100,4.687715089529209,-296,matched,4,0.09579180193340225,0.7405839604569454,-0.6447921585235432,-30.950023609130074,-0.14336261284772242,0.5018554236669522,-0.6452180365146747,-30.970465752704385,-11938.843798805,79546.2961308716,-91485.1399296766,-4391286.716624477,130669.67732168548,130118.3248900183,551.3524316671828,26464.916720024776
0xb305d384400e3d7a15780216a55368ea677eca4e,0xb4ec073d674c1d461d1a3d921dcdd72f49f159f0049fa753d808badcaa8038d1,1780150745,BUY,Up,Up,1,False,200.0,0.65,130.0,130.0,-130.0,130.0,Down,1780151100,4.687715089529209,-355,matched,4,-0.12059150350220738,0.598843493678228,-0.7194349971804354,-93.5265496334566,-0.29502155418001497,0.43171167815914024,-0.7267332323391552,-94.47532020409018,-30832.25346962799,37901.747453406206,-68734.0009230342,-8935420.119994445,127998.22950400983,119444.65719311565,8553.572310894175,1111964.4004162427
0xb305d384400e3d7a15780216a55368ea677eca4e,0xb4ec073d674c1d461d1a3d921dcdd72f49f159f0049fa753d808badcaa8038d1,1780150738,BUY,Up,Up,1,False,65.0,0.63,40.95,40.95,-40.95,40.95,Down,1780151100,4.687715089529209,-362,matched,4,-0.12883151777654855,0.5200957496183425,-0.648927267394891,-26.57357159982079,-0.2950483614684155,0.3603164646925224,-0.6553648261609379,-26.83718963129041,-30836.22762720799,62133.61747338275,-92969.84510059074,-3807115.156869191,129809.12194459978,126564.3368775584,3244.78506704139,132873.94849534493
0xf6beafa72d6416525c4cf039c9c122883dbef6a3,0xb5d1f03f5144a7f29740c19f8993153d3bd1bff40e15b94a67574dd87e8913e5,1778958357,BUY,Down,Down,-1,True,79.483868,0.6199999979870129,49.279998,49.279998,30.203870000000002,30.203870000000002,Down,1778958600,1.1035130025004465,-243,matched,4,0.4870531944456253,-0.5765836250931229,1.0636368195387482,32.12594822456181,0.8900354403276953,-0.17196442990991226,1.0619998702376077,32.07650602067357,302028.0001976555,55826.41827828091,246201.5819193746,7436240.574087142,27387.840352076106,28927.12461548044,-1539.2842634043336,-46492.341784910255
0xb305d384400e3d7a15780216a55368ea677eca4e,0xb6a9b9b28c542a63222f409e2be30ad57c868e5496b86d251a07a7e0668b6d2f,1778650161,BUY,Down,Down,-1,True,100.0,0.93,93.0,93.0,6.999999999999995,6.999999999999995,Down,1778650200,3.2364363550756634,-39,matched,4,0.0,0.9650600801045149,-0.9650600801045149,-6.7554205607316,-1.0,-0.03493991989680997,-0.96506008010319,-6.7554205607223246,-6834.103484604042,300920.1333150508,-307754.23679965484,-2154279.6575975823,19.70472812000662,20.900824256481428,-1.1960961364748073,-8.372672955323644
0xb305d384400e3d7a15780216a55368ea677eca4e,0xb6a9b9b28c542a63222f409e2be30ad57c868e5496b86d251a07a7e0668b6d2f,1778650158,BUY,Down,Down,-1,True,100.0,0.93,93.0,93.0,6.999999999999995,6.999999999999995,Down,1778650200,3.2364363550756634,-42,matched,4,0.0,0.6991505084830146,-0.6991505084830146,-4.894053559381098,-1.0,-0.3008494915143568,-0.6991505084856432,-4.894053559399499,-6834.103484604042,301086.03412251675,-307920.1376071208,-2155440.963249844,19.70472812000662,19.93369631977839,-0.22896819977177074,-1.602777398402394
0xb305d384400e3d7a15780216a55368ea677eca4e,0xb6a9b9b28c542a63222f409e2be30ad57c868e5496b86d251a07a7e0668b6d2f,1778650002,BUY,Down,Down,-1,True,300.0,0.65,195.0,195.0,105.0,105.0,Down,1778650200,3.2364363550756634,-198,matched,4,-0.7550591361200815,-0.6043797635471757,-0.15067937257290576,-15.821334120155104,-0.8586592843890747,-0.7126109319509977,-0.146048352438077,-15.335077005998086,-28360.112729947083,-123622.57840686574,95262.46567691865,10002558.89607646,8221.916460645967,7812.682749635758,409.23371101020894,42969.53965607194
0xb305d384400e3d7a15780216a55368ea677eca4e,0xb6a9b9b28c542a63222f409e2be30ad57c868e5496b86d251a07a7e0668b6d2f,1778649921,BUY,Down,Down,-1,True,100.0,0.62,62.0,62.0,38.0,38.0,Down,1778650200,3.2364363550756634,-279,matched,4,-1.803102447669676,-0.7099960484694631,-1.093106399200213,-41.538043169608095,-0.8489161112856136,0.24000217917134561,-1.0889182904569592,-41.37889503736445,-29935.623372052098,54075.34752423363,-84010.97089628573,-3192416.8940588576,302992.39848771034,302938.8751462493,53.523341461026575,2033.8869755190099
0xb305d384400e3d7a15780216a55368ea677eca4e,0xb73fdec94241bb34cc36a8dab43ec10eb6a5497326765b37e4135466e2e550b3,1779946082,BUY,Up,Up,1,False,100.0,0.14,14.000000000000002,14.000000000000002,-14.000000000000002,14.000000000000002,Down,1779946200,9.981116662547343,-118,matched,4,-0.08499119452277282,1.031022148482342,-1.116013343005115,-15.62418680207161,-0.9633887203194185,0.14572137554675502,-1.1091100958661735,-15.527541342126431,-299186.72921583056,1721542.5515961796,-2020729.2808120102,-28290209.931368146,262762.492911553,257163.06924450945,5599.423667043564,78391.93133860991
0xb305d384400e3d7a15780216a55368ea677eca4e,0xb73fdec94241bb34cc36a8dab43ec10eb6a5497326765b37e4135466e2e550b3,1779946079,BUY,Up,Up,1,False,200.0,0.14,28.000000000000004,28.000000000000004,-28.000000000000004,28.000000000000004,Down,1779946200,9.981116662547343,-121,matched,4,-0.07754060906136817,1.1657287804688468,-1.243269389530215,-34.81154290684602,-0.9601148579956058,0.2865072067669275,-1.2466220647625332,-34.90541781335094,-303713.4392088298,1702422.8385154882,-2006136.277724318,-56171815.77628091,263192.4037759453,264352.5370048169,-1160.1332288716221,-32483.730408405423
0xb305d384400e3d7a15780216a55368ea677eca4e,0xb73fdec94241bb34cc36a8dab43ec10eb6a5497326765b37e4135466e2e550b3,1779946074,BUY,Up,Up,1,False,100.0,0.14,14.000000000000002,14.000000000000002,-14.000000000000002,14.000000000000002,Down,1779946200,9.981116662547343,-126,matched,4,-0.08256086725289047,1.347453506224317,-1.4300143734772073,-20.020201228680904,-0.9613382512591863,0.47339822707238244,-1.4347364783315686,-20.086310696641963,-313723.23943275027,1733361.3788597165,-2047084.6182924667,-28659184.656094536,266335.3119888697,269283.15166914766,-2947.8396802779753,-41269.75552389166
0xb305d384400e3d7a15780216a55368ea677eca4e,0xb772657d71cbcb78406151ac7e5b1032e2f2aa31bfc463a023b67a20d17823d8,1779394146,BUY,Down,Down,-1,False,199.99,0.1497094854742737,29.9404,29.9404,-29.9404,29.9404,Up,1779394200,6.62667595590412,-54,matched,4,1.4814040794215884,0.002385700800948687,1.4790183786206397,44.2824018632534,0.6899277547993068,-0.7768894278426454,1.466817182641952,43.9170931751731,5736.7435343840625,-5646.207719931186,11382.951254315249,340810.11373470025,11380.402593191247,11542.598412356034,-162.19581916478637,-4856.20770412137
0xb305d384400e3d7a15780216a55368ea677eca4e,0xb772657d71cbcb78406151ac7e5b1032e2f2aa31bfc463a023b67a20d17823d8,1779394086,BUY,Down,Down,-1,False,100.0,0.15,15.0,15.0,-15.0,15.0,Up,1779394200,6.62667595590412,-114,matched,4,0.5706863257637886,1.2505635348687567,-0.6798772091049681,-10.198158136574522,-0.1660578934858259,0.5119082119214744,-0.6779661054073003,-10.169491581109504,-3270.575682796829,43950.36794368549,-47220.943626482316,-708314.1543972348,55444.29743622383,53929.688363599154,1514.6090726246766,22719.13608937015
0xf6beafa72d6416525c4cf039c9c122883dbef6a3,0xb8327e6e2315126127135a99df21a91496ee6e76c64e5746bce8ca3cb3262a37,1778243341,BUY,Down,Down,-1,False,18.471697,0.5299999778038802,9.789999,9.789999,-9.789999,9.789999,Up,1778243400,2.405618814901048,-59,matched,4,0.40923310317422046,1.1200677125119287,-0.7108346093377083,-6.9590701145815546,-0.3811212915094373,0.34470711212985466,-0.7258284036392919,-7.105859345800264,-1546.2413048499875,9000.160442592467,-10546.401747442455,-103249.26256105988,6295.272613629815,6357.770165638634,-62.497552008819184,-611.8509716687878
0xf6beafa72d6416525c4cf039c9c122883dbef6a3,0xb85ba0e73357e778cc92c0833fe95cad40a60392a8dfc1b556d5baab9c3fbbcd,1778409226,BUY,Down,Down,-1,True,7.448273,0.5799999543518343,4.319998,4.319998,3.1282750000000004,3.1282750000000004,Down,1778409300,1.196239043485283,-74,matched,4,1.4226492480852193,-0.39474616516890515,1.8173954132541246,5.685312636397547,0.999352937568978,-0.8381861798838677,1.8375391174528457,5.748327682649801,1095525.33165913,-21156.504789516162,1116681.8364486462,3493287.871916389,145.10094656585716,150.75874596337962,-5.657799397522467,-17.699152410284597
0xf6beafa72d6416525c4cf039c9c122883dbef6a3,0xb85ba0e73357e778cc92c0833fe95cad40a60392a8dfc1b556d5baab9c3fbbcd,1778409225,BUY,Down,Down,-1,True,19.736841,0.5507466468418122,10.869998999999998,10.869998999999998,8.866842,8.866842,Down,1778409300,1.196239043485283,-75,matched,4,1.4226492480852193,-0.39390500299028497,1.8165542510755044,16.107099528714826,0.999352937568978,-0.8381861798838677,1.8375391174528457,16.293169023273826,1095525.33165913,-21156.504789516162,1116681.8364486462,9901441.408059986,145.10094656585716,151.00757608334243,-5.906629517485271,-52.37315068407814
0xf6beafa72d6416525c4cf039c9c122883dbef6a3,0xb85ba0e73357e778cc92c0833fe95cad40a60392a8dfc1b556d5baab9c3fbbcd,1778409225,BUY,Down,Down,-1,True,8.081631,0.4899999764898942,3.959999,3.959999,4.121632,4.121632,Down,1778409300,1.196239043485283,-75,matched,4,1.4226492480852193,-0.39390500299028497,1.8165542510755044,7.487168130968834,0.999352937568978,-0.8381861798838677,1.8375391174528457,7.573660027745407,1095525.33165913,-21156.504789516162,1116681.8364486462,4602551.590925506,145.10094656585716,151.00757608334243,-5.906629517485271,-24.344953231411854
0xb305d384400e3d7a15780216a55368ea677eca4e,0xb85ba0e73357e778cc92c0833fe95cad40a60392a8dfc1b556d5baab9c3fbbcd,1778409200,BUY,Down,Down,-1,True,26.0,0.52,13.52,13.52,12.48,12.48,Down,1778409300,1.196239043485283,-100,matched,4,1.896349854608711,0.6418700816099226,1.2544797729987884,15.65590756702488,0.9993476989637564,-0.2643511248648575,1.263698823828614,15.770961321381103,1095525.0698719982,134942.952709514,960582.1171624842,11988064.822187804,1465.6641326560639,1429.7686096168327,35.89552303923119,447.9761275296053
0xb305d384400e3d7a15780216a55368ea677eca4e,0xb85ba0e73357e778cc92c0833fe95cad40a60392a8dfc1b556d5baab9c3fbbcd,1778409198,BUY,Down,Down,-1,True,200.0,0.525855,105.17099999999999,105.17099999999999,94.82900000000001,94.82900000000001,Down,1778409300,1.196239043485283,-102,matched,4,1.9398216090688871,0.5098308877405856,1.4299907213283016,135.60459011284152,0.999324944766683,-0.4334783937313793,1.4328033384980623,135.87130778643277,1095542.800038,-5114.917771075847,1100657.717809076,104374270.72211687,1521.377278204076,1549.7569265647253,-28.3796483606493,-2691.2136743920128
0xf6beafa72d6416525c4cf039c9c122883dbef6a3,0xb89368281c986629900d13e730beefba637a54d39c97589896266c850fc33eed,1779561363,BUY,Down,Down,-1,True,143.083427,0.3368664003274118,48.199999,48.199999,94.883428,94.883428,Down,1779561600,4.505113690658586,-237,matched,4,0.09460590530243573,1.1370278405114707,-1.042421935209035,-98.90856663502713,-0.8665803510494252,0.1730516623588283,-1.0396320134082535,-98.64384929071706,-422525.3220671322,58800.03671039065,-481325.35877752287,-45669800.02414126,594262.6287912978,592809.7013042655,1452.9274870322552,137858.7406050459
0xf6beafa72d6416525c4cf039c9c122883dbef6a3,0xb89368281c986629900d13e730beefba637a54d39c97589896266c850fc33eed,1779561363,BUY,Down,Down,-1,True,4.325,0.4,1.7300000000000002,1.7300000000000002,2.595,2.595,Down,1779561600,4.505113690658586,-237,matched,4,0.09460590530243573,1.1370278405114707,-1.042421935209035,-2.7050849218674458,-0.8665803510494252,0.1730516623588283,-1.0396320134082535,-2.6978450747944183,-422525.3220671322,58800.03671039065,-481325.35877752287,-1249039.306027672,594262.6287912978,592809.7013042655,1452.9274870322552,3770.3468288487024
0xb305d384400e3d7a15780216a55368ea677eca4e,0xb9c33d172b1a86f1c92011467fa7c69ec82fd79ac6e952dee0a50866c5cfa7fe,1778221491,BUY,Up,Up,1,False,56.0,0.10535714285714286,5.9,5.9,-5.9,5.9,Down,1778221500,3.301634338088146,-9,offset_out_of_range,,,,,,,,,,,,,,,,,
0xb305d384400e3d7a15780216a55368ea677eca4e,0xb9c33d172b1a86f1c92011467fa7c69ec82fd79ac6e952dee0a50866c5cfa7fe,1778221475,BUY,Up,Up,1,False,100.0,0.33,33.0,33.0,-33.0,33.0,Down,1778221500,3.301634338088146,-25,matched,4,1.9424846585463946,0.662891485889876,1.2795931726565186,42.226574697665114,0.9999999999997357,-0.2851507968844049,1.2851507968841407,42.40997629717664,82.57736271600152,-120061.18702178191,120143.76438449792,3964744.2246884312,8153.986538644065,8186.396995311428,-32.41045666736318,-1069.5450700229849
0xb305d384400e3d7a15780216a55368ea677eca4e,0xb9c33d172b1a86f1c92011467fa7c69ec82fd79ac6e952dee0a50866c5cfa7fe,1778221302,BUY,Up,Up,1,False,200.0,0.5398645,107.9729,107.9729,-107.9729,107.9729,Down,1778221500,3.301634338088146,-198,matched,4,-1.1172488312152777,-0.4481693874651698,-0.669079443750108,-72.24244787208603,-0.8062784104615289,-0.14188589924513903,-0.6643925112163899,-71.73638617431614,-19143.314126260986,-11929.871549418818,-7213.442576842168,-778856.3140051217,12278.25531927211,12548.180042896518,-269.9247236244082,-29144.555191425865
0xf6beafa72d6416525c4cf039c9c122883dbef6a3,0xb9c33d172b1a86f1c92011467fa7c69ec82fd79ac6e952dee0a50866c5cfa7fe,1778221263,BUY,Down,Down,-1,True,33.206895,0.2899999834371747,9.629999,9.629999,23.576896,23.576896,Down,1778221500,3.301634338088146,-237,matched,4,-0.31786943838474474,-0.8956200807850495,0.5777506424003047,13.621566809805175,0.37947816446611254,-0.22874204857457786,0.6082202130406904,14.339944707958201,11856.389056858985,64154.05367028873,-52297.66461342975,-1233016.5996337135,5766.83884647995,5703.418708701123,63.420137778826756,1495.2499927170695
0xb305d384400e3d7a15780216a55368ea677eca4e,0xb9c33d172b1a86f1c92011467fa7c69ec82fd79ac6e952dee0a50866c5cfa7fe,1778221424,BUY,Up,Up,1,False,10.26,0.42,4.3092,4.3092,-4.3092,4.3092,Down,1778221500,3.301634338088146,-76,matched,4,-0.5209073968906182,0.7058625956008138,-1.226769992491432,-5.286397251644078,-0.9633439618387901,0.25721226564964245,-1.2205562274884325,-5.259620895493153,-16665.44542958,-25397.082429716236,8731.637000136237,37626.37016098707,6121.487131329777,6434.86552858651,-313.37839725673257,-1350.4101894587118
0xf6beafa72d6416525c4cf039c9c122883dbef6a3,0xbad8ff2f202f7213f380e61e2531ca536e6e6ff197306605e242407091cdadd0,1778386742,BUY,Up,Up,1,True,19.137253,0.5099999984323769,9.759999,9.759999,9.377254,9.377254,Up,1778386800,0.3845952759606291,-58,matched,4,0.0275494745371192,-0.10387479983278838,0.13142427436990758,1.2323988025323134,-0.2696835853347352,-0.41988856312876843,0.15020497779403325,1.4085102288390094,-2221.7922506449977,-3276.9672776262596,1055.175026981262,9894.644242460146,11789.71152243897,11638.019413490023,151.69210894894786,1422.4554354099573
0xf6beafa72d6416525c4cf039c9c122883dbef6a3,0xbad8ff2f202f7213f380e61e2531ca536e6e6ff197306605e242407091cdadd0,1778386742,BUY,Up,Up,1,True,19.137253,0.5099999984323769,9.759999,9.759999,9.377254,9.377254,Up,1778386800,0.3845952759606291,-58,matched,4,0.0275494745371192,-0.10387479983278838,0.13142427436990758,1.2323988025323134,-0.2696835853347352,-0.41988856312876843,0.15020497779403325,1.4085102288390094,-2221.7922506449977,-3276.9672776262596,1055.175026981262,9894.644242460146,11789.71152243897,11638.019413490023,151.69210894894786,1422.4554354099573
0xb305d384400e3d7a15780216a55368ea677eca4e,0xbad8ff2f202f7213f380e61e2531ca536e6e6ff197306605e242407091cdadd0,1778386648,BUY,Up,Up,1,True,200.0,0.43,86.0,86.0,114.00000000000001,114.00000000000001,Up,1778386800,0.3845952759606291,-152,matched,4,-1.2108127161447253,-1.476487119572737,0.26567440342801163,30.28688199079333,-0.28154110106168995,-0.5443331292936056,0.2627920282319156,29.958291218438383,-5658.856264611997,-15625.286066431347,9966.42980181935,1136172.9974074059,29234.139544136968,29243.80683619924,-9.66729206227319,-1102.071295099144
0xb305d384400e3d7a15780216a55368ea677eca4e,0xbad8ff2f202f7213f380e61e2531ca536e6e6ff197306605e242407091cdadd0,1778386510,BUY,Down,Down,-1,False,200.0,0.58,115.99999999999999,115.99999999999999,-115.99999999999999,115.99999999999999,Up,1778386800,0.3845952759606291,-290,matched,4,-0.371524858789135,0.15798744421980374,-0.5295123030089387,-61.42342714903688,-0.4387081486212613,0.027265941718762662,-0.46597409034002396,-54.05299447944277,-21601.783213554998,91289.68982657646,-112891.47304013146,-13095410.872655248,3542.9912655630033,3927.152710455739,-384.16144489273574,-44562.72760755734
0xb305d384400e3d7a15780216a55368ea677eca4e,0xbad8ff2f202f7213f380e61e2531ca536e6e6ff197306605e242407091cdadd0,1778386781,BUY,Down,Down,-1,False,100.0,0.3,30.0,30.0,-30.0,30.0,Up,1778386800,0.3845952759606291,-19,matched,4,-0.3996630795575129,-0.35294567796612236,-0.04671740159139054,-1.4015220477417163,-0.9999999999999973,-0.9561028043494535,-0.04389719565054384,-1.3169158695163152,-2765.778897381002,-1536.5484499172635,-1229.2304474637385,-36876.913423912156,278.4199810179998,275.1399424345582,3.2800385834416375,98.40115750324912
0xb305d384400e3d7a15780216a55368ea677eca4e,0xbbbcc04c29a690ddbc80391fc2847715535fd11200abfaae53f4e46a15879b92,1778936983,BUY,Up,Up,1,True,100.0,0.38,38.0,38.0,62.0,62.0,Up,1778937000,0.5329391884227636,-17,matched,4,-0.18680226433003577,0.32847642238052355,-0.5152786867105593,-31.94727857605468,-0.9994744816243024,-0.4975055410161586,-0.5019689406081438,-31.122074317704914,-779209.3159535876,-8236.101318178808,-770973.2146354088,-47800339.30739535,4190.137146013556,4418.281130177318,-228.14398416376207,-14144.927018153248
0xf6beafa72d6416525c4cf039c9c122883dbef6a3,0xbbbcc04c29a690ddbc80391fc2847715535fd11200abfaae53f4e46a15879b92,1778936913,BUY,Down,Down,-1,False,10.30375,0.2309838650976586,2.3800000000000003,2.3800000000000003,-2.3800000000000003,2.3800000000000003,Up,1778937000,0.5329391884227636,-87,matched,4,1.8359975152406305,0.05631751453904871,1.7796800007015818,4.235638401669766,0.9933517018492806,-0.7893932154342428,1.7827449172835235,4.242932903134786,780960.6594566586,-43750.73711421493,824711.3965708736,1962813.1238386794,4065.181485945359,4165.616033744183,-100.4345477988245,-239.03422376120233
0xf6beafa72d6416525c4cf039c9c122883dbef6a3,0xbbbcc04c29a690ddbc80391fc2847715535fd11200abfaae53f4e46a15879b92,1778936913,BUY,Down,Down,-1,False,5.035713,0.27999987290776895,1.409999,1.409999,-1.409999,1.409999,Up,1778937000,0.5329391884227636,-87,matched,4,1.8359975152406305,0.05631751453904871,1.7796800007015818,2.5093470213092295,0.9933517018492806,-0.7893932154342428,1.7827449172835235,2.5136685506248506,780960.6594566586,-43750.73711421493,824711.3965708736,1162842.2444535352,4065.181485945359,4165.616033744183,-100.4345477988245,-141.61261196179476
0xf6beafa72d6416525c4cf039c9c122883dbef6a3,0xbbbcc04c29a690ddbc80391fc2847715535fd11200abfaae53f4e46a15879b92,1778936911,BUY,Down,Down,-1,False,14.035713,0.27999995440203146,3.929999,3.929999,-3.929999,3.929999,Up,1778937000,0.5329391884227636,-89,matched,4,1.8359975152406305,0.45595623060067064,1.38004128463996,5.423560868593758,0.9933517018492806,-0.39028380662817186,1.3836355084774525,5.43768616468088,780960.6594566586,-34707.620706679816,815668.2801633384,3205575.52537364,4065.181485945359,4191.42015899223,-126.23867304687155,-496.11785883553216
0xf6beafa72d6416525c4cf039c9c122883dbef6a3,0xbbbcc04c29a690ddbc80391fc2847715535fd11200abfaae53f4e46a15879b92,1778936906,BUY,Down,Down,-1,False,14.034481,0.2899999650859907,4.069998999999999,4.069998999999999,-4.069998999999999,4.069998999999999,Up,1778937000,0.5329391884227636,-94,matched,4,1.8361554576995893,0.7001957963984219,1.1359596613011673,4.623354685536089,0.9933517018492806,-0.14938257049023254,1.142734272339513,4.650927345687545,780960.6594566586,-26150.456583424042,807111.1160400826,3284941.4351720195,4069.26596495742,4069.614712220384,-0.34874726296402514,-1.4194010115163191
0xf6beafa72d6416525c4cf039c9c122883dbef6a3,0xbbbcc04c29a690ddbc80391fc2847715535fd11200abfaae53f4e46a15879b92,1778936897,BUY,Down,Down,-1,False,5.413792,0.5799999335031711,3.139999,3.139999,-3.139999,3.139999,Up,1778937000,0.5329391884227636,-103,matched,4,1.7655266886695018,0.34458961803748084,1.420937070632021,4.461740980847475,0.9869946901283502,-0.41991214395142573,1.406906834079776,4.4176860521036625,778445.4021312664,-6861.912861454439,785307.3149927208,2465864.1837698286,2941.511062177131,3002.1513043863233,-60.640242209192365,-190.4102998966218
0xf6beafa72d6416525c4cf039c9c122883dbef6a3,0xbbbcc04c29a690ddbc80391fc2847715535fd11200abfaae53f4e46a15879b92,1778936897,BUY,Down,Down,-1,False,6.13793,0.5799999348314497,3.5599990000000004,3.5599990000000004,-3.5599990000000004,3.5599990000000004,Up,1778937000,0.5329391884227636,-103,matched,4,1.7655266886695018,0.34458961803748084,1.420937070632021,5.058534550512925,0.9869946901283502,-0.41991214395142573,1.406906834079776,5.008586922417169,778445.4021312664,-6861.912861454439,785307.3149927208,2795693.2560667717,2941.511062177131,3002.1513043863233,-60.640242209192365,-215.87920162448265
0xf6beafa72d6416525c4cf039c9c122883dbef6a3,0xbbbcc04c29a690ddbc80391fc2847715535fd11200abfaae53f4e46a15879b92,1778936706,BUY,Down,Down,-1,False,66.57627,0.5899999954938899,39.279999,39.279999,-39.279999,39.279999,Up,1778937000,0.5329391884227636,-294,matched,4,0.9036972060194445,-0.2802027570804577,1.1838999630999023,46.503589366664194,0.9757057134745191,-0.2099631466794703,1.1856688601539893,46.57307164117984,780899.7176378446,-44050.76126368716,824950.4789015318,32404053.986301687,67078.76952586556,65987.17612662453,1091.5933992410282,42877.78763059418
0xf6beafa72d6416525c4cf039c9c122883dbef6a3,0xbbbcc04c29a690ddbc80391fc2847715535fd11200abfaae53f4e46a15879b92,1778936704,BUY,Down,Down,-1,False,17.241378,0.5799999860799989,9.999999,9.999999,-9.999999,9.999999,Up,1778937000,0.5329391884227636,-296,matched,4,1.0652368690998137,-0.026014369252191895,1.0912512383520057,10.91251129226882,0.9757057134745191,-0.11437461961772263,1.0900803330922417,10.900802240842085,780899.7176378446,-14260.732157394814,795160.4497952394,7951603.702791944,78980.20019645151,79713.73157444852,-733.5313779970165,-7335.313046438788
0xb305d384400e3d7a15780216a55368ea677eca4e,0xbbbcc04c29a690ddbc80391fc2847715535fd11200abfaae53f4e46a15879b92,1778936937,BUY,Down,Down,-1,False,100.0,0.36,36.0,36.0,-36.0,36.0,Up,1778937000,0.5329391884227636,-63,matched,4,1.8372406222639268,0.5934037078664567,1.2438369143974701,44.77812891830892,0.9943277214721825,-0.25202325588600466,1.2463509773581871,44.868635184894735,781331.3156369238,-14074.607010546992,795405.9226474707,28634613.215308946,3258.9520123444963,3295.936788750354,-36.9847764058577,-1331.4519506108772
0xb305d384400e3d7a15780216a55368ea677eca4e,0xbbbf5a6afd2dcd08e6b26dbfa239f826c80353582c41f1a3a85e2533dfdf65d5,1779949127,BUY,Down,Down,-1,True,132.21,0.39,51.5619,51.5619,80.6481,80.6481,Down,1779949200,1.0059357025513982,-73,matched,4,1.4930660622562708,0.25188387154693137,1.2411821907093394,100.09898543454588,0.6219100082866483,-0.614512723421755,1.2364227317084033,99.71514410909248,4792.212427680977,-5254.697371601851,10046.909799282828,810264.1861835414,16348.025848694379,16150.47318840785,197.5526602865284,15932.246702053972
0xb305d384400e3d7a15780216a55368ea677eca4e,0xbc24f96d4389f8c0729a7a13bc4ff480068ed10488fe03ad88d7921592b89049,1780206586,BUY,Up,Up,1,False,133.74,0.81,108.32940000000002,108.32940000000002,-108.32940000000002,108.32940000000002,Down,1780206600,1.5018448040762349,-14,matched,4,-0.419045813507376,0.9269789929440679,-1.346024806451444,-145.81405966800108,-0.3536752805872499,0.9866449900652812,-1.340320270652531,-145.1960907276263,-152.30096445702657,40467.60779412225,-40619.90875857927,-4400330.343871638,236.75203284499003,232.0415656164696,4.710467228520429,510.28208858528103
0xf6beafa72d6416525c4cf039c9c122883dbef6a3,0xbc6222a4366a400a7cec3401ef92f9177f99d3f145d49b648988e844b1d105cd,1777673336,BUY,Down,Down,-1,False,10.167915,0.47895748538417166,4.869999,4.869999,-4.869999,4.869999,Up,1777673400,4.359961901226557,-64,matched,4,0.0005588581349826871,0.25734622855542527,-0.2567873704204426,-1.250554237160185,-0.9960626789344894,-0.7343840470656826,-0.2616786318688068,-1.2743746755224572,-263029.100378506,-30377.01966526851,-232652.0807132375,-1133015.400421386,60678.58668252383,60354.3311501086,324.2555324152345,1579.1241186066595
0xf6beafa72d6416525c4cf039c9c122883dbef6a3,0xbc6222a4366a400a7cec3401ef92f9177f99d3f145d49b648988e844b1d105cd,1777673256,BUY,Down,Down,-1,False,20.936169,0.4628353449000149,9.689999,9.689999,-9.689999,9.689999,Up,1777673400,4.359961901226557,-144,matched,4,-0.02455935824080302,0.6903299844650033,-0.7148893427058063,-6.927277015929921,-0.9663304421995358,-0.2639002467808716,-0.7024301954186642,-6.8065478911766615,-319228.73873078707,-3453.2526683289834,-315775.4860624581,-3059864.144169733,120925.16512976587,117523.40974042626,3401.7553893396107,32963.00632094544
0xf6beafa72d6416525c4cf039c9c122883dbef6a3,0xbd1b69ce54020058653fd1614d3b986ffbf46f3697720f0e9acfba67520e2346,1778094105,BUY,Down,Down,-1,True,19.176469,0.5099999900920237,9.779999,9.779999,9.39647,9.39647,Down,1778094300,0.19743417948359346,-195,matched,4,0.2204922992372651,-0.3254224096724832,0.5459147089097482,5.129671184829182,0.9373898676752505,0.3931591934406444,0.544230674234606,5.113847203525249,371498.8792030589,198174.9328379158,173323.94636514309,1628633.2623016762,202558.4204970945,215681.76213993807,-13123.34164284356,-123313.08604673023
0xf6beafa72d6416525c4cf039c9c122883dbef6a3,0xbd1eaf701e4891367c795f56d32806c2e63e08078afe13f2875e037249b2599f,1778270922,BUY,Down,Down,-1,True,16.229507,0.6099999833636351,9.899999000000001,9.899999000000001,6.329508000000001,6.329508000000001,Down,1778271000,0.4542943417377873,-78,matched,4,0.19326087891397092,-0.1717171570386884,0.3649780359526593,2.310131398386645,0.8443318723297052,0.45664998006804847,0.3876818922616567,2.4538356385252946,294314.5317851086,63856.7787766736,230457.75300843501,1458684.1913289137,79039.85920972936,78581.92143566557,457.9377740637865,2898.520804438929
0xf6beafa72d6416525c4cf039c9c122883dbef6a3,0xbd1eaf701e4891367c795f56d32806c2e63e08078afe13f2875e037249b2599f,1778270920,BUY,Down,Down,-1,True,14.558821,0.6799999807676734,9.899998,9.899998,4.658823,4.658823,Down,1778271000,0.4542943417377873,-80,matched,4,0.19326087891397092,-0.19495162924183196,0.3882125081558029,1.808613361883942,0.8443318723297052,0.4464179689564749,0.3979139033732303,1.8538104450549828,294314.5317851086,45601.57445674097,248712.95732836763,1158709.6459994176,79039.85920972936,77080.62633902085,1959.2328707085107,9127.719160412837
0xb305d384400e3d7a15780216a55368ea677eca4e,0xbe1a235e8fbfda05d3bc0c4bc35f9e99648739d858c5dc2143b44dd0fdb2cef4,1778322540,BUY,Down,Down,-1,True,100.0,0.148856,14.885599999999998,14.885599999999998,85.1144,85.1144,Down,1778322600,0.9622935871700795,-60,matched,4,1.99278384461425,0.0512171783602324,1.9415666662540176,165.25528185821096,0.9984961284643442,-0.9426643312745362,1.9411604597388803,165.22070783439895,1362934.4069486673,-11326.835119571879,1374261.242068239,116969421.06189293,4845.275764644612,4837.81463581245,7.461128832161194,635.0495038721008
0xb305d384400e3d7a15780216a55368ea677eca4e,0xbe6c81613cf7d3169d7602a6b4cf491fe3202027557d08472b1cb59c4d62504c,1778283865,BUY,Down,Down,-1,True,100.0,0.32,32.0,32.0,68.0,68.0,Down,1778283900,1.0865967886811374,-35,matched,4,1.94091686896245,0.43361428594687046,1.5073025830155795,102.49657564505941,0.9594160683434436,-0.552511146039424,1.5119272143828675,102.811050578035,78534.00286854338,-2791.232292926492,81325.23516146987,5530115.990979951,10680.03754816996,10745.515513129707,-65.47796495974762,-4452.501617262838
0xb305d384400e3d7a15780216a55368ea677eca4e,0xbe6c81613cf7d3169d7602a6b4cf491fe3202027557d08472b1cb59c4d62504c,1778283858,BUY,Down,Down,-1,True,100.0,0.343482,34.3482,34.3482,65.6518,65.6518,Down,1778283900,1.0865967886811374,-42,matched,4,1.7491726893809803,0.6397625387122283,1.109410150668752,72.83477332967476,0.7491726893812914,-0.36023746128779743,1.1094101506690888,72.83477332969687,68779.86281073233,20870.37999430947,47909.48281642286,3145343.78396723,748.1953406911343,743.7381092132273,4.457231477907044,292.62526954125764
0xf6beafa72d6416525c4cf039c9c122883dbef6a3,0xbe6c81613cf7d3169d7602a6b4cf491fe3202027557d08472b1cb59c4d62504c,1778283809,BUY,Down,Down,-1,True,28.235293,0.3399999780416658,9.599999,9.599999,18.635294,18.635294,Down,1778283900,1.0865967886811374,-91,matched,4,0.5531151325983386,0.05755126657592574,0.4955638660224128,9.234978339104272,0.7205348501928782,0.23250045459194926,0.488034395600929,9.094664444135617,67251.7474533855,39357.15285147543,27894.594601910067,519823.971417407,9071.875889356714,9601.68246209815,-529.806572741436,-9873.101246169044
0xb305d384400e3d7a15780216a55368ea677eca4e,0xbe6c81613cf7d3169d7602a6b4cf491fe3202027557d08472b1cb59c4d62504c,1778283783,BUY,Down,Down,-1,True,100.0,0.1703,17.03,17.03,82.97,82.97,Down,1778283900,1.0865967886811374,-117,matched,4,0.278541085211217,-0.8928097707416276,1.1713508559528445,97.18698051840751,0.6752515518754473,-0.49534171474322203,1.1705932666186694,97.124123331351,64728.809294100385,-7621.846989803253,72350.65628390363,6002933.951875485,7717.889306594618,7805.2952853664465,-87.40597877182881,-7252.074058698637
0xb305d384400e3d7a15780216a55368ea677eca4e,0xbef3a7c87704668e7f3a0b5398aa4aa44b401aa67d62352a037842ef13c7a272,1779085180,BUY,Up,Up,1,False,100.0,0.01,1.0,1.0,-1.0,1.0,Down,1779085200,7.742827235041208,-20,matched,4,0.21192633012514894,0.7434335422107154,-0.5315072120855665,-0.5315072120855665,-0.7654319953406975,-0.24841375830000795,-0.5170182370406895,-0.5170182370406895,-87.28524954497698,-889.7153267862996,802.4300772413226,802.4300772413226,9179.322139374912,9099.812195128761,79.50994424615055,79.50994424615055
0xb305d384400e3d7a15780216a55368ea677eca4e,0xbef3a7c87704668e7f3a0b5398aa4aa44b401aa67d62352a037842ef13c7a272,1779084966,BUY,Down,Down,-1,True,100.0,0.260283,26.028299999999998,26.028299999999998,73.9717,73.9717,Down,1779085200,7.742827235041208,-234,matched,4,1.6387438190127455,0.7157072268009717,0.9230365922117738,68.27858588811166,0.9163968865451092,-0.024516117381565505,0.9409130039266747,69.6009344525628,164629.51786087203,87921.0225487939,76708.49531207813,5674257.8026764495,316399.202206981,329985.00556935463,-13585.803362373612,-1004964.970580492
0xf6beafa72d6416525c4cf039c9c122883dbef6a3,0xbef3a7c87704668e7f3a0b5398aa4aa44b401aa67d62352a037842ef13c7a272,1779084942,BUY,Down,Down,-1,True,15.285713,0.34999996401868855,5.3499989999999995,5.3499989999999995,9.935713999999999,9.935713999999999,Down,1779085200,7.742827235041208,-258,matched,4,0.46802520030883715,0.42536358565609383,0.04266161465274332,0.4238736019678669,0.04303052885721045,-0.01171927386381532,0.05474980272102577,0.5439783813925337,14205.500776607078,-111009.5276859635,125215.02846257058,1244100.7113059608,217390.61059847672,209516.5594509293,7874.051147547434,78234.3202234031
0xf6beafa72d6416525c4cf039c9c122883dbef6a3,0xbef3a7c87704668e7f3a0b5398aa4aa44b401aa67d62352a037842ef13c7a272,1779084942,BUY,Down,Down,-1,True,12.942856,0.34999995364238,4.529999,4.529999,8.412857,8.412857,Down,1779085200,7.742827235041208,-258,matched,4,0.46802520030883715,0.42536358565609383,0.04266161465274332,0.3589060634626342,0.04303052885721045,-0.01171927386381532,0.05474980272102577,0.4606022610702007,14205.500776607078,-111009.5276859635,125215.02846257058,1053416.1287065363,217390.61059847672,209516.5594509293,7874.051147547434,66243.26631500247
0xf6beafa72d6416525c4cf039c9c122883dbef6a3,0xbef3a7c87704668e7f3a0b5398aa4aa44b401aa67d62352a037842ef13c7a272,1779084942,BUY,Down,Down,-1,True,2.942856,0.3499997961164257,1.0299989999999999,1.0299989999999999,1.912857,1.912857,Down,1779085200,7.742827235041208,-258,matched,4,0.46802520030883715,0.42536358565609383,0.04266161465274332,0.08160556821980262,0.04303052885721045,-0.01171927386381532,0.05474980272102577,0.10472854338353318,14205.500776607078,-111009.5276859635,125215.02846257058,239518.4436998274,217390.61059847672,209516.5594509293,7874.051147547434,15061.933855944142
0xf6beafa72d6416525c4cf039c9c122883dbef6a3,0xbef3a7c87704668e7f3a0b5398aa4aa44b401aa67d62352a037842ef13c7a272,1779084940,BUY,Down,Down,-1,True,13.6,0.35,4.76,4.76,8.84,8.84,Down,1779085200,7.742827235041208,-260,matched,4,0.46832832183075135,0.42171139160067417,0.04661693023007718,0.41209366323388225,0.04299697168749197,-0.013440372990387896,0.056437344677879864,0.498906126952458,14194.879367391084,-111523.67321771201,125718.5525851031,1111352.0048523115,217517.9723161687,209005.91462186596,8512.057694302755,75246.59001763635
0xf6beafa72d6416525c4cf039c9c122883dbef6a3,0xbef3a7c87704668e7f3a0b5398aa4aa44b401aa67d62352a037842ef13c7a272,1779084940,BUY,Down,Down,-1,True,3.257141,0.3499998925437984,1.139999,1.139999,2.117142,2.117142,Down,1779085200,7.742827235041208,-260,matched,4,0.46832832183075135,0.42171139160067417,0.04661693023007718,0.09869466090116606,0.04299697168749197,-0.013440372990387896,0.056437344677879864,0.11948587278601593,14194.879367391084,-111523.67321771201,125718.5525851031,266164.02785713034,217517.9723161687,209005.91462186596,8512.057694302755,18021.234851031524
0xf6beafa72d6416525c4cf039c9c122883dbef6a3,0xbef3a7c87704668e7f3a0b5398aa4aa44b401aa67d62352a037842ef13c7a272,1779084940,BUY,Down,Down,-1,True,3.166665,0.35999987368414404,1.139999,1.139999,2.026666,2.026666,Down,1779085200,7.742827235041208,-260,matched,4,0.46832832183075135,0.42171139160067417,0.04661693023007718,0.0944769475216696,0.04299697168749197,-0.013440372990387896,0.056437344677879864,0.11437964758894008,14194.879367391084,-111523.67321771201,125718.5525851031,254789.51609344056,217517.9723161687,209005.91462186596,8512.057694302755,17251.09791908179
0xf6beafa72d6416525c4cf039c9c122883dbef6a3,0xbef3a7c87704668e7f3a0b5398aa4aa44b401aa67d62352a037842ef13c7a272,1779084940,BUY,Down,Down,-1,True,6.054053,0.36999989924105386,2.2399989999999996,2.2399989999999996,3.814054,3.814054,Down,1779085200,7.742827235041208,-260,matched,4,0.46832832183075135,0.42171139160067417,0.04661693023007718,0.1777994892117468,0.04299697168749197,-0.013440372990387896,0.056437344677879864,0.2152550802180464,14194.879367391084,-111523.67321771201,125718.5525851031,479497.34836142283,217517.9723161687,209005.91462186596,8512.057694302755,32465.447697186202
0xf6beafa72d6416525c4cf039c9c122883dbef6a3,0xbef3a7c87704668e7f3a0b5398aa4aa44b401aa67d62352a037842ef13c7a272,1779084938,BUY,Down,Down,-1,True,3.743588,0.38999991452050814,1.459999,1.459999,2.2835889999999996,2.2835889999999996,Down,1779085200,7.742827235041208,-262,matched,4,0.46832832183075135,0.5552995169508573,-0.08697119512010598,-0.19860646449312766,0.04299697168749197,0.11516260559075832,-0.07216563390326636,-0.1647966477595261,14194.879367391084,-99131.82171350885,113326.70108089993,258791.60799463117,217517.9723161687,218795.07441870292,-1277.1021025342052,-2916.376313223983
0xb305d384400e3d7a15780216a55368ea677eca4e,0xbf0088270ec192c97ca7c173e473444e08155c8f5cb809f054e0ca73ffb3113d,1780019997,BUY,Up,Up,1,False,99.99,0.12,11.9988,11.9988,-11.9988,11.9988,Down,1780020000,1.9254408828295257,-3,offset_out_of_range,,,,,,,,,,,,,,,,,
0xb305d384400e3d7a15780216a55368ea677eca4e,0xbf0088270ec192c97ca7c173e473444e08155c8f5cb809f054e0ca73ffb3113d,1780019967,BUY,Up,Up,1,False,19.51,0.49,9.5599,9.5599,-9.5599,9.5599,Down,1780020000,1.9254408828295257,-33,matched,4,1.0327976235175456,0.47525600037522586,0.5575416231423197,5.330042163078263,0.7548201665571888,0.18314042791184607,0.5716797386453427,5.465201133475612,2233.869852406933,-1017.5087321544997,3251.378584561433,31082.854130548843,2281.92592779384,2322.591556745465,-40.66562895162497,-388.75934621463955
0xb305d384400e3d7a15780216a55368ea677eca4e,0xbf0088270ec192c97ca7c173e473444e08155c8f5cb809f054e0ca73ffb3113d,1780019952,BUY,Up,Up,1,False,72.03,0.3920824656393169,28.241699999999998,28.241699999999998,-28.241699999999998,28.241699999999998,Down,1780020000,1.9254408828295257,-48,matched,4,0.7892118879743882,0.48793382889916137,0.30127805907522687,8.508604560984834,0.7441436385821903,0.43831690236617715,0.3058267362160132,8.63706693619178,2805.334596049943,-16989.693236823416,19795.02783287336,559045.2375476594,2802.188425470842,2748.879958522506,53.30846694833599,1505.5217310148205
0xb305d384400e3d7a15780216a55368ea677eca4e,0xbf35c1b6161008ab51a53cdbe0669de9cd0b96601788c60b87d2fac5cab4e5c0,1780117490,BUY,Up,Up,1,True,23.32,0.75,17.490000000000002,17.490000000000002,5.83,5.83,Up,1780117500,2.327336889624323,-10,offset_out_of_range,,,,,,,,,,,,,,,,,
0xb305d384400e3d7a15780216a55368ea677eca4e,0xbf35c1b6161008ab51a53cdbe0669de9cd0b96601788c60b87d2fac5cab4e5c0,1780117416,BUY,Up,Up,1,True,200.0,0.22,44.0,44.0,156.0,156.0,Up,1780117500,2.327336889624323,-84,matched,4,1.4731293348425725,0.885932265822324,0.5871970690202485,91.60274276715876,0.9767359767368236,0.3988823654946103,0.5778536112422132,90.14516335378526,436526.267894275,331923.5088982716,104602.75899600342,16318030.403376535,957.4663493155967,947.8487340338761,9.617615281720646,1500.3479839484207
0xf6beafa72d6416525c4cf039c9c122883dbef6a3,0xbf4387dad6a5cdab9ddc26f2eaaa64ea060ba8eaea1bffd6b196fe062bfc4056,1779051592,BUY,Down,Down,-1,True,21.127658,0.4699999876938561,9.929999,9.929999,11.197659,11.197659,Down,1779051600,1.017687878518499,-8,offset_out_of_range,,,,,,,,,,,,,,,,,
0xf6beafa72d6416525c4cf039c9c122883dbef6a3,0xbf4387dad6a5cdab9ddc26f2eaaa64ea060ba8eaea1bffd6b196fe062bfc4056,1779051590,BUY,Up,Up,1,False,10.571427,0.559999988648647,5.919999,5.919999,-5.919999,5.919999,Down,1779051600,1.017687878518499,-10,offset_out_of_range,,,,,,,,,,,,,,,,,
0xf6beafa72d6416525c4cf039c9c122883dbef6a3,0xbf4387dad6a5cdab9ddc26f2eaaa64ea060ba8eaea1bffd6b196fe062bfc4056,1779051590,BUY,Down,Down,-1,True,70.314284,0.3492889012423137,24.559998999999998,24.559998999999998,45.754285,45.754285,Down,1779051600,1.017687878518499,-10,offset_out_of_range,,,,,,,,,,,,,,,,,
0xf6beafa72d6416525c4cf039c9c122883dbef6a3,0xbf4387dad6a5cdab9ddc26f2eaaa64ea060ba8eaea1bffd6b196fe062bfc4056,1779051588,BUY,Down,Down,-1,True,5.422221,0.44999991700817804,2.4399990000000003,2.4399990000000003,2.9822219999999997,2.9822219999999997,Down,1779051600,1.017687878518499,-12,matched,4,1.9999375260584018,0.05699404267934158,1.9429434833790602,5.794288800889667,0.9999375260584018,-0.9417226789843962,1.941660205042798,5.790461780003143,313096.346394359,-696.8629409672528,313793.2093353263,935801.0123304153,1216.762685130001,1212.9787416224935,3.7839435075075016,11.284559574846035
0xf6beafa72d6416525c4cf039c9c122883dbef6a3,0xbf4387dad6a5cdab9ddc26f2eaaa64ea060ba8eaea1bffd6b196fe062bfc4056,1779051588,BUY,Down,Down,-1,True,4.87755,0.4899998974895183,2.389999,2.389999,2.487551,2.487551,Down,1779051600,1.017687878518499,-12,matched,4,1.9999375260584018,0.05699404267934158,1.9429434833790602,4.833171005023064,0.9999375260584018,-0.9417226789843962,1.941660205042798,4.829978784714417,313096.346394359,-696.8629409672528,313793.2093353263,780576.6116753002,1216.762685130001,1212.9787416224935,3.7839435075075016,9.412752456043792
0xf6beafa72d6416525c4cf039c9c122883dbef6a3,0xbf4387dad6a5cdab9ddc26f2eaaa64ea060ba8eaea1bffd6b196fe062bfc4056,1779051587,BUY,Up,Up,1,False,17.981817,0.5499999805358936,9.889999000000001,9.889999000000001,-9.889999000000001,9.889999000000001,Down,1779051600,1.017687878518499,-13,matched,4,-1.9999375260584018,-0.15982965475857114,-1.8401078712998307,-18.198665007047456,-0.9999375260584018,0.8401703452421706,-1.8401078713005723,-18.198665007054792,-313096.346394359,460.70909655648825,-313557.0554909155,-3101078.965248099,1216.762685130001,1227.9626259379002,-11.199940807899111,-110.76740339018141
0xf6beafa72d6416525c4cf039c9c122883dbef6a3,0xbf4387dad6a5cdab9ddc26f2eaaa64ea060ba8eaea1bffd6b196fe062bfc4056,1779051583,BUY,Down,Down,-1,True,7.773477,0.22512435554900337,1.749999,1.749999,6.023478,6.023478,Down,1779051600,1.017687878518499,-17,matched,4,1.9518342402031372,0.6706196753400541,1.2812145648630833,7.717367744732355,0.9999060631420958,-0.2786254084394053,1.278531471581501,7.701206191378796,313091.42039318907,14287.817987869581,298803.60240531946,1799836.9254091887,1248.1045990750426,1231.508741460857,16.59585761418566,99.96478323017982
0xf6beafa72d6416525c4cf039c9c122883dbef6a3,0xbf4387dad6a5cdab9ddc26f2eaaa64ea060ba8eaea1bffd6b196fe062bfc4056,1779051592,BUY,Up,Up,1,False,2.833332,0.5999999294117315,1.699999,1.699999,-1.699999,1.699999,Down,1779051600,1.017687878518499,-8,offset_out_of_range,,,,,,,,,,,,,,,,,
0xf6beafa72d6416525c4cf039c9c122883dbef6a3,0xbf4387dad6a5cdab9ddc26f2eaaa64ea060ba8eaea1bffd6b196fe062bfc4056,1779051592,BUY,Down,Down,-1,True,6.1875,0.48,2.9699999999999998,2.9699999999999998,3.2175000000000002,3.2175000000000002,Down,1779051600,1.017687878518499,-8,offset_out_of_range,,,,,,,,,,,,,,,,,
0xf6beafa72d6416525c4cf039c9c122883dbef6a3,0xbf4387dad6a5cdab9ddc26f2eaaa64ea060ba8eaea1bffd6b196fe062bfc4056,1779051592,BUY,Down,Down,-1,True,21.66,0.5,10.83,10.83,10.83,10.83,Down,1779051600,1.017687878518499,-8,offset_out_of_range,,,,,,,,,,,,,,,,,
0xf6beafa72d6416525c4cf039c9c122883dbef6a3,0xbf4387dad6a5cdab9ddc26f2eaaa64ea060ba8eaea1bffd6b196fe062bfc4056,1779051592,BUY,Up,Up,1,False,40.621856,0.6604818598145786,26.829999,26.829999,-26.829999,26.829999,Down,1779051600,1.017687878518499,-8,offset_out_of_range,,,,,,,,,,,,,,,,,
0xf6beafa72d6416525c4cf039c9c122883dbef6a3,0xc0c76c0e8c4c874a78b25cf9e99403f9440bd1944da5b99d7a31bce9b3577587,1778946424,BUY,Up,Up,1,True,45.014082,0.7099999951126406,31.959998000000002,31.959998000000002,13.054084,13.054084,Up,1778946600,6.019350497084234,-176,matched,4,-0.11926521461602516,-0.17351253920638413,0.05424732459035897,0.7081491319778116,0.2091829418583895,0.15022630226998274,0.05895663958840677,0.7696249255447875,1514.735538937617,27432.73858576937,-25918.003046831753,-338335.7888855976,26118.689315404743,25745.311728412053,373.37758699269034,4874.102384319887
0xf6beafa72d6416525c4cf039c9c122883dbef6a3,0xc0c76c0e8c4c874a78b25cf9e99403f9440bd1944da5b99d7a31bce9b3577587,1778946422,BUY,Up,Up,1,True,25.366196,0.7099999936923929,18.009999,18.009999,7.356196999999999,7.356196999999999,Up,1778946600,6.019350497084234,-178,matched,4,-0.15584141951034733,-0.38015270872042173,0.2243112892100744,1.6500780327532814,0.2091829418583895,-0.0020323597968827795,0.2112153016552723,1.553741368390609,1514.735538937617,23336.55682357077,-21821.82128463315,-160525.61626855453,27623.191966924816,25851.320875941456,1771.8710909833608,13034.232803878524
0xf6beafa72d6416525c4cf039c9c122883dbef6a3,0xc170d99c71a5d4c58c1a2ca1ca8f1495c7446a58e865001b4eb1863860ec3491,1777940082,BUY,Down,Down,-1,False,6.241378,0.5799999615469532,3.619999,3.619999,-3.619999,3.619999,Up,1777940100,3.2916519133910134,-18,matched,4,1.9684726784632907,0.6145012640665057,1.353971414396785,4.901375166144947,0.9684726784621148,-0.3854987359336045,1.3539714143957193,4.901375166141089,32958.74649639195,-288.981062306535,33247.72755869848,120356.74051476095,198.02964271977544,197.75144977746822,0.27819294230721425,1.0070581729591732
0xf6beafa72d6416525c4cf039c9c122883dbef6a3,0xc170d99c71a5d4c58c1a2ca1ca8f1495c7446a58e865001b4eb1863860ec3491,1777940082,BUY,Down,Down,-1,False,8.872726,0.5499999661885198,4.879999000000001,4.879999000000001,-4.879999000000001,4.879999000000001,Up,1777940100,3.2916519133910134,-18,matched,4,1.9684726784632907,0.6145012640665057,1.353971414396785,6.607379148284897,0.9684726784621148,-0.3854987359336045,1.3539714143957193,6.607379148279697,32958.74649639195,-288.981062306535,33247.72755869848,162248.87723872106,198.02964271977544,197.75144977746822,0.27819294230721425,1.3575812802662635
0xf6beafa72d6416525c4cf039c9c122883dbef6a3,0xc170d99c71a5d4c58c1a2ca1ca8f1495c7446a58e865001b4eb1863860ec3491,1777940080,BUY,Down,Down,-1,False,4.15,0.34,1.4110000000000003,1.4110000000000003,-1.4110000000000003,1.4110000000000003,Up,1777940100,3.2916519133910134,-20,matched,4,1.9684726784632907,0.14613459792782998,1.8223380805354608,2.5713190316355354,0.9684726784621148,-0.8538654020722802,1.822338080534395,2.5713190316340317,32958.74649639195,-1575.7491451072638,34534.49564149921,48728.1733501554,198.02964271977544,197.99876023895922,0.03088248081621714,0.04357518043168239
0xb305d384400e3d7a15780216a55368ea677eca4e,0xc239031c6c5866e16134c34a0a42f0d908286bbbb8999f54848c80f52a808e8a,1779087896,BUY,Down,Down,-1,False,99.96,0.05042416966786715,5.0404,5.0404,-5.0404,5.0404,Up,1779087900,7.0995043811972645,-4,offset_out_of_range,,,,,,,,,,,,,,,,,
0xf6beafa72d6416525c4cf039c9c122883dbef6a3,0xc239031c6c5866e16134c34a0a42f0d908286bbbb8999f54848c80f52a808e8a,1779087892,BUY,Down,Down,-1,False,56.126665,0.17104167867447673,9.599999,9.599999,-9.599999,9.599999,Up,1779087900,7.0995043811972645,-8,offset_out_of_range,,,,,,,,,,,,,,,,,
0xf6beafa72d6416525c4cf039c9c122883dbef6a3,0xc239031c6c5866e16134c34a0a42f0d908286bbbb8999f54848c80f52a808e8a,1779087882,BUY,Down,Down,-1,False,10.151514,0.3299999389253662,3.3499990000000004,3.3499990000000004,-3.3499990000000004,3.3499990000000004,Up,1779087900,7.0995043811972645,-18,matched,4,1.9999999999992317,0.8918514947986865,1.1081485052005453,3.712296384273322,1.0000000000008271,-0.1081485052009896,1.1081485052018167,3.712296384277581,598.2445649800648,-8630.50789152524,9228.752456505305,30916.311500540316,72.9737091450952,72.88314731277205,0.09056183232314652,0.30338204772070854
0xf6beafa72d6416525c4cf039c9c122883dbef6a3,0xc239031c6c5866e16134c34a0a42f0d908286bbbb8999f54848c80f52a808e8a,1779087882,BUY,Down,Down,-1,False,2.731706,0.40999983160706166,1.119999,1.119999,-1.119999,1.119999,Up,1779087900,7.0995043811972645,-18,matched,4,1.9999999999992317,0.8918514947986865,1.1081485052005453,1.2411252176761056,1.0000000000008271,-0.1081485052009896,1.1081485052018167,1.2411252176775296,598.2445649800648,-8630.50789152524,9228.752456505305,10336.193522533484,72.9737091450952,72.88314731277205,0.09056183232314652,0.10142916164009178
0xf6beafa72d6416525c4cf039c9c122883dbef6a3,0xc239031c6c5866e16134c34a0a42f0d908286bbbb8999f54848c80f52a808e8a,1779087882,BUY,Down,Down,-1,False,31.844443,0.4499999890090714,14.329998999999999,14.329998999999999,-14.329998999999999,14.329998999999999,Up,1779087900,7.0995043811972645,-18,matched,4,1.9999999999992317,0.8918514947986865,1.1081485052005453,15.879766971375307,1.0000000000008271,-0.1081485052009896,1.1081485052018167,15.879766971393527,598.2445649800648,-8630.50789152524,9228.752456505305,132248.01347296854,72.9737091450952,72.88314731277205,0.09056183232314652,1.2977509666288571
0xf6beafa72d6416525c4cf039c9c122883dbef6a3,0xc239031c6c5866e16134c34a0a42f0d908286bbbb8999f54848c80f52a808e8a,1779087880,BUY,Down,Down,-1,False,2.547168,0.5299999842962851,1.3499990000000002,1.3499990000000002,-1.3499990000000002,1.3499990000000002,Up,1779087900,7.0995043811972645,-20,matched,4,1.183114932333048,0.15255807660798165,1.0305568557250664,1.391250724671984,0.8492155465202168,-0.1911752115131281,1.040390758033345,1.4045264829542579,549.4638914950774,-3244.4491953399865,3793.913086835064,5121.77887331425,36.27415368403308,33.04889437150268,3.2252593125303974,4.3540968466567245
0xf6beafa72d6416525c4cf039c9c122883dbef6a3,0xc239031c6c5866e16134c34a0a42f0d908286bbbb8999f54848c80f52a808e8a,1779087880,BUY,Down,Down,-1,False,27.363905,0.6347777848227437,17.369999,17.369999,-17.369999,17.369999,Up,1779087900,7.0995043811972645,-20,matched,4,1.183114932333048,0.15255807660798165,1.0305568557250664,17.900771553387546,0.8492155465202168,-0.1911752115131281,1.040390758033345,18.071586426648445,549.4638914950774,-3244.4491953399865,3793.913086835064,65900.26652441197,36.27415368403308,33.04889437150268,3.2252593125303974,56.02275103339369
0xb305d384400e3d7a15780216a55368ea677eca4e,0xc239031c6c5866e16134c34a0a42f0d908286bbbb8999f54848c80f52a808e8a,1779087775,BUY,Down,Down,-1,False,99.99,0.14,13.998600000000001,13.998600000000001,-13.998600000000001,13.998600000000001,Up,1779087900,7.0995043811972645,-125,matched,4,1.1584713907428978,0.7603390944149985,0.39813229632789937,5.573294763375733,0.1623609470164763,-0.2265922474333142,0.3889531944497905,5.444800187824837,3056.006516260153,-334350.5148279195,337406.52134417964,4723218.929688633,447524.7807206821,448269.89306476834,-745.1123440862284,-10430.529659925478
0xb305d384400e3d7a15780216a55368ea677eca4e,0xc239031c6c5866e16134c34a0a42f0d908286bbbb8999f54848c80f52a808e8a,1779087773,BUY,Down,Down,-1,False,200.0,0.20109,40.217999999999996,40.217999999999996,-40.217999999999996,40.217999999999996,Up,1779087900,7.0995043811972645,-127,matched,4,1.1584716058588267,0.8163142758993116,0.3421573299595151,13.760883496311777,0.1623609470164763,-0.17465647183146407,0.33701741884794034,13.554166551226464,3056.006516260153,-329980.2116486106,333036.21816487075,13394050.62215477,447549.53291010915,452795.6643030602,-5246.131392951065,-210988.9123617059
0xb305d384400e3d7a15780216a55368ea677eca4e,0xc239031c6c5866e16134c34a0a42f0d908286bbbb8999f54848c80f52a808e8a,1779087887,BUY,Down,Down,-1,False,100.0,0.11,11.0,11.0,-11.0,11.0,Up,1779087900,7.0995043811972645,-13,matched,4,1.9999999999992317,0.8178641746935893,1.1821358253056424,13.003494078362067,1.0000000000008271,-0.18213582530602074,1.182135825306848,13.003494078375327,598.2445649800648,-2748.7543778569852,3346.99894283705,36816.98837120755,72.9737091450952,73.2694053465384,-0.2956962014432065,-3.2526582158752717
0xf6beafa72d6416525c4cf039c9c122883dbef6a3,0xc239031c6c5866e16134c34a0a42f0d908286bbbb8999f54848c80f52a808e8a,1779087883,BUY,Down,Down,-1,False,4.78125,0.32,1.53,1.53,-1.53,1.53,Up,1779087900,7.0995043811972645,-17,matched,4,1.9999999999992317,0.5461453168773003,1.4538546831219314,2.2243976651765553,1.0000000000008271,-0.4538546831223511,1.4538546831231782,2.2243976651784627,598.2445649800648,-8754.9022931245,9353.146858104565,14310.314692899985,72.9737091450952,73.26676734527427,-0.29305820017907536,-0.4483790462739853
0xf6beafa72d6416525c4cf039c9c122883dbef6a3,0xc239031c6c5866e16134c34a0a42f0d908286bbbb8999f54848c80f52a808e8a,1779087883,BUY,Down,Down,-1,False,7.478259,0.4599999812790651,3.4399990000000003,3.4399990000000003,-3.4399990000000003,3.4399990000000003,Up,1779087900,7.0995043811972645,-17,matched,4,1.9999999999992317,0.5461453168773003,1.4538546831219314,5.001258656084762,1.0000000000008271,-0.4538546831223511,1.4538546831231782,5.001258656089051,598.2445649800648,-8754.9022931245,9353.146858104565,32174.815838732848,72.9737091450952,73.26676734527427,-0.29305820017907536,-1.008119915557819
0xf6beafa72d6416525c4cf039c9c122883dbef6a3,0xc239031c6c5866e16134c34a0a42f0d908286bbbb8999f54848c80f52a808e8a,1779087883,BUY,Down,Down,-1,False,4.454544,0.329999883265268,1.4699990000000003,1.4699990000000003,-1.4699990000000003,1.4699990000000003,Up,1779087900,7.0995043811972645,-17,matched,4,1.9999999999992317,0.5461453168773003,1.4538546831219314,2.1371649303345563,1.0000000000008271,-0.4538546831223511,1.4538546831231782,2.137164930336389,598.2445649800648,-8754.9022931245,9353.146858104565,13749.116528266855,72.9737091450952,73.26676734527427,-0.29305820017907536,-0.4307952612050407
0xf6beafa72d6416525c4cf039c9c122883dbef6a3,0xc239031c6c5866e16134c34a0a42f0d908286bbbb8999f54848c80f52a808e8a,1779087882,BUY,Down,Down,-1,False,18.090908,0.32999996462311343,5.969999,5.969999,-5.969999,5.969999,Up,1779087900,7.0995043811972645,-18,matched,4,1.9999999999992317,0.8918514947986865,1.1081485052005453,6.61564546789875,1.0000000000008271,-0.1081485052009896,1.1081485052018167,6.61564546790634,598.2445649800648,-8630.50789152524,9228.752456505305,55095.642936584205,72.9737091450952,72.88314731277205,0.09056183232314652,0.5406540484073523
0xf6beafa72d6416525c4cf039c9c122883dbef6a3,0xc28beae21b7eebd29634084f24774f61e469a507b07f443ebd12f1a0ab4e3077,1778075534,BUY,Up,Up,1,True,45.116278,0.42999998803092754,19.399999,19.399999,25.716279,25.716279,Up,1778075700,0.5519928849839615,-166,matched,4,1.1394213655472036,0.4186762473982931,0.7207451181489105,18.534882546205345,0.3101968118836167,-0.4189828097970571,0.7291796216806739,18.751786592254657,37570.57518925471,-349064.98860114545,386635.56379040016,9942828.029756228,1299098.1931845788,1322372.813898461,-23274.62071388215,-598536.6398973725
0xb305d384400e3d7a15780216a55368ea677eca4e,0xc3711049e701936b6f274e7ffa056c51976fd61ba12bfb1f38bee164d8b9e98d,1777968798,BUY,Down,Down,-1,True,28.09,0.64,17.9776,17.9776,10.1124,10.1124,Down,1777968900,2.675631515108938,-102,matched,4,-0.767466715090125,-0.19198598598195551,-0.5754807291081695,-5.819491325033453,0.04668736394037196,0.6191053594114074,-0.5724179954710354,-5.788519737401298,1549.9778899434023,9931.86813533724,-8381.890245393837,-84761.02691752063,4963.4428078853525,5049.493164032177,-86.05035614682492,-870.1756214991523
0xb305d384400e3d7a15780216a55368ea677eca4e,0xc3711049e701936b6f274e7ffa056c51976fd61ba12bfb1f38bee164d8b9e98d,1777968794,BUY,Down,Down,-1,True,99.99,0.6527972797279727,65.27319999999999,65.27319999999999,34.716800000000006,34.716800000000006,Down,1777968900,2.675631515108938,-106,matched,4,-0.767466715090125,-1.0347130817686585,0.2672463666785335,9.277938662705314,0.04668736394037196,-0.21653444886853124,0.2632218128089032,9.138219030924134,1549.9778899434023,-5147.114402912542,6697.092292855944,232501.61371262127,4963.4428078853525,4819.023442991023,144.4193648943292,5013.778207163448
0xf6beafa72d6416525c4cf039c9c122883dbef6a3,0xc3711049e701936b6f274e7ffa056c51976fd61ba12bfb1f38bee164d8b9e98d,1777968642,BUY,Up,Up,1,False,23.634145,0.40999998095975126,9.689999,9.689999,-9.689999,9.689999,Down,1777968900,2.675631515108938,-258,matched,4,-0.9989303478708361,-0.5815485835258342,-0.41738176434500196,-4.0444288791213046,-0.24796770690302072,0.1482542366907658,-0.3962219435937865,-3.8393902372018474,-10753.229661775753,113569.94134526122,-124323.17100703697,-1204691.4027350172,610482.8084204029,624306.002242989,-13823.193822586094,-133946.73431766542
0xf6beafa72d6416525c4cf039c9c122883dbef6a3,0xc3711049e701936b6f274e7ffa056c51976fd61ba12bfb1f38bee164d8b9e98d,1777968620,BUY,Down,Down,-1,True,35.581817,0.5499999901635153,19.569999000000003,19.569999000000003,16.011817999999998,16.011817999999998,Down,1777968900,2.675631515108938,-280,matched,4,0.9897995250250416,1.0027431809772358,-0.012943655952194155,-0.2072514633611495,0.2385038795848773,0.24085840652448523,-0.0023545269396079427,-0.03770025683309936,10439.69270938076,199797.53102040425,-189357.8383110235,-3031963.243909535,624324.8433953803,624337.0654012517,-12.222005871357396,-195.696533607106
0xb305d384400e3d7a15780216a55368ea677eca4e,0xc3711049e701936b6f274e7ffa056c51976fd61ba12bfb1f38bee164d8b9e98d,1777968620,BUY,Down,Down,-1,True,141.02,0.54,76.1508,76.1508,64.8692,64.8692,Down,1777968900,2.675631515108938,-280,matched,4,0.9897995250250416,1.0027431809772358,-0.012943655952194155,-0.8396446066940731,0.2385038795848773,0.24085840652448523,-0.0023545269396079427,-0.15273627895081557,10439.69270938076,199797.53102040425,-189357.8383110235,-12283491.484965445,624324.8433953803,624337.0654012517,-12.222005871357396,-792.8317432702573
0xb305d384400e3d7a15780216a55368ea677eca4e,0xc3711049e701936b6f274e7ffa056c51976fd61ba12bfb1f38bee164d8b9e98d,1777968860,BUY,Down,Down,-1,True,199.99,0.661393569678484,132.27210000000002,132.27210000000002,67.7179,67.7179,Down,1777968900,2.675631515108938,-40,matched,4,0.0014094543376313995,-1.1638468860494,1.1652563403870313,78.90871233269495,0.9970256541645578,-0.17143146600769127,1.1684571201722491,79.12546241811235,14071.803777597146,16679.43393476589,-2607.6301571687436,-176583.23822013725,3257.928664718289,3277.5859331047104,-19.657268386421492,-1331.148934864852
0xf6beafa72d6416525c4cf039c9c122883dbef6a3,0xc38083275c2e56e41870f06ade78cd1d90a256c3bdf96e3a8400ca9b2a35d485,1777617216,BUY,Up,Up,1,True,10.145832,0.47999996451744914,4.869999,4.869999,5.275833,5.275833,Up,1777617300,2.0378725152621855,-84,matched,4,1.900813241763006,1.193878659451678,0.706934582311328,3.7296687981993206,0.9402345506528769,0.23614645749176863,0.7040880931611082,3.7146511968064493,448705.07774596097,6029.645331196756,442675.4324147642,2335481.654623083,12093.189298907993,12263.06359346208,-169.8742945540871,-896.2284090601731
0xf6beafa72d6416525c4cf039c9c122883dbef6a3,0xc38083275c2e56e41870f06ade78cd1d90a256c3bdf96e3a8400ca9b2a35d485,1777617214,BUY,Up,Up,1,True,10.125,0.48,4.859999999999999,4.859999999999999,5.265000000000001,5.265000000000001,Up,1777617300,2.0378725152621855,-86,matched,4,1.8993608906974937,1.2238230069467693,0.6755378837507244,3.5567069579475645,0.9402345506528769,0.2696118114210698,0.670622739231807,3.5308287220554644,448705.07774596097,86296.10532394279,362408.9724220182,1908083.2398019258,12102.15429315297,12292.70997588869,-190.55568273572135,-1003.275669603573
0xf6beafa72d6416525c4cf039c9c122883dbef6a3,0xc410c0456aa6870451e1f4f905370672c808b3dec26c9044aea861eba4901e47,1778886740,BUY,Down,Down,-1,False,3.710525,0.3799998652481792,1.4099990000000002,1.4099990000000002,-1.4099990000000002,1.4099990000000002,Up,1778886900,1.9541427898559836,-160,matched,4,-1.7731083836441321,-1.4515188744266636,-0.32158950921746854,-0.4534408864071215,-0.8085921200749828,-0.48241770134174644,-0.3261744187332364,-0.45990560423944465,-38647.352953827474,76809.96181201152,-115457.314765839,-162794.69836251825,645670.9855417339,644224.336258086,1446.6492836478865,2039.7740432942367
0xf6beafa72d6416525c4cf039c9c122883dbef6a3,0xc410c0456aa6870451e1f4f905370672c808b3dec26c9044aea861eba4901e47,1778886702,BUY,Down,Down,-1,False,134.833332,0.35999999614338685,48.539999,48.539999,-48.539999,48.539999,Up,1778886900,1.9541427898559836,-198,matched,4,-1.7308823521966246,-1.036872134929251,-0.6940102172673737,-33.6872552521481,-0.7693506646261247,-0.07386743151143141,-0.6954832331146933,-33.75875543990398,-37713.32348682382,-15676.991001012997,-22036.332485810824,-1069643.556824925,645611.1018761816,648205.1950475631,-2594.093171381508,-125917.27994476524
0xf6beafa72d6416525c4cf039c9c122883dbef6a3,0xc462a8b22d813dc3e166dde65237904cc7af8b73e3d5ef7964c00cb2c0b26d37,1778619536,BUY,Up,Up,1,False,59.75,0.08,4.78,4.78,-4.78,4.78,Down,1778619600,0.7693783812563,-64,matched,4,0.1744255749554089,-0.731881700690658,0.906307275646067,4.3321487775882,0.9780349511806192,0.06130229795761333,0.9167326532230059,4.381982082405968,395562.8005490608,13296.058871092233,382266.7416779686,1827235.02522069,3814.4965651496314,4017.631506115242,-203.13494096561044,-970.985017815618
0xf6beafa72d6416525c4cf039c9c122883dbef6a3,0xc518b05fc321e884d3d251b944a0f2b38876037d53e1b77a3a9c470ddf488963,1778349047,BUY,Down,Down,-1,True,46.297871,0.4699999920082718,21.759999,21.759999,24.537872,24.537872,Down,1778349300,1.346078866453516,-253,matched,4,0.29884189569860886,-0.752302149368989,1.051144045067598,25.79283803143095,0.9443726695099225,-0.13115873144070947,1.075531400950632,26.391251848507288,490154.76109567087,-4222.281711402782,494377.0428070736,12130960.596138494,20990.701776167727,21236.911205310247,-246.2094291425201,-6041.455457492228
0xf6beafa72d6416525c4cf039c9c122883dbef6a3,0xc518b05fc321e884d3d251b944a0f2b38876037d53e1b77a3a9c470ddf488963,1778349044,BUY,Down,Down,-1,True,7.977776,0.44999997493035654,3.589999,3.589999,4.387777000000001,4.387777000000001,Down,1778349300,1.346078866453516,-256,matched,4,0.29884189569860886,-1.0874769767548216,1.3863188724534306,6.082858063217097,0.9443726695099225,-0.44147170125846674,1.3858443707683892,6.080776055637012,490154.76109567087,-19954.23713035903,510108.9982260299,2238244.5299092154,20990.701776167727,21231.455897797205,-240.7541216294776,-1056.3753975410245
0xf6beafa72d6416525c4cf039c9c122883dbef6a3,0xc518b05fc321e884d3d251b944a0f2b38876037d53e1b77a3a9c470ddf488963,1778349040,BUY,Down,Down,-1,True,11.682925,0.40999997860124926,4.789999,4.789999,6.892925999999999,6.892925999999999,Down,1778349300,1.346078866453516,-260,matched,4,0.3181152892401281,-0.8673480873759277,1.1854633766160558,8.171311330724603,0.9443726695099225,-0.224795591127086,1.1691682606370084,8.05899030211961,490154.76109567087,-8502.605926096516,498657.36702176736,3437208.3302358827,21239.470550995786,21689.441147605205,-449.97059660941886,-3101.6140246045748
0xf6beafa72d6416525c4cf039c9c122883dbef6a3,0xc518b05fc321e884d3d251b944a0f2b38876037d53e1b77a3a9c470ddf488963,1778349040,BUY,Down,Down,-1,True,8.756096,0.40999995888578655,3.5899989999999997,3.5899989999999997,5.166097,5.166097,Down,1778349300,1.346078866453516,-260,matched,4,0.3181152892401281,-0.8673480873759277,1.1854633766160558,6.124218793546076,0.9443726695099225,-0.224795591127086,1.1691682606370084,6.0400366437720665,490154.76109567087,-8502.605926096516,498657.36702176736,2576112.327799051,21239.470550995786,21689.441147605205,-449.97059660941886,-2324.5917492321287
0xf6beafa72d6416525c4cf039c9c122883dbef6a3,0xc518b05fc321e884d3d251b944a0f2b38876037d53e1b77a3a9c470ddf488963,1778349039,BUY,Down,Down,-1,True,11.682925,0.40999997860124926,4.789999,4.789999,6.892925999999999,6.892925999999999,Down,1778349300,1.346078866453516,-261,matched,4,0.3181152892401281,-0.5642663854735352,0.8823816747136634,6.082191587557352,0.9443726695099225,0.0745160256305701,0.8698566438793524,5.995857476868728,490154.76109567087,9243.107937112727,480911.6531585581,3314888.437759607,21239.470550995786,21291.747375629246,-52.27682463345991,-360.3402837134162
0xf6beafa72d6416525c4cf039c9c122883dbef6a3,0xc518b05fc321e884d3d251b944a0f2b38876037d53e1b77a3a9c470ddf488963,1778349032,BUY,Down,Down,-1,True,7.512194,0.40999992811687236,3.079999,3.079999,4.432195,4.432195,Down,1778349300,1.346078866453516,-268,matched,4,0.3096213373332153,-0.9999746934979402,1.3095960308311554,5.804384979869693,0.9439513314318518,-0.36330264133860984,1.3072539727704617,5.794004521843377,490061.0466917539,-122588.02296764817,612649.0696594021,2715380.143299054,21110.89468905481,20989.824986432493,121.06970262231698,536.6045306141202
0xf6beafa72d6416525c4cf039c9c122883dbef6a3,0xc518b05fc321e884d3d251b944a0f2b38876037d53e1b77a3a9c470ddf488963,1778349030,BUY,Down,Down,-1,True,39.116278,0.42999998619500557,16.819999,16.819999,22.296279000000002,22.296279000000002,Down,1778349300,1.346078866453516,-270,matched,4,0.3096213373332153,-0.8143300002565113,1.1239513375897265,25.059932605323734,0.9439513314318518,-0.16480594703390436,1.1087572784657562,24.721161623953193,490061.0466917539,-2879.652466943824,492940.69915869774,10990743.358897392,21110.89468905481,20811.868566381545,299.0261226732655,6667.169859411354
0xf6beafa72d6416525c4cf039c9c122883dbef6a3,0xc518b05fc321e884d3d251b944a0f2b38876037d53e1b77a3a9c470ddf488963,1778349028,BUY,Down,Down,-1,True,12.317072,0.4099999577821742,5.049999,5.049999,7.267072999999999,7.267072999999999,Down,1778349300,1.346078866453516,-272,matched,4,0.1227038330026764,-0.9166098967589188,1.039313729761595,7.552768744079783,0.9439513314318518,-0.09792862358932374,1.0418799550211755,7.571417690375598,490061.0466917539,3796.249310894762,486264.79738085915,3533721.7798969117,43186.08644741669,44875.78146912923,-1689.6950217125413,-12279.137070521621
0xf6beafa72d6416525c4cf039c9c122883dbef6a3,0xc518b05fc321e884d3d251b944a0f2b38876037d53e1b77a3a9c470ddf488963,1778349028,BUY,Down,Down,-1,True,8.75,0.4,3.5,3.5,5.25,5.25,Down,1778349300,1.346078866453516,-272,matched,4,0.1227038330026764,-0.9166098967589188,1.039313729761595,5.456397081248374,0.9439513314318518,-0.09792862358932374,1.0418799550211755,5.469869763861171,490061.0466917539,3796.249310894762,486264.79738085915,2552890.1862495104,43186.08644741669,44875.78146912923,-1689.6950217125413,-8870.898863990842
0xf6beafa72d6416525c4cf039c9c122883dbef6a3,0xc518b05fc321e884d3d251b944a0f2b38876037d53e1b77a3a9c470ddf488963,1778349028,BUY,Down,Down,-1,True,5.547618,0.41999989905577495,2.329999,2.329999,3.217619,3.217619,Down,1778349300,1.346078866453516,-272,matched,4,0.1227038330026764,-0.9166098967589188,1.039313729761595,3.344115603841774,0.9439513314318518,-0.09792862358932374,1.0418799550211755,3.3523727389952795,490061.0466917539,3796.249310894762,486264.79738085915,1564614.8510838025,43186.08644741669,44875.78146912923,-1689.6950217125413,-5436.794806067685
0xb305d384400e3d7a15780216a55368ea677eca4e,0xc5e22e15ececa7c200409b4344f76e57ddbb5ca7a9cdcf85f6579d1522f1a012,1780817740,BUY,Up,Up,1,True,100.0,0.672079,67.2079,67.2079,32.792100000000005,32.792100000000005,Up,1780818000,4.197601966757587,-260,matched,4,0.18428534992862633,-0.13527474091028496,0.3195600908389113,10.479046454798665,0.6271334655239231,0.3179571871325346,0.3091762783913885,10.138539438638253,104880.47365352907,449089.6011964118,-344209.12754288275,-11287340.131298967,366524.7066370179,363364.55111981486,3160.155517203035,103628.13573567366
0xb305d384400e3d7a15780216a55368ea677eca4e,0xc5e22e15ececa7c200409b4344f76e57ddbb5ca7a9cdcf85f6579d1522f1a012,1780817940,BUY,Down,Down,-1,False,100.0,0.59,59.0,59.0,-59.0,59.0,Up,1780818000,4.197601966757587,-60,matched,4,-1.871222207888433,-1.4099410306042899,-0.4612811772841432,-27.21558945976445,-0.9755030623538006,-0.49966113047952704,-0.47584193187427354,-28.074673980582137,-124054.51398117188,-31600.352775562053,-92454.16120560982,-5454795.511130979,6676.244163103867,6696.005474357749,-19.761311253882013,-1165.9173639790388
0xf6beafa72d6416525c4cf039c9c122883dbef6a3,0xc5fe07f93fb541e9eefec61bd57e03ba8f982b15c3ca4c6460c51c6b9b6a89f4,1778935738,BUY,Down,Down,-1,True,17.466875,0.47919275771996994,8.370000000000001,8.370000000000001,9.096875,9.096875,Down,1778935800,0.9861629795135562,-62,matched,4,1.8016365727809773,0.8874219988273131,0.9142145739536642,8.31649570243474,0.9592040406588105,0.04693413218778325,0.9122699084710273,8.298805323622377,1303257.2081028929,1749.4009411087427,1301507.807161784,11839653.833274854,2197.925663069822,2208.360272746053,-10.434609676231048,-94.92233989846433
0xf6beafa72d6416525c4cf039c9c122883dbef6a3,0xc5fe07f93fb541e9eefec61bd57e03ba8f982b15c3ca4c6460c51c6b9b6a89f4,1778935675,BUY,Down,Down,-1,True,8.016128,0.6199999550905375,4.9699990000000005,4.9699990000000005,3.0461289999999996,3.0461289999999996,Down,1778935800,0.9861629795135562,-125,matched,4,1.8189717827337901,0.5517546382621644,1.2672171444716258,3.8601068930722087,0.9562942679296064,-0.3291352955448761,1.2854295634744823,3.915584270756961,1301405.6040211366,-16122.289767238311,1317527.893788375,4013359.9255776885,1067.5802935096435,1088.3813158832381,-20.801022373594606,-63.36259748185535
0xb305d384400e3d7a15780216a55368ea677eca4e,0xc5fe07f93fb541e9eefec61bd57e03ba8f982b15c3ca4c6460c51c6b9b6a89f4,1778935651,BUY,Down,Down,-1,True,63.55,0.66,41.943,41.943,21.606999999999996,21.606999999999996,Down,1778935800,0.9861629795135562,-149,matched,4,1.8867810844414774,0.47460102716454255,1.412180057276935,30.51297449758273,0.9562942679296064,-0.4701421849011618,1.4264364528307683,30.821012436314405,1301405.6040211366,-2916.6112836770135,1304322.2153048136,28182490.1060911,2108.9924485455267,2237.642148310384,-128.64969976485736,-2779.7340628192724
0xf6beafa72d6416525c4cf039c9c122883dbef6a3,0xc5fe07f93fb541e9eefec61bd57e03ba8f982b15c3ca4c6460c51c6b9b6a89f4,1778935775,BUY,Down,Down,-1,True,84.13793,0.5799999952459016,48.799999,48.799999,35.337931,35.337931,Down,1778935800,0.9861629795135562,-25,matched,4,-0.03432915985987539,-0.4764421436583921,0.4421129837985167,15.623358115676101,0.9453445449602288,0.5159490976572089,0.42939544730301993,15.173946688508254,762394.2486401423,699999.5244760802,62394.72416406206,2204900.457273658,552091.225169146,558076.8000645881,-5985.574895442114,-211517.83265046563
0xb305d384400e3d7a15780216a55368ea677eca4e,0xc612efbb38ebec38e7d5b6934b713356a271547279998da555f6a8a19a4c5ff3,1778329153,BUY,Up,Up,1,True,147.57,0.37828759232906417,55.823899999999995,55.823899999999995,91.7461,91.7461,Up,1778329200,1.5852497600438165,-47,matched,4,0.21547451040535748,-0.23489813651110641,0.4503726469164639,41.31993390126259,0.9999329091010869,0.5517572808847985,0.4481756282162884,41.118366003894415,1204596.4866794925,6407.876827110543,1198188.609852382,109929132.01837762,568.5568650250789,571.6352632079288,-3.0783981828499236,-282.43102752356737
0xf6beafa72d6416525c4cf039c9c122883dbef6a3,0xc66a1dad890b58790faa56e169e80d79e14e3167c1a0368e2f0a3130d6190f42,1778193634,BUY,Up,Up,1,False,18.826922,0.5199999766292122,9.789999,9.789999,-9.789999,9.789999,Down,1778193900,0.4823701251641788,-266,matched,4,1.5650705066610153,1.277534773197521,0.28753573346349426,2.8149745430718753,0.9091509750260169,0.605654176207318,0.30349679881869895,2.971233356938264,71298.72576266783,365041.7205434069,-293742.99478073907,-2875743.625160441,74779.21603526606,76323.28243014184,-1544.0663948757865,-15116.408461767554
0xb305d384400e3d7a15780216a55368ea677eca4e,0xc6c25cd23c2475e2be74036d6296ffc01b480d6c41f92758026c15de3594b28c,1779966291,BUY,Down,Down,-1,False,142.5,0.3345361403508772,47.6714,47.6714,-47.6714,47.6714,Up,1779966300,0.17140948876560663,-9,offset_out_of_range,,,,,,,,,,,,,,,,,
0xb305d384400e3d7a15780216a55368ea677eca4e,0xc76745d8ead8a85640ea2855248c5ca7ec830c4a08cc0e888004606d220bbe6d,1779103787,BUY,Up,Up,1,False,100.0,0.065187,6.518699999999999,6.518699999999999,-6.518699999999999,6.518699999999999,Down,1779103800,3.625219541858711,-13,matched,4,0.11926021240071516,1.5334855019518239,-1.4142252895511087,-9.218910394996811,-0.8807397875992676,0.5372067343927511,-1.4179465219920186,-9.24316799290937,-201.82527690794086,1047.7773211658605,-1249.6025980738013,-8145.784456063688,6780.566472892184,6451.414554754621,329.15191813756246,2145.642608763328
0xb305d384400e3d7a15780216a55368ea677eca4e,0xc76745d8ead8a85640ea2855248c5ca7ec830c4a08cc0e888004606d220bbe6d,1779103710,BUY,Up,Up,1,False,15.0,0.36,5.3999999999999995,5.3999999999999995,-5.3999999999999995,5.3999999999999995,Down,1779103800,3.625219541858711,-90,matched,4,-1.6664070339809536,-1.5979173138882172,-0.06848972009273635,-0.3698444885007763,-0.7374705027131467,-0.62683355436731,-0.1106369483458367,-0.5974395210675182,-6746.076113038987,-26522.223692447245,19776.147579408258,106791.19692880458,48.0962280749809,79.29279177797798,-31.196563702997082,-168.46144399618422
0xb305d384400e3d7a15780216a55368ea677eca4e,0xc76745d8ead8a85640ea2855248c5ca7ec830c4a08cc0e888004606d220bbe6d,1779103576,BUY,Down,Down,-1,True,100.0,0.482739,48.2739,48.2739,51.726099999999995,51.726099999999995,Down,1779103800,3.625219541858711,-224,matched,4,1.1879003752247934,0.9574848624696786,0.23041551275511485,11.918495854322344,0.47617324759751983,0.21622571506894972,0.2599475325285701,13.446072062326069,5131.435267575958,-76945.01412995519,82076.44939753115,4245494.629181636,796173.623410638,718789.2272384063,77384.39617223165,4002793.014844471
0xb305d384400e3d7a15780216a55368ea677eca4e,0xc76745d8ead8a85640ea2855248c5ca7ec830c4a08cc0e888004606d220bbe6d,1779103569,BUY,Down,Down,-1,True,100.0,0.485573,48.5573,48.5573,51.442699999999995,51.442699999999995,Down,1779103800,3.625219541858711,-231,matched,4,1.1887468480134542,0.4677715043341324,0.7209753436793218,37.08891831229224,0.4780333476671571,-0.26775936245291515,0.7457927101200723,38.36559064889384,5169.838467575959,-67717.41273309763,72887.25120067359,3749516.997340891,796645.3700268419,788160.4118022848,8484.958224557107,436489.16045842384
0xf6beafa72d6416525c4cf039c9c122883dbef6a3,0xc76745d8ead8a85640ea2855248c5ca7ec830c4a08cc0e888004606d220bbe6d,1779103569,BUY,Down,Down,-1,True,8.020832,0.47999995511687565,3.8499990000000004,3.8499990000000004,4.170833,4.170833,Down,1779103800,3.625219541858711,-231,matched,4,1.1887468480134542,0.4751913823548052,0.713555465658649,2.97612068349946,0.4780333476671571,-0.23482554424837884,0.712858891915536,2.9732153907447505,5169.838467575959,-104.75187399341667,5274.590341569376,21999.435458098822,796645.3700268419,766452.3064586888,30193.06356815307,125930.22590115057
0xf6beafa72d6416525c4cf039c9c122883dbef6a3,0xc76745d8ead8a85640ea2855248c5ca7ec830c4a08cc0e888004606d220bbe6d,1779103567,BUY,Down,Down,-1,True,18.2549,0.51,9.309999,9.309999,8.944901,8.944901,Down,1779103800,3.625219541858711,-233,matched,4,1.189732480743941,0.4880826287187745,0.7016498520251664,6.276188463029762,0.4789769212454904,-0.23425341023275803,0.7132303314782484,6.3797747052701155,5189.424099575961,-36218.36655248968,41407.79065206564,370388.5880114526,796625.784394842,811257.0358568127,-14631.251461970736,-130875.0958334335
0xf6beafa72d6416525c4cf039c9c122883dbef6a3,0xc76745d8ead8a85640ea2855248c5ca7ec830c4a08cc0e888004606d220bbe6d,1779103555,BUY,Down,Down,-1,True,11.813558,0.5899999813773293,6.9699990000000005,6.9699990000000005,4.843559,4.843559,Down,1779103800,3.625219541858711,-245,matched,4,1.1762208504587244,0.6896293336521788,0.48659151680654555,2.356834720551995,0.464597870626112,-0.024198657039067428,0.48879652766517945,2.367514820741429,5083.054777725949,97145.1326860086,-92062.07790828265,-445908.1060113636,799038.7568740573,774690.2610690421,24348.495805015205,117933.37599284365
0xb305d384400e3d7a15780216a55368ea677eca4e,0xc76745d8ead8a85640ea2855248c5ca7ec830c4a08cc0e888004606d220bbe6d,1779103553,BUY,Down,Down,-1,True,100.0,0.58,57.99999999999999,57.99999999999999,42.00000000000001,42.00000000000001,Down,1779103800,3.625219541858711,-247,matched,4,1.1789542042798926,0.6584627480690511,0.5204914562108415,21.860641160855344,0.4672160476663111,-0.06343874567600793,0.530654793342319,22.2875013203774,5136.8192577259615,-19288.64287273954,24425.4621304655,1025869.4094795513,798984.9923940575,777153.9446229611,21831.047771096346,916904.0063860466
0xf6beafa72d6416525c4cf039c9c122883dbef6a3,0xc76745d8ead8a85640ea2855248c5ca7ec830c4a08cc0e888004606d220bbe6d,1779103553,BUY,Down,Down,-1,True,11.813558,0.5899999813773293,6.9699990000000005,6.9699990000000005,4.843559,4.843559,Down,1779103800,3.625219541858711,-247,matched,4,1.1789542042798926,0.3164446174820077,0.8625095867978849,4.177616071721177,0.4672160476663111,-0.40654549151163777,0.8737615391779489,4.232115566939207,5136.8192577259615,-153233.50013651594,158370.3193942419,767075.9858348549,798984.9923940575,793317.1842210565,5667.808173000929,27452.363286612206
0xf6beafa72d6416525c4cf039c9c122883dbef6a3,0xc76745d8ead8a85640ea2855248c5ca7ec830c4a08cc0e888004606d220bbe6d,1779103551,BUY,Down,Down,-1,True,33.862066,0.5799999917311601,19.639998,19.639998,14.222068,14.222068,Down,1779103800,3.625219541858711,-249,matched,4,1.1641863368599514,0.3164446174820077,0.8477417193779437,12.056640379430034,0.4524884061862735,-0.40654549151163777,0.8590338976979113,12.217238507364737,5025.339231365942,-153233.50013651594,158258.83936788188,2250767.975091093,798873.5123676973,793317.1842210565,5556.328146640793,79022.47673183934
0xf6beafa72d6416525c4cf039c9c122883dbef6a3,0xc76745d8ead8a85640ea2855248c5ca7ec830c4a08cc0e888004606d220bbe6d,1779103537,BUY,Down,Down,-1,True,17.490908,0.5499999771309757,9.619999,9.619999,7.870909,7.870909,Down,1779103800,3.625219541858711,-263,matched,4,1.1465673099983695,0.6025160476755942,0.5440512623227753,4.282177977077693,0.4350449313441257,-0.11280845704348416,0.5478533883876099,4.312104165340534,4890.34182277089,-19809.487281268128,24699.829104039018,194410.10719344264,798935.8037595764,801797.863975284,-2862.0602157076355,-22527.01551035517
0xf6beafa72d6416525c4cf039c9c122883dbef6a3,0xc76745d8ead8a85640ea2855248c5ca7ec830c4a08cc0e888004606d220bbe6d,1779103537,BUY,Down,Down,-1,True,9.654544,0.549999979284366,5.3099989999999995,5.3099989999999995,4.344545,4.344545,Down,1779103800,3.625219541858711,-263,matched,4,1.1465673099983695,0.6025160476755942,0.5440512623227753,2.363655191468102,0.4350449313441257,-0.11280845704348416,0.5478533883876099,2.3801736992524485,4890.34182277089,-19809.487281268128,24699.829104039018,107309.51903480719,798935.8037595764,801797.863975284,-2862.0602157076355,-12434.34939985153
0xf6beafa72d6416525c4cf039c9c122883dbef6a3,0xc76745d8ead8a85640ea2855248c5ca7ec830c4a08cc0e888004606d220bbe6d,1779103534,BUY,Down,Down,-1,True,14.989055,0.5250497112726586,7.869999000000001,7.869999000000001,7.119056,7.119056,Down,1779103800,3.625219541858711,-266,matched,4,1.14655376228274,0.6000158754003769,0.546537886882363,3.890833822837208,0.4348953189321731,-0.11266689667157906,0.5475622156037522,3.8981260763671854,4889.169755580893,-19770.142081968123,24659.311837549016,175551.02189297433,799312.8113570363,812488.6216655719,-13175.810308535583,-93799.33143184209
0xf6beafa72d6416525c4cf039c9c122883dbef6a3,0xc76745d8ead8a85640ea2855248c5ca7ec830c4a08cc0e888004606d220bbe6d,1779103530,BUY,Down,Down,-1,True,96.117646,0.5099999952141983,49.019999,49.019999,47.097646999999995,47.097646999999995,Down,1779103800,3.625219541858711,-270,matched,4,1.1466214398340118,0.6071055952459739,0.5395158445880379,25.409926799314267,0.4349759978769562,-0.10913688244350775,0.5441128803204639,25.62643636548645,4890.775009340898,-18804.364524201446,23695.139533542344,1115985.3173665218,799318.8828132764,820565.1382241603,-21246.255410883925,-1000648.637413651
0xb305d384400e3d7a15780216a55368ea677eca4e,0xc795f5887555808090e7b7599f1061a070532c93715101032562f020c7ee00c0,1780179203,BUY,Down,Down,-1,True,100.0,0.39325,39.324999999999996,39.324999999999996,60.675000000000004,60.675000000000004,Down,1780179300,0.08711555189438419,-97,matched,4,-1.1822641824522537,-1.04695087782974,-0.13531330462251367,-8.210134757971018,-0.9276229927940989,-0.8162509439668516,-0.11137204882724727,-6.7574990625932285,-35880.261535728816,-6297.318983101089,-29582.942552627726,-1794945.0393806875,463.07538805902004,484.02115571888135,-20.945767659861303,-1270.8844527620847
0xb305d384400e3d7a15780216a55368ea677eca4e,0xc795f5887555808090e7b7599f1061a070532c93715101032562f020c7ee00c0,1780179259,BUY,Down,Down,-1,True,48.43,0.8126512492256865,39.3567,39.3567,9.0733,9.0733,Down,1780179300,0.08711555189438419,-41,matched,4,0.05738753560915755,1.3136226442455967,-1.2562351086364392,-11.398198011191003,-0.9216646546716688,0.3292717222213044,-1.250936376892973,-11.350121028463013,-32473.45443978184,2989.367552175021,-35462.82199195686,-321764.82277962216,1885.6591638699174,1898.977111023225,-13.317947153307614,-120.83772990610596
0xb305d384400e3d7a15780216a55368ea677eca4e,0xc7f5e0329155bb89f1351a10b95641d89483922ae72b550e26eac26a22919bef,1778327351,BUY,Down,Down,-1,True,88.48,0.5205650994575045,46.0596,46.0596,42.4204,42.4204,Down,1778327400,1.4125661022007172,-49,matched,4,0.05693563060288609,-1.6990618890221187,1.7559975196250048,74.49011718150055,0.9997263980856812,-0.7552968273265968,1.755023225412278,74.448787231279,722970.9353344061,-65553.7489985117,788524.6843329178,33449532.519276105,16148.097070637159,16008.038525447337,140.05854518982233,5941.339510370339
0xb305d384400e3d7a15780216a55368ea677eca4e,0xc7f5e0329155bb89f1351a10b95641d89483922ae72b550e26eac26a22919bef,1778327227,BUY,Down,Down,-1,True,152.72,0.48718438973284445,74.4028,74.4028,78.31719999999999,78.31719999999999,Down,1778327400,1.4125661022007172,-173,matched,4,1.9749895227201806,0.6518608323473429,1.3231286903728376,103.62373426966758,0.9974757927772787,-0.32359137862059806,1.3210671713978768,103.46228187580178,739319.44811574,-15093.128990698555,754412.5771064386,59083480.68376036,326683.48964914633,324523.67386931856,2159.815779827768,169150.72439192724
0xf6beafa72d6416525c4cf039c9c122883dbef6a3,0xc853324ecbbb33014da8036e85f7771533a133050538566648981e19b9343d71,1779895854,BUY,Down,Down,-1,False,172.41,0.15,25.8615,25.8615,-25.8615,25.8615,Up,1779896100,9.847575232683862,-246,matched,4,0.7903073046296977,0.7902937729307594,1.353169893825168e-05,0.0003499500320915958,-0.0017206636175420118,0.008588327323188955,-0.010308990940730966,-0.2666059692137139,-169.31178452132735,-145656.01215656096,145486.70037203963,3762504.3016715026,218565.3132066055,213495.50585668572,5069.807349919778,131112.82277995034
0xf6beafa72d6416525c4cf039c9c122883dbef6a3,0xc8663076ce47f047808f594eb98801948f204ee78cb1fdcb529c0211ce204c89,1778945929,BUY,Down,Down,-1,False,17.804346,0.4599999910134301,8.189999,8.189999,-8.189999,8.189999,Up,1778946000,3.551748705523572,-71,matched,4,1.5945961547313448,0.2902974227721405,1.3042987319592043,10.682205310447152,0.9994701160343447,-0.30559017156837454,1.305060287602719,10.688442450405981,2346097.009153451,11546.61673440924,2334550.3924190416,19119965.37936156,6090.336631305749,6224.40607098832,-134.0694396825711,-1098.0285769308177
0xf6beafa72d6416525c4cf039c9c122883dbef6a3,0xc8663076ce47f047808f594eb98801948f204ee78cb1fdcb529c0211ce204c89,1778945929,BUY,Down,Down,-1,False,26.173912,0.45999998013288956,12.039999,12.039999,-12.039999,12.039999,Up,1778946000,3.551748705523572,-71,matched,4,1.5945961547313448,0.2902974227721405,1.3042987319592043,15.703755428490087,0.9994701160343447,-0.30559017156837454,1.305060287602719,15.71292455767645,2346097.009153451,11546.61673440924,2334550.3924190416,28107984.39017487,6090.336631305749,6224.40607098832,-134.0694396825711,-1614.1959197087162
0xf6beafa72d6416525c4cf039c9c122883dbef6a3,0xc8663076ce47f047808f594eb98801948f204ee78cb1fdcb529c0211ce204c89,1778945927,BUY,Down,Down,-1,False,39.478259,0.45999999645374434,18.159999000000003,18.159999000000003,-18.159999000000003,18.159999000000003,Up,1778946000,3.551748705523572,-73,matched,4,1.69194764339748,0.5117641771302279,1.1801834662672521,21.432130567229834,0.9994701160343447,-0.19147267712613925,1.190942793160484,21.627519932851598,2346097.009153451,8829.488003772763,2337267.521149678,42444775.84681064,8018.336664771661,7804.283344997646,214.0533197740151,3887.208073042795
0xb305d384400e3d7a15780216a55368ea677eca4e,0xc8663076ce47f047808f594eb98801948f204ee78cb1fdcb529c0211ce204c89,1778945925,BUY,Down,Down,-1,False,18.72,0.42,7.862399999999999,7.862399999999999,-7.862399999999999,7.862399999999999,Up,1778946000,3.551748705523572,-75,matched,4,1.6968991938890594,0.14870600774014917,1.5481931861489102,12.172514106777191,0.9994701160343447,-0.5575285473962213,1.556998663430566,12.24174629135648,2346097.009153451,11926.864067559884,2334170.145085891,18352179.348723307,8149.556144067552,8005.143275558308,144.4128685092437,1135.4317373670776
0xb305d384400e3d7a15780216a55368ea677eca4e,0xc8663076ce47f047808f594eb98801948f204ee78cb1fdcb529c0211ce204c89,1778945911,BUY,Down,Down,-1,False,100.0,0.377502,37.7502,37.7502,-37.7502,37.7502,Up,1778946000,3.551748705523572,-89,matched,4,1.9703671919760994,0.45031200638290303,1.5200551855931965,57.382387267180285,0.9972552531800335,-0.5267742066935381,1.5240294598735717,57.53241691611931,2343493.9177374775,-48325.72325157822,2391819.640989056,90291669.81126505,106114.90617537033,103857.04871248822,2257.857462882108,85234.57079529215
0xb305d384400e3d7a15780216a55368ea677eca4e,0xc8663076ce47f047808f594eb98801948f204ee78cb1fdcb529c0211ce204c89,1778945902,BUY,Down,Down,-1,False,400.0,0.421234,168.4936,168.4936,-168.4936,168.4936,Up,1778946000,3.551748705523572,-98,matched,4,1.9014675056189578,0.937182195015088,0.9642853106038698,162.47590341076418,0.9972233105780121,0.03178205829534396,0.9654412522826681,162.67067218561496,2343461.37683144,382679.7376111804,1960781.6392202594,330379157.2061227,109959.5249146882,108800.25281745894,1159.272097229259,195329.92904170786
0xf6beafa72d6416525c4cf039c9c122883dbef6a3,0xc8663076ce47f047808f594eb98801948f204ee78cb1fdcb529c0211ce204c89,1778945806,BUY,Down,Down,-1,False,19.63793,0.5799999796312544,11.389999,11.389999,-11.389999,11.389999,Up,1778946000,3.551748705523572,-194,matched,4,1.7721247899274033,0.9063000880477883,0.865824701879615,9.861742488584113,0.9122469097652613,0.04895806142960797,0.8632888483356533,9.832859119254243,2244055.7449769485,8717.648035917351,2235338.096941031,25460498.688820247,27608.26335958345,27761.85051222486,-153.5871526414121,-1749.357514998531
0xf6beafa72d6416525c4cf039c9c122883dbef6a3,0xc9d31d94798de097f184f3a0ea39e25dc2be629af9d508408961d66ec927bbfd,1778131444,BUY,Up,Up,1,False,17.071427,0.2799999671966497,4.779999,4.779999,-4.779999,4.779999,Down,1778131500,5.449668961435253,-56,matched,4,-1.8023211175604361,0.05533159077354588,-1.857652708333982,-8.879578088183726,-0.9865160104594671,0.88905158498397,-1.875567595443437,-8.965211230652034,-6107.671034194995,6570.654637160504,-12678.325671355498,-60602.384030753616,641.5563297646586,620.6352249154879,20.92110484917066,100.0028602579309
0xf6beafa72d6416525c4cf039c9c122883dbef6a3,0xc9d31d94798de097f184f3a0ea39e25dc2be629af9d508408961d66ec927bbfd,1778131436,BUY,Up,Up,1,False,29.625,0.16,4.74,4.74,-4.74,4.74,Down,1778131500,5.449668961435253,-64,matched,4,-1.7372827628601084,-0.5864693956849972,-1.150813367175111,-5.4548553604100265,-0.9533900384151679,0.2191341548913944,-1.1725241933065622,-5.557764676273105,-6002.680254274979,-2840.0642077334924,-3162.616046541487,-14990.800060606649,546.8182371286675,625.3003145001567,-78.48207737148914,-372.0050467408585
0xb305d384400e3d7a15780216a55368ea677eca4e,0xc9d31d94798de097f184f3a0ea39e25dc2be629af9d508408961d66ec927bbfd,1778131434,BUY,Up,Up,1,False,72.02,0.1623632324354346,11.693399999999999,11.693399999999999,-11.693399999999999,11.693399999999999,Down,1778131500,5.449668961435253,-66,matched,4,-1.7427459186457255,-0.42905439265902917,-1.3136915259866964,-15.361520489972834,-0.9533900384151679,0.3859359270246337,-1.3393259654398015,-15.661274244273773,-6002.680254274979,2516.1734223225694,-8518.853676597548,-99614.36358192575,561.0002291027922,561.4719413966959,-0.4717122939036926,-5.515920537533439
0xb305d384400e3d7a15780216a55368ea677eca4e,0xc9d31d94798de097f184f3a0ea39e25dc2be629af9d508408961d66ec927bbfd,1778131415,BUY,Up,Up,1,False,400.0,0.0855565,34.2226,34.2226,-34.2226,34.2226,Down,1778131500,5.449668961435253,-85,matched,4,-1.7429245722627407,-0.8376624392969447,-0.9052621329657959,-30.98042387163525,-0.816144805366924,0.08382409909523639,-0.8999689044621604,-30.799275829846728,-5541.8270864719525,75111.58386951905,-80653.410955991,-2760169.421782498,1159.7618747721426,1146.036138113166,13.72573665897653,469.73039538549017
0xf6beafa72d6416525c4cf039c9c122883dbef6a3,0xc9d31d94798de097f184f3a0ea39e25dc2be629af9d508408961d66ec927bbfd,1778131471,BUY,Up,Up,1,False,33.068964,0.28999998306569263,9.589998999999999,9.589998999999999,-9.589998999999999,9.589998999999999,Down,1778131500,5.449668961435253,-29,matched,4,1.9904120762603479,1.072916455454527,0.9174956208058209,8.798782086032201,0.9999999999807875,0.09307769766695638,0.9069223023138311,8.697383972267337,12.118665179936215,-463.8466527080054,475.96531788794164,4564.506922580042,6179.033804155188,5994.166095852066,184.86770830312162,1772.8811377592278
0xb305d384400e3d7a15780216a55368ea677eca4e,0xcbf1fa4714d4c369d641eb0401afecf3e25707307ac2b5128a1b4420b19b9adb,1780818507,BUY,Down,Down,-1,True,100.0,0.3,30.0,30.0,70.0,70.0,Down,1780818600,1.3333092047469886,-93,matched,4,0.41173146349430534,0.5887113546176931,-0.17697989112338774,-12.388592378637142,-0.5702827512318035,-0.40106571909004546,-0.16921703214175804,-11.845192249923063,-25226.212131508044,123039.74979606105,-148265.9619275691,-10378617.334929837,30241.383099130355,30779.147631474236,-537.764532343881,-37643.51726407167
0xf6beafa72d6416525c4cf039c9c122883dbef6a3,0xcbf1fa4714d4c369d641eb0401afecf3e25707307ac2b5128a1b4420b19b9adb,1780818489,BUY,Down,Down,-1,True,81.08,0.35,28.377999999999997,28.377999999999997,52.702,52.702,Down,1780818600,1.3333092047469886,-111,matched,4,0.40409060297095656,1.053753690448624,-0.6496630874776674,-34.23854403624803,-0.5771189797765787,0.07316072335143786,-0.6502797031280165,-34.27104091425272,-25941.30127920804,161956.7744472356,-187898.07572644364,-9902604.386935033,34055.112629824085,33334.35110541078,720.7615244133049,37985.57385962999
0xf6beafa72d6416525c4cf039c9c122883dbef6a3,0xcbf77a858fa6b643f31a54c47abfddb4de2c6f2c548c10edc20aa161475da339,1778238949,BUY,Up,Up,1,False,32.066665,0.2999999844074836,9.619999,9.619999,-9.619999,9.619999,Down,1778239200,1.6004578030925847,-251,matched,4,-0.5644969376570736,0.5358404098403431,-1.1003373474974167,-10.585244182587802,-0.9282253349916348,0.17689542771027947,-1.1051207627019144,-10.631260632071653,-272332.6792139111,146274.3000578225,-418606.9792717336,-4026998.721987098,70415.8809158873,71082.75830506493,-666.8773891776218,-6415.359817011333
0xf6beafa72d6416525c4cf039c9c122883dbef6a3,0xcbf77a858fa6b643f31a54c47abfddb4de2c6f2c548c10edc20aa161475da339,1778239150,BUY,Up,Up,1,False,18.433961,0.5299999820982587,9.769998999999999,9.769998999999999,-9.769998999999999,9.769998999999999,Down,1778239200,1.6004578030925847,-50,matched,4,-1.4109769234748653,-0.7536257475619772,-0.657351175912888,-6.4223203313177395,-0.9443011318736609,-0.29061608068683364,-0.6536850511868273,-6.38650229641025,-37666.540158492106,-105069.9471263127,67403.4069678206,658531.2186722002,3318.1327230602037,3259.884731385275,58.247991674928926,569.0828204160639
0xf6beafa72d6416525c4cf039c9c122883dbef6a3,0xcca2d8d96ef99a61967ef42c2669979fb478c8625f1a2749a56c5c0aca02d096,1778914609,BUY,Down,Down,-1,True,34.333332,0.5699999930097085,19.569999,19.569999,14.763332999999998,14.763332999999998,Down,1778914800,0.9954632382125995,-191,matched,4,0.3493748116086647,-0.6797852051539832,1.0291600167626478,15.193832037752548,0.5727809870981424,-0.45664288567871325,1.0294238727768557,15.197727431954352,204642.62607365893,-169196.83036181366,373839.4564354726,5519116.383895874,227156.06935956515,228042.6968050263,-886.6274454611412,-13089.576224282164
0xf6beafa72d6416525c4cf039c9c122883dbef6a3,0xcca2d8d96ef99a61967ef42c2669979fb478c8625f1a2749a56c5c0aca02d096,1778914609,BUY,Down,Down,-1,True,88.999284,0.5516898203360827,49.099999000000004,49.099999000000004,39.899285,39.899285,Down,1778914800,0.9954632382125995,-191,matched,4,0.3493748116086647,-0.6797852051539832,1.0291600167626478,41.06274881941766,0.5727809870981424,-0.45664288567871325,1.0294238727768557,41.073276485727504,204642.62607365893,-169196.83036181366,373839.4564354726,14915927.016564004,227156.06935956515,228042.6968050263,-886.6274454611412,-35375.80113527603
0xb305d384400e3d7a15780216a55368ea677eca4e,0xcca2d8d96ef99a61967ef42c2669979fb478c8625f1a2749a56c5c0aca02d096,1778914555,BUY,Down,Down,-1,True,100.0,0.54,54.0,54.0,46.0,46.0,Down,1778914800,0.9954632382125995,-245,matched,4,0.8390876100452993,-0.20624300252128414,1.0453306125665836,48.08520817806284,0.6301442911449319,-0.4068573461982254,1.0370016373431572,47.70207531778523,260583.62481387425,-1396198.4595337007,1656782.084347575,76211975.87998845,247392.06894399365,246600.83631726002,791.2326267336321,36396.700829747075
0xf6beafa72d6416525c4cf039c9c122883dbef6a3,0xcca2d8d96ef99a61967ef42c2669979fb478c8625f1a2749a56c5c0aca02d096,1778914537,BUY,Down,Down,-1,True,4.785713,0.5599999414925216,2.6799990000000005,2.6799990000000005,2.105714,2.105714,Down,1778914800,0.9954632382125995,-263,matched,4,0.8610883097535014,-0.019721460866798518,0.8808097706202999,1.854733465331954,0.6310344770574601,-0.23473707043578595,0.865771547493246,1.823067268358193,262916.87521131337,-128258.27013163052,391175.1453429439,823702.9800006717,247430.9626609902,246872.7121868702,558.2504741199955,1175.5158388611121
0xf6beafa72d6416525c4cf039c9c122883dbef6a3,0xcca2d8d96ef99a61967ef42c2669979fb478c8625f1a2749a56c5c0aca02d096,1778914537,BUY,Down,Down,-1,True,3.375,0.56,1.8900000000000001,1.8900000000000001,1.4849999999999999,1.4849999999999999,Down,1778914800,0.9954632382125995,-263,matched,4,0.8610883097535014,-0.019721460866798518,0.8808097706202999,1.3080025093711452,0.6310344770574601,-0.23473707043578595,0.865771547493246,1.2856707480274703,262916.87521131337,-128258.27013163052,391175.1453429439,580895.0908342716,247430.9626609902,246872.7121868702,558.2504741199955,829.0019540681932
0xf6beafa72d6416525c4cf039c9c122883dbef6a3,0xcca2d8d96ef99a61967ef42c2669979fb478c8625f1a2749a56c5c0aca02d096,1778914535,BUY,Down,Down,-1,True,2.392856,0.559999849552167,1.3399990000000002,1.3399990000000002,1.052857,1.052857,Down,1778914800,0.9954632382125995,-265,matched,4,0.7191027159435468,0.18226712483671959,0.5368355911068272,0.5652111099459608,0.6310344770574601,0.07961703947739165,0.5514174375800684,0.5805637090782381,262916.87521131337,10178.951508093305,252737.92370322006,266096.89213640115,281131.06894854084,285654.62149487797,-4523.5525463371305,-4762.653963278872
0xf6beafa72d6416525c4cf039c9c122883dbef6a3,0xcca2d8d96ef99a61967ef42c2669979fb478c8625f1a2749a56c5c0aca02d096,1778914534,BUY,Down,Down,-1,True,5.42857,0.559999963157885,3.039999,3.039999,2.3885709999999998,2.3885709999999998,Down,1778914800,0.9954632382125995,-266,matched,4,0.7215210711308693,0.026147134195336534,0.6953739369355327,1.6609500199200422,0.6310344770574601,-0.07995778297326256,0.7109922600307226,1.698255493533843,262916.87521131337,-46734.6828931745,309651.55810448783,739624.7317931945,281878.5838004155,277000.2769822956,4878.3068181198905,11652.182194863444
0xf6beafa72d6416525c4cf039c9c122883dbef6a3,0xcca2d8d96ef99a61967ef42c2669979fb478c8625f1a2749a56c5c0aca02d096,1778914532,BUY,Down,Down,-1,True,2.696427,0.5599999554966628,1.5099989999999999,1.5099989999999999,1.186428,1.186428,Down,1778914800,0.9954632382125995,-268,matched,4,0.7239259550968484,0.030114259759041348,0.6938116953378071,0.8231576220762438,0.6310344770574601,-0.07995778297326256,0.7109922600307226,0.8435411250837301,262916.87521131337,-46734.6828931745,309651.55810448783,367379.2787787913,282625.8872047197,278293.2082176178,4332.678987101885,5140.411665309315
0xf6beafa72d6416525c4cf039c9c122883dbef6a3,0xcca2d8d96ef99a61967ef42c2669979fb478c8625f1a2749a56c5c0aca02d096,1778914532,BUY,Down,Down,-1,True,6.73214,0.5599999405835292,3.769998,3.769998,2.962142,2.962142,Down,1778914800,0.9954632382125995,-268,matched,4,0.7239259550968484,0.030114259759041348,0.6938116953378071,2.0551687628513227,0.6310344770574601,-0.07995778297326256,0.7109922600307226,2.1060600351119247,262916.87521131337,-46734.6828931745,309651.55810448783,917231.8856267438,282625.8872047197,278293.2082176178,4332.678987101885,12834.010400211951
0xf6beafa72d6416525c4cf039c9c122883dbef6a3,0xcca2d8d96ef99a61967ef42c2669979fb478c8625f1a2749a56c5c0aca02d096,1778914530,BUY,Down,Down,-1,True,17.105262,0.5699999801230756,9.749999,9.749999,7.355262999999999,7.355262999999999,Down,1778914800,0.9954632382125995,-270,matched,4,0.7278274718926909,0.37790905062213076,0.34991842127056016,2.573742016989764,0.6310344770574601,0.25412456055545773,0.37690991650200234,2.772271563180267,262916.87521131337,71564.05105126323,191352.82416005014,1407450.3474899225,283846.7254395471,283314.98426430504,531.7411752420594,3911.096191834435
0xf6beafa72d6416525c4cf039c9c122883dbef6a3,0xcca2d8d96ef99a61967ef42c2669979fb478c8625f1a2749a56c5c0aca02d096,1778914530,BUY,Down,Down,-1,True,3.232141,0.5599997029832547,1.809998,1.809998,1.422143,1.422143,Down,1778914800,0.9954632382125995,-270,matched,4,0.7278274718926909,0.37790905062213076,0.34991842127056016,0.4976340333809782,0.6310344770574601,0.25412456055545773,0.37690991650200234,0.5360197993839071,262916.87521131337,71564.05105126323,191352.82416005014,272131.07940944616,283846.7254395471,283314.98426430504,531.7411752420594,756.2119901822681
0xf6beafa72d6416525c4cf039c9c122883dbef6a3,0xcca2d8d96ef99a61967ef42c2669979fb478c8625f1a2749a56c5c0aca02d096,1778914530,BUY,Down,Down,-1,True,6.696427,0.5599999820799958,3.749999,3.749999,2.946428,2.946428,Down,1778914800,0.9954632382125995,-270,matched,4,0.7278274718926909,0.37790905062213076,0.34991842127056016,1.0310094341473741,0.6310344770574601,0.25412456055545773,0.37690991650200234,1.1105379314591617,262916.87521131337,71564.05105126323,191352.82416005014,563807.3189842482,283846.7254395471,283314.98426430504,531.7411752420594,1566.7370874861106
0xf6beafa72d6416525c4cf039c9c122883dbef6a3,0xcca2d8d96ef99a61967ef42c2669979fb478c8625f1a2749a56c5c0aca02d096,1778914528,BUY,Down,Down,-1,True,2.64912,0.5699998490064625,1.509998,1.509998,1.139122,1.139122,Down,1778914800,0.9954632382125995,-272,matched,4,0.7325441578944087,0.23976247908186352,0.4927816788125452,0.5613384515323041,0.6310344770574601,0.13048842316017426,0.5005460538972858,0.570183022007584,262916.87521131337,66817.48679601797,196099.3884152954,223381.12753040812,285345.42492975434,278675.9167664921,6669.508163262217,7597.383477951583
0xf6beafa72d6416525c4cf039c9c122883dbef6a3,0xcca2d8d96ef99a61967ef42c2669979fb478c8625f1a2749a56c5c0aca02d096,1778914527,BUY,Down,Down,-1,True,2.655613,0.5686065703097553,1.5099989999999999,1.5099989999999999,1.145614,1.145614,Down,1778914800,0.9954632382125995,-273,matched,4,0.7328408473860709,0.11187922799976947,0.6209616193863015,0.7113823246316183,0.6310344770574601,-0.006424018767625765,0.6374584958250858,0.7302813772361598,262916.87521131337,41914.36139328063,221002.51381803275,253183.57386513174,285439.6796497544,273042.28227700165,12397.397372752777,14202.631993788798
0xf6beafa72d6416525c4cf039c9c122883dbef6a3,0xcca2d8d96ef99a61967ef42c2669979fb478c8625f1a2749a56c5c0aca02d096,1778914523,BUY,Down,Down,-1,True,22.67857,0.5599999911811018,12.699999,12.699999,9.978571,9.978571,Down,1778914800,0.9954632382125995,-277,matched,4,0.10310797706778663,-0.9268172699058965,1.0299252469736833,10.277182201619434,0.6310357749928323,-0.39743566850963286,1.028471443502465,10.262675320461838,262918.34087451315,-59616.92523521137,322535.2661097245,3218441.05287978,673417.3786913543,627913.6986069209,45503.68008443341,454061.7024838048
0xf6beafa72d6416525c4cf039c9c122883dbef6a3,0xcca2d8d96ef99a61967ef42c2669979fb478c8625f1a2749a56c5c0aca02d096,1778914514,BUY,Down,Down,-1,True,7.833332,0.5999999744680807,4.699999,4.699999,3.1333330000000004,3.1333330000000004,Down,1778914800,0.9954632382125995,-286,matched,4,0.15552463806323247,-0.2984874773201541,0.4540121153833866,1.422571143530573,0.6310357749928323,0.17093210375960205,0.4601036712332302,1.4416580164962312,262918.34087451315,128113.53933864034,134804.8015358728,422388.333210801,699734.7941439324,718258.6202869317,-18523.826142999344,-58041.31574012257
0xb305d384400e3d7a15780216a55368ea677eca4e,0xcca83c869e609e79f3826584ed8194d7a2b2099aa8d2dd83f63fb792f4b18b36,1778406505,BUY,Down,Down,-1,False,100.0,0.28,28.000000000000004,28.000000000000004,-28.000000000000004,28.000000000000004,Up,1778406600,4.142496785662681,-95,matched,4,1.9841752240743915,0.9283899697763293,1.0557852542980624,29.56198712034575,0.989473419183649,-0.061765077405034875,1.0512384965886838,29.434677904483152,321386.01830912114,3002.7246500061374,318383.293659115,8914732.22245522,14339.83246198867,14288.829198363805,51.00326362486521,1428.0913814962262
0xb305d384400e3d7a15780216a55368ea677eca4e,0xcca83c869e609e79f3826584ed8194d7a2b2099aa8d2dd83f63fb792f4b18b36,1778406398,BUY,Down,Down,-1,False,100.0,0.53,53.0,53.0,-53.0,53.0,Up,1778406600,4.142496785662681,-202,matched,4,0.09398191766217112,-1.4641154919452781,1.5580974096074494,82.57916270919482,0.9042884322577288,-0.698110692793339,1.6023991250510679,84.9271536277066,306892.512663502,-448022.95519708487,754915.4678605869,40010519.79661111,5497.869965795195,5816.472811007003,-318.602845211808,-16885.950796225825
0xb305d384400e3d7a15780216a55368ea677eca4e,0xcca83c869e609e79f3826584ed8194d7a2b2099aa8d2dd83f63fb792f4b18b36,1778406587,BUY,Down,Down,-1,False,99.99,0.15,14.998499999999998,14.998499999999998,-14.998499999999998,14.998499999999998,Up,1778406600,4.142496785662681,-13,matched,4,-2.7199663760524295e-05,-2.000000000000592,1.9999728003368316,29.996592045851965,0.9999728003362395,-1.0000000000000162,1.9999728003362556,29.996592045843325,323065.60624255997,-152.00433909799995,323217.61058165797,4847779.3323089965,20.1603756750701,20.169358525999996,-0.008982850929896813,-0.13472928967205733
0xb305d384400e3d7a15780216a55368ea677eca4e,0xccc0ff70cd3ff41096998282bdea77658604311c36c3f8ae085ce8bda255c60e,1779031791,BUY,Up,Up,1,False,151.08,0.03,4.5324,4.5324,-4.5324,4.5324,Down,1779031800,7.3641290430679405,-9,offset_out_of_range,,,,,,,,,,,,,,,,,
0xb305d384400e3d7a15780216a55368ea677eca4e,0xccc84e6bc9720235f7eb8886da8038f61d1576460821bc919f856b3cc2e8993c,1779268714,BUY,Down,Down,-1,False,100.0,0.581423,58.142300000000006,58.142300000000006,-58.142300000000006,58.142300000000006,Up,1779268800,0.20482966014455833,-86,matched,4,-0.07599553208570131,0.503965537248747,-0.5799610693344484,-33.7202704815643,-0.9978784980859708,-0.4153213942678311,-0.5825571038181397,-33.87120989732543,-232389.8986646471,4533.467553590566,-236923.36621823767,-13775269.435670642,43940.02596569969,42899.88056293203,1040.1454027676664,60476.4460513385
0xf6beafa72d6416525c4cf039c9c122883dbef6a3,0xccc84e6bc9720235f7eb8886da8038f61d1576460821bc919f856b3cc2e8993c,1779268686,BUY,Down,Down,-1,False,26.972969,0.7399999977755508,19.959997,19.959997,-19.959997,19.959997,Up,1779268800,0.20482966014455833,-114,matched,4,-1.7317032822481226,-1.2151936309111144,-0.5165096513370082,-10.30953109115773,-0.9981826639529623,-0.4728743180195139,-0.5253083459334484,-10.485153008906593,-271367.47381291306,-148584.90144855503,-122782.57236435803,-2450739.7760448693,26246.208826357848,25629.437899001845,616.7709273560031,12310.74585971304
0xf6beafa72d6416525c4cf039c9c122883dbef6a3,0xccc84e6bc9720235f7eb8886da8038f61d1576460821bc919f856b3cc2e8993c,1779268629,BUY,Up,Up,1,True,5.7,0.2,1.1400000000000001,1.1400000000000001,4.5600000000000005,4.5600000000000005,Up,1779268800,0.20482966014455833,-171,matched,4,1.4060505869655517,0.44003478411047625,0.9660158028550755,4.405032061019145,0.985815794732861,0.014304185934082649,0.9715116087987783,4.4300929361224295,272897.46012803516,-34871.780770358746,307769.2408983939,1403427.7384966763,51693.577728125034,52164.86214054222,-471.28441241718247,-2149.056920622352
0xf6beafa72d6416525c4cf039c9c122883dbef6a3,0xccc84e6bc9720235f7eb8886da8038f61d1576460821bc919f856b3cc2e8993c,1779268627,BUY,Up,Up,1,True,264.8575,0.18213567673182748,48.24,48.24,216.6175,216.6175,Up,1779268800,0.20482966014455833,-173,matched,4,1.4060505869655517,0.6429611065051366,0.7630894804604151,165.29853553363398,0.985815794732861,0.21447862595784384,0.7713371687750171,167.08512915712228,272897.46012803516,7849.382059011303,265048.07806902385,57414052.05111677,51693.577728125034,51606.22784790867,87.34988021636673,18921.51267776882
0xf6beafa72d6416525c4cf039c9c122883dbef6a3,0xccc84e6bc9720235f7eb8886da8038f61d1576460821bc919f856b3cc2e8993c,1779268615,BUY,Up,Up,1,True,154.880321,0.3087545189165769,47.819999,47.819999,107.060322,107.060322,Up,1779268800,0.20482966014455833,-185,matched,4,0.8610264095127159,-0.29894298775444234,1.1599693972671583,124.1866971815679,0.8460730001559744,-0.3202507694140537,1.1663237695700281,124.86699832642101,251942.6237039052,-15792.577355942893,267735.20105984807,28663816.836202074,31043.143937194953,30872.945821042114,170.19811615283834,18221.465119116274
0xf6beafa72d6416525c4cf039c9c122883dbef6a3,0xccc84e6bc9720235f7eb8886da8038f61d1576460821bc919f856b3cc2e8993c,1779268615,BUY,Up,Up,1,True,6.933332,0.2999999134615218,2.079999,2.079999,4.853332999999999,4.853332999999999,Up,1779268800,0.20482966014455833,-185,matched,4,0.8610264095127159,-0.29894298775444234,1.1599693972671583,5.6297177547468085,0.8460730001559744,-0.3202507694140537,1.1663237695700281,5.660557639538612,251942.6237039052,-15792.577355942893,267735.20105984807,1299408.0865653954,31043.143937194953,30872.945821042114,170.19811615283834,826.0281336624032
0xb305d384400e3d7a15780216a55368ea677eca4e,0xccc84e6bc9720235f7eb8886da8038f61d1576460821bc919f856b3cc2e8993c,1779268770,BUY,Down,Down,-1,False,100.0,0.392167,39.216699999999996,39.216699999999996,-39.216699999999996,39.216699999999996,Up,1779268800,0.20482966014455833,-30,matched,4,-0.0672644294465069,1.0942352385525886,-1.1614996679990957,-45.55018403002013,-0.9996808840567456,0.15829939344185456,-1.1579802774986,-45.41216514857935,-232088.14052907602,1835.8019782135416,-233923.94250728955,-9173725.076125622,318.5669584501302,326.347744524217,-7.780786074086791,-305.13675323163943
0xb305d384400e3d7a15780216a55368ea677eca4e,0xccf1f4a81a1e61383b2afbb0e02033be8a28179f80e98156f178f4756077dc1e,1780613535,BUY,Up,Up,1,True,300.0,0.5282323333333333,158.4697,158.4697,141.5303,141.5303,Up,1780613700,5.286741120199137,-165,matched,4,0.7225898969175206,-0.5720614756171895,1.2946513725347102,183.2323971502493,0.8720398681804225,-0.43696031711597605,1.3090001852963984,185.26318892505486,114238.41601527832,-234271.39594529744,348509.81196057575,49324698.239723876,93677.21735017141,86777.76038635982,6899.456963811594,976482.213925344
0xb305d384400e3d7a15780216a55368ea677eca4e,0xccf1f4a81a1e61383b2afbb0e02033be8a28179f80e98156f178f4756077dc1e,1780613461,BUY,Up,Up,1,True,100.0,0.432785,43.278499999999994,43.278499999999994,56.721500000000006,56.721500000000006,Up,1780613700,5.286741120199137,-239,matched,4,0.04766268159614229,-0.5281587714860064,0.5758214530821487,32.661456550999105,0.6685846489217284,0.09932788812109646,0.5692567608006319,32.28909735775305,120831.6134594602,17433.527339024284,103398.08612043592,5864894.541880307,335442.2628074265,326923.23526755406,8519.027539872448,483212.0206028751
0xb305d384400e3d7a15780216a55368ea677eca4e,0xccf1f4a81a1e61383b2afbb0e02033be8a28179f80e98156f178f4756077dc1e,1780613412,BUY,Up,Up,1,True,12.95,0.51,6.6045,6.6045,6.3454999999999995,6.3454999999999995,Up,1780613700,5.286741120199137,-288,matched,4,-0.026666493914603073,-0.7919081009459072,0.7652416070313042,4.85584061741714,0.6192726916431117,-0.16142429183875126,0.780696983481863,4.953912708684161,122517.14597795205,-62663.256015679064,185180.40199363112,1175062.2408505862,345407.5290873102,345134.4570911529,273.0719961572904,1732.7783516160862
0xb305d384400e3d7a15780216a55368ea677eca4e,0xcd004be30eaf0702703bed0cfa931fea4965ae3762bb0aa4a3eafecef9bcf777,1778035788,BUY,Up,Up,1,True,100.0,0.99,99.0,99.0,1.0000000000000009,1.0000000000000009,Up,1778035800,8.711193244806653,-12,matched,4,-2.0000000000003073,-1.4988352277988608,-0.5011647722014465,-0.501164772201447,-1.0000000000004163,-0.4988352277987792,-0.5011647722016371,-0.5011647722016376,-279.58415525301825,227599.1539749196,-227878.73813017263,-227878.73813017283,534.7786999200471,534.9322564747417,-0.15355655469466,-0.15355655469466015
0xb305d384400e3d7a15780216a55368ea677eca4e,0xcd004be30eaf0702703bed0cfa931fea4965ae3762bb0aa4a3eafecef9bcf777,1778035766,BUY,Up,Up,1,True,100.0,0.931814,93.1814,93.1814,6.818599999999996,6.818599999999996,Up,1778035800,8.711193244806653,-34,matched,4,0.8988567518448427,0.7281516486027172,0.1707051032421255,1.1639698169667565,0.24984086694867644,0.0345602527567858,0.21528061419189065,1.4679123959288247,213.80253686197102,14381.346822368214,-14167.544285506243,-96602.81746515282,109398.51145780389,111390.86988724628,-1992.3584294423927,-13585.095186995892
0xf6beafa72d6416525c4cf039c9c122883dbef6a3,0xcd004be30eaf0702703bed0cfa931fea4965ae3762bb0aa4a3eafecef9bcf777,1778035722,BUY,Down,Down,-1,False,22.619046,0.20999997082105054,4.749999,4.749999,-4.749999,4.749999,Up,1778035800,8.711193244806653,-78,matched,4,-0.2721460560287613,-1.645083156201156,1.3729371001723947,6.521449852881775,0.6417543884923529,-0.7157864445583818,1.3575408330507348,6.448317599450157,70768.437258216,-5967.394507006415,76735.83176522242,364495.1241489747,20715.87369281077,20706.672067018648,9.201625792120467,43.707713310946424
0xb305d384400e3d7a15780216a55368ea677eca4e,0xcdc6fe1924473136b9baa41ae8ebb51aabb5af7e27d9a29f85256f08dcb83366,1778903677,BUY,Down,Down,-1,False,100.0,0.336324,33.632400000000004,33.632400000000004,-33.632400000000004,33.632400000000004,Up,1778903700,0.5758684584556849,-23,matched,4,-1.128340617044597,-0.5068662952227375,-0.6214743218218596,-20.901672981241514,-1.0000000000000018,-0.38729351438695725,-0.6127064856130445,-20.60678960673216,-95628.50291950401,2101.9048251552595,-97730.40774465927,-3286908.165431479,545.7295001210878,530.0148261174618,15.714674003625987,528.5222019595507
0xb305d384400e3d7a15780216a55368ea677eca4e,0xcdc6fe1924473136b9baa41ae8ebb51aabb5af7e27d9a29f85256f08dcb83366,1778903559,BUY,Down,Down,-1,False,200.0,0.5839305,116.7861,116.7861,-116.7861,116.7861,Up,1778903700,0.5758684584556849,-141,matched,4,-1.02407562347855,-0.189824716148562,-0.834250907329988,-97.42890988853071,-0.980580555114281,-0.13373605841203948,-0.8468444967022415,-98.89966607631764,-95690.41011687793,5644.395404492985,-101334.80552137092,-11834496.731099376,16907.85186313407,16236.568086125364,671.2837770087062,78396.61431011648
0xf6beafa72d6416525c4cf039c9c122883dbef6a3,0xcdc6fe1924473136b9baa41ae8ebb51aabb5af7e27d9a29f85256f08dcb83366,1778903533,BUY,Down,Down,-1,False,7.327866,0.6099999645190018,4.469998,4.469998,-4.469998,4.469998,Up,1778903700,0.5758684584556849,-167,matched,4,-1.3591086837328457,-0.32349961726025855,-1.035609066472587,-4.629170455914331,-0.981370939726999,0.03452957825189626,-1.0159005179788951,-4.541073283564626,-100704.90582849795,14287.901293243427,-114992.80712174138,-514017.61784856976,12793.91936636914,12732.343460283017,61.57590608612372,275.2441770531609
0xf6beafa72d6416525c4cf039c9c122883dbef6a3,0xcdc6fe1924473136b9baa41ae8ebb51aabb5af7e27d9a29f85256f08dcb83366,1778903533,BUY,Down,Down,-1,False,59.215382,0.6499999949337488,38.489998,38.489998,-38.489998,38.489998,Up,1778903700,0.5758684584556849,-167,matched,4,-1.3591086837328457,-0.32349961726025855,-1.035609066472587,-39.86059089731174,-0.981370939726999,0.03452957825189626,-1.0159005179788951,-39.10200890520664,-100704.90582849795,14287.901293243427,-114992.80712174138,-4426072.916130211,12793.91936636914,12732.343460283017,61.57590608612372,2370.0565021030898
0xf6beafa72d6416525c4cf039c9c122883dbef6a3,0xcdc6fe1924473136b9baa41ae8ebb51aabb5af7e27d9a29f85256f08dcb83366,1778903517,BUY,Up,Up,1,True,4.710525,0.37999989385471894,1.789999,1.789999,2.920526,2.920526,Up,1778903700,0.5758684584556849,-183,matched,4,1.292725295602776,0.7096578650527365,0.5830674305500394,1.7028635906745844,0.9813932770461692,0.39115686891501866,0.5902364081311505,1.7238007760936367,100828.09671844996,-420757.7552624777,521585.85198092763,1523305.0419424507,13441.802194547141,13414.17385309856,27.628341448580613,80.68928953745736
0xf6beafa72d6416525c4cf039c9c122883dbef6a3,0xcdc6fe1924473136b9baa41ae8ebb51aabb5af7e27d9a29f85256f08dcb83366,1778903495,BUY,Up,Up,1,True,4.833332,0.3599998924137634,1.739999,1.739999,3.0933330000000003,3.0933330000000003,Up,1778903700,0.5758684584556849,-205,matched,4,1.9581791850883643,1.1114121994568291,0.8467669856315352,2.619332259964554,0.9813932770461692,0.13041434502892066,0.8509789320172485,2.6323612127137115,100828.09671844996,-35547.54414251134,136375.64086096128,421855.27027136,409261.445282842,403918.59348457854,5342.851798263437,16527.21978167763
0xf6beafa72d6416525c4cf039c9c122883dbef6a3,0xcdc6fe1924473136b9baa41ae8ebb51aabb5af7e27d9a29f85256f08dcb83366,1778903488,BUY,Up,Up,1,True,4.833332,0.3599998924137634,1.739999,1.739999,3.0933330000000003,3.0933330000000003,Up,1778903700,0.5758684584556849,-212,matched,4,1.9494733188845337,0.7610673821421057,1.188405936742428,3.676135301521265,0.9725643277359369,-0.22014669136793721,1.1927110191038741,3.689452354857645,100407.689880475,-43432.34457985934,143840.03446033434,444945.12531728944,408770.18029813597,406964.4185805967,1805.7617175392807,5585.822311000937
0xf6beafa72d6416525c4cf039c9c122883dbef6a3,0xcdc6fe1924473136b9baa41ae8ebb51aabb5af7e27d9a29f85256f08dcb83366,1778903484,BUY,Up,Up,1,True,4.833332,0.3599998924137634,1.739999,1.739999,3.0933330000000003,3.0933330000000003,Up,1778903700,0.5758684584556849,-216,matched,4,1.9142456359699707,0.6137576443404369,1.3004879916295338,4.022842420611361,0.9726865634189067,-0.32950177465363834,1.302188338072545,4.02810215837496,100869.720008381,-236822.11534903527,337691.8353574163,1044593.2981416627,416212.64898370195,413138.6096913457,3074.039292356232,9509.027186342182
0xb305d384400e3d7a15780216a55368ea677eca4e,0xcdc6fe1924473136b9baa41ae8ebb51aabb5af7e27d9a29f85256f08dcb83366,1778903468,BUY,Up,Up,1,True,200.0,0.32,64.0,64.0,136.0,136.0,Up,1778903700,0.5758684584556849,-232,matched,4,1.909913472041216,1.72146178593903,0.1884516861021861,25.62942930989731,0.9680797328820654,0.7718416776743253,0.19623805520774007,26.688375508252648,100926.47406933096,298330.6086073931,-197404.13453806215,-26846962.29717645,415898.6767922129,408831.05218593957,7067.624606273312,961196.9464531704
0xb305d384400e3d7a15780216a55368ea677eca4e,0xcdc6fe1924473136b9baa41ae8ebb51aabb5af7e27d9a29f85256f08dcb83366,1778903465,BUY,Up,Up,1,True,200.0,0.32,64.0,64.0,136.0,136.0,Up,1778903700,0.5758684584556849,-235,matched,4,1.9088886525958864,1.453503306682176,0.45538534591371027,61.93240704426459,0.9680797328820654,0.513262511148021,0.4548172217340444,61.85514215583004,100926.47406933096,287303.2961226559,-186376.82205332496,-25347247.799252193,416120.85905566986,411020.434156334,5100.424899335834,693657.7863096735
0xf6beafa72d6416525c4cf039c9c122883dbef6a3,0xcdc6fe1924473136b9baa41ae8ebb51aabb5af7e27d9a29f85256f08dcb83366,1778903458,BUY,Up,Up,1,True,13.516128,0.3099999496897336,4.189998999999999,4.189998999999999,9.326129,9.326129,Up,1778903700,0.5758684584556849,-242,matched,4,1.9088886525958864,1.1749458502599612,0.7339428023359251,6.844845253206339,0.9680797328820654,0.24463183396231963,0.7234478989197457,6.746968430104509,100926.47406933096,135341.9433944117,-34415.46932508075,-320963.10652124597,416120.85905566986,415651.16009702586,469.69895864400314,4380.473079479639
0xf6beafa72d6416525c4cf039c9c122883dbef6a3,0xcdc6fe1924473136b9baa41ae8ebb51aabb5af7e27d9a29f85256f08dcb83366,1778903456,BUY,Up,Up,1,True,13.064515,0.3099999502469093,4.049999000000001,4.049999000000001,9.014516,9.014516,Up,1778903700,0.5758684584556849,-244,matched,4,1.9088886525958864,1.1738930874741,0.7349955651217863,6.625629281719385,0.9680797328820654,0.24463183396231963,0.7234478989197457,6.521532659978431,100926.47406933096,135341.9433944117,-34415.46932508075,-310238.7988784496,416120.85905566986,415877.93241715984,242.92663851001998,2189.8660696747916
0xb305d384400e3d7a15780216a55368ea677eca4e,0xcdea52cb4b9dd000b1bd314ec3e9ddcd9fae60a69dae2ab83365f150be558814,1778915997,BUY,Down,Down,-1,False,100.0,0.023767,2.3767,2.3767,-2.3767,2.3767,Up,1778916000,8.622358844242164,-3,offset_out_of_range,,,,,,,,,,,,,,,,,
0xb305d384400e3d7a15780216a55368ea677eca4e,0xcdea52cb4b9dd000b1bd314ec3e9ddcd9fae60a69dae2ab83365f150be558814,1778915955,BUY,Down,Down,-1,False,1.04,0.09,0.0936,0.0936,-0.0936,0.0936,Up,1778916000,8.622358844242164,-45,matched,4,-0.04538083075507515,-0.4999478777793814,0.4545670470243062,0.042547475601475065,0.9532359713289116,0.4882981730570336,0.464937798271878,0.04351817791824778,1300776.2121533914,179790.43961899477,1120985.7725343967,104924.26830921954,549833.6075173747,527996.5316118128,21837.075905561913,2043.9503047605951
0xf6beafa72d6416525c4cf039c9c122883dbef6a3,0xcdea52cb4b9dd000b1bd314ec3e9ddcd9fae60a69dae2ab83365f150be558814,1778915937,BUY,Down,Down,-1,False,150.941537,0.12528028649926892,18.909999000000003,18.909999000000003,-18.909999000000003,18.909999000000003,Up,1778916000,8.622358844242164,-63,matched,4,1.7558177883898867,0.5734986700316959,1.182319118358191,22.357653345834276,0.9664672330456132,-0.21620700801271323,1.1826742410583264,22.364368715738713,1849153.6123270048,-300207.47163207014,2149361.0839590747,40644415.948305026,8782.250067640096,8846.072119893739,-63.82205225364305,-1206.874944294338
0xb305d384400e3d7a15780216a55368ea677eca4e,0xcdea52cb4b9dd000b1bd314ec3e9ddcd9fae60a69dae2ab83365f150be558814,1778915900,BUY,Down,Down,-1,False,100.0,0.18,18.0,18.0,-18.0,18.0,Up,1778916000,8.622358844242164,-100,matched,4,1.6200604011960607,0.39757779441850283,1.2224826067775578,22.00468692199604,0.9590807567040635,-0.26920695212790197,1.2282877088319655,22.10917875897538,1842845.3683855305,-54659.953314038576,1897505.321699569,34155095.79059224,15780.054540120065,15832.567160385152,-52.5126202650863,-945.2271647715534
0xb305d384400e3d7a15780216a55368ea677eca4e,0xcdea52cb4b9dd000b1bd314ec3e9ddcd9fae60a69dae2ab83365f150be558814,1778915885,BUY,Down,Down,-1,False,100.0,0.246701,24.6701,24.6701,-24.6701,24.6701,Up,1778916000,8.622358844242164,-115,matched,4,1.875059289357325,0.5901018200435759,1.284957469313749,31.700029263717123,0.9584457224133766,-0.34735152269097513,1.3057972451043516,32.21414861644887,1842222.3234710647,-29049.357500322265,1871271.6809713868,46164459.49673221,144742.15315589122,147604.45983049297,-2862.306674601743,-70613.39189309247
0xf6beafa72d6416525c4cf039c9c122883dbef6a3,0xcdea52cb4b9dd000b1bd314ec3e9ddcd9fae60a69dae2ab83365f150be558814,1778915881,BUY,Down,Down,-1,False,18.78793,0.28582174832458923,5.369999,5.369999,-5.369999,5.369999,Up,1778916000,8.622358844242164,-119,matched,4,1.8761034479730694,1.2794206149044842,0.5966828330685852,3.204186216895469,0.9584457224133766,0.3507822820603571,0.6076634403530194,3.2631520670322742,1842222.3234710647,39210.374976594656,1803011.94849447,9682172.360403355,148460.2870772835,148275.11724819845,185.1698290850327,994.3617970167965
0xf6beafa72d6416525c4cf039c9c122883dbef6a3,0xcdea52cb4b9dd000b1bd314ec3e9ddcd9fae60a69dae2ab83365f150be558814,1778915879,BUY,Down,Down,-1,False,14.125,0.3058407079646018,4.32,4.32,-4.32,4.32,Up,1778916000,8.622358844242164,-121,matched,4,1.767488503317261,0.36525874471550096,1.40222975860176,6.057632557159604,0.9584457224133766,-0.4587498979675801,1.4171956203809566,6.1222850800457325,1842222.3234710647,-32412.630760698303,1874634.954231763,8098423.002281217,157399.17174604908,148993.84343809588,8405.328307953198,36311.01829035782
0xb305d384400e3d7a15780216a55368ea677eca4e,0xcdea52cb4b9dd000b1bd314ec3e9ddcd9fae60a69dae2ab83365f150be558814,1778915879,BUY,Down,Down,-1,False,85.67,0.2846200536944088,24.3834,24.3834,-24.3834,24.3834,Up,1778916000,8.622358844242164,-121,matched,4,1.767488503317261,0.5841230860331758,1.1833654172840853,28.854472315804767,0.9584457224133766,-0.22066159968868398,1.1791073221020605,28.750645477743383,1842222.3234710647,-23869.96445843605,1866092.2879295007,45501674.69350019,157399.17174604908,143550.59723084513,13848.574515203945,337675.3318340239
0xf6beafa72d6416525c4cf039c9c122883dbef6a3,0xcdea52cb4b9dd000b1bd314ec3e9ddcd9fae60a69dae2ab83365f150be558814,1778915879,BUY,Down,Down,-1,False,28.954544,0.3336263558493617,9.659999,9.659999,-9.659999,9.659999,Up,1778916000,8.622358844242164,-121,matched,4,1.767488503317261,0.36525874471550096,1.40222975860176,13.545538065863242,0.9584457224133766,-0.4587498979675801,1.4171956203809566,13.69010827568442,1842222.3234710647,-32412.630760698303,1874634.954231763,18108971.783243876,157399.17174604908,148993.84343809588,8405.328307953198,81195.46304949957
0xb305d384400e3d7a15780216a55368ea677eca4e,0xcdea52cb4b9dd000b1bd314ec3e9ddcd9fae60a69dae2ab83365f150be558814,1778915871,BUY,Down,Down,-1,False,5.0,0.57,2.8499999999999996,2.8499999999999996,-2.8499999999999996,2.8499999999999996,Up,1778916000,8.622358844242164,-129,matched,4,1.8944013534477713,0.2527557959485942,1.641645557499177,4.678689838872654,0.9582539190976499,-0.6756858950663676,1.6339398141640173,4.656728470367449,1842046.7118475817,-475856.61030841345,2317903.3221559953,6606024.468144585,474063.5069299489,465401.241949541,8662.264980407897,24687.455194162503
0xf6beafa72d6416525c4cf039c9c122883dbef6a3,0xcdea52cb4b9dd000b1bd314ec3e9ddcd9fae60a69dae2ab83365f150be558814,1778915846,BUY,Down,Down,-1,False,5.0,0.66,3.3000000000000003,3.3000000000000003,-3.3000000000000003,3.3000000000000003,Up,1778916000,8.622358844242164,-154,matched,4,1.1124480043038731,0.4186508043337701,0.693797199970103,2.28953075990134,0.9563384155852279,0.24878122759865295,0.707557187986575,2.3349387203556975,1842197.1882682177,164585.348451781,1677611.8398164366,5536119.071394241,840535.8660768941,779742.4798981019,60793.38617879222,200618.17439001435
0xf6beafa72d6416525c4cf039c9c122883dbef6a3,0xcdea52cb4b9dd000b1bd314ec3e9ddcd9fae60a69dae2ab83365f150be558814,1778915844,BUY,Down,Down,-1,False,65.681817,0.659999996650519,43.349999,43.349999,-43.349999,43.349999,Up,1778916000,8.622358844242164,-156,matched,4,1.1123975157491004,0.417722066478886,0.6946754492702144,30.114180031188344,0.9563130268312147,0.2487800134383128,0.7075330133929019,30.67155542304928,1842172.1889851228,164572.85455380028,1677599.3344313225,72723929.4699985,840510.8667937983,780443.3933480512,60067.47344574705,2603924.913805661
0xf6beafa72d6416525c4cf039c9c122883dbef6a3,0xcdea52cb4b9dd000b1bd314ec3e9ddcd9fae60a69dae2ab83365f150be558814,1778915841,BUY,Down,Down,-1,False,4.88235,0.68,3.319998,3.319998,-3.319998,3.319998,Up,1778916000,8.622358844242164,-159,matched,4,1.1027143984207977,-0.2639821721134084,1.366696570534206,4.537429880780423,0.9562731186146222,-0.4324225872186872,1.3886957058333094,4.610466965975175,1842132.8916606219,-250433.0084131607,2092565.9000737825,6947314.603113158,847575.2061459459,807790.6516118273,39784.55453411862,132084.64148416475
0xb305d384400e3d7a15780216a55368ea677eca4e,0xcdea52cb4b9dd000b1bd314ec3e9ddcd9fae60a69dae2ab83365f150be558814,1778915976,BUY,Down,Down,-1,False,200.0,0.15,30.0,30.0,-30.0,30.0,Up,1778916000,8.622358844242164,-24,matched,4,-0.09149336780232697,-0.44074449916543734,0.34925113136311037,10.477533940893311,0.9059432835504182,0.5390680805308417,0.36687520301957655,11.006256090587296,595243.8259146689,439405.57633303665,155838.2495816322,4675147.487448966,785847.7955673542,724846.9261442119,61000.869423142285,1830026.0826942686
0xb305d384400e3d7a15780216a55368ea677eca4e,0xcf000e3ffec06df10961e6ffabb9bde6317a9246ee0ead7abbad0d16b7a244f4,1780614414,BUY,Up,Up,1,False,200.0,0.305973,61.1946,61.1946,-61.1946,61.1946,Down,1780614600,10.267278596596638,-186,matched,4,-0.3571777452225775,-0.5702093432354336,0.2130315980128561,13.036383427757524,0.3869155576587482,0.19015611410073993,0.19675944355800826,12.040615444754891,39827.20877741801,159397.20042320702,-119569.991645789,-7317037.8107674,111452.3460624651,106234.22983666285,5218.116225802252,319320.5351914785
0xb305d384400e3d7a15780216a55368ea677eca4e,0xcf387148679f8536804c110bf035e21751341e50ae3773ca3acda084ab757b5c,1779854372,BUY,Down,Down,-1,True,100.0,0.61,61.0,61.0,39.0,39.0,Down,1779854400,0.15800628418910392,-28,matched,4,0.015368953211925884,0.9700335230436296,-0.9546645698317037,-37.231918223436445,-0.9846310467880741,-0.029966476955998522,-0.9546645698320756,-37.23191822345095,-11272.560794333054,90264.44972864218,-101537.01052297524,-3959943.4103960344,68.96642607502872,68.59856014674006,0.3678659282886656,14.346771203257958
0xb305d384400e3d7a15780216a55368ea677eca4e,0xcf387148679f8536804c110bf035e21751341e50ae3773ca3acda084ab757b5c,1779854393,BUY,Up,Up,1,False,100.0,0.29,28.999999999999996,28.999999999999996,-28.999999999999996,28.999999999999996,Down,1779854400,0.15800628418910392,-7,offset_out_of_range,,,,,,,,,,,,,,,,,
0xb305d384400e3d7a15780216a55368ea677eca4e,0xd02154675ee917b807440212014a7fb8e111d6e48159d8e6941121a433200dcd,1779614875,BUY,Up,Up,1,False,300.0,0.32995033333333335,98.9851,98.9851,-98.9851,98.9851,Down,1779615000,2.909740722116338,-125,matched,4,0.26132290908055655,-0.8658870263772835,1.1272099354578402,111.57698818228786,0.9983067649117345,-0.0967339776889625,1.095040742600697,108.39271741040425,3350215.7099869503,-3338.638607649056,3353554.3485945994,331951912.5510713,873.2889180078637,959.6365685509954,-86.34765054313175,-8547.13082377695
0xb305d384400e3d7a15780216a55368ea677eca4e,0xd058ebd8bf39c4ef930637e6c34de74a4ea18450c9e12ca03df53d7c13a12b03,1780292971,BUY,Down,Down,-1,True,100.0,0.01,1.0,1.0,99.0,99.0,Down,1780293000,0.2923844065932167,-29,matched,4,0.38038010460176197,-1.2360411614999298,1.6164212661016917,160.0257053440675,0.9726023443584666,-0.6628066182761488,1.6354089626346155,161.90548730082693,55940.70915458696,-588.0267019462626,56528.735856533225,5596344.84979679,490.46665428898996,483.9480898833717,6.5185644056182355,645.3378761562053
0xf6beafa72d6416525c4cf039c9c122883dbef6a3,0xd0a43d7a7580f9b8effde9031da99047ba67572c4aee03a8eaf7d73cfb5e1b55,1780792083,BUY,Up,Up,1,True,37.31,0.14653176092200482,5.4671,5.4671,31.842900000000004,31.842900000000004,Up,1780792200,1.5708535646025845,-117,matched,4,0.9900397175263493,0.1265605921590577,0.8634791253672917,27.495679441158135,0.9705420109992461,0.11069465167319538,0.8598473593260507,27.380033478283504,85798.08683520602,-1280.3602023944113,87078.44703760043,2772830.2811736073,4135.501719439868,4099.522825131302,35.97889430856594,1145.6723335782347
0xf6beafa72d6416525c4cf039c9c122883dbef6a3,0xd0a43d7a7580f9b8effde9031da99047ba67572c4aee03a8eaf7d73cfb5e1b55,1780792060,BUY,Up,Up,1,True,83.33,0.24,19.9992,19.9992,63.330799999999996,63.330799999999996,Up,1780792200,1.5708535646025845,-140,matched,4,1.027266035868906,0.5873416877381091,0.43992434813079695,27.860760906601875,0.9627071798676977,0.5109464600795558,0.4517607197881419,28.610367792758858,85617.92492899302,71062.24658847124,14555.678340521772,921822.7538479161,5907.737719296711,5764.824847990232,142.91287130647834,9050.786470136318
0xf6beafa72d6416525c4cf039c9c122883dbef6a3,0xd0a43d7a7580f9b8effde9031da99047ba67572c4aee03a8eaf7d73cfb5e1b55,1780791985,BUY,Up,Up,1,True,166.66,0.29,48.331399999999995,48.331399999999995,118.3286,118.3286,Up,1780792200,1.5708535646025845,-215,matched,4,1.8066470284536642,1.1732091123575343,0.6334379160961299,74.9538217985725,0.9278468329849776,0.29741477332637767,0.6304320596585999,74.59814301451861,85777.49633120303,210321.741799476,-124544.24546827297,-14737146.204317085,55815.538496894646,55151.67543150835,663.8630653862929,78553.98711886849
0xf6beafa72d6416525c4cf039c9c122883dbef6a3,0xd0a43d7a7580f9b8effde9031da99047ba67572c4aee03a8eaf7d73cfb5e1b55,1780791978,BUY,Up,Up,1,True,69.44,0.29230702764976957,20.2978,20.2978,49.1422,49.1422,Up,1780792200,1.5708535646025845,-222,matched,4,1.7880841851680678,0.8619309266832857,0.926153258484782,45.51320865911086,0.9278468329849776,0.005152444800587588,0.92269438818439,45.34323216303493,85777.49633120303,88841.35029065436,-3063.8539594513277,-150564.52404614905,56372.507795894635,57541.726892053885,-1169.2190961592496,-57457.998667277076
0xf6beafa72d6416525c4cf039c9c122883dbef6a3,0xd0a43d7a7580f9b8effde9031da99047ba67572c4aee03a8eaf7d73cfb5e1b55,1780791972,BUY,Up,Up,1,True,83.33,0.33,27.4989,27.4989,55.83109999999999,55.83109999999999,Up,1780792200,1.5708535646025845,-228,matched,4,1.7886052339030578,1.0444296028943503,0.7441756310087075,41.548144072410246,0.9278545595956319,0.18853724214260015,0.7393173174530318,41.276899082451955,85787.39728915103,132335.0398065006,-46547.642517349566,-2598806.084150395,56473.31493955664,57192.107798123034,-718.7928585663904,-40130.99596590599
0xf6beafa72d6416525c4cf039c9c122883dbef6a3,0xd0a43d7a7580f9b8effde9031da99047ba67572c4aee03a8eaf7d73cfb5e1b55,1780791972,BUY,Up,Up,1,True,6.94,0.32,2.2208,2.2208,4.7192,4.7192,Up,1780792200,1.5708535646025845,-228,matched,4,1.7886052339030578,1.0444296028943503,0.7441756310087075,3.5119136378562925,0.9278545595956319,0.18853724214260015,0.7393173174530318,3.4889862845243473,85787.39728915103,132335.0398065006,-46547.642517349566,-219667.63456787606,56473.31493955664,57192.107798123034,-718.7928585663904,-3392.127258146509
0xb305d384400e3d7a15780216a55368ea677eca4e,0xd2aed32122f269a90bfb38ea83775284ae65b4b762b72fbbe1fb7cdbfaef7820,1780115988,BUY,Down,Down,-1,False,99.99,0.03,2.9997,2.9997,-2.9997,2.9997,Up,1780116000,5.003814527711666,-12,matched,4,1.9418643734557721,0.9413337698357558,1.0005306036200163,3.001291651678963,0.9418643734557721,-0.05866623016424416,1.0005306036200163,3.001291651678963,118.59133018791908,-84.02309469950706,202.61442488742614,607.7824903348121,17.82915350102121,17.63518966198899,0.19396383903222159,0.581833327944955
0xb305d384400e3d7a15780216a55368ea677eca4e,0xd2aed32122f269a90bfb38ea83775284ae65b4b762b72fbbe1fb7cdbfaef7820,1780115962,BUY,Down,Down,-1,False,100.0,0.13,13.0,13.0,-13.0,13.0,Up,1780116000,5.003814527711666,-38,matched,4,1.1903801709956479,-0.24792990570042,1.438310076696068,18.698030997048882,0.7010010205268544,-0.7445058659374139,1.4455068864642682,18.791589524035487,100.76217668689787,-15586.94447760806,15687.706654294958,203940.18650583446,818.5228353829589,832.6503069419123,-14.127471558953403,-183.65713026639423
0xb305d384400e3d7a15780216a55368ea677eca4e,0xd2aed32122f269a90bfb38ea83775284ae65b4b762b72fbbe1fb7cdbfaef7820,1780115925,BUY,Down,Down,-1,False,200.0,0.42,84.0,84.0,-84.0,84.0,Up,1780116000,5.003814527711666,-75,matched,4,0.028697472006197267,-0.36587832279822646,0.39457579480442373,33.1443667635716,-0.3115632166367004,-0.7211382931268581,0.4095750764901577,34.404306425173246,-299.80583313212264,-37128.06971705109,36828.26388391897,3093574.1662491933,2995.617132932006,3220.0172297809913,-224.4000968489854,-18849.608135314775
0xf6beafa72d6416525c4cf039c9c122883dbef6a3,0xd2bd6f222286ff828dbd443ed93b685598b4af6fc7fbfe63fd0516293a8be769,1778887333,BUY,Up,Up,1,True,64.868,0.29737312696553,19.289999999999996,19.289999999999996,45.577999999999996,45.577999999999996,Up,1778887500,0.8402936501075,-167,matched,4,-0.6078102486387511,0.8211331277616638,-1.428943376400415,-65.12838120957811,-0.948013737362501,0.47646010161082253,-1.4244738389733236,-64.92466863272614,-617808.8312062975,29541.365782570792,-647350.1969888683,-29504927.27835864,18145.094779197592,17825.605769342954,319.4890098546384,14561.670091154709
0xf6beafa72d6416525c4cf039c9c122883dbef6a3,0xd2bd6f222286ff828dbd443ed93b685598b4af6fc7fbfe63fd0516293a8be769,1778887333,BUY,Up,Up,1,True,29.462351,0.32685779217008176,9.629999000000002,9.629999000000002,19.832352000000004,19.832352000000004,Up,1778887500,0.8402936501075,-167,matched,4,-0.6078102486387511,0.8211331277616638,-1.428943376400415,-28.339308028841526,-0.948013737362501,0.47646010161082253,-1.4244738389733236,-28.250666589310278,-617808.8312062975,29541.365782570792,-647350.1969888683,-12838476.973952578,18145.094779197592,17825.605769342954,319.4890098546384,6336.218503568659
0xf6beafa72d6416525c4cf039c9c122883dbef6a3,0xd2bd6f222286ff828dbd443ed93b685598b4af6fc7fbfe63fd0516293a8be769,1778887332,BUY,Up,Up,1,True,26.162161,0.36808882110311913,9.629999000000002,9.629999000000002,16.532162,16.532162,Up,1778887500,0.8402936501075,-168,matched,4,-0.6078102486387511,-0.00629311523532923,-0.6015171334034218,-9.944378695200982,-0.948013737362501,-0.35972957905599046,-0.5882841583065106,-9.725609007156878,-617808.8312062975,-24591.1173354173,-593217.7138708802,-9807171.346983038,18145.094779197592,18531.957137265177,-386.86235806758486,-6395.67117527532
0xb305d384400e3d7a15780216a55368ea677eca4e,0xd2d5cc0ab810a951a85f0808f4a47d04cec61c3a9b606d82137733aa32d7451f,1779653571,BUY,Up,Up,1,False,100.0,0.37,37.0,37.0,-37.0,37.0,Down,1779653700,0.5933826623724578,-129,matched,4,-1.8878241318683195,-0.4109385734009816,-1.476885558467338,-54.6447656632915,-0.9907722789800015,0.4831908103238326,-1.473963089303834,-54.53663430424186,-154349.584609087,167077.56364534755,-321427.1482544346,-11892804.48541408,7262.437420973787,7277.518172163553,-15.080751189765579,-557.9877940213264
0xb305d384400e3d7a15780216a55368ea677eca4e,0xd2d5cc0ab810a951a85f0808f4a47d04cec61c3a9b606d82137733aa32d7451f,1779653448,BUY,Down,Down,-1,True,63.95,0.4376372165754496,27.986900000000002,27.986900000000002,35.9631,35.9631,Down,1779653700,0.5933826623724578,-252,matched,4,-0.04394050879293232,-1.291998643585608,1.2480581347926756,44.884039507362466,0.9066861720266616,-0.345978238296007,1.2526644103226685,45.049695454875156,147834.80166411703,-26389.51606061792,174224.31772473495,6265646.560766415,551628.9778991757,553804.054248831,-2175.0763496552827,-78222.4882702879
0xf6beafa72d6416525c4cf039c9c122883dbef6a3,0xd2d5cc0ab810a951a85f0808f4a47d04cec61c3a9b606d82137733aa32d7451f,1779653440,BUY,Down,Down,-1,True,38.46,0.482061882475299,18.540100000000002,18.540100000000002,19.9199,19.9199,Down,1779653700,0.5933826623724578,-260,matched,4,-0.043612263335205737,-1.518698192655715,1.4750859293205094,29.383564203471614,0.9066861720266616,-0.5723956997366515,1.479081871763313,29.463162977338015,147834.80166411703,-28076.194987077644,175910.99665119467,3504129.4621921326,551773.4443721838,552135.7887804938,-362.3444083100185,-7217.864379094736
0xb305d384400e3d7a15780216a55368ea677eca4e,0xd2d5cc0ab810a951a85f0808f4a47d04cec61c3a9b606d82137733aa32d7451f,1779653328,BUY,Down,Down,-1,True,88.29,0.64,56.50560000000001,56.50560000000001,31.7844,31.7844,Down,1779653700,0.5933826623724578,-372,matched,4,0.668592031878696,-0.284374814424419,0.9529668463031149,30.289479429636728,0.9661098757403113,0.012375070385600394,0.9537348053547109,30.313888547316274,679845.5507367097,14025.954290537753,665819.596446172,21162676.38128371,39945.824504653225,41052.05876755928,-1106.2342629060586,-35160.99230591133
0xb305d384400e3d7a15780216a55368ea677eca4e,0xd38f6e495cb91b329759b6cb4fa3b4187290fc5d02d47d5220c9a2ffde6a2539,1778326366,BUY,Up,Up,1,True,28.56,0.5,14.28,14.28,14.28,14.28,Up,1778326500,1.0840885127836732,-134,matched,4,0.1542896859259837,-0.7805557468269484,0.9348454327529321,13.34959277971187,0.9973955769899543,0.0590930323304511,0.9383025446595032,13.398960337737705,1098759.982822196,4784.561708894569,1093975.4211133015,15621969.013497945,3994.776779945998,3975.246652681497,19.53012726450106,278.89021733707517
0xb305d384400e3d7a15780216a55368ea677eca4e,0xd420b22390d50a737501d405decece516304feb7bedb44dae3e1489af9c471c9,1778329673,BUY,Up,Up,1,True,17.0,0.6429411764705882,10.93,10.93,6.07,6.07,Up,1778329800,1.8329126538056864,-127,matched,4,0.43810729336489795,-0.06940603782120544,0.5075133311861034,3.080605920299648,0.9975636338942908,0.47971151843999643,0.5178521154542943,3.143362340807567,757443.252188413,1202.8860872284367,756240.3661011846,4590379.022234191,489.5421023182571,526.3098336538824,-36.767731335625285,-223.1801292072455
0xb305d384400e3d7a15780216a55368ea677eca4e,0xd420b22390d50a737501d405decece516304feb7bedb44dae3e1489af9c471c9,1778329628,BUY,Up,Up,1,True,81.31,0.4895990653056205,39.8093,39.8093,41.5007,41.5007,Up,1778329800,1.8329126538056864,-172,matched,4,0.18113581129802647,-1.166487926110815,1.3476237374088416,55.92732843908311,0.997469633992456,-0.3533118882281457,1.3507815222206017,56.05837871922053,757419.9290218882,-171347.21120626514,928767.1402281533,38544486.456466526,7248.832922675647,7183.17408295082,65.65883972482698,2724.8878097681268
0xb305d384400e3d7a15780216a55368ea677eca4e,0xd420b22390d50a737501d405decece516304feb7bedb44dae3e1489af9c471c9,1778329622,BUY,Up,Up,1,True,170.91,0.49,83.74589999999999,83.74589999999999,87.1641,87.1641,Up,1778329800,1.8329126538056864,-178,matched,4,0.1767068017635074,-0.500708395807873,0.6774151975713804,59.046286022631556,0.9974411871579061,0.33073332421448226,0.6667078629434238,58.112990836386885,757409.114757308,14548.925829952317,742860.1889273557,64750739.793682925,7306.124526757281,7202.06390733023,104.06061942705128,9070.35023780144
0xb305d384400e3d7a15780216a55368ea677eca4e,0xd420b22390d50a737501d405decece516304feb7bedb44dae3e1489af9c471c9,1778329598,BUY,Down,Down,-1,False,100.0,0.5,50.0,50.0,-50.0,50.0,Up,1778329800,1.8329126538056864,-202,matched,4,-1.1944429107907653,-0.31594686833088353,-0.8784960424598818,-43.92480212299409,-0.9973709767096547,-0.10322799367032398,-0.8941429830393307,-44.70714915196653,-757442.2554237931,8761.143434073565,-766203.3988578666,-38310169.942893334,23758.665858471766,23934.176187847537,-175.5103293757711,-8775.516468788555
0xb305d384400e3d7a15780216a55368ea677eca4e,0xd420b22390d50a737501d405decece516304feb7bedb44dae3e1489af9c471c9,1778329582,BUY,Down,Down,-1,False,51.5,0.52,26.78,26.78,-26.78,26.78,Up,1778329800,1.8329126538056864,-218,matched,4,-1.1691493758963558,0.07998600354056973,-1.2491353794369255,-33.451845461320865,-0.9973709767096547,0.24919557388255853,-1.2465665505922132,-33.38305222485947,-757442.2554237931,132689.8005553778,-890132.0559791708,-23837736.459122196,25191.932624598965,25589.37117428162,-397.4385496826544,-10643.404360501485
0xb305d384400e3d7a15780216a55368ea677eca4e,0xd420b22390d50a737501d405decece516304feb7bedb44dae3e1489af9c471c9,1778329577,BUY,Down,Down,-1,False,100.0,0.54683,54.68300000000001,54.68300000000001,-54.68300000000001,54.68300000000001,Up,1778329800,1.8329126538056864,-223,matched,4,-1.1684237426185409,0.08114699521561192,-1.2495707378341527,-68.33027665698498,-0.9973709916820784,0.2531890968754275,-1.2505600885575059,-68.3843773225901,-757446.5804918731,129430.03854646179,-886876.6190383348,-48497074.15887327,25207.54292209819,24885.315430603227,322.22749149496303,17620.365917419065
0xb305d384400e3d7a15780216a55368ea677eca4e,0xd420b22390d50a737501d405decece516304feb7bedb44dae3e1489af9c471c9,1778329741,BUY,Down,Down,-1,False,32.0,0.4571875,14.63,14.63,-14.63,14.63,Up,1778329800,1.8329126538056864,-59,matched,4,-0.2820547783381171,0.43647296227630233,-0.7185277406144195,-10.512060845188957,-0.9982016398853352,-0.28531263167029075,-0.7128890082150444,-10.429566190186101,-756203.948646157,-31561.29926619737,-724642.6493799597,-10601521.96042881,1717.5750738480128,1663.8713524371851,53.70372141082771,785.6854442404094
0xf6beafa72d6416525c4cf039c9c122883dbef6a3,0xd42ba1cceeac3d0b47439b240d5072609d4f7737294ef51a2ab844ace30ca07a,1777967744,BUY,Down,Down,-1,True,19.176469,0.5099999900920237,9.779999,9.779999,9.39647,9.39647,Down,1777968000,2.854150624319519,-256,matched,4,-1.371051974557926,-1.4908653698330823,0.11981339527515633,1.1258229743011483,-0.39961098071427215,-0.5159553109082748,0.1163443301940027,1.0932260083380407,-54668.89661793108,-178197.2283661794,123528.33174824831,1160730.2634224629,1735062.0037337602,1730537.260419394,4524.743314366322,42516.614811143714
0xb305d384400e3d7a15780216a55368ea677eca4e,0xd450552b961ecd81a93cf3eca23603b14015b7a469e1a60c3856f5b0db8079a3,1779655188,BUY,Down,Down,-1,False,100.0,0.752474,75.2474,75.2474,-75.2474,75.2474,Up,1779655200,1.1108526542163635,-12,matched,4,1.9999999999999998,0.1870507567077267,1.8129492432922731,136.419716889711,0.9999999999999998,-0.8129492432931895,1.8129492432931893,136.41971688977992,229717.29327685508,-165.07363315482507,229882.3669100099,17298050.41582428,111.56167309801094,111.61736525443848,-0.055692156427539885,-4.190689971565664
0xb305d384400e3d7a15780216a55368ea677eca4e,0xd5e75d02ab7f4053a33b2e8b8f20324152393dc1605b813a9434cfd43211457a,1778418781,BUY,Down,Down,-1,False,100.0,0.669645,66.9645,66.9645,-66.9645,66.9645,Up,1778418900,1.4922531060510196,-119,matched,4,1.5037622848112586,-0.13761683442519476,1.6413791192364533,109.91413203010949,0.9985895419086619,-0.6466676524327513,1.6452571943414132,110.17382539047556,648356.4562452429,-3733.927471591228,652090.3837168341,43666906.50040594,6668.459127284121,6591.0739718845,77.385155399621,5182.058238757921
0xb305d384400e3d7a15780216a55368ea677eca4e,0xd5e75d02ab7f4053a33b2e8b8f20324152393dc1605b813a9434cfd43211457a,1778418676,BUY,Down,Down,-1,False,79.47,0.6251088461054486,49.6774,49.6774,-49.6774,49.6774,Up,1778418900,1.4922531060510196,-224,matched,4,1.9751379505510593,0.9028478812761369,1.0722900692749224,53.26858268739803,0.9976104344195914,-0.07745933613530159,1.075069770554893,53.40667101976364,649686.1164526888,23866.185048431857,625819.931404257,31089107.060341835,1806436.432936285,1796359.6096429732,10076.823293311754,500590.38147116534
0xb305d384400e3d7a15780216a55368ea677eca4e,0xd5e75d02ab7f4053a33b2e8b8f20324152393dc1605b813a9434cfd43211457a,1778418654,BUY,Down,Down,-1,False,100.0,0.64,64.0,64.0,-64.0,64.0,Up,1778418900,1.4922531060510196,-246,matched,4,1.9537466072915122,0.9617344923827296,0.9920121149087826,63.48877535416209,0.9833019137165576,-0.01494696099714167,0.9982488747136993,63.887927981676754,644987.7324569789,29095.550718645623,615892.1817383333,39417099.63125333,1808201.5466375155,1804324.5344449033,3877.012192612281,248128.780327186
0xb305d384400e3d7a15780216a55368ea677eca4e,0xd651776015f393b3c459e925123db6e2fabbe56698004b7fe194af75e96a6563,1779947988,BUY,Up,Up,1,False,200.0,0.01,2.0,2.0,-2.0,2.0,Down,1779948000,6.997088965798103,-12,matched,4,-0.13995238207591865,-0.4999999999999462,0.36004761792402756,0.7200952358480551,0.8600476179352529,0.499999999999868,0.36004761793538487,0.7200952358707697,45455.693813945865,61.54195424075442,45394.15185970511,90788.30371941022,41.683183214627206,41.79498553551093,-0.11180232088372577,-0.22360464176745154
0xb305d384400e3d7a15780216a55368ea677eca4e,0xd651776015f393b3c459e925123db6e2fabbe56698004b7fe194af75e96a6563,1779947943,BUY,Up,Up,1,False,34.17,0.14728709394205444,5.032800000000001,5.032800000000001,-5.032800000000001,5.032800000000001,Down,1779948000,6.997088965798103,-57,matched,4,-0.07501273260661345,-0.8232013053442648,0.7481885727376514,3.7654834488740523,0.7785737051937458,0.0010703670584504186,0.7775033381352954,3.913018800167315,54568.112257497385,4178.895642813146,50389.216614684236,253598.84937838287,53304.662340572104,52184.892981934434,1119.76935863767,5635.575228151666
0xb305d384400e3d7a15780216a55368ea677eca4e,0xd651776015f393b3c459e925123db6e2fabbe56698004b7fe194af75e96a6563,1779947929,BUY,Up,Up,1,False,300.0,0.18402466666666667,55.2074,55.2074,-55.2074,55.2074,Down,1779948000,6.997088965798103,-71,matched,4,-0.026035960875726794,-0.9662089541535661,0.9401729932778393,51.904506509086985,0.6964177112527585,-0.2433698963050916,0.9397876075578502,51.88323036548926,51500.3250924414,-40535.22043279321,92035.54552523461,5081043.176029838,58328.58108101133,53186.198214109696,5142.382866901637,283897.5878861854
0xb305d384400e3d7a15780216a55368ea677eca4e,0xd651776015f393b3c459e925123db6e2fabbe56698004b7fe194af75e96a6563,1779947948,BUY,Up,Up,1,False,100.0,0.11,11.0,11.0,-11.0,11.0,Down,1779948000,6.997088965798103,-52,matched,4,0.1446495724396869,-0.2458498580060185,0.3904994304457054,4.2954937349027595,0.882644201592914,0.4979529124001121,0.38469128919280193,4.231604181120821,55632.3247572158,22555.375328288523,33076.94942892728,363846.4437182,60154.15189763438,55981.233513704785,4172.918383929595,45902.10222322554
0xb305d384400e3d7a15780216a55368ea677eca4e,0xd66fa803f0f1f0c2c9e778fd2036d44162f654a21ea812171de2ef0367fb36de,1778052294,BUY,Up,Up,1,True,100.0,0.85,85.0,85.0,15.000000000000002,15.000000000000002,Up,1778052300,1.6818706391441172,-6,offset_out_of_range,,,,,,,,,,,,,,,,,
0xb305d384400e3d7a15780216a55368ea677eca4e,0xd70352c38be843162110c2a4de2621497fbd39480d701e687c7223f27689fce4,1780612477,BUY,Up,Up,1,False,120.33,0.08,9.6264,9.6264,-9.6264,9.6264,Down,1780612500,17.11139510180805,-23,matched,4,0.022764387247100615,0.6340597890290575,-0.6112954017819568,-5.88457405571383,-0.9766341754130016,-0.3438079099449328,-0.6328262654680687,-6.091838761901817,-24730.264699733,13605.877197153008,-38336.14189688601,-369039.03635618347,184986.6582853007,180920.13737074911,4066.5209145515983,39145.95693183951
0xb305d384400e3d7a15780216a55368ea677eca4e,0xd70352c38be843162110c2a4de2621497fbd39480d701e687c7223f27689fce4,1780612435,BUY,Up,Up,1,False,200.0,0.19,38.0,38.0,-38.0,38.0,Down,1780612500,17.11139510180805,-65,matched,4,-1.608055401730558,-0.3760063543966642,-1.2320490473338936,-46.81786379868796,-0.9323379652093501,0.3765734933821463,-1.3089114585914965,-49.73863542647687,-209792.5043715799,39328.31289705238,-249120.8172686323,-9466591.056208028,55185.156835982925,55966.3548274776,-781.1979914946714,-29685.523676797515
0xb305d384400e3d7a15780216a55368ea677eca4e,0xd70352c38be843162110c2a4de2621497fbd39480d701e687c7223f27689fce4,1780612426,BUY,Up,Up,1,False,200.0,0.268423,53.6846,53.6846,-53.6846,53.6846,Down,1780612500,17.11139510180805,-74,matched,4,-1.836343429372195,-1.0235088357612967,-0.8128345936108983,-43.63670002416363,-0.9332073311119464,-0.133387605197027,-0.7998197259149195,-42.93800205785209,-212983.67079154495,-2269.8416123142233,-210713.82917923073,-11312087.633955332,119507.22954662214,127495.81943305134,-7988.589886429196,-428864.2526169968
0xb305d384400e3d7a15780216a55368ea677eca4e,0xd70352c38be843162110c2a4de2621497fbd39480d701e687c7223f27689fce4,1780612411,BUY,Up,Up,1,False,400.0,0.545837,218.3348,218.3348,-218.3348,218.3348,Down,1780612500,17.11139510180805,-89,matched,4,-1.666266979677678,-1.0693413457781134,-0.5969256338995645,-130.32963889233466,-0.8263176668053814,-0.23019244468464145,-0.59612522212074,-130.15488114668736,-199995.76923130488,-50879.34271526743,-149116.42651603743,-32557305.16009373,112098.67601714621,134757.41761042812,-22658.741593281913,-4947191.814020888
0xb305d384400e3d7a15780216a55368ea677eca4e,0xd7492fcd9ef4f04c754301a26d1d92e00c402b1cfd746766bbc3c3a289bec510,1779507873,BUY,Up,Up,1,False,26.4,0.5183333333333333,13.684,13.684,-13.684,13.684,Down,1779507900,0.2685448000192363,-27,matched,4,-0.0017030456393286597,-0.4234299222452458,0.4217268766059171,5.77091057947537,0.9982969543606713,0.5765700777591583,0.4217268766015131,5.770910579415105,151191.7869318202,1225.5756416140503,149966.21129020618,2052137.6352951813,14.851459410972893,14.898520369373728,-0.04706095840083435,-0.6439821547570173
0xf6beafa72d6416525c4cf039c9c122883dbef6a3,0xd7492fcd9ef4f04c754301a26d1d92e00c402b1cfd746766bbc3c3a289bec510,1779507799,BUY,Up,Up,1,False,5.729165,0.47999996509089893,2.749999,2.749999,-2.749999,2.749999,Down,1779507900,0.2685448000192363,-101,matched,4,-0.00015508147276133144,-0.5957167659900351,0.5955616845172738,1.6377940368608181,0.9967164430695941,0.3953299702400712,0.6013864728295228,1.653812198894715,151326.25433523604,-30602.923330969246,181929.17766620527,500305.0566528868,110754.22116321768,109705.02652599894,1049.1946372187376,2885.284203156891
0xf6beafa72d6416525c4cf039c9c122883dbef6a3,0xd7492fcd9ef4f04c754301a26d1d92e00c402b1cfd746766bbc3c3a289bec510,1779507728,BUY,Up,Up,1,False,4.857141,0.41999995470586504,2.0399990000000003,2.0399990000000003,-2.0399990000000003,2.0399990000000003,Down,1779507900,0.2685448000192363,-172,matched,4,-0.0051178026819244105,-0.7881228588340368,0.7830050561521124,1.5973295315452534,0.994619477948305,0.20255744773424525,0.7920620302140597,1.6158057495746518,154474.00564249605,30126.200696275067,124347.80494622097,253669.3977424859,220974.1198688452,221304.43037366754,-330.3105048223224,-673.833099527033
0xf6beafa72d6416525c4cf039c9c122883dbef6a3,0xd7492fcd9ef4f04c754301a26d1d92e00c402b1cfd746766bbc3c3a289bec510,1779507673,BUY,Up,Up,1,False,125.697947,0.383777143154136,48.239999000000005,48.239999000000005,-48.239999000000005,48.239999000000005,Down,1779507900,0.2685448000192363,-227,matched,4,0.0015123411317674584,-1.082783973142054,1.0842963142738216,52.30645311627284,0.9967819724270572,-0.095827879119403,1.0926098515464602,52.707498145991394,261743.52534190705,-39703.73500439296,301447.2603463,14541815.537658254,115872.96234349441,117448.19603730441,-1575.2336938100052,-75989.27181416097
0xf6beafa72d6416525c4cf039c9c122883dbef6a3,0xd7492fcd9ef4f04c754301a26d1d92e00c402b1cfd746766bbc3c3a289bec510,1779507673,BUY,Up,Up,1,False,4.333332,0.38999988923073514,1.689999,1.689999,-1.689999,1.689999,Down,1779507900,0.2685448000192363,-227,matched,4,0.0015123411317674584,-1.082783973142054,1.0842963142738216,1.8324596868264442,0.9967819724270572,-0.095827879119403,1.0926098515464602,1.8465095565036662,261743.52534190705,-39703.73500439296,301447.2603463,509445.5685379867,115872.96234349441,117448.19603730441,-1575.2336938100052,-2662.143367305215
0xf6beafa72d6416525c4cf039c9c122883dbef6a3,0xd7492fcd9ef4f04c754301a26d1d92e00c402b1cfd746766bbc3c3a289bec510,1779507833,BUY,Up,Up,1,False,37.557691,0.5199999914797744,19.529998999999997,19.529998999999997,-19.529998999999997,19.529998999999997,Down,1779507900,0.2685448000192363,-67,matched,4,0.1050662047748917,-0.553040049468906,0.6581062542437977,12.852814487275111,0.9982978853168197,0.35683953924424466,0.6414583460725751,12.527680857339044,151274.620975025,1632.7765635283704,149641.84441149663,2922505.0717146844,2253.4730885059107,2370.0776859269536,-116.60459742104285,-2277.287671028369
0xf6beafa72d6416525c4cf039c9c122883dbef6a3,0xd7602d0e45e49a76083a17f742110f44becc3b0fff129f90b48d93d143a29d8b,1779243488,BUY,Up,Up,1,False,33.655171,0.28999998246926156,9.759999,9.759999,-9.759999,9.759999,Down,1779243600,1.0022222862381096,-112,matched,4,1.1030845754943606,0.40169456372790024,0.7013900117664603,6.845565813450642,0.9995859055768814,0.30079107959877066,0.6987948259781107,6.820236802751535,693982.552861961,1775.3498229560246,692207.2030390049,6755941.609453485,19477.472481784644,19263.09388409782,214.37859768682392,2092.334899044804
0xf6beafa72d6416525c4cf039c9c122883dbef6a3,0xd7602d0e45e49a76083a17f742110f44becc3b0fff129f90b48d93d143a29d8b,1779243488,BUY,Up,Up,1,False,33.655171,0.28999998246926156,9.759999,9.759999,-9.759999,9.759999,Down,1779243600,1.0022222862381096,-112,matched,4,1.1030845754943606,0.40169456372790024,0.7013900117664603,6.845565813450642,0.9995859055768814,0.30079107959877066,0.6987948259781107,6.820236802751535,693982.552861961,1775.3498229560246,692207.2030390049,6755941.609453485,19477.472481784644,19263.09388409782,214.37859768682392,2092.334899044804
0xf6beafa72d6416525c4cf039c9c122883dbef6a3,0xd7602d0e45e49a76083a17f742110f44becc3b0fff129f90b48d93d143a29d8b,1779243488,BUY,Up,Up,1,False,33.655171,0.28999998246926156,9.759999,9.759999,-9.759999,9.759999,Down,1779243600,1.0022222862381096,-112,matched,4,1.1030845754943606,0.40169456372790024,0.7013900117664603,6.845565813450642,0.9995859055768814,0.30079107959877066,0.6987948259781107,6.820236802751535,693982.552861961,1775.3498229560246,692207.2030390049,6755941.609453485,19477.472481784644,19263.09388409782,214.37859768682392,2092.334899044804
0xf6beafa72d6416525c4cf039c9c122883dbef6a3,0xd7602d0e45e49a76083a17f742110f44becc3b0fff129f90b48d93d143a29d8b,1779243488,BUY,Up,Up,1,False,3.9,0.3,1.17,1.17,-1.17,1.17,Down,1779243600,1.0022222862381096,-112,matched,4,1.1030845754943606,0.40169456372790024,0.7013900117664603,0.8206263137667585,0.9995859055768814,0.30079107959877066,0.6987948259781107,0.8175899463943895,693982.552861961,1775.3498229560246,692207.2030390049,809882.4275556357,19477.472481784644,19263.09388409782,214.37859768682392,250.82295929358398
0xf6beafa72d6416525c4cf039c9c122883dbef6a3,0xd7602d0e45e49a76083a17f742110f44becc3b0fff129f90b48d93d143a29d8b,1779243486,BUY,Up,Up,1,False,36.09107,0.2704269781970997,9.759999,9.759999,-9.759999,9.759999,Down,1779243600,1.0022222862381096,-114,matched,4,1.1030845754943606,-0.03153262029597689,1.1346171957903375,11.073862696296498,0.9995859055768814,-0.13927970162368558,1.138865607200567,11.115327187411927,693982.552861961,-44775.61526469191,738758.1681266528,7210278.982157964,19477.472481784644,18902.347346352355,575.1251354322885,5613.220746694001
0xf6beafa72d6416525c4cf039c9c122883dbef6a3,0xd88a4ccad8afa98fa0a03036a9c46fadd2391bcd44fa235b84da3c06b97f0789,1778272427,BUY,Up,Up,1,True,12.775509,0.48999996790734524,6.259999,6.259999,6.51551,6.51551,Up,1778272500,0.154984075112379,-73,matched,4,0.09832534860826658,-0.8058135650498901,0.9041389136581567,5.890926133328857,0.9937311946099717,0.08837456375503068,0.905356630854941,5.898860181901677,563796.645734089,-2640.08384899024,566436.7295830792,3690624.1759658484,2569.232006136328,2552.749518988174,16.482487148154178,107.39180983867003
0xf6beafa72d6416525c4cf039c9c122883dbef6a3,0xd88a4ccad8afa98fa0a03036a9c46fadd2391bcd44fa235b84da3c06b97f0789,1778272411,BUY,Up,Up,1,True,7.605832,0.46674696469761623,3.549999,3.549999,4.055833000000001,4.055833000000001,Up,1778272500,0.154984075112379,-89,matched,4,0.06643993056182596,-0.8494580661598972,0.9158979967217231,3.7147293197378572,0.9937318922121211,0.06778199848293208,0.925949893729189,3.7554981353333385,563859.7886912855,-24854.911552424874,588714.7002437104,2387728.508833549,4598.499222265556,4647.5320511731625,-49.03282890760602,-198.86896556682248
0xf6beafa72d6416525c4cf039c9c122883dbef6a3,0xd88a4ccad8afa98fa0a03036a9c46fadd2391bcd44fa235b84da3c06b97f0789,1778272410,BUY,Up,Up,1,True,4.8975,0.4369576314446146,2.1399999999999997,2.1399999999999997,2.7575,2.7575,Up,1778272500,0.154984075112379,-90,matched,4,0.07490811212632942,-0.8494894924472002,0.9243976045735296,2.549026394611508,0.9937318922121211,0.06778199848293208,0.925949893729189,2.5533068319582384,563859.7886912855,-24854.911552424874,588714.7002437104,1623380.7859220314,4618.793387234211,4649.218796361158,-30.42540912694676,-83.89806566755568
0xf6beafa72d6416525c4cf039c9c122883dbef6a3,0xd9361e3f120bcfafa665f50e82595f35020639a9787e1fba6275c8c24f6ef44b,1778075738,BUY,Up,Up,1,False,17.927271,0.544421903367222,9.759999,9.759999,-9.759999,9.759999,Down,1778076000,7.2706965714609,-262,matched,4,-0.09442636483503115,-0.424116538764432,0.32969017392940086,3.2177757678607786,0.08982463567386102,-0.261336803129599,0.35116143880346,3.4273352915603312,25497.754671168514,-342906.86477277585,368404.61944394436,3595628.7173682777,401495.13804770354,384959.79332533793,16535.34472236561,161384.94795494367
0xf6beafa72d6416525c4cf039c9c122883dbef6a3,0xd96fa2bb527417418a79347652b86a665d078e8c3384bd88c2db04f79bb16fc5,1778938769,BUY,Down,Down,-1,False,13.882351,0.5099999992796609,7.079999,7.079999,-7.079999,7.079999,Up,1778939100,1.788296015541282,-331,matched,4,-0.014999629226907119,-0.8945985408017397,0.8795989115748326,6.227559414350903,0.8351160141299708,-0.040239594446231486,0.8753556085762023,6.1975168333639035,502062.50978002505,3643.4975050714274,498419.01227495365,3528806.1084876596,147914.324335363,143205.13682588446,4709.1875094785355,33341.04285792052
0xf6beafa72d6416525c4cf039c9c122883dbef6a3,0xd96fa2bb527417418a79347652b86a665d078e8c3384bd88c2db04f79bb16fc5,1778938769,BUY,Down,Down,-1,False,26.411763,0.5099999950779507,13.469999,13.469999,-13.469999,13.469999,Up,1778939100,1.788296015541282,-331,matched,4,-0.014999629226907119,-0.8945985408017397,0.8795989115748326,11.848196459314083,0.8351160141299708,-0.040239594446231486,0.8753556085762023,11.791039172165837,502062.50978002505,3643.4975050714274,498419.01227495365,6713703.596924613,147914.324335363,143205.13682588446,4709.1875094785355,63432.75104348836
0xf6beafa72d6416525c4cf039c9c122883dbef6a3,0xd96fa2bb527417418a79347652b86a665d078e8c3384bd88c2db04f79bb16fc5,1778938769,BUY,Down,Down,-1,False,4.666665,0.5099999678571314,2.379999,2.379999,-2.379999,2.379999,Up,1778939100,1.788296015541282,-331,matched,4,-0.014999629226907119,-0.8945985408017397,0.8795989115748326,2.09344452994919,0.8351160141299708,-0.040239594446231486,0.8753556085762023,2.0833454730557532,502062.50978002505,3643.4975050714274,498419.01227495365,1186236.7507953774,147914.324335363,143205.13682588446,4709.1875094785355,11207.861563371405
0xf6beafa72d6416525c4cf039c9c122883dbef6a3,0xd96fa2bb527417418a79347652b86a665d078e8c3384bd88c2db04f79bb16fc5,1778938769,BUY,Down,Down,-1,False,17.627448,0.5099999727697395,8.989998,8.989998,-8.989998,8.989998,Up,1778939100,1.788296015541282,-331,matched,4,-0.014999629226907119,-0.8945985408017397,0.8795989115748326,7.9075924558599215,0.8351160141299708,-0.040239594446231486,0.8753556085762023,7.8694451703888415,502062.50978002505,3643.4975050714274,498419.01227495365,4480785.923513809,147914.324335363,143205.13682588446,4709.1875094785355,42335.58629183702
0xf6beafa72d6416525c4cf039c9c122883dbef6a3,0xd96fa2bb527417418a79347652b86a665d078e8c3384bd88c2db04f79bb16fc5,1778938769,BUY,Down,Down,-1,False,17.9922,0.49966096419559586,8.99,8.99,-8.99,8.99,Up,1778939100,1.788296015541282,-331,matched,4,-0.014999629226907119,-0.8945985408017397,0.8795989115748326,7.907594215057745,0.8351160141299708,-0.040239594446231486,0.8753556085762023,7.869446921100059,502062.50978002505,3643.4975050714274,498419.01227495365,4480786.920351833,147914.324335363,143205.13682588446,4709.1875094785355,42335.59571021204
0xf6beafa72d6416525c4cf039c9c122883dbef6a3,0xd96fa2bb527417418a79347652b86a665d078e8c3384bd88c2db04f79bb16fc5,1778938768,BUY,Up,Up,1,True,8.461537,0.5199999716363587,4.399998999999999,4.399998999999999,4.0615380000000005,4.0615380000000005,Up,1778939100,1.788296015541282,-332,matched,4,0.014999629226907119,0.8956714289661158,-0.8806717997392087,-3.576881980169187,-0.8351160141299708,0.040613288146336496,-0.8757293022763073,-3.556807838908709,-502062.50978002505,-3948.1791994129308,-498114.3305806121,-2023110.2819977184,147914.324335363,142714.559903602,5199.764431760996,21119.040830645692
0xf6beafa72d6416525c4cf039c9c122883dbef6a3,0xd96fa2bb527417418a79347652b86a665d078e8c3384bd88c2db04f79bb16fc5,1778938768,BUY,Down,Down,-1,False,9.183672,0.48999996951110625,4.499999,4.499999,-4.499999,4.499999,Up,1778939100,1.788296015541282,-332,matched,4,-0.014999629226907119,-0.8956714289661158,0.8806717997392087,3.9630222181546393,0.8351160141299708,-0.040613288146336496,0.8757293022763073,3.9407809845140807,502062.50978002505,3948.1791994129308,498114.3305806121,2241513.989498424,147914.324335363,142714.559903602,5199.764431760996,23398.934743160047
0xf6beafa72d6416525c4cf039c9c122883dbef6a3,0xd96fa2bb527417418a79347652b86a665d078e8c3384bd88c2db04f79bb16fc5,1778938768,BUY,Up,Up,1,True,10.134614,0.5199999723719128,5.269998999999999,5.269998999999999,4.864615,4.864615,Up,1778939100,1.788296015541282,-332,matched,4,0.014999629226907119,0.8956714289661158,-0.8806717997392087,-4.284129247088351,-0.8351160141299708,0.040613288146336496,-0.8757293022763073,-4.260085899792858,-502062.50978002505,-3948.1791994129308,-498114.3305806121,-2423134.444257404,147914.324335363,142714.559903602,5199.764431760996,25294.852051211015
0xf6beafa72d6416525c4cf039c9c122883dbef6a3,0xd96fa2bb527417418a79347652b86a665d078e8c3384bd88c2db04f79bb16fc5,1778938734,BUY,Down,Down,-1,False,26.763213,0.5559870184495411,14.879999,14.879999,-14.879999,14.879999,Up,1778939100,1.788296015541282,-366,matched,4,-0.06725194313164895,-1.0915186007884832,1.0242666576568342,15.241086841667036,0.8236682493328188,-0.20380634115669344,1.0274745904895122,15.28882087900935,500999.73264039704,51511.103210379515,449488.62943001755,6688390.356430031,170605.7474863081,168261.19223962264,2344.555246685457,34886.97972612435
0xf6beafa72d6416525c4cf039c9c122883dbef6a3,0xd96fa2bb527417418a79347652b86a665d078e8c3384bd88c2db04f79bb16fc5,1778938734,BUY,Down,Down,-1,False,53.089284,0.5599999992465523,29.729999,29.729999,-29.729999,29.729999,Up,1778939100,1.788296015541282,-366,matched,4,-0.06725194313164895,-1.0915186007884832,1.0242666576568342,30.451446707871025,0.8236682493328188,-0.20380634115669344,1.0274745904895122,30.546818547778607,500999.73264039704,51511.103210379515,449488.62943001755,13363296.503465792,170605.7474863081,168261.19223962264,2344.555246685457,69703.62513940339
0xb305d384400e3d7a15780216a55368ea677eca4e,0xdbb7478b14a6b71143e876870db2c8ff23b942400c7a6a894a902cdc8b86c539,1778547527,BUY,Up,Up,1,False,100.0,0.24,24.0,24.0,-24.0,24.0,Down,1778547600,1.2353089436801026,-73,matched,4,-0.7680294063403839,-0.6121109209716209,-0.15591848536876296,-3.742043648850311,-0.6533047015542056,-0.4998043458043395,-0.1535003557498661,-3.684008537996786,-2441.537397459033,-171185.59650015042,168744.0591026914,4049857.4184645936,2271.1075768697774,2305.5186937514227,-34.411116881645285,-825.8668051594868
0xb305d384400e3d7a15780216a55368ea677eca4e,0xdc5af3b3ae41655e43d550f41ba7619d97439cc3ea2f38d2d5095a4e94a355e3,1778409382,BUY,Down,Down,-1,True,60.0,0.51,30.6,30.6,29.4,29.4,Down,1778409600,0.2873442773726576,-218,matched,4,-0.060967401445359726,-1.8645701432713633,1.8036027418260034,53.0259206096845,0.9381659930188846,-0.8708268290842578,1.8089928221031424,53.18438896983238,162982.43772624317,-199089.1784335287,362071.61615977186,10644905.515097292,1096506.7597526885,1116130.4429392773,-19623.68318658881,-576936.285685711
0xf6beafa72d6416525c4cf039c9c122883dbef6a3,0xdc5af3b3ae41655e43d550f41ba7619d97439cc3ea2f38d2d5095a4e94a355e3,1778409377,BUY,Down,Down,-1,True,15.039214,0.5099999906910029,7.669999,7.669999,7.369215,7.369215,Down,1778409600,0.2873442773726576,-223,matched,4,-0.06092286218049858,-1.3813180586434917,1.320395196462993,9.730276087703034,0.9381659930188846,-0.38769417404589995,1.3258601670647845,9.770548631036315,162982.43772624317,89778.67351363262,73203.76421261055,539454.2772920328,1096531.1896847887,1118882.310421668,-22351.120736879297,-164710.21420102197
0xf6beafa72d6416525c4cf039c9c122883dbef6a3,0xdc5af3b3ae41655e43d550f41ba7619d97439cc3ea2f38d2d5095a4e94a355e3,1778409377,BUY,Down,Down,-1,True,2.176469,0.509999912702639,1.109999,1.109999,1.06647,1.06647,Down,1778409600,0.2873442773726576,-223,matched,4,-0.06092286218049858,-1.3813180586434917,1.320395196462993,1.4081618651718881,0.9381659930188846,-0.38769417404589995,1.3258601670647845,1.4139900923695807,162982.43772624317,89778.67351363262,73203.76421261055,78069.61841982277,1096531.1896847887,1118882.310421668,-22351.120736879297,-23836.799732259664
0xb305d384400e3d7a15780216a55368ea677eca4e,0xdc5af3b3ae41655e43d550f41ba7619d97439cc3ea2f38d2d5095a4e94a355e3,1778409333,BUY,Up,Up,1,False,100.0,0.42,42.0,42.0,-42.0,42.0,Down,1778409600,0.2873442773726576,-267,matched,4,0.05875101115608228,1.341341632063621,-1.2825906209075386,-53.86880607811662,-0.9378451607599925,0.3544236999705424,-1.2922688607305348,-54.27529215068246,-163053.9791890853,234027.64128437065,-397081.620473456,-16677428.059885152,1097835.1546504726,1128470.8826787786,-30635.72802830604,-1286700.5771888536
0xf6beafa72d6416525c4cf039c9c122883dbef6a3,0xdc5af3b3ae41655e43d550f41ba7619d97439cc3ea2f38d2d5095a4e94a355e3,1778409331,BUY,Up,Up,1,False,46.190475,0.41999998917525744,19.399998999999998,19.399998999999998,-19.399998999999998,19.399998999999998,Down,1778409600,0.2873442773726576,-269,matched,4,0.05880628809422639,1.340983406180162,-1.2821771180859356,-24.87423480869003,-0.9377976468085764,0.3544236999705424,-1.2922213467791188,-25.069092835293556,-163049.7162121283,234027.64128437065,-397077.35749649897,-7703300.338354722,1097834.1316492558,1128675.083289167,-30840.95163991116,-598314.4309733248
0xb305d384400e3d7a15780216a55368ea677eca4e,0xdc5af3b3ae41655e43d550f41ba7619d97439cc3ea2f38d2d5095a4e94a355e3,1778409326,BUY,Down,Down,-1,True,100.0,0.62,62.0,62.0,38.0,38.0,Down,1778409600,0.2873442773726576,-274,matched,4,-0.05880367072096282,-1.3407805009723104,1.2819768302513475,48.715119549551204,0.9377976468085764,-0.3544292364445091,1.2922268832530854,49.10462156361724,163049.7162121283,-234103.96688534066,397153.6830974689,15091839.95770382,1097861.6253903639,1128817.8362998816,-30956.210909517715,-1176336.0145616732
0xb305d384400e3d7a15780216a55368ea677eca4e,0xdc5af3b3ae41655e43d550f41ba7619d97439cc3ea2f38d2d5095a4e94a355e3,1778409155,BUY,Up,Up,1,False,200.0,0.3574405,71.4881,71.4881,-71.4881,71.4881,Down,1778409600,0.2873442773726576,-445,matched,4,-0.9172025827976235,0.395550639078893,-1.3127532218765166,-93.8462336008306,-0.990756835937766,0.3104303951238198,-1.3011872310615857,-93.01940289285375,-1258514.5287188364,38901.590025840276,-1297416.1187446767,-92749813.23843132,14009.892710436601,14018.110208615797,-8.2174981791959,-587.4533315841744
0xb305d384400e3d7a15780216a55368ea677eca4e,0xdc5af3b3ae41655e43d550f41ba7619d97439cc3ea2f38d2d5095a4e94a355e3,1778409524,BUY,Down,Down,-1,True,100.0,0.78,78.0,78.0,21.999999999999996,21.999999999999996,Down,1778409600,0.2873442773726576,-76,matched,4,0.8289834746343734,-0.5649958289106921,1.3939793035450654,30.667544677991433,0.9467925797357585,-0.46307301847356386,1.4098655982093224,31.017043160605088,162555.3442147097,-826.887448851001,163382.2316635607,3594409.0965983346,1476.230657408014,1652.4796030124708,-176.24894560445682,-3877.4768032980496
0xb305d384400e3d7a15780216a55368ea677eca4e,0xdc5af3b3ae41655e43d550f41ba7619d97439cc3ea2f38d2d5095a4e94a355e3,1778409489,BUY,Down,Down,-1,True,76.92,0.61,46.9212,46.9212,29.998800000000003,29.998800000000003,Down,1778409600,0.2873442773726576,-111,matched,4,0.19582513852065386,-0.2849808954161945,0.48080603393684834,14.423604050864727,0.9397461566170953,0.44478534311383455,0.4949608135032607,14.84823045212162,161939.58840618678,6123.475685739813,155816.11272044698,4674296.402278146,1401.828009544406,1458.177928778765,-56.34991923435882,-1690.4299571276836
0xb305d384400e3d7a15780216a55368ea677eca4e,0xdd1cdcbafbae37a600deccfeec597ce7209f215c679fa58819458945c13acf73,1778416718,BUY,Up,Up,1,True,100.0,0.53,53.0,53.0,47.0,47.0,Up,1778416800,2.451809387185661,-82,matched,4,0.6021439081826487,-0.3117838435732655,0.9139277517559142,42.95460433252797,0.9836138116131339,0.09185035094106751,0.8917634606720664,41.91288265158712,535045.4708627928,-43769.5221724715,578814.9930352643,27204304.672657423,455.42746695515234,440.8964247989861,14.531042156166222,682.9589813398125
0xf6beafa72d6416525c4cf039c9c122883dbef6a3,0xdd1cdcbafbae37a600deccfeec597ce7209f215c679fa58819458945c13acf73,1778416767,BUY,Down,Down,-1,False,5.870966,0.3099999216483284,1.8199990000000001,1.8199990000000001,-1.8199990000000001,1.8199990000000001,Up,1778416800,2.451809387185661,-33,matched,4,-1.9863152316647372,-1.2070687178221997,-0.7792465138425375,-1.4182278759469045,-0.9998737894248045,-0.21995738882896942,-0.7799164005958351,-1.4194470691680194,-539353.6612826628,2885.9574947387773,-542239.6187774015,-986875.563935252,4000.251691070269,4062.7613804605935,-62.50968939032464,-113.76757218070146
0xb305d384400e3d7a15780216a55368ea677eca4e,0xdd1cdcbafbae37a600deccfeec597ce7209f215c679fa58819458945c13acf73,1778416765,BUY,Up,Up,1,True,33.54,0.54,18.1116,18.1116,15.428399999999998,15.428399999999998,Up,1778416800,2.451809387185661,-35,matched,4,1.9863152316647372,0.9920389522740867,0.9942762793906506,15.340092148950712,0.9998737894248045,0.0011248509247936411,0.9987489385000109,15.409098122753566,539353.6612826628,-4367.743406608746,543721.4046892715,8388751.320107955,4000.251691070269,4054.808153331207,-54.55646226093813,-841.7189223466578
0xf6beafa72d6416525c4cf039c9c122883dbef6a3,0xdec305a953082c91db30e1a326906580e3f7547482536c7f4c29306d68b31e68,1777723620,BUY,Down,Down,-1,True,8.305082,0.5899999542448828,4.899998,4.899998,3.4050840000000004,3.4050840000000004,Down,1777723800,2.858598392261533,-180,matched,4,1.5065467072419478,1.5179022876670603,-0.011355580425112421,-0.03866670521626351,0.6176043371299625,0.630288664339735,-0.012684327209772417,-0.043191199632760705,46913.22844043112,54221.21905173456,-7307.990611303438,-24884.321902699558,39146.44576600415,40013.087261097804,-866.6414950936523,-2950.9870886794743
0xf6beafa72d6416525c4cf039c9c122883dbef6a3,0xdec305a953082c91db30e1a326906580e3f7547482536c7f4c29306d68b31e68,1777723572,BUY,Down,Down,-1,True,7.014283,0.6999999857433753,4.909998,4.909998,2.1042850000000004,2.1042850000000004,Down,1777723800,2.858598392261533,-228,matched,4,0.7103733357608422,-0.013556254431792626,0.7239295901926348,1.523354177698509,0.3990192622457565,-0.33696688836006805,0.7359861506058245,1.5487246169275777,35047.83978640108,-4457.735155108268,39505.574941509345,83130.98876579401,39517.21225262503,37428.70673548919,2088.50551713584,4394.810832126192
0xf6beafa72d6416525c4cf039c9c122883dbef6a3,0xdec305a953082c91db30e1a326906580e3f7547482536c7f4c29306d68b31e68,1777723568,BUY,Down,Down,-1,True,33.775861,0.5799999887493615,19.589999,19.589999,14.185862,14.185862,Down,1777723800,2.858598392261533,-232,matched,4,0.7142512048515988,0.0073748643428001096,0.7068763405087987,10.027650217522828,0.39970277956368244,-0.29933130391065865,0.6990340834743412,9.916401041463484,35147.85143440106,-33144.98464239502,68292.83607679608,968792.7481740507,39421.18545392505,39898.80261779313,-477.61716386808257,-6775.411175464005
0xf6beafa72d6416525c4cf039c9c122883dbef6a3,0xdedf82c050c0c1d47500891a0d99dfae13a07c57e397d0b8cbe97179df515daa,1777708580,BUY,Down,Down,-1,True,8.448273,0.5799999597550884,4.899998000000001,4.899998000000001,3.548275,3.548275,Down,1777708800,0.2397683171850502,-220,matched,4,-0.1997844703791146,-0.786183943160584,0.5863994727814694,2.0807065892836683,0.16327679640183426,-0.412691409562587,0.5759682059644212,2.0436935860184064,2597.9099655390164,-4559.581158431984,7157.491123971,25396.7468179082,5521.301910493959,5319.121045193468,202.18086530049186,717.3933098241027
0xf6beafa72d6416525c4cf039c9c122883dbef6a3,0xdedf82c050c0c1d47500891a0d99dfae13a07c57e397d0b8cbe97179df515daa,1777708564,BUY,Down,Down,-1,True,8.890908,0.5499999550102195,4.889999,4.889999,4.000908999999999,4.000908999999999,Down,1777708800,0.2397683171850502,-236,matched,4,-0.2633028266252009,-0.08895649819918776,-0.1743463284260131,-0.6975437945165915,0.1630422818449815,0.34224539922929087,-0.17920311738430936,-0.7169753651709396,2595.6809732230176,9382.130147801021,-6786.449174578003,-27151.965580611697,6110.446183784981,6501.604115800736,-391.15793201575434,-1564.9872906232195
0xb305d384400e3d7a15780216a55368ea677eca4e,0xdf15dcd521a8292e725eea4675c758c0269fbf7e397eb7803d3cc16de7642313,1779603136,BUY,Up,Up,1,True,100.0,0.48,48.0,48.0,52.0,52.0,Up,1779603300,1.5236358453971062,-164,matched,4,0.05500140589355418,-0.6702753866021844,0.7252767924957386,37.71439320977841,0.9806090898269884,0.25141192125852957,0.7291971685684588,37.918252765559856,611381.7543616949,1322.6154097085055,610059.1389519864,31723075.225503296,6463.131717041018,6391.172938545133,71.95877849588578,3741.8564817860606
0xb305d384400e3d7a15780216a55368ea677eca4e,0xdf15dcd521a8292e725eea4675c758c0269fbf7e397eb7803d3cc16de7642313,1779603262,BUY,Up,Up,1,True,125.09,0.4611351826684787,57.6834,57.6834,67.40660000000001,67.40660000000001,Up,1779603300,1.5236358453971062,-38,matched,4,1.241235518366137,0.5789408371562373,0.6622946812098996,44.64303265844323,0.9805865109734198,0.2886840839256829,0.6919024270477369,46.63879013903599,608921.1045200359,7428.823356049979,601492.281163986,40544549.599508345,16.23128521896433,19.02828940501786,-2.7970041860535275,-188.53654236763575
0xf6beafa72d6416525c4cf039c9c122883dbef6a3,0xdf15dcd521a8292e725eea4675c758c0269fbf7e397eb7803d3cc16de7642313,1779603257,BUY,Down,Down,-1,False,36.296295,0.5399999917346936,19.599999,19.599999,-19.599999,19.599999,Up,1779603300,1.5236358453971062,-43,matched,4,-0.9221229086205338,0.793266323427075,-1.7153892320476087,-33.6216272327439,-0.9805865109734198,0.7169145372373229,-1.6975010482107427,-33.27101884742951,-608921.1045200359,5772.974712548148,-614694.0792325841,-12048003.33826457,30.046032920945436,31.47698636354471,-1.4309534425992751,-28.046686043992352
0xb305d384400e3d7a15780216a55368ea677eca4e,0xe088ce433d3dd2346840f93eb7e568f180e2513357bd298c5d7cd612043598f8,1780124896,BUY,Up,Up,1,False,0.84,0.26,0.2184,0.2184,-0.2184,0.2184,Down,1780125000,0.50850103836314,-104,matched,4,-0.9147270563620052,-0.4053476726546298,-0.5093793837073755,-0.1112484574016908,-0.15602281373979118,0.3467555636537099,-0.5027783773935011,-0.10980679762274063,-712.2525538530026,3096.0471740885714,-3808.299727941574,-831.7326605824398,1461.579691729974,1449.5458664922335,12.03382523774053,2.628187431922532
0xb305d384400e3d7a15780216a55368ea677eca4e,0xe0b048e3976951204db0859b6cd95cb579772ba8a5bcc1d2294a281668806017,1779565184,BUY,Down,Down,-1,False,300.0,0.05,15.0,15.0,-15.0,15.0,Up,1779565200,0.4506283805942526,-16,matched,4,1.1377234309508641,0.13363296509261022,1.004090465858254,15.061356987873808,0.13772343095080225,-0.8656407320719396,1.003364163022742,15.050462445341129,78.6283826851286,-191551.05648643346,191629.6848691186,2874445.273036779,7510.710701018572,7493.176043200332,17.534657818239793,263.0198672735969
0xf6beafa72d6416525c4cf039c9c122883dbef6a3,0xe0b048e3976951204db0859b6cd95cb579772ba8a5bcc1d2294a281668806017,1779564993,BUY,Up,Up,1,True,4.676469,0.33999990163518673,1.589999,1.589999,3.0864700000000003,3.0864700000000003,Up,1779565200,0.4506283805942526,-207,matched,4,-0.40959907316274,-0.19517052985983757,-0.21442854330290245,-0.6618272660481094,-0.15591930786767905,0.06831036756086967,-0.2242296754285487,-0.6920781663199528,-21259.249740678002,-113132.75183039827,91873.50208972026,283564.80799485894,152759.52333755489,153885.0289644805,-1125.5056269256165,-3473.839352337108
0xf6beafa72d6416525c4cf039c9c122883dbef6a3,0xe0b048e3976951204db0859b6cd95cb579772ba8a5bcc1d2294a281668806017,1779564989,BUY,Up,Up,1,True,5.606059,0.32999991616213814,1.849999,1.849999,3.7560600000000006,3.7560600000000006,Up,1779565200,0.4506283805942526,-211,matched,4,-0.40766342383191084,-0.4818677585081889,0.07420433467627807,0.27871593330418104,-0.15515017190576025,-0.2491909452619967,0.09404077335623645,0.35322278717242556,-21171.396255131927,-43865.543108921986,22694.14685379006,85240.5772316467,152744.0863881088,162988.9274405482,-10244.841052439413,-38480.237683425585
0xf6beafa72d6416525c4cf039c9c122883dbef6a3,0xe0b048e3976951204db0859b6cd95cb579772ba8a5bcc1d2294a281668806017,1779564988,BUY,Up,Up,1,True,6.75,0.32,2.16,2.16,4.59,4.59,Up,1779565200,0.4506283805942526,-212,matched,4,-0.4076260247468168,-0.5228803533811728,0.11525432863435597,0.5290173684316939,-0.15515017190576025,-0.302315021609024,0.14716484970326377,0.6754866601379806,-21171.396255131927,-54932.87105200432,33761.47479687239,154965.16931764426,152748.64734556875,156096.3615633825,-3347.7142178137437,-15366.008259765083
0xf6beafa72d6416525c4cf039c9c122883dbef6a3,0xe1355faa50d7263c80b0907930f7e3d085818fde81daefb28bde4dadb3349de3,1780823901,BUY,Up,Up,1,False,59.07,0.3833858134416794,22.6466,22.6466,-22.6466,22.6466,Down,1780824000,6.665193503929498,-99,matched,4,-0.4191695166703441,-0.7496107933283732,0.33044127665802914,7.483371415963722,0.48569912128190007,0.15946215474665304,0.32623696653524703,7.388158086337125,100179.14077617333,-104182.88428755624,204362.02506372955,4628105.036808258,124380.70619524457,129581.98558671404,-5201.279391469478,-117791.29386685266
0xf6beafa72d6416525c4cf039c9c122883dbef6a3,0xe1355faa50d7263c80b0907930f7e3d085818fde81daefb28bde4dadb3349de3,1780823803,BUY,Up,Up,1,False,151.51,0.32,48.4832,48.4832,-48.4832,48.4832,Down,1780824000,6.665193503929498,-197,matched,4,0.13088122835822802,-0.566059619658049,0.696940848016277,33.78992252254276,0.6435145322978406,-0.04988955257852927,0.6934040848763698,33.61844892787801,212753.63922030246,-123147.30424065443,335900.9434609569,16285552.622006265,420267.0576689802,443468.133738625,-23201.07606964477,-1124862.4112998012
0xf6beafa72d6416525c4cf039c9c122883dbef6a3,0xe1355faa50d7263c80b0907930f7e3d085818fde81daefb28bde4dadb3349de3,1780823802,BUY,Up,Up,1,False,58.13,0.31134354034061584,18.098399999999998,18.098399999999998,-18.098399999999998,18.098399999999998,Down,1780824000,6.665193503929498,-198,matched,4,0.1306558477791937,-0.4792389290273754,0.6098947768065691,11.038119628556009,0.643383810781113,0.03612113755108158,0.6072626732300314,10.990482765186398,212727.34097860253,-122299.6776112272,335027.01858982973,6063452.9932461735,420240.75942728017,442512.233735363,-22271.474308082834,-403078.0506174063
0xf6beafa72d6416525c4cf039c9c122883dbef6a3,0xe1355faa50d7263c80b0907930f7e3d085818fde81daefb28bde4dadb3349de3,1780823797,BUY,Up,Up,1,False,78.94,0.36,28.4184,28.4184,-28.4184,28.4184,Down,1780824000,6.665193503929498,-203,matched,4,-0.003323019454839815,-0.4028015923857303,0.3994785729308905,11.352541876979219,0.567182143370744,0.14865704316471204,0.41852510020603195,11.893813707695097,196657.40833656152,10096.285567704763,186561.12276885676,5301768.611294478,406191.48396208347,420714.6767408386,-14523.192778755154,-412725.90166377544
0xf6beafa72d6416525c4cf039c9c122883dbef6a3,0xe2055c0c730517f0570a85b1b6b4475d191ef32600aa64bb087941b8924c6191,1778103114,BUY,Down,Down,-1,False,40.791665,0.23999998529111277,9.789999,9.789999,-9.789999,9.789999,Up,1778103300,5.032873273885257,-186,matched,4,-0.5240384834931618,-1.155233120089222,0.6311946365960602,6.179394861080793,0.2186734136363396,-0.4127173916870022,0.6313908053233418,6.18131535272471,30523.471875699062,-70287.67128744784,100811.1431631469,986940.990756065,100905.86464550823,100271.39252201583,634.4721234924073,6211.481454518544
0xb305d384400e3d7a15780216a55368ea677eca4e,0xe259bd7ba8440202507be836ed36e2936a2b3aa2fccc6dde5ae8f2505771c1cb,1777908170,BUY,Down,Down,-1,True,100.0,0.4485,44.85,44.85,55.15,55.15,Down,1777908300,8.038042273979475,-130,matched,4,0.2857497091634904,-0.6416222592041227,0.9273719683676132,51.144564055473865,0.7511642732018343,-0.11972041115504338,0.8708846843568777,48.029290342281804,221312.1705013928,28842.318628448615,192469.8518729442,10614712.330792872,2558114.3024142105,2647995.9435805194,-89881.6411663089,-4956972.510321936
0xb305d384400e3d7a15780216a55368ea677eca4e,0xe259bd7ba8440202507be836ed36e2936a2b3aa2fccc6dde5ae8f2505771c1cb,1777908292,BUY,Down,Down,-1,True,100.0,0.57634,57.63399999999999,57.63399999999999,42.36600000000001,42.36600000000001,Down,1777908300,8.038042273979475,-8,offset_out_of_range,,,,,,,,,,,,,,,,,
0xf6beafa72d6416525c4cf039c9c122883dbef6a3,0xe27b3a96953675acf58a3130e66c0f98649161604e3480701e9b4a174e686448,1778360302,BUY,Down,Down,-1,False,17.910713,0.5516251083918323,9.879999000000002,9.879999000000002,-9.879999000000002,9.879999000000002,Up,1778360400,2.8615915334169086,-98,matched,4,0.04340734903798845,-0.6388084169247084,0.6822157659626968,6.74029108549568,0.08190140685034962,-0.5943576949096563,0.6762591017600059,6.681439249129758,306.8857393951621,-39233.39169235263,39540.27743174779,390657.9014853908,12751.214476026129,12423.460377679352,327.754098346777,3238.210163912059
0xf6beafa72d6416525c4cf039c9c122883dbef6a3,0xe27b3a96953675acf58a3130e66c0f98649161604e3480701e9b4a174e686448,1778360212,BUY,Down,Down,-1,False,2.5,0.42,1.05,1.05,-1.05,1.05,Up,1778360400,2.8615915334169086,-188,matched,4,-1.320704843164006,-0.878762100636466,-0.44194274252754007,-0.4640398796539171,-0.36166383026843846,0.09127577341066953,-0.452939603679108,-0.47558658386306346,-3652.611726253759,55289.958335671996,-58942.570061925755,-61889.698565022045,749842.4839732985,758596.7935402727,-8754.30956697429,-9192.025045323006
0xf6beafa72d6416525c4cf039c9c122883dbef6a3,0xe27b3a96953675acf58a3130e66c0f98649161604e3480701e9b4a174e686448,1778360212,BUY,Down,Down,-1,False,38.266665,0.4499999934668987,17.219999,17.219999,-17.219999,17.219999,Up,1778360400,2.8615915334169086,-188,matched,4,-1.320704843164006,-0.878762100636466,-0.44194274252754007,-7.610253584381498,-0.36166383026843846,0.09127577341066953,-0.452939603679108,-7.799619522414637,-3652.611726253759,55289.958335671996,-58942.570061925755,-1014990.9975237915,749842.4839732985,758596.7935402727,-8754.30956697429,-150749.20198898774
0xf6beafa72d6416525c4cf039c9c122883dbef6a3,0xe27b3a96953675acf58a3130e66c0f98649161604e3480701e9b4a174e686448,1778360211,BUY,Down,Down,-1,False,2.382977,0.46999992026779946,1.119999,1.119999,-1.119999,1.119999,Up,1778360400,2.8615915334169086,-189,matched,4,-1.320704843164006,-0.9399529857670171,-0.3807518573969889,-0.42644169953277017,-0.36166383026843846,0.02269390945426951,-0.384357739722708,-0.4304802841316932,-3652.611726253759,22535.941676345406,-26188.553402599166,-29331.153622357662,749842.4839732985,760209.7899123107,-10367.305939012207,-11611.372284387733
0xf6beafa72d6416525c4cf039c9c122883dbef6a3,0xe27b3a96953675acf58a3130e66c0f98649161604e3480701e9b4a174e686448,1778360211,BUY,Down,Down,-1,False,82.966875,0.45861676723391115,38.050000000000004,38.050000000000004,-38.050000000000004,38.050000000000004,Up,1778360400,2.8615915334169086,-189,matched,4,-1.320704843164006,-0.9399529857670171,-0.3807518573969889,-14.48760817395543,-0.36166383026843846,0.02269390945426951,-0.384357739722708,-14.62481199644904,-3652.611726253759,22535.941676345406,-26188.553402599166,-996474.4569688984,749842.4839732985,760209.7899123107,-10367.305939012207,-394475.99097941455
0xf6beafa72d6416525c4cf039c9c122883dbef6a3,0xe27b3a96953675acf58a3130e66c0f98649161604e3480701e9b4a174e686448,1778360209,BUY,Down,Down,-1,False,18.502856,0.41939465993790365,7.7599990000000005,7.7599990000000005,-7.7599990000000005,7.7599990000000005,Up,1778360400,2.8615915334169086,-191,matched,4,-1.320704843164006,-0.5870011825063033,-0.7337036606577028,-5.693539673000113,-0.36166383026843846,0.3791595193461919,-0.7408233496146304,-5.748788452186182,-3652.611726253759,63558.80554026139,-67211.41726651514,-521560.5307767403,749842.4839732985,761577.4284395784,-11734.944466279936,-91063.15732338784
0xf6beafa72d6416525c4cf039c9c122883dbef6a3,0xe27b3a96953675acf58a3130e66c0f98649161604e3480701e9b4a174e686448,1778360209,BUY,Down,Down,-1,False,2.60465,0.4299998080356286,1.119999,1.119999,-1.119999,1.119999,Up,1778360400,2.8615915334169086,-191,matched,4,-1.320704843164006,-0.5870011825063033,-0.7337036606577028,-0.8217473662329664,-0.36166383026843846,0.3791595193461919,-0.7408233496146304,-0.8297214107450364,-3652.611726253759,63558.80554026139,-67211.41726651514,-75276.7201270797,749842.4839732985,761577.4284395784,-11734.944466279936,-13143.126067289062
0xf6beafa72d6416525c4cf039c9c122883dbef6a3,0xe27b3a96953675acf58a3130e66c0f98649161604e3480701e9b4a174e686448,1778360207,BUY,Down,Down,-1,False,7.775,0.4,3.1100000000000003,3.1100000000000003,-3.1100000000000003,3.1100000000000003,Up,1778360400,2.8615915334169086,-193,matched,4,-1.3374361566187258,-0.4811284440237942,-0.8563077125949317,-2.6631169861702375,-0.3760752534792309,0.4936310822325291,-0.86970633571176,-2.704786704063574,-4248.968639010796,237091.63029324546,-241340.59893225625,-750569.262679317,748648.4578546095,750122.561282124,-1474.1034275145503,-4584.461659570252
0xf6beafa72d6416525c4cf039c9c122883dbef6a3,0xe27b3a96953675acf58a3130e66c0f98649161604e3480701e9b4a174e686448,1778360356,BUY,Down,Down,-1,False,17.836362,0.5499999943934756,9.809999000000001,9.809999000000001,-9.809999000000001,9.809999000000001,Up,1778360400,2.8615915334169086,-44,matched,4,-0.15895264922226915,-0.7552076641455276,0.5962550149232585,5.849261100142152,0.017935505294765026,-0.5652005336769745,0.5831360389717396,5.720563959176728,24.37338611902669,-3092.3401891657763,3116.713575284803,30574.957056830346,1597.1269727216568,1515.3591084765358,81.76786424512102,802.142666476773
0xb305d384400e3d7a15780216a55368ea677eca4e,0xe2cfa71c5d136d59857ce73e8b665d06b77321e685405aca95e9e30d4af4f2ce,1780044273,BUY,Up,Up,1,True,400.0,0.16,64.0,64.0,336.0,336.0,Up,1780044300,1.1696690674674126,-27,matched,4,0.003774650023617543,-0.052230930083678406,0.05600558010729595,18.817874916051437,0.9997286557405883,0.9468088249259313,0.05291983081465701,17.781063153724755,736872.8112574607,369971.5267767983,366901.28448066243,123278831.58550258,295254.8234867491,317539.49921078916,-22284.675724040077,-7487651.043277466
0xb305d384400e3d7a15780216a55368ea677eca4e,0xe2cfa71c5d136d59857ce73e8b665d06b77321e685405aca95e9e30d4af4f2ce,1780044268,BUY,Up,Up,1,True,351.61,0.3782181962970336,132.9853,132.9853,218.6247,218.6247,Up,1780044300,1.1696690674674126,-32,matched,4,0.007390507308651206,-0.9561405992668175,0.9635311065754687,210.65169911572985,0.9997738554367812,0.03715852298274919,0.9626153324540321,210.45148827316302,884192.1484459218,-26159.343548283083,910351.4919942049,199025321.83178544,156840.4789873911,156589.50109812664,250.9778892644681,54869.96574707756
0xb305d384400e3d7a15780216a55368ea677eca4e,0xe2fb1013c707decea6643aeb91865162c16694832170a769c89a05b1cdc6bdb0,1780241213,BUY,Up,Up,1,True,100.0,0.51,51.0,51.0,49.0,49.0,Up,1780241400,1.3617557489651637,-187,matched,4,0.4252450714282042,-0.5300364373734132,0.9552815088016174,46.808793931279254,0.9838915460925386,0.024496399316269832,0.9593951467762688,47.01036219203717,307024.60537574906,-7179.749660240752,314204.35503598984,15396013.396763502,8135.906962948036,8372.108972578048,-236.20200963001116,-11573.898471870547
0xb305d384400e3d7a15780216a55368ea677eca4e,0xe2fb1013c707decea6643aeb91865162c16694832170a769c89a05b1cdc6bdb0,1780241201,BUY,Up,Up,1,True,300.0,0.62,186.0,186.0,114.0,114.0,Up,1780241400,1.3617557489651637,-199,matched,4,0.44476432489138296,-1.0500012759257031,1.494765600817086,170.4032784931478,0.9832074834805397,-0.5125050635206911,1.4957125470012307,170.5112303581403,306916.97034117504,-52194.5118286091,359111.48216978414,40938708.96735539,8403.587174689106,8547.041135801439,-143.45396111233276,-16353.751566805935
0xf6beafa72d6416525c4cf039c9c122883dbef6a3,0xe2fd1c3d63f0021e46c323baa93cff921e81e02f8c7da57e35a349502fdfc066,1778022336,BUY,Down,Down,-1,False,19.445685,0.5024250367112293,9.769999000000002,9.769999000000002,-9.769999000000002,9.769999000000002,Up,1778022600,6.025951596681492,-264,matched,4,-0.43096784545631406,0.8952989523917472,-1.3262667978480613,-12.957625288708764,-0.7953369194394282,0.566221568311787,-1.3615584877512152,-13.302425063770889,-720877.2756710183,551466.7811845146,-1272344.0568555328,-12430800.163134502,428595.574738347,426136.4498016787,2459.1249366682605,24025.648172123972
0xb305d384400e3d7a15780216a55368ea677eca4e,0xe4a3db9a7aed4032d1812d1d9de2143f2767567fff75a3899aa76ab3b1803298,1779510573,BUY,Up,Up,1,True,129.77,0.4798181397857748,62.266000000000005,62.266000000000005,67.504,67.504,Up,1779510600,0.9190315453149052,-27,matched,4,1.5835853881284856,0.9126822085961588,0.6709031795323268,45.28864823115019,0.989325857165241,0.3287791688482914,0.6605466883169496,44.58954364814737,676344.0022202833,1694.8165794691886,674649.185640814,45541518.62749751,4205.135026802949,4464.698121378606,-259.5630945756566,-17521.547136235124
0xf6beafa72d6416525c4cf039c9c122883dbef6a3,0xe4a3db9a7aed4032d1812d1d9de2143f2767567fff75a3899aa76ab3b1803298,1779510542,BUY,Up,Up,1,True,56.448978,0.48999999610267525,27.659999,27.659999,28.788978999999994,28.788978999999994,Up,1779510600,0.9190315453149052,-58,matched,4,-0.014524996265754542,-0.7902962325668631,0.7757712363011086,22.333661830676647,0.9796473477687012,0.2045471558276326,0.7751001919410686,22.31434314868739,673936.5634644581,3463.965983574762,670472.5974808834,19302221.5289526,23790.44810808805,23819.64771349168,-29.199605403628084,-840.6268267733352
0xf6beafa72d6416525c4cf039c9c122883dbef6a3,0xe4a3db9a7aed4032d1812d1d9de2143f2767567fff75a3899aa76ab3b1803298,1779510542,BUY,Up,Up,1,True,4.673468,0.48999993152836396,2.289999,2.289999,2.383469,2.383469,Up,1779510600,0.9190315453149052,-58,matched,4,-0.014524996265754542,-0.7902962325668631,0.7757712363011086,1.8490266928153667,0.9796473477687012,0.2045471558276326,0.7751001919410686,1.8474272793855868,673936.5634644581,3463.965983574762,670472.5974808834,1598050.6514451634,23790.44810808805,23819.64771349168,-29.199605403628084,-69.59635429178002
0xb305d384400e3d7a15780216a55368ea677eca4e,0xe4a3db9a7aed4032d1812d1d9de2143f2767567fff75a3899aa76ab3b1803298,1779510536,BUY,Up,Up,1,True,200.0,0.48,96.0,96.0,104.0,104.0,Up,1779510600,0.9190315453149052,-64,matched,4,-0.018425296670933067,-0.8613808904145741,0.842955593743641,87.66738174933867,0.9795182048059746,0.13574342431799707,0.8437747804879776,87.75257717074967,673891.6826739882,2396.8142890012386,671494.8683849869,69835466.31203863,23769.02553110203,23811.450095809298,-42.424564707267564,-4412.154729555827
0xf6beafa72d6416525c4cf039c9c122883dbef6a3,0xe4a3db9a7aed4032d1812d1d9de2143f2767567fff75a3899aa76ab3b1803298,1779510531,BUY,Up,Up,1,True,6.702126,0.469999967174595,3.1499989999999998,3.1499989999999998,3.552127,3.552127,Up,1779510600,0.9190315453149052,-69,matched,4,-0.018425121757598473,-0.8911656339590059,0.8727405122014075,3.100085137384449,0.9795182495820968,0.10438315830008117,0.8751350912820156,3.1085909863903125,673893.1867057001,-144115.15427192036,818008.3409776204,2905669.514211812,23767.521499390015,23934.85311910302,-167.33161971300433,-594.383164336295
0xf6beafa72d6416525c4cf039c9c122883dbef6a3,0xe4a3db9a7aed4032d1812d1d9de2143f2767567fff75a3899aa76ab3b1803298,1779510508,BUY,Up,Up,1,True,5.74,0.5,2.87,2.87,2.87,2.87,Up,1779510600,0.9190315453149052,-92,matched,4,-0.00795020504120203,-0.0870197432353402,0.07906953819413817,0.22692957461717655,0.9801194959073307,0.9003428833608472,0.0797766125464835,0.22895887800840764,697109.7622758101,17187.581775110768,679922.1805006993,1951376.658037007,1187.9003945229924,1192.9521276408268,-5.051733117834374,-14.498474048184654
0xf6beafa72d6416525c4cf039c9c122883dbef6a3,0xe4a3db9a7aed4032d1812d1d9de2143f2767567fff75a3899aa76ab3b1803298,1779510507,BUY,Up,Up,1,True,13.66,0.5,6.83,6.83,6.83,6.83,Up,1779510600,0.9190315453149052,-93,matched,4,-0.00795020504120203,-0.3741280013935133,0.3661777963523113,2.500994349086286,0.9801194959073307,0.6115616074426824,0.3685578884646483,2.5172503782135482,697109.7622758101,1121.1517363892563,695988.6105394209,4753602.209984245,1187.9003945229924,1216.1438478174168,-28.2434532944244,-192.90278600091864
0xf6beafa72d6416525c4cf039c9c122883dbef6a3,0xe4a3db9a7aed4032d1812d1d9de2143f2767567fff75a3899aa76ab3b1803298,1779510466,BUY,Up,Up,1,True,40.541665,0.4799999950668035,19.459999000000003,19.459999000000003,21.081666000000002,21.081666000000002,Up,1779510600,0.9190315453149052,-134,matched,4,0.15846796516217165,-1.1937933265866998,1.3522612917488714,28.507920897378266,0.9801335194814514,-0.3891994817623362,1.3693330012437877,28.86782097499912,697611.8272391901,-81027.93235520496,778639.7595943951,16415023.346089333,1401.0793677930487,1391.4279793002243,9.65138849282448,203.46734864196912
0xb305d384400e3d7a15780216a55368ea677eca4e,0xe4a3db9a7aed4032d1812d1d9de2143f2767567fff75a3899aa76ab3b1803298,1779510465,BUY,Up,Up,1,True,165.62,0.47,77.8414,77.8414,87.77860000000001,87.77860000000001,Up,1779510600,0.9190315453149052,-135,matched,4,0.15846796516217165,-1.1752955327350534,1.333763497897225,117.07589257652137,0.9801335194814514,-0.3713550820448767,1.351488601526328,118.63177735793896,697611.8272391901,-5880.376689460504,703492.2039286506,61751560.77177145,1401.0793677930487,1460.5170181766007,-59.437650383551954,-5217.353737957655
0xf6beafa72d6416525c4cf039c9c122883dbef6a3,0xe4a3db9a7aed4032d1812d1d9de2143f2767567fff75a3899aa76ab3b1803298,1779510444,BUY,Up,Up,1,True,4.872339,0.46999993227072256,2.2899990000000003,2.2899990000000003,2.58234,2.58234,Up,1779510600,0.9190315453149052,-156,matched,4,1.0807827609923317,0.5659405217613096,0.5148422392310221,1.3294977080558377,0.9801518887064988,0.44645874335337615,0.5336931453531226,1.3781771569711827,698270.5463168141,397.54264103975584,697873.0036757744,1802145.3723120992,3269.404671883094,3340.965278851563,-71.56060696846907,-184.7938177989564
0xf6beafa72d6416525c4cf039c9c122883dbef6a3,0xe4a3db9a7aed4032d1812d1d9de2143f2767567fff75a3899aa76ab3b1803298,1779510437,BUY,Up,Up,1,True,9.347825,0.4599999465116217,4.299999,4.299999,5.047826000000001,5.047826000000001,Up,1779510600,0.9190315453149052,-163,matched,4,1.0612400225936927,0.20653380873760288,0.8547062138560898,4.314408248664331,0.9801524467462964,0.12016896920974289,0.8599834775365536,4.341046957479431,698290.5766668582,-3658.7993273906286,701949.3759942488,3543318.3108275454,3372.229973277077,3421.5305052321855,-49.300531955108454,-248.8605070168273
0xf6beafa72d6416525c4cf039c9c122883dbef6a3,0xe56fb28cc54e02c2d48738b3a5cfe71c99cc02e6b7d7e4ccbea0d744f70392f8,1780821112,BUY,Up,Up,1,False,76.92,0.38,29.2296,29.2296,-29.2296,29.2296,Down,1780821300,7.712703456629598,-188,matched,4,-1.7510436271878929,-0.9718542669329656,-0.7791893602549272,-22.775393324507423,-0.8769353647570587,-0.10191143559668683,-0.7750239291603719,-22.65363943978601,-491214.79674884095,-419171.6725638822,-72043.12418495875,-2105791.7026766706,195228.9296863617,206163.53637376666,-10934.606687404972,-319614.1796301724
0xf6beafa72d6416525c4cf039c9c122883dbef6a3,0xe56fb28cc54e02c2d48738b3a5cfe71c99cc02e6b7d7e4ccbea0d744f70392f8,1780821106,BUY,Up,Up,1,False,125.0,0.39,48.75,48.75,-48.75,48.75,Down,1780821300,7.712703456629598,-194,matched,4,-1.5919710996513805,-0.6523311157862118,-0.9396399838651687,-45.80744921342697,-0.7509600775337446,0.1822185807562764,-0.933178658290021,-45.49245959163852,-450914.06154246593,-30433.01304777572,-420481.0484946902,-20498451.114116147,164516.86825628788,162161.14155873886,2355.72669754902,114841.67650551474
0xf6beafa72d6416525c4cf039c9c122883dbef6a3,0xe56fb28cc54e02c2d48738b3a5cfe71c99cc02e6b7d7e4ccbea0d744f70392f8,1780821091,BUY,Up,Up,1,False,58.13,0.4,23.252000000000002,23.252000000000002,-23.252000000000002,23.252000000000002,Down,1780821300,7.712703456629598,-209,matched,4,-1.0853157597978336,-0.0547897790452192,-1.0305259807526144,-23.96179010445979,-0.7504445900375248,0.2794826785142188,-1.0299272685517438,-23.94786884836515,-450749.4881457739,71305.12694429845,-522054.61509007233,-12138813.910074363,641437.8522775169,631854.6835282559,9583.168749260949,222827.83975781561
0xb305d384400e3d7a15780216a55368ea677eca4e,0xe6b346d7580002e585d602910bf10e6940ff5daa7dbcc160bcae6b6f8e36798a,1778054092,BUY,Up,Up,1,False,100.0,0.01,1.0,1.0,-1.0,1.0,Down,1778054100,8.225327227275349,-8,offset_out_of_range,,,,,,,,,,,,,,,,,
0xf6beafa72d6416525c4cf039c9c122883dbef6a3,0xe6b346d7580002e585d602910bf10e6940ff5daa7dbcc160bcae6b6f8e36798a,1778053986,BUY,Up,Up,1,False,73.423075,0.2599999931901517,19.089999,19.089999,-19.089999,19.089999,Down,1778054100,8.225327227275349,-114,matched,4,0.45058054737951414,0.9194092992429654,-0.4688287518634513,-8.949940404244533,-0.4674055790421052,-0.005732370473633758,-0.4616732085684715,-8.81334108989891,-6096.894763628981,24216.723270004295,-30313.618033633276,-578686.9379484411,35061.0271598479,34751.66660660424,309.36055324366316,5905.692652060976
0xb305d384400e3d7a15780216a55368ea677eca4e,0xe79492c5b0724cec176c830871e8e18e9d85238ac9295f3180864d499b67308c,1779960754,BUY,Up,Up,1,True,100.0,0.39,39.0,39.0,61.0,61.0,Up,1779960900,1.2008348768819586,-146,matched,4,1.302946277769552,0.46497769700548663,0.8379685807640653,51.116083426607986,0.9017605752332969,0.07176733961824076,0.8299932356150561,50.62958737251842,351912.5504715362,6940.011857615216,344972.538613921,21043324.85544918,66586.60091586993,65295.44070210593,1291.1602137640002,78760.77303960401
0xb305d384400e3d7a15780216a55368ea677eca4e,0xe79492c5b0724cec176c830871e8e18e9d85238ac9295f3180864d499b67308c,1779960735,BUY,Up,Up,1,True,99.99,0.16,15.9984,15.9984,83.99159999999999,83.99159999999999,Up,1779960900,1.2008348768819586,-165,matched,4,1.7581207057734605,1.4069278661006823,0.35119283967277815,29.49724851266011,0.9020431900659617,0.5453757148654492,0.35666747520051245,29.957071910051358,353399.17498238845,43979.926235993364,309419.2487463951,25988617.773007717,366087.4702086884,369309.1609779533,-3221.690769264882,-270594.9624157882
0xb305d384400e3d7a15780216a55368ea677eca4e,0xe79492c5b0724cec176c830871e8e18e9d85238ac9295f3180864d499b67308c,1779960662,BUY,Up,Up,1,True,200.0,0.27,54.0,54.0,146.0,146.0,Up,1779960900,1.2008348768819586,-238,matched,4,1.679036309851034,0.6233615136379368,1.055674796213097,154.12852024711216,0.8308700166016827,-0.23506849222843326,1.0659385088301159,155.62702228919693,348176.89936208556,394758.88503229,-46581.98567020445,-6800969.907849849,356310.8964088479,361664.9224469622,-5354.026038114331,-781687.8015646923
0xb305d384400e3d7a15780216a55368ea677eca4e,0xe79492c5b0724cec176c830871e8e18e9d85238ac9295f3180864d499b67308c,1779960872,BUY,Down,Down,-1,False,300.0,0.36304033333333335,108.91210000000001,108.91210000000001,-108.91210000000001,108.91210000000001,Up,1779960900,1.2008348768819586,-28,matched,4,-0.1334737588665662,0.3899918029302236,-0.5234655617967898,-57.01173361296816,-0.9999800284802666,-0.48317093720649484,-0.5168090912737717,-56.28676342971816,-366850.583821058,-23875.440264531506,-342975.14355652645,-37354143.13254277,542.6833702998701,561.6705853211752,-18.98721502130502,-2067.9374611218745
0xf6beafa72d6416525c4cf039c9c122883dbef6a3,0xe7be4c8faf4efc8f14d801499c8a8f649e4da1dcbf2f28b04969e9c4e8f7a3b5,1779081289,BUY,Down,Down,-1,True,12.961034,0.7699999861122191,9.979996,9.979996,2.9810380000000003,2.9810380000000003,Down,1779081300,0.38426307431764334,-11,matched,4,-1.0460370422872547,-0.2444663785895138,-0.8015706636977409,-2.3895126081681863,-0.9113113260293145,-0.11527790804364291,-0.7960334179856716,-2.373005868285171,-228.30030310704024,678.6666492655895,-906.9669523726297,-2703.7029497669996,21.48135468410328,22.618100111954845,-1.1367454278515652,-3.3886813167517746
0xf6beafa72d6416525c4cf039c9c122883dbef6a3,0xe7be4c8faf4efc8f14d801499c8a8f649e4da1dcbf2f28b04969e9c4e8f7a3b5,1779081289,BUY,Down,Down,-1,True,12.886071,0.7744793583707555,9.979996,9.979996,2.9060749999999995,2.9060749999999995,Down,1779081300,0.38426307431764334,-11,matched,4,-1.0460370422872547,-0.2444663785895138,-0.8015706636977409,-2.329424466505412,-0.9113113260293145,-0.11527790804364291,-0.7960334179856716,-2.31333281517271,-228.30030310704024,678.6666492655895,-906.9669523726297,-2635.7139861162896,21.48135468410328,22.618100111954845,-1.1367454278515652,-3.3034674692437367
0xb305d384400e3d7a15780216a55368ea677eca4e,0xe7be4c8faf4efc8f14d801499c8a8f649e4da1dcbf2f28b04969e9c4e8f7a3b5,1779081181,BUY,Down,Down,-1,True,42.0,0.26,10.92,10.92,31.08,31.08,Down,1779081300,0.38426307431764334,-119,matched,4,0.5158833097439813,-0.14716235424087587,0.6630456639848572,20.607459236649362,0.9801192166601511,0.3176588465503539,0.6624603701097972,20.589268303012496,342361.059869979,5836.864480141051,336524.19538983796,10459171.992716163,57651.3139053178,57859.09836653981,-207.78446122200694,-6457.941054779975
0xb305d384400e3d7a15780216a55368ea677eca4e,0xe7be4c8faf4efc8f14d801499c8a8f649e4da1dcbf2f28b04969e9c4e8f7a3b5,1779081076,BUY,Down,Down,-1,True,146.26,0.2749911117188568,40.2202,40.2202,106.0398,106.0398,Down,1779081300,0.38426307431764334,-224,matched,4,1.4951440589563774,0.4014440966583125,1.0936999622980648,115.97572526209433,0.897399544503519,-0.20602834724102378,1.1034278917445428,117.00727295501297,329814.48106530897,-302265.62916283845,632080.1102281474,67025648.4725707,281949.0532993131,285446.1996124997,-3497.1463131865603,-370836.69562104024
0xb305d384400e3d7a15780216a55368ea677eca4e,0xe80dee24e35444858dc99c135ed250d7ed346a4fd26f8eb06db8fcbab8404c0f,1779950494,BUY,Up,Up,1,True,300.0,0.460858,138.2574,138.2574,161.7426,161.7426,Up,1779950700,9.306742794188601,-206,matched,4,-1.6389030370284892,-0.6057786183381381,-1.0331244186903512,-167.10022960246602,-0.9204282581109171,0.09019134041481619,-1.0106195985257334,-163.4602414765083,-681060.09622842,-40755.174900162005,-640304.921328258,-103564582.76842791,176558.98080688692,176266.87095779073,292.10984909618855,47246.60647842519
0xf6beafa72d6416525c4cf039c9c122883dbef6a3,0xe906a0565a7309260a747bf75ad9453ba92a5d87777989b738ec01ef85ad8821,1778090136,BUY,Up,Up,1,False,26.210525,0.37236945845228203,9.759999,9.759999,-9.759999,9.759999,Down,1778090400,0.16176683109848908,-264,matched,4,0.11999861995605754,-0.20855160882046586,0.3285502287765234,3.2066499043086396,0.7053128693972641,0.3833553091646764,0.3219575602325877,3.142305465912496,101069.2817796371,968780.2116192288,-867710.9298395917,-8468857.807523485,269486.2599899112,264745.3689732615,4740.891016649723,46271.09158161028
0xf6beafa72d6416525c4cf039c9c122883dbef6a3,0xe9f19acdfd1704cb864ac9b088506e0598682a92ad0af2659d4828b9256702ae,1778074612,BUY,Up,Up,1,False,45.744185,0.4236603843745385,19.379998999999998,19.379998999999998,-19.379998999999998,19.379998999999998,Down,1778074800,17.321499683294345,-188,matched,4,-1.6490502107847114,-0.7291579768603478,-0.9198922339243636,-17.82751057356193,-0.9245041894407188,0.043675165230929944,-0.9681793546716487,-18.763314925357196,-1451871.846909465,111487.17217333477,-1563359.0190827998,-30297896.22646564,855870.1730941054,990008.6920734439,-134138.51897933846,-2599604.3636810603
0xf6beafa72d6416525c4cf039c9c122883dbef6a3,0xe9f19acdfd1704cb864ac9b088506e0598682a92ad0af2659d4828b9256702ae,1778074536,BUY,Up,Up,1,False,21.065216,0.4599999829102156,9.689999,9.689999,-9.689999,9.689999,Down,1778074800,17.321499683294345,-264,matched,4,-1.5311778957810624,-0.25190567911830053,-1.279272216662762,-12.396146500189946,-0.9218828042323503,0.4689697959162339,-1.3908526001485841,-13.477360304587181,-1518642.4500904554,526190.8602472472,-2044833.3103377025,-19814432.73233903,981003.1262806992,1178537.750588126,-197534.62430742686,-1914110.312004342
0xf6beafa72d6416525c4cf039c9c122883dbef6a3,0xea482af62156eedc2423d500f82b2d6e66b4ba7df6c13ac48243efbc33db146e,1780613848,BUY,Down,Down,-1,False,13.84,0.11,1.5224,1.5224,-1.5224,1.5224,Up,1780614000,15.866390402795767,-152,matched,4,-0.8813121693757103,-0.3043294742674556,-0.5769826951082547,-0.878398455032807,-0.758547983296928,-0.2463515302624168,-0.5121964530345111,-0.7797678800997397,-62544.602072266396,-21153.124256649142,-41391.477815617254,-63014.38582649571,175890.83976343088,198116.50189471315,-22225.662131282268,-33836.34802866413
0xf6beafa72d6416525c4cf039c9c122883dbef6a3,0xea482af62156eedc2423d500f82b2d6e66b4ba7df6c13ac48243efbc33db146e,1780613728,BUY,Up,Up,1,True,60.0,0.47,28.2,28.2,31.8,31.8,Up,1780614000,15.866390402795767,-272,matched,4,0.26830215383434614,0.20900912139179223,0.059293032442553906,1.8855184316732143,0.5166904078657213,0.46516155261259196,0.051528855253129335,1.638617597049513,101033.12206610036,854492.0838207036,-753458.9617546032,-23959994.98379638,243740.17865370773,232591.3482342214,11148.83041948633,354532.8073396653
0xb305d384400e3d7a15780216a55368ea677eca4e,0xeb54cba506badfbbed264e756e1a0138bfa5d70cdc10723c8cb018448788d6e4,1778420381,BUY,Up,Up,1,True,200.0,0.48,96.0,96.0,104.0,104.0,Up,1778420700,3.3509200548462377,-319,matched,4,1.0886619946613871,0.4648172603026316,0.6238447343587555,64.87985237331057,0.9859613688943253,0.354495702675304,0.6314656662190212,65.67242928677821,1637329.3769562624,55969.73647952303,1581359.6404767393,164461402.60958087,15790.004662104911,15402.333524549453,387.6711375554587,40317.798305767705
0xb305d384400e3d7a15780216a55368ea677eca4e,0xeb54cba506badfbbed264e756e1a0138bfa5d70cdc10723c8cb018448788d6e4,1778420377,BUY,Up,Up,1,True,200.0,0.48,96.0,96.0,104.0,104.0,Up,1778420700,3.3509200548462377,-323,matched,4,1.0877726618270156,0.46310822355877573,0.6246644382682398,64.96510157989694,0.9859490825199224,0.3510909154293159,0.6348581670906065,66.02524937742308,1637319.1031400864,104308.98569473991,1533010.1174453464,159433052.21431604,15783.924682708923,15649.184091637188,134.74059107173525,14013.021471460466
0xf6beafa72d6416525c4cf039c9c122883dbef6a3,0xecd305146ca88131562136378d555c9fe5723f24d5727582a30a8ec534cd2aa5,1780925019,BUY,Down,Down,-1,True,96.32,0.25,24.08,24.08,72.24,72.24,Down,1780925100,3.1497386818405837,-81,matched,4,0.5466316425377772,0.5117178009954807,0.034913841542296487,2.522175913015498,-0.2018732253311544,-0.2692096555013778,0.06733643017022342,4.86438371549694,-7105.841279583037,-51786.524695018685,44680.68341543565,3227732.569931071,435858.65554456925,421019.0274876747,14839.628056894522,1072014.7308300603
0xb305d384400e3d7a15780216a55368ea677eca4e,0xed7f34bf70d147d2de7fa637f7f443a472cbde32424b3ec8fc66ae150eb7bf8f,1779683974,BUY,Down,Down,-1,False,100.0,0.54,54.0,54.0,-54.0,54.0,Up,1779684000,0.9983547179155624,-26,matched,4,1.996712565977191,0.676956717116757,1.319755848860434,71.26681583846343,0.9967125659771909,-0.3230432828832174,1.3197558488604084,71.26681583846205,150247.5331404499,155112.89149158535,-4865.358351135452,-262729.3509613144,995.2765850999858,994.6152726972941,0.6613124026916921,35.710869745351374
0xb305d384400e3d7a15780216a55368ea677eca4e,0xed7f34bf70d147d2de7fa637f7f443a472cbde32424b3ec8fc66ae150eb7bf8f,1779683970,BUY,Down,Down,-1,False,100.0,0.573872,57.38720000000001,57.38720000000001,-57.38720000000001,57.38720000000001,Up,1779684000,0.9983547179155624,-30,matched,4,1.902751797407948,0.06004109611122424,1.8427107012967237,105.74800755745535,0.9967125659771909,-0.8458117164621554,1.8425242824393462,105.73730950120326,150247.5331404499,-3415.6025677799626,153663.13570822985,8818297.101515329,1148.230407805997,1145.5227888364752,2.707618969521718,155.38267132773677
0xb305d384400e3d7a15780216a55368ea677eca4e,0xed7f34bf70d147d2de7fa637f7f443a472cbde32424b3ec8fc66ae150eb7bf8f,1779683965,BUY,Down,Down,-1,False,300.0,0.6678526666666667,200.3558,200.3558,-200.3558,200.3558,Up,1779684000,0.9983547179155624,-35,matched,4,1.892715308376637,0.28609930636295444,1.6066160020136826,321.89483437625296,0.9954187174651788,-0.6095591523238636,1.6049778697890424,321.5666250838794,150149.7898836499,-70427.45748003172,220577.2473636816,44193930.857348315,1050.4871510060038,1046.99301078984,3.4941402161639417,700.0712583216995
0xf6beafa72d6416525c4cf039c9c122883dbef6a3,0xed8cba8f32a39dc8693c982c7147d94b501cfa01d2adf5158082c984f41f0354,1778069372,BUY,Up,Up,1,False,45.116278,0.42999998803092754,19.399999,19.399999,-19.399999,19.399999,Down,1778069400,2.158373280353446,-28,matched,4,1.8817152756390803,1.412633018418432,0.46908225722064834,9.10019532099832,0.9708548730602595,0.4958738263682885,0.47498104669197105,9.214631830843192,10732.531796791125,-1281.7820269622375,12014.313823753362,233077.67616650142,17901.76423332095,17603.289858776305,298.4743745446467,5790.402567691772
0xf6beafa72d6416525c4cf039c9c122883dbef6a3,0xef474fbda28f27a33f78b74771956ea74c9f8a1a1e38463bec051cc67158cee0,1780615332,BUY,Down,Down,-1,False,230.76,0.09,20.7684,20.7684,-20.7684,20.7684,Up,1780615500,9.135086334365804,-168,matched,4,-1.536897218977415,-0.597638053386852,-0.939259165590563,-19.506910054651048,-0.702823080657021,0.22925079709003904,-0.9320738777470601,-19.357683122602044,-21980.390902027953,95495.83857563014,-117476.2294776581,-2439793.3242837945,223501.74991750252,232117.25300945825,-8615.503091955732,-178930.21441497342
0xb305d384400e3d7a15780216a55368ea677eca4e,0xef474fbda28f27a33f78b74771956ea74c9f8a1a1e38463bec051cc67158cee0,1780615267,BUY,Up,Up,1,True,100.0,0.596698,59.669799999999995,59.669799999999995,40.330200000000005,40.330200000000005,Up,1780615500,9.135086334365804,-233,matched,4,0.18952671288145484,0.9642574184844928,-0.7747307056030379,-31.245044303111644,-0.6736464196199418,0.08074131053286647,-0.7543877301528082,-30.42460803460879,-126038.54808291898,-19417.394583339614,-106621.15349957936,-4300052.444868736,317904.8014417712,323872.0905842066,-5967.289142435417,-240661.96457224886
0xb305d384400e3d7a15780216a55368ea677eca4e,0xef474fbda28f27a33f78b74771956ea74c9f8a1a1e38463bec051cc67158cee0,1780615261,BUY,Up,Up,1,True,100.0,0.67,67.0,67.0,32.99999999999999,32.99999999999999,Up,1780615500,9.135086334365804,-239,matched,4,0.1959946870821878,0.5710961956256576,-0.3751015085434698,-12.378349781934501,-0.6708112855094538,-0.3004680406875773,-0.37034324482187647,-12.22132707912192,-125721.06719017308,-65392.585233412145,-60328.48195676094,-1990839.9045731104,327572.70666147594,331646.94390749454,-4074.2372460186016,-134449.82911861382
0xb305d384400e3d7a15780216a55368ea677eca4e,0xef474fbda28f27a33f78b74771956ea74c9f8a1a1e38463bec051cc67158cee0,1780615210,BUY,Up,Up,1,True,41.07,0.5661042123204285,23.2499,23.2499,17.8201,17.8201,Up,1780615500,9.135086334365804,-290,matched,4,0.044157328560947784,0.2033054205028709,-0.15914809194192311,-2.836034913214264,-0.711092088201139,-0.5702739911436365,-0.14081809705750248,-2.5093925713744,-158533.06854058732,-156947.90092574374,-1585.16761484358,-28247.84541327408,337890.8622286016,349685.8386342055,-11794.976405603928,-210187.65904550254
0xb305d384400e3d7a15780216a55368ea677eca4e,0xef52b04285758594ceee12866229739e3ef98c8efc7fbed6c3eac2c86e780880,1779604427,BUY,Down,Down,-1,False,300.0,0.524198,157.25940000000003,157.25940000000003,-157.25940000000003,157.25940000000003,Up,1779604500,0.04980939133020245,-73,matched,4,1.9941440414034686,1.3542429526771869,0.6399010887262817,100.63046127244185,0.9976726579340971,0.3604546710629267,0.6372179868711704,100.20851828456814,383110.03944166773,23557.16446478194,359552.8749768858,56543069.38714009,29841.97558341117,29374.978315203793,466.9972682073785,73439.71019993143
0xb305d384400e3d7a15780216a55368ea677eca4e,0xef52b04285758594ceee12866229739e3ef98c8efc7fbed6c3eac2c86e780880,1779604378,BUY,Down,Down,-1,False,48.02,0.3987505206164098,19.148,19.148,-19.148,19.148,Up,1779604500,0.04980939133020245,-122,matched,4,0.5873047800232996,-0.9718161350149243,1.559120915038224,29.85404728115191,0.8540959952347998,-0.7097825721735672,1.563878567408367,29.945146808735412,353411.8956600408,-12174.113099289136,365586.0087593299,7000240.895723649,2523.6033012875123,2608.5440044660063,-84.940703178494,-1626.444584461803
0xf6beafa72d6416525c4cf039c9c122883dbef6a3,0xef838e0d97e41251aa242deebcf80fd7cff7b3c76c8635efaada583029365e86,1780820358,BUY,Up,Up,1,True,71.42,0.26,18.569200000000002,18.569200000000002,52.8508,52.8508,Up,1780820400,2.0238685659701363,-42,matched,4,0.4784345787603022,-0.448431211086437,0.9268657898467392,48.98559848603204,0.7196650419038123,-0.18578131958126148,0.9054463614850738,47.85356456157534,1601.2257561301813,-188.8155201187583,1790.0412762489395,94605.11348277745,2354.113273476716,2372.2478581965042,-18.13458471978811,-958.4273101085773
0xf6beafa72d6416525c4cf039c9c122883dbef6a3,0xef838e0d97e41251aa242deebcf80fd7cff7b3c76c8635efaada583029365e86,1780820119,BUY,Up,Up,1,True,88.23,0.32,28.233600000000003,28.233600000000003,59.996399999999994,59.996399999999994,Up,1780820400,2.0238685659701363,-281,matched,4,-1.048953836734932,-0.44415930446260793,-0.604794532272324,-36.28549467602326,-0.5854734140374562,0.021268577749955497,-0.6067419917874117,-36.402335236074265,-51420.031287438935,1687.8725320895737,-53107.90381952851,-3186283.04071796,41643.178495788015,41970.972591472906,-327.79409568489064,-19666.46568234897
0xb305d384400e3d7a15780216a55368ea677eca4e,0xef838e0d97e41251aa242deebcf80fd7cff7b3c76c8635efaada583029365e86,1780820382,BUY,Down,Down,-1,False,100.0,0.15,15.0,15.0,-15.0,15.0,Up,1780820400,2.0238685659701363,-18,matched,4,0.6051515235359439,1.4601628649960052,-0.8550113414600613,-12.82517012190092,-0.3948484764636662,0.4617275065996546,-0.8565759830633208,-12.848639745949813,-406.97314646001905,3537.2948474582627,-3944.2679939182817,-59164.01990877422,1194.2526096706279,1197.5586129122094,-3.306003241581493,-49.590048623722396
0xb305d384400e3d7a15780216a55368ea677eca4e,0xef838e0d97e41251aa242deebcf80fd7cff7b3c76c8635efaada583029365e86,1780820374,BUY,Up,Up,1,True,200.0,0.56,112.00000000000001,112.00000000000001,87.99999999999999,87.99999999999999,Up,1780820400,2.0238685659701363,-26,matched,4,-0.32305284452315614,-0.8429097106203547,0.5198568660971985,45.74740421655346,0.459532053992112,-0.0596514232106813,0.5191834772027933,45.68814599384581,530.3288905140944,-593.8332004389886,1124.162090953083,98926.26400387129,1206.1222747522406,1143.8226188545814,62.29965589765925,5482.369718994013
0xb305d384400e3d7a15780216a55368ea677eca4e,0xef838e0d97e41251aa242deebcf80fd7cff7b3c76c8635efaada583029365e86,1780820370,BUY,Up,Up,1,True,300.0,0.383022,114.9066,114.9066,185.0934,185.0934,Up,1780820400,2.0238685659701363,-30,matched,4,-0.2487287921814365,-0.32482396143490067,0.07609516925346416,14.084713600699143,0.5744897413111688,0.5020827571858844,0.07240698412528446,13.402054875494926,842.1155001320876,244544.2743051311,-243702.15880499902,-45107661.16055721,1483.3523103329353,1438.369666818966,44.98264351396938,8325.99042898854
0xf6beafa72d6416525c4cf039c9c122883dbef6a3,0xef838e0d97e41251aa242deebcf80fd7cff7b3c76c8635efaada583029365e86,1780820359,BUY,Up,Up,1,True,6.54,0.26,1.7004000000000001,1.7004000000000001,4.8396,4.8396,Up,1780820400,2.0238685659701363,-41,matched,4,0.4784345787603022,-0.7534168729000639,1.231851451660366,5.961668285455508,0.7196650419038123,-0.5070747607802809,1.2267398026840932,5.936929949069937,1601.2257561301813,-20634.424930088524,22235.650686218705,107611.65506102404,2354.113273476716,2424.8161446601007,-70.70287118338456,-342.1736153791079
0xf6beafa72d6416525c4cf039c9c122883dbef6a3,0xf06d43cfb5843fd7a3057b5bc022138bd9285c37166eb1b049e8f668c0107269,1777619880,BUY,Down,Down,-1,False,17.071427,0.2799999671966497,4.779999,4.779999,-4.779999,4.779999,Up,1777620000,0.2093026566772422,-120,matched,4,1.1945260778560036,-0.2028787502989855,1.3974048281549891,6.67959368117602,0.9839027529437842,-0.4018863686928675,1.3857891216366516,6.624070615634073,670868.2181392311,-45753.95719380377,716622.1753330348,3425453.281469731,13141.988507913193,13175.354317610327,-33.365809697133955,-159.4885369864906
0xf6beafa72d6416525c4cf039c9c122883dbef6a3,0xf06d43cfb5843fd7a3057b5bc022138bd9285c37166eb1b049e8f668c0107269,1777619880,BUY,Down,Down,-1,False,16.482757,0.2899999678451851,4.779999,4.779999,-4.779999,4.779999,Up,1777620000,0.2093026566772422,-120,matched,4,1.1945260778560036,-0.2028787502989855,1.3974048281549891,6.67959368117602,0.9839027529437842,-0.4018863686928675,1.3857891216366516,6.624070615634073,670868.2181392311,-45753.95719380377,716622.1753330348,3425453.281469731,13141.988507913193,13175.354317610327,-33.365809697133955,-159.4885369864906
0xf6beafa72d6416525c4cf039c9c122883dbef6a3,0xf06d43cfb5843fd7a3057b5bc022138bd9285c37166eb1b049e8f668c0107269,1777619828,BUY,Up,Up,1,True,30.78125,0.64,19.7,19.7,11.081249999999999,11.081249999999999,Up,1777620000,0.2093026566772422,-172,matched,4,-1.0066828731642483,0.23539525682057008,-1.2420781299848185,-13.763778277894268,-0.9664230525191402,0.24759773507331045,-1.2140207875924507,-13.452867852508843,-669744.8749658072,-6953.1059916390495,-662791.7689741681,-7344561.289945,16455.299045881024,16800.048320512557,-344.7492746315329,-3820.2528995106736
0xb305d384400e3d7a15780216a55368ea677eca4e,0xf081dcd33ea45439fd31cb1003e739dad3ec8ca6b1b93d4ff1b17c38c66a8a8f,1780238395,BUY,Down,Down,-1,True,7.26,0.23,1.6698,1.6698,5.5902,5.5902,Down,1780238400,0.44567342853165276,-5,offset_out_of_range,,,,,,,,,,,,,,,,,
0xb305d384400e3d7a15780216a55368ea677eca4e,0xf081dcd33ea45439fd31cb1003e739dad3ec8ca6b1b93d4ff1b17c38c66a8a8f,1780238325,BUY,Up,Up,1,False,100.0,0.57,56.99999999999999,56.99999999999999,-56.99999999999999,56.99999999999999,Down,1780238400,0.44567342853165276,-75,matched,4,1.1455158065598718,0.4389632708309137,0.7065525357289582,40.27349453655061,0.628435538124018,-0.037730143777947756,0.6661656819019657,37.97144386841204,1985.0639508520253,141736.6990254809,-139751.63507462887,-7965843.199253844,815162.0479897186,783124.1125018297,32037.93548788887,1826162.3228096655
0xb305d384400e3d7a15780216a55368ea677eca4e,0xf081dcd33ea45439fd31cb1003e739dad3ec8ca6b1b93d4ff1b17c38c66a8a8f,1780238320,BUY,Down,Down,-1,True,100.0,0.55,55.00000000000001,55.00000000000001,44.99999999999999,44.99999999999999,Down,1780238400,0.44567342853165276,-80,matched,4,-1.2579584883691055,-0.6773202774837117,-0.5806382108853938,-26.128719489842716,-0.7392187888109711,-0.10567369529339557,-0.6335450935175756,-28.509529208290896,-4185.254212058033,-195337.2800015668,191152.02578950877,8601841.160527892,814210.2210907561,792086.5342878535,22123.686802902608,995565.9061306173
0xb305d384400e3d7a15780216a55368ea677eca4e,0xf081dcd33ea45439fd31cb1003e739dad3ec8ca6b1b93d4ff1b17c38c66a8a8f,1780238308,BUY,Up,Up,1,False,100.0,0.32,32.0,32.0,-32.0,32.0,Down,1780238400,0.44567342853165276,-92,matched,4,1.2677945736173228,0.5922776366783802,0.6755169369389427,21.616541982046165,0.748721939480274,-0.030477026067004587,0.7791989655472786,24.934366897512916,4690.931547502056,-57394.600028546236,62085.53157604829,1986737.0104335453,814203.2837227006,714577.129799888,99626.15392281255,3188036.9255300015
0xb305d384400e3d7a15780216a55368ea677eca4e,0xf081dcd33ea45439fd31cb1003e739dad3ec8ca6b1b93d4ff1b17c38c66a8a8f,1780238383,BUY,Up,Up,1,False,100.0,0.92,92.0,92.0,-92.0,92.0,Down,1780238400,0.44567342853165276,-17,matched,4,-0.5446069850984712,-0.8914643497642888,0.3468573646658176,31.910877549255222,0.4553930149054968,0.1085356502362119,0.34685736466928485,31.910877549574206,981.4113879300421,-391.98522598600175,1373.3966139160439,126352.48848027604,29.339542626868933,29.32457723648986,0.014965390379074961,1.3768159148748964
0xb305d384400e3d7a15780216a55368ea677eca4e,0xf095f0f81d407abbc2c7697d65394d6338148a9b8e1079b9846c5c4e32434e36,1779508183,BUY,Up,Up,1,False,27.62,0.08,2.2096,2.2096,-2.2096,2.2096,Down,1779508200,1.4050359925067337,-17,matched,4,-1.9999686435583395,-0.43311820941268764,-1.566850434145652,-3.4621127192882324,-0.9999686435567431,0.5668817905873453,-1.5668504341440883,-3.4621127192847774,-377762.31406695314,1095.7653300064903,-378858.0793969596,-837124.812235522,437.5956244142726,436.23744640622317,1.3581780080494354,3.0010301265860324
0xb305d384400e3d7a15780216a55368ea677eca4e,0xf095f0f81d407abbc2c7697d65394d6338148a9b8e1079b9846c5c4e32434e36,1779508174,BUY,Up,Up,1,False,130.95,0.3215273004963727,42.104,42.104,-42.104,42.104,Down,1779508200,1.4050359925067337,-26,matched,4,-0.931777802287664,0.37053177305236573,-1.3023095753400298,-54.832442360116616,-0.9976546553873704,0.3073022690228877,-1.3049569244102581,-54.943906345369506,-377324.7184425382,-369664.9358805541,-7659.782561984088,-322507.484989778,947.4373169052415,961.319559506519,-13.88224260127754,-584.4979424841895
0xf6beafa72d6416525c4cf039c9c122883dbef6a3,0xf095f0f81d407abbc2c7697d65394d6338148a9b8e1079b9846c5c4e32434e36,1779508069,BUY,Up,Up,1,False,76.52,0.25,19.13,19.13,-19.13,19.13,Down,1779508200,1.4050359925067337,-131,matched,4,0.5418452053938688,0.8842866928684165,-0.3424414874745477,-6.550905655388098,-0.38027259606094754,-0.05014599487478399,-0.33012660118616355,-6.315321880691308,-210393.1111165965,366.37899436792213,-210759.49011096443,-4031829.0458227494,32862.914325192105,32672.635203305166,190.2791218869388,3640.0396016971395
0xb305d384400e3d7a15780216a55368ea677eca4e,0xf095f0f81d407abbc2c7697d65394d6338148a9b8e1079b9846c5c4e32434e36,1779508067,BUY,Up,Up,1,False,300.0,0.24,72.0,72.0,-72.0,72.0,Down,1779508200,1.4050359925067337,-133,matched,4,0.5418452053938688,0.6324564182758814,-0.09061121288201257,-6.524007327504905,-0.38027259606094754,-0.2866917072882304,-0.09358088877271714,-6.737823991635635,-210393.1111165965,5390.697495569173,-215783.80861216568,-15536434.22007593,32862.914325192105,32936.562293578936,-73.64796838683105,-5302.653723851836
0xb305d384400e3d7a15780216a55368ea677eca4e,0xf095f0f81d407abbc2c7697d65394d6338148a9b8e1079b9846c5c4e32434e36,1779507922,BUY,Down,Down,-1,True,79.44,0.58,46.075199999999995,46.075199999999995,33.3648,33.3648,Down,1779508200,1.4050359925067337,-278,matched,4,1.4075746473436128,0.5819751191867178,0.825599528156895,27.54596313704917,0.41093419234758993,-0.4038498952277926,0.8147840875753825,27.185108125135123,240987.46481082053,25538.083658863077,215449.38115195744,7188425.5122588305,266018.5207798786,261143.9899217108,4874.530858167796,162637.7471765969
0xb305d384400e3d7a15780216a55368ea677eca4e,0xf095f0f81d407abbc2c7697d65394d6338148a9b8e1079b9846c5c4e32434e36,1779507911,BUY,Down,Down,-1,True,100.0,0.62,62.0,62.0,38.0,38.0,Down,1779508200,1.4050359925067337,-289,matched,4,1.4085473242695796,0.5790333633339035,0.8295139609356761,31.521530515555693,0.41093419234758993,-0.40653179592369637,0.8174659882712862,31.063707554308877,240987.46481082053,-10559.8047824081,251547.26959322864,9558796.244542688,374424.20914874994,389727.6250264827,-15303.41587773274,-581529.8033538441
0xf6beafa72d6416525c4cf039c9c122883dbef6a3,0xf095f0f81d407abbc2c7697d65394d6338148a9b8e1079b9846c5c4e32434e36,1779507894,BUY,Down,Down,-1,True,12.827691,0.6423602657719149,8.239999,8.239999,4.587692,4.587692,Down,1779508200,1.4050359925067337,-306,matched,4,1.1164252508441361,1.1234835632893807,-0.0070583124452445745,-0.03238136353854897,0.12040140065143148,0.13683611668838874,-0.01643471603695726,-0.07539741528502052,88917.41499338951,187374.88801830652,-98457.47302491701,-451692.5613366275,224765.47307439288,233152.91976665033,-8387.44669225745,-38479.022090495964
0xf6beafa72d6416525c4cf039c9c122883dbef6a3,0xf095f0f81d407abbc2c7697d65394d6338148a9b8e1079b9846c5c4e32434e36,1779507854,BUY,Down,Down,-1,True,26.522387,0.6699999890658409,17.769999,17.769999,8.752387999999998,8.752387999999998,Down,1779508200,1.4050359925067337,-346,matched,4,1.1177322894923925,1.013437931615106,0.10429435787728636,0.9128246863528664,0.12054746507249293,0.02631744008901886,0.09423002498347408,0.8247377399050585,89041.42764523928,-21813.150252210733,110854.57789745001,970242.2773347065,225838.6383236111,232347.28404644187,-6508.645722830755,-56966.192720755214
0xb305d384400e3d7a15780216a55368ea677eca4e,0xf0c48e2f96e9c703046881b626a5a7496e60e209186d463c29519de4e952fa1c,1779564286,BUY,Up,Up,1,False,200.0,0.14475,28.95,28.95,-28.95,28.95,Down,1779564300,5.66702172405306,-14,matched,4,-0.33840137757147315,0.9351920225195895,-1.2735934000910627,-36.87052893263626,-1.0000000000048386,0.30642644428381555,-1.3064264442886542,-37.821045562156534,-96.23784496821463,3421.637005559758,-3517.8748505279727,-101842.47692278482,1153.1999085419811,1115.2703157902579,37.92959275172325,1098.061710162388
0xf6beafa72d6416525c4cf039c9c122883dbef6a3,0xf0c48e2f96e9c703046881b626a5a7496e60e209186d463c29519de4e952fa1c,1779564247,BUY,Up,Up,1,False,99.675908,0.42487698230950655,42.349999000000004,42.349999000000004,-42.349999000000004,42.349999000000004,Down,1779564300,5.66702172405306,-53,matched,4,-0.32034742477515077,-0.250894194354676,-0.06945323042047474,-2.9413442388538753,0.6796525752248903,0.746919643447678,-0.06726706822278772,-2.848760271967992,4907.515572551172,5800.835481800987,-893.3199092498144,-37832.097263409734,5656.202127264813,5624.457295749555,31.74483151525783,1344.3935829263376
0xf6beafa72d6416525c4cf039c9c122883dbef6a3,0xf0c48e2f96e9c703046881b626a5a7496e60e209186d463c29519de4e952fa1c,1779564246,BUY,Up,Up,1,False,9.512819,0.3899999569002627,3.7099990000000003,3.7099990000000003,-3.7099990000000003,3.7099990000000003,Down,1779564300,5.66702172405306,-54,matched,4,-0.1043145774935037,-0.33553476545748506,0.23122018796398136,0.857826666126183,0.6796525752248903,0.4353889678684325,0.2442636073564578,0.9062177390288512,4907.515572551172,7654.922456080996,-2747.406883529824,-10192.876790488765,6341.150529196486,6210.228010582272,130.9225186142139,485.72241313621504
0xb305d384400e3d7a15780216a55368ea677eca4e,0xf0c48e2f96e9c703046881b626a5a7496e60e209186d463c29519de4e952fa1c,1779564235,BUY,Up,Up,1,False,100.0,0.33,33.0,33.0,-33.0,33.0,Down,1779564300,5.66702172405306,-65,matched,4,-0.12038027523883377,-0.4581229414497515,0.33774266621091775,11.145507984960286,0.6796525752248903,0.3450542116159619,0.3345983636089284,11.041745999094637,4907.515572551172,300000.0113097143,-295092.4957371631,-9738052.359326383,9044.038874421269,8901.896340323248,142.1425340980204,4690.703625234673
0xf6beafa72d6416525c4cf039c9c122883dbef6a3,0xf0c48e2f96e9c703046881b626a5a7496e60e209186d463c29519de4e952fa1c,1779564232,BUY,Up,Up,1,False,6.75,0.36,2.4299999999999997,2.4299999999999997,-2.4299999999999997,2.4299999999999997,Down,1779564300,5.66702172405306,-68,matched,4,-0.11521393393392954,-0.5054844083421838,0.39027047440825424,0.9483572528120577,0.6830782139614341,0.2969888078578169,0.3860894061036172,0.9381972568317897,4985.564005136257,276018.19330781256,-271032.6293026763,-658609.2892055033,8965.990441836417,8892.342988406366,73.64745343005052,178.96331183502275
0xb305d384400e3d7a15780216a55368ea677eca4e,0xf0c48e2f96e9c703046881b626a5a7496e60e209186d463c29519de4e952fa1c,1779564221,BUY,Up,Up,1,False,100.0,0.37,37.0,37.0,-37.0,37.0,Down,1779564300,5.66702172405306,-79,matched,4,-0.11503470450283226,-0.4335729505333119,0.31853824603047964,11.785915103127747,0.6847719303695029,0.36504788581422504,0.31972404455527786,11.829789648545281,5024.7796782911755,7130.615524762114,-2105.835846470938,-77915.9263194247,9033.81924201129,8827.701502129537,206.11773988175264,7626.356375624848
0xb305d384400e3d7a15780216a55368ea677eca4e,0xf0c48e2f96e9c703046881b626a5a7496e60e209186d463c29519de4e952fa1c,1779564107,BUY,Up,Up,1,False,100.0,0.4,40.0,40.0,-40.0,40.0,Down,1779564300,5.66702172405306,-193,matched,4,-0.20366990630401482,-0.8323020328916733,0.6286321265876584,25.145285063506336,0.7358450077163854,0.12789447403329962,0.6079505336830857,24.31802134732343,16803.34654922504,27235.297867192752,-10431.951317967712,-417278.0527187085,180113.12009500945,183564.6115201625,-3451.4914251530427,-138059.6570061217
0xb305d384400e3d7a15780216a55368ea677eca4e,0xf0c48e2f96e9c703046881b626a5a7496e60e209186d463c29519de4e952fa1c,1779564100,BUY,Up,Up,1,False,100.0,0.38,38.0,38.0,-38.0,38.0,Down,1779564300,5.66702172405306,-200,matched,4,-0.1564569930538069,-1.2443615686526965,1.0879045755988896,41.34037387275781,0.7357057630909822,-0.3422101204729161,1.0779158835638984,40.960803575428145,16844.60639869608,-81797.013268519,98641.61966721508,3748381.5473541734,271990.26446835813,268886.9599109136,3103.3045574445277,117925.57318289205
0xb305d384400e3d7a15780216a55368ea677eca4e,0xf0c48e2f96e9c703046881b626a5a7496e60e209186d463c29519de4e952fa1c,1779564090,BUY,Up,Up,1,False,100.0,0.352477,35.2477,35.2477,-35.2477,35.2477,Down,1779564300,5.66702172405306,-210,matched,4,-0.15322797957446033,-0.9375801173904954,0.7843521378160351,27.64660884809826,0.7357057630909822,-0.02796531371685728,0.7636710768078395,26.917649013999686,16844.60639869608,19140.324345180037,-2295.7179464839573,-80918.77746228258,272693.47751374985,270548.7855417766,2144.691971973225,75595.45922052064
0xf6beafa72d6416525c4cf039c9c122883dbef6a3,0xf0c48e2f96e9c703046881b626a5a7496e60e209186d463c29519de4e952fa1c,1779564275,BUY,Up,Up,1,False,3.918917,0.3699999259999638,1.449999,1.449999,-1.449999,1.449999,Down,1779564300,5.66702172405306,-25,matched,4,-1.687663961999193,-0.6102649606165791,-1.077399001382614,-1.562227474605789,-0.6876639619991931,0.3893081410118319,-1.076972103011025,-1.5616084723938835,-859.1933158498723,-46757.40454233305,45898.21122648318,66552.36038018939,5558.939008134883,5486.934741978097,72.00426615678589,104.40611392307339
0xb305d384400e3d7a15780216a55368ea677eca4e,0xf0c48e2f96e9c703046881b626a5a7496e60e209186d463c29519de4e952fa1c,1779564270,BUY,Up,Up,1,False,100.0,0.36,36.0,36.0,-36.0,36.0,Down,1779564300,5.66702172405306,-30,matched,4,-1.6534199820321818,-0.5429668443906562,-1.1104531376415254,-39.97631295509491,-0.6876639619991931,0.42331568591577984,-1.110979647914973,-39.99526732493903,-859.1933158498723,1471.247258443178,-2330.4405742930503,-83895.86067454981,5971.1860643685795,6254.630386328383,-283.44432195980335,-10203.99559055292
0xf6beafa72d6416525c4cf039c9c122883dbef6a3,0xf1e639b85d20e5e94f69e0bb5f9d936fbd47109b54347ed660df5ae94625dbf4,1780825623,BUY,Up,Up,1,False,125.0,0.3646,45.574999999999996,45.574999999999996,-45.574999999999996,45.574999999999996,Down,1780825800,12.941232897804667,-177,matched,4,-0.10017121217488656,0.11162906111911562,-0.2118002732940022,-9.652797455374149,-0.8463014457855298,-0.622856591814234,-0.22344485397129576,-10.183499219741803,-85030.8136515141,-242979.56689837997,157948.75324686588,7198514.429225911,88648.80286967289,86388.18266272456,2260.620206948326,103027.76593166996
0xf6beafa72d6416525c4cf039c9c122883dbef6a3,0xf1e639b85d20e5e94f69e0bb5f9d936fbd47109b54347ed660df5ae94625dbf4,1780825617,BUY,Up,Up,1,False,59.52,0.37,22.0224,22.0224,-22.0224,22.0224,Down,1780825800,12.941232897804667,-183,matched,4,-0.12001590646054994,0.29977373014036923,-0.41978963660091917,-9.244775293080084,-0.8527921178306725,-0.42328413857478614,-0.4295079792558864,-9.458796522364834,-89460.8761515141,-64424.867129705526,-25036.009021808568,-551353.005081877,84218.74036967289,86089.91207370348,-1871.1717040305957,-41207.69173484339
0xf6beafa72d6416525c4cf039c9c122883dbef6a3,0xf1e639b85d20e5e94f69e0bb5f9d936fbd47109b54347ed660df5ae94625dbf4,1780825617,BUY,Up,Up,1,False,13.62,0.39,5.3118,5.3118,-5.3118,5.3118,Down,1780825800,12.941232897804667,-183,matched,4,-0.12001590646054994,0.29977373014036923,-0.41978963660091917,-2.2298385916967622,-0.8527921178306725,-0.42328413857478614,-0.4295079792558864,-2.2814604842114172,-89460.8761515141,-64424.867129705526,-25036.009021808568,-132986.27272204275,84218.74036967289,86089.91207370348,-1871.1717040305957,-9939.289857469717
0xf6beafa72d6416525c4cf039c9c122883dbef6a3,0xf1e639b85d20e5e94f69e0bb5f9d936fbd47109b54347ed660df5ae94625dbf4,1780825617,BUY,Up,Up,1,False,73.17,0.4,29.268,29.268,-29.268,29.268,Down,1780825800,12.941232897804667,-183,matched,4,-0.12001590646054994,0.29977373014036923,-0.41978963660091917,-12.286403084035703,-0.8527921178306725,-0.42328413857478614,-0.4295079792558864,-12.570839536861284,-89460.8761515141,-64424.867129705526,-25036.009021808568,-732753.9120502932,84218.74036967289,86089.91207370348,-1871.1717040305957,-54765.453433567476
0xf6beafa72d6416525c4cf039c9c122883dbef6a3,0xf1e639b85d20e5e94f69e0bb5f9d936fbd47109b54347ed660df5ae94625dbf4,1780825615,BUY,Up,Up,1,False,59.52,0.3739364919354839,22.256700000000002,22.256700000000002,-22.256700000000002,22.256700000000002,Down,1780825800,12.941232897804667,-185,matched,4,-0.11587030049901303,0.6808018412298564,-0.7966721417288695,-17.731292856816932,-0.8527921178306725,-0.0540072838603671,-0.7987848339703054,-17.778314414226898,-89460.8761515141,58665.289137020154,-148126.16528853425,-3296799.6229773206,85545.86566987168,85252.22165215813,293.6440177135519,6535.5468090452105
0xf6beafa72d6416525c4cf039c9c122883dbef6a3,0xf243f31796d2139a0a1c353a68c0042c070a0fc8ede86735e6168f50f3a93f2a,1779508489,BUY,Down,Down,-1,False,16.42857,0.06999994521738655,1.1499990000000002,1.1499990000000002,-1.1499990000000002,1.1499990000000002,Up,1779508500,1.7118483840006227,-11,matched,4,3.68234148269142e-05,-0.8031329708157537,0.8031697942305807,0.9236444601953737,0.9999999999999978,0.19666957468742974,0.803330425312568,0.9238291857790281,1435752.1078223684,218305.80180623505,1217446.3060161334,1400062.0344722476,302259.96725079324,307948.68879935646,-5688.721548563219,-6542.024092126154
0xf6beafa72d6416525c4cf039c9c122883dbef6a3,0xf243f31796d2139a0a1c353a68c0042c070a0fc8ede86735e6168f50f3a93f2a,1779508487,BUY,Down,Down,-1,False,16.571427,0.06999994629309836,1.159999,1.159999,-1.159999,1.159999,Up,1779508500,1.7118483840006227,-13,matched,4,0.0029116143917518045,-0.8046438401176619,0.8075554545094137,0.9367635196754653,0.9999999999999978,0.1953447940670533,0.8046552059329445,0.9333992342270097,1435752.1078223684,156827.1658710027,1278924.9419513657,1483551.6537386423,302695.0677865532,306003.4606790532,-3308.3928925000364,-3837.7324469071496
0xb305d384400e3d7a15780216a55368ea677eca4e,0xf243f31796d2139a0a1c353a68c0042c070a0fc8ede86735e6168f50f3a93f2a,1779508261,BUY,Down,Down,-1,False,162.99,0.45,73.3455,73.3455,-73.3455,73.3455,Up,1779508500,1.7118483840006227,-239,matched,4,0.6421195706562611,-0.3698014785892441,1.0119210492455053,74.21985531743621,0.9861689314632277,-0.030237709307899645,1.0164066407711274,74.54885327067873,1757496.8234794247,-14574.844913367968,1772071.6683927926,129973482.55410357,574909.5571562473,589086.8941163464,-14177.336960099055,-1039843.8680069452
0xf6beafa72d6416525c4cf039c9c122883dbef6a3,0xf243f31796d2139a0a1c353a68c0042c070a0fc8ede86735e6168f50f3a93f2a,1779508211,BUY,Down,Down,-1,False,36.240739,0.5399999983444046,19.569999,19.569999,-19.569999,19.569999,Up,1779508500,1.7118483840006227,-289,matched,4,0.556622600972668,-0.2072130881953586,0.7638356891680267,14.948263673182593,0.9674225448993594,0.18727862007181748,0.7801439248275419,15.26741582873107,1740528.2709316304,37836.90181768319,1702691.3691139473,33321668.390868578,586493.8987849362,590168.3390525775,-3674.44026764133,-71908.79236330056
0xb305d384400e3d7a15780216a55368ea677eca4e,0xf243f31796d2139a0a1c353a68c0042c070a0fc8ede86735e6168f50f3a93f2a,1779508209,BUY,Down,Down,-1,False,256.19,0.53,135.7807,135.7807,-135.7807,135.7807,Up,1779508500,1.7118483840006227,-291,matched,4,0.556622600972668,-0.18206341296567227,0.7386860139383403,100.2993040527576,0.9674225448993594,0.2312600684798167,0.7361624764195427,99.956656361979,1740528.2709316304,234861.03138090295,1505667.2395507274,204440551.75326544,586493.8987849362,568127.7855180234,18366.113266912755,2493763.7156607006
0xf6beafa72d6416525c4cf039c9c122883dbef6a3,0xf243f31796d2139a0a1c353a68c0042c070a0fc8ede86735e6168f50f3a93f2a,1779508163,BUY,Down,Down,-1,False,14.663088,0.5414956249324835,7.939997999999999,7.939997999999999,-7.939997999999999,7.939997999999999,Up,1779508500,1.7118483840006227,-337,matched,4,1.7725002721278806,0.8932192124622352,0.8792810596656454,6.981489855183105,0.9726233861857182,0.08713257067953256,0.8854908155061856,7.030795304137482,2117797.185297547,-10108.351173703035,2127905.53647125,16895565.70377065,360513.136344529,344265.5539295926,16247.58241493639,129005.7718794301
0xb305d384400e3d7a15780216a55368ea677eca4e,0xf2bdff2b69007781eb7965142980441826f94e7004d63431976ac327c3df5c31,1778425144,BUY,Up,Up,1,True,200.0,0.5016225,100.3245,100.3245,99.6755,99.6755,Up,1778425200,0.19041942855477126,-56,matched,4,0.052308469879486674,-1.1921512391452607,1.2444597090247473,124.0421437268962,0.9956806863082481,-0.24291424209939982,1.238594928407648,123.45756878649652,1695659.5864133218,-239011.40162444263,1934670.9880377643,192839298.06815818,2275.5311466117855,2236.6984216548153,38.832724956970196,3870.671276448483
0xb305d384400e3d7a15780216a55368ea677eca4e,0xf2bdff2b69007781eb7965142980441826f94e7004d63431976ac327c3df5c31,1778425127,BUY,Up,Up,1,True,100.0,0.49,49.0,49.0,51.0,51.0,Up,1778425200,0.19041942855477126,-73,matched,4,0.45601291458206306,-0.45951780324090485,0.9155307178229679,46.692066608971366,0.9956811900276914,0.08556828482361321,0.9101129052040782,46.415758165407986,1695858.215664666,4342.6348534469,1691515.580811219,86267294.62137218,3839.33450408536,3848.265815737308,-8.931311651947908,-455.4968942493433
0xf6beafa72d6416525c4cf039c9c122883dbef6a3,0xf2bdff2b69007781eb7965142980441826f94e7004d63431976ac327c3df5c31,1778425006,BUY,Up,Up,1,True,13.702701,0.3699999729980243,5.069999,5.069999,8.632701999999998,8.632701999999998,Up,1778425200,0.19041942855477126,-194,matched,4,0.8613087220089863,-0.47392863156320353,1.33523735357219,11.526706172657349,0.9938513111957865,-0.3314742975058954,1.3253256087016818,11.441141032890224,1697629.8990626596,-2001299.3413861617,3698929.2404488213,31931753.851881016,22360.24843322439,23047.97012045519,-687.7216872307981,-5936.896384800684
0xf6beafa72d6416525c4cf039c9c122883dbef6a3,0xf2bdff2b69007781eb7965142980441826f94e7004d63431976ac327c3df5c31,1778424975,BUY,Up,Up,1,True,43.411763,0.3399999903252029,14.759999,14.759999,28.651764,28.651764,Up,1778425200,0.19041942855477126,-225,matched,4,0.443339111453656,-0.16717241542025973,0.6105115268739157,17.492232187271092,0.9938528006932102,0.3791215499611319,0.6147312507320783,17.613134719400335,1698043.7882327316,8668.945667904869,1689374.8425648268,48403569.296704575,48463.31452615233,48356.139500465026,107.1750256873056,3070.753542686618
0xb305d384400e3d7a15780216a55368ea677eca4e,0xf3610c38ea92c902945dba9af40c96c3e1287474a14b8765edbc9edca790e1e5,1777935594,BUY,Up,Up,1,False,131.78,0.11631810593413265,15.3284,15.3284,-15.3284,15.3284,Down,1777935600,1.5430817558721737,-6,offset_out_of_range,,,,,,,,,,,,,,,,,
0xf6beafa72d6416525c4cf039c9c122883dbef6a3,0xf3610c38ea92c902945dba9af40c96c3e1287474a14b8765edbc9edca790e1e5,1777935584,BUY,Down,Down,-1,True,24.15,0.4,9.66,9.66,14.489999999999998,14.489999999999998,Down,1777935600,1.5430817558721737,-16,matched,4,0.2110976724314213,-0.27586599977140225,0.48696367220282355,7.056103610218912,0.9582524767454799,0.4925690403427463,0.4656834364027336,6.747752993475609,8759815.517808571,-225.34441747951314,8760040.86222605,126932992.09365545,15.289364519994706,15.64027351848199,-0.3509089984872844,-5.084671388080751
0xb305d384400e3d7a15780216a55368ea677eca4e,0xf3610c38ea92c902945dba9af40c96c3e1287474a14b8765edbc9edca790e1e5,1777935480,BUY,Down,Down,-1,True,100.0,0.61,61.0,61.0,39.0,39.0,Down,1777935600,1.5430817558721737,-120,matched,4,1.2491502969800856,0.1855780538253567,1.063572243154729,41.47931748303443,0.9577031387803323,-0.09773544909948514,1.0554385878798174,41.162104927312875,8866269.473662576,45376.3607458977,8820893.112916678,344014831.4037504,24331.263467955054,25817.370866243116,-1486.1073982880625,-57958.18853323444
0xf6beafa72d6416525c4cf039c9c122883dbef6a3,0xf3610c38ea92c902945dba9af40c96c3e1287474a14b8765edbc9edca790e1e5,1777935460,BUY,Down,Down,-1,True,18.396225,0.5299999864102554,9.749999,9.749999,8.646226,8.646226,Down,1777935600,1.5430817558721737,-140,matched,4,1.2420232039462449,0.5075780446267679,0.734445159319477,6.350178832082205,0.9562839942003722,0.23670035350605012,0.7195836406943221,6.221682783345907,8863051.845269922,10858.155042949344,8852193.690226972,76538067.2414764,14846.295831590018,15125.575765064437,-279.2799334744195,-2414.7174220847965
0xf6beafa72d6416525c4cf039c9c122883dbef6a3,0xf3610c38ea92c902945dba9af40c96c3e1287474a14b8765edbc9edca790e1e5,1777935406,BUY,Down,Down,-1,True,22.720929,0.4299999793142261,9.769999,9.769999,12.95093,12.95093,Down,1777935600,1.5430817558721737,-194,matched,4,0.4448004125540276,-0.5292796734902843,0.9740800860443118,12.61524300875386,0.9562148951328114,-0.021861511133683398,0.9780764062664948,12.666999072208936,8867633.487904778,72924.27934966498,8794709.208555114,113899663.33035268,43621.42016235797,43406.75446618389,214.66569617408095,2780.12040455179
0xf6beafa72d6416525c4cf039c9c122883dbef6a3,0xf3610c38ea92c902945dba9af40c96c3e1287474a14b8765edbc9edca790e1e5,1777935574,BUY,Down,Down,-1,True,18.13148,0.5382902554011035,9.759999,9.759999,8.371481,8.371481,Down,1777935600,1.5430817558721737,-26,matched,4,1.8518236473687648,0.37376344276636564,1.4780602046023992,12.373552919685096,0.9582524767454799,-0.49837024549385334,1.456622722239333,12.194089443394853,8759815.517808571,-83255.67127423649,8843071.189082809,74029602.44105414,498.7055508439662,506.60013822399196,-7.894587380025769,-66.08938825472549
0xb305d384400e3d7a15780216a55368ea677eca4e,0xf3610c38ea92c902945dba9af40c96c3e1287474a14b8765edbc9edca790e1e5,1777935566,BUY,Down,Down,-1,True,13.4,0.4490149253731343,6.0168,6.0168,7.3831999999999995,7.3831999999999995,Down,1777935600,1.5430817558721737,-34,matched,4,0.7374064191310088,0.4571284721438068,0.280277946987202,2.0693481381959096,0.9582521236784667,0.6771625544199019,0.28108956925856476,2.0753405077498353,8759826.941330729,1555.8433940780014,8758271.09793665,64664067.17028587,8535.429875838803,8677.243590052793,-141.81371421398944,-1047.0390147847268
0xb305d384400e3d7a15780216a55368ea677eca4e,0xf3610c38ea92c902945dba9af40c96c3e1287474a14b8765edbc9edca790e1e5,1777935562,BUY,Down,Down,-1,True,100.0,0.554919,55.49190000000001,55.49190000000001,44.50809999999999,44.50809999999999,Down,1777935600,1.5430817558721737,-38,matched,4,0.6436837370503341,-0.5358699605355666,1.1795536975859007,52.49969392752302,0.958226693309455,-0.21671074638097498,1.17493743969043,52.29423305948561,8759708.226375852,-169579.33597926726,8929287.56235512,397425623.7540578,9355.782393806847,9628.404206565989,-272.6218127591419,-12133.878904465162
0xb305d384400e3d7a15780216a55368ea677eca4e,0xf3a702b3008efb47569b0a1269c1cba36fdd9465d544595d10a6e130bf38d7b2,1779960585,BUY,Down,Down,-1,False,100.0,0.47,47.0,47.0,-47.0,47.0,Up,1779960600,1.1401457642091846,-15,matched,4,1.9718137104003195,1.4105591709276701,0.5612545394726494,26.37896335521452,0.9718137104002941,0.41076695195531365,0.5610467584449804,26.36919764691408,288919.3081450681,51498.426986679195,237420.88115838892,11158781.414444279,3462.2381290899357,3463.8396934782504,-1.6015643883147277,-75.2735262507922
0xf6beafa72d6416525c4cf039c9c122883dbef6a3,0xf4f2a366e4f47a08da9ff0a07d5179b489febabdf4a1f4129c08b6f142c6d09f,1778344994,BUY,Down,Down,-1,False,75.90625,0.32,24.29,24.29,-24.29,24.29,Up,1778345100,3.3036536738235913,-106,matched,4,-0.3326027343437797,0.009360551661774685,-0.34196328600555437,-8.306288217074915,-0.34366060609935717,-0.00520506495661989,-0.3384555411427373,-8.221085094357088,-727.9609224241576,-49299.57387164281,48571.61294921865,1179804.478536521,4888.0142700101715,4695.023956343764,192.99031366640702,4687.734718957026
0xf6beafa72d6416525c4cf039c9c122883dbef6a3,0xf4f2a366e4f47a08da9ff0a07d5179b489febabdf4a1f4129c08b6f142c6d09f,1778344993,BUY,Down,Down,-1,False,5.625,0.32,1.8,1.8,-1.8,1.8,Up,1778345100,3.3036536738235913,-107,matched,4,-0.3326027343437797,0.21834928180242807,-0.5509520161462078,-0.9917136290631741,-0.34366060609935717,0.2148733307044891,-0.5585339368038462,-1.0053610862469233,-727.9609224241576,3262.0155096609606,-3989.976432085118,-7181.957577753213,4888.0142700101715,4721.280096399096,166.73417361107568,300.1215124999362
0xf6beafa72d6416525c4cf039c9c122883dbef6a3,0xf4f2a366e4f47a08da9ff0a07d5179b489febabdf4a1f4129c08b6f142c6d09f,1778344993,BUY,Down,Down,-1,False,9.838708,0.3099999512131064,3.049999,3.049999,-3.049999,3.049999,Up,1778345100,3.3036536738235913,-107,matched,4,-0.3326027343437797,0.21834928180242807,-0.5509520161462078,-1.6804030982939178,-0.34366060609935717,0.2148733307044891,-0.5585339368038462,-1.7035279487177943,-727.9609224241576,3262.0155096609606,-3989.976432085118,-12169.42412788318,4888.0142700101715,4721.280096399096,166.73417361107568,508.5390627796072
0xf6beafa72d6416525c4cf039c9c122883dbef6a3,0xf4f2a366e4f47a08da9ff0a07d5179b489febabdf4a1f4129c08b6f142c6d09f,1778344991,BUY,Down,Down,-1,False,5.8,0.35,2.03,2.03,-2.03,2.03,Up,1778345100,3.3036536738235913,-109,matched,4,-0.6866636776223844,-0.2250070129574745,-0.46165666466490995,-0.9371630292697671,-0.5452153910654773,-0.08664793972852236,-0.458567451336955,-0.9308919262140185,-1666.744900817168,26599.962418612547,-28266.707319429715,-57381.41585844232,4234.938447938301,4234.41575434355,0.522693594750308,1.0610679973431252
0xf6beafa72d6416525c4cf039c9c122883dbef6a3,0xf4f2a366e4f47a08da9ff0a07d5179b489febabdf4a1f4129c08b6f142c6d09f,1778344970,BUY,Down,Down,-1,False,10.358973,0.3899999546287069,4.039999,4.039999,-4.039999,4.039999,Up,1778345100,3.3036536738235913,-130,matched,4,0.2774505376865042,1.0206836958013106,-0.7432331581148064,-3.00266121555066,-0.3543979454012637,0.38394876962611524,-0.7383467150273789,-2.9829199903638957,-1279.861544927233,199941.073288855,-201220.93483378223,-812932.3755075453,11081.63876819727,11280.985583221176,-199.34681502390595,-805.360933349765
0xf6beafa72d6416525c4cf039c9c122883dbef6a3,0xf4f2a366e4f47a08da9ff0a07d5179b489febabdf4a1f4129c08b6f142c6d09f,1778344968,BUY,Down,Down,-1,False,7.527776,0.3599999521771105,2.7099990000000003,2.7099990000000003,-2.7099990000000003,2.7099990000000003,Up,1778345100,3.3036536738235913,-132,matched,4,0.2633319371507674,0.36362443946800654,-0.10029250231723913,-0.27179258098721576,-0.3543979454012637,-0.2547378331596334,-0.0996601122416303,-0.2700788045147059,-1279.861544927233,195701.15482772666,-196981.0163726539,-533818.3573888757,11229.065844728379,11146.20446537518,82.86137935319857,224.5542551857888
0xf6beafa72d6416525c4cf039c9c122883dbef6a3,0xf4f2a366e4f47a08da9ff0a07d5179b489febabdf4a1f4129c08b6f142c6d09f,1778344963,BUY,Down,Down,-1,False,9.657141,0.34999996375738945,3.3799989999999993,3.3799989999999993,-3.3799989999999993,3.3799989999999993,Up,1778345100,3.3036536738235913,-137,matched,4,0.2696846286676471,0.1619938742432675,0.10769075442437959,0.3639946422636485,-0.3543979454012637,-0.46688237329422144,0.11248442789295776,0.3801972537937693,-1279.861544927233,-21486.99127838265,20207.12973345542,68300.07829194957,11427.623138845433,11099.906462637617,327.7166762078159,1107.6820378657412
0xf6beafa72d6416525c4cf039c9c122883dbef6a3,0xf4f2a366e4f47a08da9ff0a07d5179b489febabdf4a1f4129c08b6f142c6d09f,1778344959,BUY,Down,Down,-1,False,7.722221,0.35999992748200293,2.779999,2.779999,-2.779999,2.779999,Up,1778345100,3.3036536738235913,-141,matched,4,0.2681968051832103,0.5941907556188667,-0.3259939504356564,-0.9062628562171743,-0.3543979454012637,-0.03178564187892688,-0.32261230352233683,-0.8968618811797929,-1279.861544927233,-11734.038232416484,10454.176687489251,29062.60073704343,11438.101593845524,11200.570748798793,237.53084504673097,660.3355116990671
0xf6beafa72d6416525c4cf039c9c122883dbef6a3,0xf4f2a366e4f47a08da9ff0a07d5179b489febabdf4a1f4129c08b6f142c6d09f,1778344959,BUY,Down,Down,-1,False,4.833332,0.3599998924137634,1.739999,1.739999,-1.739999,1.739999,Up,1778345100,3.3036536738235913,-141,matched,4,0.2681968051832103,0.5941907556188667,-0.3259939504356564,-0.5672291477640917,-0.3543979454012637,-0.03178564187892688,-0.32261230352233683,-0.5613450855165626,-1279.861544927233,-11734.038232416484,10454.176687489251,18190.25698205461,11438.101593845524,11200.570748798793,237.53084504673097,413.3034328504669
0xf6beafa72d6416525c4cf039c9c122883dbef6a3,0xf4f2a366e4f47a08da9ff0a07d5179b489febabdf4a1f4129c08b6f142c6d09f,1778344958,BUY,Down,Down,-1,False,9.657141,0.34999996375738945,3.3799989999999993,3.3799989999999993,-3.3799989999999993,3.3799989999999993,Up,1778345100,3.3036536738235913,-142,matched,4,0.2681968051832103,0.5951617770649802,-0.3269649718817699,-1.10514127799541,-0.3543979454012637,-0.03178564187892688,-0.32261230352233683,-1.0904292632931947,-1279.861544927233,-11734.038232416484,10454.176687489251,35335.10674953697,11438.101593845524,11231.369937885298,206.7316559602259,698.7527904139075
0xf6beafa72d6416525c4cf039c9c122883dbef6a3,0xf639685e2fba8daa67ae29efd92482df5882bdcbf157c097c25478115747d57e,1779561187,BUY,Down,Down,-1,False,9.473683,0.18999991872221184,1.799999,1.799999,-1.799999,1.799999,Up,1779561300,5.78985236686322,-113,matched,4,0.03432115003001901,0.27965917898351034,-0.24533802895349133,-0.4416082067782554,-0.9626146365119188,-0.714971989034252,-0.24764264747766684,-0.4457565178171528,-562171.8774493258,-133975.94457366347,-428195.9328756623,-770752.2509802592,159634.83726409078,160209.52752439887,-574.6902603080962,-1034.4418938643128
0xf6beafa72d6416525c4cf039c9c122883dbef6a3,0xf639685e2fba8daa67ae29efd92482df5882bdcbf157c097c25478115747d57e,1779561185,BUY,Down,Down,-1,False,7.055554,0.1799998979527334,1.269999,1.269999,-1.269999,1.269999,Up,1779561300,5.78985236686322,-115,matched,4,0.03389078871534301,0.6754701486218433,-0.6415793599065003,-0.8148051455018955,-0.962699828808349,-0.31938687031350016,-0.6433129584948489,-0.8170068139754997,-563505.7248771258,-108105.04970312903,-455400.6751739968,-578358.4020703008,158326.30970084714,158752.38586229464,-426.076161447505,-541.1162989621699
0xf6beafa72d6416525c4cf039c9c122883dbef6a3,0xf639685e2fba8daa67ae29efd92482df5882bdcbf157c097c25478115747d57e,1779561183,BUY,Down,Down,-1,False,6.925924,0.26999993069516787,1.869999,1.869999,-1.869999,1.869999,Up,1779561300,5.78985236686322,-117,matched,4,0.03388501320785209,0.6722922866261685,-0.6384072734183164,-1.1938209628849783,-0.9627073159908253,-0.3225626863124519,-0.6401446296783734,-1.1970698173539285,-563623.242287976,-108110.85718018904,-455512.3851077869,-851807.7046391764,158405.8370964271,158805.57425945462,-399.73716302751563,-747.5080951242912
0xf6beafa72d6416525c4cf039c9c122883dbef6a3,0xf639685e2fba8daa67ae29efd92482df5882bdcbf157c097c25478115747d57e,1779561159,BUY,Down,Down,-1,False,7.6,0.25,1.9,1.9,-1.9,1.9,Up,1779561300,5.78985236686322,-141,matched,4,0.007297051672611299,0.3807808232929373,-0.373483771620326,-0.7096191660786193,-0.9626992836587486,-0.6005409690138902,-0.36215831464485837,-0.6881007978252309,-563694.01589527,-29681.315996002842,-534012.6998992672,-1014624.1298086076,165171.32426460506,168658.94796792447,-3487.6237033194047,-6626.485036306869
0xf6beafa72d6416525c4cf039c9c122883dbef6a3,0xf639685e2fba8daa67ae29efd92482df5882bdcbf157c097c25478115747d57e,1779561157,BUY,Down,Down,-1,False,4.96,0.25,1.24,1.24,-1.24,1.24,Up,1779561300,5.78985236686322,-143,matched,4,-0.013277662604143203,1.11314026527851,-1.1264179278826534,-1.3967582305744901,-0.9626992836587486,0.1507883635102413,-1.1134876471689898,-1.3807246824895474,-563694.01589527,-1782.2498492509185,-561911.7660460192,-696770.5898970638,166914.58635155112,174854.8678646651,-7940.281513113994,-9845.949076261353
0xf6beafa72d6416525c4cf039c9c122883dbef6a3,0xf639685e2fba8daa67ae29efd92482df5882bdcbf157c097c25478115747d57e,1779561141,BUY,Down,Down,-1,False,4.371427,0.34999989705878654,1.5299989999999999,1.5299989999999999,-1.5299989999999999,1.5299989999999999,Up,1779561300,5.78985236686322,-159,matched,4,-0.0064380749201444765,0.8213157917017665,-0.827753866621911,-1.266462588177657,-0.9627801385546272,-0.14762991099013756,-0.8151502275644896,-1.2471790330234416,-565750.3066260512,116069.30540028976,-681819.6120263409,-1043183.3245806895,1252085.7177754738,1258577.3945187675,-6491.676743293647,-9932.258925562535
0xf6beafa72d6416525c4cf039c9c122883dbef6a3,0xf639685e2fba8daa67ae29efd92482df5882bdcbf157c097c25478115747d57e,1779561087,BUY,Down,Down,-1,False,8.166665,0.2999999387754977,2.449999,2.449999,-2.449999,2.449999,Up,1779561300,5.78985236686322,-213,matched,4,-0.009701724137976542,0.5908931004530182,-0.6005948245909948,-1.4714567196531125,-0.9665730026158549,-0.3692986216498805,-0.5972743809659744,-1.4633216360922563,-645473.1165881292,-986855.7976473885,341382.68105925934,836387.2272125044,1280947.0712536802,1348588.2053494467,-67641.13409576658,-165720.71089349402
0xf6beafa72d6416525c4cf039c9c122883dbef6a3,0xf639685e2fba8daa67ae29efd92482df5882bdcbf157c097c25478115747d57e,1779561082,BUY,Down,Down,-1,False,4.8,0.3,1.44,1.44,-1.44,1.44,Up,1779561300,5.78985236686322,-218,matched,4,-0.0015431319225480689,0.9066773975497997,-0.9082205294723478,-1.3078375624401808,-0.9665752238311374,-0.0841760482990264,-0.882399175532111,-1.2706548127662398,-645517.4943753611,46013.20917535329,-691530.7035507144,-995804.2131130287,1582468.6318648444,1554823.8736165464,27644.758248297963,39808.451877549065
0xf6beafa72d6416525c4cf039c9c122883dbef6a3,0xf639685e2fba8daa67ae29efd92482df5882bdcbf157c097c25478115747d57e,1779561068,BUY,Down,Down,-1,False,4.774192,0.30999989108104575,1.479999,1.479999,-1.479999,1.479999,Up,1779561300,5.78985236686322,-232,matched,4,-0.009314248542523273,1.3812409275749407,-1.390555176117464,-2.0580202700986705,-0.969915176447449,0.4021955734081653,-1.3721107498556142,-2.030722537675559,-721292.2396321404,144061.2015751574,-865353.4412072978,-1280722.2276333596,1509007.6288992462,1509702.7238959782,-695.0949967319611,-1028.7399000683058
0xf6beafa72d6416525c4cf039c9c122883dbef6a3,0xf639685e2fba8daa67ae29efd92482df5882bdcbf157c097c25478115747d57e,1779561057,BUY,Down,Down,-1,False,7.166665,0.2999999302325419,2.1499989999999998,2.1499989999999998,-2.1499989999999998,2.1499989999999998,Up,1779561300,5.78985236686322,-243,matched,4,-0.008494501890293327,1.0349393434188585,-1.0434338453091518,-2.243381723980831,-0.9688684854049837,0.07547129615045106,-1.0443397815554347,-2.245329486004403,-721186.7861543556,31538.490988215664,-752725.2771425713,-1618358.593131251,1509945.2729945905,1486887.4388033662,23057.834191224305,49574.32045329806
0xf6beafa72d6416525c4cf039c9c122883dbef6a3,0xf639685e2fba8daa67ae29efd92482df5882bdcbf157c097c25478115747d57e,1779561055,BUY,Down,Down,-1,False,5.133332,0.2999998831168528,1.5399990000000001,1.5399990000000001,-1.5399990000000001,1.5399990000000001,Up,1779561300,5.78985236686322,-245,matched,4,-0.008486894766414066,1.0349399458357609,-1.043426840602175,-1.606876291100509,-0.9688686470783208,0.07547129615045106,-1.0443399432287719,-1.6082824682323655,-721190.6518115557,31538.490988215664,-752729.1427997714,-1159202.1271825053,1510241.3602603904,1487005.9468986327,23235.41336175776,35782.51334169359
0xb305d384400e3d7a15780216a55368ea677eca4e,0xf6b6d32aeb0ddac576acf300bec79a5b124f188f1d9c43eb54c133e923a8f641,1778899431,BUY,Up,Up,1,True,100.0,0.52,52.0,52.0,48.0,48.0,Up,1778899500,0.07494658038216005,-69,matched,4,-1.994349132739313,-0.8007072536039253,-1.1936418791353878,-57.29481019849861,-0.9999766824517375,0.1951232679209425,-1.19509995037268,-57.36479761788864,-1106651.82973905,-205310.54018455866,-901341.2895544914,-43264381.898615584,241415.01781355357,244351.25003594212,-2936.2322223885567,-140939.14667465072
0xf6beafa72d6416525c4cf039c9c122883dbef6a3,0xf6b8980267bdea2497e320b82d11444a0268d377dcb4cd20f71997e17a5f004a,1780791070,BUY,Up,Up,1,False,134.77,0.17571343770868889,23.6809,23.6809,-23.6809,23.6809,Down,1780791300,9.563553064098533,-230,matched,4,0.6293443720516344,0.7831141091789203,-0.15376973712728592,-3.6414057679375453,-0.08606440991963396,0.054970397063817136,-0.1410348069834511,-3.3398311606944078,-5711.511449177022,208746.51497527547,-214458.0264244525,-5078559.077954818,95258.37131955684,98946.9628562266,-3688.591536669759,-87349.1673207229
0xf6beafa72d6416525c4cf039c9c122883dbef6a3,0xf6b8980267bdea2497e320b82d11444a0268d377dcb4cd20f71997e17a5f004a,1780791066,BUY,Up,Up,1,False,108.69,0.16,17.3904,17.3904,-17.3904,17.3904,Down,1780791300,9.563553064098533,-234,matched,4,0.6293443720516344,1.0898332966012916,-0.4604889245496572,-8.008086593488358,-0.08606440991963396,0.3446411745128808,-0.4307055844325147,-7.490142395515204,-5711.511449177022,230821.13365235107,-236532.6451015281,-4113397.3113736142,95258.37131955684,95419.4401690107,-161.06884945386264,-2801.0517195424527
0xf6beafa72d6416525c4cf039c9c122883dbef6a3,0xf6b8980267bdea2497e320b82d11444a0268d377dcb4cd20f71997e17a5f004a,1780791202,BUY,Up,Up,1,False,125.0,0.16,20.0,20.0,-20.0,20.0,Down,1780791300,9.563553064098533,-98,matched,4,-0.8960419353255744,0.013056707657853245,-0.9090986429834277,-18.181972859668555,-0.24331383066125242,0.683927840642037,-0.9272416713032895,-18.54483342606579,-8527.086136210026,31112.945877228023,-39640.032013438045,-792800.640268761,3388.860762379132,3244.748416450271,144.11234592886103,2882.2469185772206
0xb305d384400e3d7a15780216a55368ea677eca4e,0xf741c20194c4a0ad40716ff50745ca65a7e14c3c3e680c45943a0df21f2e7b87,1778820245,BUY,Up,Up,1,False,261.9,0.56,146.664,146.664,-146.664,146.664,Down,1778820300,5.707975836122824,-55,matched,4,0.1019027000758472,0.2583429254406904,-0.15644022536484317,-22.944149212909355,-0.14525332202441,-0.024811858081967703,-0.12044146394244229,-17.664426867654356,-405.00012162409257,1075.3453942215274,-1480.34551584562,-217113.39473598197,503.24291588854976,549.6660273690068,-46.42311148045701,-6808.599222169746
0xf6beafa72d6416525c4cf039c9c122883dbef6a3,0xf741c20194c4a0ad40716ff50745ca65a7e14c3c3e680c45943a0df21f2e7b87,1778820170,BUY,Down,Down,-1,True,43.177776,0.44999999536798746,19.429999000000002,19.429999000000002,23.747777000000003,23.747777000000003,Down,1778820300,5.707975836122824,-130,matched,4,0.14787672146656938,0.19541020082604604,-0.04753347935947666,-1.1288144678629548,-0.5863988389588815,-0.557881658509947,-0.028517180448934476,-0.6772196419700559,-5975.943914817879,-6784.886376145348,808.9424613274687,19210.585177435853,7010.748494349187,7258.997040498922,-248.24854614973447,-5895.3511145381035
0xb305d384400e3d7a15780216a55368ea677eca4e,0xf741c20194c4a0ad40716ff50745ca65a7e14c3c3e680c45943a0df21f2e7b87,1778820118,BUY,Down,Down,-1,True,300.0,0.3,90.0,90.0,210.0,210.0,Down,1778820300,5.707975836122824,-182,matched,4,0.2488688058814884,0.20000805650594183,0.048860749375546575,10.26075736886478,-0.46186966914264016,-0.49225813406069585,0.03038846491805569,6.381577632791695,-5211.546431580791,-67474.6300583423,62263.08362676151,13075247.561619917,32236.497999800136,33195.93862449215,-959.4406246920116,-201482.53118532244
0xb305d384400e3d7a15780216a55368ea677eca4e,0xf741c20194c4a0ad40716ff50745ca65a7e14c3c3e680c45943a0df21f2e7b87,1778820112,BUY,Down,Down,-1,True,400.0,0.306506,122.6024,122.6024,277.3976,277.3976,Down,1778820300,5.707975836122824,-188,matched,4,0.2493559537629606,0.5248683344572149,-0.2755123806942543,-76.42647317487248,-0.4623949398354299,-0.19824372781035493,-0.26415121202507497,-73.27491225284693,-5222.571136916755,81593.23564554677,-86815.80678246352,-24082496.443519104,32349.722390160197,33417.433333950095,-1067.710943789898,-296180.4533010526
0xf6beafa72d6416525c4cf039c9c122883dbef6a3,0xf741c20194c4a0ad40716ff50745ca65a7e14c3c3e680c45943a0df21f2e7b87,1778820049,BUY,Down,Down,-1,True,9.378377,0.3699999477521537,3.4699990000000005,3.4699990000000005,5.908378,5.908378,Down,1778820300,5.707975836122824,-251,matched,4,-0.5612684038950423,-0.08940060139619779,-0.4718678024988445,-2.787973343192518,-0.6385433359352345,-0.15616688647293872,-0.48237644946229574,-2.85006240172114,-10737.123744919896,123.99140804866238,-10861.11515296856,-64171.57382526607,46513.28762681526,43848.41445096284,2664.8731758524227,15745.078044996586
0xf6beafa72d6416525c4cf039c9c122883dbef6a3,0xf741c20194c4a0ad40716ff50745ca65a7e14c3c3e680c45943a0df21f2e7b87,1778820049,BUY,Down,Down,-1,True,9.8,0.35,3.43,3.43,6.370000000000001,6.370000000000001,Down,1778820300,5.707975836122824,-251,matched,4,-0.5612684038950423,-0.08940060139619779,-0.4718678024988445,-3.00579790191764,-0.6385433359352345,-0.15616688647293872,-0.48237644946229574,-3.0727379830748243,-10737.123744919896,123.99140804866238,-10861.11515296856,-69185.30352440974,46513.28762681526,43848.41445096284,2664.8731758524227,16975.242130179937
0xf6beafa72d6416525c4cf039c9c122883dbef6a3,0xf741c20194c4a0ad40716ff50745ca65a7e14c3c3e680c45943a0df21f2e7b87,1778820046,BUY,Down,Down,-1,True,6.958332,0.2399999022754304,1.6699990000000002,1.6699990000000002,5.288333,5.288333,Down,1778820300,5.707975836122824,-254,matched,4,-0.5771272951816915,0.3195197815837483,-0.8966470767654398,-4.741768325412208,-0.6466677876427186,0.2577189988128857,-0.9043867864556043,-4.782698487577125,-11123.765194508014,32781.25412564314,-43905.01932015116,-232184.36253639293,46126.646177227376,42979.354943856626,3147.29123337075,16643.92409004524
0xf6beafa72d6416525c4cf039c9c122883dbef6a3,0xf741c20194c4a0ad40716ff50745ca65a7e14c3c3e680c45943a0df21f2e7b87,1778820042,BUY,Down,Down,-1,True,4.03846,0.24761889433100737,0.999999,0.999999,3.038461,3.038461,Down,1778820300,5.707975836122824,-258,matched,4,-0.561453280460865,0.06720732986390003,-0.628660610324765,-1.9101607467079955,-0.6466677876427186,-0.03834265874794535,-0.6083251288947732,-1.8483721794667414,-11123.765194508014,-5294.2933602252315,-5829.471834282783,-17712.6228190667,46916.98417108529,46993.5217968927,-76.53762580741022,-232.55659104840947
0xf6beafa72d6416525c4cf039c9c122883dbef6a3,0xf741c20194c4a0ad40716ff50745ca65a7e14c3c3e680c45943a0df21f2e7b87,1778820041,BUY,Down,Down,-1,True,6.972971,0.3699999612790588,2.579999,2.579999,4.392972,4.392972,Down,1778820300,5.707975836122824,-259,matched,4,-0.561453280460865,0.06766723079664724,-0.6291205112575122,-2.763708790579936,-0.6466677876427186,-0.03838490488995925,-0.6082828827527593,-2.672169672012155,-11123.765194508014,-5319.045760751979,-5804.719433756035,-25499.96994034612,46916.98417108529,47018.92827841097,-101.94410732567485,-447.8376090466845
0xf6beafa72d6416525c4cf039c9c122883dbef6a3,0xf741c20194c4a0ad40716ff50745ca65a7e14c3c3e680c45943a0df21f2e7b87,1778820039,BUY,Down,Down,-1,True,2.777776,0.35999987039991704,0.9999989999999999,0.9999989999999999,1.7777770000000002,1.7777770000000002,Down,1778820300,5.707975836122824,-261,matched,4,-0.561453280460865,-0.22318280919664799,-0.33827047126421694,-0.6013694635926858,-0.6466677876427186,-0.3214400566395629,-0.3252277310031557,-0.5781823799395972,-11123.765194508014,-27836.147672388044,16712.38247788003,29710.889184378128,46916.98417108529,46764.164601756696,152.81956932859612,271.67911550228365
0xb305d384400e3d7a15780216a55368ea677eca4e,0xf741c20194c4a0ad40716ff50745ca65a7e14c3c3e680c45943a0df21f2e7b87,1778820039,BUY,Down,Down,-1,True,100.0,0.360621,36.0621,36.0621,63.93789999999999,63.93789999999999,Down,1778820300,5.707975836122824,-261,matched,4,-0.561453280460865,-0.22318280919664799,-0.33827047126421694,-21.628303564644373,-0.6466677876427186,-0.3214400566395629,-0.3252277310031557,-20.794378142106666,-11123.765194508014,-27836.147672388044,16712.38247788003,1068554.6396324455,46916.98417108529,46764.164601756696,152.81956932859612,9770.962341774844
0xf6beafa72d6416525c4cf039c9c122883dbef6a3,0xf8dab5fc47f6ccb21e251bd225ebe880c04a185390e05cfae90c1f2606e54f3b,1777717882,BUY,Up,Up,1,True,57.510768,0.33541543037644705,19.289998999999998,19.289998999999998,38.220769,38.220769,Up,1777718100,2.1308038152068525,-218,matched,4,0.7240994223954578,0.024048618627645284,0.7000508037678125,26.756480059073887,0.9559790108351797,0.21451054889258514,0.7414684619425945,28.339494804693196,46380.553802997034,12249.827017975847,34130.72678502119,1304502.6242524073,3664.68340490805,3511.263857404847,153.41954750320292,5863.813085204445
0xb305d384400e3d7a15780216a55368ea677eca4e,0xf8e08ef8d8f22afa5f328f81515fcf0c6bf7ad5064bcfc0d58bd604fd8acbd97,1778971788,BUY,Down,Down,-1,True,54.3,0.78,42.354,42.354,11.945999999999998,11.945999999999998,Down,1778971800,0.5250788403126866,-12,matched,4,-2.0,-1.8715805014021851,-0.12841949859781487,-1.5340993302494963,-1.0,-0.8715805014039654,-0.12841949859603463,-1.5340993302282295,-373.1207712000032,-2241.588551566747,1868.4677803667437,22320.716104261115,8.209897499997169,8.208333870017668,0.001563629979500547,0.01867912373511353
0xb305d384400e3d7a15780216a55368ea677eca4e,0xf8e08ef8d8f22afa5f328f81515fcf0c6bf7ad5064bcfc0d58bd604fd8acbd97,1778971706,BUY,Down,Down,-1,True,22.76,0.52,11.8352,11.8352,10.924800000000001,10.924800000000001,Down,1778971800,0.5250788403126866,-94,matched,4,-0.01229001774860461,0.16347735928220897,-0.17576737703081358,-1.9202234405862324,-0.7527215552446201,-0.5864451435181608,-0.16627641172645935,-1.8165365428292233,-5818.673904983018,-106032.7092778305,100214.03537284747,1094818.293641284,1776.1283193290146,1727.0857125600123,49.042606769002305,535.7806704299965
0xb305d384400e3d7a15780216a55368ea677eca4e,0xf8e08ef8d8f22afa5f328f81515fcf0c6bf7ad5064bcfc0d58bd604fd8acbd97,1778971697,BUY,Down,Down,-1,True,1.82,0.61,1.1102,1.1102,0.7098000000000001,0.7098000000000001,Down,1778971800,0.5250788403126866,-103,matched,4,-0.00643116257376275,0.7441633748329564,-0.7505945374067191,-0.5327720026512893,-0.7528781375517909,-0.0026656751367565568,-0.7502124624150344,-0.5325008058221915,-5823.571932103019,1193.9834411473112,-7017.55537325033,-4981.0608039330855,1818.2662069130165,1823.5912960502756,-5.325089137259056,-3.7797482696264786
0xb305d384400e3d7a15780216a55368ea677eca4e,0xf8e08ef8d8f22afa5f328f81515fcf0c6bf7ad5064bcfc0d58bd604fd8acbd97,1778971697,BUY,Down,Down,-1,True,200.0,0.610345,122.069,122.069,77.931,77.931,Down,1778971800,0.5250788403126866,-103,matched,4,-0.00643116257376275,0.7441633748329564,-0.7505945374067191,-58.494582894643024,-0.7528781375517909,-0.0026656751367565568,-0.7502124624150344,-58.464807408466044,-5823.571932103019,1193.9834411473112,-7017.55537325033,-546885.1077927714,1818.2662069130165,1823.5912960502756,-5.325089137259056,-414.98952155573545
0xf6beafa72d6416525c4cf039c9c122883dbef6a3,0xf8e08ef8d8f22afa5f328f81515fcf0c6bf7ad5064bcfc0d58bd604fd8acbd97,1778971689,BUY,Down,Down,-1,True,14.676468,0.6799999836472918,9.979998,9.979998,4.69647,4.69647,Down,1778971800,0.5250788403126866,-111,matched,4,-0.728334530483892,-0.04314555281960389,-0.6851889776642881,-3.217969477930999,-0.7558833832397044,-0.07289531293713399,-0.6829880703025704,-3.2076329825339123,-5918.79614650302,-6561.854969758926,643.0588232559057,3020.1064716566634,3628.313081346001,3532.485751199536,95.8273301464651,450.05018121296894
0xb305d384400e3d7a15780216a55368ea677eca4e,0xf8e08ef8d8f22afa5f328f81515fcf0c6bf7ad5064bcfc0d58bd604fd8acbd97,1778971585,BUY,Down,Down,-1,True,10.0,0.6,6.0,6.0,4.0,4.0,Down,1778971800,0.5250788403126866,-215,matched,4,0.13677170367601255,0.28998760121357686,-0.15321589753756432,-0.6128635901502573,-0.5194997977023605,-0.36330400533037016,-0.15619579237199038,-0.6247831694879615,-5725.844624186007,-146514.59220776457,140788.74758357857,563154.9903343143,12493.66851513597,13130.292474631759,-636.6239594957879,-2546.4958379831514
0xb305d384400e3d7a15780216a55368ea677eca4e,0xf8e08ef8d8f22afa5f328f81515fcf0c6bf7ad5064bcfc0d58bd604fd8acbd97,1778971575,BUY,Down,Down,-1,True,10.0,0.56,5.6000000000000005,5.6000000000000005,4.3999999999999995,4.3999999999999995,Down,1778971800,0.5250788403126866,-225,matched,4,0.13485068570369174,0.19385663687511126,-0.05900595117141952,-0.25962618515424585,-0.525259927690585,-0.45153794076979026,-0.07372198692079479,-0.32437674245149706,-6018.7520093330095,-13326.325668797746,7307.573659464737,32153.324101644837,12211.510473354982,12068.136455664084,143.37401769089774,630.84567783995
0xf6beafa72d6416525c4cf039c9c122883dbef6a3,0xf8e08ef8d8f22afa5f328f81515fcf0c6bf7ad5064bcfc0d58bd604fd8acbd97,1778971713,BUY,Down,Down,-1,True,29.147056,0.6799999972552974,19.819998,19.819998,9.327058000000001,9.327058000000001,Down,1778971800,0.5250788403126866,-87,matched,4,-0.01229001774860461,0.8949334087220902,-0.9072234264706948,-8.461725517650907,-0.7527215552446201,0.15181000551677054,-0.9045315607613906,-8.436618330052015,-5818.673904983018,51004.533848687475,-56823.20775367049,-529993.3544645344,1776.1283193290146,1758.2340430959994,17.894276233015262,166.9009522933549
0xf6beafa72d6416525c4cf039c9c122883dbef6a3,0xf9365ae419534e8b9585a880106412fd6ac367caac3ea5ea923d55a5304e0abc,1778414373,BUY,Up,Up,1,False,15.483869,0.3099999748124968,4.799999000000001,4.799999000000001,-4.799999000000001,4.799999000000001,Down,1778414400,1.0847257043321028,-27,matched,4,-1.9995293760071615,-0.2773867290760982,-1.7221426469310632,-8.266282983126457,-0.9995293760164304,0.7226132709219321,-1.7221426469383625,-8.266282983161494,-847657.5135696988,439.67056086347316,-848097.1841305622,-4070865.635729515,34.9318734803237,34.77641235779447,0.15546112252923194,0.7462132326791909
0xf6beafa72d6416525c4cf039c9c122883dbef6a3,0xf9365ae419534e8b9585a880106412fd6ac367caac3ea5ea923d55a5304e0abc,1778414396,BUY,Up,Up,1,False,18.421537,0.25947883718931813,4.779999,4.779999,-4.779999,4.779999,Down,1778414400,1.0847257043321028,-4,offset_out_of_range,,,,,,,,,,,,,,,,,
0xf6beafa72d6416525c4cf039c9c122883dbef6a3,0xf9365ae419534e8b9585a880106412fd6ac367caac3ea5ea923d55a5304e0abc,1778414392,BUY,Up,Up,1,False,16.769309,0.2856408096481495,4.789999,4.789999,-4.789999,4.789999,Down,1778414400,1.0847257043321028,-8,offset_out_of_range,,,,,,,,,,,,,,,,,
0xb305d384400e3d7a15780216a55368ea677eca4e,0xfa4aa76a874d1a30e9fb7ed96fb2e45b78e7f6ac4e2a9ad1c0fa2c20b592e4f5,1778328578,BUY,Up,Up,1,False,100.0,0.01,1.0,1.0,-1.0,1.0,Down,1778328600,7.1102061843886855,-22,matched,4,0.39597914075451146,1.5168173359780945,-1.120838195223583,-1.120838195223583,-0.5332394116371945,0.5633049991786396,-1.096544410815834,-1.096544410815834,-2388.6056958355475,867.1122556127757,-3255.717951448323,-3255.717951448323,776.2821290763095,830.009064321006,-53.726935244696506,-53.726935244696506
0xb305d384400e3d7a15780216a55368ea677eca4e,0xfa4aa76a874d1a30e9fb7ed96fb2e45b78e7f6ac4e2a9ad1c0fa2c20b592e4f5,1778328452,BUY,Down,Down,-1,True,100.0,0.72,72.0,72.0,28.000000000000004,28.000000000000004,Down,1778328600,7.1102061843886855,-148,matched,4,1.3401846982684151,0.6273856652205536,0.7127990330478615,19.958372925340125,0.36811267938843745,-0.33557679737239865,0.7036894767608362,19.703305349303413,8083.258278399473,-85407.56996833833,93490.8282467378,2617743.190908659,50204.16677723266,46527.71989921745,3676.446878015209,102940.51258442587
0xb305d384400e3d7a15780216a55368ea677eca4e,0xfa4aa76a874d1a30e9fb7ed96fb2e45b78e7f6ac4e2a9ad1c0fa2c20b592e4f5,1778328441,BUY,Up,Up,1,False,100.0,0.23,23.0,23.0,-23.0,23.0,Down,1778328600,7.1102061843886855,-159,matched,4,-0.9391582150437539,-0.5170525466810654,-0.4221056683626885,-9.708430372341835,-0.1987809318869606,0.2374709733286787,-0.4362519052156393,-10.033793819959703,-5180.731590619776,27620.38152304855,-32801.113113668325,-754425.6016143715,53157.527166389395,54614.6667478875,-1457.1395814981079,-33514.21037445648
0xb305d384400e3d7a15780216a55368ea677eca4e,0xfb780b73f0cd669af597c32f8fbe9d2f4d1f6a0e2ea9edcd69cd5772940a6bd6,1778490818,BUY,Down,Down,-1,False,100.0,0.231824,23.1824,23.1824,-23.1824,23.1824,Up,1778490900,7.257313584854139,-82,matched,4,-0.4271187122855268,-0.10200878284021123,-0.3251099294453156,-7.536828428373084,-0.885412917375144,-0.5300827496283502,-0.3553301677467938,-8.237406080773274,-25503.192184002015,4266.7202467642055,-29769.91243076622,-690138.0179349949,773.3138608629961,835.8726870065002,-62.55882614350412,-1450.26373118917
0xb305d384400e3d7a15780216a55368ea677eca4e,0xfb780b73f0cd669af597c32f8fbe9d2f4d1f6a0e2ea9edcd69cd5772940a6bd6,1778490792,BUY,Down,Down,-1,False,57.99,0.23,13.337700000000002,13.337700000000002,-13.337700000000002,13.337700000000002,Up,1778490900,7.257313584854139,-108,matched,4,-0.29018851144182467,0.18238897727814712,-0.4725774887199718,-6.3030967713003685,-0.8868936532444482,-0.3884341121344186,-0.49845954111002966,-6.6483038214632435,-25986.678048287024,-28843.786287202704,2857.10823891568,38107.25255818567,1364.4641592150147,1378.817144174478,-14.352984959463356,-191.43580749383443
0xb305d384400e3d7a15780216a55368ea677eca4e,0xfb780b73f0cd669af597c32f8fbe9d2f4d1f6a0e2ea9edcd69cd5772940a6bd6,1778490775,BUY,Down,Down,-1,False,100.0,0.25,25.0,25.0,-25.0,25.0,Up,1778490900,7.257313584854139,-125,matched,4,-0.2917894659235958,-0.0594313917832788,-0.23235807414031698,-5.808951853507924,-0.8863162622231265,-0.6848193234771431,-0.2014969387459834,-5.037423468649585,-26007.904829223015,-112071.05196089688,86063.14713167386,2151578.6782918465,1338.3824064460205,1371.1259555352517,-32.74354908923124,-818.5887272307809
0xb305d384400e3d7a15780216a55368ea677eca4e,0xfb780b73f0cd669af597c32f8fbe9d2f4d1f6a0e2ea9edcd69cd5772940a6bd6,1778490866,BUY,Down,Down,-1,False,100.0,0.09,9.0,9.0,-9.0,9.0,Up,1778490900,7.257313584854139,-34,matched,4,0.33480597792304123,1.0497095960961298,-0.7149036181730886,-6.434132563557797,-0.6064854495246423,0.07814270653888399,-0.6846281560635263,-6.161653404571737,-755.0535491010232,1899.0498268975225,-2654.1033759985457,-23886.93038398691,26944.383264306976,25652.615924371523,1291.7673399354535,11625.906059419081
0xf6beafa72d6416525c4cf039c9c122883dbef6a3,0xfc31137ce4da15a747c6fc671f8c1c487baba6c2aadfb6351b8ae73475a8a23b,1777840828,BUY,Up,Up,1,False,5.166665,0.23999988387093027,1.2399989999999999,1.2399989999999999,-1.2399989999999999,1.2399989999999999,Down,1777841100,2.805487472308064,-272,matched,4,1.6275733376680037,0.7773089797896868,0.8502643578783169,1.054326953504755,0.851371858939285,-0.002821196963081654,0.8541930559023667,1.0591985351258788,335530.8316122418,-15091.678365261323,350622.5099775031,434771.5617495938,506855.1934439419,522180.80144230823,-15325.607998366351,-19003.738592366273
0xf6beafa72d6416525c4cf039c9c122883dbef6a3,0xfc31137ce4da15a747c6fc671f8c1c487baba6c2aadfb6351b8ae73475a8a23b,1777840828,BUY,Up,Up,1,False,4.153845,0.2599998314814347,1.079999,1.079999,-1.079999,1.079999,Down,1777841100,2.805487472308064,-272,matched,4,1.6275733376680037,0.7773089797896868,0.8502643578783169,0.9182846562442243,0.851371858939285,-0.002821196963081654,0.8541930559023667,0.9225276461815001,335530.8316122418,-15091.678365261323,350622.5099775031,378671.96015319333,506855.1934439419,522180.80144230823,-15325.607998366351,-16551.64131262766
0xf6beafa72d6416525c4cf039c9c122883dbef6a3,0xfc31137ce4da15a747c6fc671f8c1c487baba6c2aadfb6351b8ae73475a8a23b,1777840816,BUY,Down,Down,-1,True,14.746266,0.6699999850809689,9.879997999999999,9.879997999999999,4.866268000000001,4.866268000000001,Down,1777841100,2.805487472308064,-284,matched,4,1.0028701904393238,0.8241736190969394,0.17869657134238437,0.8695854068331622,0.1189836266290086,-0.051668241221344224,0.17065186785035283,0.8304377236604009,101349.50106195104,-44189.56897795609,145539.07003990712,708232.1192849588,49167.60113914427,49746.671863113355,-579.0707239690819,-2817.9133337875764
0xf6beafa72d6416525c4cf039c9c122883dbef6a3,0xfc8a9c17d13fa8dfa043e7c271e752f46e9c56d901403ed6bbf77a932f7d3c2b,1778358076,BUY,Up,Up,1,False,40.520231,0.4271939861349754,17.309999,17.309999,-17.309999,17.309999,Down,1778358300,6.293038428370182,-224,matched,4,-1.6123025257862833,-0.33440332725738126,-1.277899198528902,-22.120433848636097,-0.736985557527113,0.5260027752348049,-1.262988332761918,-21.86232677712047,-39897.3644264075,140246.51847072702,-180143.88289713452,-3118290.432805516,46654.160599859664,47468.72839909271,-814.5677992330457,-14100.167790156222
0xf6beafa72d6416525c4cf039c9c122883dbef6a3,0xfc8a9c17d13fa8dfa043e7c271e752f46e9c56d901403ed6bbf77a932f7d3c2b,1778358074,BUY,Up,Up,1,False,2.714284,0.4199998968420401,1.139999,1.139999,-1.139999,1.139999,Down,1778358300,6.293038428370182,-226,matched,4,-1.610179301194756,-0.3344112210106681,-1.275768080184088,-1.4543743356417802,-0.7338608796816578,0.5260401990319291,-1.259901078713587,-1.4362859698324104,-39799.80342921044,140264.644913327,-180064.44834253745,-205273.29104604435,47047.97121678479,47485.14154213204,-437.1703253472515,-498.37373372554134
