market_timeframe,market_duration_seconds,series_slug,slug_prefix,slug,condition_id,start_epoch,end_epoch,start_utc,end_utc,closed,price_to_beat,settlement_final_price,final_price_source,winner,official_margin_usd_signed,official_margin_bps_abs,market_volume,last_trade_price,best_bid,best_ask
5m,300,btc-up-or-down-5m,btc-updown-5m,btc-updown-5m-1780594200,0x48f7ea53151484813f8c16b9033c18976ca74b37a362ec0c14b8697dd0d8fdf4,1780594200,1780594500,2026-06-04T17:30:00Z,2026-06-04T17:35:00Z,True,63150.78816058908,63009.18963627736,gamma_finalPrice,Down,-141.59852431171748,22.422289323078594,82675.96812099987,0.01,0.5,0.51
5m,300,btc-up-or-down-5m,btc-updown-5m,btc-updown-5m-1780594500,0x0919ce2b997251c83f9927635f8eafef29c036859763d325bece50fc5cd1b20e,1780594500,1780594800,2026-06-04T17:35:00Z,2026-06-04T17:40:00Z,True,63009.18963627736,62933.80895476164,gamma_finalPrice,Down,-75.38068151572224,11.963442467814573,92100.66532899956,0.01,0.29,0.31
5m,300,btc-up-or-down-5m,btc-updown-5m,btc-updown-5m-1780594800,0xfa2c5e08adc508d8e54352471e41468e89a3bfaf2e339f0d55dcafb8a3e67e22,1780594800,1780595100,2026-06-04T17:40:00Z,2026-06-04T17:45:00Z,True,62933.80895476164,62969.410220966194,gamma_finalPrice,Up,35.60126620455412,5.656938106216514,99027.04988299981,0.99,0.5,0.51
5m,300,btc-up-or-down-5m,btc-updown-5m,btc-updown-5m-1780595100,0xee23c93cf12afc37d8eedbe31e2b0a1f535f0c3a5b63a477aa3daa80299691bb,1780595100,1780595400,2026-06-04T17:45:00Z,2026-06-04T17:50:00Z,True,62969.410220966194,63017.331930049964,gamma_finalPrice,Up,47.92170908377011,7.610315693859584,99245.17986899982,0.99,0.62,0.63
5m,300,btc-up-or-down-5m,btc-updown-5m,btc-updown-5m-1780595400,0xf442e81f828eae028ce5cb781c4bcc96b7d5df6120827185a4d94b60079a19a3,1780595400,1780595700,2026-06-04T17:50:00Z,2026-06-04T17:55:00Z,True,63017.331930049964,63521.50328973888,gamma_finalPrice,Up,504.1713596889167,80.00518972281361,93751.02834299982,0.99,0.49,0.5
5m,300,btc-up-or-down-5m,btc-updown-5m,btc-updown-5m-1780595700,0x1cbbe28330e3918d21c62c68a8b4b5089e4ac8c561e0d2f3d4339adf2684d088,1780595700,1780596000,2026-06-04T17:55:00Z,2026-06-04T18:00:00Z,True,63521.50328973888,63461.571019882525,gamma_finalPrice,Down,-59.93226985635556,9.434957731240734,117322.01875299943,0.01,0.46,0.5
5m,300,btc-up-or-down-5m,btc-updown-5m,btc-updown-5m-1780596000,0x61a505f17527e87fd5be2d6c81bc647399be7f1eb399dd854c146ab08bb3bb7b,1780596000,1780596300,2026-06-04T18:00:00Z,2026-06-04T18:05:00Z,True,63461.571019882525,63267.39027997418,gamma_finalPrice,Down,-194.1807399083482,30.598161499580797,88611.84630099987,0.01,0.45,0.46
5m,300,btc-up-or-down-5m,btc-updown-5m,btc-updown-5m-1780596300,0x31623f0e75100aff25ebe2a43b2b381e8b11feb582a9503f9c893b848fe67eff,1780596300,1780596600,2026-06-04T18:05:00Z,2026-06-04T18:10:00Z,True,63267.39027997418,63204.213004917816,gamma_finalPrice,Down,-63.177275056361395,9.985756450010976,85901.66539399973,0.01,0.22,0.23
5m,300,btc-up-or-down-5m,btc-updown-5m,btc-updown-5m-1780596600,0x52940902342f9a084d245ac4c3f5c04c8acc4672306001074560fcc6ab308097,1780596600,1780596900,2026-06-04T18:10:00Z,2026-06-04T18:15:00Z,True,63204.213004917816,63081.31586930261,gamma_finalPrice,Down,-122.8971356152033,19.44445311037112,85275.14119399998,0.01,0.5,0.51
5m,300,btc-up-or-down-5m,btc-updown-5m,btc-updown-5m-1780596900,0xe5baddb9635fa1da28a5bcaffdceb804097060b7c4f71cd2cd6258a1235311df,1780596900,1780597200,2026-06-04T18:15:00Z,2026-06-04T18:20:00Z,True,63081.31586930261,63306.70518729256,gamma_finalPrice,Up,225.389317989946,35.729964551932824,75381.83402099992,0.99,0.99,1.0
5m,300,btc-up-or-down-5m,btc-updown-5m,btc-updown-5m-1780597200,0xc16abc524095a1523c8c307a4c53a16f8acfde669414762fad9835eb5161d3c3,1780597200,1780597500,2026-06-04T18:20:00Z,2026-06-04T18:25:00Z,True,63306.70518729256,63520.95561928608,gamma_finalPrice,Up,214.25043199351785,33.84324478104792,76511.24155799983,0.99,0.5,0.51
5m,300,btc-up-or-down-5m,btc-updown-5m,btc-updown-5m-1780597500,0xf6e7e0c94cba17f17c011726a07b4fd334b9ff8592cbe6136bb54b3a38a20f76,1780597500,1780597800,2026-06-04T18:25:00Z,2026-06-04T18:30:00Z,True,63520.95561928608,63810.49560696091,gamma_finalPrice,Up,289.53998767483426,45.58180601220755,91904.82546099997,0.99,0.57,0.58
5m,300,btc-up-or-down-5m,btc-updown-5m,btc-updown-5m-1780597800,0x51dcfba27586c391de127ab5a8e9baa4680d301a39f09db459e9b05f49102973,1780597800,1780598100,2026-06-04T18:30:00Z,2026-06-04T18:35:00Z,True,63810.49560696091,63763.48128875824,gamma_finalPrice,Down,-47.01431820267317,7.367803330075453,144955.09739,0.01,0.5,0.51
5m,300,btc-up-or-down-5m,btc-updown-5m,btc-updown-5m-1780598100,0x9374a51a047c41b1d2edc14fde3cf50a058b6c76df18dc47c0010e18001027ac,1780598100,1780598400,2026-06-04T18:35:00Z,2026-06-04T18:40:00Z,True,63763.48128875824,63874.31870953279,gamma_finalPrice,Up,110.83742077455099,17.382586165992805,79380.57589699981,0.99,0.5,0.51
5m,300,btc-up-or-down-5m,btc-updown-5m,btc-updown-5m-1780598400,0xc7259071fe8fb7c4ae2ada176c6ac6c83e69b8fed762156ca24a99a2264bc4a6,1780598400,1780598700,2026-06-04T18:40:00Z,2026-06-04T18:45:00Z,True,63874.31870953279,63842.97672070311,gamma_finalPrice,Down,-31.341988829677575,4.906821624541258,95060.74899099988,0.01,0.45,0.46
5m,300,btc-up-or-down-5m,btc-updown-5m,btc-updown-5m-1780598700,0x82ea9af8419a69f3a1af47422aa51a76849d7397791194318b3978af649b59a6,1780598700,1780599000,2026-06-04T18:45:00Z,2026-06-04T18:50:00Z,True,63842.97672070311,63931.34791465237,gamma_finalPrice,Up,88.37119394925685,13.841960147920183,86017.86052099976,0.99,0.5,0.51
5m,300,btc-up-or-down-5m,btc-updown-5m,btc-updown-5m-1780599000,0xe67bceb93cd5c3b30edec7cdd9b8e27bd153efe9f0872531bcbd77b5956a8034,1780599000,1780599300,2026-06-04T18:50:00Z,2026-06-04T18:55:00Z,True,63931.34791465237,63850.98904508314,gamma_finalPrice,Down,-80.35886956923059,12.569556593192559,95550.11415799992,0.01,0.5,0.51
5m,300,btc-up-or-down-5m,btc-updown-5m,btc-updown-5m-1780599300,0xf74af914461cf4ceab9f78f478ea4d2135a31a07016af25dba8d032ef526ef84,1780599300,1780599600,2026-06-04T18:55:00Z,2026-06-04T19:00:00Z,True,63850.98904508314,63740.06714121807,gamma_finalPrice,Down,-110.92190386506991,17.37199462748361,80562.17653299983,0.01,0.07,0.08
5m,300,btc-up-or-down-5m,btc-updown-5m,btc-updown-5m-1780599600,0xe483bdb375db00ab7c543e0d516159e1e46130e9ec970acc2ad4c64bcadea79d,1780599600,1780599900,2026-06-04T19:00:00Z,2026-06-04T19:05:00Z,True,63740.06714121807,63630.59197850873,gamma_finalPrice,Down,-109.47516270933556,17.17525061070143,68614.72013099988,0.01,0.46,0.47
5m,300,btc-up-or-down-5m,btc-updown-5m,btc-updown-5m-1780599900,0x32b21fb1d6f04d00162cf2270aaceccc12160c2b4e541d52df7492630f783ff3,1780599900,1780600200,2026-06-04T19:05:00Z,2026-06-04T19:10:00Z,True,63630.59197850873,63603.250291608434,gamma_finalPrice,Down,-27.341686900297645,4.296940520297582,91604.21836499988,0.01,0.21,0.22
5m,300,btc-up-or-down-5m,btc-updown-5m,btc-updown-5m-1780600200,0x01cea4bf7c773497ea611f4eb224aba8a024449e59a8d9be06261960e5473214,1780600200,1780600500,2026-06-04T19:10:00Z,2026-06-04T19:15:00Z,True,63603.250291608434,63801.06641481006,gamma_finalPrice,Up,197.81612320162822,31.10157457278992,77424.0474199999,0.99,0.5,0.51
5m,300,btc-up-or-down-5m,btc-updown-5m,btc-updown-5m-1780600500,0xe66768662542ad96ff572002d82e1bdb13664d398c3076171944742881c78f85,1780600500,1780600800,2026-06-04T19:15:00Z,2026-06-04T19:20:00Z,True,63801.06641481006,63893.264021157,gamma_finalPrice,Up,92.19760634694103,14.450793933052397,84793.15036899975,0.99,0.87,0.88
5m,300,btc-up-or-down-5m,btc-updown-5m,btc-updown-5m-1780600800,0xfe603bcc5a2b0a9f5d6b0f0f98c6ededa0d69cd60eea75b3354ee51faee5eac7,1780600800,1780601100,2026-06-04T19:20:00Z,2026-06-04T19:25:00Z,True,63893.264021157,63932.92627345102,gamma_finalPrice,Up,39.66225229401607,6.207579609782134,90229.001939,0.99,0.5,0.51
5m,300,btc-up-or-down-5m,btc-updown-5m,btc-updown-5m-1780601100,0xde056189e7d9879d5e15e5aa3dbf8f7379d91387ad3a8ee57fd8501de02ce7b7,1780601100,1780601400,2026-06-04T19:25:00Z,2026-06-04T19:30:00Z,True,63932.92627345102,64039.05694392437,gamma_finalPrice,Up,106.13067047335062,16.6003148392447,99030.5850269998,0.99,0.58,0.59
5m,300,btc-up-or-down-5m,btc-updown-5m,btc-updown-5m-1780601400,0x690241e71d1febce77d521fe0cea85bab82e90039048a9cdd7fe68c22a7d8312,1780601400,1780601700,2026-06-04T19:30:00Z,2026-06-04T19:35:00Z,True,64039.05694392437,63872.78979975681,gamma_finalPrice,Down,-166.26714416756295,25.963396730397562,79919.17565199967,0.01,0.48,0.49
5m,300,btc-up-or-down-5m,btc-updown-5m,btc-updown-5m-1780601700,0x2165d68999e27128db7249c2e3bd9b73da91fb41fe3c5e9f4fe58d2ea60bf52e,1780601700,1780602000,2026-06-04T19:35:00Z,2026-06-04T19:40:00Z,True,63872.78979975681,63865.52673418907,gamma_finalPrice,Down,-7.263065567734884,1.1371141906443762,106004.54241000004,0.01,0.21,0.22
5m,300,btc-up-or-down-5m,btc-updown-5m,btc-updown-5m-1780602000,0x6e9ed919482b6e627318969a541ada6ac208a42bf0b0e40327fa2f7be60c198d,1780602000,1780602300,2026-06-04T19:40:00Z,2026-06-04T19:45:00Z,True,63865.52673418907,63700.901861527556,gamma_finalPrice,Down,-164.62487266151584,25.776797136065483,70212.19958799986,0.01,0.5,0.51
5m,300,btc-up-or-down-5m,btc-updown-5m,btc-updown-5m-1780602300,0x25dd1fa49c638046d59e0925c5f92fb733b1128587242de7a14fe63cab643a82,1780602300,1780602600,2026-06-04T19:45:00Z,2026-06-04T19:50:00Z,True,63700.901861527556,63639.93556942826,gamma_finalPrice,Down,-60.96629209929961,9.570710981742076,79700.08288399983,0.01,0.37,0.38
5m,300,btc-up-or-down-5m,btc-updown-5m,btc-updown-5m-1780602600,0x2cda9a07728d292899f1ede384e8a4c4da0518fa21ac0f964613a290b0da4a84,1780602600,1780602900,2026-06-04T19:50:00Z,2026-06-04T19:55:00Z,True,63639.93556942826,63565.004201318145,gamma_finalPrice,Down,-74.93136811011209,11.77426838032628,83076.50759199982,0.01,0.5,0.51
5m,300,btc-up-or-down-5m,btc-updown-5m,btc-updown-5m-1780602900,0xceae3ec88a2c3ce768a17eca36b23e5494889a10faa6888f9c62a694f9c6c59f,1780602900,1780603200,2026-06-04T19:55:00Z,2026-06-04T20:00:00Z,True,63565.004201318145,63542.74185028281,gamma_finalPrice,Down,-22.262351035336906,3.5022967928751045,134574.8745029998,0.01,0.27,0.28
5m,300,btc-up-or-down-5m,btc-updown-5m,btc-updown-5m-1780603200,0xe5e7ef1c96bf6bd51f8fe29540b812aa48e58ff4672ebd3d174e94297d053dff,1780603200,1780603500,2026-06-04T20:00:00Z,2026-06-04T20:05:00Z,True,63542.74185028281,63318.55867267417,gamma_finalPrice,Down,-224.1831776086401,35.28068998609671,69747.03809299997,0.01,0.5,0.51
5m,300,btc-up-or-down-5m,btc-updown-5m,btc-updown-5m-1780603500,0xd6fd9d048b24c2e716ef58c1088f8d187e8ab93c10cb85a9c33a8ca47a6b6c63,1780603500,1780603800,2026-06-04T20:05:00Z,2026-06-04T20:10:00Z,True,63318.55867267417,63277.80673752419,gamma_finalPrice,Down,-40.751935149979545,6.436017496962782,97913.30293199995,0.01,0.28,0.29
5m,300,btc-up-or-down-5m,btc-updown-5m,btc-updown-5m-1780603800,0xab37fa7306a39b2bbca651e0be49dee49a5304b31d290037fdb03020623b56c5,1780603800,1780604100,2026-06-04T20:10:00Z,2026-06-04T20:15:00Z,True,63277.80673752419,63432.27094330388,gamma_finalPrice,Up,154.46420577969548,24.410486668795542,71198.76140899991,0.99,0.5,0.51
5m,300,btc-up-or-down-5m,btc-updown-5m,btc-updown-5m-1780604100,0x4d60064b9194b64e058976b3eb4a817b362b0b894a9212b8795d255e055187e3,1780604100,1780604400,2026-06-04T20:15:00Z,2026-06-04T20:20:00Z,True,63432.27094330388,63298.96293,gamma_finalPrice,Down,-133.30801330388203,21.01580336340685,77507.24967799989,0.01,0.39,0.4
5m,300,btc-up-or-down-5m,btc-updown-5m,btc-updown-5m-1780604400,0xd091adbfa01dd8323a947b6cf7b51c68fed551791e2f313f90e7a4071bb4ac2c,1780604400,1780604700,2026-06-04T20:20:00Z,2026-06-04T20:25:00Z,True,63298.96293,63260.32729361386,gamma_finalPrice,Down,-38.635636386141414,6.103676047404939,82364.46577400004,0.01,0.5,0.51
5m,300,btc-up-or-down-5m,btc-updown-5m,btc-updown-5m-1780604700,0x880e06b0fb52bdade32c726755a2d1eab6462799dc97089b86a2908a7c0a66d2,1780604700,1780605000,2026-06-04T20:25:00Z,2026-06-04T20:30:00Z,True,63260.32729361386,63264.15171938488,gamma_finalPrice,Up,3.824425771017559,0.6045535858938933,108848.51023599991,0.99,0.18,0.19
5m,300,btc-up-or-down-5m,btc-updown-5m,btc-updown-5m-1780605000,0x3bae6288206b0f878e456b56a86121144dcb2f45e13dc9bb6ad95a438ceb3e58,1780605000,1780605300,2026-06-04T20:30:00Z,2026-06-04T20:35:00Z,True,63264.15171938488,63479.73865379913,gamma_finalPrice,Up,215.58693441425567,34.07726628035974,87439.086215,0.99,0.52,0.53
5m,300,btc-up-or-down-5m,btc-updown-5m,btc-updown-5m-1780605300,0xe2f4aa13f5b7f25e4f83ef283430d0f7b3244301f3f3fd8f6e230b348582b2fa,1780605300,1780605600,2026-06-04T20:35:00Z,2026-06-04T20:40:00Z,True,63479.73865379913,63440.8394576325,gamma_finalPrice,Down,-38.899196166632464,6.127812904016174,77532.81931100001,0.01,0.13,0.14
5m,300,btc-up-or-down-5m,btc-updown-5m,btc-updown-5m-1780605600,0x79a4edea4176382f3bceadb44269c78f4aa68fa2c834afa285cb08acca357f7a,1780605600,1780605900,2026-06-04T20:40:00Z,2026-06-04T20:45:00Z,True,63440.8394576325,63495.860635,gamma_finalPrice,Up,55.02117736749642,8.672832490534908,74404.3880989999,0.99,0.99,1.0
5m,300,btc-up-or-down-5m,btc-updown-5m,btc-updown-5m-1780605900,0x9695b3370669729d7201492de637f9876d874b6360bd79795dacd033ee03ea6b,1780605900,1780606200,2026-06-04T20:45:00Z,2026-06-04T20:50:00Z,True,63495.860635,63474.2212327656,gamma_finalPrice,Down,-21.639402234395675,3.408002036351275,99443.12380899994,0.01,0.56,0.57
5m,300,btc-up-or-down-5m,btc-updown-5m,btc-updown-5m-1780606200,0x3e58336da2c1551f24d346f748f77cbd0e8098f4d65afc05a51ce860f0350f0b,1780606200,1780606500,2026-06-04T20:50:00Z,2026-06-04T20:55:00Z,True,63474.2212327656,63503.00734720149,gamma_finalPrice,Up,28.78611443589034,4.535087453901814,78594.8954669999,0.99,0.78,0.82
5m,300,btc-up-or-down-5m,btc-updown-5m,btc-updown-5m-1780606500,0x3407d9c4ec38f2d1edb069748380e50bc2c210b964045d21fd8dc0c5742013fa,1780606500,1780606800,2026-06-04T20:55:00Z,2026-06-04T21:00:00Z,True,63503.00734720149,63571.633915,gamma_finalPrice,Up,68.62656779850658,10.80682170267813,62381.65461999991,0.99,0.5,0.51
5m,300,btc-up-or-down-5m,btc-updown-5m,btc-updown-5m-1780606800,0xb3ea5e2d42bd48df84385cc0f8863d3b7822aca40db0767c2c7a53e03e5a8434,1780606800,1780607100,2026-06-04T21:00:00Z,2026-06-04T21:05:00Z,True,63571.633915,63687.46818762981,gamma_finalPrice,Up,115.83427262981422,18.221062680989647,92580.46768799977,0.99,0.99,1.0
5m,300,btc-up-or-down-5m,btc-updown-5m,btc-updown-5m-1780607100,0x9090fbde585b24f033789ac3d26d09cc908be7f4d392c73760ec2c6d6508b4d7,1780607100,1780607400,2026-06-04T21:05:00Z,2026-06-04T21:10:00Z,True,63687.46818762981,63782.334582322546,gamma_finalPrice,Up,94.86639469273359,14.895614065430811,74698.45459499987,0.99,0.49,0.5
5m,300,btc-up-or-down-5m,btc-updown-5m,btc-updown-5m-1780607400,0x49901f4d30b37f6eb1368a0d0f2e451c2d1df6557d65fa5ef69aaa438f3d10a8,1780607400,1780607700,2026-06-04T21:10:00Z,2026-06-04T21:15:00Z,True,63782.334582322546,63735.505229808055,gamma_finalPrice,Down,-46.82935251449089,7.342056828297687,85687.11127699963,0.01,0.07,0.08
5m,300,btc-up-or-down-5m,btc-updown-5m,btc-updown-5m-1780607700,0xdebd7cbd0d959ebaf66c7eb3283de4dc67c82610782f3753650a449c4d3d0cea,1780607700,1780608000,2026-06-04T21:15:00Z,2026-06-04T21:20:00Z,True,63735.505229808055,63615.78482277132,gamma_finalPrice,Down,-119.72040703673702,18.78394257722864,70533.88153899982,0.01,0.5,0.51
5m,300,btc-up-or-down-5m,btc-updown-5m,btc-updown-5m-1780608000,0xd2eb5ebab96126336dfee1a0e03d09438c989a93893ca5981db6490a833d080b,1780608000,1780608300,2026-06-04T21:20:00Z,2026-06-04T21:25:00Z,True,63615.78482277132,63500.9709,gamma_finalPrice,Down,-114.81392277131818,18.048024258630296,74423.53846599988,0.001,,0.01
5m,300,btc-up-or-down-5m,btc-updown-5m,btc-updown-5m-1780608300,0x8c7dc02bcffb90e09ed515600fa1b9889b9bb3bb759e3304afd6560ac03ccfb0,1780608300,1780608600,2026-06-04T21:25:00Z,2026-06-04T21:30:00Z,True,63500.9709,63439.45588,gamma_finalPrice,Down,-61.51501999999891,9.687256608544061,72288.82200899995,0.01,0.5,0.51
5m,300,btc-up-or-down-5m,btc-updown-5m,btc-updown-5m-1780608600,0x5930dc841ddc17cb031d6347cec422261309352a9cd8b0a8b3e25b48db481fcf,1780608600,1780608900,2026-06-04T21:30:00Z,2026-06-04T21:35:00Z,True,63439.45588,63367.630463208545,gamma_finalPrice,Down,-71.82541679145652,11.32188411693176,61384.09888100003,0.01,0.19,0.2
5m,300,btc-up-or-down-5m,btc-updown-5m,btc-updown-5m-1780608900,0xd28a4e5bad7235d53335a560a9408a50909cd3ed8d77c93888471cc96a52b61c,1780608900,1780609200,2026-06-04T21:35:00Z,2026-06-04T21:40:00Z,True,63367.630463208545,63248.763999999996,gamma_finalPrice,Down,-118.86646320854925,18.758230714901593,73999.338739,0.01,0.56,0.57
5m,300,btc-up-or-down-5m,btc-updown-5m,btc-updown-5m-1780609200,0x9ff297bc9dd473cd7a25245ac82b8ccc612268fbd521fb18e634aba1f3857994,1780609200,1780609500,2026-06-04T21:40:00Z,2026-06-04T21:45:00Z,True,63248.763999999996,63435.593715876385,gamma_finalPrice,Up,186.82971587638895,29.538872234149743,99950.32822099974,0.99,0.41,0.48
5m,300,btc-up-or-down-5m,btc-updown-5m,btc-updown-5m-1780609500,0xe4fb7a6993bebcb54668b26c070e7304b73f723dd35aa310c14c3c7dff66c196,1780609500,1780609800,2026-06-04T21:45:00Z,2026-06-04T21:50:00Z,True,63435.593715876385,63355.32567709508,gamma_finalPrice,Down,-80.26803878130158,12.653470091383797,85350.02760200002,0.01,0.5,0.51
5m,300,btc-up-or-down-5m,btc-updown-5m,btc-updown-5m-1780609800,0x478ab26f31716d3569fd75c83cd84615c9c6c948be8edf39985d309bb9f775b2,1780609800,1780610100,2026-06-04T21:50:00Z,2026-06-04T21:55:00Z,True,63355.32567709508,63391.45992531168,gamma_finalPrice,Up,36.1342482166001,5.703427112152586,69867.93859800008,0.99,0.1,0.11
5m,300,btc-up-or-down-5m,btc-updown-5m,btc-updown-5m-1780610100,0x9b094848d104956a7de322bcea1d41516ed1335860ff2dcfc5816676573c1563,1780610100,1780610400,2026-06-04T21:55:00Z,2026-06-04T22:00:00Z,True,63391.45992531168,63224.71403499806,gamma_finalPrice,Down,-166.7458903136212,26.30415682334537,57394.93230799993,0.01,0.5,0.51
5m,300,btc-up-or-down-5m,btc-updown-5m,btc-updown-5m-1780610400,0x9c76ef6516d476e9392b6085fc23d021112bd8ca188924ea001d4c29eb12cac5,1780610400,1780610700,2026-06-04T22:00:00Z,2026-06-04T22:05:00Z,True,63224.71403499806,63244.63510591477,gamma_finalPrice,Up,19.92107091670914,3.1508360647834364,115080.81882899959,0.99,0.61,0.62
5m,300,btc-up-or-down-5m,btc-updown-5m,btc-updown-5m-1780610700,0x7929b5075780e8db4c57d83ac6ba49420eb3bcce0c089e001ddea0e66c417469,1780610700,1780611000,2026-06-04T22:05:00Z,2026-06-04T22:10:00Z,True,63244.63510591477,63232.663408855544,gamma_finalPrice,Down,-11.971697059227154,1.892918986595202,230097.89649800002,0.01,0.5,0.51
5m,300,btc-up-or-down-5m,btc-updown-5m,btc-updown-5m-1780611000,0x3fdcd5075ea2dd7ea857024f7b8d64d627430f4161e39485f3b144b079d1d35c,1780611000,1780611300,2026-06-04T22:10:00Z,2026-06-04T22:15:00Z,True,63232.663408855544,63230.818627130226,gamma_finalPrice,Down,-1.844781725318171,0.2917450611545512,138961.12193500003,0.01,0.39,0.4
5m,300,btc-up-or-down-5m,btc-updown-5m,btc-updown-5m-1780611300,0x3416239eda86511e17af0f83710f945de82dbacc49c2133e3ba4bca3d0d0b13e,1780611300,1780611600,2026-06-04T22:15:00Z,2026-06-04T22:20:00Z,True,63230.818627130226,63323.89947,gamma_finalPrice,Up,93.080842869771,14.720803065774817,82438.08649899966,0.999,0.99,1.0
5m,300,btc-up-or-down-5m,btc-updown-5m,btc-updown-5m-1780611600,0xf77e441f01ef5b0aece0b713408d7b11fd6f67b27b15f125a6742bb5aef802a7,1780611600,1780611900,2026-06-04T22:20:00Z,2026-06-04T22:25:00Z,True,63323.89947,63317.241610000005,gamma_finalPrice,Down,-6.65785999999207,1.0513976643441332,110126.10307399971,0.01,0.44,0.45
5m,300,btc-up-or-down-5m,btc-updown-5m,btc-updown-5m-1780611900,0x764dcc8c8bb16276eccef81a9fc6d45e06681da9ddc6058f8130df9286ed118c,1780611900,1780612200,2026-06-04T22:25:00Z,2026-06-04T22:30:00Z,True,63317.241610000005,63288.82907228539,gamma_finalPrice,Down,-28.41253771461197,4.487330305640579,75995.63238299993,0.01,0.5,0.51
5m,300,btc-up-or-down-5m,btc-updown-5m,btc-updown-5m-1780612200,0xd70352c38be843162110c2a4de2621497fbd39480d701e687c7223f27689fce4,1780612200,1780612500,2026-06-04T22:30:00Z,2026-06-04T22:35:00Z,True,63288.82907228539,63180.533056306725,gamma_finalPrice,Down,-108.29601597866713,17.11139510180805,133726.59341999984,0.01,0.38,0.39
5m,300,btc-up-or-down-5m,btc-updown-5m,btc-updown-5m-1780612500,0xb7c7dedb8415c2cdafb819d03edb287768300bf98083c300d23b090eab764a70,1780612500,1780612800,2026-06-04T22:35:00Z,2026-06-04T22:40:00Z,True,63180.533056306725,63398.46519273846,gamma_finalPrice,Up,217.93213643173658,34.493557728852124,84952.86402699984,0.99,0.5,0.51
5m,300,btc-up-or-down-5m,btc-updown-5m,btc-updown-5m-1780612800,0x4e65841b93e88febcffa9b26da8be917974ed6ae80241dc51d4ded41f2b376b9,1780612800,1780613100,2026-06-04T22:40:00Z,2026-06-04T22:45:00Z,True,63398.46519273846,63440.33156602565,gamma_finalPrice,Up,41.866373287186434,6.603688773838286,67727.02802699982,0.99,0.59,0.6
5m,300,btc-up-or-down-5m,btc-updown-5m,btc-updown-5m-1780613100,0x03b7a6f008fe6a7617bd1919ac7fbfeb7f321c84af9b5209b6a656ab7b7dc885,1780613100,1780613400,2026-06-04T22:45:00Z,2026-06-04T22:50:00Z,True,63440.33156602565,63541.91598399112,gamma_finalPrice,Up,101.58441796547413,16.012592535042153,84943.90888700003,0.99,0.5,0.51
5m,300,btc-up-or-down-5m,btc-updown-5m,btc-updown-5m-1780613400,0xccf1f4a81a1e61383b2afbb0e02033be8a28179f80e98156f178f4756077dc1e,1780613400,1780613700,2026-06-04T22:50:00Z,2026-06-04T22:55:00Z,True,63541.91598399112,63575.50895,gamma_finalPrice,Up,33.59296600888047,5.286741120199137,86008.27104799965,0.99,0.44,0.45
5m,300,btc-up-or-down-5m,btc-updown-5m,btc-updown-5m-1780613700,0xea482af62156eedc2423d500f82b2d6e66b4ba7df6c13ac48243efbc33db146e,1780613700,1780614000,2026-06-04T22:55:00Z,2026-06-04T23:00:00Z,True,63575.50895,63676.38033450572,gamma_finalPrice,Up,100.87138450571365,15.866390402795767,72382.6914449997,0.999,0.98,0.99
5m,300,btc-up-or-down-5m,btc-updown-5m,btc-updown-5m-1780614000,0x65c70dcabcc4f089d904ad48369f86524e483f4f26d70abfcde95d0a6e10f3ac,1780614000,1780614300,2026-06-04T23:00:00Z,2026-06-04T23:05:00Z,True,63676.38033450572,63770.56034031068,gamma_finalPrice,Up,94.180005804963,14.790414484965254,79124.76657500007,0.99,0.45,0.46
5m,300,btc-up-or-down-5m,btc-updown-5m,btc-updown-5m-1780614300,0xcf000e3ffec06df10961e6ffabb9bde6317a9246ee0ead7abbad0d16b7a244f4,1780614300,1780614600,2026-06-04T23:05:00Z,2026-06-04T23:10:00Z,True,63770.56034031068,63705.085329383175,gamma_finalPrice,Down,-65.47501092750463,10.267278596596638,103703.56703899954,0.01,0.5,0.51
5m,300,btc-up-or-down-5m,btc-updown-5m,btc-updown-5m-1780614600,0xc80416987ac8afe7b346bc4805fbaa35d0b7e14e6bacec3361bfa23fc7b81c92,1780614600,1780614900,2026-06-04T23:10:00Z,2026-06-04T23:15:00Z,True,63705.085329383175,63539.842945309654,gamma_finalPrice,Down,-165.24238407352095,25.938648887941284,43589.844715999934,0.01,0.5,0.51
5m,300,btc-up-or-down-5m,btc-updown-5m,btc-updown-5m-1780614900,0x5c8de1fd57e181a9a89ec13d8242c5c225c5f81ef275f738dc0b531eabbea021,1780614900,1780615200,2026-06-04T23:15:00Z,2026-06-04T23:20:00Z,True,63539.842945309654,63319.386385507634,gamma_finalPrice,Down,-220.4565598020199,34.695798664748416,55537.699552999984,0.01,0.5,0.51
5m,300,btc-up-or-down-5m,btc-updown-5m,btc-updown-5m-1780615200,0xef474fbda28f27a33f78b74771956ea74c9f8a1a1e38463bec051cc67158cee0,1780615200,1780615500,2026-06-04T23:20:00Z,2026-06-04T23:25:00Z,True,63319.386385507634,63377.2291916347,gamma_finalPrice,Up,57.84280612706789,9.135086334365804,75940.21093399989,0.99,0.5,0.51
5m,300,btc-up-or-down-5m,btc-updown-5m,btc-updown-5m-1780615500,0x92d40861e27899cdcd550d84213518aa5a894828bfa25e5a60ec61549ba00b86,1780615500,1780615800,2026-06-04T23:25:00Z,2026-06-04T23:30:00Z,True,63377.2291916347,63394.994885587104,gamma_finalPrice,Up,17.765693952402216,2.803166717605122,86862.3648289997,0.99,0.94,0.95
5m,300,btc-up-or-down-5m,btc-updown-5m,btc-updown-5m-1780615800,0xe2d52e1025a9d3a88ee610cef02d9d728bd997f83515272ba05a8a669655229f,1780615800,1780616100,2026-06-04T23:30:00Z,2026-06-04T23:35:00Z,True,63394.994885587104,63547.49666133087,gamma_finalPrice,Up,152.5017757437672,24.05580693223442,64897.5549049997,0.99,0.5,0.51
5m,300,btc-up-or-down-5m,btc-updown-5m,btc-updown-5m-1780616100,0x9cd59f0cd1f8be186404e2c8c0729f30f4969d414895f3708f172cc84cce2c17,1780616100,1780616400,2026-06-04T23:35:00Z,2026-06-04T23:40:00Z,True,63547.49666133087,63641.47373584413,gamma_finalPrice,Up,93.9770745132555,14.788477823775748,67736.82042900004,0.99,0.84,0.85
5m,300,btc-up-or-down-5m,btc-updown-5m,btc-updown-5m-1780616400,0xdf38221f3c0890079b95036b4be93532d3e7ab5a044cdd391af9560e13fe4701,1780616400,1780616700,2026-06-04T23:40:00Z,2026-06-04T23:45:00Z,True,63641.47373584413,63694.48422338337,gamma_finalPrice,Up,53.010487539242604,8.329550594518375,62563.69650099987,0.99,0.5,0.51
5m,300,btc-up-or-down-5m,btc-updown-5m,btc-updown-5m-1780616700,0x8740c8b50debccc4a203742599c6828bfe0b4bb1f25be2b4a105dc2c147b15ac,1780616700,1780617000,2026-06-04T23:45:00Z,2026-06-04T23:50:00Z,True,63694.48422338337,63700.93635151024,gamma_finalPrice,Up,6.452128126868047,1.0129806694469403,121587.02751800012,0.99,0.2,0.21
5m,300,btc-up-or-down-5m,btc-updown-5m,btc-updown-5m-1780617000,0x6ef2be2da943addfddfab6aa70757ea981b1e5a45e9e3faf700f2e9b4f7581cb,1780617000,1780617300,2026-06-04T23:50:00Z,2026-06-04T23:55:00Z,True,63700.93635151024,63793.28244152413,gamma_finalPrice,Up,92.3460900138889,14.496818304885018,64779.58206499993,0.99,0.5,0.51
5m,300,btc-up-or-down-5m,btc-updown-5m,btc-updown-5m-1780617300,0x38d487bbd1bab33cb0d8862a48117a06907e2c0a335d9da978cd18e719669458,1780617300,1780617600,2026-06-04T23:55:00Z,2026-06-05T00:00:00Z,True,63793.28244152413,63812.557338512,gamma_finalPrice,Up,19.274896987873944,3.0214618609008257,73805.20971699996,0.99,0.15,0.16
5m,300,btc-up-or-down-5m,btc-updown-5m,btc-updown-5m-1780617600,0xc0965c397b34f7e3e423e3fd933d82a1f6affbc9c4cc5f53f5970f6587722313,1780617600,1780617900,2026-06-05T00:00:00Z,2026-06-05T00:05:00Z,True,63812.557338512,63671.92062472087,gamma_finalPrice,Down,-140.6367137911293,22.039034267986086,77399.94176699994,0.01,0.5,0.51
5m,300,btc-up-or-down-5m,btc-updown-5m,btc-updown-5m-1780617900,0x5518a58af9421683fc2a35605bcadb23fd96f8b121bbe5e0b9dc5d23121d7d84,1780617900,1780618200,2026-06-05T00:05:00Z,2026-06-05T00:10:00Z,True,63671.92062472087,63753.48729333964,gamma_finalPrice,Up,81.56666861876874,12.81046147477137,70279.92728699994,0.99,0.72,0.73
5m,300,btc-up-or-down-5m,btc-updown-5m,btc-updown-5m-1780618200,0x3c0d69078135707961ac75b2d10bb0d173f250109d086b1fe46805205bd02b29,1780618200,1780618500,2026-06-05T00:10:00Z,2026-06-05T00:15:00Z,True,63753.48729333964,63598.23191404904,gamma_finalPrice,Down,-155.25537929059647,24.352452843284084,58521.910352,0.01,0.5,0.51
5m,300,btc-up-or-down-5m,btc-updown-5m,btc-updown-5m-1780618500,0xb04453213b766e6ebabdc787b4414e5cac664ca40ad5b548052b3ace5dcb6269,1780618500,1780618800,2026-06-05T00:15:00Z,2026-06-05T00:20:00Z,True,63598.23191404904,63616.94512958681,gamma_finalPrice,Up,18.71321553776943,2.9424112863797434,79137.3884549999,0.99,0.5,0.51
5m,300,btc-up-or-down-5m,btc-updown-5m,btc-updown-5m-1780618800,0x5d8d3939823681670a552885872626272d7afcddabd1047a753dba2d92c91325,1780618800,1780619100,2026-06-05T00:20:00Z,2026-06-05T00:25:00Z,True,63616.94512958681,63774.20882,gamma_finalPrice,Up,157.26369041318685,24.720409018830274,76924.50669399991,0.99,0.5,0.51
5m,300,btc-up-or-down-5m,btc-updown-5m,btc-updown-5m-1780619100,0x716382ef65cc473972c5c38bea0ed4e6439f17aec0d9a374ddcb412391a3abb2,1780619100,1780619400,2026-06-05T00:25:00Z,2026-06-05T00:30:00Z,True,63774.20882,63833.08949312924,gamma_finalPrice,Up,58.880673129242496,9.232677945943744,81088.91377199999,0.99,0.12,0.13
5m,300,btc-up-or-down-5m,btc-updown-5m,btc-updown-5m-1780619400,0x5bfc886a7f938aead3bc33308af1300828e1024fd6bef8b650d415593ace9b36,1780619400,1780619700,2026-06-05T00:30:00Z,2026-06-05T00:35:00Z,True,63833.08949312924,63819.97825220469,gamma_finalPrice,Down,-13.111240924554295,2.0539881476307893,91701.02524099985,0.01,0.5,0.51
5m,300,btc-up-or-down-5m,btc-updown-5m,btc-updown-5m-1780619700,0x6daa55f83a540708c6bed3fe68a4491c984c349429db17f7fcaad8a81e9844d3,1780619700,1780620000,2026-06-05T00:35:00Z,2026-06-05T00:40:00Z,True,63819.97825220469,63776.526091084335,gamma_finalPrice,Down,-43.452161120352685,6.808551539870137,78204.90483699982,0.01,0.2,0.21
5m,300,btc-up-or-down-5m,btc-updown-5m,btc-updown-5m-1780620000,0x17363f2249ed172be57b12db5bdb339e90bc32e8a9b40f4adfdc2aeedaa84e6f,1780620000,1780620300,2026-06-05T00:40:00Z,2026-06-05T00:45:00Z,True,63776.526091084335,63629.86987051617,gamma_finalPrice,Down,-146.6562205681621,22.995329090002592,70361.71475600009,0.01,,0.01
5m,300,btc-up-or-down-5m,btc-updown-5m,btc-updown-5m-1780620300,0x227600610ba68565ec777d734b1e385f4d9900d5236da2e434cfea93fdf1d17c,1780620300,1780620600,2026-06-05T00:45:00Z,2026-06-05T00:50:00Z,True,63629.86987051617,63681.51871041636,gamma_finalPrice,Up,51.64883990019007,8.11707457602743,68001.03730200007,0.99,0.71,0.72
5m,300,btc-up-or-down-5m,btc-updown-5m,btc-updown-5m-1780620600,0xd6f4009cac162d7848e7819374e53776e8ad787e6d74a38028dc112bde6e4a9f,1780620600,1780620900,2026-06-05T00:50:00Z,2026-06-05T00:55:00Z,True,63681.51871041636,63456.846883876824,gamma_finalPrice,Down,-224.67182653953932,35.280538386844384,52345.29710100001,0.01,,0.01
5m,300,btc-up-or-down-5m,btc-updown-5m,btc-updown-5m-1780620900,0x3fc8b9455ff1b0d6977ef00863eb1dae4747aa84f02719908803a237dcbc77d2,1780620900,1780621200,2026-06-05T00:55:00Z,2026-06-05T01:00:00Z,True,63456.846883876824,63366.17543637461,gamma_finalPrice,Down,-90.67144750221632,14.288678362500583,77934.50116399996,0.01,0.53,0.54
5m,300,btc-up-or-down-5m,btc-updown-5m,btc-updown-5m-1780621200,0x9587a47748f05dc5ac6bf1d1f0f43da078227cc42d6795ba7b4871efdf54e7f6,1780621200,1780621500,2026-06-05T01:00:00Z,2026-06-05T01:05:00Z,True,63366.17543637461,63002.64459748823,gamma_finalPrice,Down,-363.53083888637775,57.36985645463102,104481.93454899981,0.01,,0.01
5m,300,btc-up-or-down-5m,btc-updown-5m,btc-updown-5m-1780621500,0x15827f18c29e442f221714526641ed8df5a9d99eea0d7b391541ed0f11a2b8e4,1780621500,1780621800,2026-06-05T01:05:00Z,2026-06-05T01:10:00Z,True,63002.64459748823,63145.75757424663,gamma_finalPrice,Up,143.11297675839887,22.715391976435296,94407.41432399965,0.99,0.55,0.56
5m,300,btc-up-or-down-5m,btc-updown-5m,btc-updown-5m-1780621800,0x932b209178ec38ad83aa43524e145200d5d6fcd0e7f6fbeb15e17abbba69eaea,1780621800,1780622100,2026-06-05T01:10:00Z,2026-06-05T01:15:00Z,True,63145.75757424663,63291.999026715945,gamma_finalPrice,Up,146.24145246931585,23.159347213051568,57635.79413899999,0.99,0.99,1.0
5m,300,btc-up-or-down-5m,btc-updown-5m,btc-updown-5m-1780622100,0x9190595bff616b49af44c416ae512c726ac823b71e55e9284c2570ee63fb28fb,1780622100,1780622400,2026-06-05T01:15:00Z,2026-06-05T01:20:00Z,True,63291.999026715945,63285.919377355815,gamma_finalPrice,Down,-6.079649360130134,0.9605715498990443,89373.28797799995,0.01,0.52,0.53
5m,300,btc-up-or-down-5m,btc-updown-5m,btc-updown-5m-1780622400,0xe9e221c169de1366acb0e13b3f91e01aa786e410fad0a148785c9675ab51ec0c,1780622400,1780622700,2026-06-05T01:20:00Z,2026-06-05T01:25:00Z,True,63285.919377355815,63236.69983967732,gamma_finalPrice,Down,-49.21953767849482,7.777328379321284,82885.24407800006,0.01,,0.01
5m,300,btc-up-or-down-5m,btc-updown-5m,btc-updown-5m-1780622700,0xe302e0db8e64ee68bd3fe578ff316b7bd502c5541fdf9eaa3826370df21dec10,1780622700,1780623000,2026-06-05T01:25:00Z,2026-06-05T01:30:00Z,True,63236.69983967732,63270.39065390692,gamma_finalPrice,Up,33.69081422960153,5.327731256535705,76909.446245,0.99,0.52,0.53
5m,300,btc-up-or-down-5m,btc-updown-5m,btc-updown-5m-1780623000,0xde7288dbf5577fe22cf15ee791825d11551456340f64557c64ebf26108938f30,1780623000,1780623300,2026-06-05T01:30:00Z,2026-06-05T01:35:00Z,True,63270.39065390692,63337.62354645692,gamma_finalPrice,Up,67.2328925499969,10.626280611694833,63430.04600999977,0.999,0.97,0.98
5m,300,btc-up-or-down-5m,btc-updown-5m,btc-updown-5m-1780623300,0x5b0d2ed0a7f2bedc549430feb445cd49ec673df021915a1b4dc0bd09a1ec497a,1780623300,1780623600,2026-06-05T01:35:00Z,2026-06-05T01:40:00Z,True,63337.62354645692,63245.835940284436,gamma_finalPrice,Down,-91.7876061724819,14.491798244554829,66703.93824499987,0.01,0.5,0.51
5m,300,btc-up-or-down-5m,btc-updown-5m,btc-updown-5m-1780623600,0xd94d892cbaca08dae9fa6128a146a629e027a0243f738575b280317d364946d7,1780623600,1780623900,2026-06-05T01:40:00Z,2026-06-05T01:45:00Z,True,63245.835940284436,63368.07004687842,gamma_finalPrice,Up,122.2341065939836,19.326822829789904,54298.01166299996,0.99,0.43,0.46
5m,300,btc-up-or-down-5m,btc-updown-5m,btc-updown-5m-1780623900,0x2955617a28b78c6324a90b7a0e5e245da5a7679d78a6a92c23c96b7fe892053e,1780623900,1780624200,2026-06-05T01:45:00Z,2026-06-05T01:50:00Z,True,63368.07004687842,63248.915967892535,gamma_finalPrice,Down,-119.15407898588455,18.803488712491443,52093.218638999904,0.01,0.5,0.51
5m,300,btc-up-or-down-5m,btc-updown-5m,btc-updown-5m-1780624200,0x1ea1ce77101040819459b6889432abcce193629db6aeb3c97994326aae4fe270,1780624200,1780624500,2026-06-05T01:50:00Z,2026-06-05T01:55:00Z,True,63248.915967892535,63262.68024688305,gamma_finalPrice,Up,13.764278990514867,2.1762078890809953,63221.66515099998,0.99,0.42,0.5
5m,300,btc-up-or-down-5m,btc-updown-5m,btc-updown-5m-1780624500,0xeddcc0593689f6a905b6ce289124f7f7a5369907fff849ce11a5f665d83bbf14,1780624500,1780624800,2026-06-05T01:55:00Z,2026-06-05T02:00:00Z,True,63262.68024688305,63302.1143657311,gamma_finalPrice,Up,39.43411884804664,6.23339363652547,62335.948395999905,0.99,0.51,0.52
5m,300,btc-up-or-down-5m,btc-updown-5m,btc-updown-5m-1780624800,0x73bcb7fd4b49320c2013e5980248dca1d8efb6156aa6a6fe76b09095ad903156,1780624800,1780625100,2026-06-05T02:00:00Z,2026-06-05T02:05:00Z,True,63302.1143657311,63239.72745516308,gamma_finalPrice,Down,-62.38691056801326,9.855422870643752,61718.53146800006,0.01,0.06,0.07
5m,300,btc-up-or-down-5m,btc-updown-5m,btc-updown-5m-1780625100,0xf048eda6e4b2f2f7836446aadda0c38680cf0811af1691be6b17b81948737321,1780625100,1780625400,2026-06-05T02:05:00Z,2026-06-05T02:10:00Z,True,63239.72745516308,63153.04845525378,gamma_finalPrice,Down,-86.67899990930164,13.706415792312985,60696.79775599994,0.01,0.5,0.51
5m,300,btc-up-or-down-5m,btc-updown-5m,btc-updown-5m-1780625400,0xd4b0e8f1c00e921d8cd73ea29d6f5fcc6ccf973da5b0b567fafa3004249ca8de,1780625400,1780625700,2026-06-05T02:10:00Z,2026-06-05T02:15:00Z,True,63153.04845525378,63110.476905204734,gamma_finalPrice,Down,-42.5715500490478,6.741012681155254,55827.328671999974,0.01,0.54,0.55
5m,300,btc-up-or-down-5m,btc-updown-5m,btc-updown-5m-1780625700,0x58fbbd286589b12da05cfd904b7d8d9e3a68df1ee46abcd6506c3ef939ef853b,1780625700,1780626000,2026-06-05T02:15:00Z,2026-06-05T02:20:00Z,True,63110.476905204734,62946.7542076766,gamma_finalPrice,Down,-163.72269752813736,25.942237415517788,69411.9209269998,0.01,0.5,0.51
5m,300,btc-up-or-down-5m,btc-updown-5m,btc-updown-5m-1780626000,0x7adbe130027de14562e7db0beb78fb1d056d8d4e50e5dd8dd0a388fb55ec505c,1780626000,1780626300,2026-06-05T02:20:00Z,2026-06-05T02:25:00Z,True,62946.7542076766,62845.032077387885,gamma_finalPrice,Down,-101.72213028871192,16.160027878976248,64724.86420999986,0.01,0.49,0.51
5m,300,btc-up-or-down-5m,btc-updown-5m,btc-updown-5m-1780626300,0x0b39aea47c2bae423623f145a4866102647e098de1a956bacb05d89281333049,1780626300,1780626600,2026-06-05T02:25:00Z,2026-06-05T02:30:00Z,True,62845.032077387885,62633.88099981682,gamma_finalPrice,Down,-211.15107757106307,33.5986903962512,53866.0541309999,0.01,0.5,0.51
5m,300,btc-up-or-down-5m,btc-updown-5m,btc-updown-5m-1780626600,0xdae77a34262404178da813a421f8573ea145433a6fa758c65cb336863fe15077,1780626600,1780626900,2026-06-05T02:30:00Z,2026-06-05T02:35:00Z,True,62633.88099981682,62749.49775391389,gamma_finalPrice,Up,115.61675409707095,18.459139406898494,60545.774931999986,0.99,0.43,0.44
5m,300,btc-up-or-down-5m,btc-updown-5m,btc-updown-5m-1780626900,0x4847e42c3bb07d60ccaa120d0d0244816a538dbe2a8d0abdac0a47d98cc5a4ee,1780626900,1780627200,2026-06-05T02:35:00Z,2026-06-05T02:40:00Z,True,62749.49775391389,62830.415924428926,gamma_finalPrice,Up,80.91817051503313,12.895429192496762,55484.491347999894,0.99,0.51,0.52
5m,300,btc-up-or-down-5m,btc-updown-5m,btc-updown-5m-1780627200,0x7d516a74b5a27ad8ba15ef4ae256eaf208dd15dc33c5f3a494b29f388b7ec951,1780627200,1780627500,2026-06-05T02:40:00Z,2026-06-05T02:45:00Z,True,62830.415924428926,62681.642940633596,gamma_finalPrice,Down,-148.77298379533022,23.67849736571395,76022.42841799995,0.01,0.57,0.6
5m,300,btc-up-or-down-5m,btc-updown-5m,btc-updown-5m-1780627500,0xefdc85e3915f1ce43284ef28e1d13cd71c7cf84b9894cc35368fca6ca68dbe29,1780627500,1780627800,2026-06-05T02:45:00Z,2026-06-05T02:50:00Z,True,62681.642940633596,62665.99151345905,gamma_finalPrice,Down,-15.65142717454728,2.4969714321896284,85607.45638900007,0.01,0.5,0.51
5m,300,btc-up-or-down-5m,btc-updown-5m,btc-updown-5m-1780627800,0xa0b7924a0fc7f8998951e8545a592c2939707da16c32280842800e6597936ce9,1780627800,1780628100,2026-06-05T02:50:00Z,2026-06-05T02:55:00Z,True,62665.99151345905,62564.58348728453,gamma_finalPrice,Down,-101.40802617451845,16.18230618001769,48948.91440499988,0.01,0.59,0.61
5m,300,btc-up-or-down-5m,btc-updown-5m,btc-updown-5m-1780628100,0x9508951c096eb896b659dac3d5e2f86f26b3cd17a7c0d1a0df574aa5b5f94cd9,1780628100,1780628400,2026-06-05T02:55:00Z,2026-06-05T03:00:00Z,True,62564.58348728453,62558.87634938622,gamma_finalPrice,Down,-5.707137898309156,0.9121994553786266,58188.47363700002,0.01,0.5,0.53
5m,300,btc-up-or-down-5m,btc-updown-5m,btc-updown-5m-1780628400,0x97fa4d5d2dbe95d1a57751fe8ecf91311b103a68cb5761cc576df153960b9877,1780628400,1780628700,2026-06-05T03:00:00Z,2026-06-05T03:05:00Z,True,62558.87634938622,62522.67396085301,gamma_finalPrice,Down,-36.20238853320916,5.78693075160458,64608.14987599991,0.01,0.52,0.53
5m,300,btc-up-or-down-5m,btc-updown-5m,btc-updown-5m-1780628700,0x3fca2d1ea1e0e41420f500a0504d01421638983ea1db5e1c2503976a216d4731,1780628700,1780629000,2026-06-05T03:05:00Z,2026-06-05T03:10:00Z,True,62522.67396085301,62328.248430130996,gamma_finalPrice,Down,-194.42553072201554,31.096803512234644,63329.205974000026,0.01,0.5,0.51
5m,300,btc-up-or-down-5m,btc-updown-5m,btc-updown-5m-1780629000,0x1c9c72b3f8e91b3d2babce828e810383f159511a66c285178f3156902709c728,1780629000,1780629300,2026-06-05T03:10:00Z,2026-06-05T03:15:00Z,True,62328.248430130996,62309.3599798183,gamma_finalPrice,Down,-18.888450312697387,3.03047988487452,80838.53108499992,0.01,0.57,0.58
5m,300,btc-up-or-down-5m,btc-updown-5m,btc-updown-5m-1780629300,0x9a7bc579944d386d643bd8823776ae5d98f6482b6dff9dc9cda616de04cf2210,1780629300,1780629600,2026-06-05T03:15:00Z,2026-06-05T03:20:00Z,True,62309.3599798183,62706.26319375324,gamma_finalPrice,Up,396.9032139349438,63.698810911153444,42935.28900599999,0.99,0.5,0.51
5m,300,btc-up-or-down-5m,btc-updown-5m,btc-updown-5m-1780629600,0x77d265263f4e2bd86dce958b6915a3ffafa1ee49db1a964ef4818406695ba763,1780629600,1780629900,2026-06-05T03:20:00Z,2026-06-05T03:25:00Z,True,62706.26319375324,62588.98097678599,gamma_finalPrice,Down,-117.28221696725086,18.70342944928258,56392.665682000086,0.01,0.51,0.52
5m,300,btc-up-or-down-5m,btc-updown-5m,btc-updown-5m-1780629900,0xd349ed12e07ff67d622f9fdacbf91bb4b5dd80131d64079f3288fb092024858b,1780629900,1780630200,2026-06-05T03:25:00Z,2026-06-05T03:30:00Z,True,62588.98097678599,62527.97791447121,gamma_finalPrice,Down,-61.003062314783165,9.746613758963253,59488.276263000036,0.01,0.17,0.18
5m,300,btc-up-or-down-5m,btc-updown-5m,btc-updown-5m-1780630200,0x96b6bba02c3d1771a0bc80c304449c115669adc7945aa8c8bca302353b7dc8b1,1780630200,1780630500,2026-06-05T03:30:00Z,2026-06-05T03:35:00Z,True,62527.97791447121,62751.16523681133,gamma_finalPrice,Up,223.18732234011986,35.69399327856184,57365.827415999964,0.99,0.5,0.51
5m,300,btc-up-or-down-5m,btc-updown-5m,btc-updown-5m-1780630500,0x6d2b85eb2bd0e7b45bc82ec502d09804449e3781ad1204d50efd19fa3b5d2fe8,1780630500,1780630800,2026-06-05T03:35:00Z,2026-06-05T03:40:00Z,True,62751.16523681133,62662.491701821804,gamma_finalPrice,Down,-88.67353498952434,14.130978230425963,50866.38444600001,0.01,0.19,0.2
5m,300,btc-up-or-down-5m,btc-updown-5m,btc-updown-5m-1780630800,0x75e96237dfbfe3c2156ccbaf8d19b2d2f5eb6b95956e9946e7d021f4bcb9d481,1780630800,1780631100,2026-06-05T03:40:00Z,2026-06-05T03:45:00Z,True,62662.491701821804,62598.05466657634,gamma_finalPrice,Down,-64.43703524546436,10.283190708739557,51946.47759199978,0.01,0.5,0.51
5m,300,btc-up-or-down-5m,btc-updown-5m,btc-updown-5m-1780631100,0x384298321a0f1803ebfd70c3e85c345d147f303590e3c1685118d2baa62e25af,1780631100,1780631400,2026-06-05T03:45:00Z,2026-06-05T03:50:00Z,True,62598.05466657634,62727.16297523024,gamma_finalPrice,Up,129.10830865390017,20.62497138954006,49437.40401000001,0.99,0.72,0.73
5m,300,btc-up-or-down-5m,btc-updown-5m,btc-updown-5m-1780631400,0xc50a66d3b6dbd3098493581df29eeef71db214a31c3243f7d2320e01072ac4b1,1780631400,1780631700,2026-06-05T03:50:00Z,2026-06-05T03:55:00Z,True,62727.16297523024,62696.79111172184,gamma_finalPrice,Down,-30.371863508400565,4.841899755675836,53660.373432999964,0.02,0.5,0.51
5m,300,btc-up-or-down-5m,btc-updown-5m,btc-updown-5m-1780631700,0xef107486fecb7ad95f687cd8bef7dbfd8745259df97020b490abf6271cde7576,1780631700,1780632000,2026-06-05T03:55:00Z,2026-06-05T04:00:00Z,True,62696.79111172184,62658.12040947731,gamma_finalPrice,Down,-38.67070224452618,6.167891778642604,69561.04091099984,0.01,0.75,0.76
5m,300,btc-up-or-down-5m,btc-updown-5m,btc-updown-5m-1780632000,0xda21ba247fa05521dbbea7020e83f0cc1f3e8385c6d51937aa4f4add8606ecc9,1780632000,1780632300,2026-06-05T04:00:00Z,2026-06-05T04:05:00Z,True,62658.12040947731,62559.39717,gamma_finalPrice,Down,-98.72323947731638,15.75585715501036,69332.00601100005,0.01,0.5,0.51
5m,300,btc-up-or-down-5m,btc-updown-5m,btc-updown-5m-1780632300,0xd2cc839c4111bdc0c23925593040577c35cdca33d8b4b2b04ee2854ae391b86c,1780632300,1780632600,2026-06-05T04:05:00Z,2026-06-05T04:10:00Z,True,62559.39717,62851.765970293745,gamma_finalPrice,Up,292.3688002937488,46.73459360537965,67535.457827,0.99,0.5,0.51
5m,300,btc-up-or-down-5m,btc-updown-5m,btc-updown-5m-1780632600,0xb58dd93a920ff535a08f2312ea676fffd1005108881504dc468c6e1902ae267d,1780632600,1780632900,2026-06-05T04:10:00Z,2026-06-05T04:15:00Z,True,62851.765970293745,62788.45871220877,gamma_finalPrice,Down,-63.30725808497664,10.072470853865616,59069.229579999854,0.01,0.5,0.51
5m,300,btc-up-or-down-5m,btc-updown-5m,btc-updown-5m-1780632900,0xaca439daf337f96199e785f391b5ad73a38ede5e4197161526d3a7c3bf03e2bf,1780632900,1780633200,2026-06-05T04:15:00Z,2026-06-05T04:20:00Z,True,62788.45871220877,62628.26722353901,gamma_finalPrice,Down,-160.19148866975593,25.51288755215261,64248.43149100003,0.01,0.4,0.41
5m,300,btc-up-or-down-5m,btc-updown-5m,btc-updown-5m-1780633200,0xbf3c938ec62ecab044a46fd42d8d0ac7c1a7a8acd087bdc8fc2b6098ccd42275,1780633200,1780633500,2026-06-05T04:20:00Z,2026-06-05T04:25:00Z,True,62628.26722353901,62745.77551963479,gamma_finalPrice,Up,117.50829609578068,18.762820896250958,54655.97815799997,0.99,0.99,1.0
5m,300,btc-up-or-down-5m,btc-updown-5m,btc-updown-5m-1780633500,0x5cfce3af79d438f668d74514dc600a8963cdc37b6dcb336cc828630646f759ed,1780633500,1780633800,2026-06-05T04:25:00Z,2026-06-05T04:30:00Z,True,62745.77551963479,63166.246848231865,gamma_finalPrice,Up,420.471328597072,67.0118944446699,56797.93224100002,0.99,0.86,0.87
5m,300,btc-up-or-down-5m,btc-updown-5m,btc-updown-5m-1780633800,0xb9ead515c7fe23a5cb66b4003de2ffcae073ec2043c69d23a0efb89a0e619bc8,1780633800,1780634100,2026-06-05T04:30:00Z,2026-06-05T04:35:00Z,True,63166.246848231865,63033.395340043884,gamma_finalPrice,Down,-132.85150818798138,21.03204081559266,46749.90793600001,0.01,,0.01
5m,300,btc-up-or-down-5m,btc-updown-5m,btc-updown-5m-1780634100,0x17debeb696b91a0d0577fcaaa68c8cb138ac71fc817436471cda7ce00e903991,1780634100,1780634400,2026-06-05T04:35:00Z,2026-06-05T04:40:00Z,True,63033.395340043884,63041.03972561775,gamma_finalPrice,Up,7.644385573868931,1.212751674351358,79493.40466199999,0.99,0.46,0.47
5m,300,btc-up-or-down-5m,btc-updown-5m,btc-updown-5m-1780634400,0xb80e0141c78f100cd8b13e8d78ae98015a6329ccee177909478b03645b489d5c,1780634400,1780634700,2026-06-05T04:40:00Z,2026-06-05T04:45:00Z,True,63041.03972561775,62952.51956023508,gamma_finalPrice,Down,-88.52016538267344,14.041672816303794,44128.00123299995,0.01,,0.01
5m,300,btc-up-or-down-5m,btc-updown-5m,btc-updown-5m-1780634700,0x9b3d1c7416e4b31ffcd23bd2a28adb047c109a44769fe0a0c70a707accc1a2b9,1780634700,1780635000,2026-06-05T04:45:00Z,2026-06-05T04:50:00Z,True,62952.51956023508,62896.20214048411,gamma_finalPrice,Down,-56.317419750972476,8.946015210254783,82562.259134,0.01,0.48,0.49
5m,300,btc-up-or-down-5m,btc-updown-5m,btc-updown-5m-1780635000,0xd8aaea549235a0cdf7a2dece97a84ad2fc98fba6b22466141a113b7b68a0b28b,1780635000,1780635300,2026-06-05T04:50:00Z,2026-06-05T04:55:00Z,True,62896.20214048411,63246.27357230284,gamma_finalPrice,Up,350.07143181873107,55.65859621171025,68089.99076199988,0.99,0.99,1.0
5m,300,btc-up-or-down-5m,btc-updown-5m,btc-updown-5m-1780635300,0xaa8b08d9b06eb2ef8d6a161825555447e5f8d39cb8bca732fd3a4da4d08ace3c,1780635300,1780635600,2026-06-05T04:55:00Z,2026-06-05T05:00:00Z,True,63246.27357230284,63541.84891,gamma_finalPrice,Up,295.57533769716247,46.73403206265776,69578.44273500002,0.99,0.43,0.44
5m,300,btc-up-or-down-5m,btc-updown-5m,btc-updown-5m-1780635600,0x0283bfdd099a9266b331a391a752d66bdf2b466048c983d9a556da821207a345,1780635600,1780635900,2026-06-05T05:00:00Z,2026-06-05T05:05:00Z,True,63541.84891,63350.75100030216,gamma_finalPrice,Down,-191.0979096978408,30.074338876810124,80483.39300999999,0.01,,0.01
5m,300,btc-up-or-down-5m,btc-updown-5m,btc-updown-5m-1780635900,0xac01e4ab1122de0fec3a3711c0ae0f4c4c1d268d8c737838a44e83bfbe94f91f,1780635900,1780636200,2026-06-05T05:05:00Z,2026-06-05T05:10:00Z,True,63350.75100030216,63325.22659196711,gamma_finalPrice,Down,-25.524408335048065,4.02906168151445,72134.87011899994,0.01,0.48,0.49
5m,300,btc-up-or-down-5m,btc-updown-5m,btc-updown-5m-1780636200,0xe470f67d07a4f296a61bbb81c7a0f907406f147e556efec61350366a1d4b7a11,1780636200,1780636500,2026-06-05T05:10:00Z,2026-06-05T05:15:00Z,True,63325.22659196711,63314.199783347154,gamma_finalPrice,Down,-11.026808619957592,1.7412979334457457,82456.45630099994,0.01,0.23,0.24
5m,300,btc-up-or-down-5m,btc-updown-5m,btc-updown-5m-1780636500,0x2065f9a9124d2a0480f95ca2ced6f770c631e714c8196b148905b8977f5bfc0f,1780636500,1780636800,2026-06-05T05:15:00Z,2026-06-05T05:20:00Z,True,63314.199783347154,63266.84306404359,gamma_finalPrice,Down,-47.356719303563295,7.479636395249683,55447.23896799998,0.01,0.5,0.51
5m,300,btc-up-or-down-5m,btc-updown-5m,btc-updown-5m-1780636800,0x2ee4046e9b22c2c0d2ea268a20ab97597cc3bdc18ebf4cd600a40a6a2aa49cfa,1780636800,1780637100,2026-06-05T05:20:00Z,2026-06-05T05:25:00Z,True,63266.84306404359,63320.08138065772,gamma_finalPrice,Up,53.23831661412987,8.414884327362111,67340.69032099997,0.99,0.94,0.95
5m,300,btc-up-or-down-5m,btc-updown-5m,btc-updown-5m-1780637100,0x4282f70d13f9ad058dc2c5275459dfe8e65c41a8693ea8b14a2bc67709e0e6c6,1780637100,1780637400,2026-06-05T05:25:00Z,2026-06-05T05:30:00Z,True,63320.08138065772,63443.19669999999,gamma_finalPrice,Up,123.11531934227241,19.443329297406784,57998.25444099994,0.99,0.5,0.51
5m,300,btc-up-or-down-5m,btc-updown-5m,btc-updown-5m-1780637400,0xdc1e93b46a72251bc0850343cbb1cc2c463cb6deaab63a6e4c6be58ea2b628ec,1780637400,1780637700,2026-06-05T05:30:00Z,2026-06-05T05:35:00Z,True,63443.19669999999,63275.5788,gamma_finalPrice,Down,-167.6178999999902,26.420153573376012,60966.600894999974,0.01,0.23,0.3
5m,300,btc-up-or-down-5m,btc-updown-5m,btc-updown-5m-1780637700,0xf9d0f69fd4f7c9c272165a23598d9a0982d4f23a2cb8d7512e3c2559f8863c2a,1780637700,1780638000,2026-06-05T05:35:00Z,2026-06-05T05:40:00Z,True,63275.5788,63097.52159632649,gamma_finalPrice,Down,-178.05720367351023,28.139956528301283,60950.795069,0.01,0.5,0.51
5m,300,btc-up-or-down-5m,btc-updown-5m,btc-updown-5m-1780638000,0xecdf67c98fa870a4df4484dff0c6b3e841717281e016bb3343f069070537837f,1780638000,1780638300,2026-06-05T05:40:00Z,2026-06-05T05:45:00Z,True,63097.52159632649,62826.577640712276,gamma_finalPrice,Down,-270.943955614217,42.94050681540418,104468.28614799996,0.001,0.03,0.04
5m,300,btc-up-or-down-5m,btc-updown-5m,btc-updown-5m-1780638300,0x24465ae2d497a78c31ae562b59a9b99b3dad142b837ce8590e1d31c8d7f3ded4,1780638300,1780638600,2026-06-05T05:45:00Z,2026-06-05T05:50:00Z,True,62826.577640712276,62713.91282815139,gamma_finalPrice,Down,-112.66481256088446,17.93266747795546,75656.80854100006,0.01,0.51,0.52
5m,300,btc-up-or-down-5m,btc-updown-5m,btc-updown-5m-1780638600,0x16dff8dd8616466ba42352fb22ea0de08be0daac465c6f0beab59685bbaa4886,1780638600,1780638900,2026-06-05T05:50:00Z,2026-06-05T05:55:00Z,True,62713.91282815139,62655.2826530683,gamma_finalPrice,Down,-58.63017508308985,9.34883065640446,60587.88826199998,0.01,0.74,0.75
5m,300,btc-up-or-down-5m,btc-updown-5m,btc-updown-5m-1780638900,0x7f5419601c29699ee5c1b9f2ef3f11ebe7cfd1fb2b65a36736df9853ae6b0357,1780638900,1780639200,2026-06-05T05:55:00Z,2026-06-05T06:00:00Z,True,62655.2826530683,62265.186399232174,gamma_finalPrice,Down,-390.0962538361273,62.26071247593739,67058.16454499999,0.01,,0.01
5m,300,btc-up-or-down-5m,btc-updown-5m,btc-updown-5m-1780639200,0xd0bc4eeea68d839bd0115977a2b587c2db2e0b5f7f9a788ec677dea1de28c668,1780639200,1780639500,2026-06-05T06:00:00Z,2026-06-05T06:05:00Z,True,62265.186399232174,62112.31936270742,gamma_finalPrice,Down,-152.86703652475262,24.550964249042657,107251.480098,0.01,0.57,0.58
5m,300,btc-up-or-down-5m,btc-updown-5m,btc-updown-5m-1780639500,0x7e10147e941120df996cb710568fb27e731086c999798ffba4b6477a1315f45f,1780639500,1780639800,2026-06-05T06:05:00Z,2026-06-05T06:10:00Z,True,62112.31936270742,62381.114248476246,gamma_finalPrice,Up,268.7948857688243,43.275615614864684,81900.74676300013,0.999,0.99,1.0
5m,300,btc-up-or-down-5m,btc-updown-5m,btc-updown-5m-1780639800,0x0e850e27e2cb4d938b80533800a6b52588eb6a15cd25a478c60ad1d7c4ccb96f,1780639800,1780640100,2026-06-05T06:10:00Z,2026-06-05T06:15:00Z,True,62381.114248476246,62023.6513159727,gamma_finalPrice,Down,-357.4629325035494,57.303069496274816,61394.63919400015,0.01,0.52,0.53
5m,300,btc-up-or-down-5m,btc-updown-5m,btc-updown-5m-1780640100,0x947c909b686e18d76765f78b5fe319781d5aacffd5c9cb326c508b3dd92ec47e,1780640100,1780640400,2026-06-05T06:15:00Z,2026-06-05T06:20:00Z,True,62023.6513159727,61770.65131630236,gamma_finalPrice,Down,-252.99999967033364,40.79089094278775,95123.87785399999,0.001,0.01,0.02
5m,300,btc-up-or-down-5m,btc-updown-5m,btc-updown-5m-1780640400,0xd03ad138e87a2562f03fd12c1c09f7d76f05539d0f0b9ac5dcaa706a0366e4db,1780640400,1780640700,2026-06-05T06:20:00Z,2026-06-05T06:25:00Z,True,61770.65131630236,61404.1178066375,gamma_finalPrice,Down,-366.53350966486323,59.33780879013147,92900.92296899988,0.01,0.5,0.51
5m,300,btc-up-or-down-5m,btc-updown-5m,btc-updown-5m-1780640700,0x81227d533e01a889c94e504de7879d320b5c82bd2b4c9edd876c6592709dfe4f,1780640700,1780641000,2026-06-05T06:25:00Z,2026-06-05T06:30:00Z,True,61404.1178066375,61607.97805247078,gamma_finalPrice,Up,203.86024583328253,33.199767884499465,141785.25752099976,0.999,0.98,0.99
5m,300,btc-up-or-down-5m,btc-updown-5m,btc-updown-5m-1780641000,0xfda458761af9cc150422bc2138faf306ef40ed848d381d4e2e1a4cb03910826b,1780641000,1780641300,2026-06-05T06:30:00Z,2026-06-05T06:35:00Z,True,61607.97805247078,61657.751297877556,gamma_finalPrice,Up,49.77324540677364,8.079025960628405,115975.16150599993,0.99,0.5,0.51
5m,300,btc-up-or-down-5m,btc-updown-5m,btc-updown-5m-1780641300,0xa5360a03f8d34c3068ef826c784c2c0ed65638edd8d6180e7196846be3eed5e0,1780641300,1780641600,2026-06-05T06:35:00Z,2026-06-05T06:40:00Z,True,61657.751297877556,61749.253702309245,gamma_finalPrice,Up,91.50240443168877,14.840373271095691,111760.10178699982,0.99,0.72,0.74
5m,300,btc-up-or-down-5m,btc-updown-5m,btc-updown-5m-1780641600,0xded0b7683eaef2a0c72871d33a895a052d836192d7bb9f4d3d05e398527193ae,1780641600,1780641900,2026-06-05T06:40:00Z,2026-06-05T06:45:00Z,True,61749.253702309245,62092.186725058076,gamma_finalPrice,Up,342.9330227488317,55.536383387254936,86529.16320300003,0.99,0.53,0.54
5m,300,btc-up-or-down-5m,btc-updown-5m,btc-updown-5m-1780641900,0xf3fb32ef02ffb251ab47cf46393f07c5eb632673d3966a117efd534e1d08206f,1780641900,1780642200,2026-06-05T06:45:00Z,2026-06-05T06:50:00Z,True,62092.186725058076,61841.24279166701,gamma_finalPrice,Down,-250.94393339106318,40.4147359960495,105266.85819199981,0.01,0.16,0.17
5m,300,btc-up-or-down-5m,btc-updown-5m,btc-updown-5m-1780642200,0xd7a09f435f5e6a86a719c8285ec7637eb8910f88dd3f8ad6a8ec5fab6b0351f2,1780642200,1780642500,2026-06-05T06:50:00Z,2026-06-05T06:55:00Z,True,61841.24279166701,61927.414235113836,gamma_finalPrice,Up,86.1714434468231,13.934300081439265,69254.32995200001,0.99,0.5,0.51
5m,300,btc-up-or-down-5m,btc-updown-5m,btc-updown-5m-1780642500,0x2d54fd7653747410edd4613d7f454a6c182fe0e2273a7fb5ef65cb1614a240a0,1780642500,1780642800,2026-06-05T06:55:00Z,2026-06-05T07:00:00Z,True,61927.414235113836,61884.07669659135,gamma_finalPrice,Down,-43.337538522486284,6.9981185324403885,81619.66547799984,0.01,0.46,0.48
5m,300,btc-up-or-down-5m,btc-updown-5m,btc-updown-5m-1780642800,0xc6420fd93c7c473ce8edf0857a6b4c00730df9f7108e06013e4f4cc6f945a4f4,1780642800,1780643100,2026-06-05T07:00:00Z,2026-06-05T07:05:00Z,True,61884.07669659135,61638.96596,gamma_finalPrice,Down,-245.11073659134854,39.60804615266233,127754.93071699995,0.01,0.5,0.51
5m,300,btc-up-or-down-5m,btc-updown-5m,btc-updown-5m-1780643100,0xe4076487cc6dc6335fbd856e41e5b9b7ffbd1969f069635327c526ed3a8e8de1,1780643100,1780643400,2026-06-05T07:05:00Z,2026-06-05T07:10:00Z,True,61638.96596,61489.50742888919,gamma_finalPrice,Down,-149.45853111080942,24.24741051103924,97824.93979699966,0.01,0.19,0.2
5m,300,btc-up-or-down-5m,btc-updown-5m,btc-updown-5m-1780643400,0x9a8c654fdfa2089c0eef2c75e1a991fc89e189ac7548346339324c2631e86b9a,1780643400,1780643700,2026-06-05T07:10:00Z,2026-06-05T07:15:00Z,True,61489.50742888919,61435.498006948954,gamma_finalPrice,Down,-54.0094219402381,8.783518391767638,69140.22702300017,0.01,0.52,0.53
5m,300,btc-up-or-down-5m,btc-updown-5m,btc-updown-5m-1780643700,0x0f0d175ed1331245723f5046db23a9600c229e0ec331317ab792882d2fe467f9,1780643700,1780644000,2026-06-05T07:15:00Z,2026-06-05T07:20:00Z,True,61435.498006948954,61603.476049519384,gamma_finalPrice,Up,167.97804257043026,27.34217968761811,92459.20208999995,0.999,0.99,1.0
5m,300,btc-up-or-down-5m,btc-updown-5m,btc-updown-5m-1780644000,0xf63a4b603a95a33ee9483c487cad138ef8c9c422a0738f4f6c61b185613769d3,1780644000,1780644300,2026-06-05T07:20:00Z,2026-06-05T07:25:00Z,True,61603.476049519384,61775.796855,gamma_finalPrice,Up,172.3208054806164,27.972578258749216,61986.192634000065,0.99,0.5,0.51
5m,300,btc-up-or-down-5m,btc-updown-5m,btc-updown-5m-1780644300,0x95bfd8fc649d2303d4f0007cc6af1719bf6fac36c9bd33bf702af6959d902173,1780644300,1780644600,2026-06-05T07:25:00Z,2026-06-05T07:30:00Z,True,61775.796855,62192.984243964194,gamma_finalPrice,Up,417.1873889641938,67.53249819559836,65002.729223000024,0.999,0.99,1.0
5m,300,btc-up-or-down-5m,btc-updown-5m,btc-updown-5m-1780644600,0x5a88451f466def2c84657d2e9c7641af19abc869589614fbfc96ff71da5275f4,1780644600,1780644900,2026-06-05T07:30:00Z,2026-06-05T07:35:00Z,True,62192.984243964194,62380.45999332186,gamma_finalPrice,Up,187.47574935766897,30.14419578617719,85007.19411199994,0.99,0.46,0.47
5m,300,btc-up-or-down-5m,btc-updown-5m,btc-updown-5m-1780644900,0x22e08f6dbe859383c7aa9edbabc27450269cf2228e172047d202c17ec9247310,1780644900,1780645200,2026-06-05T07:35:00Z,2026-06-05T07:40:00Z,True,62380.45999332186,62720.20162892877,gamma_finalPrice,Up,339.74163560690795,54.462829489118704,70747.52028899998,0.99,0.95,0.96
5m,300,btc-up-or-down-5m,btc-updown-5m,btc-updown-5m-1780645200,0xb690c6497948460d6a589208e338da0cba3a69dea163aafcc7c6cd2492be6531,1780645200,1780645500,2026-06-05T07:40:00Z,2026-06-05T07:45:00Z,True,62720.20162892877,62822.59116655163,gamma_finalPrice,Up,102.3895376228611,16.324810023511695,90143.47845299987,0.99,0.47,0.48
5m,300,btc-up-or-down-5m,btc-updown-5m,btc-updown-5m-1780645500,0x1b5b314df5543de47f835530c4ed8e24fdc3302f75f65c4a06ce16e00198d44d,1780645500,1780645800,2026-06-05T07:45:00Z,2026-06-05T07:50:00Z,True,62822.59116655163,62795.46714816177,gamma_finalPrice,Down,-27.124018389862613,4.317558044995785,97678.645996,0.01,0.54,0.59
5m,300,btc-up-or-down-5m,btc-updown-5m,btc-updown-5m-1780645800,0x40fb015d93e589a5c89eb83a32dd5658c71b400ba1aa73fc7ea541925a9ae320,1780645800,1780646100,2026-06-05T07:50:00Z,2026-06-05T07:55:00Z,True,62795.46714816177,62863.52469854988,gamma_finalPrice,Up,68.05755038811185,10.837971828051623,71986.36804899987,0.99,0.48,0.49
5m,300,btc-up-or-down-5m,btc-updown-5m,btc-updown-5m-1780646100,0x9a52c32d6f9e9818cda7a30a915f9b2631e1db863f5e372dbfdbe85f39c79834,1780646100,1780646400,2026-06-05T07:55:00Z,2026-06-05T08:00:00Z,True,62863.52469854988,63052.71372422666,gamma_finalPrice,Up,189.18902567678015,30.095198540648216,90408.55025700001,0.99,0.39,0.45
5m,300,btc-up-or-down-5m,btc-updown-5m,btc-updown-5m-1780646400,0x3cea9b76cbd8c1d49a4e23e0b4d6e4c2e53147e887d6aa155d16c47e3e9c7323,1780646400,1780646700,2026-06-05T08:00:00Z,2026-06-05T08:05:00Z,True,63052.71372422666,62816.06709787202,gamma_finalPrice,Down,-236.646626354639,37.53155294626321,75916.3036699999,0.01,,0.01
5m,300,btc-up-or-down-5m,btc-updown-5m,btc-updown-5m-1780646700,0xeabd968be49ff32a8a870a1f970900f0238f9135be97870423ee4206bb6fb235,1780646700,1780647000,2026-06-05T08:05:00Z,2026-06-05T08:10:00Z,True,62816.06709787202,62701.72698894829,gamma_finalPrice,Down,-114.34010892373044,18.202366720218283,73259.2203349999,0.01,0.43,0.44
5m,300,btc-up-or-down-5m,btc-updown-5m,btc-updown-5m-1780647000,0x91129bf1a20fe66b118d36dd8542e032768c695542fd3af48745ce3e2833f309,1780647000,1780647300,2026-06-05T08:10:00Z,2026-06-05T08:15:00Z,True,62701.72698894829,62745.92412622988,gamma_finalPrice,Up,44.197137281589676,7.048791062705464,58940.409482,0.99,0.41,0.52
5m,300,btc-up-or-down-5m,btc-updown-5m,btc-updown-5m-1780647300,0xe8b163200e26b981a3c98ce3f9a280e8f76ee15213a79e553d08eaf8a259970c,1780647300,1780647600,2026-06-05T08:15:00Z,2026-06-05T08:20:00Z,True,62745.92412622988,62590.77981055278,gamma_finalPrice,Down,-155.14431567709835,24.725799777047648,74431.2477489998,0.01,0.5,0.51
5m,300,btc-up-or-down-5m,btc-updown-5m,btc-updown-5m-1780647600,0xe217b356af9a5d8ab13d0633631d20d17c93533d22b03e14c0980cefdb60860b,1780647600,1780647900,2026-06-05T08:20:00Z,2026-06-05T08:25:00Z,True,62590.77981055278,62647.96956296377,gamma_finalPrice,Up,57.18975241098815,9.137088974460417,73701.65451999972,0.99,0.5,0.51
5m,300,btc-up-or-down-5m,btc-updown-5m,btc-updown-5m-1780647900,0x63f0b884afebd9ef0979a7e2ad0f0fb56b4b03a39a4ba613d5e2c27236e2e581,1780647900,1780648200,2026-06-05T08:25:00Z,2026-06-05T08:30:00Z,True,62647.96956296377,62748.55254062173,gamma_finalPrice,Up,100.58297765795578,16.05526537565847,64167.13793199987,0.99,0.49,0.51
5m,300,btc-up-or-down-5m,btc-updown-5m,btc-updown-5m-1780648200,0xfd933a9b2b766f0bdab5f5033f978a6bc814d49f3d79991516afbdbdbbece87a,1780648200,1780648500,2026-06-05T08:30:00Z,2026-06-05T08:35:00Z,True,62748.55254062173,62645.37488340263,gamma_finalPrice,Down,-103.17765721910109,16.443033829713706,77358.36915999991,0.01,0.84,0.85
5m,300,btc-up-or-down-5m,btc-updown-5m,btc-updown-5m-1780648500,0x2985166aa193425c03ff03ef164bfa296e749bb3964cd58bab54c5cbf73b2ffc,1780648500,1780648800,2026-06-05T08:35:00Z,2026-06-05T08:40:00Z,True,62645.37488340263,62478.08945084047,gamma_finalPrice,Down,-167.28543256215926,26.703556786676703,59447.38935399977,0.01,0.5,0.51
5m,300,btc-up-or-down-5m,btc-updown-5m,btc-updown-5m-1780648800,0x7f90c0a856cb5372f5a9886ef109991b45705bf865e801c099d73c03f4c417bd,1780648800,1780649100,2026-06-05T08:40:00Z,2026-06-05T08:45:00Z,True,62478.08945084047,62486.89044750205,gamma_finalPrice,Up,8.800996661586396,1.4086532957303808,80856.48167299999,0.99,0.94,0.95
5m,300,btc-up-or-down-5m,btc-updown-5m,btc-updown-5m-1780649100,0xfd60a89c7897904682cc05b988b75d247de544db611731712c3ea0a3302fc7cf,1780649100,1780649400,2026-06-05T08:45:00Z,2026-06-05T08:50:00Z,True,62486.89044750205,62539.85702712327,gamma_finalPrice,Up,52.966579621213896,8.476430694805243,64429.20127099997,0.99,0.51,0.52
5m,300,btc-up-or-down-5m,btc-updown-5m,btc-updown-5m-1780649400,0xf409a5671b1f0c89bf9ba7d4cb11956cd2d643b04a41d06a33b19f593caaac26,1780649400,1780649700,2026-06-05T08:50:00Z,2026-06-05T08:55:00Z,True,62539.85702712327,62374.26062546358,gamma_finalPrice,Down,-165.5964016596845,26.478538572268565,47106.75033099992,0.01,0.32,0.33
5m,300,btc-up-or-down-5m,btc-updown-5m,btc-updown-5m-1780649700,0xd07ea13aaf9271bf6110a0f1918fa9e8cee1fa68405ff5e9cf5f56f93349e990,1780649700,1780650000,2026-06-05T08:55:00Z,2026-06-05T09:00:00Z,True,62374.26062546358,62402.43956187753,gamma_finalPrice,Up,28.178936413947667,4.517718708226889,71134.31300499992,0.99,0.5,0.51
5m,300,btc-up-or-down-5m,btc-updown-5m,btc-updown-5m-1780650000,0xcc45d93759fd2e0f5e2af0241db857c159ef6967b5607b1f39e7c1f657837859,1780650000,1780650300,2026-06-05T09:00:00Z,2026-06-05T09:05:00Z,True,62402.43956187753,62493.63504044622,gamma_finalPrice,Up,91.1954785686903,14.614088681302585,111405.06245399977,0.99,0.49,0.5
5m,300,btc-up-or-down-5m,btc-updown-5m,btc-updown-5m-1780650300,0xefb401ed058b3448f5912077db6a0417d3b3eb5499f1fa823aeb68232fddeff3,1780650300,1780650600,2026-06-05T09:05:00Z,2026-06-05T09:10:00Z,True,62493.63504044622,62688.85344542326,gamma_finalPrice,Up,195.2184049770367,31.238126066869096,79570.8806039999,0.99,0.93,0.94
5m,300,btc-up-or-down-5m,btc-updown-5m,btc-updown-5m-1780650600,0x0c4f66b1bace32eabad82ebf6b13790f641cbf21f9b24f76eb4a03f68a5601e2,1780650600,1780650900,2026-06-05T09:10:00Z,2026-06-05T09:15:00Z,True,62688.85344542326,63011.77773779993,gamma_finalPrice,Up,322.9242923766724,51.51223457257986,90227.52927099999,0.99,0.5,0.51
5m,300,btc-up-or-down-5m,btc-updown-5m,btc-updown-5m-1780650900,0xc70df863ea879228e2b505e6be118e9da6e4178eba8f30334543444b05273c82,1780650900,1780651200,2026-06-05T09:15:00Z,2026-06-05T09:20:00Z,True,63011.77773779993,62910.492068678126,gamma_finalPrice,Down,-101.28566912180395,16.074085315171804,89765.96563399996,0.01,0.14,0.15
5m,300,btc-up-or-down-5m,btc-updown-5m,btc-updown-5m-1780651200,0x749561a95a55e6ccab72cb3283a4f2af052a3f06352d237a80d5100600f1d9e7,1780651200,1780651500,2026-06-05T09:20:00Z,2026-06-05T09:25:00Z,True,62910.492068678126,62988.242225314396,gamma_finalPrice,Up,77.75015663626982,12.35885367919099,88452.57797099988,0.99,0.47,0.48
5m,300,btc-up-or-down-5m,btc-updown-5m,btc-updown-5m-1780651500,0x2783b9f0f73e2ce197f6dcadee2692b208210830fe337f73e9e989f120accca4,1780651500,1780651800,2026-06-05T09:25:00Z,2026-06-05T09:30:00Z,True,62988.242225314396,63063.913868944524,gamma_finalPrice,Up,75.67164363012853,12.013614121734737,72135.43391299997,0.99,0.92,0.93
5m,300,btc-up-or-down-5m,btc-updown-5m,btc-updown-5m-1780651800,0x493e7182e378cda56bb688336775b0a23714034156723be03530558281f257dc,1780651800,1780652100,2026-06-05T09:30:00Z,2026-06-05T09:35:00Z,True,63063.913868944524,62969.575981263486,gamma_finalPrice,Down,-94.33788768103841,14.959091799644009,75945.29807699994,0.01,0.5,0.51
5m,300,btc-up-or-down-5m,btc-updown-5m,btc-updown-5m-1780652100,0xea3328f6a0e54195de2c38d38ab998b08ccb8be0821d570ad07fda772b53662f,1780652100,1780652400,2026-06-05T09:35:00Z,2026-06-05T09:40:00Z,True,62969.575981263486,62767.02688245595,gamma_finalPrice,Down,-202.54909880753257,32.16618432809533,58892.90391100001,0.01,0.02,0.03
5m,300,btc-up-or-down-5m,btc-updown-5m,btc-updown-5m-1780652400,0x9277642d542f3d465485d9f262b450740080b6f34fdf18254b08ac52369e0429,1780652400,1780652700,2026-06-05T09:40:00Z,2026-06-05T09:45:00Z,True,62767.02688245595,62772.31913768826,gamma_finalPrice,Up,5.29225523230707,0.8431585013924423,68401.857818,0.99,0.44,0.45
5m,300,btc-up-or-down-5m,btc-updown-5m,btc-updown-5m-1780652700,0xd38779f8bc8a4d61c0ceb852094312f8ba2204f7946433d6ba28a0062ebb4807,1780652700,1780653000,2026-06-05T09:45:00Z,2026-06-05T09:50:00Z,True,62772.31913768826,62797.227682749355,gamma_finalPrice,Up,24.908545061094628,3.968077873060394,61114.646553999926,0.99,0.65,0.66
5m,300,btc-up-or-down-5m,btc-updown-5m,btc-updown-5m-1780653000,0x0176668b81e27f79c452278464fac0e4165915bc8649fbf2451e3b8a3322915b,1780653000,1780653300,2026-06-05T09:50:00Z,2026-06-05T09:55:00Z,True,62797.227682749355,62812.38119,gamma_finalPrice,Up,15.153507250644907,2.4130853876544034,66842.22480600003,0.99,0.99,1.0
5m,300,btc-up-or-down-5m,btc-updown-5m,btc-updown-5m-1780653300,0x9db9f7ccebf1be96d40a92d389551f549349b314f9cac52ac2323a0db3b8cd7e,1780653300,1780653600,2026-06-05T09:55:00Z,2026-06-05T10:00:00Z,True,62812.38119,62809.168865299966,gamma_finalPrice,Down,-3.2123247000345145,0.511415844961778,64520.21958099991,0.01,0.43,0.44
5m,300,btc-up-or-down-5m,btc-updown-5m,btc-updown-5m-1780653600,0x65d3986560cd181166bd33e9032195cbd78341423b2aae20960ebe92131239f2,1780653600,1780653900,2026-06-05T10:00:00Z,2026-06-05T10:05:00Z,True,62809.168865299966,62778.89271512535,gamma_finalPrice,Down,-30.276150174613576,4.820339246893008,55668.61838699995,0.01,0.5,0.51
5m,300,btc-up-or-down-5m,btc-updown-5m,btc-updown-5m-1780653900,0xabba64aaae524699eb06ba05059aa4321a82d12e07bcd78ad8da3d6c6572fc8a,1780653900,1780654200,2026-06-05T10:05:00Z,2026-06-05T10:10:00Z,True,62778.89271512535,62633.82075263476,gamma_finalPrice,Down,-145.07196249059052,23.108397777719688,51398.46811900001,0.01,0.09,0.1
5m,300,btc-up-or-down-5m,btc-updown-5m,btc-updown-5m-1780654200,0x6ef334120c630470d70dd3fdb324938e98bd42618d3cc24c03c78f778a2c2a8d,1780654200,1780654500,2026-06-05T10:10:00Z,2026-06-05T10:15:00Z,True,62633.82075263476,62701.745776800395,gamma_finalPrice,Up,67.92502416563366,10.844783752518612,66846.27580099982,0.99,0.5,0.51
5m,300,btc-up-or-down-5m,btc-updown-5m,btc-updown-5m-1780654500,0xe9f7f0a8e3d5e436ac411a6446b45877d5d60551205665a2e6f04f171f46c3f6,1780654500,1780654800,2026-06-05T10:15:00Z,2026-06-05T10:20:00Z,True,62701.745776800395,62519.652027674456,gamma_finalPrice,Down,-182.0937491259392,29.041256646049206,41237.10530799996,0.01,0.15,0.16
5m,300,btc-up-or-down-5m,btc-updown-5m,btc-updown-5m-1780654800,0xfea3831ee18e2b0a3fae3d40c85ee25876099d905ec09ab9583668eb23102bf1,1780654800,1780655100,2026-06-05T10:20:00Z,2026-06-05T10:25:00Z,True,62519.652027674456,62494.175027045996,gamma_finalPrice,Down,-25.47700062845979,4.075038776156711,61754.93941700005,0.01,0.5,0.51
5m,300,btc-up-or-down-5m,btc-updown-5m,btc-updown-5m-1780655100,0x2fdcda671afad3d5f10eb93beb28c5fb7ac23394e5840975204456730fed6514,1780655100,1780655400,2026-06-05T10:25:00Z,2026-06-05T10:30:00Z,True,62494.175027045996,62533.59999600246,gamma_finalPrice,Up,39.42496895646036,6.308582990238397,64808.851917999884,0.99,0.6,0.61
5m,300,btc-up-or-down-5m,btc-updown-5m,btc-updown-5m-1780655400,0x1e77da852592c9c3fa3df16b5bcf89afb454acd661d82cdeb75cb9f017a5ef63,1780655400,1780655700,2026-06-05T10:30:00Z,2026-06-05T10:35:00Z,True,62533.59999600246,62513.64545443817,gamma_finalPrice,Down,-19.954541564286046,3.1910111628886977,76359.78818799993,0.01,0.5,0.51
5m,300,btc-up-or-down-5m,btc-updown-5m,btc-updown-5m-1780655700,0x9383fe44eae9261dc62007febcb49499d153f4fc79a3807a9017df28c7968588,1780655700,1780656000,2026-06-05T10:35:00Z,2026-06-05T10:40:00Z,True,62513.64545443817,62329.69095520472,gamma_finalPrice,Down,-183.9544992334486,29.42629531459978,47810.821931000006,0.01,0.09,0.1
5m,300,btc-up-or-down-5m,btc-updown-5m,btc-updown-5m-1780656000,0x9950ba7e94cb0df49b6e1e3c9ec44dd3e48f360787ee1289555ca1375ed290aa,1780656000,1780656300,2026-06-05T10:40:00Z,2026-06-05T10:45:00Z,True,62329.69095520472,62630.46512688048,gamma_finalPrice,Up,300.77417167575913,48.25536065820066,44831.818701999975,0.99,0.5,0.51
5m,300,btc-up-or-down-5m,btc-updown-5m,btc-updown-5m-1780656300,0x1412843bde5a2c380f688dec3cb44d1d35631e99787ea95c9aecf1819a01b6c1,1780656300,1780656600,2026-06-05T10:45:00Z,2026-06-05T10:50:00Z,True,62630.46512688048,62552.62865322649,gamma_finalPrice,Down,-77.83647365398792,12.42789327786441,52429.93788899985,0.01,0.25,0.26
5m,300,btc-up-or-down-5m,btc-updown-5m,btc-updown-5m-1780656600,0x5c33199aea25674c148569dc75e2893385d1738d6c03de797526d8a38f96fe9f,1780656600,1780656900,2026-06-05T10:50:00Z,2026-06-05T10:55:00Z,True,62552.62865322649,62487.21398873454,gamma_finalPrice,Down,-65.41466449195286,10.457540458386275,49217.731511000005,0.01,0.49,0.5
5m,300,btc-up-or-down-5m,btc-updown-5m,btc-updown-5m-1780656900,0x8fe70301b0ec618c8b63f114411bd5af5e3809840e3328215d1cd0535fc76534,1780656900,1780657200,2026-06-05T10:55:00Z,2026-06-05T11:00:00Z,True,62487.21398873454,62491.138121324104,gamma_finalPrice,Up,3.924132589563669,0.6279896860613963,67896.8349119999,0.99,0.37,0.39
5m,300,btc-up-or-down-5m,btc-updown-5m,btc-updown-5m-1780657200,0xfee3ea9fdbd265252e48da212d162310af367b318ea0099f8e02309cbea72215,1780657200,1780657500,2026-06-05T11:00:00Z,2026-06-05T11:05:00Z,True,62491.138121324104,62353.65828691335,gamma_finalPrice,Down,-137.47983441075485,21.999892871824983,47439.73819100008,0.01,0.5,0.51
5m,300,btc-up-or-down-5m,btc-updown-5m,btc-updown-5m-1780657500,0x741b5911593d434f7caee83151cf6b02c67960f1231b29b12ef3796ec9691d3b,1780657500,1780657800,2026-06-05T11:05:00Z,2026-06-05T11:10:00Z,True,62353.65828691335,62272.665352098986,gamma_finalPrice,Down,-80.99293481436325,12.989283554412054,68792.37634599989,0.01,0.54,0.55
5m,300,btc-up-or-down-5m,btc-updown-5m,btc-updown-5m-1780657800,0x73455491c423401757fbcdf8ed53f2d0194730d1fae58ee3abb7e1466f78944b,1780657800,1780658100,2026-06-05T11:10:00Z,2026-06-05T11:15:00Z,True,62272.665352098986,62271.39621592222,gamma_finalPrice,Down,-1.2691361767647322,0.2038030923502063,60495.513558999904,0.01,0.5,0.51
5m,300,btc-up-or-down-5m,btc-updown-5m,btc-updown-5m-1780658100,0x2737868a3d30abfb53ec7d872e41da2086dd90c6fdc8dafe1138c65ffe4ea63d,1780658100,1780658400,2026-06-05T11:15:00Z,2026-06-05T11:20:00Z,True,62271.39621592222,62443.8931318151,gamma_finalPrice,Up,172.49691589287977,27.700826763986047,58828.022851999965,0.99,0.4,0.41
5m,300,btc-up-or-down-5m,btc-updown-5m,btc-updown-5m-1780658400,0x55402e472629fea77a4921633b39148aab8ab9b2f94d01b34589f7706a545954,1780658400,1780658700,2026-06-05T11:20:00Z,2026-06-05T11:25:00Z,True,62443.8931318151,62291.93001591567,gamma_finalPrice,Down,-151.9631158994307,24.335945162587187,92022.23764300004,0.01,0.51,0.52
5m,300,btc-up-or-down-5m,btc-updown-5m,btc-updown-5m-1780658700,0x340c1c1cb9033d1802378b2c4057ce53ea48ab6e55cc20bdf0acbb62c368c7b7,1780658700,1780659000,2026-06-05T11:25:00Z,2026-06-05T11:30:00Z,True,62291.93001591567,62418.072649175825,gamma_finalPrice,Up,126.14263326015498,20.250236784752914,45561.25772999999,0.99,0.58,0.6
5m,300,btc-up-or-down-5m,btc-updown-5m,btc-updown-5m-1780659000,0xd37260dc022dbf9fcf9912bf4ece70c1f777b621a0a7da5b00932146c477a1dd,1780659000,1780659300,2026-06-05T11:30:00Z,2026-06-05T11:35:00Z,True,62418.072649175825,62296.98681033774,gamma_finalPrice,Down,-121.08583883808751,19.399163367099952,64911.941368999884,0.01,0.5,0.51
5m,300,btc-up-or-down-5m,btc-updown-5m,btc-updown-5m-1780659300,0xfa8b26b11d703c44b1bed973d4ee0bc96268a072b7ace45597cec6ae38f74664,1780659300,1780659600,2026-06-05T11:35:00Z,2026-06-05T11:40:00Z,True,62296.98681033774,62240.07879787786,gamma_finalPrice,Down,-56.90801245987677,9.134954252784711,58851.425688999945,0.01,0.37,0.38
5m,300,btc-up-or-down-5m,btc-updown-5m,btc-updown-5m-1780659600,0x584498615bb3f81a6e62552be171e0c5657986aab10d1d6366973bddbdacea3a,1780659600,1780659900,2026-06-05T11:40:00Z,2026-06-05T11:45:00Z,True,62240.07879787786,62062.24503908683,gamma_finalPrice,Down,-177.83375879102823,28.57222584317995,46382.50389100002,0.01,0.49,0.5
5m,300,btc-up-or-down-5m,btc-updown-5m,btc-updown-5m-1780659900,0x6f8267319f60d258e81ea784cb6385c7da59cb4946e45216073a70c99513fb52,1780659900,1780660200,2026-06-05T11:45:00Z,2026-06-05T11:50:00Z,True,62062.24503908683,62133.59926911952,gamma_finalPrice,Up,71.35423003268806,11.497204135581807,79833.30435999995,0.99,0.52,0.53
5m,300,btc-up-or-down-5m,btc-updown-5m,btc-updown-5m-1780660200,0x08cbab9cd1f2514c57405b6a02a3432896d3df41f01a795c003c499f39e8b8ca,1780660200,1780660500,2026-06-05T11:50:00Z,2026-06-05T11:55:00Z,True,62133.59926911952,61958.73727169882,gamma_finalPrice,Down,-174.86199742070312,28.142904881998323,65670.50353599987,0.01,0.5,0.51
5m,300,btc-up-or-down-5m,btc-updown-5m,btc-updown-5m-1780660500,0x3a642d855643234adb4cfdc50becc477fd84c9c12751af76cf2a7d72a8fca282,1780660500,1780660800,2026-06-05T11:55:00Z,2026-06-05T12:00:00Z,True,61958.73727169882,61915.377295097656,gamma_finalPrice,Down,-43.35997660116118,6.998202111676494,96843.40232700002,0.01,0.5,0.51
5m,300,btc-up-or-down-5m,btc-updown-5m,btc-updown-5m-1780660800,0xb0d06a90dcf1c572f333282cecf979454e0327d06a3c0394e611e7b22b7b76a9,1780660800,1780661100,2026-06-05T12:00:00Z,2026-06-05T12:05:00Z,True,61915.377295097656,61595.723055142524,gamma_finalPrice,Down,-319.65423995513265,51.62760107745355,73959.20042399995,0.01,0.5,0.51
5m,300,btc-up-or-down-5m,btc-updown-5m,btc-updown-5m-1780661100,0x58822c3e5aa5a3c645c69f033708288f5552545c607ab7e8cff55d85179337e5,1780661100,1780661400,2026-06-05T12:05:00Z,2026-06-05T12:10:00Z,True,61595.723055142524,61993.77341112733,gamma_finalPrice,Up,398.05035598480754,64.62305112133511,51197.197980000004,0.99,0.5,0.51
5m,300,btc-up-or-down-5m,btc-updown-5m,btc-updown-5m-1780661400,0x4ac080f7f1e1deb7a64f311431fcf5d8c4068ba818bc74858204bbb8cb1755aa,1780661400,1780661700,2026-06-05T12:10:00Z,2026-06-05T12:15:00Z,True,61993.77341112733,62094.58323341887,gamma_finalPrice,Up,100.80982229153597,16.26128185858122,66380.28082999992,0.99,0.51,0.52
5m,300,btc-up-or-down-5m,btc-updown-5m,btc-updown-5m-1780661700,0x7c14f09e71bb182429f08a3f7391d7223fb5483f0913b9681b0f7fe0f0cc208b,1780661700,1780662000,2026-06-05T12:15:00Z,2026-06-05T12:20:00Z,True,62094.58323341887,62283.38796470902,gamma_finalPrice,Up,188.80473129015445,30.405990580598836,60017.64761799997,0.99,0.5,0.51
5m,300,btc-up-or-down-5m,btc-updown-5m,btc-updown-5m-1780662000,0x7c24dc60d97eeca08c07cd6b6bca95b9ba3fcf8d83f0ae5af060c690f65f5cc5,1780662000,1780662300,2026-06-05T12:20:00Z,2026-06-05T12:25:00Z,True,62283.38796470902,62346.21983620494,gamma_finalPrice,Up,62.83187149591686,10.088062571599126,38898.78605600001,0.18,0.5,0.51
5m,300,btc-up-or-down-5m,btc-updown-5m,btc-updown-5m-1780662300,0xa629e831aaff3b398586f93df388fd73e33dc201c86b609a1c9a51fb9150950a,1780662300,1780662600,2026-06-05T12:25:00Z,2026-06-05T12:30:00Z,True,62346.21983620494,62156.55444,gamma_finalPrice,Down,-189.6653962049386,30.42131450843767,1912.367242,0.51,0.5,0.51
5m,300,btc-up-or-down-5m,btc-updown-5m,btc-updown-5m-1780662600,0x5be333d6ed6c9c40e1508b1d2ced728d1c63c9c4b91e6afe24287bb94ee1df16,1780662600,1780662900,2026-06-05T12:30:00Z,2026-06-05T12:35:00Z,True,62156.55444,61702.363238588114,gamma_finalPrice,Down,-454.19120141188614,73.07213302023023,874.476807,0.5,0.5,0.51
5m,300,btc-up-or-down-5m,btc-updown-5m,btc-updown-5m-1780662900,0xc4d78681904b3ccda56b43c43e108a9a7b7896f3317261053c1770684cd88f58,1780662900,1780663200,2026-06-05T12:35:00Z,2026-06-05T12:40:00Z,True,61702.363238588114,61885.02162161517,gamma_finalPrice,Up,182.6583830270538,29.603142155310646,194.97372200000004,0.51,0.5,0.51
5m,300,btc-up-or-down-5m,btc-updown-5m,btc-updown-5m-1780663200,0xbef5306cec2fba03daa428ea113b28e2e6b5a01500d0369bc04c8e7f555ce216,1780663200,1780663500,2026-06-05T12:40:00Z,2026-06-05T12:45:00Z,True,61885.02162161517,61929.56150029209,gamma_finalPrice,Up,44.539878676921944,7.197198532021694,133.727056,0.51,0.5,0.51
5m,300,btc-up-or-down-5m,btc-updown-5m,btc-updown-5m-1780663500,0xacbac43898802de76bef702fd1211222fd1ca6fd68a02434b90952c4b387f7d6,1780663500,1780663800,2026-06-05T12:45:00Z,2026-06-05T12:50:00Z,True,61929.56150029209,61915.06976064451,gamma_finalPrice,Down,-14.49173964757938,2.340035888597569,20603.22496699999,0.01,0.5,0.51
5m,300,btc-up-or-down-5m,btc-updown-5m,btc-updown-5m-1780663800,0x1a10d51eac5d030c7510e45edbaae87126adb468f6cc2b5504d70cc1bab6a311,1780663800,1780664100,2026-06-05T12:50:00Z,2026-06-05T12:55:00Z,True,61915.06976064451,61877.956988837446,gamma_finalPrice,Down,-37.11277180706384,5.99414196746235,69320.13060200003,0.01,0.09,0.1
5m,300,btc-up-or-down-5m,btc-updown-5m,btc-updown-5m-1780664100,0x59dce16a7db16a4196ad73a5ca78008def3815394879f01620c789e6e2976512,1780664100,1780664400,2026-06-05T12:55:00Z,2026-06-05T13:00:00Z,True,61877.956988837446,61911.804448279174,gamma_finalPrice,Up,33.84745944172755,5.470035063994358,75265.93609599996,0.99,0.5,0.51
5m,300,btc-up-or-down-5m,btc-updown-5m,btc-updown-5m-1780664400,0xc23161de5e645d78656f1dd3a4bc255eb57e3b214aa437f07b03daea5ab8a241,1780664400,1780664700,2026-06-05T13:00:00Z,2026-06-05T13:05:00Z,True,61911.804448279174,62022.1080386616,gamma_finalPrice,Up,110.3035903824275,17.81624544226854,96660.86792399938,0.99,0.42,0.44
5m,300,btc-up-or-down-5m,btc-updown-5m,btc-updown-5m-1780664700,0x024961cb57eaa78ff05f26e319f3853fc95f9ab8681d2310b60727369eb25a8e,1780664700,1780665000,2026-06-05T13:05:00Z,2026-06-05T13:10:00Z,True,62022.1080386616,61918.14127642031,gamma_finalPrice,Down,-103.96676224128896,16.762855299352463,84409.33050399985,0.01,0.5,0.51
5m,300,btc-up-or-down-5m,btc-updown-5m,btc-updown-5m-1780665000,0xe8dfc4214346552b1507e7173701b01a61791d903783def38d5b1614ab50129c,1780665000,1780665300,2026-06-05T13:10:00Z,2026-06-05T13:15:00Z,True,61918.14127642031,61938.37457702748,gamma_finalPrice,Up,20.23330060717126,3.267749998638365,125540.24877100003,0.99,0.58,0.59
5m,300,btc-up-or-down-5m,btc-updown-5m,btc-updown-5m-1780665300,0x1bcce209163be35f6938450111d7d000891669f0ae877a7cff1a437a0397e376,1780665300,1780665600,2026-06-05T13:15:00Z,2026-06-05T13:20:00Z,True,61938.37457702748,62023.17791036395,gamma_finalPrice,Up,84.80333333646558,13.691565837105218,91052.98314199994,0.99,0.51,0.52
5m,300,btc-up-or-down-5m,btc-updown-5m,btc-updown-5m-1780665600,0x1db8f91cc84b9914c6aa1c7c812b0582a53bb0daa4b8155eea9869506613b846,1780665600,1780665900,2026-06-05T13:20:00Z,2026-06-05T13:25:00Z,True,62023.17791036395,62082.67709321947,gamma_finalPrice,Up,59.49918285552121,9.593056154186355,97297.60864599995,0.99,0.81,0.82
5m,300,btc-up-or-down-5m,btc-updown-5m,btc-updown-5m-1780665900,0x4144ecc009fd6382da966742f318cbbb9d19d565d6dd441841ea187640dfa18d,1780665900,1780666200,2026-06-05T13:25:00Z,2026-06-05T13:30:00Z,True,62082.67709321947,62074.59623588182,gamma_finalPrice,Down,-8.080857337648922,1.3016283633380068,107295.87911700005,0.01,0.5,0.51
5m,300,btc-up-or-down-5m,btc-updown-5m,btc-updown-5m-1780666200,0xda84504142cb98759cbb8cca3cb46da9eb469e67e029ada9d05e10ac98733e2d,1780666200,1780666500,2026-06-05T13:30:00Z,2026-06-05T13:35:00Z,True,62074.59623588182,62140.96820687266,gamma_finalPrice,Up,66.37197099084005,10.692292018884556,140540.9551449999,0.99,0.65,0.66
5m,300,btc-up-or-down-5m,btc-updown-5m,btc-updown-5m-1780666500,0xd52de39016992ef1e555e57d45c1e151bf3862ab4d61c6da34eeaac0b35503e6,1780666500,1780666800,2026-06-05T13:35:00Z,2026-06-05T13:40:00Z,True,62140.96820687266,61756.58145263518,gamma_finalPrice,Down,-384.3867542374792,61.85722001591967,113069.85103599956,0.01,0.51,0.52
5m,300,btc-up-or-down-5m,btc-updown-5m,btc-updown-5m-1780666800,0xeac1de3e35103f6ba3dc0c59f6e0ac56aac7b0c041aab464c4dea28231fd6d7f,1780666800,1780667100,2026-06-05T13:40:00Z,2026-06-05T13:45:00Z,True,61756.58145263518,61792.93297374034,gamma_finalPrice,Up,36.35152110515628,5.8862586383665745,134326.13333899988,0.99,0.37,0.38
5m,300,btc-up-or-down-5m,btc-updown-5m,btc-updown-5m-1780667100,0x279645e00b836ac0aa38f54173bd00609f1024ed1801302cc7ef741ea37b60d8,1780667100,1780667400,2026-06-05T13:45:00Z,2026-06-05T13:50:00Z,True,61792.93297374034,61223.444262625475,gamma_finalPrice,Down,-569.4887111148637,92.1608157613873,82940.35622099962,0.01,,0.01
5m,300,btc-up-or-down-5m,btc-updown-5m,btc-updown-5m-1780667400,0x746f890097df50454733b9c9c8ad3b2d9df6c82e7db1727c6df23525adcef127,1780667400,1780667700,2026-06-05T13:50:00Z,2026-06-05T13:55:00Z,True,61223.444262625475,61167.67680369386,gamma_finalPrice,Down,-55.76745893161569,9.108840510898787,142617.98034000004,0.01,0.49,0.5
5m,300,btc-up-or-down-5m,btc-updown-5m,btc-updown-5m-1780667700,0x8d13064bb97e0fcd4ebbbf0b7e633e0cd3ac4f268a9878f8468d069a7fe5b375,1780667700,1780668000,2026-06-05T13:55:00Z,2026-06-05T14:00:00Z,True,61167.67680369386,60687.967722430956,gamma_finalPrice,Down,-479.70908126290306,78.425257640966,85183.58298299993,0.01,,0.01
5m,300,btc-up-or-down-5m,btc-updown-5m,btc-updown-5m-1780668000,0x3ba12e96443e221abbeebe140507f681248a43a3e866081debff218ce67d3563,1780668000,1780668300,2026-06-05T14:00:00Z,2026-06-05T14:05:00Z,True,60687.967722430956,60570.25609782986,gamma_finalPrice,Down,-117.71162460109917,19.396204720427907,156252.79298600022,0.01,0.56,0.57
5m,300,btc-up-or-down-5m,btc-updown-5m,btc-updown-5m-1780668300,0x00baa8bb82163de353dde6a37b084c62167f114805a41321a61e969efa9dad5a,1780668300,1780668600,2026-06-05T14:05:00Z,2026-06-05T14:10:00Z,True,60570.25609782986,61090.57324776122,gamma_finalPrice,Up,520.3171499313612,85.90307907745554,179567.90063099968,0.999,0.99,1.0
5m,300,btc-up-or-down-5m,btc-updown-5m,btc-updown-5m-1780668600,0x7a2d44a2920ba5c32f6d94c26b9242ef65da2f062d437e70df7224fd2a75240b,1780668600,1780668900,2026-06-05T14:10:00Z,2026-06-05T14:15:00Z,True,61090.57324776122,60817.975301274666,gamma_finalPrice,Down,-272.59794648655225,44.62193297499334,166087.70056399982,0.01,0.51,0.52
5m,300,btc-up-or-down-5m,btc-updown-5m,btc-updown-5m-1780668900,0xc0323198f2a9c2a6ceabd4500aefb667ed4b6800924443c08ee80e0307d89029,1780668900,1780669200,2026-06-05T14:15:00Z,2026-06-05T14:20:00Z,True,60817.975301274666,60754.70662096959,gamma_finalPrice,Down,-63.26868030507467,10.402957347997845,124998.30161999945,0.01,0.14,0.15
5m,300,btc-up-or-down-5m,btc-updown-5m,btc-updown-5m-1780669200,0x05e3bb475ae5c3e88e48270d87edcb37a5c90ffc3dee6a2e48e0f32908d02c4c,1780669200,1780669500,2026-06-05T14:20:00Z,2026-06-05T14:25:00Z,True,60754.70662096959,60532.93911873102,gamma_finalPrice,Down,-221.7675022385738,36.50211063022899,94893.89675599967,0.01,0.5,0.51
5m,300,btc-up-or-down-5m,btc-updown-5m,btc-updown-5m-1780669500,0x0797ab42d5043aaaa7f48618fd03ca638e855b199ab2312358a312ee87139326,1780669500,1780669800,2026-06-05T14:25:00Z,2026-06-05T14:30:00Z,True,60532.93911873102,60362.13679406404,gamma_finalPrice,Down,-170.80232466697635,28.216426817135023,108849.16289599963,0.001,0.02,0.03
5m,300,btc-up-or-down-5m,btc-updown-5m,btc-updown-5m-1780669800,0x1bb65bbdda3010bf259a5563416e96d27c97a002047ad2e3dcbaa1804dc1fb08,1780669800,1780670100,2026-06-05T14:30:00Z,2026-06-05T14:35:00Z,True,60362.13679406404,60795.56306,gamma_finalPrice,Up,433.42626593595924,71.80432783794062,134486.01641700015,0.99,0.5,0.51
5m,300,btc-up-or-down-5m,btc-updown-5m,btc-updown-5m-1780670100,0xd47f8cde386bde8c511ef4a55693079da03c60bfd8e00db095a4404fbd29352f,1780670100,1780670400,2026-06-05T14:35:00Z,2026-06-05T14:40:00Z,True,60795.56306,60861.60174109668,gamma_finalPrice,Up,66.0386810966811,10.862417876039176,125429.47396699987,0.99,0.94,0.95
5m,300,btc-up-or-down-5m,btc-updown-5m,btc-updown-5m-1780670400,0x8c00cfdf71677004f34900773fe415335216438c0e64b7ab69625de33bc5d58a,1780670400,1780670700,2026-06-05T14:40:00Z,2026-06-05T14:45:00Z,True,60861.60174109668,60808.05319650496,gamma_finalPrice,Down,-53.54854459172202,8.798411980597525,133260.04247799944,0.01,0.5,0.51
5m,300,btc-up-or-down-5m,btc-updown-5m,btc-updown-5m-1780670700,0xfd728e1099c9078b0568c63d765f782372fd78af103724bcfcc166a71cc8a80f,1780670700,1780671000,2026-06-05T14:45:00Z,2026-06-05T14:50:00Z,True,60808.05319650496,60777.62472377211,gamma_finalPrice,Down,-30.428472732848604,5.004020213328838,136899.03276499978,0.01,0.82,0.83
5m,300,btc-up-or-down-5m,btc-updown-5m,btc-updown-5m-1780671000,0x955e45efeb704d264c0cc01660ebdbf5420aea07f82162766ebdc37df761b2a2,1780671000,1780671300,2026-06-05T14:50:00Z,2026-06-05T14:55:00Z,True,60777.62472377211,60728.724079339314,gamma_finalPrice,Down,-48.90064443279698,8.045830131573132,127103.71772399994,0.01,0.5,0.51
5m,300,btc-up-or-down-5m,btc-updown-5m,btc-updown-5m-1780671300,0x99f86cbdafc37fb90c63389cc65a6bda0e27f3c4d1fcd89bcf287975148c9b10,1780671300,1780671600,2026-06-05T14:55:00Z,2026-06-05T15:00:00Z,True,60728.724079339314,60824.28979236953,gamma_finalPrice,Up,95.56571303021337,15.736492817692188,104514.56848199983,0.99,0.77,0.78
5m,300,btc-up-or-down-5m,btc-updown-5m,btc-updown-5m-1780671600,0x906fb0b000f99e326161707e7a87cb3781d796a10a63f8798b6b3ae95af97e62,1780671600,1780671900,2026-06-05T15:00:00Z,2026-06-05T15:05:00Z,True,60824.28979236953,60955.36684234074,gamma_finalPrice,Up,131.07704997121618,21.550115984693328,129148.06559099979,0.99,0.5,0.51
5m,300,btc-up-or-down-5m,btc-updown-5m,btc-updown-5m-1780671900,0x8efd79367185e1cde7449ccb5bb8cd4c0f94bb7670cea0cd4b26db055c87ef99,1780671900,1780672200,2026-06-05T15:05:00Z,2026-06-05T15:10:00Z,True,60955.36684234074,60713.30268880635,gamma_finalPrice,Down,-242.0641535343966,39.71170482174087,102092.80447699995,0.01,0.09,0.1
5m,300,btc-up-or-down-5m,btc-updown-5m,btc-updown-5m-1780672200,0x3aec67d783aa839582be025adaa1fe73c8f73728dc9a5aa261211618b6f5ad5e,1780672200,1780672500,2026-06-05T15:10:00Z,2026-06-05T15:15:00Z,True,60713.30268880635,60568.21309371675,gamma_finalPrice,Down,-145.0895950895938,23.89749670402032,96158.15689099971,0.01,0.5,0.51
5m,300,btc-up-or-down-5m,btc-updown-5m,btc-updown-5m-1780672500,0x2e252b89c1b87f7208691e43bd7c293b4a82d7dfeec299a6d294e7d1c3734871,1780672500,1780672800,2026-06-05T15:15:00Z,2026-06-05T15:20:00Z,True,60568.21309371675,60815.090859746684,gamma_finalPrice,Up,246.87776602993108,40.760285539205015,117031.205533,0.999,0.97,0.98
5m,300,btc-up-or-down-5m,btc-updown-5m,btc-updown-5m-1780672800,0x962682bc90ff484b0faef50c68e810eac346c7fb08799935b1a2f92fea13c154,1780672800,1780673100,2026-06-05T15:20:00Z,2026-06-05T15:25:00Z,True,60815.090859746684,60869.14458190968,gamma_finalPrice,Up,54.053722162992926,8.888208732213029,109714.58747499977,0.99,0.5,0.51
5m,300,btc-up-or-down-5m,btc-updown-5m,btc-updown-5m-1780673100,0xab1c3b662920103a30593faaa2f3ae13167a796ed653ef77baf1c2dda5989dd9,1780673100,1780673400,2026-06-05T15:25:00Z,2026-06-05T15:30:00Z,True,60869.14458190968,60751.50471625502,gamma_finalPrice,Down,-117.63986565465893,19.32668291343485,133551.52191699986,0.01,0.08,0.09
5m,300,btc-up-or-down-5m,btc-updown-5m,btc-updown-5m-1780673400,0xf5d92b62fe6dbaab7694b924d22495456cbfc51a77084b9e64fc20f0e0ce05d7,1780673400,1780673700,2026-06-05T15:30:00Z,2026-06-05T15:35:00Z,True,60751.50471625502,60581.02800749524,gamma_finalPrice,Down,-170.47670875977929,28.06131462191842,104284.4828919998,0.01,0.5,0.51
5m,300,btc-up-or-down-5m,btc-updown-5m,btc-updown-5m-1780673700,0x0e24133bae6c6c75df3d8c67e26691fe42638fbf56b504aab73ffe641865a6a5,1780673700,1780674000,2026-06-05T15:35:00Z,2026-06-05T15:40:00Z,True,60581.02800749524,60165.34134742219,gamma_finalPrice,Down,-415.68666007305,68.6166401833954,95684.0335329999,0.01,,0.01
5m,300,btc-up-or-down-5m,btc-updown-5m,btc-updown-5m-1780674000,0x637459a4fd8f98848689b6e991931dda94b3be02449b61cf005d62cb9f380468,1780674000,1780674300,2026-06-05T15:40:00Z,2026-06-05T15:45:00Z,True,60165.34134742219,60319.32911480496,gamma_finalPrice,Up,153.9877673827723,25.59409851821109,151215.4958229997,0.99,0.52,0.53
5m,300,btc-up-or-down-5m,btc-updown-5m,btc-updown-5m-1780674300,0x2f474c2a0a08f0d2e95c95bdb63e77c1dab84db628c54a800bf2190130d7db47,1780674300,1780674600,2026-06-05T15:45:00Z,2026-06-05T15:50:00Z,True,60319.32911480496,60547.99313587185,gamma_finalPrice,Up,228.66402106689202,37.908913182983,123279.04783899972,0.99,0.5,0.51
5m,300,btc-up-or-down-5m,btc-updown-5m,btc-updown-5m-1780674600,0x9797cc8a14c157433319dee2e63704c967ec5a6ac01dbbf748a80d396c2cc150,1780674600,1780674900,2026-06-05T15:50:00Z,2026-06-05T15:55:00Z,True,60547.99313587185,60511.53161825352,gamma_finalPrice,Down,-36.461517618336075,6.021920088501551,106136.98907799968,0.01,0.49,0.5
5m,300,btc-up-or-down-5m,btc-updown-5m,btc-updown-5m-1780674900,0x6caf5ea0b127008fd192d2dfda980ae9dd57c43dee7f965989c251698f70101b,1780674900,1780675200,2026-06-05T15:55:00Z,2026-06-05T16:00:00Z,True,60511.53161825352,60406.072927097484,gamma_finalPrice,Down,-105.45869115603273,17.42786677774666,112522.48509499976,0.01,0.31,0.32
5m,300,btc-up-or-down-5m,btc-updown-5m,btc-updown-5m-1780675200,0x9d85cf0a26bb4fcd527155c3b232ba996a3ac3c0ff886957723db7662fa35e14,1780675200,1780675500,2026-06-05T16:00:00Z,2026-06-05T16:05:00Z,True,60406.072927097484,60206.303589467636,gamma_finalPrice,Down,-199.76933762984845,33.071068511761204,82317.58702199979,0.01,0.49,0.5
5m,300,btc-up-or-down-5m,btc-updown-5m,btc-updown-5m-1780675500,0x45de06f1199d4c83073f7fbde128e78cd91573eb15da7fb983b41cd5f17d1bf5,1780675500,1780675800,2026-06-05T16:05:00Z,2026-06-05T16:10:00Z,True,60206.303589467636,60016.612337016544,gamma_finalPrice,Down,-189.6912524510917,31.506875715963385,143261.29216999983,0.01,0.26,0.27
5m,300,btc-up-or-down-5m,btc-updown-5m,btc-updown-5m-1780675800,0xe185564af2f8498e89dd3012f28d77e23e8db1afa7240ed8497c9fccb3d1bcd0,1780675800,1780676100,2026-06-05T16:10:00Z,2026-06-05T16:15:00Z,True,60016.612337016544,60865.99889754711,gamma_finalPrice,Up,849.3865605305691,141.5252423380604,161246.41273999983,0.99,0.5,0.51
5m,300,btc-up-or-down-5m,btc-updown-5m,btc-updown-5m-1780676100,0xba20463d2d5a8d81dc0d23014bd50a43054fd7ea56ac07e2db7e9b393cfe8603,1780676100,1780676400,2026-06-05T16:15:00Z,2026-06-05T16:20:00Z,True,60865.99889754711,60941.734498808284,gamma_finalPrice,Up,75.73560126117081,12.443006380073218,182944.82065299992,0.99,0.47,0.48
5m,300,btc-up-or-down-5m,btc-updown-5m,btc-updown-5m-1780676400,0xc4bbc3d29d8cc9ca0a3cb3b077e4900af3469ed333152f90a13bf459d99488ed,1780676400,1780676700,2026-06-05T16:20:00Z,2026-06-05T16:25:00Z,True,60941.734498808284,61188.558100598035,gamma_finalPrice,Up,246.82360178975068,40.50157151247104,147898.40205099963,0.99,0.48,0.49
5m,300,btc-up-or-down-5m,btc-updown-5m,btc-updown-5m-1780676700,0x097eaa279f4dc7ba099e9d1084f617d54e6d76e67929f002b50dbfa505cf4254,1780676700,1780677000,2026-06-05T16:25:00Z,2026-06-05T16:30:00Z,True,61188.558100598035,60889.271590000004,gamma_finalPrice,Down,-299.2865105980309,48.91216918463483,133142.72501799994,0.01,0.06,0.07
5m,300,btc-up-or-down-5m,btc-updown-5m,btc-updown-5m-1780677000,0xb018924886e91537e9377fb6053e6a114719fad8c96a284e4ab15bf6105ed86a,1780677000,1780677300,2026-06-05T16:30:00Z,2026-06-05T16:35:00Z,True,60889.271590000004,60775.069783787345,gamma_finalPrice,Down,-114.201806212659,18.75565320959015,156985.47616299998,0.01,0.5,0.51
5m,300,btc-up-or-down-5m,btc-updown-5m,btc-updown-5m-1780677300,0x155fa770e74f9f54abb83178ea8ff17c2f823e764d51a9ae8d2a28eb8ba7984e,1780677300,1780677600,2026-06-05T16:35:00Z,2026-06-05T16:40:00Z,True,60775.069783787345,60926.503462582004,gamma_finalPrice,Up,151.4336787946595,24.917071972668747,114175.13897099973,0.99,0.81,0.82
5m,300,btc-up-or-down-5m,btc-updown-5m,btc-updown-5m-1780677600,0xfee9e0e59982cab1484f7e26e082040331279fd0116b70741ef18cbf5e714a36,1780677600,1780677900,2026-06-05T16:40:00Z,2026-06-05T16:45:00Z,True,60926.503462582004,60791.1257425635,gamma_finalPrice,Down,-135.3777200185068,22.21984068093601,97637.50678599997,0.01,0.5,0.51
5m,300,btc-up-or-down-5m,btc-updown-5m,btc-updown-5m-1780677900,0x696d16375417fa7500f8f7328ddd22e5f07fe80607ed0df99fc2aaaeef91524c,1780677900,1780678200,2026-06-05T16:45:00Z,2026-06-05T16:50:00Z,True,60791.1257425635,61103.9405364113,gamma_finalPrice,Up,312.8147938477996,51.45731223542374,106559.42498499963,0.99,0.5,0.51
5m,300,btc-up-or-down-5m,btc-updown-5m,btc-updown-5m-1780678200,0xaa5618f8a5be95178936195d307698050999ff0d35626e0c974259275188edef,1780678200,1780678500,2026-06-05T16:50:00Z,2026-06-05T16:55:00Z,True,61103.9405364113,61341.94498885694,gamma_finalPrice,Up,238.00445244564617,38.95075347944564,101307.98120499952,0.99,0.5,0.51
5m,300,btc-up-or-down-5m,btc-updown-5m,btc-updown-5m-1780678500,0x6cf55c86b18fb78824a9c6bf9e657be1bf854169430bc609f3053b5f4e22b28a,1780678500,1780678800,2026-06-05T16:55:00Z,2026-06-05T17:00:00Z,True,61341.94498885694,61350.39747695789,gamma_finalPrice,Up,8.452488100949267,1.3779295883892666,114706.53942099983,0.99,0.5,0.51
5m,300,btc-up-or-down-5m,btc-updown-5m,btc-updown-5m-1780678800,0xe51c1cd1e79e553bdeaa7d7983935dca5407565edfa418a594c982421ca75a1c,1780678800,1780679100,2026-06-05T17:00:00Z,2026-06-05T17:05:00Z,True,61350.39747695789,61334.98294158574,gamma_finalPrice,Down,-15.414535372154205,2.512540424525143,114211.95679799924,0.01,0.48,0.49
5m,300,btc-up-or-down-5m,btc-updown-5m,btc-updown-5m-1780679100,0x838493d038a03c72ecf12dca4a5bc86168c4712877cc3faf79326cc5b065555f,1780679100,1780679400,2026-06-05T17:05:00Z,2026-06-05T17:10:00Z,True,61334.98294158574,61321.38,gamma_finalPrice,Down,-13.602941585741064,2.217811260939983,131744.9627079998,0.01,0.5,0.51
5m,300,btc-up-or-down-5m,btc-updown-5m,btc-updown-5m-1780679400,0x7db5f3449493320a65a33480c20597742f6fb9eb55aa54bc3a0d3b428e077e2c,1780679400,1780679700,2026-06-05T17:10:00Z,2026-06-05T17:15:00Z,True,61321.38,61004.51221097234,gamma_finalPrice,Down,-316.86778902765946,51.67329714818216,81436.64901099994,0.01,0.5,0.51
5m,300,btc-up-or-down-5m,btc-updown-5m,btc-updown-5m-1780679700,0xaf28afbc1da97debe4f94044b0a514df9647c2947e530d36a615c264ae00cc38,1780679700,1780680000,2026-06-05T17:15:00Z,2026-06-05T17:20:00Z,True,61004.51221097234,60793.38419481567,gamma_finalPrice,Down,-211.1280161566683,34.60859016895714,92677.63695699954,0.01,0.5,0.51
5m,300,btc-up-or-down-5m,btc-updown-5m,btc-updown-5m-1780680000,0x27d0b54c9eedf995ee2f3f082ebf0f1b9b919572dc78609549450176fdf62885,1780680000,1780680300,2026-06-05T17:20:00Z,2026-06-05T17:25:00Z,True,60793.38419481567,60769.45230177192,gamma_finalPrice,Down,-23.931893043751188,3.9365949701138776,110722.84599599955,0.01,0.51,0.52
5m,300,btc-up-or-down-5m,btc-updown-5m,btc-updown-5m-1780680300,0x54a6441dfd1d0431610794fdbb0f31b66d1c6e7fc4ef81ccce27e9edc4b43247,1780680300,1780680600,2026-06-05T17:25:00Z,2026-06-05T17:30:00Z,True,60769.45230177192,60650.01462904681,gamma_finalPrice,Down,-119.4376727251074,19.654228926072587,93258.1156329996,0.01,0.34,0.35
5m,300,btc-up-or-down-5m,btc-updown-5m,btc-updown-5m-1780680600,0x81b97a7c1b36e9439006ba1fc89bba52f7d3a297044b22e4689a2f7f6e301d37,1780680600,1780680900,2026-06-05T17:30:00Z,2026-06-05T17:35:00Z,True,60650.01462904681,60829.442352541344,gamma_finalPrice,Up,179.42772349453298,29.58411874951149,86346.79864500005,0.99,0.51,0.52
5m,300,btc-up-or-down-5m,btc-updown-5m,btc-updown-5m-1780680900,0x8cc7b180b1da9f7c0ceaa51446a423a1a36b9d845144cf9480d2ac8dda69a51d,1780680900,1780681200,2026-06-05T17:35:00Z,2026-06-05T17:40:00Z,True,60829.442352541344,60846.72357474818,gamma_finalPrice,Up,17.28122220683872,2.8409305656106745,120843.12345999965,0.99,0.5,0.51
5m,300,btc-up-or-down-5m,btc-updown-5m,btc-updown-5m-1780681200,0x2927141141c40783b62423d846d52ac2e425e81168abced7a12db325ffd278f2,1780681200,1780681500,2026-06-05T17:40:00Z,2026-06-05T17:45:00Z,True,60846.72357474818,60707.77195829398,gamma_finalPrice,Down,-138.95161645420012,22.83633502196756,126345.0437010001,0.01,0.5,0.51
5m,300,btc-up-or-down-5m,btc-updown-5m,btc-updown-5m-1780681500,0x81f7312adbd36cd5691bc95dac968037c09b37b8465783d0cf1685d3413b3312,1780681500,1780681800,2026-06-05T17:45:00Z,2026-06-05T17:50:00Z,True,60707.77195829398,60622.894527389886,gamma_finalPrice,Down,-84.8774309040964,13.981312139474808,108685.43902999989,0.01,0.42,0.43
5m,300,btc-up-or-down-5m,btc-updown-5m,btc-updown-5m-1780681800,0xa9059bf24a7041a6a820acc698e2a659859138cc0a17aca713bf1e4e73bbccfd,1780681800,1780682100,2026-06-05T17:50:00Z,2026-06-05T17:55:00Z,True,60622.894527389886,60745.68327799259,gamma_finalPrice,Up,122.78875060270366,20.254517960574574,93544.282596,0.99,0.5,0.51
5m,300,btc-up-or-down-5m,btc-updown-5m,btc-updown-5m-1780682100,0x7fcba4126ca6632d2cbb36e25635e783ffe02350fd61c6531bb2c7936a69cc70,1780682100,1780682400,2026-06-05T17:55:00Z,2026-06-05T18:00:00Z,True,60745.68327799259,60765.65378199052,gamma_finalPrice,Up,19.97050399793079,3.287559365583078,109603.03919999966,0.99,0.57,0.58
5m,300,btc-up-or-down-5m,btc-updown-5m,btc-updown-5m-1780682400,0xc888f931def82f86d5a0e90bf4df319c5891ead548854ef0a6067c479efb5e42,1780682400,1780682700,2026-06-05T18:00:00Z,2026-06-05T18:05:00Z,True,60765.65378199052,60707.96807565765,gamma_finalPrice,Down,-57.68570633287163,9.493143370074016,97940.76978999977,0.01,0.5,0.51
5m,300,btc-up-or-down-5m,btc-updown-5m,btc-updown-5m-1780682700,0xa1bff5ffc0de13e6c6b9544cb0a75e50ce03cefd0d14a15c10cee8ef4400446e,1780682700,1780683000,2026-06-05T18:05:00Z,2026-06-05T18:10:00Z,True,60707.96807565765,60685.51826020101,gamma_finalPrice,Down,-22.449815456639044,3.698001459818394,98094.26236100006,0.01,0.83,0.84
5m,300,btc-up-or-down-5m,btc-updown-5m,btc-updown-5m-1780683000,0xade8861ccac6ebab952cce9e6b735a2fac45b2e56274d4cf5159e005f4acbe82,1780683000,1780683300,2026-06-05T18:10:00Z,2026-06-05T18:15:00Z,True,60685.51826020101,60572.416749957505,gamma_finalPrice,Down,-113.10151024350489,18.63731471461776,77849.35871299975,0.01,0.5,0.51
5m,300,btc-up-or-down-5m,btc-updown-5m,btc-updown-5m-1780683300,0x2866d14ddadaa9ebe2393f0f9a6d1a33f3ccc8881bb83b47cc588e9c63a2d215,1780683300,1780683600,2026-06-05T18:15:00Z,2026-06-05T18:20:00Z,True,60572.416749957505,60398.25003254216,gamma_finalPrice,Down,-174.1667174153481,28.753470104108118,105759.7384589998,0.01,0.4,0.41
5m,300,btc-up-or-down-5m,btc-updown-5m,btc-updown-5m-1780683600,0xae08f0f642b6052357974f08dc327ae6e5b4f1ba3fb885f7e4e66650de325237,1780683600,1780683900,2026-06-05T18:20:00Z,2026-06-05T18:25:00Z,True,60398.25003254216,60272.07919419505,gamma_finalPrice,Down,-126.17083834710502,20.88981688693382,110514.6243760003,0.01,0.5,0.51
5m,300,btc-up-or-down-5m,btc-updown-5m,btc-updown-5m-1780683900,0x5901dcdaccff6c11f2e8e26017871d3e4680a44c2ba21975a913f1f90b5d56b9,1780683900,1780684200,2026-06-05T18:25:00Z,2026-06-05T18:30:00Z,True,60272.07919419505,60108.55566724707,gamma_finalPrice,Down,-163.52352694798174,27.130891970909655,98319.81935199993,0.01,0.5,0.51
5m,300,btc-up-or-down-5m,btc-updown-5m,btc-updown-5m-1780684200,0x6936fa6a2aef34e5ce0533fee79468a973aecf78a52b3d90df991870b8efa66a,1780684200,1780684500,2026-06-05T18:30:00Z,2026-06-05T18:35:00Z,True,60108.55566724707,60196.3824776329,gamma_finalPrice,Up,87.82681038582814,14.611365954628093,129397.4727429996,0.99,0.51,0.52
5m,300,btc-up-or-down-5m,btc-updown-5m,btc-updown-5m-1780684500,0x5587aeb0e8c6e3c7a17737aa5ad0662a7bd14f0a4cd7f747be3cca465e9928a6,1780684500,1780684800,2026-06-05T18:35:00Z,2026-06-05T18:40:00Z,True,60196.3824776329,60263.13740952698,gamma_finalPrice,Up,66.75493189408007,11.089525507431302,161236.90990899992,0.99,0.5,0.51
5m,300,btc-up-or-down-5m,btc-updown-5m,btc-updown-5m-1780684800,0x625a95a9fd6838b0d66b1f7f00b55247869bbaf167c256001e3eee66005436fe,1780684800,1780685100,2026-06-05T18:40:00Z,2026-06-05T18:45:00Z,True,60263.13740952698,59903.17459164592,gamma_finalPrice,Down,-359.9628178810599,59.73184161237405,165998.5033259997,0.01,0.49,0.5
5m,300,btc-up-or-down-5m,btc-updown-5m,btc-updown-5m-1780685100,0x21d3a20c81adaca37c946733ae66fba5a8b21bb53b24f2922709114a3fd393fa,1780685100,1780685400,2026-06-05T18:45:00Z,2026-06-05T18:50:00Z,True,59903.17459164592,59734.27210383146,gamma_finalPrice,Down,-168.90248781445553,28.195915987065337,176233.0537479998,0.001,0.01,0.02
5m,300,btc-up-or-down-5m,btc-updown-5m,btc-updown-5m-1780685400,0x25acbddd59bc01bab31d1ea3379d8ec8e5891f9918796258768a33489fc11f89,1780685400,1780685700,2026-06-05T18:50:00Z,2026-06-05T18:55:00Z,True,59734.27210383146,59163.737008580494,gamma_finalPrice,Down,-570.5350952509689,95.51218674921692,127690.97320399975,0.01,0.49,0.5
5m,300,btc-up-or-down-5m,btc-updown-5m,btc-updown-5m-1780685700,0x8bc42ded9d17d64e7c2bcf5b714c9ada1ece3b3f0fe0e0e37cdebeaca2e01ab9,1780685700,1780686000,2026-06-05T18:55:00Z,2026-06-05T19:00:00Z,True,59163.737008580494,59349.377306576964,gamma_finalPrice,Up,185.6402979964696,31.377378675310226,163034.89918599988,0.99,0.5,0.51
5m,300,btc-up-or-down-5m,btc-updown-5m,btc-updown-5m-1780686000,0x6bad2e962abd8843bd19f5e1d2e3fb0496b93b670d1af4763282dbf38f7080a3,1780686000,1780686300,2026-06-05T19:00:00Z,2026-06-05T19:05:00Z,True,59349.377306576964,59364.139162013285,gamma_finalPrice,Up,14.761855436321639,2.4872805926955803,189056.5770509997,0.99,0.5,0.51
5m,300,btc-up-or-down-5m,btc-updown-5m,btc-updown-5m-1780686300,0x5dfe02f0c6ced37875cd3919fd4affa036cab4eb3653dc0f341c99c167153d53,1780686300,1780686600,2026-06-05T19:05:00Z,2026-06-05T19:10:00Z,True,59364.139162013285,59363.40913349116,gamma_finalPrice,Down,-0.7300285221281229,0.12297466659724819,139012.27923899982,0.01,0.5,0.51
5m,300,btc-up-or-down-5m,btc-updown-5m,btc-updown-5m-1780686600,0x2233eecd768a31ac3b5801cea8e8ed8c6a5d9f5183904a9015ee2cdbd33e2edf,1780686600,1780686900,2026-06-05T19:10:00Z,2026-06-05T19:15:00Z,True,59363.40913349116,59361.28821947262,gamma_finalPrice,Down,-2.120914018538315,0.35727631709442287,157786.97083199938,0.01,0.49,0.5
5m,300,btc-up-or-down-5m,btc-updown-5m,btc-updown-5m-1780686900,0x3dd3ce211bc5ab88667d1fb07889f0a8b2ab98bf570b56d522208593269e98c0,1780686900,1780687200,2026-06-05T19:15:00Z,2026-06-05T19:20:00Z,True,59361.28821947262,59200.57042588413,gamma_finalPrice,Down,-160.71779358849017,27.074512432122223,128271.05389299952,0.01,0.5,0.51
5m,300,btc-up-or-down-5m,btc-updown-5m,btc-updown-5m-1780687200,0x212c7e73d0ebccd2a45900ff49f7c58922524628db108aa4fc127a866e6330ce,1780687200,1780687500,2026-06-05T19:20:00Z,2026-06-05T19:25:00Z,True,59200.57042588413,59565.52778104159,gamma_finalPrice,Up,364.95735515745764,61.64760787471875,115025.38873599963,0.99,0.51,0.52
5m,300,btc-up-or-down-5m,btc-updown-5m,btc-updown-5m-1780687500,0xbfd218fbd09000186b3860b1e56de9201ae479177e4ce2bb8482f0af65af6231,1780687500,1780687800,2026-06-05T19:25:00Z,2026-06-05T19:30:00Z,True,59565.52778104159,59818.10483071465,gamma_finalPrice,Up,252.577049673062,42.40322533555251,96102.97435999986,0.99,0.5,0.51
5m,300,btc-up-or-down-5m,btc-updown-5m,btc-updown-5m-1780687800,0x0b26c308824f6918e0583c81547638295f5338354cdc2bcdc4521c1526eda351,1780687800,1780688100,2026-06-05T19:30:00Z,2026-06-05T19:35:00Z,True,59818.10483071465,59667.361734601174,gamma_finalPrice,Down,-150.74309611347417,25.200246069325903,86436.68637699976,0.01,0.5,0.51
5m,300,btc-up-or-down-5m,btc-updown-5m,btc-updown-5m-1780688100,0xb2eeb2999880bf0476b510c03cbe5f7cde339242d39b67e6b1f06496f345e202,1780688100,1780688400,2026-06-05T19:35:00Z,2026-06-05T19:40:00Z,True,59667.361734601174,59773.62954066959,gamma_finalPrice,Up,106.2678060684193,17.81003935469707,109343.5927339999,0.99,0.5,0.51
5m,300,btc-up-or-down-5m,btc-updown-5m,btc-updown-5m-1780688400,0xca148b6fa92b21f72bce447c0134096129dc9fc9ae447dfba983e14b4849030c,1780688400,1780688700,2026-06-05T19:40:00Z,2026-06-05T19:45:00Z,True,59773.62954066959,59710.72823969853,gamma_finalPrice,Down,-62.90130097106157,10.523252721045479,118351.85088599959,0.01,0.5,0.51
5m,300,btc-up-or-down-5m,btc-updown-5m,btc-updown-5m-1780688700,0xd6d691f75d1a2ea3d91345c04a05f7ce87825c93b767f252616fef47e0f5ef48,1780688700,1780689000,2026-06-05T19:45:00Z,2026-06-05T19:50:00Z,True,59710.72823969853,60181.27129042508,gamma_finalPrice,Up,470.54305072654824,78.80377020987474,83368.58135400011,0.999,0.99,1.0
5m,300,btc-up-or-down-5m,btc-updown-5m,btc-updown-5m-1780689000,0xf1aa7da3ddbfd4256fb8ed5244808099591480c85f3ce11bf1d1e87451eaf879,1780689000,1780689300,2026-06-05T19:50:00Z,2026-06-05T19:55:00Z,True,60181.27129042508,60189.13012892037,gamma_finalPrice,Up,7.858838495289092,1.3058611635775534,126971.90258899999,0.99,0.5,0.51
5m,300,btc-up-or-down-5m,btc-updown-5m,btc-updown-5m-1780689300,0x1a5a74155de1891e092da41012334716ed2c3d4f5b00fcbea05c1aee38a01163,1780689300,1780689600,2026-06-05T19:55:00Z,2026-06-05T20:00:00Z,True,60189.13012892037,60277.32125053511,gamma_finalPrice,Up,88.19112161474186,14.652333639951836,106173.92307199987,0.99,0.5,0.51
5m,300,btc-up-or-down-5m,btc-updown-5m,btc-updown-5m-1780689600,0x8e8572f6ef8085ec62dd3473a1dd433534e56feffb19081b3c9b59b543840014,1780689600,1780689900,2026-06-05T20:00:00Z,2026-06-05T20:05:00Z,True,60277.32125053511,60041.517034720775,gamma_finalPrice,Down,-235.8042158143362,39.11988969022787,94069.69985799982,0.01,0.5,0.51
5m,300,btc-up-or-down-5m,btc-updown-5m,btc-updown-5m-1780689900,0xd50e912bb99f271cdb3d67afbe676d5a3ab1c2a61d6345623f2bc326bb6054c7,1780689900,1780690200,2026-06-05T20:05:00Z,2026-06-05T20:10:00Z,True,60041.517034720775,60860.66633330629,gamma_finalPrice,Up,819.1492985855148,136.4304799480362,80191.39615400006,0.99,0.99,1.0
5m,300,btc-up-or-down-5m,btc-updown-5m,btc-updown-5m-1780690200,0x6d8f2f54b97626e78ebe2d1c35c13adeb4d34a9e80435ee1681dc997f841aea0,1780690200,1780690500,2026-06-05T20:10:00Z,2026-06-05T20:15:00Z,True,60860.66633330629,60817.40372802937,gamma_finalPrice,Down,-43.2626052769192,7.108467238920705,108355.19753799983,0.01,0.5,0.51
5m,300,btc-up-or-down-5m,btc-updown-5m,btc-updown-5m-1780690500,0x57e155f04c904b5dda0e4e729509d8fd55ed3c94c539c5f7e075c6da92438220,1780690500,1780690800,2026-06-05T20:15:00Z,2026-06-05T20:20:00Z,True,60817.40372802937,60934.38444195201,gamma_finalPrice,Up,116.98071392263955,19.234743141250828,130177.38781000023,0.99,0.5,0.51
5m,300,btc-up-or-down-5m,btc-updown-5m,btc-updown-5m-1780690800,0xd2b2060fe80e256379504e52fd9ffbe6262e3596c1476123e5fadc60ea3413b9,1780690800,1780691100,2026-06-05T20:20:00Z,2026-06-05T20:25:00Z,True,60934.38444195201,60859.194714994665,gamma_finalPrice,Down,-75.18972695734556,12.339457868647813,113921.21459199986,0.01,0.5,0.51
5m,300,btc-up-or-down-5m,btc-updown-5m,btc-updown-5m-1780691100,0x3aab90b90af108cbbe5c2c52d45a49a24dfbe8dcf11162b7eddcf39bac7bc295,1780691100,1780691400,2026-06-05T20:25:00Z,2026-06-05T20:30:00Z,True,60859.194714994665,60921.26435273838,gamma_finalPrice,Up,62.06963774371252,10.198892383375494,92757.68615700012,0.99,0.92,0.93
5m,300,btc-up-or-down-5m,btc-updown-5m,btc-updown-5m-1780691400,0x747ed2662f04a820e64368d6ba6e2d3d900eff056bffcec9795d5b08b98952ac,1780691400,1780691700,2026-06-05T20:30:00Z,2026-06-05T20:35:00Z,True,60921.26435273838,61029.91810967563,gamma_finalPrice,Up,108.65375693725218,17.835111941889345,102350.61487599983,0.99,0.5,0.51
5m,300,btc-up-or-down-5m,btc-updown-5m,btc-updown-5m-1780691700,0xcc468e0be0decdd2a1cbc2e97aee5e9461be521d96c644fd78d2b841b7ea8c7d,1780691700,1780692000,2026-06-05T20:35:00Z,2026-06-05T20:40:00Z,True,61029.91810967563,61202.485705,gamma_finalPrice,Up,172.5675953243699,28.275901503628464,107214.84367699985,0.99,0.5,0.51
5m,300,btc-up-or-down-5m,btc-updown-5m,btc-updown-5m-1780692000,0x76c25d2f607cc0ae03ba53614e0f491e6f5a4b38cbe38d017a64a1e9eeeb5a07,1780692000,1780692300,2026-06-05T20:40:00Z,2026-06-05T20:45:00Z,True,61202.485705,61245.88636507297,gamma_finalPrice,Up,43.40066007296991,7.0913231011831686,96040.30808900004,0.99,0.47,0.48
5m,300,btc-up-or-down-5m,btc-updown-5m,btc-updown-5m-1780692300,0x7e8fec8dd259ae832c46de8759303df8c3bbcbbcc6f87ccc47703c6e37d26be7,1780692300,1780692600,2026-06-05T20:45:00Z,2026-06-05T20:50:00Z,True,61245.88636507297,61425.23719265784,gamma_finalPrice,Up,179.3508275848726,29.283734505171928,110834.98219400005,0.99,0.58,0.59
5m,300,btc-up-or-down-5m,btc-updown-5m,btc-updown-5m-1780692600,0x13aab5a2884383cce45e50eb17a2b8aefd620b241858cb72540f69e1bb2e1561,1780692600,1780692900,2026-06-05T20:50:00Z,2026-06-05T20:55:00Z,True,61425.23719265784,61487.90062,gamma_finalPrice,Up,62.663427342158684,10.201576779527493,125634.25479799951,0.99,0.48,0.49
5m,300,btc-up-or-down-5m,btc-updown-5m,btc-updown-5m-1780692900,0x9b1be339dcdb1479a8cc10c95d8c2fea95c8847fab4547a28aeb9f5c9c83783a,1780692900,1780693200,2026-06-05T20:55:00Z,2026-06-05T21:00:00Z,True,61487.90062,61598.971633932524,gamma_finalPrice,Up,111.07101393252378,18.063881318529848,103976.20985499989,0.99,0.5,0.51
5m,300,btc-up-or-down-5m,btc-updown-5m,btc-updown-5m-1780693200,0xca8679fd1092a932f1e340e217889befabd9b940414e76f16daf80125e5ab7fa,1780693200,1780693500,2026-06-05T21:00:00Z,2026-06-05T21:05:00Z,True,61598.971633932524,61806.27355329776,gamma_finalPrice,Up,207.30191936523624,33.65347080746418,105223.42339999999,0.99,0.44,0.45
5m,300,btc-up-or-down-5m,btc-updown-5m,btc-updown-5m-1780693500,0x82291396b335c22ab23c148bd95223bb63cbbb5b15a3ff347c1657a1edba0555,1780693500,1780693800,2026-06-05T21:05:00Z,2026-06-05T21:10:00Z,True,61806.27355329776,61800.72726605809,gamma_finalPrice,Down,-5.546287239667436,0.8973663870682438,121493.45342699993,0.01,0.59,0.6
5m,300,btc-up-or-down-5m,btc-updown-5m,btc-updown-5m-1780693800,0x7589d6fca9a1a1f06a8c37573c8535749569b7a85455b3c2a5b75e154f234cfe,1780693800,1780694100,2026-06-05T21:10:00Z,2026-06-05T21:15:00Z,True,61800.72726605809,61834.03917710156,gamma_finalPrice,Up,33.311911043463624,5.390213435523604,106966.8704859999,0.99,0.45,0.46
5m,300,btc-up-or-down-5m,btc-updown-5m,btc-updown-5m-1780694100,0x39a1353b98312956d3e1262faf660144c159c1cff0f6f61f9a94629d1362dc72,1780694100,1780694400,2026-06-05T21:15:00Z,2026-06-05T21:20:00Z,True,61834.03917710156,61715.521164573256,gamma_finalPrice,Down,-118.51801252830046,19.167114764870508,95977.392235,0.01,0.38,0.39
5m,300,btc-up-or-down-5m,btc-updown-5m,btc-updown-5m-1780694400,0x7287f374cd310d42ee7d7f04428010ea09025a74e1e04d1875d16ee57280f884,1780694400,1780694700,2026-06-05T21:20:00Z,2026-06-05T21:25:00Z,True,61715.521164573256,61556.96784483952,gamma_finalPrice,Down,-158.5533197337354,25.690995837324344,73506.83130999994,0.01,0.46,0.47
5m,300,btc-up-or-down-5m,btc-updown-5m,btc-updown-5m-1780694700,0x2f5b78b128baf68d0670e46eb5f81610121ac6045657caf2bf05ee526776fd0d,1780694700,1780695000,2026-06-05T21:25:00Z,2026-06-05T21:30:00Z,True,61556.96784483952,61553.21410714132,gamma_finalPrice,Down,-3.753737698199984,0.609798992643961,127646.22501499961,0.01,0.5,0.51
5m,300,btc-up-or-down-5m,btc-updown-5m,btc-updown-5m-1780695000,0x6423b5f02f1fa10ff1fd576163ed222a10597623b69fed2aa4ae64de0c5a4fac,1780695000,1780695300,2026-06-05T21:30:00Z,2026-06-05T21:35:00Z,True,61553.21410714132,61481.82425305898,gamma_finalPrice,Down,-71.38985408234294,11.59807089164827,82078.46131399991,0.01,0.5,0.51
5m,300,btc-up-or-down-5m,btc-updown-5m,btc-updown-5m-1780695300,0x8bbb073a00e540933b9626b57e07181ed35473133080a788f2ce51f018302012,1780695300,1780695600,2026-06-05T21:35:00Z,2026-06-05T21:40:00Z,True,61481.82425305898,61805.596144980664,gamma_finalPrice,Up,323.7718919216859,52.66139966651639,64566.59864400006,0.99,0.99,1.0
5m,300,btc-up-or-down-5m,btc-updown-5m,btc-updown-5m-1780695600,0xc4e57d6391fe4205ca8f24e554184dcc580cc29832d0a84a15a4cedd2b3568f5,1780695600,1780695900,2026-06-05T21:40:00Z,2026-06-05T21:45:00Z,True,61805.596144980664,61847.27426877526,gamma_finalPrice,Up,41.67812379459792,6.7434223426680235,83495.53409599989,0.99,0.5,0.51
5m,300,btc-up-or-down-5m,btc-updown-5m,btc-updown-5m-1780695900,0x1169626292049a0715aedaa25f2c9f0ef4390f2316b1c12070ddad9cee45d734,1780695900,1780696200,2026-06-05T21:45:00Z,2026-06-05T21:50:00Z,True,61847.27426877526,61771.84763237826,gamma_finalPrice,Down,-75.42663639700186,12.195628229178467,80787.03938399989,0.01,0.56,0.57
5m,300,btc-up-or-down-5m,btc-updown-5m,btc-updown-5m-1780696200,0x340e61ce90e3135ee5f89a50bbcaa2d36880304130c134dbb979d3ee19c220a2,1780696200,1780696500,2026-06-05T21:50:00Z,2026-06-05T21:55:00Z,True,61771.84763237826,61710.82516451958,gamma_finalPrice,Down,-61.02246785868192,9.878685873513755,76672.18612500002,0.01,0.48,0.49
5m,300,btc-up-or-down-5m,btc-updown-5m,btc-updown-5m-1780696500,0x7fc4a28d7140091c1f42aee7da9983746040d4ce1c9a68823e1375aae86af3a4,1780696500,1780696800,2026-06-05T21:55:00Z,2026-06-05T22:00:00Z,True,61710.82516451958,61658.7722,gamma_finalPrice,Down,-52.05296451957838,8.434981120541886,63468.45423800002,0.01,0.5,0.51
5m,300,btc-up-or-down-5m,btc-updown-5m,btc-updown-5m-1780696800,0xb7ebfd88a2c90f2d14da30f27b13d810db0afc94541691d09dd84b6d352694e9,1780696800,1780697100,2026-06-05T22:00:00Z,2026-06-05T22:05:00Z,True,61658.7722,61407.8256960715,gamma_finalPrice,Down,-250.94650392849871,40.69923791451993,54290.1856909999,0.01,0.5,0.51
5m,300,btc-up-or-down-5m,btc-updown-5m,btc-updown-5m-1780697100,0x0a84265862d8341a13502e08dcbf5ffaf861638c6983b72622975d9419577fe3,1780697100,1780697400,2026-06-05T22:05:00Z,2026-06-05T22:10:00Z,True,61407.8256960715,61383.738940390984,gamma_finalPrice,Down,-24.086755680516944,3.922424447940984,108283.24525999991,0.01,0.48,0.49
5m,300,btc-up-or-down-5m,btc-updown-5m,btc-updown-5m-1780697400,0x1f99ce892dc74417ddcf2909935fd9890ef49c4e1e19c43e7139b0e0ef833782,1780697400,1780697700,2026-06-05T22:10:00Z,2026-06-05T22:15:00Z,True,61383.738940390984,61378.49627424158,gamma_finalPrice,Down,-5.242666149402794,0.8540806148178567,100436.82830400021,0.01,0.5,0.51
5m,300,btc-up-or-down-5m,btc-updown-5m,btc-updown-5m-1780697700,0xd96f92b60c7b38c16a32f37de985f2c433f831382ebe83430bfbd56524bdf5b8,1780697700,1780698000,2026-06-05T22:15:00Z,2026-06-05T22:20:00Z,True,61378.49627424158,61615.18515039252,gamma_finalPrice,Up,236.6888761509399,38.56218228178881,94441.46726399982,0.99,0.98,0.99
5m,300,btc-up-or-down-5m,btc-updown-5m,btc-updown-5m-1780698000,0x38a17dda8b9d78c033b29d46ac778525d94be164d8ab8b7cdac94ad78edc5945,1780698000,1780698300,2026-06-05T22:20:00Z,2026-06-05T22:25:00Z,True,61615.18515039252,61517.50370585943,gamma_finalPrice,Down,-97.68144453308923,15.853469285966586,76724.61598300011,0.01,0.5,0.51
5m,300,btc-up-or-down-5m,btc-updown-5m,btc-updown-5m-1780698300,0xa9d66c69a053effec14bf30aad0e2eeb69c78bbea178e707dc7a22cab328a147,1780698300,1780698600,2026-06-05T22:25:00Z,2026-06-05T22:30:00Z,True,61517.50370585943,61467.69883376116,gamma_finalPrice,Down,-49.8048720982697,8.096048945094935,98163.84982799977,0.01,0.71,0.72
5m,300,btc-up-or-down-5m,btc-updown-5m,btc-updown-5m-1780698600,0x05dd2487d2291c4afaa35bc7142d5e32631dc67f099f55dfd328e9d75d567935,1780698600,1780698900,2026-06-05T22:30:00Z,2026-06-05T22:35:00Z,True,61467.69883376116,61613.829123189294,gamma_finalPrice,Up,146.13028942813253,23.77350904632701,86025.3023940002,0.99,0.5,0.51
5m,300,btc-up-or-down-5m,btc-updown-5m,btc-updown-5m-1780698900,0xda7a45d38c871a05fc20edc6e907357aa1cfeeca2fa80b4b8e2a9f6135d3e5c9,1780698900,1780699200,2026-06-05T22:35:00Z,2026-06-05T22:40:00Z,True,61613.829123189294,61811.180215,gamma_finalPrice,Up,197.35109181070584,32.030324136506195,85064.593563,0.99,0.5,0.51
5m,300,btc-up-or-down-5m,btc-updown-5m,btc-updown-5m-1780699200,0x0543fbd7858a90762deeac14a7e2588b3fbd10168661b7d28f01fa10fe55e467,1780699200,1780699500,2026-06-05T22:40:00Z,2026-06-05T22:45:00Z,True,61811.180215,61738.59096755525,gamma_finalPrice,Down,-72.58924744475371,11.743708369952488,78851.72364399991,0.01,0.5,0.51
5m,300,btc-up-or-down-5m,btc-updown-5m,btc-updown-5m-1780699500,0x790d2ed8423f41c901de8c60899d95acda1c6d67f6875dc347874243b0c3d013,1780699500,1780699800,2026-06-05T22:45:00Z,2026-06-05T22:50:00Z,True,61738.59096755525,61818.1855481554,gamma_finalPrice,Up,79.59458060015459,12.892192606401235,80505.56050400014,0.99,0.39,0.4
5m,300,btc-up-or-down-5m,btc-updown-5m,btc-updown-5m-1780699800,0xf2a371bc53febaa7befbf92188752b586c02eb5cf8a28cdc9d5085a8450c01bc,1780699800,1780700100,2026-06-05T22:50:00Z,2026-06-05T22:55:00Z,True,61818.1855481554,61942.45730196913,gamma_finalPrice,Up,124.27175381372945,20.102782492204287,87536.96046099994,0.99,0.49,0.5
5m,300,btc-up-or-down-5m,btc-updown-5m,btc-updown-5m-1780700100,0x31514e27bee2a12f254cbdec54137af9cdb9059530cff172a48569b3df4c8a25,1780700100,1780700400,2026-06-05T22:55:00Z,2026-06-05T23:00:00Z,True,61942.45730196913,61567.698805811924,gamma_finalPrice,Down,-374.75849615720654,60.50107026433597,74647.75840299994,0.01,0.5,0.51
5m,300,btc-up-or-down-5m,btc-updown-5m,btc-updown-5m-1780700400,0xd2ddfe448541e0a10a629bef21a5ecd092c4b64110f1194b05172230e178114b,1780700400,1780700700,2026-06-05T23:00:00Z,2026-06-05T23:05:00Z,True,61567.698805811924,61608.06245425846,gamma_finalPrice,Up,40.36364844653872,6.555978090694603,115699.84465699962,0.99,0.45,0.46
5m,300,btc-up-or-down-5m,btc-updown-5m,btc-updown-5m-1780700700,0x34f9cd1713a6215db392a3505b6db987972f4a18e4b9975b3ada516e49ac34a0,1780700700,1780701000,2026-06-05T23:05:00Z,2026-06-05T23:10:00Z,True,61608.06245425846,61396.32020675822,gamma_finalPrice,Down,-211.74224750024587,34.36924309337857,62991.69091899993,0.01,0.5,0.51
5m,300,btc-up-or-down-5m,btc-updown-5m,btc-updown-5m-1780701000,0xa30deb6f116b7f58341a520ad2383401d80adf1bdd8966e6ec5e6f0a5dc576b6,1780701000,1780701300,2026-06-05T23:10:00Z,2026-06-05T23:15:00Z,True,61396.32020675822,61289.032176598834,gamma_finalPrice,Down,-107.2880301593832,17.474667829941612,72026.0502109999,0.01,0.43,0.44
5m,300,btc-up-or-down-5m,btc-updown-5m,btc-updown-5m-1780701300,0xc7b2ca928b529982321e663157be7113c2ef05b93fc5bcbc04efbb96c87745c9,1780701300,1780701600,2026-06-05T23:15:00Z,2026-06-05T23:20:00Z,True,61289.032176598834,61135.669251789455,gamma_finalPrice,Down,-153.36292480937846,25.022898773711578,73151.37628099984,0.01,0.13,0.14
5m,300,btc-up-or-down-5m,btc-updown-5m,btc-updown-5m-1780701600,0xda1fb60706e65abc9a6126d6af1935232bda625589824070702c687cca3e177d,1780701600,1780701900,2026-06-05T23:20:00Z,2026-06-05T23:25:00Z,True,61135.669251789455,60945.582699685554,gamma_finalPrice,Down,-190.08655210390134,31.09257728430567,87912.47703499986,0.01,0.5,0.51
5m,300,btc-up-or-down-5m,btc-updown-5m,btc-updown-5m-1780701900,0x8ba58844d75993d3e114407882542798983e0b30b3fdf5b08ac048f7e8869868,1780701900,1780702200,2026-06-05T23:25:00Z,2026-06-05T23:30:00Z,True,60945.582699685554,60926.25142041279,gamma_finalPrice,Down,-19.33127927276655,3.171891778937129,103816.78892399983,0.01,0.64,0.65
5m,300,btc-up-or-down-5m,btc-updown-5m,btc-updown-5m-1780702200,0x72e0879853dda2c0608f7d167d59fa272c61b9523073e2421f6f11f9bf1503ad,1780702200,1780702500,2026-06-05T23:30:00Z,2026-06-05T23:35:00Z,True,60926.25142041279,60551.076723604754,gamma_finalPrice,Down,-375.17469680803333,61.57849663508667,112382.65140000003,0.01,0.5,0.51
5m,300,btc-up-or-down-5m,btc-updown-5m,btc-updown-5m-1780702500,0xcb8137220d926f8e3025be9d982614574a8bb0507cd067d6e17fab3e47ecf9c4,1780702500,1780702800,2026-06-05T23:35:00Z,2026-06-05T23:40:00Z,True,60551.076723604754,60724.92089338974,gamma_finalPrice,Up,173.84416978498484,28.71033500833104,71666.22035499995,0.99,0.5,0.51
5m,300,btc-up-or-down-5m,btc-updown-5m,btc-updown-5m-1780702800,0xae7e74be3ec0782e9607b934f062acff8772ef2f1fffb385e986a311cd7c96ba,1780702800,1780703100,2026-06-05T23:40:00Z,2026-06-05T23:45:00Z,True,60724.92089338974,60784.61096098436,gamma_finalPrice,Up,59.69006759462354,9.82958342579268,74206.00500599986,0.99,0.49,0.5
5m,300,btc-up-or-down-5m,btc-updown-5m,btc-updown-5m-1780703100,0xe9d4ef43c9ef252fae74d9355bd9dad6e2a489f4f4efe3531caa3624f5322ebc,1780703100,1780703400,2026-06-05T23:45:00Z,2026-06-05T23:50:00Z,True,60784.61096098436,60799.58293008376,gamma_finalPrice,Up,14.97196909939521,2.4631183555662175,85917.61766300004,0.99,0.5,0.51
5m,300,btc-up-or-down-5m,btc-updown-5m,btc-updown-5m-1780703400,0x7a9f71f654af6201e81eebd502173c3543c2646eb858ea3b88955fe77e8859b1,1780703400,1780703700,2026-06-05T23:50:00Z,2026-06-05T23:55:00Z,True,60799.58293008376,60991.79185,gamma_finalPrice,Up,192.20891991624376,31.613526056136543,54520.12570199997,0.99,0.5,0.51
5m,300,btc-up-or-down-5m,btc-updown-5m,btc-updown-5m-1780703700,0xd3e3e5bc013a41e8b57441abfcbfc437c25eb8b1a69bbc6aa35eae7528454e98,1780703700,1780704000,2026-06-05T23:55:00Z,2026-06-06T00:00:00Z,True,60991.79185,61035.057155475726,gamma_finalPrice,Up,43.265305475724745,7.093627546167058,71120.7284269999,0.99,0.5,0.51
5m,300,btc-up-or-down-5m,btc-updown-5m,btc-updown-5m-1780704000,0xb0848568cf834bd4cda94f7ac3ad01633b7837f70c39eaf3b43c3b59871d82b2,1780704000,1780704300,2026-06-06T00:00:00Z,2026-06-06T00:05:00Z,True,61035.057155475726,61367.31273,gamma_finalPrice,Up,332.25557452427165,54.43684171179047,54711.05772899995,0.99,0.5,0.51
5m,300,btc-up-or-down-5m,btc-updown-5m,btc-updown-5m-1780704300,0x315610fdc71d9723cb7e85c259b98794362336eee7cfd5cc0301ce952933938d,1780704300,1780704600,2026-06-06T00:05:00Z,2026-06-06T00:10:00Z,True,61367.31273,61421.822421618905,gamma_finalPrice,Up,54.5096916189068,8.882528693856138,66628.18595700001,0.99,0.5,0.51
5m,300,btc-up-or-down-5m,btc-updown-5m,btc-updown-5m-1780704600,0xa5f512664b78606f7650ecb42027ad8ff454598dab77fc7f3fb4d4e4f648467e,1780704600,1780704900,2026-06-06T00:10:00Z,2026-06-06T00:15:00Z,True,61421.822421618905,61402.44620633414,gamma_finalPrice,Down,-19.37621528476302,3.1546141942449255,52150.76562100001,0.01,0.5,0.51
5m,300,btc-up-or-down-5m,btc-updown-5m,btc-updown-5m-1780704900,0x403b1289726fe304a8d6f5c5cf442bea4d4c8723b996345515cd786c165a0b34,1780704900,1780705200,2026-06-06T00:15:00Z,2026-06-06T00:20:00Z,True,61402.44620633414,61272.40151370467,gamma_finalPrice,Down,-130.04469262946805,21.179073581608044,78344.87744499995,0.01,0.15,0.16
5m,300,btc-up-or-down-5m,btc-updown-5m,btc-updown-5m-1780705200,0x0e6d8d65464ac100093a3e0655a030d95a42db7ec2567958d3052d05dbbbd2c2,1780705200,1780705500,2026-06-06T00:20:00Z,2026-06-06T00:25:00Z,True,61272.40151370467,61136.87796118998,gamma_finalPrice,Down,-135.5235525146927,22.11820479802484,68306.72534600008,0.01,0.47,0.48
5m,300,btc-up-or-down-5m,btc-updown-5m,btc-updown-5m-1780705500,0xffb8070148487efc624c567e04ec9a55f85235d12b62017eab3d277e65a98004,1780705500,1780705800,2026-06-06T00:25:00Z,2026-06-06T00:30:00Z,True,61136.87796118998,61289.82581858661,gamma_finalPrice,Up,152.9478573966262,25.01728293906639,63474.12530099999,0.99,0.5,0.51
5m,300,btc-up-or-down-5m,btc-updown-5m,btc-updown-5m-1780705800,0x4221d71a5462141ce60f0bec969ac04bd0a70f4549a24aa5d5622daffa8dec28,1780705800,1780706100,2026-06-06T00:30:00Z,2026-06-06T00:35:00Z,True,61289.82581858661,61332.691665031416,gamma_finalPrice,Up,42.865846444808994,6.993957948532724,68543.82826300009,0.99,0.5,0.51
5m,300,btc-up-or-down-5m,btc-updown-5m,btc-updown-5m-1780706100,0x9ca25d71c4dab8476745903e8dc37bac22858983169fed671c2d19815ecc7503,1780706100,1780706400,2026-06-06T00:35:00Z,2026-06-06T00:40:00Z,True,61332.691665031416,61286.85747465657,gamma_finalPrice,Down,-45.834190374844184,7.473044004846172,55332.46892999982,0.01,0.5,0.51
5m,300,btc-up-or-down-5m,btc-updown-5m,btc-updown-5m-1780706400,0xd56c389a9e681e014344351fbf4d00179e579929d2ee4a259caede70c161dddf,1780706400,1780706700,2026-06-06T00:40:00Z,2026-06-06T00:45:00Z,True,61286.85747465657,61180.02329419804,gamma_finalPrice,Down,-106.83418045852886,17.43182549418643,42517.998108999986,0.01,0.5,0.51
5m,300,btc-up-or-down-5m,btc-updown-5m,btc-updown-5m-1780706700,0x920dcad3c6c9eddd814241b128e656203f91aeb91f04c18ace42d93cdbe1f7fd,1780706700,1780707000,2026-06-06T00:45:00Z,2026-06-06T00:50:00Z,True,61180.02329419804,61228.20156687757,gamma_finalPrice,Up,48.17827267952816,7.8748372565750735,45304.95870899988,0.99,0.94,0.95
5m,300,btc-up-or-down-5m,btc-updown-5m,btc-updown-5m-1780707000,0x8eb778088a2260bcb576b277de33f49e77366adcd762b1364229fe74608faea2,1780707000,1780707300,2026-06-06T00:50:00Z,2026-06-06T00:55:00Z,True,61228.20156687757,61309.441846354144,gamma_finalPrice,Up,81.24027947657305,13.268441240730702,39857.34853900001,0.99,0.5,0.51
5m,300,btc-up-or-down-5m,btc-updown-5m,btc-updown-5m-1780707300,0x580210b948a02dc2e2a502f6e3c4120f88d0c01b76558fe356be473219808325,1780707300,1780707600,2026-06-06T00:55:00Z,2026-06-06T01:00:00Z,True,61309.441846354144,61249.17785900853,gamma_finalPrice,Down,-60.263987345613714,9.829479037933437,45207.60468599995,0.01,0.5,0.51
5m,300,btc-up-or-down-5m,btc-updown-5m,btc-updown-5m-1780707600,0xc9e63b14883da6e4434f3971e853c6d806161e08d50552a4974792ab84d483f6,1780707600,1780707900,2026-06-06T01:00:00Z,2026-06-06T01:05:00Z,True,61249.17785900853,61344.48378195561,gamma_finalPrice,Up,95.30592294708185,15.560359547432563,36757.43609099998,0.99,0.5,0.51
5m,300,btc-up-or-down-5m,btc-updown-5m,btc-updown-5m-1780707900,0xc6bd7683eb3715bf364bb7ae5557dbbe462d3334f6b66877a16b39be79fa6b3b,1780707900,1780708200,2026-06-06T01:05:00Z,2026-06-06T01:10:00Z,True,61344.48378195561,61303.576345910544,gamma_finalPrice,Down,-40.90743604506861,6.668478324876126,41399.77316300005,0.01,0.5,0.51
5m,300,btc-up-or-down-5m,btc-updown-5m,btc-updown-5m-1780708200,0xf0fdd2bb09b398f98b0a39709cc36542e25f2ca325886fdca1229b5aaac78c98,1780708200,1780708500,2026-06-06T01:10:00Z,2026-06-06T01:15:00Z,True,61303.576345910544,61124.51634434445,gamma_finalPrice,Down,-179.06000156609662,29.208736625043798,109974.06866299988,0.01,0.5,0.51
5m,300,btc-up-or-down-5m,btc-updown-5m,btc-updown-5m-1780708500,0x5ab77030dd550dc49198e11cd44e2f3aca45ddaa8344687d08d2b87bd2d36a2f,1780708500,1780708800,2026-06-06T01:15:00Z,2026-06-06T01:20:00Z,True,61124.51634434445,61079.30762890915,gamma_finalPrice,Down,-45.20871543529938,7.396167387340371,53841.94825699991,0.01,0.5,0.51
5m,300,btc-up-or-down-5m,btc-updown-5m,btc-updown-5m-1780708800,0x4032bbcaf26bb76c91694cb8d7230a14d7494c7e153ef203e4065b306449f959,1780708800,1780709100,2026-06-06T01:20:00Z,2026-06-06T01:25:00Z,True,61079.30762890915,60976.481271740064,gamma_finalPrice,Down,-102.82635716908408,16.834892398226177,35260.41298399998,0.01,0.5,0.51
5m,300,btc-up-or-down-5m,btc-updown-5m,btc-updown-5m-1780709100,0xcf88903552fd1600b4ad4e28f1e8dd32e79cd094747bb9efb9e9f1b967c82c71,1780709100,1780709400,2026-06-06T01:25:00Z,2026-06-06T01:30:00Z,True,60976.481271740064,61273.65033182503,gamma_finalPrice,Up,297.1690600849688,48.7350292911529,32159.609388999976,0.99,0.5,0.51
5m,300,btc-up-or-down-5m,btc-updown-5m,btc-updown-5m-1780709400,0x45dd68115f830cae4130a7fa91c9067760a4f2c5d0417b53b51d8d0df477f556,1780709400,1780709700,2026-06-06T01:30:00Z,2026-06-06T01:35:00Z,True,61273.65033182503,61256.90693999999,gamma_finalPrice,Down,-16.743391825038998,2.7325598743286585,47115.36960799998,0.01,0.5,0.51
5m,300,btc-up-or-down-5m,btc-updown-5m,btc-updown-5m-1780709700,0xe381e89cc3b76420c848f727b2b25df34a0614acc66d4aae2b21f20abe785cf1,1780709700,1780710000,2026-06-06T01:35:00Z,2026-06-06T01:40:00Z,True,61256.90693999999,61106.31680619933,gamma_finalPrice,Down,-150.59013380066608,24.583372116415593,39130.714866,0.01,0.5,0.51
5m,300,btc-up-or-down-5m,btc-updown-5m,btc-updown-5m-1780710000,0x4c471c88cae7fd06ea459919b9c36efccf871252f7c8e891b2fb29ed8ff819d1,1780710000,1780710300,2026-06-06T01:40:00Z,2026-06-06T01:45:00Z,True,61106.31680619933,61034.40541845895,gamma_finalPrice,Down,-71.91138774037972,11.768241239027551,43799.79144000001,0.01,0.5,0.51
5m,300,btc-up-or-down-5m,btc-updown-5m,btc-updown-5m-1780710300,0x6172efa1e71d680ee2166171124dac0120fa02e50527813ff77c41145c11fecc,1780710300,1780710600,2026-06-06T01:45:00Z,2026-06-06T01:50:00Z,True,61034.40541845895,61058.0263194383,gamma_finalPrice,Up,23.620900979352882,3.870096024923197,56817.279143000014,0.99,0.5,0.51
5m,300,btc-up-or-down-5m,btc-updown-5m,btc-updown-5m-1780710600,0x25205b98d63c8b833341a5031a634c54dbb756ea60870a64c643e03956568bed,1780710600,1780710900,2026-06-06T01:50:00Z,2026-06-06T01:55:00Z,True,61058.0263194383,61148.121805,gamma_finalPrice,Up,90.09548556170193,14.755715340412063,62820.11765800002,0.99,0.5,0.51
5m,300,btc-up-or-down-5m,btc-updown-5m,btc-updown-5m-1780710900,0xf590c3cd12c2873a2a2c1211229f4e327f1d5bd9757b5d05def60d0eb42c6d81,1780710900,1780711200,2026-06-06T01:55:00Z,2026-06-06T02:00:00Z,True,61148.121805,61037.25833638643,gamma_finalPrice,Down,-110.86346861357015,18.130314610007368,45357.58056699999,0.01,0.5,0.51
5m,300,btc-up-or-down-5m,btc-updown-5m,btc-updown-5m-1780711200,0xb2e9098fdb38906ab8d048e05fa3dd9091d9d4a31b360478d8cadb6b65b67fdc,1780711200,1780711500,2026-06-06T02:00:00Z,2026-06-06T02:05:00Z,True,61037.25833638643,60964.67127377181,gamma_finalPrice,Down,-72.58706261462066,11.892254762588017,49534.94546900002,0.01,0.5,0.51
5m,300,btc-up-or-down-5m,btc-updown-5m,btc-updown-5m-1780711500,0xd6ad806b5a4d7874877862925e43a102f586cb58f0d9b5debd70e8b1c6d6599d,1780711500,1780711800,2026-06-06T02:05:00Z,2026-06-06T02:10:00Z,True,60964.67127377181,61008.84319276898,gamma_finalPrice,Up,44.171918997169996,7.245494492836479,,,0.5,0.51
5m,300,btc-up-or-down-5m,btc-updown-5m,btc-updown-5m-1780711800,0x4bdfdd07d2d9c0eb3c2eb06c1796a3bae50a593ccbe44f05552376f6c6a5e227,1780711800,1780712100,2026-06-06T02:10:00Z,2026-06-06T02:15:00Z,True,61008.84319276898,60864.69117778738,gamma_finalPrice,Down,-144.15201498159877,23.628052498245737,47900.03636499998,0.01,0.52,0.53
5m,300,btc-up-or-down-5m,btc-updown-5m,btc-updown-5m-1780712100,0x9de261b2384a8878db7be9e5067df986c8e78a0d50e7988b7e46f7d8fc51a06d,1780712100,1780712400,2026-06-06T02:15:00Z,2026-06-06T02:20:00Z,True,60864.69117778738,60662.24600273496,gamma_finalPrice,Down,-202.44517505242402,33.261513553248186,75575.15934999994,0.01,0.5,0.51
5m,300,btc-up-or-down-5m,btc-updown-5m,btc-updown-5m-1780712400,0xc86888376658fd903cf8334fa018c96f9bb08eca4f83598b00499a74ba963a0c,1780712400,1780712700,2026-06-06T02:20:00Z,2026-06-06T02:25:00Z,True,60662.24600273496,60839.46773493319,gamma_finalPrice,Up,177.22173219823162,29.2145022441539,63029.72073699983,0.99,0.52,0.53
5m,300,btc-up-or-down-5m,btc-updown-5m,btc-updown-5m-1780712700,0xf22037abb62c2f1c662d10080760ee15516b4c73a4529da0b7f7ab30d9621807,1780712700,1780713000,2026-06-06T02:25:00Z,2026-06-06T02:30:00Z,True,60839.46773493319,60795.80939138837,gamma_finalPrice,Down,-43.65834354481922,7.175990384240524,50509.10419199996,0.01,0.44,0.45
5m,300,btc-up-or-down-5m,btc-updown-5m,btc-updown-5m-1780713000,0xbbb579fa5172161bfb34313565a54aa75ed00316554ac8435f411e16d8cd3f7d,1780713000,1780713300,2026-06-06T02:30:00Z,2026-06-06T02:35:00Z,True,60795.80939138837,60951.52525624387,gamma_finalPrice,Up,155.71586485549778,25.61292734060626,49494.80115400001,0.99,0.5,0.51
5m,300,btc-up-or-down-5m,btc-updown-5m,btc-updown-5m-1780713300,0xdbb4ce03f24c65657410bd4f569c7616f0bf0abbff2155943ee4bc1e3dd337e1,1780713300,1780713600,2026-06-06T02:35:00Z,2026-06-06T02:40:00Z,True,60951.52525624387,60999.596196562576,gamma_finalPrice,Up,48.07094031870656,7.886749366256782,58050.72838599996,0.99,0.5,0.51
5m,300,btc-up-or-down-5m,btc-updown-5m,btc-updown-5m-1780713600,0x81bdc4a4675f7759b1dc4d32a900f427e3989c38b1eadb5948f00dd3f071d003,1780713600,1780713900,2026-06-06T02:40:00Z,2026-06-06T02:45:00Z,True,60999.596196562576,60922.29230855814,gamma_finalPrice,Down,-77.30388800443325,12.672852416159017,47253.631835000066,0.01,0.32,0.33
5m,300,btc-up-or-down-5m,btc-updown-5m,btc-updown-5m-1780713900,0x54793822005113df3ae1526755bc67497590c8f5104126326114952b3e83ada6,1780713900,1780714200,2026-06-06T02:45:00Z,2026-06-06T02:50:00Z,True,60922.29230855814,61091.16549591651,gamma_finalPrice,Up,168.87318735836743,27.719440775974338,45244.481446999984,0.99,0.5,0.51
5m,300,btc-up-or-down-5m,btc-updown-5m,btc-updown-5m-1780714200,0x0f3d69cee7b5d415eba5dc391b30ac243d19e220723f5895e6c3bc088c8b1734,1780714200,1780714500,2026-06-06T02:50:00Z,2026-06-06T02:55:00Z,True,61091.16549591651,61055.64324182391,gamma_finalPrice,Down,-35.522254092596995,5.814630283157946,56061.282905999935,0.01,0.5,0.51
5m,300,btc-up-or-down-5m,btc-updown-5m,btc-updown-5m-1780714500,0x7a4086575ee9e898a1ac2d330fe04d00e12d11cca951bd70ada32654279e0ec5,1780714500,1780714800,2026-06-06T02:55:00Z,2026-06-06T03:00:00Z,True,61055.64324182391,60927.37254305205,gamma_finalPrice,Down,-128.27069877186295,21.008819490087014,40019.15960600007,0.01,,0.01
5m,300,btc-up-or-down-5m,btc-updown-5m,btc-updown-5m-1780714800,0x1a47b10d540110d1a808c3d26a2a3fdfaf839322ef2676deb10fc28fb795a4ac,1780714800,1780715100,2026-06-06T03:00:00Z,2026-06-06T03:05:00Z,True,60927.37254305205,60813.1906538041,gamma_finalPrice,Down,-114.18188924794958,18.74065538724277,43796.341770999985,0.01,0.5,0.51
5m,300,btc-up-or-down-5m,btc-updown-5m,btc-updown-5m-1780715100,0x245d09cafec05b2a511e8f8455e2fddd615cce489465d32fc43cb62fce2dfd9f,1780715100,1780715400,2026-06-06T03:05:00Z,2026-06-06T03:10:00Z,True,60813.1906538041,60795.6108256797,gamma_finalPrice,Down,-17.579828124398773,2.8907919376368203,,,0.5,0.51
5m,300,btc-up-or-down-5m,btc-updown-5m,btc-updown-5m-1780715400,0x5a5b3f3d95700aecbf6730584839ce899d748b5038a8a0d75016418da7a8d9ae,1780715400,1780715700,2026-06-06T03:10:00Z,2026-06-06T03:15:00Z,True,60795.6108256797,60853.42676523488,gamma_finalPrice,Up,57.815939555177465,9.509887106974565,60915.861171999946,0.99,0.5,0.51
5m,300,btc-up-or-down-5m,btc-updown-5m,btc-updown-5m-1780715700,0x16a28fc79f125166baed0712128ebc5f0157fb3dbaf9f1920ffc2f632399e88f,1780715700,1780716000,2026-06-06T03:15:00Z,2026-06-06T03:20:00Z,True,60853.42676523488,60900.386173350904,gamma_finalPrice,Up,46.95940811602486,7.7168058747436765,62350.16675900005,0.99,0.5,0.51
5m,300,btc-up-or-down-5m,btc-updown-5m,btc-updown-5m-1780716000,0x5d0c3f92071135d9935e9bf7a3772f590d8948c7a1c8b4a183c93fa5d7e7c105,1780716000,1780716300,2026-06-06T03:20:00Z,2026-06-06T03:25:00Z,True,60900.386173350904,60742.835546048416,gamma_finalPrice,Down,-157.55062730248756,25.870218105682447,40299.410157999875,0.01,0.5,0.51
5m,300,btc-up-or-down-5m,btc-updown-5m,btc-updown-5m-1780716300,0xfb08a106433b784a5e24123e3d5377be7837e9b4d72833816c5081dbc51a2d06,1780716300,1780716600,2026-06-06T03:25:00Z,2026-06-06T03:30:00Z,True,60742.835546048416,60777.12955641322,gamma_finalPrice,Up,34.294010364807036,5.645770411690636,54618.50483399995,0.99,0.37,0.38
5m,300,btc-up-or-down-5m,btc-updown-5m,btc-updown-5m-1780716600,0x95cb549925241572c8bc32c36cd9af19560326bbbf961a4f2bfde59a143bb832,1780716600,1780716900,2026-06-06T03:30:00Z,2026-06-06T03:35:00Z,True,60777.12955641322,60530.00162263604,gamma_finalPrice,Down,-247.1279337771848,40.66133685168548,49875.85034399999,0.01,0.5,0.51
5m,300,btc-up-or-down-5m,btc-updown-5m,btc-updown-5m-1780716900,0xe435e66fb6a8186c2f4f2ba2971f6c35eb2f2148aaab487330789c1d7d046545,1780716900,1780717200,2026-06-06T03:35:00Z,2026-06-06T03:40:00Z,True,60530.00162263604,60609.74443979959,gamma_finalPrice,Up,79.74281716355472,13.174097972225029,77094.87278800007,0.99,0.41,0.42
5m,300,btc-up-or-down-5m,btc-updown-5m,btc-updown-5m-1780717200,0x5ac5709992f84c8eb5cdf71d19f7a1d72b018b19ef04f2c9c28525e525ff3c94,1780717200,1780717500,2026-06-06T03:40:00Z,2026-06-06T03:45:00Z,True,60609.74443979959,60686.66351123855,gamma_finalPrice,Up,76.91907143895514,12.690875394690822,60161.91320799987,0.99,0.51,0.52
5m,300,btc-up-or-down-5m,btc-updown-5m,btc-updown-5m-1780717500,0xdf530cdf63c8f2f307faea52054b618ddf4c7b2b7455a6289b0a57fb95ab1d75,1780717500,1780717800,2026-06-06T03:45:00Z,2026-06-06T03:50:00Z,True,60686.66351123855,60629.768225800886,gamma_finalPrice,Down,-56.895285437662096,9.375253498180152,48620.85142199996,0.01,0.5,0.51
5m,300,btc-up-or-down-5m,btc-updown-5m,btc-updown-5m-1780717800,0x8215b744c9c1d03c8ef1532cf781049e1c0154c1f1256c26d8f89b398cdbe951,1780717800,1780718100,2026-06-06T03:50:00Z,2026-06-06T03:55:00Z,True,60629.768225800886,60633.51899302533,gamma_finalPrice,Up,3.750767224446463,0.6186345971961561,85384.5980180002,0.99,0.5,0.51
5m,300,btc-up-or-down-5m,btc-updown-5m,btc-updown-5m-1780718100,0xd8af2d618be51b01701e86470c6d1b71b52d0eef6aa3462a7381e1cd731db208,1780718100,1780718400,2026-06-06T03:55:00Z,2026-06-06T04:00:00Z,True,60633.51899302533,60664.42428,gamma_finalPrice,Up,30.905286974666524,5.097063058177699,46154.91935799998,0.99,0.5,0.51
5m,300,btc-up-or-down-5m,btc-updown-5m,btc-updown-5m-1780718400,0x5505d501f2e4292deba9f5bd1cf168e546246a2e8485c90df9c91323b02df236,1780718400,1780718700,2026-06-06T04:00:00Z,2026-06-06T04:05:00Z,True,60664.42428,60688.746170566716,gamma_finalPrice,Up,24.32189056671632,4.009251032278373,116120.7557319997,0.99,0.5,0.51
5m,300,btc-up-or-down-5m,btc-updown-5m,btc-updown-5m-1780718700,0x3055f23bb9acfad57963704dfa8555543c55e68a55c15fa5f81bfeec15585e37,1780718700,1780719000,2026-06-06T04:05:00Z,2026-06-06T04:10:00Z,True,60688.746170566716,60351.47196118943,gamma_finalPrice,Down,-337.2742093772831,55.574423704416034,44236.71623199993,0.01,0.49,0.5
5m,300,btc-up-or-down-5m,btc-updown-5m,btc-updown-5m-1780719000,0x102b10fdbfca4697958711dc683fb9ac0a5d2232cf2d96d49befbc5bfd815ba4,1780719000,1780719300,2026-06-06T04:10:00Z,2026-06-06T04:15:00Z,True,60351.47196118943,60107.62859787495,gamma_finalPrice,Down,-243.8433633144814,40.40388003647884,64935.91904999995,0.01,0.1,0.11
5m,300,btc-up-or-down-5m,btc-updown-5m,btc-updown-5m-1780719300,0x4bb7c9e5aade8dd52b554b6909413011082f88a7de2914ee265bf0eeaffe2752,1780719300,1780719600,2026-06-06T04:15:00Z,2026-06-06T04:20:00Z,True,60107.62859787495,60015.161147028135,gamma_finalPrice,Down,-92.46745084681606,15.38364646947412,98415.081993,0.01,0.5,0.51
5m,300,btc-up-or-down-5m,btc-updown-5m,btc-updown-5m-1780719600,0x5559962e6304b18cbdb5f9e0ecfe04721a2420066ae301287498164b7548a1fa,1780719600,1780719900,2026-06-06T04:20:00Z,2026-06-06T04:25:00Z,True,60015.161147028135,60077.70604218051,gamma_finalPrice,Up,62.54489515237219,10.421515823167846,85180.9383859999,0.99,0.57,0.58
5m,300,btc-up-or-down-5m,btc-updown-5m,btc-updown-5m-1780719900,0x7b4e2ba9090f17bff40a521c825428102c4bcb0f29ca6cd1d72e78934d0bab6e,1780719900,1780720200,2026-06-06T04:25:00Z,2026-06-06T04:30:00Z,True,60077.70604218051,59943.931501724204,gamma_finalPrice,Down,-133.77454045630293,22.266918840473025,104168.96380099986,0.01,0.02,0.03
5m,300,btc-up-or-down-5m,btc-updown-5m,btc-updown-5m-1780720200,0x5b489cc6f0a6e42a8fffc8bd76e965ba0a80c4881ede0732694657e8f77c654f,1780720200,1780720500,2026-06-06T04:30:00Z,2026-06-06T04:35:00Z,True,59943.931501724204,59476.06626462832,gamma_finalPrice,Down,-467.86523709588073,78.0504757320469,61931.66514999994,0.01,0.51,0.52
5m,300,btc-up-or-down-5m,btc-updown-5m,btc-updown-5m-1780720500,0x0c7c0daaa05afb9cb94b978b4c61d4f079e4c424edb531312fe4adc40d3fc44d,1780720500,1780720800,2026-06-06T04:35:00Z,2026-06-06T04:40:00Z,True,59476.06626462832,59676.30880075148,gamma_finalPrice,Up,200.24253612315806,33.6677505254322,86366.42783199994,0.99,0.5,0.51
5m,300,btc-up-or-down-5m,btc-updown-5m,btc-updown-5m-1780720800,0x1d052b6098587f7d5f82014f53a674fd298df1667f6de79d4bab915bb1141077,1780720800,1780721100,2026-06-06T04:40:00Z,2026-06-06T04:45:00Z,True,59676.30880075148,59787.10563174558,gamma_finalPrice,Up,110.79683099409885,18.566300969456684,71374.3399399999,0.99,0.52,0.53
5m,300,btc-up-or-down-5m,btc-updown-5m,btc-updown-5m-1780721100,0x782520488e2e24d8fa71aa719d7d157473f22b96e548c119db5c3fade914b757,1780721100,1780721400,2026-06-06T04:45:00Z,2026-06-06T04:50:00Z,True,59787.10563174558,59771.09467165983,gamma_finalPrice,Down,-16.01096008575405,2.677995517022085,116811.56502299986,0.01,0.5,0.51
5m,300,btc-up-or-down-5m,btc-updown-5m,btc-updown-5m-1780721400,0x41d3b92a3f30caca08b67c68723734f960f92bcca034491bc1dfe109d80e3c4f,1780721400,1780721700,2026-06-06T04:50:00Z,2026-06-06T04:55:00Z,True,59771.09467165983,60242.11943779565,gamma_finalPrice,Up,471.0247661358226,78.80477490387283,70082.37524300006,0.99,0.48,0.49
5m,300,btc-up-or-down-5m,btc-updown-5m,btc-updown-5m-1780721700,0xcf1452170ab03f9b5676c9cdbe6814f62e75973b37562327ffd0613c2bb6408f,1780721700,1780722000,2026-06-06T04:55:00Z,2026-06-06T05:00:00Z,True,60242.11943779565,60077.53670543102,gamma_finalPrice,Down,-164.58273236462992,27.320209498036256,45562.89572200002,0.01,0.5,0.51
5m,300,btc-up-or-down-5m,btc-updown-5m,btc-updown-5m-1780722000,0xb341db80c52da7b0322cf038311a01206f06d9d144433baee04e05762bbdab2f,1780722000,1780722300,2026-06-06T05:00:00Z,2026-06-06T05:05:00Z,True,60077.53670543102,59879.24410132632,gamma_finalPrice,Down,-198.29260410469578,33.006114261467395,66756.52384200002,0.01,0.5,0.51
5m,300,btc-up-or-down-5m,btc-updown-5m,btc-updown-5m-1780722300,0x9e98581ba16c6337e1bece99fbbc4e51e2083b4c1f97beba5b697bd3a94a6220,1780722300,1780722600,2026-06-06T05:05:00Z,2026-06-06T05:10:00Z,True,59879.24410132632,60037.46420022732,gamma_finalPrice,Up,158.22009890099434,26.423195762668247,80285.02515399996,0.99,0.5,0.51
5m,300,btc-up-or-down-5m,btc-updown-5m,btc-updown-5m-1780722600,0x904875945147aebc1f350f1427e97e94870660416d92434e43425e572f9a2e99,1780722600,1780722900,2026-06-06T05:10:00Z,2026-06-06T05:15:00Z,True,60037.46420022732,59867.19866771983,gamma_finalPrice,Down,-170.2655325074884,28.359880747069216,70591.28106900009,0.01,0.5,0.51
5m,300,btc-up-or-down-5m,btc-updown-5m,btc-updown-5m-1780722900,0xf85c8994d293f3be2a6276ba8ab8332fc43cadff84401a9dcf2bf710affc3128,1780722900,1780723200,2026-06-06T05:15:00Z,2026-06-06T05:20:00Z,True,59867.19866771983,60116.77191663667,gamma_finalPrice,Up,249.57324891684402,41.68781143444632,109639.18774300009,0.99,0.5,0.51
5m,300,btc-up-or-down-5m,btc-updown-5m,btc-updown-5m-1780723200,0x4fe9a35a26b351f728bacf35324e67da9851846426a8a188058233ee41a47e6b,1780723200,1780723500,2026-06-06T05:20:00Z,2026-06-06T05:25:00Z,True,60116.77191663667,60793.37236829944,gamma_finalPrice,Up,676.6004516627654,112.5477017629956,68194.80933,0.99,0.5,0.51
5m,300,btc-up-or-down-5m,btc-updown-5m,btc-updown-5m-1780723500,0x8423731dcf12be47eb4dc099af390a7f892a24e12bc916ec60859bb18f7f8e0c,1780723500,1780723800,2026-06-06T05:25:00Z,2026-06-06T05:30:00Z,True,60793.37236829944,60721.73117764731,gamma_finalPrice,Down,-71.64119065213163,11.784375148349026,84176.51205999986,0.01,0.5,0.51
5m,300,btc-up-or-down-5m,btc-updown-5m,btc-updown-5m-1780723800,0x68db3bfa924daca9cee776930ab7e77d48a839b1fc29778dc5b91b962c95174b,1780723800,1780724100,2026-06-06T05:30:00Z,2026-06-06T05:35:00Z,True,60721.73117764731,60586.035879756295,gamma_finalPrice,Down,-135.69529789101216,22.347073322732257,68048.70281800005,0.01,0.49,0.5
5m,300,btc-up-or-down-5m,btc-updown-5m,btc-updown-5m-1780724100,0xf201e8c44e749a58eb5a56ba671a5a8076ca279f181bfd2451b5c9d5ef790a50,1780724100,1780724400,2026-06-06T05:35:00Z,2026-06-06T05:40:00Z,True,60586.035879756295,60779.673883868636,gamma_finalPrice,Up,193.63800411234115,31.960830792205982,75104.08018699965,0.99,0.94,0.95
5m,300,btc-up-or-down-5m,btc-updown-5m,btc-updown-5m-1780724400,0x0aa4325e441c28cf8fe0c1d7ab7bf62ee4a08c796b8e7c6a9ec13d0a1dc40252,1780724400,1780724700,2026-06-06T05:40:00Z,2026-06-06T05:45:00Z,True,60779.673883868636,60787.8305060218,gamma_finalPrice,Up,8.156622153161152,1.3419983412128802,68368.01861699998,0.99,0.5,0.51
5m,300,btc-up-or-down-5m,btc-updown-5m,btc-updown-5m-1780724700,0x85c37f7a1b18f720c5ea9ff9027f07de27bca096c9791da93fc2b8fc35226ce8,1780724700,1780725000,2026-06-06T05:45:00Z,2026-06-06T05:50:00Z,True,60787.8305060218,60916.39920180119,gamma_finalPrice,Up,128.56869577939506,21.150400451725073,57674.91622000001,0.99,0.88,0.89
5m,300,btc-up-or-down-5m,btc-updown-5m,btc-updown-5m-1780725000,0x810d65c99abb4ae4ff64ee27719f653d63b1eee4082229b47cfecf0b55c4ac7d,1780725000,1780725300,2026-06-06T05:50:00Z,2026-06-06T05:55:00Z,True,60916.39920180119,60865.746120285636,gamma_finalPrice,Down,-50.65308151555655,8.315179849642004,78636.09050900002,0.01,0.48,0.49
5m,300,btc-up-or-down-5m,btc-updown-5m,btc-updown-5m-1780725300,0x4b54953315d400527910bc405ecf4fb103674a06975ea4f4f69feae3c70608f3,1780725300,1780725600,2026-06-06T05:55:00Z,2026-06-06T06:00:00Z,True,60865.746120285636,60913.333355896975,gamma_finalPrice,Up,47.587235611339565,7.818393537359342,66008.23117699995,0.99,0.69,0.7
5m,300,btc-up-or-down-5m,btc-updown-5m,btc-updown-5m-1780725600,0xc60fd39065db820c3cc5b1c1ec9e3d6600ff273008b8cfea2eb3635ded23f4d6,1780725600,1780725900,2026-06-06T06:00:00Z,2026-06-06T06:05:00Z,True,60913.333355896975,61121.40333294864,gamma_finalPrice,Up,208.06997705166577,34.15836329888236,65310.975516000006,0.99,0.49,0.5
5m,300,btc-up-or-down-5m,btc-updown-5m,btc-updown-5m-1780725900,0x83b7d412d23739706da0d709c8aeb55455879157e7b88f94e76748d91f32aa36,1780725900,1780726200,2026-06-06T06:05:00Z,2026-06-06T06:10:00Z,True,61121.40333294864,61085.936395679506,gamma_finalPrice,Down,-35.46693726913509,5.802703363326733,86674.95912599987,0.01,0.25,0.26
5m,300,btc-up-or-down-5m,btc-updown-5m,btc-updown-5m-1780726200,0xfc27f93a4468716d2d2c3a98675cae83764c5eea7cba1849c91952ce790e1149,1780726200,1780726500,2026-06-06T06:10:00Z,2026-06-06T06:15:00Z,True,61085.936395679506,61126.296703270666,gamma_finalPrice,Up,40.36030759115965,6.607135778312185,76092.84460399991,0.99,0.49,0.5
5m,300,btc-up-or-down-5m,btc-updown-5m,btc-updown-5m-1780726500,0x395456f66471cbea39906ed9e00eaafae2e0c77a572f55945f55edbd7ce8ff44,1780726500,1780726800,2026-06-06T06:15:00Z,2026-06-06T06:20:00Z,True,61126.296703270666,61005.36778464454,gamma_finalPrice,Down,-120.92891862612305,19.783452482514377,77097.76056299996,0.01,0.08,0.09
5m,300,btc-up-or-down-5m,btc-updown-5m,btc-updown-5m-1780726800,0x42efb9a37bfaefbc11747adfcb8dee19b490c9231fe211b5c101b7c8a06eeab0,1780726800,1780727100,2026-06-06T06:20:00Z,2026-06-06T06:25:00Z,True,61005.36778464454,61089.257329353844,gamma_finalPrice,Up,83.88954470930184,13.751174323780964,70551.27903699996,0.99,0.48,0.49
5m,300,btc-up-or-down-5m,btc-updown-5m,btc-updown-5m-1780727100,0x1ebbc7e94cb055da33371472c1d0f06243ef0c5fad7f4c9e5efe27b4547007b2,1780727100,1780727400,2026-06-06T06:25:00Z,2026-06-06T06:30:00Z,True,61089.257329353844,60997.637627379256,gamma_finalPrice,Down,-91.61970197458868,14.997678148325553,60409.561099999984,0.01,0.21,0.22
5m,300,btc-up-or-down-5m,btc-updown-5m,btc-updown-5m-1780727400,0x1c5b2e864b27b3c1b926cb07c4d421e0d6c880d12cfd2b31e4c3f017e6bae78e,1780727400,1780727700,2026-06-06T06:30:00Z,2026-06-06T06:35:00Z,True,60997.637627379256,60947.85248959153,gamma_finalPrice,Down,-49.785137787723215,8.161814083989505,83461.26105899998,0.01,,0.01
5m,300,btc-up-or-down-5m,btc-updown-5m,btc-updown-5m-1780727700,0x30fa2521b69e1e0aacbb418d02b04717f33643495763e20a2dbe66f7ffed8827,1780727700,1780728000,2026-06-06T06:35:00Z,2026-06-06T06:40:00Z,True,60947.85248959153,60973.22947756899,gamma_finalPrice,Up,25.37698797745543,4.163721434120951,78289.34200600012,0.99,0.9,0.91
5m,300,btc-up-or-down-5m,btc-updown-5m,btc-updown-5m-1780728000,0x8bf0a35c18a5186f3753e889dfdc7795abc9792b7d7892af670b79d60de69baf,1780728000,1780728300,2026-06-06T06:40:00Z,2026-06-06T06:45:00Z,True,60973.22947756899,60784.30226,gamma_finalPrice,Down,-188.92721756899118,30.985273240036314,78119.63951100002,0.01,,0.01
5m,300,btc-up-or-down-5m,btc-updown-5m,btc-updown-5m-1780728300,0xe43e1da64f2ead5f41a5b9e45dca0719662a581dcd1d79aba5fe94fe0045ef0b,1780728300,1780728600,2026-06-06T06:45:00Z,2026-06-06T06:50:00Z,True,60784.30226,60782.033291849075,gamma_finalPrice,Down,-2.2689681509218644,0.3732819274977501,74396.76354799996,0.01,0.67,0.68
5m,300,btc-up-or-down-5m,btc-updown-5m,btc-updown-5m-1780728600,0x66de15ae2b74a8c27119418705775dcc79190bb692b9da2ef81f8a6ad5e6856d,1780728600,1780728900,2026-06-06T06:50:00Z,2026-06-06T06:55:00Z,True,60782.033291849075,60795.75849923093,gamma_finalPrice,Up,13.72520738185267,2.258102705440957,93013.57339000006,0.99,0.5,0.51
5m,300,btc-up-or-down-5m,btc-updown-5m,btc-updown-5m-1780728900,0x029e7fd473723a65badefde9c1717a657de5d183f1568a07f14cf798e40e6c02,1780728900,1780729200,2026-06-06T06:55:00Z,2026-06-06T07:00:00Z,True,60795.75849923093,60756.708583818414,gamma_finalPrice,Down,-39.049915412513656,6.423131543462468,53301.07257800011,0.01,0.3,0.31
5m,300,btc-up-or-down-5m,btc-updown-5m,btc-updown-5m-1780729200,0xe94fee623e542ff167b8cc96c5816f88e3fc750932e7f84ee920cd128ad666bc,1780729200,1780729500,2026-06-06T07:00:00Z,2026-06-06T07:05:00Z,True,60756.708583818414,60740.42554594812,gamma_finalPrice,Down,-16.2830378702929,2.680039496844902,57329.45787899992,0.01,0.5,0.51
5m,300,btc-up-or-down-5m,btc-updown-5m,btc-updown-5m-1780729500,0x095fd76b5dfde145514e59961c4bf660b6c7348a546a8d9e98422f4169c930e0,1780729500,1780729800,2026-06-06T07:05:00Z,2026-06-06T07:10:00Z,True,60740.42554594812,61018.35693944616,gamma_finalPrice,Up,277.93139349803823,45.757235152689596,47873.802025999954,0.99,0.78,0.79
5m,300,btc-up-or-down-5m,btc-updown-5m,btc-updown-5m-1780729800,0x19534fa969cbba364943609c6094664fef56b9c902858b8f06d0fdadad309486,1780729800,1780730100,2026-06-06T07:10:00Z,2026-06-06T07:15:00Z,True,61018.35693944616,61060.80664633489,gamma_finalPrice,Up,42.44970688872854,6.956874786198372,69131.05637500004,0.99,0.5,0.51
5m,300,btc-up-or-down-5m,btc-updown-5m,btc-updown-5m-1780730100,0x322515ff6a1f208cc5541e826d5ecad7b9a3d80c358800086317f0da108b1c82,1780730100,1780730400,2026-06-06T07:15:00Z,2026-06-06T07:20:00Z,True,61060.80664633489,60969.820673894574,gamma_finalPrice,Down,-90.98597244031407,14.900879539195444,64754.11334899999,0.01,0.37,0.38
5m,300,btc-up-or-down-5m,btc-updown-5m,btc-updown-5m-1780730400,0x93dac90b8636aaf380dd7df12e0b1b48d90fd9b61e6c1207d68e3d87b8657eb1,1780730400,1780730700,2026-06-06T07:20:00Z,2026-06-06T07:25:00Z,True,60969.820673894574,60886.88841874255,gamma_finalPrice,Down,-82.93225515202357,13.60218124891626,54355.1976029999,0.01,0.5,0.51
5m,300,btc-up-or-down-5m,btc-updown-5m,btc-updown-5m-1780730700,0xd46e6ef0cedfb5ea748a23e4471e4e096ba63d85325eca0f1536dccbd0a33722,1780730700,1780731000,2026-06-06T07:25:00Z,2026-06-06T07:30:00Z,True,60886.88841874255,60855.07820849667,gamma_finalPrice,Down,-31.810210245879716,5.224476249649787,59583.777568999954,0.01,0.27,0.28
5m,300,btc-up-or-down-5m,btc-updown-5m,btc-updown-5m-1780731000,0x3b092826edddf0f281e5e32710cd4bd34118f869dada904f9c5b66a053e81ec7,1780731000,1780731300,2026-06-06T07:30:00Z,2026-06-06T07:35:00Z,True,60855.07820849667,60983.28494671376,gamma_finalPrice,Up,128.20673821708624,21.067549659181253,54882.419735999916,0.99,0.5,0.51
5m,300,btc-up-or-down-5m,btc-updown-5m,btc-updown-5m-1780731300,0xeb07459073897500c9166e10bfc7d395885beec219550ba05279cb0659b40973,1780731300,1780731600,2026-06-06T07:35:00Z,2026-06-06T07:40:00Z,True,60983.28494671376,60974.46773655411,gamma_finalPrice,Down,-8.81721015965013,1.445840473722344,64492.24626299992,0.01,0.37,0.38
5m,300,btc-up-or-down-5m,btc-updown-5m,btc-updown-5m-1780731600,0xb5c1a515c07a7a74cb0c5ce9bf7a4519b4420f875ecf8a28bea2e357e9242a62,1780731600,1780731900,2026-06-06T07:40:00Z,2026-06-06T07:45:00Z,True,60974.46773655411,61013.115035,gamma_finalPrice,Up,38.64729844589601,6.33827565545554,69906.67291499994,0.99,0.5,0.51
5m,300,btc-up-or-down-5m,btc-updown-5m,btc-updown-5m-1780731900,0xf1554d8994eb2c898fa70e413ff15ba0b5894b468c299a21f36facdfc66b7e46,1780731900,1780732200,2026-06-06T07:45:00Z,2026-06-06T07:50:00Z,True,61013.115035,61028.24111101868,gamma_finalPrice,Up,15.12607601867785,2.479151574214957,75207.46398700002,0.99,0.41,0.42
5m,300,btc-up-or-down-5m,btc-updown-5m,btc-updown-5m-1780732200,0xb19dc6359744a494bf887544d8dac6c76371ca1a944f0cc2e22a3ef7b28e740e,1780732200,1780732500,2026-06-06T07:50:00Z,2026-06-06T07:55:00Z,True,61028.24111101868,60963.26606,gamma_finalPrice,Down,-64.97505101867864,10.646718606961025,45030.206386,0.01,0.5,0.51
5m,300,btc-up-or-down-5m,btc-updown-5m,btc-updown-5m-1780732500,0xfc702a6f81715bf89ee873fad33bf69ed2d7670670fb2f85d617e84a0604ba14,1780732500,1780732800,2026-06-06T07:55:00Z,2026-06-06T08:00:00Z,True,60963.26606,60972.87901516691,gamma_finalPrice,Up,9.61295516690734,1.5768438583074398,75124.07727000001,0.99,0.63,0.64
5m,300,btc-up-or-down-5m,btc-updown-5m,btc-updown-5m-1780732800,0xc22014246cef38195ef61833767dc8175b5ee9fdec94e7adb83d7c4a5d3a3c95,1780732800,1780733100,2026-06-06T08:00:00Z,2026-06-06T08:05:00Z,True,60972.87901516691,60868.955562079536,gamma_finalPrice,Down,-103.92345308737276,17.044209616790766,50966.486458999956,0.01,0.5,0.51
5m,300,btc-up-or-down-5m,btc-updown-5m,btc-updown-5m-1780733100,0x7deb3156440dcac51f72878b7a5a25aa343c15d65522ba6679ab14f160b2750b,1780733100,1780733400,2026-06-06T08:05:00Z,2026-06-06T08:10:00Z,True,60868.955562079536,61068.73690883918,gamma_finalPrice,Up,199.78134675964247,32.82154998632888,53490.208476000036,0.99,0.75,0.76
5m,300,btc-up-or-down-5m,btc-updown-5m,btc-updown-5m-1780733400,0x2babfd3bd9ee1fc64d30aeabb1d57185b680cd85adb78c0081705123b7f8fb43,1780733400,1780733700,2026-06-06T08:10:00Z,2026-06-06T08:15:00Z,True,61068.73690883918,61111.14335500001,gamma_finalPrice,Up,42.40644616082864,6.94405162237614,62843.56851199993,0.99,0.5,0.51
5m,300,btc-up-or-down-5m,btc-updown-5m,btc-updown-5m-1780733700,0x2d5b4e53a2278417448f27d1aced4fe52a0baa4974cd6956e8182e659331a91a,1780733700,1780734000,2026-06-06T08:15:00Z,2026-06-06T08:20:00Z,True,61111.14335500001,61053.74448922708,gamma_finalPrice,Down,-57.39886577292782,9.39253671617511,72431.70926999973,0.01,0.33,0.34
5m,300,btc-up-or-down-5m,btc-updown-5m,btc-updown-5m-1780734000,0x039d18468316913c8eaed8e59a521837accc6304ae5d757a6d9c9af405819ad0,1780734000,1780734300,2026-06-06T08:20:00Z,2026-06-06T08:25:00Z,True,61053.74448922708,61107.99671739222,gamma_finalPrice,Up,54.25222816513997,8.885978840284361,65230.82429299991,0.99,0.5,0.51
5m,300,btc-up-or-down-5m,btc-updown-5m,btc-updown-5m-1780734300,0x8f950956a97fbc4255a2a861136009eabcd1480a058758b4dd63b25f63984c24,1780734300,1780734600,2026-06-06T08:25:00Z,2026-06-06T08:30:00Z,True,61107.99671739222,61376.39466452826,gamma_finalPrice,Up,268.3979471360435,43.92190246021493,43799.82349200006,0.99,0.74,0.75
5m,300,btc-up-or-down-5m,btc-updown-5m,btc-updown-5m-1780734600,0x4c1bcba1b154bc7af50de10a71968436cd3a2fad7d7eb60ad9b4932fc2d9589d,1780734600,1780734900,2026-06-06T08:30:00Z,2026-06-06T08:35:00Z,True,61376.39466452826,61306.511892537674,gamma_finalPrice,Down,-69.88277199058939,11.385936298890702,73911.18375199985,0.01,0.5,0.51
5m,300,btc-up-or-down-5m,btc-updown-5m,btc-updown-5m-1780734900,0x2796bcfd54e0f3214b13f9e622c1bc1c6af31b04a1ae5f7bae65fb9bd8324398,1780734900,1780735200,2026-06-06T08:35:00Z,2026-06-06T08:40:00Z,True,61306.511892537674,61311.13733046469,gamma_finalPrice,Up,4.625437927017629,0.7544774256812097,93373.29365200002,0.99,0.36,0.37
5m,300,btc-up-or-down-5m,btc-updown-5m,btc-updown-5m-1780735200,0x42ed89f1e2f73fd3d89a2fae20fb86cff471ea7f850bc31cd7730cf71b6ec9d2,1780735200,1780735500,2026-06-06T08:40:00Z,2026-06-06T08:45:00Z,True,61311.13733046469,61330.727795000006,gamma_finalPrice,Up,19.590464535314823,3.1952538133036037,61108.35268899995,0.99,0.5,0.51
5m,300,btc-up-or-down-5m,btc-updown-5m,btc-updown-5m-1780735500,0xaa8d169eb136ccb50dc711caecaa2ac77881c6633b24aa53aa8aa11106f1b862,1780735500,1780735800,2026-06-06T08:45:00Z,2026-06-06T08:50:00Z,True,61330.727795000006,61329.45020113227,gamma_finalPrice,Down,-1.2775938677368686,0.2083121974367023,78696.63451300007,0.01,0.21,0.22
5m,300,btc-up-or-down-5m,btc-updown-5m,btc-updown-5m-1780735800,0xff133bdddb98dea47f7d6b2710dc86f4caac2bcbeb2bef2f0170b1d97c871dd7,1780735800,1780736100,2026-06-06T08:50:00Z,2026-06-06T08:55:00Z,True,61329.45020113227,61392.48287915771,gamma_finalPrice,Up,63.032678025439964,10.277717771596173,50074.77117500005,0.99,0.99,1.0
5m,300,btc-up-or-down-5m,btc-updown-5m,btc-updown-5m-1780736100,0xbdff8012c78d1e406b9a0f00d12e7dad79d6d2e66633c77cc5ba59a419916cfc,1780736100,1780736400,2026-06-06T08:55:00Z,2026-06-06T09:00:00Z,True,61392.48287915771,61223.455953394165,gamma_finalPrice,Down,-169.02692576354457,27.532186000075903,68555.74372299995,0.01,0.31,0.32
5m,300,btc-up-or-down-5m,btc-updown-5m,btc-updown-5m-1780736400,0xb34fc26c0e019b3fdd0b190d8bd433baac1c6a9fe99ca71af559a1189231eb31,1780736400,1780736700,2026-06-06T09:00:00Z,2026-06-06T09:05:00Z,True,61223.455953394165,61173.58310709877,gamma_finalPrice,Down,-49.87284629539499,8.146035782978386,70662.29275600002,0.01,,0.01
5m,300,btc-up-or-down-5m,btc-updown-5m,btc-updown-5m-1780736700,0x4a5393c035df5be8d9f6ca570ed6a1e1aee1480ebda4c0429411ff1a2c5c148f,1780736700,1780737000,2026-06-06T09:05:00Z,2026-06-06T09:10:00Z,True,61173.58310709877,61179.805889691175,gamma_finalPrice,Up,6.222782592405565,1.0172336286908548,74818.44131999984,0.99,0.5,0.51
5m,300,btc-up-or-down-5m,btc-updown-5m,btc-updown-5m-1780737000,0xcd4f2418c8bc072475e66a8495ae036f3fde9800075e231cc79762601a458764,1780737000,1780737300,2026-06-06T09:10:00Z,2026-06-06T09:15:00Z,True,61179.805889691175,61195.640546769326,gamma_finalPrice,Up,15.834657078150485,2.5882162991332134,60587.729407000035,0.99,0.98,0.99
5m,300,btc-up-or-down-5m,btc-updown-5m,btc-updown-5m-1780737300,0x5bdc2ad4d51bd9a39e750abf722a6733e08cb0b62f9e8d0f0c2f211545604799,1780737300,1780737600,2026-06-06T09:15:00Z,2026-06-06T09:20:00Z,True,61195.640546769326,61170.11324168284,gamma_finalPrice,Down,-25.527305086485285,4.1714254248185885,63743.3840729999,0.01,0.5,0.51
5m,300,btc-up-or-down-5m,btc-updown-5m,btc-updown-5m-1780737600,0x7e4f5926962c1bc331e57b0698c541062a91457625302ad058f4fe546854fd6d,1780737600,1780737900,2026-06-06T09:20:00Z,2026-06-06T09:25:00Z,True,61170.11324168284,61146.840495,gamma_finalPrice,Down,-23.272746682843717,3.80459434346528,52689.57643399997,0.02,0.09,0.1
5m,300,btc-up-or-down-5m,btc-updown-5m,btc-updown-5m-1780737900,0xfcd68b7795a020fc6b79ccd0815c70d8c3a14da8f3464d51658c65be57ea0da8,1780737900,1780738200,2026-06-06T09:25:00Z,2026-06-06T09:30:00Z,True,61146.840495,61283.070364445055,gamma_finalPrice,Up,136.22986944505828,22.279134676827308,66229.19261999986,0.99,0.5,0.51
5m,300,btc-up-or-down-5m,btc-updown-5m,btc-updown-5m-1780738200,0x377dfbe38b57f336081f3079d696a34a1cfb76281bc0028d9db19a5fc3c001df,1780738200,1780738500,2026-06-06T09:30:00Z,2026-06-06T09:35:00Z,True,61283.070364445055,61232.11598560443,gamma_finalPrice,Down,-50.95437884062267,8.31459300873821,64261.92961500003,0.01,0.11,0.12
5m,300,btc-up-or-down-5m,btc-updown-5m,btc-updown-5m-1780738500,0x92af3288a2e72c5ad866fd85bf63aab4687d0c733ced0a3e8ea0358ff3c80fae,1780738500,1780738800,2026-06-06T09:35:00Z,2026-06-06T09:40:00Z,True,61232.11598560443,61223.29222897173,gamma_finalPrice,Down,-8.823756632700679,1.441034086552738,87107.53823699988,0.01,0.5,0.51
5m,300,btc-up-or-down-5m,btc-updown-5m,btc-updown-5m-1780738800,0x15c2d100a6fdde14a99c3c06a06988f1bb96d199f1d2f61813540d6c82af295f,1780738800,1780739100,2026-06-06T09:40:00Z,2026-06-06T09:45:00Z,True,61223.29222897173,61071.82640524837,gamma_finalPrice,Down,-151.4658237233598,24.73990179373007,50758.079205,0.01,0.01,0.02
5m,300,btc-up-or-down-5m,btc-updown-5m,btc-updown-5m-1780739100,0x1e696b1930b2dbf633edfd95f4e9b3fe13024cdb0fd5437c57d3eb7ca9b2406e,1780739100,1780739400,2026-06-06T09:45:00Z,2026-06-06T09:50:00Z,True,61071.82640524837,60869.487196818445,gamma_finalPrice,Down,-202.33920842992666,33.13135046711786,54138.37401099985,0.01,,0.01
5m,300,btc-up-or-down-5m,btc-updown-5m,btc-updown-5m-1780739400,0xbf2117f6c728b9d563378569f89c620e1e10eb1fb68b3d59fc9f92776edce865,1780739400,1780739700,2026-06-06T09:50:00Z,2026-06-06T09:55:00Z,True,60869.487196818445,60909.14706443314,gamma_finalPrice,Up,39.65986761469685,6.515558030981705,58562.67856999991,0.99,0.76,0.77
5m,300,btc-up-or-down-5m,btc-updown-5m,btc-updown-5m-1780739700,0x179ac59d2882a2b790fb0bed16cb37c7c44431605b3e69fd37a04fd14a091561,1780739700,1780740000,2026-06-06T09:55:00Z,2026-06-06T10:00:00Z,True,60909.14706443314,60946.79903067879,gamma_finalPrice,Up,37.65196624564851,6.181660400829145,65454.89026100004,0.99,0.9,0.91
5m,300,btc-up-or-down-5m,btc-updown-5m,btc-updown-5m-1780740000,0xc625da63222646179874a29040b57b809ba86f8d6911dbb00076f642640da415,1780740000,1780740300,2026-06-06T10:00:00Z,2026-06-06T10:05:00Z,True,60946.79903067879,60812.922574136464,gamma_finalPrice,Down,-133.8764565423262,21.96611777345957,69613.84719800002,0.01,0.5,0.51
5m,300,btc-up-or-down-5m,btc-updown-5m,btc-updown-5m-1780740300,0x0c491c1cc5d5781a489287affcc5b6c3f115457b4e9d2e0368b82aacdc257780,1780740300,1780740600,2026-06-06T10:05:00Z,2026-06-06T10:10:00Z,True,60812.922574136464,60715.451980000005,gamma_finalPrice,Down,-97.47059413645911,16.027941103740513,60176.11467499989,0.01,0.01,0.02
5m,300,btc-up-or-down-5m,btc-updown-5m,btc-updown-5m-1780740600,0xfc6d62c38d1bcd43fcc33d26315b63ac143cbc9093917c8746320aab5fdeb599,1780740600,1780740900,2026-06-06T10:10:00Z,2026-06-06T10:15:00Z,True,60715.451980000005,60590.327590666166,gamma_finalPrice,Down,-125.12438933383964,20.608327082050923,72060.32860899983,0.01,0.51,0.52
5m,300,btc-up-or-down-5m,btc-updown-5m,btc-updown-5m-1780740900,0x097c285b8fb54e99868ad53da811d8335cd55de8d9742e27fbf88c9776f96433,1780740900,1780741200,2026-06-06T10:15:00Z,2026-06-06T10:20:00Z,True,60590.327590666166,60505.15011216699,gamma_finalPrice,Down,-85.17747849917214,14.05793331810498,95468.61733699973,0.01,0.49,0.5
5m,300,btc-up-or-down-5m,btc-updown-5m,btc-updown-5m-1780741200,0xedc171a3a2fc631fb85ef899f57475fa4e8c63725194d62556c7a028f62ea945,1780741200,1780741500,2026-06-06T10:20:00Z,2026-06-06T10:25:00Z,True,60505.15011216699,60564.16561869483,gamma_finalPrice,Up,59.015506527837715,9.7537988780182,62969.775912,0.99,0.52,0.53
5m,300,btc-up-or-down-5m,btc-updown-5m,btc-updown-5m-1780741500,0x9fa263c384da1878dec32d0a9f65d9579cdcdda79546961bfa54a46ac932c276,1780741500,1780741800,2026-06-06T10:25:00Z,2026-06-06T10:30:00Z,True,60564.16561869483,60497.02994943931,gamma_finalPrice,Down,-67.13566925552004,11.085048158377788,87545.46497499995,0.01,0.79,0.8
5m,300,btc-up-or-down-5m,btc-updown-5m,btc-updown-5m-1780741800,0xa5e5c1450053f3cf8048b62ff3dc94a362b910db9eb9082de21a2afba2738d46,1780741800,1780742100,2026-06-06T10:30:00Z,2026-06-06T10:35:00Z,True,60497.02994943931,60334.94948385956,gamma_finalPrice,Down,-162.08046557975467,26.791474840205247,97087.2430179996,0.01,0.5,0.51
5m,300,btc-up-or-down-5m,btc-updown-5m,btc-updown-5m-1780742100,0xb6342ea6c13d021c0090900ca2982048017e28bb88246704bc60929d931f5138,1780742100,1780742400,2026-06-06T10:35:00Z,2026-06-06T10:40:00Z,True,60334.94948385956,60279.375323979926,gamma_finalPrice,Down,-55.574159879630315,9.210939986698287,79870.07947799984,0.01,0.3,0.32
5m,300,btc-up-or-down-5m,btc-updown-5m,btc-updown-5m-1780742400,0xea1f97e65382614e5e0be438f332434a7c6d0912f1d2b11ff34fe762705e8427,1780742400,1780742700,2026-06-06T10:40:00Z,2026-06-06T10:45:00Z,True,60279.375323979926,60388.567346734206,gamma_finalPrice,Up,109.1920227542796,18.1143255329724,58998.840603999844,0.99,0.51,0.52
5m,300,btc-up-or-down-5m,btc-updown-5m,btc-updown-5m-1780742700,0x009294cc44f024a40fcd7ca85e17bb0e73ef46dde1571d8bdcfaa1825c491f07,1780742700,1780743000,2026-06-06T10:45:00Z,2026-06-06T10:50:00Z,True,60388.567346734206,60407.91033385118,gamma_finalPrice,Up,19.342987116971926,3.2030875986691196,89810.36206499985,0.99,0.38,0.39
5m,300,btc-up-or-down-5m,btc-updown-5m,btc-updown-5m-1780743000,0xfcb4bcb33c6da4ee55a93717d09c545778bf82c27e999a09b1916295b8f277d7,1780743000,1780743300,2026-06-06T10:50:00Z,2026-06-06T10:55:00Z,True,60407.91033385118,60520.6465559157,gamma_finalPrice,Up,112.73622206452274,18.662493279683602,61417.42143099994,0.99,0.5,0.51
5m,300,btc-up-or-down-5m,btc-updown-5m,btc-updown-5m-1780743300,0x0a98ce8ece4414253f3e3e8b08c9479ff521e817a3692e1023bcc25d7ef2ef0a,1780743300,1780743600,2026-06-06T10:55:00Z,2026-06-06T11:00:00Z,True,60520.6465559157,60577.768395345964,gamma_finalPrice,Up,57.12183943026321,9.438405351054486,64846.808097999834,0.99,0.51,0.52
5m,300,btc-up-or-down-5m,btc-updown-5m,btc-updown-5m-1780743600,0x9505495f359fa4458d76a2a79a75fdbdd0b328e36004d75c5a7191f4a1c9a8bf,1780743600,1780743900,2026-06-06T11:00:00Z,2026-06-06T11:05:00Z,True,60577.768395345964,60710.171014729254,gamma_finalPrice,Up,132.40261938329058,21.856635345032412,68705.01798899985,0.99,0.49,0.5
5m,300,btc-up-or-down-5m,btc-updown-5m,btc-updown-5m-1780743900,0x87190492615f58c3faf0f29c9e59a0e93016d23059f1c41fa866a67538a98cb3,1780743900,1780744200,2026-06-06T11:05:00Z,2026-06-06T11:10:00Z,True,60710.171014729254,60682.14673,gamma_finalPrice,Down,-28.02428472925385,4.616077382232166,60260.641609000115,0.01,0.28,0.29
5m,300,btc-up-or-down-5m,btc-updown-5m,btc-updown-5m-1780744200,0x524b08e5872105ab0e1fb68804ce1d7ca054ca1e44ef6941ddff922302c1218e,1780744200,1780744500,2026-06-06T11:10:00Z,2026-06-06T11:15:00Z,True,60682.14673,60611.62173556587,gamma_finalPrice,Down,-70.52499443413399,11.622033536145137,57245.940799999924,0.01,0.5,0.51
5m,300,btc-up-or-down-5m,btc-updown-5m,btc-updown-5m-1780744500,0x690d0536934ec808584aef4b02d3815edf9a155481f33ef855f4377bcf69131c,1780744500,1780744800,2026-06-06T11:15:00Z,2026-06-06T11:20:00Z,True,60611.62173556587,60670.81973076313,gamma_finalPrice,Up,59.19799519726075,9.766773021769252,77634.91720999993,0.99,0.98,0.99
5m,300,btc-up-or-down-5m,btc-updown-5m,btc-updown-5m-1780744800,0xcefd1279aeda85425a7ca8054ec770806d0f0db090937be774cba36753e19ac2,1780744800,1780745100,2026-06-06T11:20:00Z,2026-06-06T11:25:00Z,True,60670.81973076313,60688.71743078113,gamma_finalPrice,Up,17.89770001800207,2.9499683863554336,86337.08577999992,0.99,0.47,0.48
5m,300,btc-up-or-down-5m,btc-updown-5m,btc-updown-5m-1780745100,0x082d5c0f92834f0a02e3a0763d9998f0aaa2dbcc02dfbb0a82619ee43c161b40,1780745100,1780745400,2026-06-06T11:25:00Z,2026-06-06T11:30:00Z,True,60688.71743078113,60774.38578005405,gamma_finalPrice,Up,85.66834927292075,14.116025663358315,62340.391339999915,0.99,0.79,0.8
5m,300,btc-up-or-down-5m,btc-updown-5m,btc-updown-5m-1780745400,0x0b2dfe3445be9f50ed261c1221168fa0a13ef0015859daba6dd7986bb32100d0,1780745400,1780745700,2026-06-06T11:30:00Z,2026-06-06T11:35:00Z,True,60774.38578005405,60808.101709999995,gamma_finalPrice,Up,33.71592994594539,5.547720394569721,85541.83407900018,0.99,0.5,0.51
5m,300,btc-up-or-down-5m,btc-updown-5m,btc-updown-5m-1780745700,0x341cf08ed9d0c5b9553acb05422a5a9cbe6c9a371470a8e6d772357dc1b3e535,1780745700,1780746000,2026-06-06T11:35:00Z,2026-06-06T11:40:00Z,True,60808.101709999995,60817.8893079781,gamma_finalPrice,Up,9.787597978101985,1.6095878185410282,76317.91544099996,0.99,0.19,0.2
5m,300,btc-up-or-down-5m,btc-updown-5m,btc-updown-5m-1780746000,0x4898b10df1b537cdccd6f402a3f66bf690232132dede6843ecfa416720bf2019,1780746000,1780746300,2026-06-06T11:40:00Z,2026-06-06T11:45:00Z,True,60817.8893079781,60798.95506,gamma_finalPrice,Down,-18.93424797809712,3.113269499080318,67833.02992899991,0.01,0.49,0.5
5m,300,btc-up-or-down-5m,btc-updown-5m,btc-updown-5m-1780746300,0xbcb0ff27ac328f26d369cf04d4870dd009dbbc681a8fc431fd639d9989a6e550,1780746300,1780746600,2026-06-06T11:45:00Z,2026-06-06T11:50:00Z,True,60798.95506,60855.78411497852,gamma_finalPrice,Up,56.829054978523345,9.347044685626763,69338.28124200001,0.99,0.93,0.94
5m,300,btc-up-or-down-5m,btc-updown-5m,btc-updown-5m-1780746600,0x9d27e999c555d8e7cdf06cd6a501e8162ccdd2e623edaad093da759d1c31adf5,1780746600,1780746900,2026-06-06T11:50:00Z,2026-06-06T11:55:00Z,True,60855.78411497852,60881.85821792443,gamma_finalPrice,Up,26.074102945909544,4.284572670470593,50383.594285000065,0.99,0.5,0.51
5m,300,btc-up-or-down-5m,btc-updown-5m,btc-updown-5m-1780746900,0xdbb74fb043707318eec82aedbd2376ac378b89d4a580c30ccaf9403a0b3f10eb,1780746900,1780747200,2026-06-06T11:55:00Z,2026-06-06T12:00:00Z,True,60881.85821792443,60771.773349566596,gamma_finalPrice,Down,-110.08486835783697,18.08171951056292,66844.215446,0.01,,0.01
5m,300,btc-up-or-down-5m,btc-updown-5m,btc-updown-5m-1780747200,0xb24631bd9bf1ce4378a75a5821d8be53a91896b621a9a34597fc30c947de242a,1780747200,1780747500,2026-06-06T12:00:00Z,2026-06-06T12:05:00Z,True,60771.773349566596,60900.372711048316,gamma_finalPrice,Up,128.59936148171982,21.161034867618675,76936.51387600006,0.99,0.64,0.65
5m,300,btc-up-or-down-5m,btc-updown-5m,btc-updown-5m-1780747500,0x959112377107c4f3ed2183ced0c5f350659d6ef7208161dac2ea3867d4b1c744,1780747500,1780747800,2026-06-06T12:05:00Z,2026-06-06T12:10:00Z,True,60900.372711048316,61036.257114593136,gamma_finalPrice,Up,135.8844035448201,22.3125733876122,76646.09679199982,0.99,0.99,1.0
5m,300,btc-up-or-down-5m,btc-updown-5m,btc-updown-5m-1780747800,0x974bf42512c41815eb956bf198d0a75f2b49a58d408e0c1e1174ed08f670c59f,1780747800,1780748100,2026-06-06T12:10:00Z,2026-06-06T12:15:00Z,True,61036.257114593136,61017.896675118915,gamma_finalPrice,Down,-18.360439474221494,3.008120147300399,72339.85206200005,0.01,0.5,0.51
5m,300,btc-up-or-down-5m,btc-updown-5m,btc-updown-5m-1780748100,0xaabcb2b6d0f93aa878594a0be594c3566996d00014a42622af9eb1641c2f4ff8,1780748100,1780748400,2026-06-06T12:15:00Z,2026-06-06T12:20:00Z,True,61017.896675118915,60918.96285804301,gamma_finalPrice,Down,-98.93381707590743,16.213901570987677,68342.35526200027,0.01,0.04,0.05
5m,300,btc-up-or-down-5m,btc-updown-5m,btc-updown-5m-1780748400,0x575e3d9a1d1b7d2b178390c00167defe37c3f33ab92bf855cca963720395c37a,1780748400,1780748700,2026-06-06T12:20:00Z,2026-06-06T12:25:00Z,True,60918.96285804301,60850.02606882429,gamma_finalPrice,Down,-68.9367892187147,11.316146235016394,57669.5670589999,0.01,0.48,0.49
5m,300,btc-up-or-down-5m,btc-updown-5m,btc-updown-5m-1780748700,0x8cfb5e831e7bd0569bac82911eb50f5eb992c778d03fe050bbf0cc9c99609b3d,1780748700,1780749000,2026-06-06T12:25:00Z,2026-06-06T12:30:00Z,True,60850.02606882429,60706.51518316637,gamma_finalPrice,Down,-143.51088565792452,23.584358944334195,59815.807207999955,0.01,0.04,0.05
5m,300,btc-up-or-down-5m,btc-updown-5m,btc-updown-5m-1780749000,0x7b026c70e8bfe39cdf4589c8164c48038aed0f18a636346853ba50f3f89f8dd2,1780749000,1780749300,2026-06-06T12:30:00Z,2026-06-06T12:35:00Z,True,60706.51518316637,60762.21081008865,gamma_finalPrice,Up,55.69562692227919,9.174571584982582,90954.77206200022,0.99,0.5,0.51
5m,300,btc-up-or-down-5m,btc-updown-5m,btc-updown-5m-1780749300,0x974b994742eb3236e6aae3820d0734f097a8d3e41d5c60b5902e608c436d03cf,1780749300,1780749600,2026-06-06T12:35:00Z,2026-06-06T12:40:00Z,True,60762.21081008865,60710.23765011623,gamma_finalPrice,Down,-51.973159972418216,8.553533401682754,74417.29307900004,0.01,0.23,0.24
5m,300,btc-up-or-down-5m,btc-updown-5m,btc-updown-5m-1780749600,0xbd5af4ac875e128069a26068ca9545468e077716df536f4d88350230c9198472,1780749600,1780749900,2026-06-06T12:40:00Z,2026-06-06T12:45:00Z,True,60710.23765011623,60803.686735594616,gamma_finalPrice,Up,93.44908547838713,15.39264036766758,57713.38878399983,0.99,0.5,0.51
5m,300,btc-up-or-down-5m,btc-updown-5m,btc-updown-5m-1780749900,0x19469448f721752280622107d52d6b54875be57673620ebd4bee8224f2be1ed4,1780749900,1780750200,2026-06-06T12:45:00Z,2026-06-06T12:50:00Z,True,60803.686735594616,60994.96260064307,gamma_finalPrice,Up,191.27586504845385,31.457938706943654,95250.37790099991,0.99,0.98,0.99
5m,300,btc-up-or-down-5m,btc-updown-5m,btc-updown-5m-1780750200,0x72156aafca099a34b14633dbf4525b16d0743b6b084c96692eca3ae7bade13e7,1780750200,1780750500,2026-06-06T12:50:00Z,2026-06-06T12:55:00Z,True,60994.96260064307,61090.56483320164,gamma_finalPrice,Up,95.60223255857272,15.67379148742437,100633.07091199995,0.99,0.5,0.51
5m,300,btc-up-or-down-5m,btc-updown-5m,btc-updown-5m-1780750500,0x65f41f19bb1a264b34af5213d2a38ac637d8db8b9f6d1b1f4a4d099d2dff5f59,1780750500,1780750800,2026-06-06T12:55:00Z,2026-06-06T13:00:00Z,True,61090.56483320164,60993.39800759971,gamma_finalPrice,Down,-97.16682560193294,15.905373582194233,60946.656255999944,0.01,0.08,0.09
5m,300,btc-up-or-down-5m,btc-updown-5m,btc-updown-5m-1780750800,0x742e5b1c394f6887340fd31d91996268e1edb92def1325b732cc5127a80ad297,1780750800,1780751100,2026-06-06T13:00:00Z,2026-06-06T13:05:00Z,True,60993.39800759971,61058.57479152969,gamma_finalPrice,Up,65.17678392997914,10.685875202732298,84508.14984999981,0.99,0.47,0.48
5m,300,btc-up-or-down-5m,btc-updown-5m,btc-updown-5m-1780751100,0x3cd828fa2055b3298077de59df690d46d0f6941f83b421b5d71bedb96a82540f,1780751100,1780751400,2026-06-06T13:05:00Z,2026-06-06T13:10:00Z,True,61058.57479152969,60995.57297013064,gamma_finalPrice,Down,-63.00182139904791,10.318259411418133,68852.14878699985,0.01,0.02,0.03
5m,300,btc-up-or-down-5m,btc-updown-5m,btc-updown-5m-1780751400,0x1bd635818c2c5f476b52dcc8975324f60943b0426d42a6ff4c581fe3e7cadc5c,1780751400,1780751700,2026-06-06T13:10:00Z,2026-06-06T13:15:00Z,True,60995.57297013064,60978.76907737958,gamma_finalPrice,Down,-16.803892751064268,2.7549364540428347,70191.02788999995,0.01,0.5,0.51
5m,300,btc-up-or-down-5m,btc-updown-5m,btc-updown-5m-1780751700,0xd62dc5608cb87ace7cdff078cfddd6f96a150c6d19821372aab97845f3c7a3bc,1780751700,1780752000,2026-06-06T13:15:00Z,2026-06-06T13:20:00Z,True,60978.76907737958,60899.67309390115,gamma_finalPrice,Down,-79.09598347842984,12.971069222151772,61904.701482999844,0.01,0.23,0.24
5m,300,btc-up-or-down-5m,btc-updown-5m,btc-updown-5m-1780752000,0x2baef3555366c583a058d50e03bedac2a6f31322d36141839f31944306046e9d,1780752000,1780752300,2026-06-06T13:20:00Z,2026-06-06T13:25:00Z,True,60899.67309390115,60899.54759198043,gamma_finalPrice,Down,-0.1255019207164878,0.020607979376667016,102729.15674499996,0.01,0.49,0.5
5m,300,btc-up-or-down-5m,btc-updown-5m,btc-updown-5m-1780752300,0x5d45dfd1954cd4d521e5d31009eda284fffa71880caef3491929dd8dfe05a246,1780752300,1780752600,2026-06-06T13:25:00Z,2026-06-06T13:30:00Z,True,60899.54759198043,60850.05534837338,gamma_finalPrice,Down,-49.492243607048295,8.126865562063008,65288.04378699994,0.01,0.13,0.14
5m,300,btc-up-or-down-5m,btc-updown-5m,btc-updown-5m-1780752600,0x0416b7a2be32125415e5ef274e47bba1322551629b30928ca8945a07c7b6f184,1780752600,1780752900,2026-06-06T13:30:00Z,2026-06-06T13:35:00Z,True,60850.05534837338,60756.462224999996,gamma_finalPrice,Down,-93.59312337338633,15.380943014358035,79469.13329000016,0.01,0.53,0.54
5m,300,btc-up-or-down-5m,btc-updown-5m,btc-updown-5m-1780752900,0x4511182d6f43c72a335c9412667328ee6a96ef8e28b7921a7ee00494e2ffd786,1780752900,1780753200,2026-06-06T13:35:00Z,2026-06-06T13:40:00Z,True,60756.462224999996,60786.00501538294,gamma_finalPrice,Up,29.542790382947715,4.862493519379323,72904.23853999974,0.99,0.87,0.88
5m,300,btc-up-or-down-5m,btc-updown-5m,btc-updown-5m-1780753200,0x0539012b0fe767765f3918ea9acb8aab8e8368860aaf6195b1d62846282bba68,1780753200,1780753500,2026-06-06T13:40:00Z,2026-06-06T13:45:00Z,True,60786.00501538294,60871.02939471093,gamma_finalPrice,Up,85.02437932798784,13.987492566170612,61366.77672899982,0.99,0.48,0.49
5m,300,btc-up-or-down-5m,btc-updown-5m,btc-updown-5m-1780753500,0x21dfa7c54b314d4b8cc8b7be762401cd21106fb30003c2ade5fb4aad546aa6bd,1780753500,1780753800,2026-06-06T13:45:00Z,2026-06-06T13:50:00Z,True,60871.02939471093,60790.345830000006,gamma_finalPrice,Down,-80.68356471092557,13.254838223244528,89167.69060599979,0.01,0.46,0.47
5m,300,btc-up-or-down-5m,btc-updown-5m,btc-updown-5m-1780753800,0xd8e692fdd46dc71d76534c5ec7c05a7e4c648d2bf78ffc256c6a8a24c92b95f4,1780753800,1780754100,2026-06-06T13:50:00Z,2026-06-06T13:55:00Z,True,60790.345830000006,60753.68238433571,gamma_finalPrice,Down,-36.66344566429325,6.031129641345099,85715.85923299995,0.01,0.5,0.51
5m,300,btc-up-or-down-5m,btc-updown-5m,btc-updown-5m-1780754100,0x9d2813af0c95d3ce95eb450caf92b8304038b3f1987025f0a548d3f6a7cf6f9e,1780754100,1780754400,2026-06-06T13:55:00Z,2026-06-06T14:00:00Z,True,60753.68238433571,60772.68234834413,gamma_finalPrice,Up,18.999964008420648,3.1273765248046033,66859.58395599993,0.99,0.45,0.46
5m,300,btc-up-or-down-5m,btc-updown-5m,btc-updown-5m-1780754400,0x2844e4ce6b9934f7023929cbdadf78637d1e208c9072e3919080b8d8c1dca17f,1780754400,1780754700,2026-06-06T14:00:00Z,2026-06-06T14:05:00Z,True,60772.68234834413,60919.01638801843,gamma_finalPrice,Up,146.3340396742933,24.078917372038696,76382.32082800011,0.99,0.5,0.51
5m,300,btc-up-or-down-5m,btc-updown-5m,btc-updown-5m-1780754700,0xab37900d6ecdb7af1ddbc39f9efe7c51b84973f4f4589e5821855de777c3bf8b,1780754700,1780755000,2026-06-06T14:05:00Z,2026-06-06T14:10:00Z,True,60919.01638801843,60862.15435377079,gamma_finalPrice,Down,-56.862034247635165,9.334036827754627,104744.440939,0.01,0.54,0.55
5m,300,btc-up-or-down-5m,btc-updown-5m,btc-updown-5m-1780755000,0x2cc5397638637f0ec9f1941010bea33e4a79c8daa50b251c102f06ce9bb0235c,1780755000,1780755300,2026-06-06T14:10:00Z,2026-06-06T14:15:00Z,True,60862.15435377079,60873.9318291719,gamma_finalPrice,Up,11.777475401111587,1.935106557788469,74822.093283,0.99,0.5,0.51
5m,300,btc-up-or-down-5m,btc-updown-5m,btc-updown-5m-1780755300,0x78a2f875c8a26115c496284041a4125a74a54278ffdfb2c90be0c6399e2d7796,1780755300,1780755600,2026-06-06T14:15:00Z,2026-06-06T14:20:00Z,True,60873.9318291719,60956.74869361175,gamma_finalPrice,Up,82.81686443984654,13.604651769866324,59278.670161999944,0.99,0.67,0.68
5m,300,btc-up-or-down-5m,btc-updown-5m,btc-updown-5m-1780755600,0x5b544676213c7ba631a3d76719aacc1570c34eac4e951807107e15eb40ecdc50,1780755600,1780755900,2026-06-06T14:20:00Z,2026-06-06T14:25:00Z,True,60956.74869361175,60886.859022332836,gamma_finalPrice,Down,-69.88967127891374,11.465452599875649,59599.14212399973,0.01,0.5,0.51
5m,300,btc-up-or-down-5m,btc-updown-5m,btc-updown-5m-1780755900,0x1a804507d24120710d5fe1418bcf43a3e94dae4cca0c9c220d103e939678a00e,1780755900,1780756200,2026-06-06T14:25:00Z,2026-06-06T14:30:00Z,True,60886.859022332836,60854.637534706686,gamma_finalPrice,Down,-32.22148762614961,5.292026579057234,67178.05158000012,0.01,0.18,0.19
5m,300,btc-up-or-down-5m,btc-updown-5m,btc-updown-5m-1780756200,0x3e553555c6cb4f797f6ee7a6e8a0526effded01291faf34db6b82cc0452676a0,1780756200,1780756500,2026-06-06T14:30:00Z,2026-06-06T14:35:00Z,True,60854.637534706686,60914.01790508194,gamma_finalPrice,Up,59.38037037525646,9.757739554588683,74109.5804239999,0.99,0.5,0.51
5m,300,btc-up-or-down-5m,btc-updown-5m,btc-updown-5m-1780756500,0x48044aeb98d7a7e7abfa130d39b59a4cb225c5e71a2b98e774034851bc095868,1780756500,1780756800,2026-06-06T14:35:00Z,2026-06-06T14:40:00Z,True,60914.01790508194,60931.690967680865,gamma_finalPrice,Up,17.673062598922115,2.9013129008270004,73337.80817600008,0.99,0.76,0.77
5m,300,btc-up-or-down-5m,btc-updown-5m,btc-updown-5m-1780756800,0xd1ecb9ff6d66ad2fcd61df85b6b346fbf17566e5c572dcdc1ea39df5776f051e,1780756800,1780757100,2026-06-06T14:40:00Z,2026-06-06T14:45:00Z,True,60931.690967680865,60925.8585780219,gamma_finalPrice,Down,-5.83238965896453,0.9572013456935115,71561.61225400008,0.01,0.5,0.51
5m,300,btc-up-or-down-5m,btc-updown-5m,btc-updown-5m-1780757100,0x50ed161538e8e144e7a9841c1d1235e3a18fed072fb19f59d90651e001251c1b,1780757100,1780757400,2026-06-06T14:45:00Z,2026-06-06T14:50:00Z,True,60925.8585780219,60947.7388768966,gamma_finalPrice,Up,21.880298874697473,3.591299225874261,87105.97557499977,0.99,0.35,0.36
5m,300,btc-up-or-down-5m,btc-updown-5m,btc-updown-5m-1780757400,0x4a140ae740ef82c9bf55c00dc64ffc2e62e865f59ae5260fd2b60d4a1ea79a2d,1780757400,1780757700,2026-06-06T14:50:00Z,2026-06-06T14:55:00Z,True,60947.7388768966,60928.91112555785,gamma_finalPrice,Down,-18.827751338751114,3.0891632217529454,86833.87033399989,0.01,,0.01
5m,300,btc-up-or-down-5m,btc-updown-5m,btc-updown-5m-1780757700,0xaf8d518711226653b05a90d2200d2c5bc4831c66d8b9d079051821ec60875171,1780757700,1780758000,2026-06-06T14:55:00Z,2026-06-06T15:00:00Z,True,60928.91112555785,60764.78312,gamma_finalPrice,Down,-164.12800555784634,26.937623293418678,71481.70861099988,0.01,0.31,0.32
5m,300,btc-up-or-down-5m,btc-updown-5m,btc-updown-5m-1780758000,0x7b4578700ee0a51b35314eff5ac4ec9c355b2b2ea920abd1e3f20f048e6cbb52,1780758000,1780758300,2026-06-06T15:00:00Z,2026-06-06T15:05:00Z,True,60764.78312,60603.56499,gamma_finalPrice,Down,-161.2181300000011,26.531507515072178,101863.70067999973,0.01,,0.01
5m,300,btc-up-or-down-5m,btc-updown-5m,btc-updown-5m-1780758300,0xa826b230e5d9edd78058da6427c055522972b2af6248f118e79b856fcfc62a35,1780758300,1780758600,2026-06-06T15:05:00Z,2026-06-06T15:10:00Z,True,60603.56499,60690.79172595585,gamma_finalPrice,Up,87.22673595585366,14.39300410301715,89092.22473799979,0.99,0.52,0.53
5m,300,btc-up-or-down-5m,btc-updown-5m,btc-updown-5m-1780758600,0x72c4c57b1c4655d73f9825c234cfc2a2ad750ae6815a000e7e8f80a2d2db1209,1780758600,1780758900,2026-06-06T15:10:00Z,2026-06-06T15:15:00Z,True,60690.79172595585,60588.234271902846,gamma_finalPrice,Down,-102.55745405300695,16.89835494585348,65282.91158699994,0.01,,0.01
5m,300,btc-up-or-down-5m,btc-updown-5m,btc-updown-5m-1780758900,0x90552ab77e2fe8f17356690b05b6071837aeaee31fbff16fc6e4c6e407d0d7a2,1780758900,1780759200,2026-06-06T15:15:00Z,2026-06-06T15:20:00Z,True,60588.234271902846,60450.16208,gamma_finalPrice,Down,-138.07219190284377,22.788614582034995,76684.59355299988,0.01,0.49,0.5
5m,300,btc-up-or-down-5m,btc-updown-5m,btc-updown-5m-1780759200,0xe51b3a728e3dc5200d62b1e55a6e58717117d109081eca5eb4776a48321a45e8,1780759200,1780759500,2026-06-06T15:20:00Z,2026-06-06T15:25:00Z,True,60450.16208,60524.5395664258,gamma_finalPrice,Up,74.37748642580118,12.303934988192372,72536.09510600008,0.99,0.96,0.97
5m,300,btc-up-or-down-5m,btc-updown-5m,btc-updown-5m-1780759500,0xb9412b6851e8767bfac6f91a7908708859576b23aea4bd05bd9345f8e808f810,1780759500,1780759800,2026-06-06T15:25:00Z,2026-06-06T15:30:00Z,True,60524.5395664258,60643.115654817564,gamma_finalPrice,Up,118.576088391761,19.591406930344924,55720.947576999955,0.99,0.51,0.52
5m,300,btc-up-or-down-5m,btc-updown-5m,btc-updown-5m-1780759800,0xd201e7dbe02e644ca2e758f58788869c7c1176e8d188fe9dde4fc2ed57e3da91,1780759800,1780760100,2026-06-06T15:30:00Z,2026-06-06T15:35:00Z,True,60643.115654817564,60693.55040926264,gamma_finalPrice,Up,50.43475444507931,8.316649614798067,102248.04365499994,0.99,0.88,0.89
5m,300,btc-up-or-down-5m,btc-updown-5m,btc-updown-5m-1780760100,0x594bbc7e81e7a39df3f0e8af68b01e92f79545c671f670bb63d6c630521a3c86,1780760100,1780760400,2026-06-06T15:35:00Z,2026-06-06T15:40:00Z,True,60693.55040926264,60764.27305028317,gamma_finalPrice,Up,70.72264102052577,11.652414555358185,79498.8766269999,0.99,0.46,0.47
5m,300,btc-up-or-down-5m,btc-updown-5m,btc-updown-5m-1780760400,0x0774d164c7eff6556c784c0dd9dbb4388100cac13fa9b5deac6e7645a8eb8dac,1780760400,1780760700,2026-06-06T15:40:00Z,2026-06-06T15:45:00Z,True,60764.27305028317,60830.562965914796,gamma_finalPrice,Up,66.28991563162708,10.909357144250105,67154.63305899997,0.99,0.99,1.0
5m,300,btc-up-or-down-5m,btc-updown-5m,btc-updown-5m-1780760700,0xbeb611f72fdfbccb7894e7bcfdaab0c7db60a1ead6c9d2b2572d2f47958f794a,1780760700,1780761000,2026-06-06T15:45:00Z,2026-06-06T15:50:00Z,True,60830.562965914796,60775.51688763124,gamma_finalPrice,Down,-55.04607828355802,9.04908250058478,85076.48903299973,0.01,0.47,0.48
5m,300,btc-up-or-down-5m,btc-updown-5m,btc-updown-5m-1780761000,0x9d18b1b3cbbf16014f13a46cff59fc733b42c483d20c705cd5ea37be2f45e985,1780761000,1780761300,2026-06-06T15:50:00Z,2026-06-06T15:55:00Z,True,60775.51688763124,60733.08616269282,gamma_finalPrice,Down,-42.43072493841464,6.9815490038308425,64890.75217599993,0.01,0.1,0.11
5m,300,btc-up-or-down-5m,btc-updown-5m,btc-updown-5m-1780761300,0xdf5d41d27b2e909622777a5dd4d71e866920108d8d0cf8f36c33c8121ef531b3,1780761300,1780761600,2026-06-06T15:55:00Z,2026-06-06T16:00:00Z,True,60733.08616269282,60753.11858467638,gamma_finalPrice,Up,20.032421983552922,3.298436362988327,69068.62640800017,0.99,0.5,0.51
5m,300,btc-up-or-down-5m,btc-updown-5m,btc-updown-5m-1780761600,0x498537cb5c505e24a534ec232ffab05332ebfe511a4dd52c4304fba1d1f06a20,1780761600,1780761900,2026-06-06T16:00:00Z,2026-06-06T16:05:00Z,True,60753.11858467638,60880.39758787406,gamma_finalPrice,Up,127.27900319768378,20.950200773691158,76824.64687200001,0.99,0.21,0.22
5m,300,btc-up-or-down-5m,btc-updown-5m,btc-updown-5m-1780761900,0x56644c012f3cc3e756a1ff174bbe29ecf201b1bf1c02d961bc0e599ca79254ea,1780761900,1780762200,2026-06-06T16:05:00Z,2026-06-06T16:10:00Z,True,60880.39758787406,60797.31231847124,gamma_finalPrice,Down,-83.08526940282172,13.647294152916364,93099.71281899995,0.01,0.06,0.07
5m,300,btc-up-or-down-5m,btc-updown-5m,btc-updown-5m-1780762200,0x0f36e3092e36c2a8acff636943b8f358a2432867efbcbeeac326d4861003eb14,1780762200,1780762500,2026-06-06T16:10:00Z,2026-06-06T16:15:00Z,True,60797.31231847124,60754.61260238204,gamma_finalPrice,Down,-42.69971608919877,7.023290086497111,75171.89842799994,0.01,0.5,0.51
5m,300,btc-up-or-down-5m,btc-updown-5m,btc-updown-5m-1780762500,0x80b2086ac0d1fc073b59f4a5c490635f165f16818a66a2cd3efc0a6ffad8e21e,1780762500,1780762800,2026-06-06T16:15:00Z,2026-06-06T16:20:00Z,True,60754.61260238204,60747.92999969163,gamma_finalPrice,Down,-6.682602690409112,1.099933388456353,86029.51626899988,0.01,0.45,0.46
5m,300,btc-up-or-down-5m,btc-updown-5m,btc-updown-5m-1780762800,0x954e2764f2a3b053b33cf4f93c886c8158d72e3952beee5c4f623616e0c2f53b,1780762800,1780763100,2026-06-06T16:20:00Z,2026-06-06T16:25:00Z,True,60747.92999969163,60689.61911,gamma_finalPrice,Down,-58.31088969163102,9.598827431967973,84628.96322000005,0.01,0.5,0.51
5m,300,btc-up-or-down-5m,btc-updown-5m,btc-updown-5m-1780763100,0x8a49950675822f2949bda510ce39645324abf2ecef96af4f0a2b9786a085335b,1780763100,1780763400,2026-06-06T16:25:00Z,2026-06-06T16:30:00Z,True,60689.61911,60593.73963807572,gamma_finalPrice,Down,-95.87947192427964,15.79833146596257,82213.06333400014,0.01,0.1,0.11
5m,300,btc-up-or-down-5m,btc-updown-5m,btc-updown-5m-1780763400,0x6f323839f139e68e79a254a33c10ea49cbee6eb3cc971d644cadd4152bda705c,1780763400,1780763700,2026-06-06T16:30:00Z,2026-06-06T16:35:00Z,True,60593.73963807572,60490.22771124924,gamma_finalPrice,Down,-103.51192682648252,17.08294081942386,82104.34191100016,0.01,0.51,0.52
5m,300,btc-up-or-down-5m,btc-updown-5m,btc-updown-5m-1780763700,0x7efe8e3c39686e12449daff21dc272f5c013ce20f52f928a818cc7aa55e7dde8,1780763700,1780764000,2026-06-06T16:35:00Z,2026-06-06T16:40:00Z,True,60490.22771124924,60568.76839724167,gamma_finalPrice,Up,78.54068599243328,12.984028819886099,67970.30084699993,0.99,0.66,0.67
5m,300,btc-up-or-down-5m,btc-updown-5m,btc-updown-5m-1780764000,0x12eccc698fe83a53969a3662435db77bf2f1f7b7f3cdcf3cbca99416fe504951,1780764000,1780764300,2026-06-06T16:40:00Z,2026-06-06T16:45:00Z,True,60568.76839724167,60735.00534610527,gamma_finalPrice,Up,166.2369488635959,27.44598466545118,59970.00818200001,0.99,0.5,0.51
5m,300,btc-up-or-down-5m,btc-updown-5m,btc-updown-5m-1780764300,0x3e00aad310bfd238995965f69a5b0bdf4ecc5421a9bafadbf92027dd721e9df9,1780764300,1780764600,2026-06-06T16:45:00Z,2026-06-06T16:50:00Z,True,60735.00534610527,60807.07968992718,gamma_finalPrice,Up,72.07434382191423,11.867018601742187,74439.51571300018,0.99,0.5,0.51
5m,300,btc-up-or-down-5m,btc-updown-5m,btc-updown-5m-1780764600,0xbc8eb427cc9ebcc9a3b1e56f829e6a21148ae08651d6d157c19eec5e0621d2b4,1780764600,1780764900,2026-06-06T16:50:00Z,2026-06-06T16:55:00Z,True,60807.07968992718,60791.42405003302,gamma_finalPrice,Down,-15.65563989416114,2.5746409750301704,59086.1028389999,0.01,0.5,0.51
5m,300,btc-up-or-down-5m,btc-updown-5m,btc-updown-5m-1780764900,0xed750077e4d780d95f107867ff67dd3f1604bf29784eda4eb608b8ea5c28a33e,1780764900,1780765200,2026-06-06T16:55:00Z,2026-06-06T17:00:00Z,True,60791.42405003302,60749.20669885853,gamma_finalPrice,Down,-42.21735117449134,6.944622836889837,52881.31253699987,0.01,0.1,0.11
5m,300,btc-up-or-down-5m,btc-updown-5m,btc-updown-5m-1780765200,0xbd12e02809bfdb771ce6c3a98e97b6076c2c7fcd34ad3d9be68e52f49c545499,1780765200,1780765500,2026-06-06T17:00:00Z,2026-06-06T17:05:00Z,True,60749.20669885853,60757.2632106971,gamma_finalPrice,Up,8.056511838571168,1.3261921062621136,106505.59187899977,0.99,0.49,0.5
5m,300,btc-up-or-down-5m,btc-updown-5m,btc-updown-5m-1780765500,0x88ed1e6765ed965f02a8f7a685dc53bd6fa1ef3fd0e3741c36b84a82cd18a928,1780765500,1780765800,2026-06-06T17:05:00Z,2026-06-06T17:10:00Z,True,60757.2632106971,60604.64236787951,gamma_finalPrice,Down,-152.6208428175887,25.119769185179138,65603.78299800014,0.01,0.06,0.07
5m,300,btc-up-or-down-5m,btc-updown-5m,btc-updown-5m-1780765800,0x8bc5560c0f80e118ba611d44853b462b13935d46175cc5bb4dc6ef8f512aa27a,1780765800,1780766100,2026-06-06T17:10:00Z,2026-06-06T17:15:00Z,True,60604.64236787951,60692.98318293709,gamma_finalPrice,Up,88.34081505757786,14.576575589925191,77115.83703800023,0.99,0.42,0.43
5m,300,btc-up-or-down-5m,btc-updown-5m,btc-updown-5m-1780766100,0x3bb3c702e6bc3218499d9961b2401628ee7d21fdaa3edc74e779ab463a08d0ac,1780766100,1780766400,2026-06-06T17:15:00Z,2026-06-06T17:20:00Z,True,60692.98318293709,60700.48946740999,gamma_finalPrice,Up,7.506284472903644,1.2367631444772882,138788.5940289997,0.99,0.48,0.49
5m,300,btc-up-or-down-5m,btc-updown-5m,btc-updown-5m-1780766400,0xe37fa948d09d56f4531bee225a5c1c084aabc99d5f8443b4bc12ab2d14d4b9f7,1780766400,1780766700,2026-06-06T17:20:00Z,2026-06-06T17:25:00Z,True,60700.48946740999,60590.04708657322,gamma_finalPrice,Down,-110.44238083677192,18.194644195755338,89697.81246600006,0.01,0.5,0.51
5m,300,btc-up-or-down-5m,btc-updown-5m,btc-updown-5m-1780766700,0x0f1959988b1ec5a207e59ba4e9be2260e7971c7d84d2d0e37fc052929cf6c915,1780766700,1780767000,2026-06-06T17:25:00Z,2026-06-06T17:30:00Z,True,60590.04708657322,60653.0861274522,gamma_finalPrice,Up,63.03904087898263,10.404190772274893,64778.5396869999,0.99,0.71,0.72
5m,300,btc-up-or-down-5m,btc-updown-5m,btc-updown-5m-1780767000,0xde98c3bc0d84766d2db6750b3db99b54946394eded01c26d0a3f55ba3c2b598e,1780767000,1780767300,2026-06-06T17:30:00Z,2026-06-06T17:35:00Z,True,60653.0861274522,60756.18921766185,gamma_finalPrice,Up,103.10309020964633,16.99882014131855,68745.02784400007,0.99,0.99,1.0
5m,300,btc-up-or-down-5m,btc-updown-5m,btc-updown-5m-1780767300,0xf4eafbb885383342942b2c61177fcbbd7b0b2c4cf38021d08be1a9b64ada4f6f,1780767300,1780767600,2026-06-06T17:35:00Z,2026-06-06T17:40:00Z,True,60756.18921766185,60620.503635376386,gamma_finalPrice,Down,-135.68558228546317,22.332800004846142,70430.60840299999,0.01,0.46,0.47
5m,300,btc-up-or-down-5m,btc-updown-5m,btc-updown-5m-1780767600,0xb6de2e59daaeb9a2a38ab8f060c2c9fbc0d9771509cd567e8d3dcc2d69c98696,1780767600,1780767900,2026-06-06T17:40:00Z,2026-06-06T17:45:00Z,True,60620.503635376386,60678.79290461163,gamma_finalPrice,Up,58.28926923524705,9.615437968950014,59523.145220999926,0.99,0.97,0.98
5m,300,btc-up-or-down-5m,btc-updown-5m,btc-updown-5m-1780767900,0x34ee658f228d1e4dd3a04d2b463538cdaca9307ba551823d96ffa27126a7960f,1780767900,1780768200,2026-06-06T17:45:00Z,2026-06-06T17:50:00Z,True,60678.79290461163,60569.74013070445,gamma_finalPrice,Down,-109.05277390718402,17.972139636761945,69790.6258869999,0.01,0.5,0.51
5m,300,btc-up-or-down-5m,btc-updown-5m,btc-updown-5m-1780768200,0xd80be5141fb979dcfb443a3f0be8892374e7f4861bb163f898b82f0ef49c88e7,1780768200,1780768500,2026-06-06T17:50:00Z,2026-06-06T17:55:00Z,True,60569.74013070445,60558.7728,gamma_finalPrice,Down,-10.967330704450433,1.8106946935522337,110457.74180499994,0.01,0.74,0.75
5m,300,btc-up-or-down-5m,btc-updown-5m,btc-updown-5m-1780768500,0xc1a70b2472497431d6c187ecd2806ae12cc59c37d1c5dfabc410b45bf1b20868,1780768500,1780768800,2026-06-06T17:55:00Z,2026-06-06T18:00:00Z,True,60558.7728,60554.038198179966,gamma_finalPrice,Down,-4.7346018200332765,0.7818193138869678,89521.07155399994,0.01,0.49,0.5
5m,300,btc-up-or-down-5m,btc-updown-5m,btc-updown-5m-1780768800,0x516606640340e67aa5659c6eea1ae64d4968b58ca2ef980f27e65b2564812c82,1780768800,1780769100,2026-06-06T18:00:00Z,2026-06-06T18:05:00Z,True,60554.038198179966,60553.773630726006,gamma_finalPrice,Down,-0.26456745395989856,0.043691133049463655,107138.94002300019,0.01,0.31,0.32
5m,300,btc-up-or-down-5m,btc-updown-5m,btc-updown-5m-1780769100,0x5abd9356a483c2064b6a795d51f22a3c4ef6472b96b40ad20927e0f2e5061e1b,1780769100,1780769400,2026-06-06T18:05:00Z,2026-06-06T18:10:00Z,True,60553.773630726006,60445.870003707976,gamma_finalPrice,Down,-107.90362701802951,17.819471941758124,68465.5467389999,0.01,0.5,0.51
5m,300,btc-up-or-down-5m,btc-updown-5m,btc-updown-5m-1780769400,0x94cc1afc5d17dc054cbb566060e5c7a6626e02810f6de546b8663e437ad12813,1780769400,1780769700,2026-06-06T18:10:00Z,2026-06-06T18:15:00Z,True,60445.870003707976,60464.64877764106,gamma_finalPrice,Up,18.77877393308154,3.1067091816082018,82534.2179749999,0.99,0.5,0.51
5m,300,btc-up-or-down-5m,btc-updown-5m,btc-updown-5m-1780769700,0x84f468b505b45d8fb74ae5de19cc607c7d8eb1f23cf0f10ecdf4958d7b2babd1,1780769700,1780770000,2026-06-06T18:15:00Z,2026-06-06T18:20:00Z,True,60464.64877764106,60412.71176694443,gamma_finalPrice,Down,-51.93701069663075,8.589648951344987,95769.80329299998,0.01,0.5,0.51
5m,300,btc-up-or-down-5m,btc-updown-5m,btc-updown-5m-1780770000,0x1876c14a7e2b85e17bdccfcdb2d57568fd59b9fa14b6524d81593ce513e70f8f,1780770000,1780770300,2026-06-06T18:20:00Z,2026-06-06T18:25:00Z,True,60412.71176694443,60491.666705472824,gamma_finalPrice,Up,78.95493852839718,13.069259137544353,74797.11865600012,0.99,0.99,1.0
5m,300,btc-up-or-down-5m,btc-updown-5m,btc-updown-5m-1780770300,0xacf48e579605d4408a6f1c5187ac135527198d9bf25ea1a026f31a424fee8eb7,1780770300,1780770600,2026-06-06T18:25:00Z,2026-06-06T18:30:00Z,True,60491.666705472824,60683.82715220969,gamma_finalPrice,Up,192.16044673686702,31.766432833215653,70593.42970399997,0.99,0.51,0.52
5m,300,btc-up-or-down-5m,btc-updown-5m,btc-updown-5m-1780770600,0xa43d5c7e87f8dbd841517d3a60c09da34ac30a2be0f657a50d3d8d2ddce75915,1780770600,1780770900,2026-06-06T18:30:00Z,2026-06-06T18:35:00Z,True,60683.82715220969,60555.01698683592,gamma_finalPrice,Down,-128.81016537376854,21.226440621597835,61716.58980899977,0.01,0.01,0.02
5m,300,btc-up-or-down-5m,btc-updown-5m,btc-updown-5m-1780770900,0x92f9836be6e43d212201b8e8356e92c938993e4359cb8055bd1ea2d821927567,1780770900,1780771200,2026-06-06T18:35:00Z,2026-06-06T18:40:00Z,True,60555.01698683592,60625.66274496089,gamma_finalPrice,Up,70.6457581249706,11.666375742298662,70333.37980899999,0.99,0.48,0.49
5m,300,btc-up-or-down-5m,btc-updown-5m,btc-updown-5m-1780771200,0x251c2450fefc6b2ec30e118bd721372f1fb0a61a66112bc2f85f2968a2185bcc,1780771200,1780771500,2026-06-06T18:40:00Z,2026-06-06T18:45:00Z,True,60625.66274496089,60580.7350708175,gamma_finalPrice,Down,-44.92767414339323,7.410669361652059,69328.25306999998,0.01,0.29,0.3
5m,300,btc-up-or-down-5m,btc-updown-5m,btc-updown-5m-1780771500,0x5985c527bdbe714369b9f6b2441bab642774b4146e3843e29d8d30975c164852,1780771500,1780771800,2026-06-06T18:45:00Z,2026-06-06T18:50:00Z,True,60580.7350708175,60512.04702785503,gamma_finalPrice,Down,-68.68804296247254,11.338265024710871,85053.25635499974,0.01,0.5,0.51
5m,300,btc-up-or-down-5m,btc-updown-5m,btc-updown-5m-1780771800,0x24c9da7143c649464d45afbf667da5e240d91cb088fc13f794e8239566c7cb01,1780771800,1780772100,2026-06-06T18:50:00Z,2026-06-06T18:55:00Z,True,60512.04702785503,60591.550687357885,gamma_finalPrice,Up,79.50365950285777,13.138484551061458,82115.71480500001,0.99,0.41,0.42
5m,300,btc-up-or-down-5m,btc-updown-5m,btc-updown-5m-1780772100,0x3f678c240094eb739006e00bc2e3597fc7c08e48f7e5733d3918699824462d2b,1780772100,1780772400,2026-06-06T18:55:00Z,2026-06-06T19:00:00Z,True,60591.550687357885,60609.33747422273,gamma_finalPrice,Up,17.786786864846363,2.9355226369140413,72224.07922599996,0.999,0.97,0.98
5m,300,btc-up-or-down-5m,btc-updown-5m,btc-updown-5m-1780772400,0xefc2aa75c96dd85f52d077081bc0ba503534e72483a8819eefc17190087c17a2,1780772400,1780772700,2026-06-06T19:00:00Z,2026-06-06T19:05:00Z,True,60609.33747422273,60546.15872306353,gamma_finalPrice,Down,-63.178751159204694,10.423930336818934,77438.92469800008,0.01,0.47,0.48
5m,300,btc-up-or-down-5m,btc-updown-5m,btc-updown-5m-1780772700,0x1b6fa4745ebe367e8c4ed9e484087d66f7499c0ea9b1e045f4adcab0c2ce1f86,1780772700,1780773000,2026-06-06T19:05:00Z,2026-06-06T19:10:00Z,True,60546.15872306353,60725.57780246939,gamma_finalPrice,Up,179.41907940585952,29.633437230348086,68980.686611,0.99,0.99,1.0
5m,300,btc-up-or-down-5m,btc-updown-5m,btc-updown-5m-1780773000,0xda6a03acdb89bc00c0ae23567ea8e44f36c7690e2946706552609544ac32771d,1780773000,1780773300,2026-06-06T19:10:00Z,2026-06-06T19:15:00Z,True,60725.57780246939,60699.78738909908,gamma_finalPrice,Down,-25.790413370305032,4.247042894214548,96487.0142139999,0.01,0.49,0.5
5m,300,btc-up-or-down-5m,btc-updown-5m,btc-updown-5m-1780773300,0xba8dd7a89683a05cd533dc4831e78d106502f9f9cb9ae97637783a68c9b7045a,1780773300,1780773600,2026-06-06T19:15:00Z,2026-06-06T19:20:00Z,True,60699.78738909908,60635.91471749584,gamma_finalPrice,Down,-63.87267160323972,10.522717516916781,74270.96563900006,0.01,0.11,0.12
5m,300,btc-up-or-down-5m,btc-updown-5m,btc-updown-5m-1780773600,0x574f49cbf0768790b7df5eb737b32a3f2a6baf7541a48a4b1ffa5db145050e88,1780773600,1780773900,2026-06-06T19:20:00Z,2026-06-06T19:25:00Z,True,60635.91471749584,60634.31727135485,gamma_finalPrice,Down,-1.59744614099327,0.26344884025182264,93386.75186000024,0.01,0.48,0.5
5m,300,btc-up-or-down-5m,btc-updown-5m,btc-updown-5m-1780773900,0x877515dafa830d3f18e332927609b333bddb9ca51b6e93b70e39f2bc518bc5cc,1780773900,1780774200,2026-06-06T19:25:00Z,2026-06-06T19:30:00Z,True,60634.31727135485,60585.07970306986,gamma_finalPrice,Down,-49.23756828498881,8.120412746570144,61361.701242999836,0.01,0.22,0.23
5m,300,btc-up-or-down-5m,btc-updown-5m,btc-updown-5m-1780774200,0xa72b9918f41896e7ed1dea7ee027d78406e4e63643e18d1cf67bfdd009799ff4,1780774200,1780774500,2026-06-06T19:30:00Z,2026-06-06T19:35:00Z,True,60585.07970306986,60593.39437961341,gamma_finalPrice,Up,8.314676543552196,1.3723967327108904,108431.59744799999,0.99,0.5,0.51
5m,300,btc-up-or-down-5m,btc-updown-5m,btc-updown-5m-1780774500,0x6bdad6d7a55018d5926ea74e1e3573dee01167d4bba7de4e077f5743e1d2a6b1,1780774500,1780774800,2026-06-06T19:35:00Z,2026-06-06T19:40:00Z,True,60593.39437961341,60549.76640288846,gamma_finalPrice,Down,-43.62797672495071,7.200120932592828,60270.06526000005,0.01,0.11,0.12
5m,300,btc-up-or-down-5m,btc-updown-5m,btc-updown-5m-1780774800,0x2fd45c67e5c4df5be191751dd5c88129073fa2f3af6ee3945ac25875fa84fa04,1780774800,1780775100,2026-06-06T19:40:00Z,2026-06-06T19:45:00Z,True,60549.76640288846,60594.972838603775,gamma_finalPrice,Up,45.206435715314,7.465996716571557,59083.336866,0.99,0.5,0.51
5m,300,btc-up-or-down-5m,btc-updown-5m,btc-updown-5m-1780775100,0xb43ea8e9d4d28e5e75a7ca45cf85d622c06b3299763418f82ca5a2561323a37f,1780775100,1780775400,2026-06-06T19:45:00Z,2026-06-06T19:50:00Z,True,60594.972838603775,60590.84066475671,gamma_finalPrice,Down,-4.132173847065133,0.681933443236501,82911.23842799988,0.01,0.55,0.56
5m,300,btc-up-or-down-5m,btc-updown-5m,btc-updown-5m-1780775400,0xebb87ecaab664b33f14fa6b2dc8b36c4b84eb8673c5b2e468e85d9e4481a75da,1780775400,1780775700,2026-06-06T19:50:00Z,2026-06-06T19:55:00Z,True,60590.84066475671,60594.23158626993,gamma_finalPrice,Up,3.3909215132225654,0.5596425921838926,83854.65374099999,0.99,0.99,1.0
5m,300,btc-up-or-down-5m,btc-updown-5m,btc-updown-5m-1780775700,0x5aff2fb48f0e1529253f5c18bc13077f6742060c4f5192f75f4182092b96f82c,1780775700,1780776000,2026-06-06T19:55:00Z,2026-06-06T20:00:00Z,True,60594.23158626993,60571.44162474652,gamma_finalPrice,Down,-22.789961523412785,3.7610777341018,64141.189542999964,0.01,0.51,0.52
5m,300,btc-up-or-down-5m,btc-updown-5m,btc-updown-5m-1780776000,0xf1e6fad50830ab9d977a10d932324ac9a42ac7e26f76692e5e77217de91ea248,1780776000,1780776300,2026-06-06T20:00:00Z,2026-06-06T20:05:00Z,True,60571.44162474652,60515.05686771004,gamma_finalPrice,Down,-56.38475703648146,9.308802221647209,81584.30385700002,0.01,,0.01
5m,300,btc-up-or-down-5m,btc-updown-5m,btc-updown-5m-1780776300,0xd908f6f4a5fdfec2fec7198aa0c580dd876ffaacb5df6453cb398f258984ef97,1780776300,1780776600,2026-06-06T20:05:00Z,2026-06-06T20:10:00Z,True,60515.05686771004,60549.5302805348,gamma_finalPrice,Up,34.47341282475827,5.696667012991404,70983.42938700023,0.99,0.52,0.54
5m,300,btc-up-or-down-5m,btc-updown-5m,btc-updown-5m-1780776600,0x9561331eda6a0c9e4c5e65410846e2a672cf6b58b552821f2cee821f6f8ef1ae,1780776600,1780776900,2026-06-06T20:10:00Z,2026-06-06T20:15:00Z,True,60549.5302805348,60546.78298754923,gamma_finalPrice,Down,-2.7472929855648545,0.4537265562319387,81288.89653400019,0.01,0.61,0.62
5m,300,btc-up-or-down-5m,btc-updown-5m,btc-updown-5m-1780776900,0x1534c70ed99588c4f256bb694c6ec5f430eba297899f0d9ff1d830dd929aae33,1780776900,1780777200,2026-06-06T20:15:00Z,2026-06-06T20:20:00Z,True,60546.78298754923,60552.503764231355,gamma_finalPrice,Up,5.72077668212296,0.9448522943488794,103542.62654499989,0.99,0.5,0.51
5m,300,btc-up-or-down-5m,btc-updown-5m,btc-updown-5m-1780777200,0xa5014c531d1879a0168903895e0b182aa7688b43cb31b2b353f4e98632c279a2,1780777200,1780777500,2026-06-06T20:20:00Z,2026-06-06T20:25:00Z,True,60552.503764231355,60575.27270970312,gamma_finalPrice,Up,22.76894547176198,3.760198845024754,64538.70787100016,0.99,0.79,0.8
5m,300,btc-up-or-down-5m,btc-updown-5m,btc-updown-5m-1780777500,0x0a84f7f1491ef1961541d58663513c029721c4648e901eb05b2dad4b3db1f2d0,1780777500,1780777800,2026-06-06T20:25:00Z,2026-06-06T20:30:00Z,True,60575.27270970312,60568.719043124336,gamma_finalPrice,Down,-6.553666578780394,1.0819045933458273,113310.05139600004,0.01,0.5,0.51
5m,300,btc-up-or-down-5m,btc-updown-5m,btc-updown-5m-1780777800,0x549f29843838a08885245c2e4933abe82a905e381ea8a63e34aae5587daffd4b,1780777800,1780778100,2026-06-06T20:30:00Z,2026-06-06T20:35:00Z,True,60568.719043124336,60662.09470768558,gamma_finalPrice,Up,93.37566456124478,15.41648329969835,52988.4047390001,0.99,0.82,0.83
5m,300,btc-up-or-down-5m,btc-updown-5m,btc-updown-5m-1780778100,0x86d6d28acb122deb6f3981a0da8eb25025d55f818ef04f813d145bd4c3100ec0,1780778100,1780778400,2026-06-06T20:35:00Z,2026-06-06T20:40:00Z,True,60662.09470768558,60643.12098858339,gamma_finalPrice,Down,-18.973719102192263,3.127771830765413,56586.42261700004,0.01,0.5,0.51
5m,300,btc-up-or-down-5m,btc-updown-5m,btc-updown-5m-1780778400,0xe1d6f1abc9010c4c6dd7bd92eceb663b3b70bb0c391bac9beb8e5bb2e175e550,1780778400,1780778700,2026-06-06T20:40:00Z,2026-06-06T20:45:00Z,True,60643.12098858339,60706.380932077045,gamma_finalPrice,Up,63.259943493656465,10.431511845435152,71602.27359999999,0.99,0.39,0.4
5m,300,btc-up-or-down-5m,btc-updown-5m,btc-updown-5m-1780778700,0x5eb26c0006e0cad84dad9c27db43981a912f0c91f9c1e60982db6dd9be2553db,1780778700,1780779000,2026-06-06T20:45:00Z,2026-06-06T20:50:00Z,True,60706.380932077045,60639.24188352571,gamma_finalPrice,Down,-67.13904855133296,11.059636156939298,56839.86698099998,0.01,0.5,0.51
5m,300,btc-up-or-down-5m,btc-updown-5m,btc-updown-5m-1780779000,0x3fc9b845919bfeaf4447cae21a3ef366d2616d06dbf497af4ed0e1071d2b35fa,1780779000,1780779300,2026-06-06T20:50:00Z,2026-06-06T20:55:00Z,True,60639.24188352571,60661.19336151892,gamma_finalPrice,Up,21.951477993206936,3.620011944636572,56935.33451100017,0.99,0.78,0.79
5m,300,btc-up-or-down-5m,btc-updown-5m,btc-updown-5m-1780779300,0x28e3951613c273e9db21fd9acb591736af9399ec0e82c46eedb4a5cf2061439d,1780779300,1780779600,2026-06-06T20:55:00Z,2026-06-06T21:00:00Z,True,60661.19336151892,60682.76467787514,gamma_finalPrice,Up,21.57131635621772,3.556032310089982,56486.890133999885,0.999,0.98,0.99
5m,300,btc-up-or-down-5m,btc-updown-5m,btc-updown-5m-1780779600,0x7b0d5c8274a4b3dbb0d9906e4cf2039143ba1afbb316b61ab286532b74217c22,1780779600,1780779900,2026-06-06T21:00:00Z,2026-06-06T21:05:00Z,True,60682.76467787514,60688.93958918672,gamma_finalPrice,Up,6.174911311580217,1.0175725091562255,61787.880475000056,0.99,0.5,0.51
5m,300,btc-up-or-down-5m,btc-updown-5m,btc-updown-5m-1780779900,0xc040c9a0d6c4190458e16115cd9e9e8a8e4033acc68b85510e5fe3ecb9faf04a,1780779900,1780780200,2026-06-06T21:05:00Z,2026-06-06T21:10:00Z,True,60688.93958918672,60713.9666810294,gamma_finalPrice,Up,25.02709184268315,4.1238308021355445,53632.06369799984,0.99,0.82,0.83
5m,300,btc-up-or-down-5m,btc-updown-5m,btc-updown-5m-1780780200,0x110b9a1e57dcbae17d72242d28ceacad7778c408ff2c441d8f0b20e523011291,1780780200,1780780500,2026-06-06T21:10:00Z,2026-06-06T21:15:00Z,True,60713.9666810294,60826.705794626374,gamma_finalPrice,Up,112.73911359697377,18.568892753996266,73031.15765699996,0.99,0.48,0.49
5m,300,btc-up-or-down-5m,btc-updown-5m,btc-updown-5m-1780780500,0xbcdb944cd709578c08510b2d83f3d8067541602dfb7a7ea42369781dab75b630,1780780500,1780780800,2026-06-06T21:15:00Z,2026-06-06T21:20:00Z,True,60826.705794626374,60845.16286,gamma_finalPrice,Up,18.457065373622754,3.0343687254642204,81099.56026800012,0.99,0.57,0.58
5m,300,btc-up-or-down-5m,btc-updown-5m,btc-updown-5m-1780780800,0x2da68770c1d971dad5837b4f6bfda3771820c2f7c79229301367f554d76b6a0b,1780780800,1780781100,2026-06-06T21:20:00Z,2026-06-06T21:25:00Z,True,60845.16286,60877.41158214286,gamma_finalPrice,Up,32.24872214286006,5.300129151936346,69705.88759399996,0.99,0.48,0.49
5m,300,btc-up-or-down-5m,btc-updown-5m,btc-updown-5m-1780781100,0x9fd210f8d4418a045ec3438837bf5b34332f50edc0d8120eb72eaa4b72c7a797,1780781100,1780781400,2026-06-06T21:25:00Z,2026-06-06T21:30:00Z,True,60877.41158214286,60864.64455691982,gamma_finalPrice,Down,-12.767025223038218,2.097169523347994,70166.87591300007,0.01,0.25,0.26
5m,300,btc-up-or-down-5m,btc-updown-5m,btc-updown-5m-1780781400,0x1866a7e12d08fb9523bc936177f98e619040657c551c70e2a55f01cca26d4f9c,1780781400,1780781700,2026-06-06T21:30:00Z,2026-06-06T21:35:00Z,True,60864.64455691982,60962.26161195331,gamma_finalPrice,Up,97.61705503349367,16.0383841463501,56821.450907000006,0.99,0.47,0.48
5m,300,btc-up-or-down-5m,btc-updown-5m,btc-updown-5m-1780781700,0x8482a561be3b2fb042afd45aeb4ab6ad2ba40b834b7035518a51f78d45a80a5d,1780781700,1780782000,2026-06-06T21:35:00Z,2026-06-06T21:40:00Z,True,60962.26161195331,60773.68066210158,gamma_finalPrice,Down,-188.58094985173375,30.934047534541815,47141.37348699991,0.01,,0.01
5m,300,btc-up-or-down-5m,btc-updown-5m,btc-updown-5m-1780782000,0x1a0e9e1af94956a9d6f795f51f1378c6f4044d5cbfae7371555be66cddfad41e,1780782000,1780782300,2026-06-06T21:40:00Z,2026-06-06T21:45:00Z,True,60773.68066210158,60794.006057366096,gamma_finalPrice,Up,20.325395264517283,3.34444039641525,55628.527078000036,0.99,0.49,0.51
5m,300,btc-up-or-down-5m,btc-updown-5m,btc-updown-5m-1780782300,0xbf8c9a6641e23732eca4484d339f8f3610aee1e2c3bc25c324e56b8e8b2e5680,1780782300,1780782600,2026-06-06T21:45:00Z,2026-06-06T21:50:00Z,True,60794.006057366096,60825.936980952385,gamma_finalPrice,Up,31.930923586289282,5.252314439709534,73549.28753500007,0.99,0.59,0.6
5m,300,btc-up-or-down-5m,btc-updown-5m,btc-updown-5m-1780782600,0x8a8630e03c743a4b3afb5025677a5702251894df7db02fc2d7b9a1684ff9b1fc,1780782600,1780782900,2026-06-06T21:50:00Z,2026-06-06T21:55:00Z,True,60825.936980952385,60800.26494761576,gamma_finalPrice,Down,-25.672033336624736,4.220573428184744,54775.53365099998,0.01,0.5,0.51
5m,300,btc-up-or-down-5m,btc-updown-5m,btc-updown-5m-1780782900,0xd2fcb621a07cc2aaf244f860229156d5b9bcc6d5fcb7a7d841468947ee55dcd7,1780782900,1780783200,2026-06-06T21:55:00Z,2026-06-06T22:00:00Z,True,60800.26494761576,60725.27921125612,gamma_finalPrice,Down,-74.9857363596384,12.333126578353655,55666.93628900007,0.01,0.19,0.2
5m,300,btc-up-or-down-5m,btc-updown-5m,btc-updown-5m-1780783200,0xb20e5f2016b37be5e2e2d4e3bc219d9b220cb8484cd427c53f942971eb68dfad,1780783200,1780783500,2026-06-06T22:00:00Z,2026-06-06T22:05:00Z,True,60725.27921125612,60663.009044529936,gamma_finalPrice,Down,-62.27016672618629,10.254405996151236,94358.9645309999,0.01,0.5,0.51
5m,300,btc-up-or-down-5m,btc-updown-5m,btc-updown-5m-1780783500,0xb862d8ac42449912b6a645b041aca52131e6cc8081e18f4906452af90a8bb78b,1780783500,1780783800,2026-06-06T22:05:00Z,2026-06-06T22:10:00Z,True,60663.009044529936,60564.413759080686,gamma_finalPrice,Down,-98.59528544924979,16.252950027070945,84201.31422000006,0.01,0.11,0.12
5m,300,btc-up-or-down-5m,btc-updown-5m,btc-updown-5m-1780783800,0x44ceac272939803432b3380c8c866758f104fd20ce5e25fbf497bc208db696f8,1780783800,1780784100,2026-06-06T22:10:00Z,2026-06-06T22:15:00Z,True,60564.413759080686,60601.36283232147,gamma_finalPrice,Up,36.949073240786674,6.100789382320528,74272.67313399998,0.99,0.5,0.51
5m,300,btc-up-or-down-5m,btc-updown-5m,btc-updown-5m-1780784100,0xed7688f48d7bab4d99ec731c74e316d7848b49fc8aea1efab0558509815b0dc1,1780784100,1780784400,2026-06-06T22:15:00Z,2026-06-06T22:20:00Z,True,60601.36283232147,60716.259000967184,gamma_finalPrice,Up,114.89616864571144,18.95933742672072,53597.61880000009,0.99,0.8,0.81
5m,300,btc-up-or-down-5m,btc-updown-5m,btc-updown-5m-1780784400,0xabb3af62201ceef3fa60d395ad91778696fd0068627c2f1b02c154eacb39683e,1780784400,1780784700,2026-06-06T22:20:00Z,2026-06-06T22:25:00Z,True,60716.259000967184,60479.91066996436,gamma_finalPrice,Down,-236.34833100282412,38.926695236453746,50567.03939600001,0.01,0.5,0.51
5m,300,btc-up-or-down-5m,btc-updown-5m,btc-updown-5m-1780784700,0xe516ad487154830b4fff361dd33c8e5443b188dc5036379ed8179ab391e59f9c,1780784700,1780785000,2026-06-06T22:25:00Z,2026-06-06T22:30:00Z,True,60479.91066996436,60431.38529991383,gamma_finalPrice,Down,-48.52537005052727,8.023386528351145,66236.1595140001,0.01,0.49,0.5
5m,300,btc-up-or-down-5m,btc-updown-5m,btc-updown-5m-1780785000,0xbc9d77e54170a410c55ff487cdfb37663787c8595aaae516d968535e1d021881,1780785000,1780785300,2026-06-06T22:30:00Z,2026-06-06T22:35:00Z,True,60431.38529991383,60487.35588788624,gamma_finalPrice,Up,55.970587972406065,9.261840961386314,68998.18849100012,0.99,0.99,1.0
5m,300,btc-up-or-down-5m,btc-updown-5m,btc-updown-5m-1780785300,0x12c97094a80055137682df17dbd85f9bb63fc30b7bb5960bfc7b97c6d49ab1e6,1780785300,1780785600,2026-06-06T22:35:00Z,2026-06-06T22:40:00Z,True,60487.35588788624,60522.196043856355,gamma_finalPrice,Up,34.84015597011603,5.759907249821354,50232.85252100001,0.99,0.64,0.65
5m,300,btc-up-or-down-5m,btc-updown-5m,btc-updown-5m-1780785600,0x80e318c647ae88fe5ae9c9b83e048705e7b61a1ab249066ed41ac0d5445cb5ce,1780785600,1780785900,2026-06-06T22:40:00Z,2026-06-06T22:45:00Z,True,60522.196043856355,60554.93672580306,gamma_finalPrice,Up,32.7406819467069,5.409698273833609,46211.78212599999,0.99,0.5,0.51
5m,300,btc-up-or-down-5m,btc-updown-5m,btc-updown-5m-1780785900,0x701566c65826b887434217624dd1bebef7c541c1d33bce9ce6c09079dfb73b43,1780785900,1780786200,2026-06-06T22:45:00Z,2026-06-06T22:50:00Z,True,60554.93672580306,60625.30918545434,gamma_finalPrice,Up,70.37245965127659,11.621258885948134,70299.88123400015,0.99,0.5,0.51
5m,300,btc-up-or-down-5m,btc-updown-5m,btc-updown-5m-1780786200,0x932626deb59fc2f617618b25eac26e02b84aba0c5953036fd29bca3d0c9be282,1780786200,1780786500,2026-06-06T22:50:00Z,2026-06-06T22:55:00Z,True,60625.30918545434,60683.803382637314,gamma_finalPrice,Up,58.49419718297577,9.648478163474689,85732.49465299984,0.99,0.5,0.51
5m,300,btc-up-or-down-5m,btc-updown-5m,btc-updown-5m-1780786500,0xe3b0ec75199b5d46ae5b5473c81fe10aedcd3f7f349fb460b328a0f65916f1d7,1780786500,1780786800,2026-06-06T22:55:00Z,2026-06-06T23:00:00Z,True,60683.803382637314,60521.907146775055,gamma_finalPrice,Down,-161.89623586225935,26.678656715274485,74512.49097199984,0.01,0.5,0.51
5m,300,btc-up-or-down-5m,btc-updown-5m,btc-updown-5m-1780786800,0xf2a831d0657470ef63148d4fe0bc31cf44a61fa4e2cd4c149880145d8218b2c9,1780786800,1780787100,2026-06-06T23:00:00Z,2026-06-06T23:05:00Z,True,60521.907146775055,60656.68147971777,gamma_finalPrice,Up,134.7743329427176,22.26868572001025,60571.12544800004,0.99,0.63,0.64
5m,300,btc-up-or-down-5m,btc-updown-5m,btc-updown-5m-1780787100,0x7ece59237d073f74e2728d7f4f6c6b6b3089d629dce0c42a758edfa99a747669,1780787100,1780787400,2026-06-06T23:05:00Z,2026-06-06T23:10:00Z,True,60656.68147971777,60692.424222443726,gamma_finalPrice,Up,35.742742725953576,5.892630762845993,67739.28702599985,0.99,0.5,0.51
5m,300,btc-up-or-down-5m,btc-updown-5m,btc-updown-5m-1780787400,0x2d9ab1920dea712d8277df4a6b6f2c87c4e18aa64108de7b12d16b9bec3a8d25,1780787400,1780787700,2026-06-06T23:10:00Z,2026-06-06T23:15:00Z,True,60692.424222443726,60689.409186718294,gamma_finalPrice,Down,-3.0150357254315168,0.49677299334445985,131801.94191399997,0.01,0.5,0.51
5m,300,btc-up-or-down-5m,btc-updown-5m,btc-updown-5m-1780787700,0x108dc5306c1e9319aa54d95fcbb47c0746bcc332172d786c0986202e6215df7b,1780787700,1780788000,2026-06-06T23:15:00Z,2026-06-06T23:20:00Z,True,60689.409186718294,60627.77700001657,gamma_finalPrice,Down,-61.632186701725004,10.155344651997872,105854.14496200002,0.01,0.29,0.3
5m,300,btc-up-or-down-5m,btc-updown-5m,btc-updown-5m-1780788000,0x29a5ca1ad8263cc960ed531f903bfd72e19d48359cf2a7d5e3d472ee6edc3649,1780788000,1780788300,2026-06-06T23:20:00Z,2026-06-06T23:25:00Z,True,60627.77700001657,60598.22286754796,gamma_finalPrice,Down,-29.554132468612806,4.874685157696732,118669.27701299977,0.01,0.5,0.51
5m,300,btc-up-or-down-5m,btc-updown-5m,btc-updown-5m-1780788300,0x9ec42799f6d916e6ffb3f9f81ad3907cd0a4074d4e77e796efd8a8cdf113b3d3,1780788300,1780788600,2026-06-06T23:25:00Z,2026-06-06T23:30:00Z,True,60598.22286754796,60685.885240846284,gamma_finalPrice,Up,87.66237329832802,14.46616239719361,64375.92806099999,0.99,0.94,0.95
5m,300,btc-up-or-down-5m,btc-updown-5m,btc-updown-5m-1780788600,0x1b5ad3de7d86bf98090ed6bc10fa4bd9138e8c376e1cd648e8512e564c541d6e,1780788600,1780788900,2026-06-06T23:30:00Z,2026-06-06T23:35:00Z,True,60685.885240846284,60709.370393567304,gamma_finalPrice,Up,23.485152721019404,3.869953058740599,72201.151474,0.99,0.5,0.51
5m,300,btc-up-or-down-5m,btc-updown-5m,btc-updown-5m-1780788900,0x092c30e9f5638f25ed4854fb8233a91c935a966134b12153ee8bf57e2532820a,1780788900,1780789200,2026-06-06T23:35:00Z,2026-06-06T23:40:00Z,True,60709.370393567304,60800.40315357447,gamma_finalPrice,Up,91.03276000716869,14.994845016019868,96306.6220449998,0.999,0.97,0.98
5m,300,btc-up-or-down-5m,btc-updown-5m,btc-updown-5m-1780789200,0x74cabce150c7b7902f45903aa150119ceeb9d26ee8726f67daf099f87bc29e13,1780789200,1780789500,2026-06-06T23:40:00Z,2026-06-06T23:45:00Z,True,60800.40315357447,60828.723450230726,gamma_finalPrice,Up,28.32029665625305,4.657912643230243,81533.1103620002,0.99,0.47,0.48
5m,300,btc-up-or-down-5m,btc-updown-5m,btc-updown-5m-1780789500,0x9890a133c88da28474afc0f5cb905bcab9b741a307cf85f644c709185a74eb27,1780789500,1780789800,2026-06-06T23:45:00Z,2026-06-06T23:50:00Z,True,60828.723450230726,60832.84529266216,gamma_finalPrice,Up,4.1218424314356525,0.6776144882948416,94145.3417250001,0.99,0.46,0.47
5m,300,btc-up-or-down-5m,btc-updown-5m,btc-updown-5m-1780789800,0x21b0b7c9e4bffb9682e4a91879123971b3f6f6da5c64f10224e61c4528e39408,1780789800,1780790100,2026-06-06T23:50:00Z,2026-06-06T23:55:00Z,True,60832.84529266216,60864.571035806905,gamma_finalPrice,Up,31.72574314474332,5.215232493583557,76639.50991699996,0.99,0.5,0.51
5m,300,btc-up-or-down-5m,btc-updown-5m,btc-updown-5m-1780790100,0x455a6def7f8f325f14a38486abb5a687012d7eb8e2b087adeb5afdb1794f0751,1780790100,1780790400,2026-06-06T23:55:00Z,2026-06-07T00:00:00Z,True,60864.571035806905,60856.60397311402,gamma_finalPrice,Down,-7.96706269288552,1.3089819836565448,54772.62199199999,0.01,0.34,0.35
5m,300,btc-up-or-down-5m,btc-updown-5m,btc-updown-5m-1780790400,0x461beefce4a8b48d5b261c4fcf88e055a8aa93fd13991c6d845c18bdf6daa6af,1780790400,1780790700,2026-06-07T00:00:00Z,2026-06-07T00:05:00Z,True,60856.60397311402,60903.68421909344,gamma_finalPrice,Up,47.080245979421306,7.736259157711297,116007.07473799984,0.99,0.47,0.48
5m,300,btc-up-or-down-5m,btc-updown-5m,btc-updown-5m-1780790700,0xa2acc8248940ee5779ed2570928ab7c4fe96554be3f9bdc21843faaf6645a0df,1780790700,1780791000,2026-06-07T00:05:00Z,2026-06-07T00:10:00Z,True,60903.68421909344,60842.20254397315,gamma_finalPrice,Down,-61.481675120288855,10.094902452717994,119420.9784349999,0.01,0.07,0.08
5m,300,btc-up-or-down-5m,btc-updown-5m,btc-updown-5m-1780791000,0xf6b8980267bdea2497e320b82d11444a0268d377dcb4cd20f71997e17a5f004a,1780791000,1780791300,2026-06-07T00:10:00Z,2026-06-07T00:15:00Z,True,60842.20254397315,60784.01578071656,gamma_finalPrice,Down,-58.1867632565918,9.563553064098533,78898.06712299999,0.01,0.5,0.51
5m,300,btc-up-or-down-5m,btc-updown-5m,btc-updown-5m-1780791300,0x5c5d2343788b33f967923700d654bad3bed7892a697bff3c0539a2bb65899c1e,1780791300,1780791600,2026-06-07T00:15:00Z,2026-06-07T00:20:00Z,True,60784.01578071656,60852.63721572343,gamma_finalPrice,Up,68.62143500686943,11.289388192847776,95650.78423600005,0.99,0.72,0.73
5m,300,btc-up-or-down-5m,btc-updown-5m,btc-updown-5m-1780791600,0x5ac804903bcbc493b9c1837c275f522ca0b974afbfd5e6f7b9877bb929690a5a,1780791600,1780791900,2026-06-07T00:20:00Z,2026-06-07T00:25:00Z,True,60852.63721572343,60804.64645130288,gamma_finalPrice,Down,-47.990764420552296,7.886390239822209,103291.0857199998,0.01,,0.01
5m,300,btc-up-or-down-5m,btc-updown-5m,btc-updown-5m-1780791900,0xd0a43d7a7580f9b8effde9031da99047ba67572c4aee03a8eaf7d73cfb5e1b55,1780791900,1780792200,2026-06-07T00:25:00Z,2026-06-07T00:30:00Z,True,60804.64645130288,60814.19797086512,gamma_finalPrice,Up,9.551519562242902,1.5708535646025845,126176.02199199994,0.99,0.21,0.22
5m,300,btc-up-or-down-5m,btc-updown-5m,btc-updown-5m-1780792200,0x33249b672c14d012655f54a5acf9e3752baaba8ae2107f1147257ee2203a4eac,1780792200,1780792500,2026-06-07T00:30:00Z,2026-06-07T00:35:00Z,True,60814.19797086512,60906.31089968029,gamma_finalPrice,Up,92.11292881517147,15.146615739189876,159918.520942,0.99,0.99,1.0
5m,300,btc-up-or-down-5m,btc-updown-5m,btc-updown-5m-1780792500,0xa35aae2551b226da39da5646a3797c1024d81a42f265f7fcc17b5c0e56c36bd6,1780792500,1780792800,2026-06-07T00:35:00Z,2026-06-07T00:40:00Z,True,60906.31089968029,60897.487355000005,gamma_finalPrice,Down,-8.823544680286432,1.4487077857694954,59291.99241500007,0.01,0.5,0.51
5m,300,btc-up-or-down-5m,btc-updown-5m,btc-updown-5m-1780792800,0x7e81d2f4fe6302f48c72569c9d4b5c11d2aef688a04f7694bbd1d8ea01bf2e7f,1780792800,1780793100,2026-06-07T00:40:00Z,2026-06-07T00:45:00Z,True,60897.487355000005,60769.50019550681,gamma_finalPrice,Down,-127.9871594931974,21.01682106309251,88122.11519699989,0.01,0.5,0.51
5m,300,btc-up-or-down-5m,btc-updown-5m,btc-updown-5m-1780793100,0x288bb00fe35b4a8999c4bf97701becbf5e3eeb61df21e71f52a8f023201ecf01,1780793100,1780793400,2026-06-07T00:45:00Z,2026-06-07T00:50:00Z,True,60769.50019550681,60745.222679394305,gamma_finalPrice,Down,-24.27751611250278,3.9950165847007937,146272.47686300005,0.01,0.35,0.36
5m,300,btc-up-or-down-5m,btc-updown-5m,btc-updown-5m-1780793400,0x6bfb99661d47e478bb50cbc4fa87bae162cc3e2a56e9487ba0a10423f7835492,1780793400,1780793700,2026-06-07T00:50:00Z,2026-06-07T00:55:00Z,True,60745.222679394305,60771.52859117932,gamma_finalPrice,Up,26.30591178501345,4.330531789117436,61468.08888700008,0.99,0.5,0.51
5m,300,btc-up-or-down-5m,btc-updown-5m,btc-updown-5m-1780793700,0x0650856a6c5db2495e2ca3cc86ac40977cdbea0c1d4ed6c98b0f961a14940994,1780793700,1780794000,2026-06-07T00:55:00Z,2026-06-07T01:00:00Z,True,60771.52859117932,60755.566993300636,gamma_finalPrice,Down,-15.961597878682369,2.6264927423594733,62101.8253159998,0.01,0.31,0.32
5m,300,btc-up-or-down-5m,btc-updown-5m,btc-updown-5m-1780794000,0xd46b81d3af7c99ca55f4748bcb572a9077e3283f6d71ba4b3a34fec73c3fb222,1780794000,1780794300,2026-06-07T01:00:00Z,2026-06-07T01:05:00Z,True,60755.566993300636,61034.39896750362,gamma_finalPrice,Up,278.8319742029853,45.89406172996977,107844.19329799993,0.99,0.5,0.51
5m,300,btc-up-or-down-5m,btc-updown-5m,btc-updown-5m-1780794300,0xe1fb2f837c046aa93e4618eb74d666a07b8a7068922d962e07568ac361b44985,1780794300,1780794600,2026-06-07T01:05:00Z,2026-06-07T01:10:00Z,True,61034.39896750362,61297.60171044993,gamma_finalPrice,Up,263.20274294631236,43.12367245337317,73324.63418299996,0.99,0.28,0.29
5m,300,btc-up-or-down-5m,btc-updown-5m,btc-updown-5m-1780794600,0x6282a4ca0e18ca64397f59b04c916f6447bf23b757987a2d74ed03a6fb9d4e50,1780794600,1780794900,2026-06-07T01:10:00Z,2026-06-07T01:15:00Z,True,61297.60171044993,61290.386563285945,gamma_finalPrice,Down,-7.215147163988149,1.1770684272559593,71365.15717899996,0.01,0.5,0.51
5m,300,btc-up-or-down-5m,btc-updown-5m,btc-updown-5m-1780794900,0x041a31ea1718e913fcf38d83ee5513e465303dc9c311d79997ef33f1d94e6f11,1780794900,1780795200,2026-06-07T01:15:00Z,2026-06-07T01:20:00Z,True,61290.386563285945,61475.80483333273,gamma_finalPrice,Up,185.41827004678635,30.252423005250755,90967.37238899998,0.99,0.5,0.51
5m,300,btc-up-or-down-5m,btc-updown-5m,btc-updown-5m-1780795200,0x0214fb7dd9cb174c5198597853f8dde67fc37a24627a6fbeba4a5815cf2efec8,1780795200,1780795500,2026-06-07T01:20:00Z,2026-06-07T01:25:00Z,True,61475.80483333273,61465.080290000005,gamma_finalPrice,Down,-10.72454333272617,1.7445145064471328,93418.06583899986,0.01,0.5,0.51
5m,300,btc-up-or-down-5m,btc-updown-5m,btc-updown-5m-1780795500,0xc9e420a1f860c534b7141316fac59842f318efaff1c1208d651ea3bcc575469e,1780795500,1780795800,2026-06-07T01:25:00Z,2026-06-07T01:30:00Z,True,61465.080290000005,61610.16388886603,gamma_finalPrice,Up,145.08359886602557,23.60423157043037,70509.13463499991,0.99,0.41,0.42
5m,300,btc-up-or-down-5m,btc-updown-5m,btc-updown-5m-1780795800,0xd03394fd7af847a5ee1c57648c2ac5df012e0522c5d7b858eb28b21c404c174c,1780795800,1780796100,2026-06-07T01:30:00Z,2026-06-07T01:35:00Z,True,61610.16388886603,61525.43540929849,gamma_finalPrice,Down,-84.72847956754413,13.752354192788628,55585.037598999894,0.01,0.5,0.51
5m,300,btc-up-or-down-5m,btc-updown-5m,btc-updown-5m-1780796100,0xb0cafd810609a06642f0cc4c0fff1712e3b2ab864b5c28e6391e2a88656c9874,1780796100,1780796400,2026-06-07T01:35:00Z,2026-06-07T01:40:00Z,True,61525.43540929849,61409.728786518084,gamma_finalPrice,Down,-115.70662278040254,18.806307019310506,79059.15032800002,0.01,0.64,0.65
5m,300,btc-up-or-down-5m,btc-updown-5m,btc-updown-5m-1780796400,0xac1848fb8045948990d9057bb0a6c365dc982ded4d48780e53878ad9634e3764,1780796400,1780796700,2026-06-07T01:40:00Z,2026-06-07T01:45:00Z,True,61409.728786518084,61423.07948870236,gamma_finalPrice,Up,13.350702184274269,2.1740369886156032,63181.44097100002,0.99,0.5,0.51
5m,300,btc-up-or-down-5m,btc-updown-5m,btc-updown-5m-1780796700,0xe00729a32e3bcee0bfccce6ece522b99f60ee15bfd4bc542db549b431eb59a79,1780796700,1780797000,2026-06-07T01:45:00Z,2026-06-07T01:50:00Z,True,61423.07948870236,61438.39204138684,gamma_finalPrice,Up,15.312552684481489,2.4929640148208376,77161.18120499987,0.99,0.19,0.2
5m,300,btc-up-or-down-5m,btc-updown-5m,btc-updown-5m-1780797000,0x8b16118b0a458702681a9274cd2b96a8e41d65b784d1e535cb55eb11d8c96ca5,1780797000,1780797300,2026-06-07T01:50:00Z,2026-06-07T01:55:00Z,True,61438.39204138684,61406.966465,gamma_finalPrice,Down,-31.425576386842295,5.114973771721277,47096.60903799999,0.01,0.5,0.51
5m,300,btc-up-or-down-5m,btc-updown-5m,btc-updown-5m-1780797300,0xefa127367e0ad547b8c5e62a4775b05aba4e1103be5aa2dd174559b9cd115e8e,1780797300,1780797600,2026-06-07T01:55:00Z,2026-06-07T02:00:00Z,True,61406.966465,61450.64838774793,gamma_finalPrice,Up,43.68192274793546,7.113512564219039,58847.04992299987,0.99,0.75,0.76
5m,300,btc-up-or-down-5m,btc-updown-5m,btc-updown-5m-1780797600,0x447c23bf34e586af4839cdf9711d0a725635cf21dbbb2799a503a1a01a74f43b,1780797600,1780797900,2026-06-07T02:00:00Z,2026-06-07T02:05:00Z,True,61450.64838774793,61430.75462366457,gamma_finalPrice,Down,-19.89376408336102,3.2373562534008107,49205.68909800001,0.01,0.49,0.5
5m,300,btc-up-or-down-5m,btc-updown-5m,btc-updown-5m-1780797900,0xefe845057f77dd3d963b0577f3bbcf9d8c0fbba58a8a392fc3571c7ffae9302a,1780797900,1780798200,2026-06-07T02:05:00Z,2026-06-07T02:10:00Z,True,61430.75462366457,61514.4496831545,gamma_finalPrice,Up,83.69505948992446,13.624292913648036,53416.57595099988,0.99,0.77,0.78
5m,300,btc-up-or-down-5m,btc-updown-5m,btc-updown-5m-1780798200,0xecc1eabc06633e50ff6efdd0d3f921c1835e10cb07b5c5c2383bb714c1dd4fdd,1780798200,1780798500,2026-06-07T02:10:00Z,2026-06-07T02:15:00Z,True,61514.4496831545,61382.182002222,gamma_finalPrice,Down,-132.26768093249848,21.501888030174392,54657.82130799998,0.01,0.5,0.51
5m,300,btc-up-or-down-5m,btc-updown-5m,btc-updown-5m-1780798500,0xca5c0db7ae9b933d4491e619cae3de9349691c5794da8b844de604bfea495c99,1780798500,1780798800,2026-06-07T02:15:00Z,2026-06-07T02:20:00Z,True,61382.182002222,61270.74510707738,gamma_finalPrice,Down,-111.43689514461585,18.15459983820417,52299.14526799996,0.01,0.17,0.18
5m,300,btc-up-or-down-5m,btc-updown-5m,btc-updown-5m-1780798800,0xbf5ab6d8a0e91e28d4ca4913b102e180853822c046308da11b44630d1a362fb9,1780798800,1780799100,2026-06-07T02:20:00Z,2026-06-07T02:25:00Z,True,61270.74510707738,61281.43812301203,gamma_finalPrice,Up,10.69301593464479,1.7452074258208492,74890.13942799982,0.99,0.5,0.51
5m,300,btc-up-or-down-5m,btc-updown-5m,btc-updown-5m-1780799100,0xc640a91046bbfb570b5cdf9e9c00abb62bcd280cb8014f4ef521e42fedf354ef,1780799100,1780799400,2026-06-07T02:25:00Z,2026-06-07T02:30:00Z,True,61281.43812301203,61225.834969038,gamma_finalPrice,Down,-55.60315397402883,9.073408796708554,50479.12138000002,0.01,0.22,0.23
5m,300,btc-up-or-down-5m,btc-updown-5m,btc-updown-5m-1780799400,0x85fef1a5db41f1af3c3bfd7de2609f4b5eb8b01260727a333b914f4c8341c2af,1780799400,1780799700,2026-06-07T02:30:00Z,2026-06-07T02:35:00Z,True,61225.834969038,61263.15988759729,gamma_finalPrice,Up,37.32491855929402,6.096269422567988,58313.54284999997,0.99,0.5,0.51
5m,300,btc-up-or-down-5m,btc-updown-5m,btc-updown-5m-1780799700,0xaed7ef3aa16ad5d31adec0078edac2c00c22364874b2e17033b6467e543ca9af,1780799700,1780800000,2026-06-07T02:35:00Z,2026-06-07T02:40:00Z,True,61263.15988759729,61266.74566049632,gamma_finalPrice,Up,3.5857728990304167,0.5853065538260548,67295.16550300003,0.99,0.5,0.51
5m,300,btc-up-or-down-5m,btc-updown-5m,btc-updown-5m-1780800000,0xfe210bf3ad889b849453f4f4b29b10bf00de5bb338f3c593c7cbb0050ee3cf89,1780800000,1780800300,2026-06-07T02:40:00Z,2026-06-07T02:45:00Z,True,61266.74566049632,61287.33993600636,gamma_finalPrice,Up,20.59427551004046,3.3614116904726137,47987.943916999924,0.99,0.5,0.51
5m,300,btc-up-or-down-5m,btc-updown-5m,btc-updown-5m-1780800300,0x22da3ce764cddfc86652d4c1429e51ce0fd64c88229b2a9710f1b1d383e0f1d7,1780800300,1780800600,2026-06-07T02:45:00Z,2026-06-07T02:50:00Z,True,61287.33993600636,61473.033863760276,gamma_finalPrice,Up,185.69392775391316,30.298904789766837,40919.80473899999,0.99,0.84,0.85
5m,300,btc-up-or-down-5m,btc-updown-5m,btc-updown-5m-1780800600,0x147ebb43af25a1eccacd516a18d2ffbebab899c8cdd89360d900397cbd2efb7b,1780800600,1780800900,2026-06-07T02:50:00Z,2026-06-07T02:55:00Z,True,61473.033863760276,61487.02881065902,gamma_finalPrice,Up,13.994946898747003,2.27659935082484,73686.64262100002,0.99,0.5,0.51
5m,300,btc-up-or-down-5m,btc-updown-5m,btc-updown-5m-1780800900,0x428bcd0ccc8c61417d72827358ce8d586373c1777356d3a0022a9373c4f4919d,1780800900,1780801200,2026-06-07T02:55:00Z,2026-06-07T03:00:00Z,True,61487.02881065902,61475.08564423671,gamma_finalPrice,Down,-11.943166422315699,1.942387956180654,46907.61045599986,0.01,0.51,0.52
5m,300,btc-up-or-down-5m,btc-updown-5m,btc-updown-5m-1780801200,0x19669d57f114eb26668ec7ce7f495475d802b0a91bade8dde754d9a3e2f984d9,1780801200,1780801500,2026-06-07T03:00:00Z,2026-06-07T03:05:00Z,True,61475.08564423671,61417.18410507217,gamma_finalPrice,Down,-57.9015391645371,9.41870004047166,63831.998846000024,0.01,0.49,0.5
5m,300,btc-up-or-down-5m,btc-updown-5m,btc-updown-5m-1780801500,0xdcfeae97d498f234f5027cdffe2247fbaf58216a956707c7943660ced84a6af0,1780801500,1780801800,2026-06-07T03:05:00Z,2026-06-07T03:10:00Z,True,61417.18410507217,61453.656989590956,gamma_finalPrice,Up,36.47288451878558,5.938547175394426,48996.399179999964,0.99,0.76,0.77
5m,300,btc-up-or-down-5m,btc-updown-5m,btc-updown-5m-1780801800,0x670d2d9603c23642b9a1fa948191c1618b64ab1026777bc343ddd91041404155,1780801800,1780802100,2026-06-07T03:10:00Z,2026-06-07T03:15:00Z,True,61453.656989590956,61500.776615951574,gamma_finalPrice,Up,47.119626360617985,7.667505673193562,55909.94646900005,0.99,0.5,0.51
5m,300,btc-up-or-down-5m,btc-updown-5m,btc-updown-5m-1780802100,0xd414d61dfc29891f58c72c96805eaa24b5d22ef3e807518bfa0a5aa3f597076e,1780802100,1780802400,2026-06-07T03:15:00Z,2026-06-07T03:20:00Z,True,61500.776615951574,61733.27337794402,gamma_finalPrice,Up,232.49676199244277,37.80387415988169,67563.95576300009,0.99,0.38,0.39
5m,300,btc-up-or-down-5m,btc-updown-5m,btc-updown-5m-1780802400,0x25d6571dde4fddca6a525d2e2579b45049494c8fa103fc7e5db4e868c7cf10f4,1780802400,1780802700,2026-06-07T03:20:00Z,2026-06-07T03:25:00Z,True,61733.27337794402,61597.670575,gamma_finalPrice,Down,-135.60280294402037,21.965918138478038,75942.66663600001,0.01,0.47,0.48
5m,300,btc-up-or-down-5m,btc-updown-5m,btc-updown-5m-1780802700,0x50499c4fdfe377c074f38f70a637ea7a3196fecc1f948458d88a7124586fe0ca,1780802700,1780803000,2026-06-07T03:25:00Z,2026-06-07T03:30:00Z,True,61597.670575,61634.031761010825,gamma_finalPrice,Up,36.36118601082853,5.903013161277898,65356.2105959999,0.99,0.32,0.33
5m,300,btc-up-or-down-5m,btc-updown-5m,btc-updown-5m-1780803000,0x6eeadb1b7a8db7e5e0e120479216195bf761def4f239c232d04cc74b9eef090f,1780803000,1780803300,2026-06-07T03:30:00Z,2026-06-07T03:35:00Z,True,61634.031761010825,61584.48528619408,gamma_finalPrice,Down,-49.546474816743284,8.03881774420702,56501.4759549999,0.01,0.48,0.49
5m,300,btc-up-or-down-5m,btc-updown-5m,btc-updown-5m-1780803300,0x245f088c608650c6e906307ab63202ff2c10eb6c64a6d98a33457a907f392880,1780803300,1780803600,2026-06-07T03:35:00Z,2026-06-07T03:40:00Z,True,61584.48528619408,61558.22496934068,gamma_finalPrice,Down,-26.26031685340422,4.264112419121123,50792.57456299989,0.01,0.39,0.4
5m,300,btc-up-or-down-5m,btc-updown-5m,btc-updown-5m-1780803600,0x5781f17e8fb8e7f8716fee1f95131b82246ed9e5baa300dbc4b597f379588ec3,1780803600,1780803900,2026-06-07T03:40:00Z,2026-06-07T03:45:00Z,True,61558.22496934068,61635.33900467652,gamma_finalPrice,Up,77.11403533584235,12.527007621524062,47284.58960099996,0.99,0.49,0.5
5m,300,btc-up-or-down-5m,btc-updown-5m,btc-updown-5m-1780803900,0xef04d2e103958f053b98550c635d5788b2391f745021ccb7a6815353a5e27d2e,1780803900,1780804200,2026-06-07T03:45:00Z,2026-06-07T03:50:00Z,True,61635.33900467652,61603.625710465094,gamma_finalPrice,Down,-31.71329421142582,5.145310259268567,52675.02785499997,0.01,0.26,0.27
5m,300,btc-up-or-down-5m,btc-updown-5m,btc-updown-5m-1780804200,0x8a71c442756e87d0bd40b65ee278ce65393b565a5ae24a3706a781c9cd44a08e,1780804200,1780804500,2026-06-07T03:50:00Z,2026-06-07T03:55:00Z,True,61603.625710465094,61601.44106963537,gamma_finalPrice,Down,-2.1846408297205926,0.3546286122814149,102888.89510499995,0.01,0.48,0.49
5m,300,btc-up-or-down-5m,btc-updown-5m,btc-updown-5m-1780804500,0xd10586ec08ceeaa7a7cb9311b23785ef311c158998dca3702accd052bb2a594c,1780804500,1780804800,2026-06-07T03:55:00Z,2026-06-07T04:00:00Z,True,61601.44106963537,61674.08578881075,gamma_finalPrice,Up,72.64471917537594,11.792698013875528,48157.63778699998,0.99,0.67,0.68
5m,300,btc-up-or-down-5m,btc-updown-5m,btc-updown-5m-1780804800,0xf12ae617b5cbfc5ad5ff262b27bd5e1f73aaa199969e314a6ca2e6c94e612468,1780804800,1780805100,2026-06-07T04:00:00Z,2026-06-07T04:05:00Z,True,61674.08578881075,61583.20123434189,gamma_finalPrice,Down,-90.88455446885928,14.736262938711944,47759.483647,0.01,0.49,0.5
5m,300,btc-up-or-down-5m,btc-updown-5m,btc-updown-5m-1780805100,0x58b0e605c91e000297cc73939d5d92aba0699e1f7b6effe20c44a204b96e50d8,1780805100,1780805400,2026-06-07T04:05:00Z,2026-06-07T04:10:00Z,True,61583.20123434189,61570.511863748274,gamma_finalPrice,Down,-12.689370593616331,2.060524678691127,63393.105889999955,0.01,0.41,0.42
5m,300,btc-up-or-down-5m,btc-updown-5m,btc-updown-5m-1780805400,0xc4d9510beba00b64bdbec74e2889478b2399d747540696c9fab83f09cd00cf7d,1780805400,1780805700,2026-06-07T04:10:00Z,2026-06-07T04:15:00Z,True,61570.511863748274,61523.45092893973,gamma_finalPrice,Down,-47.06093480854179,7.643421076746076,48912.56873899977,0.01,0.49,0.5
5m,300,btc-up-or-down-5m,btc-updown-5m,btc-updown-5m-1780805700,0x4d7f4d7db7175b87a20a1d69e672541f3cede33986e798a524e3e61435632e82,1780805700,1780806000,2026-06-07T04:15:00Z,2026-06-07T04:20:00Z,True,61523.45092893973,61598.884975,gamma_finalPrice,Up,75.43404606026888,12.261023223062706,48858.14195299998,0.99,0.5,0.51
5m,300,btc-up-or-down-5m,btc-updown-5m,btc-updown-5m-1780806000,0x7b1983a86abb4d5630ac005c71c87ebbfdee1eab1b9ae4f86aaded8a633ec1b5,1780806000,1780806300,2026-06-07T04:20:00Z,2026-06-07T04:25:00Z,True,61598.884975,61506.39971007967,gamma_finalPrice,Down,-92.48526492033125,15.014113479142768,41827.44668999995,0.01,0.5,0.51
5m,300,btc-up-or-down-5m,btc-updown-5m,btc-updown-5m-1780806300,0xf534c8555f0fd4f1e639f0fd4a6919338c26796d370bf1fd1fd992a564719c64,1780806300,1780806600,2026-06-07T04:25:00Z,2026-06-07T04:30:00Z,True,61506.39971007967,61528.994569999995,gamma_finalPrice,Up,22.59485992032569,3.6735786888568027,60897.80304299993,0.99,0.5,0.51
5m,300,btc-up-or-down-5m,btc-updown-5m,btc-updown-5m-1780806600,0xa778188129d6699d2c65d4ce09f1b917bfbbed2f0badc63708410dbe029a2370,1780806600,1780806900,2026-06-07T04:30:00Z,2026-06-07T04:35:00Z,True,61528.994569999995,61620.09681641691,gamma_finalPrice,Up,91.10224641691457,14.806392832125645,51677.015055,0.99,0.5,0.51
5m,300,btc-up-or-down-5m,btc-updown-5m,btc-updown-5m-1780806900,0x26afb278b0250d068c88aace9211677db5027627960edfc5ca2fcf7e97f6a995,1780806900,1780807200,2026-06-07T04:35:00Z,2026-06-07T04:40:00Z,True,61620.09681641691,61677.54306930979,gamma_finalPrice,Up,57.446252892877965,9.322648918262177,76733.97355199994,0.99,0.6,0.61
5m,300,btc-up-or-down-5m,btc-updown-5m,btc-updown-5m-1780807200,0xce03e30dad5eeef8e1b27a447a94bade6f7fe8a2b0e0492ee1bd2c5b6cfb948d,1780807200,1780807500,2026-06-07T04:40:00Z,2026-06-07T04:45:00Z,True,61677.54306930979,61710.62957393612,gamma_finalPrice,Up,33.08650462633523,5.364432981572313,76822.29993699983,0.99,0.5,0.51
5m,300,btc-up-or-down-5m,btc-updown-5m,btc-updown-5m-1780807500,0x57ea3352e82af17ebd25721aa0fbb99446345b1d2a4a3e348c53c1383a3c444c,1780807500,1780807800,2026-06-07T04:45:00Z,2026-06-07T04:50:00Z,True,61710.62957393612,61790.88665068228,gamma_finalPrice,Up,80.25707674615842,13.005389395679655,70719.90514899993,0.99,0.56,0.57
5m,300,btc-up-or-down-5m,btc-updown-5m,btc-updown-5m-1780807800,0x274c15faab59ba5436b2073025430de3a2a18a6509b68c756443149b72722200,1780807800,1780808100,2026-06-07T04:50:00Z,2026-06-07T04:55:00Z,True,61790.88665068228,61817.05147726561,gamma_finalPrice,Up,26.16482658332825,4.234415138148749,66202.56019799996,0.99,0.48,0.49
5m,300,btc-up-or-down-5m,btc-updown-5m,btc-updown-5m-1780808100,0xbed668575d20395f7385c54c40e403358fd50ec380468a24415b6da75b2b3bcd,1780808100,1780808400,2026-06-07T04:55:00Z,2026-06-07T05:00:00Z,True,61817.05147726561,61862.27066,gamma_finalPrice,Up,45.219182734392234,7.315001549535639,61442.80851999991,0.99,0.66,0.67
5m,300,btc-up-or-down-5m,btc-updown-5m,btc-updown-5m-1780808400,0x120369a1adcb609cf414ebdf524af0e0a78ad03135c41d9a8a05bd45ced5dad4,1780808400,1780808700,2026-06-07T05:00:00Z,2026-06-07T05:05:00Z,True,61862.27066,61787.72746577584,gamma_finalPrice,Down,-74.54319422416302,12.049863903938862,62401.73979099998,0.01,0.48,0.49
5m,300,btc-up-or-down-5m,btc-updown-5m,btc-updown-5m-1780808700,0xa79dee2e06767a05637fcff62638b26c01f581d89b3cbda074d0ad6fbfc3fe02,1780808700,1780809000,2026-06-07T05:05:00Z,2026-06-07T05:10:00Z,True,61787.72746577584,61784.21331728122,gamma_finalPrice,Down,-3.5141484946216224,0.5687453866252171,89995.24498199992,0.01,0.69,0.7
5m,300,btc-up-or-down-5m,btc-updown-5m,btc-updown-5m-1780809000,0x3d64c69e32076d9c7c7d87346250df460c5a21e234042f3a6d20efdc3ff2166c,1780809000,1780809300,2026-06-07T05:10:00Z,2026-06-07T05:15:00Z,True,61784.21331728122,61855.81085111729,gamma_finalPrice,Up,71.59753383607313,11.588321675052727,60487.99904399995,0.99,0.5,0.51
5m,300,btc-up-or-down-5m,btc-updown-5m,btc-updown-5m-1780809300,0xd55c0f61a04c36e8f279f663b7871578c503a0e042069442bf13f1621902f94a,1780809300,1780809600,2026-06-07T05:15:00Z,2026-06-07T05:20:00Z,True,61855.81085111729,61972.73003469619,gamma_finalPrice,Up,116.91918357890245,18.901891668725987,109479.60771599984,0.99,0.12,0.13
5m,300,btc-up-or-down-5m,btc-updown-5m,btc-updown-5m-1780809600,0xea20a591e48164f2e429ef407b8a179837cfd0167123665f1d0644e0afeda951,1780809600,1780809900,2026-06-07T05:20:00Z,2026-06-07T05:25:00Z,True,61972.73003469619,61887.90828249148,gamma_finalPrice,Down,-84.82175220471254,13.686947816761347,68498.0689289999,0.01,0.5,0.51
5m,300,btc-up-or-down-5m,btc-updown-5m,btc-updown-5m-1780809900,0x19d8c558f1c89058e0c49b3b7d0d887ee29398535a695561f6b97c178cb5cb79,1780809900,1780810200,2026-06-07T05:25:00Z,2026-06-07T05:30:00Z,True,61887.90828249148,61711.54391347281,gamma_finalPrice,Down,-176.36436901867273,28.497387278569153,45293.02589700001,0.01,0.3,0.31
5m,300,btc-up-or-down-5m,btc-updown-5m,btc-updown-5m-1780810200,0xb59388cb516e648d77b5ceace0db64c3da69b67f8162e169c81b0c5d4e708ab5,1780810200,1780810500,2026-06-07T05:30:00Z,2026-06-07T05:35:00Z,True,61711.54391347281,61706.53096374181,gamma_finalPrice,Down,-5.012949730997207,0.8123196104161614,81261.26435400006,0.01,0.5,0.51
5m,300,btc-up-or-down-5m,btc-updown-5m,btc-updown-5m-1780810500,0x84145a698bdd718934196457be3c73692e8f685c95e382e255653c4cdfd97668,1780810500,1780810800,2026-06-07T05:35:00Z,2026-06-07T05:40:00Z,True,61706.53096374181,61813.6984002453,gamma_finalPrice,Up,107.16743650349235,17.3672761747801,48034.214859999935,0.99,0.5,0.51
5m,300,btc-up-or-down-5m,btc-updown-5m,btc-updown-5m-1780810800,0x5c8fd0627b6af6fb7de23d1bd3efa5d9f6b6e6ac789fd8d3aaa9bdcc4297c049,1780810800,1780811100,2026-06-07T05:40:00Z,2026-06-07T05:45:00Z,True,61813.6984002453,61839.70871594731,gamma_finalPrice,Up,26.010315702005755,4.207856247912604,117080.0511699999,0.99,0.5,0.51
5m,300,btc-up-or-down-5m,btc-updown-5m,btc-updown-5m-1780811100,0x7ec145c5b383315f7c4d0981fcc06f374814cf0d7eb314d58ec699d6d62e52f1,1780811100,1780811400,2026-06-07T05:45:00Z,2026-06-07T05:50:00Z,True,61839.70871594731,61731.60189,gamma_finalPrice,Down,-108.10682594731043,17.48178123604772,56534.85036699991,0.01,0.18,0.19
5m,300,btc-up-or-down-5m,btc-updown-5m,btc-updown-5m-1780811400,0xacea81fff8470fad7dc6c8382035eefb3564e904872bcb2a74a3b64b6cc0ee1d,1780811400,1780811700,2026-06-07T05:50:00Z,2026-06-07T05:55:00Z,True,61731.60189,61734.562031160924,gamma_finalPrice,Up,2.9601411609255592,0.47951795681574194,138863.1497179997,0.99,0.5,0.51
5m,300,btc-up-or-down-5m,btc-updown-5m,btc-updown-5m-1780811700,0x8c7a864117167c01ca605d35f6e5972564cf11e4fe84f5d1dff8f857ad6517f2,1780811700,1780812000,2026-06-07T05:55:00Z,2026-06-07T06:00:00Z,True,61734.562031160924,61719.037536211734,gamma_finalPrice,Down,-15.52449494918983,2.514716949211325,87062.16212899973,0.01,0.5,0.51
5m,300,btc-up-or-down-5m,btc-updown-5m,btc-updown-5m-1780812000,0xb5fb7aef5740be6e5332a386635b6162de431cf48b88117685503c2e21ac9738,1780812000,1780812300,2026-06-07T06:00:00Z,2026-06-07T06:05:00Z,True,61719.037536211734,61599.3924103339,gamma_finalPrice,Down,-119.64512587783247,19.385449069524846,45610.954732,0.01,0.5,0.51
5m,300,btc-up-or-down-5m,btc-updown-5m,btc-updown-5m-1780812300,0xe618a03e5f55ee5e3a3c0b34697cc78233a8f2b8ae286da86b138f9a45a8e7dc,1780812300,1780812600,2026-06-07T06:05:00Z,2026-06-07T06:10:00Z,True,61599.3924103339,61664.524485757,gamma_finalPrice,Up,65.13207542309829,10.573493158703906,50241.12871799993,0.99,0.6,0.61
5m,300,btc-up-or-down-5m,btc-updown-5m,btc-updown-5m-1780812600,0x3c7fb2030ef9a9e6c2c08f329c29f9dd8e184c8f4742175478c7f2d32025d9ea,1780812600,1780812900,2026-06-07T06:10:00Z,2026-06-07T06:15:00Z,True,61664.524485757,61650.298503312166,gamma_finalPrice,Down,-14.22598244483379,2.3069962127283805,88526.41093999983,0.01,0.51,0.52
5m,300,btc-up-or-down-5m,btc-updown-5m,btc-updown-5m-1780812900,0xcf036aae52b6a35126c0c485b3e16a80ceea7144d60dc4145773bce7d992ac6b,1780812900,1780813200,2026-06-07T06:15:00Z,2026-06-07T06:20:00Z,True,61650.298503312166,61809.871481902424,gamma_finalPrice,Up,159.57297859025857,25.883569498318895,94444.02318699981,0.99,0.58,0.59
5m,300,btc-up-or-down-5m,btc-updown-5m,btc-updown-5m-1780813200,0x3a5069a862b922fb4cc349a1a0e46c750af235c874694bf7812da88fd11a4c6f,1780813200,1780813500,2026-06-07T06:20:00Z,2026-06-07T06:25:00Z,True,61809.871481902424,61847.01207002168,gamma_finalPrice,Up,37.14058811925497,6.00884409379973,64506.403989999926,0.99,0.5,0.51
5m,300,btc-up-or-down-5m,btc-updown-5m,btc-updown-5m-1780813500,0x4c2cea83ffb5d9fcbebf2fcffad948f81655683be5a24c7eba0ead1520b8e022,1780813500,1780813800,2026-06-07T06:25:00Z,2026-06-07T06:30:00Z,True,61847.01207002168,61942.80678869073,gamma_finalPrice,Up,95.79471866905078,15.488980867918784,64676.78707199995,0.99,0.28,0.29
5m,300,btc-up-or-down-5m,btc-updown-5m,btc-updown-5m-1780813800,0x41fc14a3669ed2336fd5e1bfccb728f544e48226af1c0edf6ca07e97f091edae,1780813800,1780814100,2026-06-07T06:30:00Z,2026-06-07T06:35:00Z,True,61942.80678869073,62116.99900244178,gamma_finalPrice,Up,174.19221375104826,28.121459582107857,64137.03699600002,0.99,0.48,0.5
5m,300,btc-up-or-down-5m,btc-updown-5m,btc-updown-5m-1780814100,0x978bddfa84f69586927d0af11884106fc8d4e40c765512cdeb92f183a75690ee,1780814100,1780814400,2026-06-07T06:35:00Z,2026-06-07T06:40:00Z,True,62116.99900244178,62174.11287935045,gamma_finalPrice,Up,57.11387690866832,9.19456474489748,103825.73710100008,0.99,0.79,0.8
5m,300,btc-up-or-down-5m,btc-updown-5m,btc-updown-5m-1780814400,0x41bcd0fb6783b46ce3e2918e81a6e246635a126ba0f928b2fd81705d8b15efdd,1780814400,1780814700,2026-06-07T06:40:00Z,2026-06-07T06:45:00Z,True,62174.11287935045,62170.77303261378,gamma_finalPrice,Down,-3.3398467366641853,0.5371764198944333,76605.16412999993,0.01,0.46,0.48
5m,300,btc-up-or-down-5m,btc-updown-5m,btc-updown-5m-1780814700,0x9a2679d5f89d9d3d1b5659895a64672f5aad4b6c5228f2e72308c5bd796b2a15,1780814700,1780815000,2026-06-07T06:45:00Z,2026-06-07T06:50:00Z,True,62170.77303261378,62097.032075,gamma_finalPrice,Down,-73.74095761377976,11.861032767776017,69757.98827399993,0.01,0.19,0.2
5m,300,btc-up-or-down-5m,btc-updown-5m,btc-updown-5m-1780815000,0x1d2702548cde31e414e0a4ea92b6d8f5852b50999234d7c1c67c5d0a16a95b54,1780815000,1780815300,2026-06-07T06:50:00Z,2026-06-07T06:55:00Z,True,62097.032075,62037.87322,gamma_finalPrice,Down,-59.158855000001495,9.526840981473992,50800.76821599998,0.01,0.47,0.48
5m,300,btc-up-or-down-5m,btc-updown-5m,btc-updown-5m-1780815300,0xc0b4eca4fcaf84b08f44124652fea0a220184c87321d41686810536e947e394a,1780815300,1780815600,2026-06-07T06:55:00Z,2026-06-07T07:00:00Z,True,62037.87322,62075.776048716674,gamma_finalPrice,Up,37.90282871667296,6.10962735332031,45247.692873,0.99,0.55,0.56
5m,300,btc-up-or-down-5m,btc-updown-5m,btc-updown-5m-1780815600,0x35fa80dbef4185d6888028466d6e620713e9f926e8d240562941f962ea4e9a2d,1780815600,1780815900,2026-06-07T07:00:00Z,2026-06-07T07:05:00Z,True,62075.776048716674,62121.14379,gamma_finalPrice,Up,45.36774128332763,7.30844528592334,83087.165092,0.99,0.48,0.5
5m,300,btc-up-or-down-5m,btc-updown-5m,btc-updown-5m-1780815900,0x557b4f3371c0c5811b0bfdd16fcb8af04a9f1351fe6b6c3e9507c20be1ce9472,1780815900,1780816200,2026-06-07T07:05:00Z,2026-06-07T07:10:00Z,True,62121.14379,62164.921494999995,gamma_finalPrice,Up,43.77770499999315,7.047150507721382,76694.99877000005,0.99,0.41,0.42
5m,300,btc-up-or-down-5m,btc-updown-5m,btc-updown-5m-1780816200,0xbafba88e0d35fdb1eb4eff7101cad1b6f2acbfeb3e88101f467d843dab3940bd,1780816200,1780816500,2026-06-07T07:10:00Z,2026-06-07T07:15:00Z,True,62164.921494999995,62107.48448729891,gamma_finalPrice,Down,-57.43700770108262,9.239456323563822,44046.26035,0.01,0.48,0.49
5m,300,btc-up-or-down-5m,btc-updown-5m,btc-updown-5m-1780816500,0x9ab5ad4de60e3f862da73e6beeaa6821597356c6b32506126ceef82d27a38194,1780816500,1780816800,2026-06-07T07:15:00Z,2026-06-07T07:20:00Z,True,62107.48448729891,62116.06615774041,gamma_finalPrice,Up,8.581670441497408,1.3817449720174022,122558.41817999989,0.99,0.61,0.62
5m,300,btc-up-or-down-5m,btc-updown-5m,btc-updown-5m-1780816800,0xe5ee8e054185449c015bc591fa5a6dbda613ea9c3f98b94e207d603b6a5bcab0,1780816800,1780817100,2026-06-07T07:20:00Z,2026-06-07T07:25:00Z,True,62116.06615774041,62179.270071750405,gamma_finalPrice,Up,63.20391400999506,10.175131478785556,63977.473325000065,0.99,0.49,0.5
5m,300,btc-up-or-down-5m,btc-updown-5m,btc-updown-5m-1780817100,0x4e3de6a73d0603f2a58b3a906ae883e02ea0871b9da8c611c6b9ff447300b322,1780817100,1780817400,2026-06-07T07:25:00Z,2026-06-07T07:30:00Z,True,62179.270071750405,62202.669357980776,gamma_finalPrice,Up,23.399286230371217,3.763197316946649,63781.43363799985,0.99,0.69,0.7
5m,300,btc-up-or-down-5m,btc-updown-5m,btc-updown-5m-1780817400,0x6844d971608bec5b48b4556976a9af81968855024220373006ba58a78ab5e20c,1780817400,1780817700,2026-06-07T07:30:00Z,2026-06-07T07:35:00Z,True,62202.669357980776,62189.289105,gamma_finalPrice,Down,-13.380252980772639,2.1510737591932485,93732.96909299999,0.01,0.49,0.5
5m,300,btc-up-or-down-5m,btc-updown-5m,btc-updown-5m-1780817700,0xc5e22e15ececa7c200409b4344f76e57ddbb5ca7a9cdcf85f6579d1522f1a012,1780817700,1780818000,2026-06-07T07:35:00Z,2026-06-07T07:40:00Z,True,62189.289105,62215.393693225844,gamma_finalPrice,Up,26.104588225840416,4.197601966757587,74042.03014999999,0.99,0.5,0.51
5m,300,btc-up-or-down-5m,btc-updown-5m,btc-updown-5m-1780818000,0xc67b4db2807598f51676309b7461f104fc1a9ee0665725cd72bc1c69eb21db47,1780818000,1780818300,2026-06-07T07:40:00Z,2026-06-07T07:45:00Z,True,62215.393693225844,62202.83003922959,gamma_finalPrice,Down,-12.56365399625065,2.019380293275973,51124.42150300001,0.01,0.47,0.48
5m,300,btc-up-or-down-5m,btc-updown-5m,btc-updown-5m-1780818300,0xcbf1fa4714d4c369d641eb0401afecf3e25707307ac2b5128a1b4420b19b9adb,1780818300,1780818600,2026-06-07T07:45:00Z,2026-06-07T07:50:00Z,True,62202.83003922959,62194.53647864433,gamma_finalPrice,Down,-8.29356058526173,1.3333092047469886,110842.17704999991,0.01,0.39,0.4
5m,300,btc-up-or-down-5m,btc-updown-5m,btc-updown-5m-1780818600,0x9a32598e532ab91dea87c0761980dc26faa0304a3b4883be21b2b0f6de03a218,1780818600,1780818900,2026-06-07T07:50:00Z,2026-06-07T07:55:00Z,True,62194.53647864433,62286.01300648695,gamma_finalPrice,Up,91.47652784262027,14.708129205855641,85212.63900400004,0.99,0.5,0.51
5m,300,btc-up-or-down-5m,btc-updown-5m,btc-updown-5m-1780818900,0x9dc427209819c3e17bd2a0ce3cea235603e4ecd20957d514ebe8148bd2cd575c,1780818900,1780819200,2026-06-07T07:55:00Z,2026-06-07T08:00:00Z,True,62286.01300648695,62376.190638003725,gamma_finalPrice,Up,90.17763151677354,14.477990669812456,68375.37855399988,0.99,0.74,0.75
5m,300,btc-up-or-down-5m,btc-updown-5m,btc-updown-5m-1780819200,0x78bc61a10129fd48c7c3dbd13819ab61bf6d1a6437dcd5a1a9a451f0b52090c7,1780819200,1780819500,2026-06-07T08:00:00Z,2026-06-07T08:05:00Z,True,62376.190638003725,62342.99441848369,gamma_finalPrice,Down,-33.19621952003217,5.321937614415144,74694.33570599987,0.01,0.49,0.5
5m,300,btc-up-or-down-5m,btc-updown-5m,btc-updown-5m-1780819500,0x331ec79e17709ecf34a2e88c1e7377b87648c28421e9b5e32a588101f6e08af0,1780819500,1780819800,2026-06-07T08:05:00Z,2026-06-07T08:10:00Z,True,62342.99441848369,62336.643354937485,gamma_finalPrice,Down,-6.3510635462080245,1.0187293063877978,69997.41661199987,0.01,0.5,0.51
5m,300,btc-up-or-down-5m,btc-updown-5m,btc-updown-5m-1780819800,0xb7c17e53d739b5e4ce8db7cf837fcbbbffc6e3de9fbceaaff58b80c0695931f2,1780819800,1780820100,2026-06-07T08:10:00Z,2026-06-07T08:15:00Z,True,62336.643354937485,62357.753229582784,gamma_finalPrice,Up,21.109874645298987,3.386431079566132,56078.32986999991,0.99,0.48,0.49
5m,300,btc-up-or-down-5m,btc-updown-5m,btc-updown-5m-1780820100,0xef838e0d97e41251aa242deebcf80fd7cff7b3c76c8635efaada583029365e86,1780820100,1780820400,2026-06-07T08:15:00Z,2026-06-07T08:20:00Z,True,62357.753229582784,62370.37361924337,gamma_finalPrice,Up,12.620389660587534,2.0238685659701363,68424.90183499995,0.99,0.14,0.15
5m,300,btc-up-or-down-5m,btc-updown-5m,btc-updown-5m-1780820400,0xd2cb396f42c6d2de8d46b2dc15a83a07bb07de54d98cae0eb55579a40f6c166e,1780820400,1780820700,2026-06-07T08:20:00Z,2026-06-07T08:25:00Z,True,62370.37361924337,62426.670422588104,gamma_finalPrice,Up,56.296803344732325,9.026209092222409,51180.81840699982,0.99,0.49,0.5
5m,300,btc-up-or-down-5m,btc-updown-5m,btc-updown-5m-1780820700,0x0c0c4643fe4521eabc4bd223a38f13dd0a6185b4848d9ebb713f9849e65ebb3a,1780820700,1780821000,2026-06-07T08:25:00Z,2026-06-07T08:30:00Z,True,62426.670422588104,62509.91640485722,gamma_finalPrice,Up,83.24598226911621,13.335002764939224,64013.41236399982,0.99,0.5,0.51
5m,300,btc-up-or-down-5m,btc-updown-5m,btc-updown-5m-1780821000,0xe56fb28cc54e02c2d48738b3a5cfe71c99cc02e6b7d7e4ccbea0d744f70392f8,1780821000,1780821300,2026-06-07T08:30:00Z,2026-06-07T08:35:00Z,True,62509.91640485722,62461.70436002428,gamma_finalPrice,Down,-48.212044832936954,7.712703456629598,73805.76282800012,0.01,0.48,0.49
5m,300,btc-up-or-down-5m,btc-updown-5m,btc-updown-5m-1780821300,0x4002b39996bca407214435e808ec4ed05f17a45bfaf3fe44a64cda57e9d666a2,1780821300,1780821600,2026-06-07T08:35:00Z,2026-06-07T08:40:00Z,True,62461.70436002428,62540.50465244352,gamma_finalPrice,Up,78.8002924192333,12.615776855052609,53312.44584299995,0.99,0.5,0.51
5m,300,btc-up-or-down-5m,btc-updown-5m,btc-updown-5m-1780821600,0xd762254de73354909efb4b56b65396e3b7ef6e5e93f39d58913c031a560249e8,1780821600,1780821900,2026-06-07T08:40:00Z,2026-06-07T08:45:00Z,True,62540.50465244352,62532.032329035974,gamma_finalPrice,Down,-8.472323407542717,1.3546938027804507,98075.33641399963,0.01,0.47,0.48
5m,300,btc-up-or-down-5m,btc-updown-5m,btc-updown-5m-1780821900,0x62c307266a2d12ae1dbaf3cd8210f455e9439e3409bb8cefd43ff532e1e4bb0b,1780821900,1780822200,2026-06-07T08:45:00Z,2026-06-07T08:50:00Z,True,62532.032329035974,62746.76545164358,gamma_finalPrice,Up,214.73312260760576,34.3396999281434,71675.67211399994,0.99,0.5,0.51
5m,300,btc-up-or-down-5m,btc-updown-5m,btc-updown-5m-1780822200,0x0fa403aea7b3159b112a66e8cb0896cde8f196e70697ec02a6cb95651d9b500d,1780822200,1780822500,2026-06-07T08:50:00Z,2026-06-07T08:55:00Z,True,62746.76545164358,62825.688989660746,gamma_finalPrice,Up,78.92353801716672,12.578104616084143,75595.97221300003,0.99,0.49,0.5
5m,300,btc-up-or-down-5m,btc-updown-5m,btc-updown-5m-1780822500,0xf01aaed2eb4be18916f0638abcd277865558b3376ec8b6d4733ee17c3160a40b,1780822500,1780822800,2026-06-07T08:55:00Z,2026-06-07T09:00:00Z,True,62825.688989660746,62829.47773149246,gamma_finalPrice,Up,3.788741831711377,0.6030561530865013,103512.59352499974,0.99,0.32,0.33
5m,300,btc-up-or-down-5m,btc-updown-5m,btc-updown-5m-1780822800,0x6f605ace65c9f8071aa5f983da4661e79527b923a0b1d95882df0bff498babc0,1780822800,1780823100,2026-06-07T09:00:00Z,2026-06-07T09:05:00Z,True,62829.47773149246,62805.06235952317,gamma_finalPrice,Down,-24.4153719692913,3.885974044481578,83991.71272599978,0.01,0.47,0.48
5m,300,btc-up-or-down-5m,btc-updown-5m,btc-updown-5m-1780823100,0x2d1ab95aeb79b114d567c866cf9f0e7ff77c424a520802e217087456fb1a169a,1780823100,1780823400,2026-06-07T09:05:00Z,2026-06-07T09:10:00Z,True,62805.06235952317,62772.763070119014,gamma_finalPrice,Down,-32.29928940415266,5.142784385637204,76755.13013599985,0.01,0.65,0.66
5m,300,btc-up-or-down-5m,btc-updown-5m,btc-updown-5m-1780823400,0xa91fa67a8f31d492bc4591e4fba1a979abfd9e248c31bba007b85bcb6b8cff9b,1780823400,1780823700,2026-06-07T09:10:00Z,2026-06-07T09:15:00Z,True,62772.763070119014,62802.82856520923,gamma_finalPrice,Up,30.065495090217155,4.789576500979114,72615.25889099979,0.99,0.48,0.5
5m,300,btc-up-or-down-5m,btc-updown-5m,btc-updown-5m-1780823700,0xe1355faa50d7263c80b0907930f7e3d085818fde81daefb28bde4dadb3349de3,1780823700,1780824000,2026-06-07T09:15:00Z,2026-06-07T09:20:00Z,True,62802.82856520923,62760.96926471111,gamma_finalPrice,Down,-41.85930049812305,6.665193503929498,85269.5252690002,0.01,0.19,0.2
5m,300,btc-up-or-down-5m,btc-updown-5m,btc-updown-5m-1780824000,0x4e9f1ed3bee3fce48d89c21f872a5358cb4440fca3a281525bfa11a0d0f0dc3c,1780824000,1780824300,2026-06-07T09:20:00Z,2026-06-07T09:25:00Z,True,62760.96926471111,62637.56930541695,gamma_finalPrice,Down,-123.39995929415454,19.66189508222576,75210.57750899991,0.01,,0.01
5m,300,btc-up-or-down-5m,btc-updown-5m,btc-updown-5m-1780824300,0xa9c327593490675dd8a66b3ee7accb889c94b3167df55db61cfdbf865da4702b,1780824300,1780824600,2026-06-07T09:25:00Z,2026-06-07T09:30:00Z,True,62637.56930541695,62664.736170538206,gamma_finalPrice,Up,27.166865121253068,4.337151875863684,70173.53248099991,0.99,0.36,0.37
5m,300,btc-up-or-down-5m,btc-updown-5m,btc-updown-5m-1780824600,0xffbf60f411780ab6bf5022f4301b2d3c8f22788da8094596348f9c5e70e4800e,1780824600,1780824900,2026-06-07T09:30:00Z,2026-06-07T09:35:00Z,True,62664.736170538206,62525.6087201272,gamma_finalPrice,Down,-139.12745041100425,22.201872841589484,64817.88595100008,0.01,0.5,0.51
5m,300,btc-up-or-down-5m,btc-updown-5m,btc-updown-5m-1780824900,0xbdb636b1e00713155f223a827be76aeb4ad10564f903215c5ece5253c76f91ff,1780824900,1780825200,2026-06-07T09:35:00Z,2026-06-07T09:40:00Z,True,62525.6087201272,62564.66017,gamma_finalPrice,Up,39.05144987280073,6.24567288062722,82516.50778099986,0.99,0.5,0.51
5m,300,btc-up-or-down-5m,btc-updown-5m,btc-updown-5m-1780825200,0xe6d356cd0c01086c9c9104941c570078b197b026cb8f476bc0aec34e16837337,1780825200,1780825500,2026-06-07T09:40:00Z,2026-06-07T09:45:00Z,True,62564.66017,62516.11809941912,gamma_finalPrice,Down,-48.542070580879226,7.758704426585432,72285.00413900007,0.01,0.5,0.51
5m,300,btc-up-or-down-5m,btc-updown-5m,btc-updown-5m-1780825500,0xf1e639b85d20e5e94f69e0bb5f9d936fbd47109b54347ed660df5ae94625dbf4,1780825500,1780825800,2026-06-07T09:45:00Z,2026-06-07T09:50:00Z,True,62516.11809941912,62435.214535,gamma_finalPrice,Down,-80.90356441912445,12.941232897804667,86894.521052,0.01,0.5,0.51
5m,300,btc-up-or-down-5m,btc-updown-5m,btc-updown-5m-1780825800,0x885e2efad6a293af5cb6551363e17d117255797ce9e76a5c3d84399329ba64d8,1780825800,1780826100,2026-06-07T09:50:00Z,2026-06-07T09:55:00Z,True,62435.214535,62540.81157016907,gamma_finalPrice,Up,105.5970351690703,16.91305715140525,60929.08750899991,0.99,0.95,0.96
5m,300,btc-up-or-down-5m,btc-updown-5m,btc-updown-5m-1780826100,0xfe8edfbe66999cc58648b926b3d291611d713aba48323081010590c03d560ac2,1780826100,1780826400,2026-06-07T09:55:00Z,2026-06-07T10:00:00Z,True,62540.81157016907,62507.10928715809,gamma_finalPrice,Down,-33.702283010978135,5.388846445199244,67550.12583800002,0.01,0.48,0.5
5m,300,btc-up-or-down-5m,btc-updown-5m,btc-updown-5m-1780826400,0x5c70858f59e3ef8cc41dc0bb8230e008a2d4b50b5aeb381f7cb9ad223222ac02,1780826400,1780826700,2026-06-07T10:00:00Z,2026-06-07T10:05:00Z,True,62507.10928715809,62407.82096,gamma_finalPrice,Down,-99.28832715809403,15.88432552559146,59279.77299300001,0.01,0.03,0.04
5m,300,btc-up-or-down-5m,btc-updown-5m,btc-updown-5m-1780826700,0xcd68255676d9f1eec7d4bf93fd31e2ca33271b3bb90da9f37ff9ab0493d156c5,1780826700,1780827000,2026-06-07T10:05:00Z,2026-06-07T10:10:00Z,True,62407.82096,62355.861245,gamma_finalPrice,Down,-51.95971499999723,8.32583387798471,69103.2419480001,0.01,,0.01
5m,300,btc-up-or-down-5m,btc-updown-5m,btc-updown-5m-1780827000,0xd26115b148d7a4019d20376e82d0046c873838571bf67594c5f4b6c21888d313,1780827000,1780827300,2026-06-07T10:10:00Z,2026-06-07T10:15:00Z,True,62355.861245,62379.146238826754,gamma_finalPrice,Up,23.284993826753634,3.734210924497613,56478.89681399985,0.99,0.52,0.53
5m,300,btc-up-or-down-5m,btc-updown-5m,btc-updown-5m-1780827300,0x9231faed1b8e836fce49eabd327462a02bfad1cc94d3a4af4fa743ee5fb4380c,1780827300,1780827600,2026-06-07T10:15:00Z,2026-06-07T10:20:00Z,True,62379.146238826754,62379.997053354746,gamma_finalPrice,Up,0.8508145279920427,0.13639406424938674,101539.34652499988,0.99,0.69,0.7
5m,300,btc-up-or-down-5m,btc-updown-5m,btc-updown-5m-1780827600,0x5dbef37ce41f82124dbf61664af1f0fecc1d11bdba97483bed8a748ebe55eb0e,1780827600,1780827900,2026-06-07T10:20:00Z,2026-06-07T10:25:00Z,True,62379.997053354746,62515.69450430092,gamma_finalPrice,Up,135.69745094617247,21.75335962746327,59872.87077999998,0.99,0.53,0.54
5m,300,btc-up-or-down-5m,btc-updown-5m,btc-updown-5m-1780827900,0xbf3bcffb566d0703d98351c7c10840767977c2bf4af987c683f81ceb1f84de1d,1780827900,1780828200,2026-06-07T10:25:00Z,2026-06-07T10:30:00Z,True,62515.69450430092,62486.535403353606,gamma_finalPrice,Down,-29.159100947312254,4.664284893340852,72640.755681,0.01,0.08,0.09
5m,300,btc-up-or-down-5m,btc-updown-5m,btc-updown-5m-1780828200,0x50ea6c37ee98988f37283c2389024a86ff4476e7bdde8dd8ec0c586c81ddf133,1780828200,1780828500,2026-06-07T10:30:00Z,2026-06-07T10:35:00Z,True,62486.535403353606,62435.310569043926,gamma_finalPrice,Down,-51.22483430967986,8.197739557653675,75216.501922,0.01,0.48,0.49
5m,300,btc-up-or-down-5m,btc-updown-5m,btc-updown-5m-1780828500,0x3885362aaafa96230b4a73355bbd370302e32770ce43e7971da865068ee2c7cc,1780828500,1780828800,2026-06-07T10:35:00Z,2026-06-07T10:40:00Z,True,62435.310569043926,62339.20891673773,gamma_finalPrice,Down,-96.10165230619896,15.392195767157304,58046.50088599991,0.01,0.01,0.02
5m,300,btc-up-or-down-5m,btc-updown-5m,btc-updown-5m-1780828800,0x8dc921b035386f0983885abb462f6b82c20bb570bace9fa5f7eb3a2ebb1ed80b,1780828800,1780829100,2026-06-07T10:40:00Z,2026-06-07T10:45:00Z,True,62339.20891673773,62339.40541731312,gamma_finalPrice,Up,0.1965005753954756,0.03152118527168482,74807.48864800001,0.99,0.51,0.52
5m,300,btc-up-or-down-5m,btc-updown-5m,btc-updown-5m-1780829100,0x13107da24817fad5906ecdb6d50b2103bf0a1d7ff7d13cf43aad942c9a347092,1780829100,1780829400,2026-06-07T10:45:00Z,2026-06-07T10:50:00Z,True,62339.40541731312,62389.748467993035,gamma_finalPrice,Up,50.34305067991227,8.075638569682413,65814.02075299995,0.99,0.22,0.23
5m,300,btc-up-or-down-5m,btc-updown-5m,btc-updown-5m-1780829400,0x8c7800e209593e807da9046832ec6112d277884235f16faa72a823a37b13c3f3,1780829400,1780829700,2026-06-07T10:50:00Z,2026-06-07T10:55:00Z,True,62389.748467993035,62360.44014358803,gamma_finalPrice,Down,-29.308324405006715,4.697618619193884,76885.42972699986,0.01,0.5,0.51
5m,300,btc-up-or-down-5m,btc-updown-5m,btc-updown-5m-1780829700,0x4a0c730b454ba0a18c42bd00a6b300b3f652897b495410ee5915c0fc319f8318,1780829700,1780830000,2026-06-07T10:55:00Z,2026-06-07T11:00:00Z,True,62360.44014358803,62349.88414557093,gamma_finalPrice,Down,-10.55599801709468,1.692739498436664,80012.62609799988,0.01,0.7,0.71
5m,300,btc-up-or-down-5m,btc-updown-5m,btc-updown-5m-1780830000,0xc0fbf408533bf45861a3dd40e2e39dc7d179cf941738b6e0cb43d553cc6c81c4,1780830000,1780830300,2026-06-07T11:00:00Z,2026-06-07T11:05:00Z,True,62349.88414557093,62351.25476864177,gamma_finalPrice,Up,1.3706230708339717,0.21982768526625,84129.44410899995,0.99,0.5,0.51
5m,300,btc-up-or-down-5m,btc-updown-5m,btc-updown-5m-1780830300,0x8beea3fa6e02fbf6da51a3d7461a2b9988e680e4cd7d081a1c80bad2b7de80cf,1780830300,1780830600,2026-06-07T11:05:00Z,2026-06-07T11:10:00Z,True,62351.25476864177,62493.32868935698,gamma_finalPrice,Up,142.07392071521463,22.786056390106147,67230.43712499995,0.99,0.86,0.87
5m,300,btc-up-or-down-5m,btc-updown-5m,btc-updown-5m-1780830600,0x98c6a7277e520289df5d623507d5d56c92833aac6a962615b74ad9c0157a5b56,1780830600,1780830900,2026-06-07T11:10:00Z,2026-06-07T11:15:00Z,True,62493.32868935698,62441.456375,gamma_finalPrice,Down,-51.872314356980496,8.300456295875737,69420.60079799998,0.01,0.49,0.5
5m,300,btc-up-or-down-5m,btc-updown-5m,btc-updown-5m-1780830900,0x50eb9c72a5b6d1d972ad0e361c78c8946790db90db9101e219ce8e3b3a05d44c,1780830900,1780831200,2026-06-07T11:15:00Z,2026-06-07T11:20:00Z,True,62441.456375,62438.23980894493,gamma_finalPrice,Down,-3.2165660550745088,0.5151330929498212,79619.074533,0.01,0.7,0.71
5m,300,btc-up-or-down-5m,btc-updown-5m,btc-updown-5m-1780831200,0xcf79f78d1be463743e65cbc912e62e8a4dfd23ccc6131345a5afe60edd1c7447,1780831200,1780831500,2026-06-07T11:20:00Z,2026-06-07T11:25:00Z,True,62438.23980894493,62519.08507901707,gamma_finalPrice,Up,80.84527007214638,12.948037984338637,53615.72200599997,0.99,0.5,0.51
5m,300,btc-up-or-down-5m,btc-updown-5m,btc-updown-5m-1780831500,0xfd9d3c2996a2c0c7bc3ba4156cac38fb8daebbe3e35d14296b2d8977c9b2e6d8,1780831500,1780831800,2026-06-07T11:25:00Z,2026-06-07T11:30:00Z,True,62519.08507901707,62502.99013147479,gamma_finalPrice,Down,-16.09494754228217,2.574405483052091,70045.3963240001,0.01,0.4,0.41
5m,300,btc-up-or-down-5m,btc-updown-5m,btc-updown-5m-1780831800,0x062ee955b1d53bdfb2264275329fe31d3eed89cf18fe7eb3b4eea638ec901fbb,1780831800,1780832100,2026-06-07T11:30:00Z,2026-06-07T11:35:00Z,True,62502.99013147479,62452.790311526456,gamma_finalPrice,Down,-50.19981994833506,8.031586943719002,58941.72757099991,0.01,0.47,0.48
5m,300,btc-up-or-down-5m,btc-updown-5m,btc-updown-5m-1780832100,0x3d26f929850e9581ca1a554c8045231e0e69e76f187e3905ffad69ed0fa51d68,1780832100,1780832400,2026-06-07T11:35:00Z,2026-06-07T11:40:00Z,True,62452.790311526456,62607.84569785269,gamma_finalPrice,Up,155.0553863262321,24.827615476071795,54807.11551899995,0.99,0.91,0.92
5m,300,btc-up-or-down-5m,btc-updown-5m,btc-updown-5m-1780832400,0xe32fb46175f15dd59ef031d090e1b42d37d8b734c7da5712848dabcb9c1a5c31,1780832400,1780832700,2026-06-07T11:40:00Z,2026-06-07T11:45:00Z,True,62607.84569785269,62657.226137528,gamma_finalPrice,Up,49.38043967531121,7.887260634014253,55196.93364899999,0.99,0.48,0.49
5m,300,btc-up-or-down-5m,btc-updown-5m,btc-updown-5m-1780832700,0x65577bcabef212976ac0d2c6b9d33c697c0b16444b9dea9f2e323076039a8a11,1780832700,1780833000,2026-06-07T11:45:00Z,2026-06-07T11:50:00Z,True,62657.226137528,62723.310361251824,gamma_finalPrice,Up,66.08422372382483,10.546943712250338,63743.60652199991,0.99,0.57,0.58
5m,300,btc-up-or-down-5m,btc-updown-5m,btc-updown-5m-1780833000,0xcbbd27ec9e0ffaa83c1f2d5b4233a49ea52796c006c23176f944672369b5c4cc,1780833000,1780833300,2026-06-07T11:50:00Z,2026-06-07T11:55:00Z,True,62723.310361251824,62644.982646896635,gamma_finalPrice,Down,-78.32771435518953,12.487815758458044,61803.865697000016,0.01,0.49,0.5
5m,300,btc-up-or-down-5m,btc-updown-5m,btc-updown-5m-1780833300,0x53dbd9e206e3a1933d78916cea2f07974dd11bbdbff5c1c0ae2bc4602e0fb418,1780833300,1780833600,2026-06-07T11:55:00Z,2026-06-07T12:00:00Z,True,62644.982646896635,62601.62901557397,gamma_finalPrice,Down,-43.353631322665024,6.920527309749796,56263.37987099985,0.01,0.12,0.13
5m,300,btc-up-or-down-5m,btc-updown-5m,btc-updown-5m-1780833600,0x6e4dc4bd7dd8c947b38a5b3153da10c0e605cb843d865e0770872941cf2eb286,1780833600,1780833900,2026-06-07T12:00:00Z,2026-06-07T12:05:00Z,True,62601.62901557397,62607.800064999996,gamma_finalPrice,Up,6.171049426026002,0.9857649909542728,66619.54499699995,0.99,0.5,0.51
5m,300,btc-up-or-down-5m,btc-updown-5m,btc-updown-5m-1780833900,0x6cd962b2ad5da0b32f400bc138dd393a421ce413bfbbed599bce253951829f8f,1780833900,1780834200,2026-06-07T12:05:00Z,2026-06-07T12:10:00Z,True,62607.800064999996,62406.68599659767,gamma_finalPrice,Down,-201.11406840232667,32.122845427171725,68229.39055299983,0.01,0.47,0.48
5m,300,btc-up-or-down-5m,btc-updown-5m,btc-updown-5m-1780834200,0x886e88c828dae2055361a4a08117734386f14b7381e6a411578166987678b59d,1780834200,1780834500,2026-06-07T12:10:00Z,2026-06-07T12:15:00Z,True,62406.68599659767,62061.71028974335,gamma_finalPrice,Down,-344.97570685431856,55.278645444035625,78749.85540199984,0.01,0.49,0.5
5m,300,btc-up-or-down-5m,btc-updown-5m,btc-updown-5m-1780834500,0xa9759e773694c0319f8f4ff2fc349dd421dcb3305aabeee9038ea3a460fe2aad,1780834500,1780834800,2026-06-07T12:15:00Z,2026-06-07T12:20:00Z,True,62061.71028974335,61977.21445357376,gamma_finalPrice,Down,-84.4958361695899,13.614809481580485,111960.25387500002,0.01,0.75,0.76
5m,300,btc-up-or-down-5m,btc-updown-5m,btc-updown-5m-1780834800,0xe6d643addbd62821d68049f39ea772654f7f5c02ed10db91b149f8602e55d2d3,1780834800,1780835100,2026-06-07T12:20:00Z,2026-06-07T12:25:00Z,True,61977.21445357376,61948.95207477693,gamma_finalPrice,Down,-28.262378796833218,4.560124078826447,94631.24203399982,0.01,0.52,0.53
5m,300,btc-up-or-down-5m,btc-updown-5m,btc-updown-5m-1780835100,0x80de27f0207185be03a9d02515d15176439386f41ac9b8bc4b1f452790f3b815,1780835100,1780835400,2026-06-07T12:25:00Z,2026-06-07T12:30:00Z,True,61948.95207477693,61916.97951362721,gamma_finalPrice,Down,-31.972561149719695,5.161114123629802,87461.74859899998,0.01,0.38,0.39
5m,300,btc-up-or-down-5m,btc-updown-5m,btc-updown-5m-1780835400,0x8ae8a06b7d017d2cd450720859dcdb2a69ed5512d2ffc2edb0909d8f9f9703c1,1780835400,1780835700,2026-06-07T12:30:00Z,2026-06-07T12:35:00Z,True,61916.97951362721,61765.9166624983,gamma_finalPrice,Down,-151.06285112891055,24.397645414157093,73329.6364479999,0.01,0.51,0.52
5m,300,btc-up-or-down-5m,btc-updown-5m,btc-updown-5m-1780835700,0x76e9fa6d01c0209015a4368e4e3f714fc5c865794ede1dd6bd0bff46feb0e768,1780835700,1780836000,2026-06-07T12:35:00Z,2026-06-07T12:40:00Z,True,61765.9166624983,61866.0955632766,gamma_finalPrice,Up,100.17890077830089,16.219123133183476,85424.65424599993,0.99,0.61,0.62
5m,300,btc-up-or-down-5m,btc-updown-5m,btc-updown-5m-1780836000,0xb771ff819f156772e4a008f3ad450b5c7df3827c25a51a12a38a76ea5772c687,1780836000,1780836300,2026-06-07T12:40:00Z,2026-06-07T12:45:00Z,True,61866.0955632766,61629.016665425464,gamma_finalPrice,Down,-237.07889785113366,38.32129629202954,88776.06583499978,0.01,,0.01
5m,300,btc-up-or-down-5m,btc-updown-5m,btc-updown-5m-1780836300,0x9272e5cf7cebc59e278c483a829a7f8b033831788c6e418be2c750cb85caa3fc,1780836300,1780836600,2026-06-07T12:45:00Z,2026-06-07T12:50:00Z,True,61629.016665425464,61829.59287910687,gamma_finalPrice,Up,200.57621368140826,32.545742985046466,71093.11275399991,0.99,0.54,0.55
5m,300,btc-up-or-down-5m,btc-updown-5m,btc-updown-5m-1780836600,0xfc7b800b86c68dc7bf5e141de05900fb492af4268ac30027211f2c49b8f9901f,1780836600,1780836900,2026-06-07T12:50:00Z,2026-06-07T12:55:00Z,True,61829.59287910687,61830.322968383116,gamma_finalPrice,Up,0.730089276243234,0.11808088040798696,88725.83049399985,0.99,0.5,0.51
5m,300,btc-up-or-down-5m,btc-updown-5m,btc-updown-5m-1780836900,0x6b61b0d23c29318e74b29878daf105566bb2d31814e06a9e58331ff3bbfcb258,1780836900,1780837200,2026-06-07T12:55:00Z,2026-06-07T13:00:00Z,True,61830.322968383116,61879.376080953174,gamma_finalPrice,Up,49.05311257005815,7.933504179679187,83040.93318800014,0.99,0.51,0.52
5m,300,btc-up-or-down-5m,btc-updown-5m,btc-updown-5m-1780837200,0x9f229dc284fd68397b3ed312b4b795d02e7248430bb8224c6e903359902bc343,1780837200,1780837500,2026-06-07T13:00:00Z,2026-06-07T13:05:00Z,True,61879.376080953174,61744.15058930714,gamma_finalPrice,Down,-135.22549164603697,21.85307936349089,57678.84927399983,0.01,0.5,0.51
