market_timeframe,market_duration_seconds,series_slug,slug_prefix,wallet,is_follower,watch_label,n_lead_events,n_lag_events,n_same_second,lead_ratio,n_distinct_followers_led,n_markets_led,own_trades,conversion_rate,share_of_all_follower_events
5m,300,btc-up-or-down-5m,btc-updown-5m,0xe9076a87c5ed90ef16e6fe6529c943baeca0cff6,0,,1199,1225,805,0.4946369636963696,81,397,33990,0.035275080906148865,0.09301062756962222
5m,300,btc-up-or-down-5m,btc-updown-5m,0xa8ccda0419f357f819271437efb61022f01341a9,0,,1026,754,606,0.5764044943820225,81,409,18305,0.05605025949194209,0.07959041191528973
5m,300,btc-up-or-down-5m,btc-updown-5m,0xeebde7a0e019a63e6b476eb425505b7b3e6eba30,0,market_maker_control,1552,1367,1035,0.5316889345666324,80,508,39221,0.03957063817852681,0.12039407338453184
5m,300,btc-up-or-down-5m,btc-updown-5m,0x218f36c313d6c012636b21cc6b5a043d9fef17bc,0,,1331,797,910,0.6254699248120301,80,409,23917,0.055650792323451936,0.1032503296873788
5m,300,btc-up-or-down-5m,btc-updown-5m,0x32e4abe3e97aaf3c95c315ba3ffbe7b2a313beed,0,,1331,1096,798,0.5484136794396374,78,407,30685,0.043376242463744503,0.1032503296873788
5m,300,btc-up-or-down-5m,btc-updown-5m,0x1f19c48aee80ec95396d91f0d21ac249b8a7f57a,0,,1084,636,648,0.6302325581395349,78,388,20776,0.05217558721601848,0.08408967496703126
5m,300,btc-up-or-down-5m,btc-updown-5m,0x60889af507ec3f9da136f38b1c58080bec32f361,0,,1044,637,683,0.6210588935157644,75,331,15472,0.06747673216132369,0.08098673493134745
5m,300,btc-up-or-down-5m,btc-updown-5m,0xe0229e10a858860218b6132f4234602c47bd6603,0,,1144,686,822,0.6251366120218579,71,307,23884,0.047898174510132306,0.08874408502055697
5m,300,btc-up-or-down-5m,btc-updown-5m,0xfb0f17657c9c24293b918adb86362a4d8fc90b02,0,,717,626,601,0.533879374534624,71,238,14893,0.04814342308467065,0.0556202001396323
5m,300,btc-up-or-down-5m,btc-updown-5m,0xabc203facb9cc81ba9977c4a19b20f0634007048,0,,2486,2584,4088,0.4903353057199211,68,162,1658,1.4993968636911943,0.19284772321774882
5m,300,btc-up-or-down-5m,btc-updown-5m,0xbd050887b28ef80590e25b0d0e4110154d930a55,0,,951,813,539,0.5391156462585034,68,333,14716,0.06462353900516445,0.07377239934838259
5m,300,btc-up-or-down-5m,btc-updown-5m,0xcfb103c37c0234f524c632d964ed31f117b5f694,0,,574,466,436,0.551923076923077,65,176,6445,0.08906128782001552,0.04452718951206268
5m,300,btc-up-or-down-5m,btc-updown-5m,0x1c4ee4e794c367b4c81d233e79769652b8a04150,0,,619,542,543,0.533161068044789,61,166,6146,0.10071591278880573,0.04801799705220697
5m,300,btc-up-or-down-5m,btc-updown-5m,0x0c7c5204404e9d5402d258fedac59c7212bae4cb,0,,564,521,424,0.5198156682027649,60,235,23266,0.024241382274563742,0.043751454503141725
5m,300,btc-up-or-down-5m,btc-updown-5m,0xf40acbc4387c990034faf3f5954cbc55656ce716,0,,1037,1015,2685,0.5053606237816765,58,84,331,3.132930513595166,0.08044372042510278
5m,300,btc-up-or-down-5m,btc-updown-5m,0x82311cdedaa7ee25d4672b0e3a3ee0dd0cd2c02e,0,,397,319,323,0.5544692737430168,58,200,8966,0.04427838501003792,0.030796679854161818
5m,300,btc-up-or-down-5m,btc-updown-5m,0x05ddbe2edc2fcb293eb149028f45e93cec14305c,1,,1405,1353,3807,0.509427121102248,57,137,741,1.8960863697705803,0.10899076875339384
5m,300,btc-up-or-down-5m,btc-updown-5m,0x0484e64092ba4108c2786b61e6fc052d3bf41b1a,0,,631,564,394,0.5280334728033472,56,155,10579,0.059646469420550144,0.04894887906291211
5m,300,btc-up-or-down-5m,btc-updown-5m,0xf0ce599882d888a43c4ec380163803133187bf26,1,,1402,1266,3273,0.525487256371814,55,106,520,2.6961538461538463,0.10875804825071755
5m,300,btc-up-or-down-5m,btc-updown-5m,0x93173b86dbe2f2dd9922c751806d306b48cf5a5f,1,window_dressing,1345,1485,3864,0.4752650176678445,55,143,805,1.670807453416149,0.10433635869986813
5m,300,btc-up-or-down-5m,btc-updown-5m,0x2f8294a4c520fca5168e00c5a7ecd4d4908b659e,1,,744,665,1734,0.5280340667139816,55,58,219,3.3972602739726026,0.057714684663718874
5m,300,btc-up-or-down-5m,btc-updown-5m,0x50ea9d870f0347402afbf9d42713bb857bda5963,0,,469,462,262,0.5037593984962406,55,229,10031,0.04675505931612003,0.03638197191839268
5m,300,btc-up-or-down-5m,btc-updown-5m,0xfda3e79ca15eec2f911cffa697a59dbddcdde4f5,0,,378,246,272,0.6057692307692307,55,78,4032,0.09375,0.02932278333721201
5m,300,btc-up-or-down-5m,btc-updown-5m,0xc547326c577e21102f85e36b06cdb70d05e87b30,0,,299,233,227,0.5620300751879699,55,165,4531,0.06598984771573604,0.023194476766736482
5m,300,btc-up-or-down-5m,btc-updown-5m,0xb2b4ec88c02de44d6ab61eb6c4141fe8170e512d,0,,1252,1278,3436,0.49486166007905136,54,107,442,2.832579185520362,0.09712202311690327
5m,300,btc-up-or-down-5m,btc-updown-5m,0xc6a660df2dfb8c1bccded6b8450ead32582a7247,1,,815,774,1728,0.512901195720579,54,80,430,1.8953488372093024,0.06322240322705763
5m,300,btc-up-or-down-5m,btc-updown-5m,0xce25e214d5cfe4f459cf67f08df581885aae7fdc,0,,384,306,285,0.5565217391304348,54,152,11584,0.03314917127071823,0.02978822434256458
5m,300,btc-up-or-down-5m,btc-updown-5m,0xd47cf8a42917e91504a50da5dcee3347da373f0e,0,,236,137,168,0.6327077747989276,54,96,1867,0.12640599892876273,0.01830734621053448
5m,300,btc-up-or-down-5m,btc-updown-5m,0x674887d1ac838099a48b629dff53f25b7b87ee08,0,,569,294,227,0.6593279258400927,53,288,8450,0.06733727810650887,0.044139322007602205
5m,300,btc-up-or-down-5m,btc-updown-5m,0xc5991cafc46e1fb7397de6c03e31e18fb028b1d2,0,,597,591,1094,0.5025252525252525,52,36,322,1.8540372670807452,0.04631138003258087
5m,300,btc-up-or-down-5m,btc-updown-5m,0x70383d41911a9080743407fc55f98e062e38fe98,1,,935,774,1970,0.5471035693387947,51,80,262,3.568702290076336,0.07253122333410907
5m,300,btc-up-or-down-5m,btc-updown-5m,0x5d3cc45e538130b02c8f3c821638ec9cd350c298,0,,327,161,257,0.6700819672131147,51,131,5064,0.06457345971563981,0.02536653479171515
5m,300,btc-up-or-down-5m,btc-updown-5m,0xb0c078c893300f44d341f4e854d8964b47dce88f,0,,981,712,801,0.5794447725930302,50,55,593,1.6543001686340641,0.07609960437514544
5m,300,btc-up-or-down-5m,btc-updown-5m,0x510ae1a69ea3fa6f95027157128c25563508d77f,0,,530,200,310,0.726027397260274,50,164,5556,0.09539236861051116,0.041113955472810486
5m,300,btc-up-or-down-5m,btc-updown-5m,0xb55fa1296e6ec55d0ce53d93b9237389f11764d4,0,,242,173,175,0.5831325301204819,50,104,7869,0.030753590036853476,0.018772787215887054
5m,300,btc-up-or-down-5m,btc-updown-5m,0xe593ed212d5c7032b84ec499cd942c9df06ab944,0,,232,196,130,0.5420560747663551,50,94,4985,0.04653961885656971,0.0179970522069661
5m,300,btc-up-or-down-5m,btc-updown-5m,0xc387c2a40d389f17b723b6bba9b18b7dbd2de4f4,0,,197,281,161,0.4121338912133891,50,67,1663,0.11846061334936861,0.015281979675742767
5m,300,btc-up-or-down-5m,btc-updown-5m,0x19cd345dcd11a9f1aedb29fc45577d8d57a0af9a,0,,178,105,130,0.6289752650176679,49,75,2954,0.06025727826675694,0.013808083158792957
5m,300,btc-up-or-down-5m,btc-updown-5m,0xc5d521074e88279556836998fb2a5d2e2c1c6caa,0,directional_suspect,1493,1512,1579,0.49683860232945093,48,104,3693,0.40427836447332793,0.11581723683189822
5m,300,btc-up-or-down-5m,btc-updown-5m,0x251c1a283703beed41590b0875a8dcb8ddd1541f,0,,484,341,255,0.5866666666666667,48,206,13270,0.03647324792765637,0.03754557443177411
5m,300,btc-up-or-down-5m,btc-updown-5m,0x75cc3b63a2f2423085e10706c78b494017b93ce1,0,,380,184,279,0.6737588652482269,48,201,6705,0.05667412378821775,0.0294779303389962
5m,300,btc-up-or-down-5m,btc-updown-5m,0x7399fe3ecdc1ac708b418448101d0475d1f9ef2e,0,,351,223,272,0.6114982578397212,48,186,6109,0.057456212146014075,0.027228298813125437
5m,300,btc-up-or-down-5m,btc-updown-5m,0x5d4dbd413bd7aa1b79f4a33896ddc9ad0125ddd6,0,,206,196,137,0.5124378109452736,48,98,3965,0.051954602774274904,0.015980141183771623
5m,300,btc-up-or-down-5m,btc-updown-5m,0x0b56f40d788effa14082baa999e562d543a51669,0,,105,78,85,0.5737704918032787,48,54,1836,0.05718954248366013,0.008145217593670002
5m,300,btc-up-or-down-5m,btc-updown-5m,0x12c2782b74d3b2a051b55be2e5167970ace01381,0,,549,354,449,0.6079734219269103,47,48,436,1.2591743119266054,0.0425878519897603
5m,300,btc-up-or-down-5m,btc-updown-5m,0xe3575b1f6cf47c49cf9262637ab40b14fb1cb709,0,,347,203,154,0.6309090909090909,47,196,8367,0.04147245129676109,0.026918004809557056
5m,300,btc-up-or-down-5m,btc-updown-5m,0xca7508b30c2124e127ee09969b6a0aaf9bf7dcc7,0,,187,168,109,0.5267605633802817,47,68,2342,0.0798462852263023,0.014506244666821815
5m,300,btc-up-or-down-5m,btc-updown-5m,0x07480f204434ad41b1705b9d1de5bbfc451092a1,0,,147,131,152,0.5287769784172662,47,71,2022,0.07270029673590504,0.011403304631138002
5m,300,btc-up-or-down-5m,btc-updown-5m,0x45e26c19138bc82feab876235669db176f0035ff,0,,127,76,76,0.625615763546798,47,67,2722,0.04665686994856723,0.009851834613296098
5m,300,btc-up-or-down-5m,btc-updown-5m,0xf3531b23b504cf0aed4ff21325232b2a2d496685,0,,612,356,466,0.6322314049586777,46,152,5065,0.12082922013820335,0.0474749825459623
5m,300,btc-up-or-down-5m,btc-updown-5m,0x7eafe39a0fd0aad09c401041fed456d9c1f47180,1,,538,401,1334,0.5729499467518637,46,47,130,4.138461538461539,0.04173454347994725
5m,300,btc-up-or-down-5m,btc-updown-5m,0x952d11ebff81d6bd3185e608ed3515b94618ab8a,0,,400,295,196,0.5755395683453237,46,30,410,0.975609756097561,0.031029400356838103
5m,300,btc-up-or-down-5m,btc-updown-5m,0x0bba462910d353765d765f13916db8d1a3f9bebd,0,,339,210,247,0.6174863387978142,46,185,5941,0.05706110082477697,0.026297416802420294
5m,300,btc-up-or-down-5m,btc-updown-5m,0xf3234d1e60bd6740d4def423a74f464644f84c32,0,,539,295,583,0.6462829736211031,45,42,138,3.9057971014492754,0.041812116980839344
5m,300,btc-up-or-down-5m,btc-updown-5m,0x2a6c7a642c4e27885ce8b8da585853f360d70b42,0,,429,365,449,0.5403022670025189,45,139,6742,0.06363097003856423,0.033279031882708865
5m,300,btc-up-or-down-5m,btc-updown-5m,0xf6beafa72d6416525c4cf039c9c122883dbef6a3,0,,381,725,672,0.3444846292947559,45,43,402,0.9477611940298507,0.029555503839888295
5m,300,btc-up-or-down-5m,btc-updown-5m,0x5a7816afd4a78913236ae6bc96859f486e624ae1,0,,298,190,200,0.610655737704918,45,123,3155,0.09445324881141046,0.023116903265844386
5m,300,btc-up-or-down-5m,btc-updown-5m,0x61eab745c19509a04098f5c2b0859241b894f58d,0,,245,182,163,0.5737704918032787,45,111,21393,0.011452344224746412,0.01900550771856334
5m,300,btc-up-or-down-5m,btc-updown-5m,0x24ca37de07bc887c782129b7447cce4794ea5829,0,,201,174,180,0.536,44,30,855,0.23508771929824562,0.015592273679311148
5m,300,btc-up-or-down-5m,btc-updown-5m,0x58eb15addb5ac10f35118bf0aa71811fed0aded8,0,,918,610,1028,0.6007853403141361,43,52,319,2.877742946708464,0.07121247381894345
5m,300,btc-up-or-down-5m,btc-updown-5m,0xcc3202f53dfbe44e63786184081c7b3ec7eaef8e,1,,436,317,920,0.5790172642762285,43,44,274,1.5912408759124088,0.03382204638895353
5m,300,btc-up-or-down-5m,btc-updown-5m,0x548254ca3e01e6c33498be4ed54ae03cd45023cd,0,,381,241,345,0.612540192926045,43,47,437,0.8718535469107551,0.029555503839888295
5m,300,btc-up-or-down-5m,btc-updown-5m,0xa6896d11f76dfa2820662c1f441496f51553559b,0,,347,173,263,0.6673076923076923,43,163,3093,0.11218881344972519,0.026918004809557056
5m,300,btc-up-or-down-5m,btc-updown-5m,0x23f544a1f92150f25ebafae0e40f5db448b37a6e,0,,274,158,299,0.6342592592592593,43,48,264,1.0378787878787878,0.0212551392444341
5m,300,btc-up-or-down-5m,btc-updown-5m,0x16526e104f5ce09388a6a8cffd8b81c6f93b96dc,0,,223,278,193,0.44510978043912175,43,36,838,0.26610978520286394,0.017298890698937242
5m,300,btc-up-or-down-5m,btc-updown-5m,0x6743b0c87309618d498e1747442f6ba995c034d0,0,,216,246,162,0.4675324675324675,43,38,816,0.2647058823529412,0.016755876192692577
5m,300,btc-up-or-down-5m,btc-updown-5m,0xdbd83a8b2944ad66189dc98a7c03daf443e79a78,0,,193,227,151,0.4595238095238095,43,30,363,0.5316804407713499,0.014971685672174386
5m,300,btc-up-or-down-5m,btc-updown-5m,0x18ba4ebc94b3c155a85e9ab65a3517d70767cd44,0,,153,107,95,0.5884615384615385,43,29,1497,0.10220440881763528,0.011868745636490576
5m,300,btc-up-or-down-5m,btc-updown-5m,0x75110b2afa07a881292528a355715a0febe1582e,0,,142,118,171,0.5461538461538461,43,21,346,0.41040462427745666,0.011015437126677527
5m,300,btc-up-or-down-5m,btc-updown-5m,0x2bc01f3ad80e31f5bf3d80775b044f0c67797871,0,,1207,335,723,0.7827496757457847,42,53,222,5.436936936936937,0.09363121557675898
5m,300,btc-up-or-down-5m,btc-updown-5m,0xa82365c8e854728c472812fba6202ca125386215,0,,458,270,339,0.6291208791208791,42,40,353,1.2974504249291785,0.03552866340857963
5m,300,btc-up-or-down-5m,btc-updown-5m,0x5e2b9261b0c4f697b55bf921ff2bc227183d9101,0,,320,136,220,0.7017543859649122,42,176,6185,0.05173807599029911,0.024823520285470482
5m,300,btc-up-or-down-5m,btc-updown-5m,0xe7e828cb74e6caa5292a27b5f996dc764e006f45,0,,255,203,161,0.5567685589519651,42,161,6532,0.03903857930189834,0.019781242727484293
5m,300,btc-up-or-down-5m,btc-updown-5m,0x27091ce48a08a3e21d63c42d33428cf1e55d20f5,0,,229,302,313,0.4312617702448211,42,110,8767,0.026120679822059997,0.017764331704289815
5m,300,btc-up-or-down-5m,btc-updown-5m,0x1bbd80dc12b8162ba0f4c4586c068e27c634f8cc,0,,224,285,166,0.4400785854616896,42,37,794,0.28211586901763225,0.01737646419982934
5m,300,btc-up-or-down-5m,btc-updown-5m,0xa3e0985f2d0b3209a52f171660287863690d095d,0,,172,74,127,0.6991869918699187,42,58,1352,0.12721893491124261,0.013342642153440385
5m,300,btc-up-or-down-5m,btc-updown-5m,0xe9ef64937caa4db3c1ae307f03e86f24f6d9b063,0,,98,73,72,0.5730994152046783,42,47,1449,0.06763285024154589,0.007602203087425335
5m,300,btc-up-or-down-5m,btc-updown-5m,0x983848691c445a1e235c1e49a69c49d8c4d3bcfe,0,,1031,1026,1436,0.5012153621779291,41,56,1334,0.7728635682158921,0.07997827941975022
5m,300,btc-up-or-down-5m,btc-updown-5m,0x476639d9845d7a0261cb005dae6473f089ff5a03,0,,965,351,871,0.7332826747720365,41,146,6207,0.15546963106170453,0.07485842836087192
5m,300,btc-up-or-down-5m,btc-updown-5m,0x604b4da08d794c5b8ef9ae35c3b959ec6a106845,0,,955,638,1190,0.5994978028876334,41,53,298,3.204697986577181,0.07408269335195097
5m,300,btc-up-or-down-5m,btc-updown-5m,0x04a162e06d1e82745a08b95e247bf3a965693527,0,,631,555,635,0.5320404721753794,41,36,507,1.244575936883629,0.04894887906291211
5m,300,btc-up-or-down-5m,btc-updown-5m,0x2ea200d216413a982d6151ac498419ae213ed3d7,0,,344,228,241,0.6013986013986014,41,81,3101,0.1109319574330861,0.02668528430688077
5m,300,btc-up-or-down-5m,btc-updown-5m,0x02b640e5686c95289f60fe9090c1889e409b8f5f,1,,286,272,657,0.5125448028673835,41,22,266,1.0751879699248121,0.022186021255139243
5m,300,btc-up-or-down-5m,btc-updown-5m,0xdbea01655df76943eaad1b5e211b53f8a3eef60c,0,,224,267,162,0.45621181262729127,41,36,785,0.28535031847133757,0.01737646419982934
5m,300,btc-up-or-down-5m,btc-updown-5m,0x2ad34528ed50c0e0fb0ee7017697685cf8449d5c,0,,209,285,169,0.4230769230769231,41,36,801,0.26092384519350814,0.01621286168644791
5m,300,btc-up-or-down-5m,btc-updown-5m,0xf27d40745542dc871e127acff3a1c9d3910d9a88,0,,205,118,128,0.6346749226006192,41,52,3374,0.06075874333135744,0.015902567682879527
5m,300,btc-up-or-down-5m,btc-updown-5m,0x8f15685e3b103deff9026b11926dfefb7a9b0d75,0,,152,148,82,0.5066666666666667,41,79,3986,0.038133467134972406,0.01179117213559848
5m,300,btc-up-or-down-5m,btc-updown-5m,0xf82ab3edf9cd9ddfe927aefecec742989123d221,0,,854,630,1425,0.5754716981132075,40,97,686,1.2448979591836735,0.06624776976184935
5m,300,btc-up-or-down-5m,btc-updown-5m,0x8e37a8fafc73abacdfa3e2fe3a19f0fa1f97da10,0,,457,409,385,0.5277136258660509,40,32,426,1.0727699530516432,0.035451089907687534
5m,300,btc-up-or-down-5m,btc-updown-5m,0xf6ab262d360c85f98782b84a04db35c6e18d3579,0,,314,241,287,0.5657657657657658,40,67,1990,0.1577889447236181,0.024358079280117913
5m,300,btc-up-or-down-5m,btc-updown-5m,0xdf7930e89a2c47560165331863c31deca0733dcd,0,,272,338,158,0.4459016393442623,40,145,11680,0.023287671232876714,0.021099992242649912
5m,300,btc-up-or-down-5m,btc-updown-5m,0x9277ab1597ad160b699687051e3102a1de8c37e9,0,,212,236,175,0.4732142857142857,40,35,777,0.2728442728442728,0.016445582189124196
5m,300,btc-up-or-down-5m,btc-updown-5m,0x6244901b0901c1952d76aaacf97772c28be41ada,0,,209,263,180,0.4427966101694915,40,36,799,0.2615769712140175,0.01621286168644791
5m,300,btc-up-or-down-5m,btc-updown-5m,0x961734c50de1eada489db79f05ae09c3fda3a6c3,0,,204,136,145,0.6,40,69,3544,0.05756207674943566,0.015824994181987434
5m,300,btc-up-or-down-5m,btc-updown-5m,0x16bc7faccdb6dedd07d47333a6f06fef635dd23a,0,,197,138,110,0.5880597014925373,40,115,8965,0.02197434467373118,0.015281979675742767
5m,300,btc-up-or-down-5m,btc-updown-5m,0x5039c58a38c3fc2e4c1a4bf472f4c75f357ba717,0,,101,121,52,0.45495495495495497,40,36,1515,0.06666666666666667,0.007834923590101621
5m,300,btc-up-or-down-5m,btc-updown-5m,0x62e5724de53a3d369b885a6090d4bee6a420b7b0,1,,422,646,951,0.3951310861423221,39,41,229,1.8427947598253276,0.0327360173764642
5m,300,btc-up-or-down-5m,btc-updown-5m,0x57f2faf2eb75fd26bce0b5baf5ee7ffaadd66356,0,,330,157,383,0.6776180698151951,39,22,299,1.1036789297658862,0.025599255294391436
5m,300,btc-up-or-down-5m,btc-updown-5m,0x2cc7e057e2be6b374a51a273662f4d1faa22158e,0,,223,101,144,0.6882716049382716,39,28,342,0.652046783625731,0.017298890698937242
5m,300,btc-up-or-down-5m,btc-updown-5m,0x0ce6e73c83909dc24b331c88545c3a1b8f386bb5,0,,190,105,122,0.6440677966101694,39,20,302,0.6291390728476821,0.0147389651694981
5m,300,btc-up-or-down-5m,btc-updown-5m,0x1a561cdee16a7a263231aacc9ee50447ea6cf475,0,,186,149,82,0.5552238805970149,39,105,3774,0.0492845786963434,0.014428671165929718
5m,300,btc-up-or-down-5m,btc-updown-5m,0x984840698f9d4cc6fa7d0056a7251bcdb280b0ba,0,,1056,2408,2367,0.30484988452655887,38,101,1222,0.8641571194762684,0.0819176169420526
5m,300,btc-up-or-down-5m,btc-updown-5m,0xfa6705107c75438a0492f14e3929b57b1499d948,0,,631,783,693,0.44625176803394623,38,55,725,0.8703448275862069,0.04894887906291211
5m,300,btc-up-or-down-5m,btc-updown-5m,0x6a26095c16055429012113af34b84e6221955b66,0,,623,767,863,0.4482014388489209,38,66,1238,0.5032310177705978,0.048328291055775345
5m,300,btc-up-or-down-5m,btc-updown-5m,0x55029891f5ae9f96e3aaa35e17f871fedfbe4b9a,0,,240,117,77,0.6722689075630253,38,130,5696,0.042134831460674156,0.01861764021410286
5m,300,btc-up-or-down-5m,btc-updown-5m,0xe13b30ddadecf9ba877d7141ca8f313d9d24821d,0,,223,112,185,0.6656716417910448,38,33,353,0.6317280453257791,0.017298890698937242
5m,300,btc-up-or-down-5m,btc-updown-5m,0xc58aa4ed07e112fb7e2eca42cfc46abacfd9e589,1,,217,144,615,0.6011080332409973,38,25,52,4.173076923076923,0.016833449693584673
5m,300,btc-up-or-down-5m,btc-updown-5m,0x069cd074ad3bcfbd6fd82478aad02916bff5cf63,0,,211,110,104,0.6573208722741433,38,125,2710,0.07785977859778598,0.0163680086882321
5m,300,btc-up-or-down-5m,btc-updown-5m,0x20d2309cd92b797ae7ca175ed828ed8a27fbe29d,0,,203,158,164,0.5623268698060941,38,140,4418,0.04594839293798099,0.015747420681095338
5m,300,btc-up-or-down-5m,btc-updown-5m,0x9412cdfc1e3171e1aabb013d0f494986445d0cd0,0,,200,181,209,0.5249343832020997,38,54,1155,0.17316017316017315,0.015514700178419051
5m,300,btc-up-or-down-5m,btc-updown-5m,0x41d6528bc63fcf72aac125a94f165a31429d5a26,0,,173,108,44,0.6156583629893239,37,99,2939,0.058863559033684926,0.01342021565433248
5m,300,btc-up-or-down-5m,btc-updown-5m,0xb27bc932bf8110d8f78e55da7d5f0497a18b5b82,0,,167,197,142,0.45879120879120877,37,66,5352,0.031203288490284007,0.012954774648979909
5m,300,btc-up-or-down-5m,btc-updown-5m,0xa6214292fba769fc1c0a11c3191cefe197bf6e29,1,window_dressing,832,982,2256,0.45865490628445427,36,81,768,1.0833333333333333,0.06454115274222326
5m,300,btc-up-or-down-5m,btc-updown-5m,0x5cb1010840f87de51a1ac9fa6f7fefcf64ee6c8f,0,,429,398,481,0.5187424425634825,36,38,560,0.7660714285714286,0.033279031882708865
5m,300,btc-up-or-down-5m,btc-updown-5m,0x8692a1a820d3dd23cf0dcab4030ae369667dfbac,0,,276,181,212,0.6039387308533917,36,98,3711,0.07437348423605497,0.021410286246218293
5m,300,btc-up-or-down-5m,btc-updown-5m,0x5d4aba8ad45bb5eab3499a0294b42da5d1e455d3,0,,228,128,137,0.6404494382022472,36,134,4986,0.0457280385078219,0.01768675820339772
5m,300,btc-up-or-down-5m,btc-updown-5m,0x4eb85167e92a59b671478bbdaaa901551a6a9231,0,,167,119,80,0.583916083916084,36,31,2420,0.06900826446280992,0.012954774648979909
5m,300,btc-up-or-down-5m,btc-updown-5m,0x30e7ee8c541f92807a0a740b1bdc68bd6b27ac4f,0,,118,63,89,0.6519337016574586,36,74,2223,0.053081421502474135,0.00915367310526724
5m,300,btc-up-or-down-5m,btc-updown-5m,0xc6accd5b5f647aacb751b8f3e9d640e723733778,0,,109,62,42,0.6374269005847953,36,65,1201,0.09075770191507078,0.008455511597238383
5m,300,btc-up-or-down-5m,btc-updown-5m,0xa3d043b2da34f58045c6485d3f89b798b2b0ec04,0,,107,67,85,0.6149425287356322,36,76,4260,0.025117370892018778,0.008300364595454192
5m,300,btc-up-or-down-5m,btc-updown-5m,0x8aec2d9c9670d2a6c9c4a9a0253187c7216753e6,0,,105,113,91,0.481651376146789,36,52,4698,0.02234993614303959,0.008145217593670002
5m,300,btc-up-or-down-5m,btc-updown-5m,0x79a67a08cba29ab262025124f4b43ba3e1bb7477,0,,93,77,87,0.5470588235294118,36,55,1718,0.05413271245634459,0.007214335582964859
5m,300,btc-up-or-down-5m,btc-updown-5m,0xb7d53217f1f2ecb5e0728b30140615c955a8066a,0,,70,36,34,0.660377358490566,36,16,638,0.109717868338558,0.005430145062446668
5m,300,btc-up-or-down-5m,btc-updown-5m,0x10c95474a829d67b6a41025da3b886f05719e999,0,,1650,528,1404,0.7575757575757576,35,125,737,2.2388059701492535,0.1279962764719572
5m,300,btc-up-or-down-5m,btc-updown-5m,0x54349f661f81f03a34e445151c124d2d3a3e4493,0,,1134,1086,2277,0.5108108108108108,35,97,884,1.2828054298642535,0.08796835001163603
5m,300,btc-up-or-down-5m,btc-updown-5m,0x6c6aefbdb3fe1a0a7ee3d07277f9e58b76064fd2,0,,301,134,268,0.6919540229885057,35,110,2041,0.1474767270945615,0.023349623768520674
5m,300,btc-up-or-down-5m,btc-updown-5m,0x4228048ea2f8f571ff2777cc32baee584c5134cb,0,,224,82,126,0.7320261437908496,35,113,2651,0.08449641644662391,0.01737646419982934
5m,300,btc-up-or-down-5m,btc-updown-5m,0xa69c718e93e034624e462a2b49730a965d107252,0,,185,92,75,0.6678700361010831,35,84,2741,0.067493615468807,0.014351097665037622
5m,300,btc-up-or-down-5m,btc-updown-5m,0x951bd740ef681d05891ca35440232488271d433e,0,,174,194,105,0.47282608695652173,35,114,3851,0.04518306933264087,0.013497789155224576
5m,300,btc-up-or-down-5m,btc-updown-5m,0xf271b94b9fdb101ff8bb2ea83c9cfb42528597f3,0,,170,79,48,0.6827309236947792,35,34,3173,0.05357705641348881,0.013187495151656195
5m,300,btc-up-or-down-5m,btc-updown-5m,0x72cf1f097e74eead664c2453582912b38c5d26c7,0,,131,132,114,0.49809885931558934,35,77,4288,0.03055037313432836,0.010162128616864479
5m,300,btc-up-or-down-5m,btc-updown-5m,0x3c0357c0622f6b03c8ab62da058cf7482e7400cc,0,,130,79,91,0.6220095693779905,35,58,3115,0.04173354735152488,0.010084555115972383
5m,300,btc-up-or-down-5m,btc-updown-5m,0xe3ee76243455a9e9ae99c46ca78bfb4fc554f1a4,0,,125,114,65,0.5230125523012552,35,44,2181,0.05731315910132966,0.009696687611511908
5m,300,btc-up-or-down-5m,btc-updown-5m,0x2f62889da42b77efbb08a25ebe6cfaceecdb2aa3,0,,111,61,85,0.6453488372093024,35,68,2194,0.050592525068368276,0.008610658599022573
5m,300,btc-up-or-down-5m,btc-updown-5m,0x9ace6559d0c1fe92c360503c6dbcd962e15f0f16,0,,69,46,33,0.6,35,18,460,0.15,0.005352571561554573
5m,300,btc-up-or-down-5m,btc-updown-5m,0x5ffb7a13557349dfca33dd6104df4021de731b74,0,,55,34,46,0.6179775280898876,35,18,862,0.06380510440835267,0.004266542549065239
5m,300,btc-up-or-down-5m,btc-updown-5m,0x3cb753abc9e04687c51198ff57879f688a26cf4c,0,,46,21,7,0.6865671641791045,35,12,519,0.08863198458574181,0.003568381041036382
5m,300,btc-up-or-down-5m,btc-updown-5m,0xb36b3af57e480c750bcebed7be2d8afd24380cb1,0,,917,1003,1013,0.47760416666666666,34,67,2058,0.445578231292517,0.07113490031805135
5m,300,btc-up-or-down-5m,btc-updown-5m,0x233f7718307fe86490f920e80d6395074e253690,1,,518,432,1115,0.5452631578947369,34,39,132,3.9242424242424243,0.04018307346210535
5m,300,btc-up-or-down-5m,btc-updown-5m,0xa0327136feacda87f22b7ffc1175da11cf2691d5,0,,424,285,422,0.5980253878702397,34,39,387,1.0956072351421189,0.03289116437824839
5m,300,btc-up-or-down-5m,btc-updown-5m,0x717ba8a0faa5f1f5d5230bb00f688ce55a8158b3,0,,240,305,172,0.44036697247706424,34,91,8122,0.029549372075843388,0.01861764021410286
5m,300,btc-up-or-down-5m,btc-updown-5m,0x900387dc07b502173c50ae5f3383ac5d77a0fa6e,0,,171,129,208,0.57,34,20,699,0.2446351931330472,0.01326506865254829
5m,300,btc-up-or-down-5m,btc-updown-5m,0x47c58c5879bc53299c5a6800c152905cc942b431,0,,169,99,111,0.6305970149253731,34,96,5282,0.03199545626656569,0.013109921650764099
5m,300,btc-up-or-down-5m,btc-updown-5m,0x5dc640fecc5103ddca34d110fa3bca95f4483609,0,,167,81,33,0.6733870967741935,34,102,3503,0.04767342278047388,0.012954774648979909
5m,300,btc-up-or-down-5m,btc-updown-5m,0x98a52db88dff8a5ce83118920b8f16edbb7265be,0,,152,137,119,0.5259515570934256,34,27,134,1.1343283582089552,0.01179117213559848
5m,300,btc-up-or-down-5m,btc-updown-5m,0xd40693ada4750613d56c9d9647fff340c6c07e60,0,,132,132,90,0.5,34,90,3313,0.03984304255961364,0.010239702117756575
5m,300,btc-up-or-down-5m,btc-updown-5m,0xdd3c4d67bbeef8f8da6171a912a09f01933c35cf,0,,99,68,66,0.592814371257485,34,70,2350,0.04212765957446808,0.0076797765883174305
5m,300,btc-up-or-down-5m,btc-updown-5m,0xf62084fb019c80345360bb5a8a8f10d2845890e5,0,,94,94,102,0.5,34,45,1731,0.05430387059503177,0.007291909083856954
5m,300,btc-up-or-down-5m,btc-updown-5m,0x5d551a0c690e58bc4e756a5d0a80c387748d3953,0,,85,70,87,0.5483870967741935,34,47,1307,0.06503442999234889,0.0065937475758280975
5m,300,btc-up-or-down-5m,btc-updown-5m,0x25f4707c93e4bfdf26cd6c5cc46c5464691cf88e,0,,72,105,73,0.4067796610169492,34,23,943,0.07635206786850478,0.005585292064230859
5m,300,btc-up-or-down-5m,btc-updown-5m,0xb07afa532e202d951ed6f1c00c2519b6f6061328,0,,377,204,204,0.648881239242685,33,230,8709,0.043288552072568605,0.029245209836319914
5m,300,btc-up-or-down-5m,btc-updown-5m,0x02fe2a4c18e00a06747f7a3b92892f6c6e3fa6f3,0,,144,149,135,0.49146757679180886,33,45,1878,0.07667731629392971,0.011170584128461718
5m,300,btc-up-or-down-5m,btc-updown-5m,0xdc241fb1db81a2f08e4e0ff42554019ad32a4ab5,0,,142,141,117,0.5017667844522968,33,89,5228,0.027161438408569244,0.011015437126677527
5m,300,btc-up-or-down-5m,btc-updown-5m,0x8428101d6979dcc97de6c7474b0535ceb558b41f,0,,138,158,99,0.46621621621621623,33,23,294,0.46938775510204084,0.010705143123109146
5m,300,btc-up-or-down-5m,btc-updown-5m,0x2c5aad8f0a9fb039bf4417250b52a62c3b95ef11,0,,135,45,71,0.75,33,74,1245,0.10843373493975904,0.01047242262043286
5m,300,btc-up-or-down-5m,btc-updown-5m,0x657423cac82a735b1e680ff251f3ed30ebbc3230,0,,127,68,55,0.6512820512820513,33,38,421,0.3016627078384798,0.009851834613296098
5m,300,btc-up-or-down-5m,btc-updown-5m,0xb3a9b413326bf5173d46c94f136c526e02e008e2,1,,122,67,181,0.6455026455026455,33,12,26,4.6923076923076925,0.009463967108835621
5m,300,btc-up-or-down-5m,btc-updown-5m,0x5158f4654de31b60eb4d1973a6eb5aa27c9d7df4,0,,122,76,86,0.6161616161616161,33,84,2072,0.05888030888030888,0.009463967108835621
5m,300,btc-up-or-down-5m,btc-updown-5m,0x8bbf889ddcbcc6919edc927b3bfa239c5b2cd9ad,0,,121,140,122,0.46360153256704983,33,35,335,0.3611940298507463,0.009386393607943527
5m,300,btc-up-or-down-5m,btc-updown-5m,0x8ef6a1cc3fb81a0e2c3eb405a09ce497a23563ee,0,,115,76,78,0.6020942408376964,33,37,1143,0.10061242344706911,0.008920952602590956
5m,300,btc-up-or-down-5m,btc-updown-5m,0x52f08a7b0d6993340d5f7262c073d0d80b390699,0,,99,51,35,0.66,33,50,667,0.14842578710644677,0.0076797765883174305
5m,300,btc-up-or-down-5m,btc-updown-5m,0x4b6d9608c05577dd831c032cbd55598d55067aa1,0,,97,61,47,0.6139240506329114,33,59,1319,0.07354056103108415,0.00752462958653324
5m,300,btc-up-or-down-5m,btc-updown-5m,0x93bdef60f68cb7f2f817da1b8475e5191c39d16e,0,,82,45,32,0.6456692913385826,33,23,1512,0.05423280423280423,0.006361027073151811
5m,300,btc-up-or-down-5m,btc-updown-5m,0x281410b29b744df34c240dff21b68c3524732941,1,,853,830,2318,0.5068330362448009,32,97,477,1.7882599580712788,0.06617019626095726
5m,300,btc-up-or-down-5m,btc-updown-5m,0x5f5945ea1a0be6c3ca7c841769ef892be48ae61d,1,,850,999,2597,0.4597079502433748,32,98,496,1.7137096774193548,0.06593747575828098
5m,300,btc-up-or-down-5m,btc-updown-5m,0xd8d83d7a90aeef514406cc16ec224cb02440bcbe,0,,562,504,616,0.5272045028142589,32,54,470,1.195744680851064,0.04359630750135754
5m,300,btc-up-or-down-5m,btc-updown-5m,0x788e42bf0d25a94cadf47e70fb6df1abf2f0e086,1,,306,244,592,0.5563636363636364,32,25,56,5.464285714285714,0.02373749127298115
5m,300,btc-up-or-down-5m,btc-updown-5m,0x9439eb6bea07afc41a2ba87db09a65d78b088c68,0,,261,229,165,0.5326530612244897,32,17,158,1.6518987341772151,0.020246683732836862
5m,300,btc-up-or-down-5m,btc-updown-5m,0x96574fb050b96bba283f6f87a1016f9495f76074,0,,217,77,98,0.7380952380952381,32,82,1535,0.14136807817589578,0.016833449693584673
5m,300,btc-up-or-down-5m,btc-updown-5m,0x97e1678857baa09aeeec1ac7c0a4e732ab836825,0,window_dressing,198,101,129,0.6622073578595318,32,28,172,1.1511627906976745,0.015359553176634861
5m,300,btc-up-or-down-5m,btc-updown-5m,0xb5c2667f167f90bd464ab7862a9a2dc35af2c05e,0,,176,105,48,0.6263345195729537,32,101,3986,0.04415454089312594,0.013652936157008766
5m,300,btc-up-or-down-5m,btc-updown-5m,0x31c1644388bf519749eb5da220acd9833530f804,0,,166,139,114,0.5442622950819672,32,104,4656,0.03565292096219931,0.012877201148087812
5m,300,btc-up-or-down-5m,btc-updown-5m,0xc0bd6230884e4aa733cab2050495bf4a0a7d939a,0,,158,13,112,0.9239766081871345,32,20,87,1.8160919540229885,0.01225661314095105
5m,300,btc-up-or-down-5m,btc-updown-5m,0xedc0c77e28771eb13568cd5d480b35aadaa08b44,0,,153,80,97,0.6566523605150214,32,91,2940,0.05204081632653061,0.011868745636490576
5m,300,btc-up-or-down-5m,btc-updown-5m,0x9d57c42e847173d06841703825d3fe2299e456ea,0,,147,71,47,0.6743119266055045,32,60,3565,0.04123422159887798,0.011403304631138002
5m,300,btc-up-or-down-5m,btc-updown-5m,0x2c308c5e0a8511e60476c6b6424736c8baee2420,0,,134,102,98,0.5677966101694916,32,68,8997,0.014893853506724463,0.010394849119540766
5m,300,btc-up-or-down-5m,btc-updown-5m,0xee01a81b4410e4341db0e15550c7d3b6f9f2bb53,0,,107,198,139,0.35081967213114756,32,16,341,0.31378299120234604,0.008300364595454192
5m,300,btc-up-or-down-5m,btc-updown-5m,0x267d44d5527e490fb5b3d616125a0381ebebbc1e,0,,105,69,44,0.603448275862069,32,59,1201,0.08742714404662781,0.008145217593670002
5m,300,btc-up-or-down-5m,btc-updown-5m,0xd9dea316cd3b785828bfa7c41ef081a4684b608b,0,,102,66,45,0.6071428571428571,32,71,1665,0.06126126126126126,0.007912497090993717
5m,300,btc-up-or-down-5m,btc-updown-5m,0x2c6dd8343d5926fa2d3779303bd238c2f8ee1a7f,0,,92,51,42,0.6433566433566433,32,52,674,0.13649851632047477,0.007136762082072764
5m,300,btc-up-or-down-5m,btc-updown-5m,0xc5ab573870c59e875dd8ab14e1ec65e1dfb68bca,0,,87,74,62,0.5403726708074534,32,24,789,0.11026615969581749,0.006748894577612288
5m,300,btc-up-or-down-5m,btc-updown-5m,0x36b8a2f9b9e85f623fccffedeb24ee551d554ee0,0,,87,63,55,0.58,32,54,2048,0.04248046875,0.006748894577612288
5m,300,btc-up-or-down-5m,btc-updown-5m,0xa7099454d3fd1894a94009ea777793de458691ef,0,,65,14,24,0.8227848101265823,32,32,483,0.13457556935817805,0.0050422775579861915
5m,300,btc-up-or-down-5m,btc-updown-5m,0xe2c57f3850eae784fd08c14a3971cfdb7f9ab9b6,0,,64,36,14,0.64,32,11,201,0.31840796019900497,0.004964704057094096
5m,300,btc-up-or-down-5m,btc-updown-5m,0xdbb586b515081d83e0799ccf8f12461b3a0273d5,0,,42,64,41,0.39622641509433965,32,15,514,0.08171206225680934,0.003258087037468001
5m,300,btc-up-or-down-5m,btc-updown-5m,0x88f2963c93ec4cc070a9d41a3765dc4357baa6c1,0,,228,260,282,0.4672131147540984,31,26,333,0.6846846846846847,0.01768675820339772
5m,300,btc-up-or-down-5m,btc-updown-5m,0x3a0415f11bca4de7ebf5e1a4145a7ac090af4933,1,,211,115,509,0.647239263803681,31,25,45,4.688888888888889,0.0163680086882321
5m,300,btc-up-or-down-5m,btc-updown-5m,0x2823b676e7b65ef1f2c41da388b4e9d1cd3f22f2,1,,207,154,490,0.5734072022160664,31,20,40,5.175,0.01605771468466372
5m,300,btc-up-or-down-5m,btc-updown-5m,0x05822235e218ef243af7d72b779fa48c48188f33,0,,188,78,43,0.706766917293233,31,119,1392,0.13505747126436782,0.014583818167713909
5m,300,btc-up-or-down-5m,btc-updown-5m,0xdd45c0e514003e828d6ff186d4b2c132c825b39e,0,,172,62,28,0.7350427350427351,31,62,2133,0.0806375996249414,0.013342642153440385
5m,300,btc-up-or-down-5m,btc-updown-5m,0x026b72036f5121574ef6cb13fab94032823f8412,0,,120,187,87,0.39087947882736157,31,83,5720,0.02097902097902098,0.00930882010705143
5m,300,btc-up-or-down-5m,btc-updown-5m,0x95912a17b2add591472c84718ca0389cf35c633b,0,,116,65,40,0.6408839779005525,31,53,1592,0.0728643216080402,0.00899852610348305
5m,300,btc-up-or-down-5m,btc-updown-5m,0x7b00e1c2303227e1c186f7c7064c4296773bde90,0,,115,108,130,0.515695067264574,31,38,1415,0.0812720848056537,0.008920952602590956
5m,300,btc-up-or-down-5m,btc-updown-5m,0x45b1d32b450965130ad4e5d21dacccf488391379,0,,115,112,90,0.5066079295154186,31,50,3419,0.03363556595495759,0.008920952602590956
5m,300,btc-up-or-down-5m,btc-updown-5m,0x4705408c791455edffc66782d4cea30c17afd03e,0,,115,168,101,0.40636042402826855,31,74,5507,0.020882513165062646,0.008920952602590956
5m,300,btc-up-or-down-5m,btc-updown-5m,0xf0b91693705267cfc6574cb7107d4480e08d63f4,0,,104,149,84,0.41106719367588934,31,20,419,0.24821002386634844,0.008067644092777907
5m,300,btc-up-or-down-5m,btc-updown-5m,0xae6e043a1d83de51f67da5c2b1cd04ea64e6f07b,0,,103,154,91,0.40077821011673154,31,20,414,0.24879227053140096,0.007990070591885811
5m,300,btc-up-or-down-5m,btc-updown-5m,0xe2a713a10ad4cc905c04631fbf761a42981182eb,0,,101,153,88,0.39763779527559057,31,19,412,0.24514563106796117,0.007834923590101621
5m,300,btc-up-or-down-5m,btc-updown-5m,0xc645e03f179ed44d6910f3299b3c26f759751420,0,,99,169,88,0.3694029850746269,31,21,420,0.2357142857142857,0.0076797765883174305
5m,300,btc-up-or-down-5m,btc-updown-5m,0x1818b08c5eab1f8fb6d43e383fe0ad243e291a1a,0,,96,173,87,0.35687732342007433,31,20,411,0.23357664233576642,0.007447056085641145
5m,300,btc-up-or-down-5m,btc-updown-5m,0x0f4f2dcdfc5308635491acb579638eb16c43c10f,0,,93,151,89,0.38114754098360654,31,19,415,0.22409638554216868,0.007214335582964859
5m,300,btc-up-or-down-5m,btc-updown-5m,0xec1d07e5379072429caa16bf6efeae71a6e4db17,1,,93,60,38,0.6078431372549019,31,12,64,1.453125,0.007214335582964859
5m,300,btc-up-or-down-5m,btc-updown-5m,0xd015f3dcb2228717fb106495a6d71d9f26132f48,0,,88,150,89,0.3697478991596639,31,19,418,0.21052631578947367,0.006826468078504383
5m,300,btc-up-or-down-5m,btc-updown-5m,0xb66dc120c79ec7282b48f938633c942567667ec1,0,,88,84,57,0.5116279069767442,31,18,394,0.2233502538071066,0.006826468078504383
5m,300,btc-up-or-down-5m,btc-updown-5m,0x0e0d60ea727cb7a569ea391263cc10952d1e6e5b,0,,81,79,75,0.50625,31,27,743,0.10901749663526245,0.006283453572259716
5m,300,btc-up-or-down-5m,btc-updown-5m,0x4ce2d563d309d1d3d80f08eea114a194491fa9d0,0,,78,65,85,0.5454545454545454,31,30,2247,0.03471295060080107,0.00605073306958343
5m,300,btc-up-or-down-5m,btc-updown-5m,0x390795c5347dc1f13a2008b6f0fc43fe78593e7d,0,,73,51,60,0.5887096774193549,31,40,1856,0.03933189655172414,0.005662865565122954
5m,300,btc-up-or-down-5m,btc-updown-5m,0x56e91151755bb02eba36a37d50cdbcc8923fea02,0,,588,1338,1045,0.3052959501557632,30,63,1127,0.5217391304347826,0.04561321852455201
5m,300,btc-up-or-down-5m,btc-updown-5m,0xd1dbe4af362e7078ca9ae959f724ad89b4ecead9,1,,198,152,450,0.5657142857142857,30,21,36,5.5,0.015359553176634861
5m,300,btc-up-or-down-5m,btc-updown-5m,0x98ebffc73b2afc663573984c98792871fbcc53b5,0,,167,99,90,0.6278195488721805,30,108,3696,0.04518398268398268,0.012954774648979909
5m,300,btc-up-or-down-5m,btc-updown-5m,0xc939ebfe22aa9843ab559321d7efef06b82b575a,0,,107,173,88,0.3821428571428571,30,20,416,0.25721153846153844,0.008300364595454192
5m,300,btc-up-or-down-5m,btc-updown-5m,0xe38d4b224f6741c699ef4455ed6c681caa96dac5,0,,106,173,85,0.37992831541218636,30,19,414,0.2560386473429952,0.008222791094562098
5m,300,btc-up-or-down-5m,btc-updown-5m,0x273bc3c29fdadce5bfffb23bdca399984fcb349f,0,,105,170,88,0.38181818181818183,30,19,417,0.2517985611510791,0.008145217593670002
5m,300,btc-up-or-down-5m,btc-updown-5m,0xd31ad544838e37d46db7730adf577053dba05f51,0,,96,94,66,0.5052631578947369,30,22,1508,0.0636604774535809,0.007447056085641145
5m,300,btc-up-or-down-5m,btc-updown-5m,0xaf7d90d58ddeb8f737836aad3f3631dffeadeef9,0,,96,58,23,0.6233766233766234,30,54,2118,0.0453257790368272,0.007447056085641145
5m,300,btc-up-or-down-5m,btc-updown-5m,0xa17eb546302ebf1a132060ac1075a560a0b35ab3,0,,90,152,88,0.371900826446281,30,18,413,0.2179176755447942,0.006981615080288574
5m,300,btc-up-or-down-5m,btc-updown-5m,0xb3e78e5f69f1f7a3c5efb3de140306fdf66fa021,0,,87,79,106,0.5240963855421686,30,20,74,1.1756756756756757,0.006748894577612288
5m,300,btc-up-or-down-5m,btc-updown-5m,0xfd16bdd047ecdb6c006a9f159c14c8bbb7462c91,0,,86,102,90,0.4574468085106383,30,22,2800,0.030714285714285715,0.006671321076720193
5m,300,btc-up-or-down-5m,btc-updown-5m,0xd6c74402154ebc22e9902e04d8a9ca86a1c3a6a3,0,,81,69,38,0.54,30,14,1100,0.07363636363636364,0.006283453572259716
5m,300,btc-up-or-down-5m,btc-updown-5m,0x23c72ed89eac711b06689cd9a85f8e4fb3d68266,0,,57,31,59,0.6477272727272727,30,14,235,0.2425531914893617,0.00442168955084943
5m,300,btc-up-or-down-5m,btc-updown-5m,0xc905b2cd2753731842289c2e4c00b6d5966fb394,0,,46,24,50,0.6571428571428571,30,17,878,0.05239179954441914,0.003568381041036382
5m,300,btc-up-or-down-5m,btc-updown-5m,0x0b5256053917201a64e1c7f8c279e8ef105ef3c4,0,,38,3,47,0.926829268292683,30,5,45,0.8444444444444444,0.00294779303389962
5m,300,btc-up-or-down-5m,btc-updown-5m,0x2af468cbd2973137af651da6e91cdcf22432907f,0,,687,599,1324,0.5342146189735615,29,43,424,1.6202830188679245,0.053292995112869446
5m,300,btc-up-or-down-5m,btc-updown-5m,0x8646375f4a6f4e10812df2d9c67e6a2efb66f2e9,0,,288,163,148,0.6385809312638581,29,17,184,1.565217391304348,0.022341168256923435
5m,300,btc-up-or-down-5m,btc-updown-5m,0x719004b285e9cf5656e62aed9cdb175ea0d77151,0,,204,85,116,0.7058823529411765,29,58,1052,0.19391634980988592,0.015824994181987434
5m,300,btc-up-or-down-5m,btc-updown-5m,0x6ca788d0c07541c7f08409fbf9a9badb6a33dc94,0,,200,72,128,0.7352941176470589,29,18,50,4.0,0.015514700178419051
5m,300,btc-up-or-down-5m,btc-updown-5m,0x0760808c4a3b55549b34baf2c3ab77039647d2c9,1,,186,332,450,0.3590733590733591,29,17,63,2.9523809523809526,0.014428671165929718
5m,300,btc-up-or-down-5m,btc-updown-5m,0xbf167321cdb041eb7c821d1ae0160b7089f59c6f,0,,169,165,216,0.5059880239520959,29,16,610,0.27704918032786885,0.013109921650764099
5m,300,btc-up-or-down-5m,btc-updown-5m,0x3abd5f3e1a441d873ee3953df4319001d283a3d0,1,,161,295,398,0.3530701754385965,29,16,57,2.824561403508772,0.012489333643627337
5m,300,btc-up-or-down-5m,btc-updown-5m,0x0c69d91489f2eaeb9032328bec33a86378142b8d,1,,156,182,393,0.46153846153846156,29,25,317,0.4921135646687697,0.01210146613916686
5m,300,btc-up-or-down-5m,btc-updown-5m,0x2e05dcfe520760c5bfb86e7cc4294908acf4e3a4,0,,145,64,40,0.69377990430622,29,50,3016,0.04807692307692308,0.011248157629353812
5m,300,btc-up-or-down-5m,btc-updown-5m,0x63d63c3bcfc4fd7a80af2cdf0c8bbf77043b8c6e,0,,141,37,75,0.7921348314606742,29,16,233,0.6051502145922747,0.010937863625785431
5m,300,btc-up-or-down-5m,btc-updown-5m,0xe3867b68af6eb14e3d04e5e86325e53700a94d91,0,,128,76,165,0.6274509803921569,29,34,1113,0.11500449236298294,0.009929408114188193
5m,300,btc-up-or-down-5m,btc-updown-5m,0xd5c8075bdafad5deb5d35b0bd12665cfccb341f3,0,,126,191,144,0.39747634069400634,29,17,89,1.4157303370786516,0.009774261112404002
5m,300,btc-up-or-down-5m,btc-updown-5m,0x3c58ef422754ff22c7e806336feba0064d8b776b,0,,120,88,77,0.5769230769230769,29,79,2136,0.056179775280898875,0.00930882010705143
5m,300,btc-up-or-down-5m,btc-updown-5m,0xbb72948abb0d8b063091402de66f27f11b9eb2cd,0,,99,47,41,0.678082191780822,29,59,1010,0.09801980198019802,0.0076797765883174305
5m,300,btc-up-or-down-5m,btc-updown-5m,0x8ab40cf994e65624ebc890bba4023d74f30ead1e,0,,96,104,47,0.48,29,28,793,0.1210592686002522,0.007447056085641145
5m,300,btc-up-or-down-5m,btc-updown-5m,0x9bad2e63a03591546222a24ccef05741aa2ed991,0,,95,169,75,0.35984848484848486,29,18,415,0.2289156626506024,0.00736948258474905
5m,300,btc-up-or-down-5m,btc-updown-5m,0x857d0dad5ca8b71d786c6fc9e9a6a151286f4d68,0,,93,168,86,0.3563218390804598,29,19,418,0.22248803827751196,0.007214335582964859
5m,300,btc-up-or-down-5m,btc-updown-5m,0xee34076a5aa114fbd2f2fa75ab14cb0a87b74f48,0,,83,107,57,0.4368421052631579,29,18,1024,0.0810546875,0.006438600574043906
5m,300,btc-up-or-down-5m,btc-updown-5m,0xeddc0d1554fe4e4084fb657f0cbe0ebb5971d7e3,0,,81,44,54,0.648,29,22,769,0.10533159947984395,0.006283453572259716
5m,300,btc-up-or-down-5m,btc-updown-5m,0x799602f56a8ee04801196b824ebbc280b48ed982,0,,51,26,30,0.6623376623376623,29,26,1270,0.04015748031496063,0.0039562485454968585
5m,300,btc-up-or-down-5m,btc-updown-5m,0xc13109a557892f483bc0532a7838b2b4c3b3f5d5,0,,1176,1558,2221,0.4301389904901244,28,100,1303,0.9025326170376056,0.09122643704910402
5m,300,btc-up-or-down-5m,btc-updown-5m,0x47dbf3f9ace8379c4441cec869d80731060bec59,0,,643,337,495,0.6561224489795918,28,38,376,1.7101063829787233,0.04987976107361725
5m,300,btc-up-or-down-5m,btc-updown-5m,0x0bcbc70e946cd3af99e3b37934f582e3b0e639bf,0,,363,189,287,0.657608695652174,28,19,165,2.2,0.02815918082383058
5m,300,btc-up-or-down-5m,btc-updown-5m,0x94f471f68396ff4a3cab8cb5c47c86274b8b77a2,0,,349,283,351,0.5522151898734177,28,32,430,0.8116279069767441,0.027073151811341244
5m,300,btc-up-or-down-5m,btc-updown-5m,0x7be83219c0d406572e07385dd12e1fbeb1bb0f50,0,,332,252,163,0.5684931506849316,28,15,290,1.1448275862068966,0.025754402296175625
5m,300,btc-up-or-down-5m,btc-updown-5m,0xa989e5f1f9721afcfd266b2b3c01752185dd9638,1,,256,278,633,0.4794007490636704,28,24,74,3.4594594594594597,0.019858816228376385
5m,300,btc-up-or-down-5m,btc-updown-5m,0x804d8b429cc1cc0d2cd0151ffbafc23067ad632f,0,,251,81,177,0.7560240963855421,28,11,179,1.4022346368715084,0.01947094872391591
5m,300,btc-up-or-down-5m,btc-updown-5m,0xa6a67037b21956e7fbec5bc7e27a076276088651,0,,245,114,141,0.6824512534818942,28,23,870,0.28160919540229884,0.01900550771856334
5m,300,btc-up-or-down-5m,btc-updown-5m,0xa0ca41d16b5f62b8cbf79d3e1c8c3ea54f3c9c4a,0,,238,170,202,0.5833333333333334,28,12,168,1.4166666666666667,0.018462493212318673
5m,300,btc-up-or-down-5m,btc-updown-5m,0x7b644e045f3343f926f989c78f6dd229bc6ce491,1,,169,156,433,0.52,28,19,34,4.970588235294118,0.013109921650764099
5m,300,btc-up-or-down-5m,btc-updown-5m,0xbf8d2192f319af779e87899b847017096bc7c93a,0,,141,135,92,0.5108695652173914,28,52,3767,0.03743031590124768,0.010937863625785431
5m,300,btc-up-or-down-5m,btc-updown-5m,0xab887373a3eb24ad5772c263abf7d538b3658c01,0,,129,72,187,0.6417910447761194,28,16,399,0.3233082706766917,0.010006981615080289
5m,300,btc-up-or-down-5m,btc-updown-5m,0xa8dd845dd75dfa2e96344eb31ef4322ac03ce770,0,,117,107,101,0.5223214285714286,28,50,1418,0.08251057827926657,0.009076099604375146
5m,300,btc-up-or-down-5m,btc-updown-5m,0x5083a040efc20da48e3602f520940cc61c2bb0ea,0,,113,174,69,0.39372822299651566,28,72,3652,0.030941949616648413,0.008765805600806765
5m,300,btc-up-or-down-5m,btc-updown-5m,0x965659485992e51f04f532e964e56ca2c6aee340,0,,89,43,89,0.6742424242424242,28,31,1069,0.0832553788587465,0.006904041579396478
5m,300,btc-up-or-down-5m,btc-updown-5m,0xd1436857746dae9561156f645fa286d00cda9419,0,,87,171,77,0.3372093023255814,28,18,417,0.20863309352517986,0.006748894577612288
5m,300,btc-up-or-down-5m,btc-updown-5m,0x14b67eafa4ad280b339e86e3a149bbd3b0da7e48,0,,73,49,64,0.5983606557377049,28,43,3083,0.02367823548491729,0.005662865565122954
5m,300,btc-up-or-down-5m,btc-updown-5m,0x03b791163511dda689df15066a9be7584a00299c,0,,73,40,42,0.6460176991150443,28,18,1042,0.07005758157389635,0.005662865565122954
5m,300,btc-up-or-down-5m,btc-updown-5m,0xdc81489a205efc4d3a3e42fa80cf107da665242f,0,,69,17,17,0.8023255813953488,28,38,1088,0.06341911764705882,0.005352571561554573
5m,300,btc-up-or-down-5m,btc-updown-5m,0x45fb42d054b70e524f9368b5f76ccd8fef0bf1f6,0,,68,16,37,0.8095238095238095,28,26,944,0.07203389830508475,0.005274998060662478
5m,300,btc-up-or-down-5m,btc-updown-5m,0xf89edf28f1d9d1984d617d39de1f3597c42f539b,0,,66,48,48,0.5789473684210527,28,28,2475,0.02666666666666667,0.005119851058878288
5m,300,btc-up-or-down-5m,btc-updown-5m,0x5b6331e7ff0831a3fe2ed12004747db1a9c911a4,0,,64,62,72,0.5079365079365079,28,36,2055,0.031143552311435525,0.004964704057094096
5m,300,btc-up-or-down-5m,btc-updown-5m,0x12acf6e08e7d590b192ae86b67f288ddb04bcae8,0,,59,57,14,0.5086206896551724,28,25,1566,0.037675606641123884,0.00457683655263362
5m,300,btc-up-or-down-5m,btc-updown-5m,0xa731fa0d6d0f3519edf7ea3fdd9fbba01333c990,0,,58,57,45,0.5043478260869565,28,28,1649,0.0351728320194057,0.004499263051741525
5m,300,btc-up-or-down-5m,btc-updown-5m,0x04f1eabdb7ac986484074dd897a47920e5a78438,0,,54,29,36,0.6506024096385542,28,26,580,0.09310344827586207,0.004188969048173144
5m,300,btc-up-or-down-5m,btc-updown-5m,0x8320b90db15e5b777e5a023b5ba3cfa214d4904e,0,,53,27,19,0.6625,28,22,601,0.08818635607321132,0.004111395547281049
5m,300,btc-up-or-down-5m,btc-updown-5m,0xef17f80cc9a06ee4e57bc287bbaada7a620596bf,0,,52,27,14,0.6582278481012658,28,19,1237,0.04203718674211803,0.004033822046388954
5m,300,btc-up-or-down-5m,btc-updown-5m,0xac8f7a528559574627a6cc44e2307704e89bfedd,0,,51,23,37,0.6891891891891891,28,23,716,0.0712290502793296,0.0039562485454968585
5m,300,btc-up-or-down-5m,btc-updown-5m,0x80a260f1ac98ced6c7ab5f360a4c2a47f5cf838b,0,,44,34,47,0.5641025641025641,28,18,413,0.10653753026634383,0.0034132340392521916
5m,300,btc-up-or-down-5m,btc-updown-5m,0x7c81305d63a40e48bcc0c71b17183a8b0649394f,0,,34,13,12,0.723404255319149,28,13,455,0.07472527472527472,0.002637499030331239
5m,300,btc-up-or-down-5m,btc-updown-5m,0xce5c3b6546cafc4f35a6d9deabb2fbd263fb40dc,1,,609,607,1512,0.5008223684210527,27,39,209,2.9138755980861246,0.047242262043286014
5m,300,btc-up-or-down-5m,btc-updown-5m,0x525936761734c833bbcc09b3c99e290eb7bee41e,0,,486,218,385,0.6903409090909091,27,26,261,1.8620689655172413,0.0377007214335583
5m,300,btc-up-or-down-5m,btc-updown-5m,0xc08e8d34643753effaba943d76500257a789f7b0,0,,370,199,135,0.6502636203866432,27,16,171,2.1637426900584797,0.028702195330075245
5m,300,btc-up-or-down-5m,btc-updown-5m,0x52a125055e7d4d37c1486fb6a70cbd7e61c95efa,0,,351,221,143,0.6136363636363636,27,16,172,2.0406976744186047,0.027228298813125437
5m,300,btc-up-or-down-5m,btc-updown-5m,0x1091a32ff1579f9ed680912e1bb6e0b9dd913257,0,,337,203,142,0.6240740740740741,27,16,168,2.005952380952381,0.026142269800636102
5m,300,btc-up-or-down-5m,btc-updown-5m,0xe5c769588db4cdcb8777b9ff6a25c3cf7419b428,0,,330,209,147,0.6122448979591837,27,16,170,1.9411764705882353,0.025599255294391436
5m,300,btc-up-or-down-5m,btc-updown-5m,0xd1a323b226382775a71e3009b9df2021579921b9,0,,321,222,185,0.5911602209944752,27,14,159,2.018867924528302,0.02490109378636258
5m,300,btc-up-or-down-5m,btc-updown-5m,0x7dfc8aa22f2d4d6f9cbf55cf86682a4d2477f54e,0,,309,308,257,0.5008103727714749,27,21,1354,0.22821270310192024,0.023970211775657436
5m,300,btc-up-or-down-5m,btc-updown-5m,0x43ef6cc99d4e70ee51f90770c7f59abbb0005fa7,0,,295,189,184,0.609504132231405,27,14,163,1.8098159509202454,0.0228841827631681
5m,300,btc-up-or-down-5m,btc-updown-5m,0xbb75d6ffab702d054a6bd5587a3429af0c8875d8,0,,275,184,171,0.599128540305011,27,14,160,1.71875,0.021332712745326197
5m,300,btc-up-or-down-5m,btc-updown-5m,0xfce55aaa7d0ba4bb3b8b2010a81f48d9ca8994da,0,,252,118,249,0.6810810810810811,27,29,202,1.2475247524752475,0.019548522224808004
5m,300,btc-up-or-down-5m,btc-updown-5m,0xbc40fbd799c2480a45f7462db5c913052d5e45f1,0,,182,132,185,0.5796178343949044,27,19,82,2.2195121951219514,0.014118377162361338
5m,300,btc-up-or-down-5m,btc-updown-5m,0xdfabfa27a3c0b23cdba2a66ad4066d0a832a049c,0,,173,114,63,0.6027874564459931,27,114,1666,0.10384153661464586,0.01342021565433248
5m,300,btc-up-or-down-5m,btc-updown-5m,0x7d358345064bbfe14de64c8313b72e663f5ce83e,0,,134,185,101,0.4200626959247649,27,8,257,0.5214007782101168,0.010394849119540766
5m,300,btc-up-or-down-5m,btc-updown-5m,0xf16aa0f8d1fa4c58bf86c9ce37c1bbb2ebcbf999,0,,132,40,67,0.7674418604651163,27,66,1244,0.10610932475884244,0.010239702117756575
5m,300,btc-up-or-down-5m,btc-updown-5m,0xf610482004e919446a65d06832d0233c8166741c,0,,126,390,148,0.2441860465116279,27,9,62,2.032258064516129,0.009774261112404002
5m,300,btc-up-or-down-5m,btc-updown-5m,0x2d9491c5cb33e53e86c5a00d79b758552ba0c35d,0,,114,79,72,0.5906735751295337,27,86,2655,0.04293785310734463,0.00884337910169886
5m,300,btc-up-or-down-5m,btc-updown-5m,0x4de50414d675d1e3b4c128f119457ee090b5616e,0,,96,59,96,0.6193548387096774,27,47,1127,0.08518189884649512,0.007447056085641145
5m,300,btc-up-or-down-5m,btc-updown-5m,0x28ce5dbde9f95f6d3f0f411beb955311da3636e0,0,,94,196,76,0.32413793103448274,27,19,421,0.22327790973871733,0.007291909083856954
5m,300,btc-up-or-down-5m,btc-updown-5m,0x92b6f377741a88378d0e5d4ca009230dcba8347c,0,,87,45,68,0.6590909090909091,27,38,973,0.08941418293936279,0.006748894577612288
5m,300,btc-up-or-down-5m,btc-updown-5m,0x282b3e35f1df34cf455ae32439e3ac786d5df041,0,,87,67,128,0.564935064935065,27,43,2469,0.03523693803159174,0.006748894577612288
5m,300,btc-up-or-down-5m,btc-updown-5m,0x61fe216bf5c2db4db24cc60c608ede9141506403,0,,85,168,74,0.3359683794466403,27,18,412,0.20631067961165048,0.0065937475758280975
5m,300,btc-up-or-down-5m,btc-updown-5m,0x7dafd85b3c03f3e520471c6ff45debffa5bd8ca4,0,,82,111,43,0.42487046632124353,27,48,1469,0.055820285908781485,0.006361027073151811
5m,300,btc-up-or-down-5m,btc-updown-5m,0xb103518b5451f77e49e2ee4d4a6d9493ee20a3a7,0,,80,27,53,0.7476635514018691,27,16,63,1.2698412698412698,0.006205880071367621
5m,300,btc-up-or-down-5m,btc-updown-5m,0x53208bf2aac48b8253b2bdf6d92496df789df3b2,0,,80,13,22,0.8602150537634409,27,10,253,0.31620553359683795,0.006205880071367621
5m,300,btc-up-or-down-5m,btc-updown-5m,0xc6e2f4259e4c6e4da9007fa7175f0d8a2a7611d1,0,,79,33,20,0.7053571428571429,27,19,247,0.31983805668016196,0.006128306570475525
5m,300,btc-up-or-down-5m,btc-updown-5m,0x8273db9b5b6f53ed30c332ed5649a980a7ae42b1,0,,72,59,35,0.549618320610687,27,18,1321,0.05450416351249054,0.005585292064230859
5m,300,btc-up-or-down-5m,btc-updown-5m,0x8af523bfa50e332393258ec10970ba00640e6b59,0,,69,26,22,0.7263157894736842,27,31,723,0.0954356846473029,0.005352571561554573
5m,300,btc-up-or-down-5m,btc-updown-5m,0xccc414a0db8e757c97bd628415553fac4f0e4193,0,,69,110,29,0.3854748603351955,27,15,409,0.1687041564792176,0.005352571561554573
5m,300,btc-up-or-down-5m,btc-updown-5m,0xe89b2ad092a1a78789305423632b6e56c0eb701f,0,,66,63,71,0.5116279069767442,27,37,676,0.09763313609467456,0.005119851058878288
5m,300,btc-up-or-down-5m,btc-updown-5m,0xa2809a3d16024174b40774ac343086b466513343,0,,63,127,123,0.33157894736842103,27,17,498,0.12650602409638553,0.004887130556202001
5m,300,btc-up-or-down-5m,btc-updown-5m,0x0cc4cec6979143d895d3b2e4557c3cdf601cd0de,0,,58,68,32,0.4603174603174603,27,34,2822,0.020552799433026223,0.004499263051741525
5m,300,btc-up-or-down-5m,btc-updown-5m,0xaa315dbcd0047f87c676182ee00757e905da5cc1,0,,57,34,28,0.6263736263736264,27,28,1570,0.03630573248407643,0.00442168955084943
5m,300,btc-up-or-down-5m,btc-updown-5m,0x4fba7b263cc71d8664df25334786e24f6d356aba,0,,55,26,10,0.6790123456790124,27,14,389,0.14138817480719795,0.004266542549065239
5m,300,btc-up-or-down-5m,btc-updown-5m,0xbf0c1bd3c2ca89ab6dafa8468a2d0a26e6a94e9f,0,,55,36,39,0.6043956043956044,27,22,766,0.07180156657963446,0.004266542549065239
5m,300,btc-up-or-down-5m,btc-updown-5m,0xe5be0e183a319e52c2b1eb8d7ea4ce4f574efb4a,0,,50,66,20,0.43103448275862066,27,26,1154,0.043327556325823226,0.003878675044604763
5m,300,btc-up-or-down-5m,btc-updown-5m,0x66ea46db51448c484873a616733d5f9d5dbdacb7,1,,45,26,88,0.6338028169014085,27,8,43,1.0465116279069768,0.003490807540144287
5m,300,btc-up-or-down-5m,btc-updown-5m,0xfe4509f339d3bb3d7d56304b0287497eb8560261,0,,36,8,9,0.8181818181818182,27,15,194,0.18556701030927836,0.0027926460321154294
5m,300,btc-up-or-down-5m,btc-updown-5m,0xed0336b36672e15f701cabe6fcc9bbf4966ea7e2,0,,293,217,146,0.5745098039215686,26,13,159,1.8427672955974843,0.022729035761383912
5m,300,btc-up-or-down-5m,btc-updown-5m,0x437d33a0b5432d4da4b9f5861886ef05715f240c,0,,276,188,125,0.5948275862068966,26,16,157,1.7579617834394905,0.021410286246218293
5m,300,btc-up-or-down-5m,btc-updown-5m,0x91dd5757d41447075fcc7260e414d0e719c79065,0,,270,176,147,0.6053811659192825,26,16,159,1.6981132075471699,0.02094484524086572
5m,300,btc-up-or-down-5m,btc-updown-5m,0x0a3e1e7a46380d19d3e5d4b1738a54fea678d31e,0,,267,194,149,0.579175704989154,26,15,180,1.4833333333333334,0.020712124738189435
5m,300,btc-up-or-down-5m,btc-updown-5m,0xdc1cd54cea6f1d912a649d67104de1df9391213d,0,,265,206,141,0.5626326963906582,26,15,177,1.497175141242938,0.020556977736405243
5m,300,btc-up-or-down-5m,btc-updown-5m,0xd344e7b917e470fc69d563b8b4ce4913e92ee41b,1,,188,160,491,0.5402298850574713,26,31,349,0.5386819484240688,0.014583818167713909
5m,300,btc-up-or-down-5m,btc-updown-5m,0x927f7694de44d19a72bce76254e628d1c141d215,0,,156,103,141,0.6023166023166023,26,103,2148,0.07262569832402235,0.01210146613916686
5m,300,btc-up-or-down-5m,btc-updown-5m,0x22b115139198595c40e942470ed0fff4bd22a369,0,,154,92,109,0.6260162601626016,26,8,88,1.75,0.01194631913738267
5m,300,btc-up-or-down-5m,btc-updown-5m,0x686f9931439c59909712b2b70368c24f2a1503a5,0,,106,27,112,0.7969924812030075,26,18,59,1.7966101694915255,0.008222791094562098
5m,300,btc-up-or-down-5m,btc-updown-5m,0x97f1e694de7116150e1e831b96c4fd72a9cc6ca0,0,,100,81,54,0.5524861878453039,26,70,1912,0.05230125523012552,0.007757350089209526
5m,300,btc-up-or-down-5m,btc-updown-5m,0xd9fde16395da319c9f253f22a91bd921118587e3,0,,96,31,57,0.7559055118110236,26,32,944,0.1016949152542373,0.007447056085641145
5m,300,btc-up-or-down-5m,btc-updown-5m,0x7b119338570df453d64d1f330177811401659361,0,,77,46,26,0.6260162601626016,26,48,1522,0.05059132720105125,0.005973159568691335
5m,300,btc-up-or-down-5m,btc-updown-5m,0x941e9756c3588cdc806d9e1005528a5cdcfa1fbf,0,,77,66,62,0.5384615384615384,26,25,682,0.11290322580645161,0.005973159568691335
5m,300,btc-up-or-down-5m,btc-updown-5m,0xb6efe68b66c1c7c5acaaaa63247aaebd3fef5eb0,0,,76,31,44,0.7102803738317757,26,43,1441,0.0527411519777932,0.00589558606779924
5m,300,btc-up-or-down-5m,btc-updown-5m,0x7330b5c5b47411d32cd99ae7ba26b6d0c964ce87,0,,73,49,65,0.5983606557377049,26,30,1446,0.050484094052558784,0.005662865565122954
5m,300,btc-up-or-down-5m,btc-updown-5m,0xdcd2d6a7655a9e7b436da12bbf5f8b6f7defdae3,0,,72,36,48,0.6666666666666666,26,54,1504,0.047872340425531915,0.005585292064230859
5m,300,btc-up-or-down-5m,btc-updown-5m,0xf7aae1ab91b0ff7ed22965ed4fd3e2c43e28abe3,0,,66,172,106,0.2773109243697479,26,11,104,0.6346153846153846,0.005119851058878288
5m,300,btc-up-or-down-5m,btc-updown-5m,0x0cf28d9092a7e5b00aeadd1d9b76200f3f59ba52,0,,64,152,105,0.2962962962962963,26,10,126,0.5079365079365079,0.004964704057094096
5m,300,btc-up-or-down-5m,btc-updown-5m,0x562a11bcd7354ea82a09ed803cb1739d60862ad4,0,,63,63,80,0.5,26,37,3914,0.016096065406234032,0.004887130556202001
5m,300,btc-up-or-down-5m,btc-updown-5m,0xa86cbf1bf4bf70830f1904b17db156c3da62ea58,0,,54,19,19,0.7397260273972602,26,28,289,0.18685121107266436,0.004188969048173144
5m,300,btc-up-or-down-5m,btc-updown-5m,0x43011bc04df353c8092662d13b4aaacb4b62ac39,0,,50,52,18,0.49019607843137253,26,10,838,0.059665871121718374,0.003878675044604763
5m,300,btc-up-or-down-5m,btc-updown-5m,0xbac50a803871d688b2ea44fc84d62a6ec61d7adc,0,,48,19,3,0.7164179104477612,26,10,468,0.10256410256410256,0.0037235280428205724
5m,300,btc-up-or-down-5m,btc-updown-5m,0x781a48229e2c08e20d1eaad90ef73710988c96e6,0,,45,29,18,0.6081081081081081,26,10,406,0.11083743842364532,0.003490807540144287
5m,300,btc-up-or-down-5m,btc-updown-5m,0x08526ac929f79c1cb2ce337b03d9337e91185f9a,0,,41,13,15,0.7592592592592593,26,19,666,0.06156156156156156,0.0031805135365759055
5m,300,btc-up-or-down-5m,btc-updown-5m,0x7d309ecf690c1611f24144627b1ce9f371ebcdbe,0,,40,30,18,0.5714285714285714,26,19,475,0.08421052631578947,0.0031029400356838103
5m,300,btc-up-or-down-5m,btc-updown-5m,0x12e54077902b16caad4beaeaf8e7e360ff51e3cd,0,,39,35,36,0.527027027027027,26,9,344,0.11337209302325581,0.003025366534791715
5m,300,btc-up-or-down-5m,btc-updown-5m,0x4dc3a116fb7331dea9693d25496c37584c929569,0,,37,13,10,0.74,26,10,633,0.05845181674565561,0.0028702195330075246
5m,300,btc-up-or-down-5m,btc-updown-5m,0x6899d542fad97d2bc6c788604bda08dff8de713e,0,,33,10,5,0.7674418604651163,26,9,131,0.25190839694656486,0.002559925529439144
5m,300,btc-up-or-down-5m,btc-updown-5m,0x37f02bdcd39ae6322eab4ec03d23eefa6b83bb4c,0,,33,12,5,0.7333333333333333,26,10,420,0.07857142857142857,0.002559925529439144
5m,300,btc-up-or-down-5m,btc-updown-5m,0x7525bd866b25ebefa18b87d78b6cbd5f67f1fd3c,0,,33,4,0,0.8918918918918919,26,4,72,0.4583333333333333,0.002559925529439144
5m,300,btc-up-or-down-5m,btc-updown-5m,0x4fa4988d32389d429ce95935b9dbe0cb01a575ff,0,,31,3,5,0.9117647058823529,26,6,102,0.30392156862745096,0.002404778527654953
5m,300,btc-up-or-down-5m,btc-updown-5m,0xdfba9ccf8591f1eb69f3adfbbc3683c467c372fc,0,,31,5,11,0.8611111111111112,26,9,528,0.058712121212121215,0.002404778527654953
5m,300,btc-up-or-down-5m,btc-updown-5m,0x7c4ac895d496b09addce792ce3849f863ef7b3e8,0,,28,13,3,0.6829268292682927,26,12,370,0.07567567567567568,0.0021720580249786673
5m,300,btc-up-or-down-5m,btc-updown-5m,0x5e2ff2f8e313d2fa09882018d4cc53ccffddf9ba,0,,363,521,488,0.4106334841628959,25,21,484,0.75,0.02815918082383058
5m,300,btc-up-or-down-5m,btc-updown-5m,0x4322901ba82de9f73e36993fad8ebf6848219fd4,0,,339,247,329,0.5784982935153583,25,17,205,1.6536585365853658,0.026297416802420294
5m,300,btc-up-or-down-5m,btc-updown-5m,0x0745854248b41fb9ec4e0c139afa72da5d900637,0,,306,200,148,0.6047430830039525,25,14,177,1.728813559322034,0.02373749127298115
5m,300,btc-up-or-down-5m,btc-updown-5m,0xd8bc8d11e3fa72785b0db87283718a58d5718692,0,,291,195,124,0.5987654320987654,25,13,144,2.0208333333333335,0.02257388875959972
5m,300,btc-up-or-down-5m,btc-updown-5m,0x8772261f4ad5cf4a738d47a38b1635cd7ad27782,1,,286,339,766,0.4576,25,30,105,2.723809523809524,0.022186021255139243
5m,300,btc-up-or-down-5m,btc-updown-5m,0xa8bb6d218ba36268be14dd8709cca53bb968fee7,0,,282,180,159,0.6103896103896104,25,14,180,1.5666666666666667,0.021875727251570862
5m,300,btc-up-or-down-5m,btc-updown-5m,0xbbc2764b8ecca9affd8090e220685857f7724d51,0,,271,191,142,0.5865800865800865,25,13,139,1.9496402877697843,0.021022418741757816
5m,300,btc-up-or-down-5m,btc-updown-5m,0xfb177017ddba7f658017ba860c07093354dbb7d1,0,,261,189,143,0.58,25,12,142,1.8380281690140845,0.020246683732836862
5m,300,btc-up-or-down-5m,btc-updown-5m,0xe017918d435633385800114bbdab7945db19b4f4,0,,253,209,138,0.5476190476190477,25,12,142,1.7816901408450705,0.0196260957257001
5m,300,btc-up-or-down-5m,btc-updown-5m,0x5a51fb8a94e1ca982953251996487da45081ec2f,0,,247,170,155,0.592326139088729,25,15,158,1.5632911392405062,0.01916065472034753
5m,300,btc-up-or-down-5m,btc-updown-5m,0xc850cf70d9da621ff0c219f625c9623f88b78c51,0,,182,149,157,0.5498489425981873,25,37,502,0.36254980079681276,0.014118377162361338
5m,300,btc-up-or-down-5m,btc-updown-5m,0x16abe608bee11347334a2da15b96c185ee8e2f10,0,,176,207,172,0.4595300261096606,25,8,194,0.9072164948453608,0.013652936157008766
5m,300,btc-up-or-down-5m,btc-updown-5m,0x36a5820bc219bb5f25ac7d8ca4fd0b0b200640df,1,,173,170,536,0.5043731778425656,25,23,159,1.0880503144654088,0.01342021565433248
5m,300,btc-up-or-down-5m,btc-updown-5m,0x6ddcad7425b4d92b930f8ae200af90ce60b79e29,0,,135,87,69,0.6081081081081081,25,96,2780,0.048561151079136694,0.01047242262043286
5m,300,btc-up-or-down-5m,btc-updown-5m,0xa30de80ba9d6cc3c2d79955b6dca38307bf941af,0,,129,100,90,0.5633187772925764,25,66,6484,0.019895126465144974,0.010006981615080289
5m,300,btc-up-or-down-5m,btc-updown-5m,0x19fc206eebb5e0b5b23a22297846b935d13c1a12,0,,107,50,98,0.6815286624203821,25,10,31,3.4516129032258065,0.008300364595454192
5m,300,btc-up-or-down-5m,btc-updown-5m,0xbd490646015bf321110c0ca01ae8807809d9ba92,0,,87,126,85,0.4084507042253521,25,17,243,0.35802469135802467,0.006748894577612288
5m,300,btc-up-or-down-5m,btc-updown-5m,0xe2f453989d3b6beebf591b2d1450090911149c34,1,,83,103,75,0.44623655913978494,25,9,64,1.296875,0.006438600574043906
5m,300,btc-up-or-down-5m,btc-updown-5m,0x09c3cc358c072cfd57166f2aedd18a0e91a8df76,0,,82,52,51,0.6119402985074627,25,12,71,1.1549295774647887,0.006361027073151811
5m,300,btc-up-or-down-5m,btc-updown-5m,0x6e05f60ef1d696352cc626f31be7dbfeea7bd898,0,,76,67,44,0.5314685314685315,25,40,2416,0.03145695364238411,0.00589558606779924
5m,300,btc-up-or-down-5m,btc-updown-5m,0x2ac1a7ffb91e0b9470a1d699c31d81aeb3c0ac2b,0,,75,74,47,0.5033557046979866,25,9,45,1.6666666666666667,0.0058180125669071445
5m,300,btc-up-or-down-5m,btc-updown-5m,0xeb942f0fc3f100cd729d7937afc6c48773cf205e,0,,73,43,49,0.6293103448275862,25,38,1154,0.0632582322357019,0.005662865565122954
5m,300,btc-up-or-down-5m,btc-updown-5m,0x64c768851b3e6f58bafd1332b5a1ef1d8cb0985f,0,,67,52,24,0.5630252100840336,25,45,1613,0.041537507749535026,0.005197424559770383
5m,300,btc-up-or-down-5m,btc-updown-5m,0x167a59f38ffe5eb3b116c793fae3ae295070d542,0,,66,65,69,0.5038167938931297,25,31,9649,0.006840087055653436,0.005119851058878288
5m,300,btc-up-or-down-5m,btc-updown-5m,0xc2f6eceec8bce3426c15405ca0763730cd542aac,0,,60,60,49,0.5,25,18,466,0.12875536480686695,0.004654410053525715
5m,300,btc-up-or-down-5m,btc-updown-5m,0x5289995eb45b21ae234a91f17221d48c42340514,1,,59,50,87,0.5412844036697247,25,6,14,4.214285714285714,0.00457683655263362
5m,300,btc-up-or-down-5m,btc-updown-5m,0x8d760a7e5be3018d393473cc5b63797487056d96,0,,55,33,20,0.625,25,28,1339,0.041075429424943986,0.004266542549065239
5m,300,btc-up-or-down-5m,btc-updown-5m,0x41a847804c599d0f2293a9221ece224492e873fb,0,,52,61,55,0.46017699115044247,25,20,1525,0.03409836065573771,0.004033822046388954
5m,300,btc-up-or-down-5m,btc-updown-5m,0x8f46157e42c2f8f6f6c128a576a8b5c6db27b83a,0,,52,31,46,0.6265060240963856,25,12,157,0.33121019108280253,0.004033822046388954
5m,300,btc-up-or-down-5m,btc-updown-5m,0x63ac790ad723441fa33b0b1283d2ec6563124127,0,,51,46,31,0.5257731958762887,25,36,1576,0.03236040609137056,0.0039562485454968585
5m,300,btc-up-or-down-5m,btc-updown-5m,0x8512a45813ecd829748c7265f81f2aa9e6c3cb45,0,,51,35,57,0.5930232558139535,25,32,538,0.09479553903345725,0.0039562485454968585
5m,300,btc-up-or-down-5m,btc-updown-5m,0xb878eb0ffec86d4b1474c2ad61835cb3035c226f,0,,49,23,39,0.6805555555555556,25,25,461,0.10629067245119306,0.0038011015437126676
5m,300,btc-up-or-down-5m,btc-updown-5m,0x5920f2745a1d6391d06182f7e2f36178e6f6e9ad,0,,47,28,27,0.6266666666666667,25,10,244,0.19262295081967212,0.003645954541928477
5m,300,btc-up-or-down-5m,btc-updown-5m,0x27c59856a95fcd8eb2441a1f94c1e2037598f05d,0,,42,12,6,0.7777777777777778,25,19,763,0.05504587155963303,0.003258087037468001
5m,300,btc-up-or-down-5m,btc-updown-5m,0x75c2c824fda2d01d54f707fd4a01aef85d9e0a24,0,,41,48,39,0.4606741573033708,25,12,544,0.07536764705882353,0.0031805135365759055
5m,300,btc-up-or-down-5m,btc-updown-5m,0x768eac5ceb970b3b345b2591942bb9b48aca2a31,0,,36,22,3,0.6206896551724138,25,12,1093,0.03293687099725526,0.0027926460321154294
5m,300,btc-up-or-down-5m,btc-updown-5m,0x63d3fd1fb8f97d01596969e0316022a6126c752f,0,,36,48,38,0.42857142857142855,25,18,880,0.04090909090909091,0.0027926460321154294
5m,300,btc-up-or-down-5m,btc-updown-5m,0x6b36973dcfbb4a1e4c6fadfe35b755eee99c0d4b,0,,34,42,16,0.4473684210526316,25,19,983,0.03458799593082401,0.002637499030331239
5m,300,btc-up-or-down-5m,btc-updown-5m,0x43c21d1eaf8d68a191afeae77d10adc2077c0ae3,0,,32,26,3,0.5517241379310345,25,7,332,0.0963855421686747,0.002482352028547048
5m,300,btc-up-or-down-5m,btc-updown-5m,0x88374ba82bea8d5f8b76b9e4e03e14d734df07d7,0,,30,3,0,0.9090909090909091,25,5,167,0.17964071856287425,0.0023272050267628577
5m,300,btc-up-or-down-5m,btc-updown-5m,0x32ec633aa376cfe621e2a34e978244d61291645e,0,directional_suspect,647,706,732,0.4781966001478197,24,42,1266,0.5110584518167457,0.05019005507718563
5m,300,btc-up-or-down-5m,btc-updown-5m,0x5fe14b52584c83c18496914db0b30a28d4510981,0,,326,247,201,0.568935427574171,24,11,178,1.8314606741573034,0.025288961290823055
5m,300,btc-up-or-down-5m,btc-updown-5m,0x5bc707f9c7f09590c649ad4c107df263dcd52415,0,,273,319,309,0.46114864864864863,24,30,868,0.31451612903225806,0.021177565743542005
5m,300,btc-up-or-down-5m,btc-updown-5m,0x95ca2f5e2a57dcb211312a8289f4eaec0168bbaf,0,,236,440,378,0.34911242603550297,24,31,315,0.7492063492063492,0.01830734621053448
5m,300,btc-up-or-down-5m,btc-updown-5m,0xa95b27b0626973f7bc7600e65cd88cd7b42d0d14,0,,171,107,135,0.6151079136690647,24,9,88,1.9431818181818181,0.01326506865254829
5m,300,btc-up-or-down-5m,btc-updown-5m,0xd6c7b1d0cdc3e524d38f8d1cd77b71e6a7be519b,1,,158,252,487,0.3853658536585366,24,17,49,3.2244897959183674,0.01225661314095105
5m,300,btc-up-or-down-5m,btc-updown-5m,0xb305d384400e3d7a15780216a55368ea677eca4e,0,,102,185,98,0.3554006968641115,24,30,315,0.3238095238095238,0.007912497090993717
5m,300,btc-up-or-down-5m,btc-updown-5m,0xff37b71b91c502d6efcc6abaee10aac66e7c2e24,0,,101,76,81,0.5706214689265536,24,24,308,0.32792207792207795,0.007834923590101621
5m,300,btc-up-or-down-5m,btc-updown-5m,0x15379c32544d6974e8d301e13ac496e45335c3aa,0,,94,128,108,0.42342342342342343,24,10,164,0.573170731707317,0.007291909083856954
5m,300,btc-up-or-down-5m,btc-updown-5m,0xfb9091291943dfe92481cd2a33584fcf6b384eac,0,,85,31,37,0.7327586206896551,24,57,1491,0.05700871898054997,0.0065937475758280975
5m,300,btc-up-or-down-5m,btc-updown-5m,0x6777a24d939db442b93e83a7394d56e106378c30,0,,84,55,77,0.60431654676259,24,49,3810,0.02204724409448819,0.006516174074936002
5m,300,btc-up-or-down-5m,btc-updown-5m,0x4d766f62e3d1a97243eaa244ea72dcfeac7390a0,0,,84,139,131,0.37668161434977576,24,10,489,0.17177914110429449,0.006516174074936002
5m,300,btc-up-or-down-5m,btc-updown-5m,0x70ef643adacccb4ba97b255d436ca61c67fc09de,0,,79,94,104,0.45664739884393063,24,35,1588,0.04974811083123426,0.006128306570475525
5m,300,btc-up-or-down-5m,btc-updown-5m,0x8fb08edb55543d4a834638a7461e72e13b3298b8,0,,78,74,94,0.5131578947368421,24,11,41,1.9024390243902438,0.00605073306958343
5m,300,btc-up-or-down-5m,btc-updown-5m,0xc33b5f43f21f838240f054fbce9c13097edb7897,0,,74,35,45,0.6788990825688074,24,49,896,0.08258928571428571,0.005740439066015049
5m,300,btc-up-or-down-5m,btc-updown-5m,0x15a7be2e57808a919388cad42d3f500f82715ed1,0,,74,102,64,0.42045454545454547,24,8,74,1.0,0.005740439066015049
5m,300,btc-up-or-down-5m,btc-updown-5m,0x2e9b93fa3f55a771f05f886db6782e67608f2171,0,,73,43,35,0.6293103448275862,24,49,4409,0.016557042413245633,0.005662865565122954
5m,300,btc-up-or-down-5m,btc-updown-5m,0x353b5bcb005349579843a3b1351861ae6cbba70d,0,,65,23,92,0.7386363636363636,24,10,76,0.8552631578947368,0.0050422775579861915
5m,300,btc-up-or-down-5m,btc-updown-5m,0xdf0810107d35335b2bacc0682180e0f24889d24a,0,,64,81,57,0.4413793103448276,24,24,974,0.06570841889117043,0.004964704057094096
5m,300,btc-up-or-down-5m,btc-updown-5m,0x3aad180774aa4d3fc7969c42f586575e3da8226d,0,,64,68,64,0.48484848484848486,24,14,879,0.07281001137656427,0.004964704057094096
5m,300,btc-up-or-down-5m,btc-updown-5m,0xddc3d77516ccd9598ab32249c852b8c78ba78997,0,,61,49,16,0.5545454545454546,24,19,449,0.1358574610244989,0.004731983554417811
5m,300,btc-up-or-down-5m,btc-updown-5m,0x9515d28693ddd70ee4bf85be79236bf2fe105d63,0,,60,29,15,0.6741573033707865,24,5,286,0.2097902097902098,0.004654410053525715
5m,300,btc-up-or-down-5m,btc-updown-5m,0xec5ae49ff5e4d47a60bdebf1eb9dde032e907fa7,0,,57,3,15,0.95,24,18,274,0.20802919708029197,0.00442168955084943
5m,300,btc-up-or-down-5m,btc-updown-5m,0xd90eab472b3a37098411de046e8825c0e5c303b6,0,,53,15,24,0.7794117647058824,24,16,349,0.1518624641833811,0.004111395547281049
5m,300,btc-up-or-down-5m,btc-updown-5m,0x0119edee31e5cc69144f7bc6705e465f0c365676,0,,52,58,33,0.4727272727272727,24,4,32,1.625,0.004033822046388954
5m,300,btc-up-or-down-5m,btc-updown-5m,0x42160e13b7d5761c7940b4bba654066e89dc4f30,0,,43,39,55,0.524390243902439,24,6,100,0.43,0.0033356605383600964
5m,300,btc-up-or-down-5m,btc-updown-5m,0x08e0542acb4a2a8b727a797d18aa98e034a6504e,1,,42,40,71,0.5121951219512195,24,4,11,3.8181818181818183,0.003258087037468001
5m,300,btc-up-or-down-5m,btc-updown-5m,0x3f7cc35f3208870189a33e54a47f7ca3c8dc4eef,0,,42,33,9,0.56,24,9,663,0.06334841628959276,0.003258087037468001
5m,300,btc-up-or-down-5m,btc-updown-5m,0x8882badcd9ce5786454bc55bd6b8fa05063503fb,0,,38,24,21,0.6129032258064516,24,19,361,0.10526315789473684,0.00294779303389962
5m,300,btc-up-or-down-5m,btc-updown-5m,0x79fbf77763e2a33e67817bef42ae5ab36fb1693b,0,,38,13,7,0.7450980392156863,24,3,327,0.1162079510703364,0.00294779303389962
5m,300,btc-up-or-down-5m,btc-updown-5m,0x50f7510c5200ff2697c2366ff9977c3a2f110477,0,,32,17,8,0.6530612244897959,24,9,643,0.049766718506998445,0.002482352028547048
5m,300,btc-up-or-down-5m,btc-updown-5m,0xbb3a45a62f70447d62ac09a0094ca725da70306c,0,,31,11,7,0.7380952380952381,24,12,383,0.08093994778067885,0.002404778527654953
5m,300,btc-up-or-down-5m,btc-updown-5m,0xd47815209ee28529bbedf864dc992bd65bf89239,0,,25,35,14,0.4166666666666667,24,6,346,0.07225433526011561,0.0019393375223023814
5m,300,btc-up-or-down-5m,btc-updown-5m,0xf93e72312caeaf5c9cbe1e0205683979a77d96ea,1,,515,451,1194,0.5331262939958592,23,36,158,3.259493670886076,0.03995035295942906
5m,300,btc-up-or-down-5m,btc-updown-5m,0x30be23d0622ae9ea3072a0091c214c78cdcbf4c1,0,directional_suspect,503,560,553,0.47318908748824084,23,44,1646,0.30558930741190765,0.03901947094872391
5m,300,btc-up-or-down-5m,btc-updown-5m,0xd6372da6b44d42719849b10c0e1ed77015cb7617,0,,398,434,450,0.47836538461538464,23,41,1393,0.2857142857142857,0.030874253355053914
5m,300,btc-up-or-down-5m,btc-updown-5m,0x86520db4175cf4e7f7f646cae22365f1f3b61ccb,0,,239,149,118,0.615979381443299,23,155,5937,0.04025602155971029,0.018540066713210766
5m,300,btc-up-or-down-5m,btc-updown-5m,0xb2597dbc585befdcccac39c7c23ff70253de9207,0,,212,142,197,0.5988700564971752,23,74,1796,0.11804008908685969,0.016445582189124196
5m,300,btc-up-or-down-5m,btc-updown-5m,0x52fe24237fd4dcbb801451a44e9f41dbe8e6d598,0,,207,332,258,0.38404452690166974,23,21,367,0.5640326975476839,0.01605771468466372
5m,300,btc-up-or-down-5m,btc-updown-5m,0x02de110b73774328097c6fea49b3a7b5601f8a75,0,,159,101,130,0.6115384615384616,23,8,144,1.1041666666666667,0.012334186641843147
5m,300,btc-up-or-down-5m,btc-updown-5m,0xed0653e0453c1fb0b18128ffeab3a4882acb3612,0,,143,129,111,0.5257352941176471,23,13,131,1.0916030534351144,0.011093010627569622
5m,300,btc-up-or-down-5m,btc-updown-5m,0x3654e2c92f08f722e8983db1f5d48c8962bf1b78,0,,139,187,109,0.4263803680981595,23,96,6186,0.02247009376010346,0.01078271662400124
5m,300,btc-up-or-down-5m,btc-updown-5m,0x9f0ea837291fa8fd469360838fd3caa3a27fca51,0,,90,231,178,0.2803738317757009,23,18,293,0.30716723549488056,0.006981615080288574
5m,300,btc-up-or-down-5m,btc-updown-5m,0xe807ef07f8495675de45a4990d9f6ee0cf7b8d4d,0,,90,84,49,0.5172413793103449,23,51,5252,0.017136329017517136,0.006981615080288574
5m,300,btc-up-or-down-5m,btc-updown-5m,0xb25d605a831cc919680ee0bf51df4b2911db75a3,0,,82,37,54,0.6890756302521008,23,42,900,0.09111111111111111,0.006361027073151811
5m,300,btc-up-or-down-5m,btc-updown-5m,0x9fac15a467ff2fad7e8065fdb10a5dc7118e6b79,0,,80,62,81,0.5633802816901409,23,9,19,4.2105263157894735,0.006205880071367621
5m,300,btc-up-or-down-5m,btc-updown-5m,0xbdcc4f351daad6606decdbec5e30345ce4650558,0,,75,80,65,0.4838709677419355,23,46,1376,0.05450581395348837,0.0058180125669071445
5m,300,btc-up-or-down-5m,btc-updown-5m,0xa89759f7993a703dae2b8cca1bd1ee33088c977c,0,,71,72,50,0.4965034965034965,23,9,485,0.1463917525773196,0.005507718563338764
5m,300,btc-up-or-down-5m,btc-updown-5m,0x0412f5629cc5a96e745b81a77ed6efecad22d9c2,0,,69,22,39,0.7582417582417582,23,35,1016,0.06791338582677166,0.005352571561554573
5m,300,btc-up-or-down-5m,btc-updown-5m,0x404ea6b6591d2d140c9e29fd5417bc54c6014cd2,0,,66,83,55,0.4429530201342282,23,35,1996,0.033066132264529056,0.005119851058878288
5m,300,btc-up-or-down-5m,btc-updown-5m,0x4bb37d08051efbda9cfb85bf5ae0ad5107ca6fb8,0,,65,1,39,0.9848484848484849,23,5,51,1.2745098039215685,0.0050422775579861915
5m,300,btc-up-or-down-5m,btc-updown-5m,0xc5e6250906f3a43348374632092a64ee2cf22d79,0,,64,30,41,0.6808510638297872,23,16,706,0.0906515580736544,0.004964704057094096
5m,300,btc-up-or-down-5m,btc-updown-5m,0x5ca0b33608c968486e166144feaecaf27e21fc36,0,,62,46,34,0.5740740740740741,23,48,1321,0.046934140802422405,0.004809557055309906
5m,300,btc-up-or-down-5m,btc-updown-5m,0xe01eebbb1a53e84ab6fba2bfa3a79ef2bf6a35f3,0,,58,19,21,0.7532467532467533,23,32,652,0.08895705521472393,0.004499263051741525
5m,300,btc-up-or-down-5m,btc-updown-5m,0x580dbe563496d8c57c8c724f761c9ca4b02ccfb5,0,,58,63,54,0.4793388429752066,23,41,2268,0.025573192239858905,0.004499263051741525
5m,300,btc-up-or-down-5m,btc-updown-5m,0xbe189014be042f52113af202dab3c8370363f646,0,,52,34,40,0.6046511627906976,23,29,824,0.06310679611650485,0.004033822046388954
5m,300,btc-up-or-down-5m,btc-updown-5m,0xf0de184725cca8c2d5f388548bd7f9b49c553c33,0,,51,61,51,0.45535714285714285,23,23,891,0.05723905723905724,0.0039562485454968585
5m,300,btc-up-or-down-5m,btc-updown-5m,0x68f771796980e0dff2ef2fce06cb2e3aed09d428,0,,49,18,10,0.7313432835820896,23,26,462,0.10606060606060606,0.0038011015437126676
5m,300,btc-up-or-down-5m,btc-updown-5m,0xd4f9a0df230f479ca3ef199916cb1ae2e02a84f7,0,,48,18,21,0.7272727272727273,23,7,131,0.366412213740458,0.0037235280428205724
5m,300,btc-up-or-down-5m,btc-updown-5m,0x9796de6db546a93d9d5134563ec58ba08658d713,0,,46,36,45,0.5609756097560976,23,22,746,0.06166219839142091,0.003568381041036382
5m,300,btc-up-or-down-5m,btc-updown-5m,0x1901978dec720e5fd94014f72681d317d2187b79,0,,45,32,57,0.5844155844155844,23,10,251,0.17928286852589642,0.003490807540144287
5m,300,btc-up-or-down-5m,btc-updown-5m,0x893d01c5e6b8aaf1bf79a30da6d48b548d11da13,0,,44,52,43,0.4583333333333333,23,17,784,0.05612244897959184,0.0034132340392521916
5m,300,btc-up-or-down-5m,btc-updown-5m,0x5c7ffa0ed32d70107fa577ce219741193b5faeed,0,,44,60,23,0.4230769230769231,23,6,240,0.18333333333333332,0.0034132340392521916
5m,300,btc-up-or-down-5m,btc-updown-5m,0xb075971936f037b2e1355446ae48f8e1e7a0de2c,0,,42,39,38,0.5185185185185185,23,14,631,0.06656101426307448,0.003258087037468001
5m,300,btc-up-or-down-5m,btc-updown-5m,0xba0e440a7a335638d4a31df69806226e62520eeb,0,,41,26,24,0.6119402985074627,23,11,582,0.070446735395189,0.0031805135365759055
5m,300,btc-up-or-down-5m,btc-updown-5m,0x5ce925c72895fc15de0b285f701f136a0a10e6af,0,,40,54,26,0.425531914893617,23,9,268,0.14925373134328357,0.0031029400356838103
5m,300,btc-up-or-down-5m,btc-updown-5m,0x63fc8df78b42ed52e65c2133f0fc5da4ace932a2,0,,40,14,22,0.7407407407407407,23,21,515,0.07766990291262135,0.0031029400356838103
5m,300,btc-up-or-down-5m,btc-updown-5m,0x679c22f5d9b8d1216acbb7bf432960bf5a10afff,0,,39,48,43,0.4482758620689655,23,22,4247,0.009182952672474688,0.003025366534791715
5m,300,btc-up-or-down-5m,btc-updown-5m,0xb7f512c1c685f44be4ea0d2dbdc11db2339b106d,0,,38,9,5,0.8085106382978723,23,11,272,0.13970588235294118,0.00294779303389962
5m,300,btc-up-or-down-5m,btc-updown-5m,0xb6bd96290bc522ceea4a74550caf03bc8a459b7e,0,,38,20,23,0.6551724137931034,23,19,486,0.07818930041152264,0.00294779303389962
5m,300,btc-up-or-down-5m,btc-updown-5m,0x54744fb32c52b2ff8caaae2e29e096d70ed088fc,0,,34,32,21,0.5151515151515151,23,24,1059,0.03210576015108593,0.002637499030331239
5m,300,btc-up-or-down-5m,btc-updown-5m,0x36f13ce2b9e17b5039c66949c5ffea2b06e1e1f9,0,,34,12,6,0.7391304347826086,23,8,288,0.11805555555555555,0.002637499030331239
5m,300,btc-up-or-down-5m,btc-updown-5m,0xb0143b386a9e1e2d8580f6f607cc7bdaa1d3a357,0,,34,3,3,0.918918918918919,23,2,10,3.4,0.002637499030331239
5m,300,btc-up-or-down-5m,btc-updown-5m,0x774ddaee409abeefebc924b3c67a0f7dea5c8b08,0,,33,26,17,0.559322033898305,23,14,590,0.05593220338983051,0.002559925529439144
5m,300,btc-up-or-down-5m,btc-updown-5m,0xa92fea5715bcff98f5748e2c0fe4469457621676,0,,32,1,3,0.9696969696969697,23,3,409,0.07823960880195599,0.002482352028547048
5m,300,btc-up-or-down-5m,btc-updown-5m,0x77cd6d213148cff81c9178d19b5f2d136f1a8018,0,,28,7,7,0.8,23,2,57,0.49122807017543857,0.0021720580249786673
5m,300,btc-up-or-down-5m,btc-updown-5m,0x53d12b930dbf44516ea1dfb047ef8dd973e0ec5b,0,,28,0,0,1.0,23,3,26,1.0769230769230769,0.0021720580249786673
5m,300,btc-up-or-down-5m,btc-updown-5m,0x230e86f004f6f503a6c8e8b3174f77f8a66a45b4,0,,27,30,19,0.47368421052631576,23,7,133,0.20300751879699247,0.002094484524086572
5m,300,btc-up-or-down-5m,btc-updown-5m,0xbff4577b5c239cc830807a7b3c79f719aecafb4e,0,,26,15,6,0.6341463414634146,23,6,119,0.2184873949579832,0.002016911023194477
5m,300,btc-up-or-down-5m,btc-updown-5m,0x80d22d7561bf02d711428b37e83b92ebeca947df,0,,24,4,17,0.8571428571428571,23,6,340,0.07058823529411765,0.0018617640214102862
5m,300,btc-up-or-down-5m,btc-updown-5m,0x3f507210685ab5bf33d6d6df5f02a6bb650d70f3,0,,260,212,227,0.5508474576271186,22,23,254,1.0236220472440944,0.020169110231944766
5m,300,btc-up-or-down-5m,btc-updown-5m,0x033ac9f02e37c679be5b4537e9f0f45788707188,1,,198,202,600,0.495,22,21,100,1.98,0.015359553176634861
5m,300,btc-up-or-down-5m,btc-updown-5m,0x7b55169899b8a8c9dac407f6d97f81c1f85d8f95,0,,191,92,128,0.6749116607773852,22,53,2696,0.07084569732937686,0.014816538670390195
5m,300,btc-up-or-down-5m,btc-updown-5m,0xc2e92798b57960e66e17b6d84df971a47113f977,0,,184,100,138,0.647887323943662,22,21,133,1.3834586466165413,0.014273524164145528
5m,300,btc-up-or-down-5m,btc-updown-5m,0x1a4cf3473beb7b74df420517f02fab6753cba420,0,,155,185,161,0.45588235294117646,22,20,253,0.6126482213438735,0.012023892638274766
5m,300,btc-up-or-down-5m,btc-updown-5m,0xc6bfbc3a2909d847c7159b8f6ed312dc1a7f65c8,0,,141,220,106,0.39058171745152354,22,17,85,1.6588235294117648,0.010937863625785431
5m,300,btc-up-or-down-5m,btc-updown-5m,0x2a6962c042c6e299e31502d6f14e5031ced9ddb7,1,,131,157,280,0.4548611111111111,22,9,34,3.8529411764705883,0.010162128616864479
5m,300,btc-up-or-down-5m,btc-updown-5m,0x6cdbb24da2701ee38655088ff3fd05d048e78a82,0,,120,130,102,0.48,22,27,830,0.14457831325301204,0.00930882010705143
5m,300,btc-up-or-down-5m,btc-updown-5m,0x64f8ead26be73d6676a90b939251fb8a64f2d21a,0,,102,195,107,0.3434343434343434,22,21,373,0.2734584450402145,0.007912497090993717
5m,300,btc-up-or-down-5m,btc-updown-5m,0xf33e2dd0522b3e29d8379a8cfbc926ac05706d62,0,,85,45,15,0.6538461538461539,22,46,1147,0.07410636442894507,0.0065937475758280975
5m,300,btc-up-or-down-5m,btc-updown-5m,0x660c8aa54920cb6beb83479d39af563dfd987f7a,0,,81,218,106,0.2709030100334448,22,6,210,0.38571428571428573,0.006283453572259716
5m,300,btc-up-or-down-5m,btc-updown-5m,0x74319b40b6c4aaea08fcaf5cb3902db745fae02e,0,,75,67,30,0.528169014084507,22,54,2165,0.03464203233256351,0.0058180125669071445
5m,300,btc-up-or-down-5m,btc-updown-5m,0x32501527e51eff200129722238d3b5d5e8ccbaf4,0,,65,47,40,0.5803571428571429,22,19,1743,0.037292025243832475,0.0050422775579861915
5m,300,btc-up-or-down-5m,btc-updown-5m,0x672c9e0698b0d668f8fd8baf0e1e19c76142881b,0,,60,34,43,0.6382978723404256,22,7,96,0.625,0.004654410053525715
5m,300,btc-up-or-down-5m,btc-updown-5m,0xd9ea82869a17448c51b3712dd9ee0079b36522aa,0,,56,68,50,0.45161290322580644,22,34,2020,0.027722772277227723,0.004344116049957335
5m,300,btc-up-or-down-5m,btc-updown-5m,0x9a5e7b2c91192300314d4a736947530a3577aeae,0,,55,73,37,0.4296875,22,23,932,0.059012875536480686,0.004266542549065239
5m,300,btc-up-or-down-5m,btc-updown-5m,0xaf83e74f83a004cce97a4931193e7ab092a1527b,0,,54,15,14,0.782608695652174,22,12,286,0.1888111888111888,0.004188969048173144
5m,300,btc-up-or-down-5m,btc-updown-5m,0xa09cdd86d9871827b3cb9c11b37a28ea7db32fe5,0,,51,57,59,0.4722222222222222,22,9,463,0.1101511879049676,0.0039562485454968585
5m,300,btc-up-or-down-5m,btc-updown-5m,0xe80c08bd937edb73bc9cdbb63c2c17df4d6e9888,0,,51,29,32,0.6375,22,23,392,0.13010204081632654,0.0039562485454968585
5m,300,btc-up-or-down-5m,btc-updown-5m,0x20d178acdbf2c96f1a6634c7dc7c9918fdaf75db,0,,51,28,33,0.6455696202531646,22,9,132,0.38636363636363635,0.0039562485454968585
5m,300,btc-up-or-down-5m,btc-updown-5m,0x05e8f2a449cf92e1c380e23df33683beca697624,0,,49,29,34,0.6282051282051282,22,31,1290,0.03798449612403101,0.0038011015437126676
5m,300,btc-up-or-down-5m,btc-updown-5m,0x0e6e320bee0fa4a22914a09b8f8131163d7db85c,0,,49,39,30,0.5568181818181818,22,37,829,0.05910735826296743,0.0038011015437126676
5m,300,btc-up-or-down-5m,btc-updown-5m,0x652c9e1d3a71f42ccd362d9976e117f9a2222af0,0,,48,46,57,0.5106382978723404,22,13,584,0.0821917808219178,0.0037235280428205724
5m,300,btc-up-or-down-5m,btc-updown-5m,0xf36ef012b0acf5a62666f76dadb10dc7095640aa,0,,47,17,26,0.734375,22,20,457,0.10284463894967177,0.003645954541928477
5m,300,btc-up-or-down-5m,btc-updown-5m,0x84a926d291ae9a4a2d723ce32713d99e89f6dbc4,0,,45,66,49,0.40540540540540543,22,28,332,0.1355421686746988,0.003490807540144287
5m,300,btc-up-or-down-5m,btc-updown-5m,0xfcdc071df7080c214196bb0b3b751e5417f9d8e3,0,,44,20,24,0.6875,22,10,116,0.3793103448275862,0.0034132340392521916
5m,300,btc-up-or-down-5m,btc-updown-5m,0x16b0f91dd32a4586bfbe5a4ebdce540958d8acde,0,,43,4,9,0.9148936170212766,22,9,176,0.24431818181818182,0.0033356605383600964
5m,300,btc-up-or-down-5m,btc-updown-5m,0x3d65d17aaf343a95e77d063099ecaaac9e436a04,0,,42,14,33,0.75,22,15,159,0.2641509433962264,0.003258087037468001
5m,300,btc-up-or-down-5m,btc-updown-5m,0x2334195baf2db920ff6e8940dcbc031451f99a9f,0,,42,40,16,0.5121951219512195,22,8,203,0.20689655172413793,0.003258087037468001
5m,300,btc-up-or-down-5m,btc-updown-5m,0x09689189c34f04117da7f088890f38dcfb5f0165,0,,40,4,10,0.9090909090909091,22,8,148,0.2702702702702703,0.0031029400356838103
5m,300,btc-up-or-down-5m,btc-updown-5m,0xabafd6fc73531642b3bc1b1188e20835876308de,0,,39,31,27,0.5571428571428572,22,19,806,0.04838709677419355,0.003025366534791715
5m,300,btc-up-or-down-5m,btc-updown-5m,0xf3a77fb71a38955597d2f832d8f970ef351ea27f,0,,38,4,4,0.9047619047619048,22,4,218,0.1743119266055046,0.00294779303389962
5m,300,btc-up-or-down-5m,btc-updown-5m,0x467afb18c5d818619d28cdf0c8cff9c6751bca0a,0,,36,54,53,0.4,22,14,364,0.0989010989010989,0.0027926460321154294
5m,300,btc-up-or-down-5m,btc-updown-5m,0x60bbe8250aeadf4636dde076086f85617375d7d0,0,,34,26,13,0.5666666666666667,22,17,291,0.11683848797250859,0.002637499030331239
5m,300,btc-up-or-down-5m,btc-updown-5m,0x2f32a09d2f29eb0f090da40be0ee2fe4571fada6,0,,34,26,24,0.5666666666666667,22,9,540,0.06296296296296296,0.002637499030331239
5m,300,btc-up-or-down-5m,btc-updown-5m,0x7931fd06ecb2d159e71884226402da0cb38eb4e0,0,,34,27,47,0.5573770491803278,22,12,881,0.03859250851305335,0.002637499030331239
5m,300,btc-up-or-down-5m,btc-updown-5m,0xde8193758a678d3dd5bdf68009b352e48eccea79,0,,33,10,7,0.7674418604651163,22,14,177,0.1864406779661017,0.002559925529439144
5m,300,btc-up-or-down-5m,btc-updown-5m,0x72abe52af7032fa1c7078a16ddb341c94fe9e1ee,0,,32,13,20,0.7111111111111111,22,17,320,0.1,0.002482352028547048
5m,300,btc-up-or-down-5m,btc-updown-5m,0xcdfa6c11452adca8cf9d332d9d20fc5e976678bb,0,,31,2,1,0.9393939393939394,22,4,55,0.5636363636363636,0.002404778527654953
5m,300,btc-up-or-down-5m,btc-updown-5m,0x1241458e87f1a249a40fe16909f1d644c935801f,0,,30,5,4,0.8571428571428571,22,2,119,0.25210084033613445,0.0023272050267628577
5m,300,btc-up-or-down-5m,btc-updown-5m,0xdf06dc2112f5f9356c09af4d6e986072b0adf4c4,0,,29,31,26,0.48333333333333334,22,11,375,0.07733333333333334,0.0022496315258707625
5m,300,btc-up-or-down-5m,btc-updown-5m,0x69a8917df4d3ac7fb84fa520acd7772f5a2997bd,0,,27,0,0,1.0,22,2,22,1.2272727272727273,0.002094484524086572
5m,300,btc-up-or-down-5m,btc-updown-5m,0x64ab4d2a03419347367a5e7440a3618abad3e003,0,,25,1,2,0.9615384615384616,22,6,305,0.08196721311475409,0.0019393375223023814
5m,300,btc-up-or-down-5m,btc-updown-5m,0x2aa50db3e3773729482b446c0a98d2da75867e9b,0,,24,2,1,0.9230769230769231,22,4,51,0.47058823529411764,0.0018617640214102862
5m,300,btc-up-or-down-5m,btc-updown-5m,0xafcad83a5631371cbdd99c6fca6d56b63540a656,0,,24,2,1,0.9230769230769231,22,4,58,0.41379310344827586,0.0018617640214102862
5m,300,btc-up-or-down-5m,btc-updown-5m,0x4bcbc843de3405385c0e362ffc487213605a3a30,0,,24,63,16,0.27586206896551724,22,6,152,0.15789473684210525,0.0018617640214102862
5m,300,btc-up-or-down-5m,btc-updown-5m,0x76d75ebac5346e13a0c3abade6e024d903e3da01,0,,23,2,3,0.92,22,2,38,0.6052631578947368,0.001784190520518191
5m,300,btc-up-or-down-5m,btc-updown-5m,0xd0359a611979622cd44c1b5809ded7c59aa6a9ea,0,,115,63,103,0.6460674157303371,21,29,218,0.5275229357798165,0.008920952602590956
5m,300,btc-up-or-down-5m,btc-updown-5m,0xb2e24a15ce89c32a721db3eb46e8c9a42d3d12dc,0,,89,56,50,0.6137931034482759,21,17,210,0.4238095238095238,0.006904041579396478
5m,300,btc-up-or-down-5m,btc-updown-5m,0x6649aaf48ca7eb3c921532ce2253a7592b234aa2,0,,77,87,59,0.4695121951219512,21,55,4215,0.01826809015421115,0.005973159568691335
5m,300,btc-up-or-down-5m,btc-updown-5m,0x5cfcc624e07dd8d7354d7393048b0ae87619e62d,0,,76,51,61,0.5984251968503937,21,13,93,0.8172043010752689,0.00589558606779924
5m,300,btc-up-or-down-5m,btc-updown-5m,0xc5d5b7a91373696942e73a1b900edc0cac21918d,0,,73,203,103,0.2644927536231884,21,7,73,1.0,0.005662865565122954
5m,300,btc-up-or-down-5m,btc-updown-5m,0xa994027590ab97bb85263305f970bb38198fc090,0,,70,101,94,0.4093567251461988,21,14,57,1.2280701754385965,0.005430145062446668
5m,300,btc-up-or-down-5m,btc-updown-5m,0x2494345f3f94b5bf4b8188cd32ea5fa5fc419a83,0,,67,41,39,0.6203703703703703,21,19,675,0.09925925925925926,0.005197424559770383
5m,300,btc-up-or-down-5m,btc-updown-5m,0x564735dad6be7134f551baed03769f2402cede1d,0,,67,58,76,0.536,21,13,682,0.09824046920821114,0.005197424559770383
5m,300,btc-up-or-down-5m,btc-updown-5m,0xea9f038c28acdac1bd415f998c0d24e59e58045e,0,,59,52,47,0.5315315315315315,21,12,656,0.0899390243902439,0.00457683655263362
5m,300,btc-up-or-down-5m,btc-updown-5m,0x5c325e8c343c5bf466cd68aa405ffff45f112dd8,0,,55,39,35,0.5851063829787234,21,11,178,0.3089887640449438,0.004266542549065239
5m,300,btc-up-or-down-5m,btc-updown-5m,0x0f592f006becca6bde0425e753b571d90e1f3cb0,0,,54,35,37,0.6067415730337079,21,20,1315,0.04106463878326996,0.004188969048173144
5m,300,btc-up-or-down-5m,btc-updown-5m,0x03de51d4975e8f8da4e80d42f7bbe84bf419f987,0,,54,22,41,0.7105263157894737,21,30,938,0.057569296375266525,0.004188969048173144
5m,300,btc-up-or-down-5m,btc-updown-5m,0x7f95e9b3e87d44dc778a37f4e714d66a62a2f056,0,,51,47,39,0.5204081632653061,21,18,617,0.08265802269043761,0.0039562485454968585
5m,300,btc-up-or-down-5m,btc-updown-5m,0x17774ee04f7ab8804ac0481ed76a8b61667cd59c,0,,51,22,22,0.6986301369863014,21,14,370,0.13783783783783785,0.0039562485454968585
5m,300,btc-up-or-down-5m,btc-updown-5m,0x872149fd236dee03aace99f5b385f9eafae278f5,0,,51,23,26,0.6891891891891891,21,15,849,0.06007067137809187,0.0039562485454968585
5m,300,btc-up-or-down-5m,btc-updown-5m,0x2f5eb618bbe87248bd812e02814e566c080975a4,0,,50,27,56,0.6493506493506493,21,9,125,0.4,0.003878675044604763
5m,300,btc-up-or-down-5m,btc-updown-5m,0x49e1c51e0910214d15e122963c893f24e2ed7bf6,0,,50,30,34,0.625,21,32,794,0.06297229219143577,0.003878675044604763
5m,300,btc-up-or-down-5m,btc-updown-5m,0x52cf8883a337b0504db8b41d7d0e3a6d229f585c,0,,49,13,29,0.7903225806451613,21,24,1035,0.04734299516908213,0.0038011015437126676
5m,300,btc-up-or-down-5m,btc-updown-5m,0x962cf6655629d7d931776f97bafd8225a1591866,0,,49,13,23,0.7903225806451613,21,13,603,0.0812603648424544,0.0038011015437126676
5m,300,btc-up-or-down-5m,btc-updown-5m,0x7f15df97ac9b25a9bdc4201278ad16cda08b6a4c,0,,48,21,8,0.6956521739130435,21,29,593,0.08094435075885328,0.0037235280428205724
5m,300,btc-up-or-down-5m,btc-updown-5m,0xda03045dbf27cc1dda2d1bf0d9d7232942df96b4,0,,46,48,75,0.48936170212765956,21,22,840,0.05476190476190476,0.003568381041036382
5m,300,btc-up-or-down-5m,btc-updown-5m,0xd11a4ad64139147fbd81202c38865a57b5aff206,0,,43,39,27,0.524390243902439,21,9,335,0.12835820895522387,0.0033356605383600964
5m,300,btc-up-or-down-5m,btc-updown-5m,0x4f0804c720257a17526a28c4539aac5211d77647,0,,43,18,25,0.7049180327868853,21,5,204,0.2107843137254902,0.0033356605383600964
5m,300,btc-up-or-down-5m,btc-updown-5m,0xa3abd0476a1ffd4dab8673ed24efdaf649fd727b,0,,40,12,34,0.7692307692307693,21,24,480,0.08333333333333333,0.0031029400356838103
5m,300,btc-up-or-down-5m,btc-updown-5m,0xaac8e98e05cf679616dec6c47755748b4cb0bff1,0,,40,26,37,0.6060606060606061,21,15,271,0.14760147601476015,0.0031029400356838103
5m,300,btc-up-or-down-5m,btc-updown-5m,0x0543dbb3dace20cd29cac767492d745127a868b0,0,,39,21,23,0.65,21,15,638,0.061128526645768025,0.003025366534791715
5m,300,btc-up-or-down-5m,btc-updown-5m,0x5074ab12f7f14de754a3e1e971d9a0a23a2da598,0,,39,22,21,0.639344262295082,21,17,257,0.1517509727626459,0.003025366534791715
5m,300,btc-up-or-down-5m,btc-updown-5m,0xc8a03dc8bd0073ee715cb962b7574b96f3af6c71,0,,38,47,30,0.4470588235294118,21,20,1416,0.026836158192090395,0.00294779303389962
5m,300,btc-up-or-down-5m,btc-updown-5m,0xf21d02cda3104079b23f9ee4e844270a857a24f6,0,,38,75,38,0.336283185840708,21,20,922,0.04121475054229935,0.00294779303389962
5m,300,btc-up-or-down-5m,btc-updown-5m,0x957dc146dd75a8950e3d5c4dc4842fbe2e6ac56b,0,,36,27,17,0.5714285714285714,21,24,639,0.056338028169014086,0.0027926460321154294
5m,300,btc-up-or-down-5m,btc-updown-5m,0x23f6b010a1aa353d44526b83ad0008a8e8555c87,0,,35,28,24,0.5555555555555556,21,17,725,0.04827586206896552,0.002715072531223334
5m,300,btc-up-or-down-5m,btc-updown-5m,0x903ab34455b56d9fb09726e2eb69ea9e2b551c39,0,,35,4,23,0.8974358974358975,21,8,298,0.1174496644295302,0.002715072531223334
5m,300,btc-up-or-down-5m,btc-updown-5m,0x95e2f95ec6b2329aeb4934e4030b37041a357e07,0,,34,68,53,0.3333333333333333,21,22,968,0.03512396694214876,0.002637499030331239
5m,300,btc-up-or-down-5m,btc-updown-5m,0xaea4d147f5b97c3f9c53420616f958ed4ee2106e,0,,32,33,21,0.49230769230769234,21,16,434,0.07373271889400922,0.002482352028547048
5m,300,btc-up-or-down-5m,btc-updown-5m,0x137d1e8c37ac82276adc7dc7daf7ee3201612d94,0,,32,6,2,0.8421052631578947,21,16,659,0.048558421851289835,0.002482352028547048
5m,300,btc-up-or-down-5m,btc-updown-5m,0xe7cc612381beae540dc60d0319e9a2c587fe188a,0,,32,26,16,0.5517241379310345,21,9,472,0.06779661016949153,0.002482352028547048
5m,300,btc-up-or-down-5m,btc-updown-5m,0x189e65d76005165dcc5da325a30d62f06b4874c0,0,,31,13,22,0.7045454545454546,21,20,703,0.044096728307254626,0.002404778527654953
5m,300,btc-up-or-down-5m,btc-updown-5m,0xd594c3f395c3955b8b06aa5fb428b514bbf29d1b,0,,31,9,9,0.775,21,13,477,0.0649895178197065,0.002404778527654953
5m,300,btc-up-or-down-5m,btc-updown-5m,0x34bd5aba3ecc10f5f17ac6f8ecff5dbc60e0983a,0,,29,3,4,0.90625,21,5,198,0.14646464646464646,0.0022496315258707625
5m,300,btc-up-or-down-5m,btc-updown-5m,0x91ad99e75f87394dd56bd30d3560300d092c9384,0,,28,23,15,0.5490196078431373,21,7,376,0.07446808510638298,0.0021720580249786673
5m,300,btc-up-or-down-5m,btc-updown-5m,0x406d64e073442dfd8ddd7db4e81fc1f1d1a57816,0,,27,18,19,0.6,21,6,65,0.4153846153846154,0.002094484524086572
5m,300,btc-up-or-down-5m,btc-updown-5m,0x7419ee335fd6c717dc0b950a13172575a9e2cf25,0,,27,30,22,0.47368421052631576,21,9,329,0.08206686930091185,0.002094484524086572
5m,300,btc-up-or-down-5m,btc-updown-5m,0xd3b489d6c90c9ca6471fff20d0edf76502c3244d,0,,24,3,3,0.8888888888888888,21,3,75,0.32,0.0018617640214102862
5m,300,btc-up-or-down-5m,btc-updown-5m,0x9f591436067d8b23d5f96e0c88742d33d4829677,0,,23,14,30,0.6216216216216216,21,6,148,0.1554054054054054,0.001784190520518191
5m,300,btc-up-or-down-5m,btc-updown-5m,0x5d5f65272c28b85f0a7d3ffe834f1b55fc6aa934,0,,22,19,19,0.5365853658536586,21,11,403,0.05459057071960298,0.0017066170196260958
5m,300,btc-up-or-down-5m,btc-updown-5m,0xa0c005e435cc420334bbc3300473b2ea0ac35adc,0,,22,1,2,0.9565217391304348,21,1,48,0.4583333333333333,0.0017066170196260958
5m,300,btc-up-or-down-5m,btc-updown-5m,0x3b481e8ef31313836eb4e74cb59fe05394c4ca60,0,,22,0,0,1.0,21,1,46,0.4782608695652174,0.0017066170196260958
5m,300,btc-up-or-down-5m,btc-updown-5m,0x0f5faf6caf1e4ea33c7016245e73906cc805c51b,0,,22,0,0,1.0,21,1,30,0.7333333333333333,0.0017066170196260958
5m,300,btc-up-or-down-5m,btc-updown-5m,0x3cd87a9c33272b372535edc9b3e7cf7df11e633b,0,,21,11,18,0.65625,21,4,464,0.04525862068965517,0.0016290435187340006
5m,300,btc-up-or-down-5m,btc-updown-5m,0x45d769dd5613a6a81527e129bdf349332d4c4920,1,,332,343,805,0.4918518518518519,20,19,93,3.5698924731182795,0.025754402296175625
5m,300,btc-up-or-down-5m,btc-updown-5m,0x02f422a6355646e07c43f9190ee706645f2d4658,0,,156,168,125,0.48148148148148145,20,23,632,0.2468354430379747,0.01210146613916686
5m,300,btc-up-or-down-5m,btc-updown-5m,0xaa829d11250bffca01b64ab8b0bb17e3028562dc,0,,141,108,103,0.5662650602409639,20,19,371,0.38005390835579517,0.010937863625785431
5m,300,btc-up-or-down-5m,btc-updown-5m,0x2d719db0028c104444b08d2006e7ee6daa862059,0,,138,180,99,0.4339622641509434,20,90,8881,0.015538790676725594,0.010705143123109146
5m,300,btc-up-or-down-5m,btc-updown-5m,0x0be0279f242a772141b07ee03850e4cd8b46d324,0,,121,111,104,0.521551724137931,20,17,352,0.34375,0.009386393607943527
5m,300,btc-up-or-down-5m,btc-updown-5m,0xf732a4c0428c80625af46a33bbed66f8619c6051,0,,120,112,112,0.5172413793103449,20,17,340,0.35294117647058826,0.00930882010705143
5m,300,btc-up-or-down-5m,btc-updown-5m,0x8225f2d2df3381dc460653fe6c3a8344f3205c26,0,,119,100,126,0.54337899543379,20,28,1034,0.11508704061895551,0.009231246606159337
5m,300,btc-up-or-down-5m,btc-updown-5m,0xe9c4954d60ca211f5d53dfa669e897e262382b59,0,,117,112,65,0.5109170305676856,20,17,364,0.32142857142857145,0.009076099604375146
5m,300,btc-up-or-down-5m,btc-updown-5m,0x3c81cc3b306a0f48663be48fc72d40cac02175f9,1,,90,106,148,0.45918367346938777,20,5,13,6.923076923076923,0.006981615080288574
5m,300,btc-up-or-down-5m,btc-updown-5m,0xdd962936afed7f18a25924197508355989d66a46,1,,88,99,183,0.47058823529411764,20,14,394,0.2233502538071066,0.006826468078504383
5m,300,btc-up-or-down-5m,btc-updown-5m,0xa96cc088cd1a669cdf584ca47517d3fe9d485bee,0,,86,152,132,0.36134453781512604,20,11,56,1.5357142857142858,0.006671321076720193
5m,300,btc-up-or-down-5m,btc-updown-5m,0x8cff5711cae958b774e568fd38050853541feeb8,0,,86,81,86,0.5149700598802395,20,2,69,1.2463768115942029,0.006671321076720193
5m,300,btc-up-or-down-5m,btc-updown-5m,0x4c51b6db2f8d77185195ac0433f07ab048a0fee7,0,,83,73,56,0.532051282051282,20,58,2018,0.04112983151635283,0.006438600574043906
5m,300,btc-up-or-down-5m,btc-updown-5m,0xd67a45320a48a42d69c96da25423a7556b70a6ce,1,,81,14,197,0.8526315789473684,20,12,25,3.24,0.006283453572259716
5m,300,btc-up-or-down-5m,btc-updown-5m,0xa75f077c6e2510b020967c6230bac2bf342300f0,0,,77,69,64,0.5273972602739726,20,19,196,0.39285714285714285,0.005973159568691335
5m,300,btc-up-or-down-5m,btc-updown-5m,0x813924286c5907a42eeb5579223727a7a2fbc4cf,0,,76,90,105,0.4578313253012048,20,8,140,0.5428571428571428,0.00589558606779924
5m,300,btc-up-or-down-5m,btc-updown-5m,0x6283ef925d1fd339663f4e4daa5abb926b906b7f,0,,65,43,57,0.6018518518518519,20,14,179,0.36312849162011174,0.0050422775579861915
5m,300,btc-up-or-down-5m,btc-updown-5m,0xb4364b0d6c518ef733efaa7ca301ef447b472728,0,,62,66,95,0.484375,20,6,45,1.3777777777777778,0.004809557055309906
5m,300,btc-up-or-down-5m,btc-updown-5m,0xce7e37a1b494ff72047f84f4e8a58d33202ca5c7,0,,61,68,52,0.4728682170542636,20,17,533,0.11444652908067542,0.004731983554417811
5m,300,btc-up-or-down-5m,btc-updown-5m,0x02bc55143ae169c7bfdf71e008e8988d1ee43fa7,0,,57,50,32,0.5327102803738317,20,24,1366,0.04172767203513909,0.00442168955084943
5m,300,btc-up-or-down-5m,btc-updown-5m,0xc5bc1af9f5d9fc6c45f688ff207c3022bcd100c4,0,,54,25,29,0.6835443037974683,20,9,212,0.25471698113207547,0.004188969048173144
5m,300,btc-up-or-down-5m,btc-updown-5m,0x32d21c404498db353bd2bc47b5a35e7256908850,0,,54,49,47,0.5242718446601942,20,5,216,0.25,0.004188969048173144
5m,300,btc-up-or-down-5m,btc-updown-5m,0x7de2e74029c5be724c615226a388e73cec1acd3f,0,,53,30,36,0.6385542168674698,20,37,832,0.06370192307692307,0.004111395547281049
5m,300,btc-up-or-down-5m,btc-updown-5m,0x4439656f31b42b35b86d989b243f95805a5aad47,0,,52,35,27,0.5977011494252874,20,7,136,0.38235294117647056,0.004033822046388954
5m,300,btc-up-or-down-5m,btc-updown-5m,0xf4d67676c25cfda5b8517aff22956d368d43d65f,0,,49,30,43,0.620253164556962,20,12,203,0.2413793103448276,0.0038011015437126676
5m,300,btc-up-or-down-5m,btc-updown-5m,0xa9f235c644ca1dc452db761256ad173ee410a591,0,,49,24,25,0.6712328767123288,20,20,303,0.1617161716171617,0.0038011015437126676
5m,300,btc-up-or-down-5m,btc-updown-5m,0x8176b6002c28504c38c18994817ffe178bb5709a,0,,46,75,77,0.38016528925619836,20,26,1185,0.038818565400843885,0.003568381041036382
5m,300,btc-up-or-down-5m,btc-updown-5m,0xb681aa216ff1c32661d601945bf91d7961a04045,0,,46,11,18,0.8070175438596491,20,12,813,0.056580565805658053,0.003568381041036382
5m,300,btc-up-or-down-5m,btc-updown-5m,0x4ab67763161a9b749399d2e02756dbbb16589cb1,0,,44,13,7,0.7719298245614035,20,8,183,0.24043715846994534,0.0034132340392521916
5m,300,btc-up-or-down-5m,btc-updown-5m,0xf455a69deccc1b7afc38cf3420f02b3b6ae29d55,0,,44,55,43,0.4444444444444444,20,21,1241,0.035455278001611606,0.0034132340392521916
5m,300,btc-up-or-down-5m,btc-updown-5m,0xab03f377164c3726d498e56f7a9398cd8eb74494,0,,43,25,38,0.6323529411764706,20,23,908,0.0473568281938326,0.0033356605383600964
5m,300,btc-up-or-down-5m,btc-updown-5m,0x37c705fb8b61cded0457a0808807c7ea4a596b4a,0,,41,44,37,0.4823529411764706,20,20,1645,0.02492401215805471,0.0031805135365759055
5m,300,btc-up-or-down-5m,btc-updown-5m,0x7e8bef2fc62b9d2d67175743863ba7e9dc03eca5,0,,40,12,6,0.7692307692307693,20,23,445,0.0898876404494382,0.0031029400356838103
5m,300,btc-up-or-down-5m,btc-updown-5m,0x6665e5af851f69a8807314d747bf625d5b2d65d4,0,,40,16,11,0.7142857142857143,20,16,1048,0.03816793893129771,0.0031029400356838103
5m,300,btc-up-or-down-5m,btc-updown-5m,0x1f1655893d087d79df1963b8f013a0e8f6383561,0,,40,26,2,0.6060606060606061,20,10,297,0.13468013468013468,0.0031029400356838103
5m,300,btc-up-or-down-5m,btc-updown-5m,0x682c6b7e3f596fa16ddd8587245e359645221a37,0,,38,20,8,0.6551724137931034,20,13,616,0.06168831168831169,0.00294779303389962
5m,300,btc-up-or-down-5m,btc-updown-5m,0xb4982f610a92a6ff7448fa27c70dccd3dc9e85b9,0,,37,25,17,0.5967741935483871,20,17,1096,0.03375912408759124,0.0028702195330075246
5m,300,btc-up-or-down-5m,btc-updown-5m,0xbaec2946c9855c7e14bd7119a4d0c36b434dd15b,0,,37,5,2,0.8809523809523809,20,7,313,0.1182108626198083,0.0028702195330075246
5m,300,btc-up-or-down-5m,btc-updown-5m,0x146b8fd2814ae3bf6fdc5b56fb1cc130a94ca47c,0,,37,25,30,0.5967741935483871,20,5,157,0.2356687898089172,0.0028702195330075246
5m,300,btc-up-or-down-5m,btc-updown-5m,0xa6e08c97f7397635e4b714dd7186f04a3efc3812,0,,35,11,22,0.7608695652173914,20,11,300,0.11666666666666667,0.002715072531223334
5m,300,btc-up-or-down-5m,btc-updown-5m,0xa279d3dd18746d778104dfa2e6ad45e543793b0b,0,,34,7,12,0.8292682926829268,20,11,407,0.08353808353808354,0.002637499030331239
5m,300,btc-up-or-down-5m,btc-updown-5m,0x701071f283897e4679c18f55aec068a6dc2a3776,0,,34,25,16,0.576271186440678,20,5,123,0.2764227642276423,0.002637499030331239
5m,300,btc-up-or-down-5m,btc-updown-5m,0x2b0949b7a81355c19f833c9019840fe741033408,0,,33,24,23,0.5789473684210527,20,9,121,0.2727272727272727,0.002559925529439144
5m,300,btc-up-or-down-5m,btc-updown-5m,0xef9ec8456bce10b53fe897d4bdad7fb8d3b5457c,0,,32,8,2,0.8,20,5,376,0.0851063829787234,0.002482352028547048
5m,300,btc-up-or-down-5m,btc-updown-5m,0x4d2e44bdcd787ed2b661ae9ea7a9d70712e40ed4,0,,31,30,20,0.5081967213114754,20,6,196,0.15816326530612246,0.002404778527654953
5m,300,btc-up-or-down-5m,btc-updown-5m,0xf47093edc124eab9b6f736b70ddf58fd643bb603,0,,31,5,4,0.8611111111111112,20,2,211,0.14691943127962084,0.002404778527654953
5m,300,btc-up-or-down-5m,btc-updown-5m,0x9e786328d79bf3e5acdd5ecea1648f7dd53c6d4f,0,,31,1,1,0.96875,20,1,18,1.7222222222222223,0.002404778527654953
5m,300,btc-up-or-down-5m,btc-updown-5m,0xee72bd4a30df02908248f7450be65aeb165fd78c,0,,30,36,13,0.45454545454545453,20,17,716,0.04189944134078212,0.0023272050267628577
5m,300,btc-up-or-down-5m,btc-updown-5m,0x8447687774e013dea2df5c8cc7e848cbb1ee64ff,0,,30,3,4,0.9090909090909091,20,8,526,0.057034220532319393,0.0023272050267628577
5m,300,btc-up-or-down-5m,btc-updown-5m,0x69ac49305285965d5cb70b5f8cca656582e30d2c,0,,30,3,1,0.9090909090909091,20,8,277,0.10830324909747292,0.0023272050267628577
5m,300,btc-up-or-down-5m,btc-updown-5m,0xf5af2d664ed321304f9a59dda0034f9e0b138b4b,0,,27,3,14,0.9,20,6,160,0.16875,0.002094484524086572
5m,300,btc-up-or-down-5m,btc-updown-5m,0xeb8c37e6357dd5b19240d821be642d5371462cfa,0,,26,12,16,0.6842105263157895,20,10,234,0.1111111111111111,0.002016911023194477
5m,300,btc-up-or-down-5m,btc-updown-5m,0x1075b3962412fff14193fe0819a5cb288e9c19c1,0,,25,9,28,0.7352941176470589,20,11,214,0.11682242990654206,0.0019393375223023814
5m,300,btc-up-or-down-5m,btc-updown-5m,0xe45f856e1b48894560f511924dd2389fd5590e44,0,,24,20,22,0.5454545454545454,20,13,370,0.06486486486486487,0.0018617640214102862
5m,300,btc-up-or-down-5m,btc-updown-5m,0x284925224a61809c0859668f6242fc79ba9d63f8,0,,24,9,12,0.7272727272727273,20,7,404,0.0594059405940594,0.0018617640214102862
5m,300,btc-up-or-down-5m,btc-updown-5m,0xf60c41a6e19fce2b238d7eb5388ade72bd2aa20f,0,,24,1,0,0.96,20,1,17,1.411764705882353,0.0018617640214102862
5m,300,btc-up-or-down-5m,btc-updown-5m,0x45486bb8d37eecd3d2d0e2e683cc6e54c89a4931,0,,23,3,18,0.8846153846153846,20,5,100,0.23,0.001784190520518191
5m,300,btc-up-or-down-5m,btc-updown-5m,0x76b3c6c61d2e638033441340a8ab31d8f9eb2baa,0,,21,0,6,1.0,20,1,2,10.5,0.0016290435187340006
5m,300,btc-up-or-down-5m,btc-updown-5m,0xbc28c8a9dafe76667eaa3acf368a8cfa4a5a9e4e,0,,20,7,0,0.7407407407407407,20,2,239,0.08368200836820083,0.0015514700178419051
5m,300,btc-up-or-down-5m,btc-updown-5m,0x59429f739ab0294ce91225f63e4b8c9b77b990f3,0,,20,12,3,0.625,20,4,128,0.15625,0.0015514700178419051
5m,300,btc-up-or-down-5m,btc-updown-5m,0x50e549c7e9d31e7fc3997d833bb1ff631850a3a5,0,,20,1,0,0.9523809523809523,20,2,81,0.24691358024691357,0.0015514700178419051
5m,300,btc-up-or-down-5m,btc-updown-5m,0x77fb18f4af4e21b5a2b61c5d895cf7c2d004b0f5,0,,20,0,1,1.0,20,2,78,0.2564102564102564,0.0015514700178419051
5m,300,btc-up-or-down-5m,btc-updown-5m,0x1d99336f5c7dabec1b890cb2237f9b4aa139b04c,0,,158,120,69,0.5683453237410072,19,119,4057,0.03894503327581957,0.01225661314095105
5m,300,btc-up-or-down-5m,btc-updown-5m,0x6cebcd931968d78ee580c367c4a6e945ed99757d,0,,134,108,105,0.5537190082644629,19,18,335,0.4,0.010394849119540766
5m,300,btc-up-or-down-5m,btc-updown-5m,0x876ed1e66a73b7b5ab7424d88a2930df0233fb77,0,,134,115,76,0.5381526104417671,19,18,377,0.35543766578249336,0.010394849119540766
5m,300,btc-up-or-down-5m,btc-updown-5m,0x32fcbb19a892e77e72f32342336966819a690578,0,,118,123,118,0.4896265560165975,19,13,125,0.944,0.00915367310526724
5m,300,btc-up-or-down-5m,btc-updown-5m,0x31a4fdd9d0a4e5bf9a287a73d4093892c634b9ac,0,,117,103,78,0.5318181818181819,19,19,356,0.32865168539325845,0.009076099604375146
5m,300,btc-up-or-down-5m,btc-updown-5m,0x5a4b16e0f6c15e1a385e5ee0df588871d514fccc,0,,116,109,96,0.5155555555555555,19,17,356,0.3258426966292135,0.00899852610348305
5m,300,btc-up-or-down-5m,btc-updown-5m,0xbd30ac81b3e79de713a0e1b1acb1635381fcfb4a,0,,116,109,68,0.5155555555555555,19,17,360,0.32222222222222224,0.00899852610348305
5m,300,btc-up-or-down-5m,btc-updown-5m,0x81fdfc9dfa0b56e4668ed60770d9d0f996c3dd2b,0,,115,48,62,0.7055214723926381,19,28,349,0.32951289398280803,0.008920952602590956
5m,300,btc-up-or-down-5m,btc-updown-5m,0x0a84efb94d21e2b469af71b94b6a3e831450fd2a,0,,113,99,89,0.5330188679245284,19,18,354,0.3192090395480226,0.008765805600806765
5m,300,btc-up-or-down-5m,btc-updown-5m,0x172b6b47cccc681c12246db1ec09f64a83dfa4c4,0,,107,92,103,0.5376884422110553,19,18,357,0.29971988795518206,0.008300364595454192
5m,300,btc-up-or-down-5m,btc-updown-5m,0xe3d9f945af981a28b68990caea771ff42da45e1d,0,,105,80,108,0.5675675675675675,19,16,341,0.30791788856304986,0.008145217593670002
5m,300,btc-up-or-down-5m,btc-updown-5m,0x6dab26eb9853b8bc7b9d91f622617fbd19a7e5c0,0,,102,109,68,0.4834123222748815,19,2,33,3.090909090909091,0.007912497090993717
5m,300,btc-up-or-down-5m,btc-updown-5m,0x12ba7389ec59a4f2004d0d5579041ec5d8f9087c,0,,93,75,196,0.5535714285714286,19,5,44,2.1136363636363638,0.007214335582964859
5m,300,btc-up-or-down-5m,btc-updown-5m,0xef5a532edb70a87e349d9c0a4e08df142bdc8483,0,,91,32,61,0.7398373983739838,19,13,66,1.378787878787879,0.007059188581180669
5m,300,btc-up-or-down-5m,btc-updown-5m,0x3309eb820858ed114cfba483a7943fb0757b8f25,0,,85,82,58,0.5089820359281437,19,58,3438,0.02472367655613729,0.0065937475758280975
5m,300,btc-up-or-down-5m,btc-updown-5m,0x7ae5345ae8d29096d76f17b1228bb1fd99fd5e41,0,,83,39,63,0.680327868852459,19,13,155,0.535483870967742,0.006438600574043906
5m,300,btc-up-or-down-5m,btc-updown-5m,0x13289e4d4538c0e7c282c451bd5ede8e27aef16d,0,,80,43,45,0.6504065040650406,19,15,142,0.5633802816901409,0.006205880071367621
5m,300,btc-up-or-down-5m,btc-updown-5m,0xc16b538f4274467c8c5c90c4e93b79c995c4a93d,0,,78,86,84,0.47560975609756095,19,25,2561,0.030456852791878174,0.00605073306958343
5m,300,btc-up-or-down-5m,btc-updown-5m,0x753fb7d22fb95dd7431d40013693e495b49184c4,0,,69,237,148,0.22549019607843138,19,9,135,0.5111111111111111,0.005352571561554573
5m,300,btc-up-or-down-5m,btc-updown-5m,0x2e1835e1e373dff779809444fbc237c0b915a353,0,,68,38,47,0.6415094339622641,19,45,459,0.14814814814814814,0.005274998060662478
5m,300,btc-up-or-down-5m,btc-updown-5m,0x315ab1b206d429aa15e611a5eef70ff69817222e,0,,62,41,51,0.6019417475728155,19,11,518,0.11969111969111969,0.004809557055309906
5m,300,btc-up-or-down-5m,btc-updown-5m,0x92d7fb851b8491994c4e50618db51e1afcbc2c5a,0,,60,19,26,0.759493670886076,19,31,559,0.1073345259391771,0.004654410053525715
5m,300,btc-up-or-down-5m,btc-updown-5m,0x47d71bfaf109beb07f5cc840fb4f083a79a69935,0,,59,36,64,0.6210526315789474,19,16,775,0.07612903225806451,0.00457683655263362
5m,300,btc-up-or-down-5m,btc-updown-5m,0xe64e168af4cb35cc57796073a3663be1a474962c,0,,52,10,13,0.8387096774193549,19,28,203,0.2561576354679803,0.004033822046388954
5m,300,btc-up-or-down-5m,btc-updown-5m,0x91843311c15fa1c6fa58ca2b3e71787fd0339f9f,0,,50,32,11,0.6097560975609756,19,25,419,0.11933174224343675,0.003878675044604763
5m,300,btc-up-or-down-5m,btc-updown-5m,0x6a216f2b1525493d9c470e2f06f963fb0924f4d7,0,,48,28,27,0.631578947368421,19,5,157,0.3057324840764331,0.0037235280428205724
5m,300,btc-up-or-down-5m,btc-updown-5m,0xc2e010544c47ed9cc1b56afb78f3858114be129b,0,,46,4,25,0.92,19,24,331,0.13897280966767372,0.003568381041036382
5m,300,btc-up-or-down-5m,btc-updown-5m,0x18803d2aeb7f7dcdd53475b6154851b7fd37eebc,0,,46,5,7,0.9019607843137255,19,12,279,0.16487455197132617,0.003568381041036382
5m,300,btc-up-or-down-5m,btc-updown-5m,0x84cfe00c4886c9e9d90b70afc08d3b7762efdf0a,0,,46,3,36,0.9387755102040817,19,7,76,0.6052631578947368,0.003568381041036382
5m,300,btc-up-or-down-5m,btc-updown-5m,0xe0507bbe93606f368a645394d604b065a7d9d7a9,0,,45,47,48,0.4891304347826087,19,20,659,0.06828528072837632,0.003490807540144287
5m,300,btc-up-or-down-5m,btc-updown-5m,0x34f43b26a3fea5c1a99580513abff94be16d29bd,0,,44,34,34,0.5641025641025641,19,36,1068,0.04119850187265917,0.0034132340392521916
5m,300,btc-up-or-down-5m,btc-updown-5m,0x35a219d61e3b5900be818d53bd71eee758f7bf60,0,,44,14,59,0.7586206896551724,19,29,562,0.07829181494661921,0.0034132340392521916
5m,300,btc-up-or-down-5m,btc-updown-5m,0xa0072252e73bafce082c940ab9fb5e242fda9b9d,0,,43,19,15,0.6935483870967742,19,30,1525,0.02819672131147541,0.0033356605383600964
5m,300,btc-up-or-down-5m,btc-updown-5m,0x4dab9e8cc5b2bb970de6243e501a0611d7886d0e,0,,43,63,79,0.4056603773584906,19,25,342,0.12573099415204678,0.0033356605383600964
5m,300,btc-up-or-down-5m,btc-updown-5m,0x07eb2613e8d93bf57e3f8a24664e824ba97e8906,0,,42,57,39,0.42424242424242425,19,13,566,0.07420494699646643,0.003258087037468001
5m,300,btc-up-or-down-5m,btc-updown-5m,0x84b8d84a9e595c0f5362b0faa88c02358786e966,0,,42,13,39,0.7636363636363637,19,7,261,0.16091954022988506,0.003258087037468001
5m,300,btc-up-or-down-5m,btc-updown-5m,0x98c435b0babae81a677d2c8c5d692ef9b6c85b19,0,,41,51,41,0.44565217391304346,19,17,1783,0.022994952327537857,0.0031805135365759055
5m,300,btc-up-or-down-5m,btc-updown-5m,0x947fdb883f2ccbde77c63e4c1aba8a99ecb5f249,0,,38,26,22,0.59375,19,15,871,0.04362801377726751,0.00294779303389962
5m,300,btc-up-or-down-5m,btc-updown-5m,0x0fbf068e861a9063b4912a2f8281ec2be7208b8a,0,,36,22,33,0.6206896551724138,19,15,636,0.05660377358490566,0.0027926460321154294
5m,300,btc-up-or-down-5m,btc-updown-5m,0xc16fee73dc550eae66c1efe3021f0edcc34d3930,0,,36,6,9,0.8571428571428571,19,14,321,0.11214953271028037,0.0027926460321154294
5m,300,btc-up-or-down-5m,btc-updown-5m,0x01d817962f115ceb2f1ad885fd5946e606efb071,1,,36,48,52,0.42857142857142855,19,1,5,7.2,0.0027926460321154294
5m,300,btc-up-or-down-5m,btc-updown-5m,0x4e77a9a6f81d5e5f1a481c6f9f26d7b3c938d32e,0,,35,53,34,0.3977272727272727,19,8,326,0.10736196319018405,0.002715072531223334
5m,300,btc-up-or-down-5m,btc-updown-5m,0x7a7e8f1b64e01c71deaf958f32ed3d4330d54457,0,,35,18,67,0.660377358490566,19,3,108,0.32407407407407407,0.002715072531223334
5m,300,btc-up-or-down-5m,btc-updown-5m,0xf0a8c7ad68b652e4168fead2dc812df7a4fce346,0,,34,16,12,0.68,19,23,857,0.039673278879813305,0.002637499030331239
5m,300,btc-up-or-down-5m,btc-updown-5m,0x2351811106189e62e43522082935a4169368931a,0,,34,33,43,0.5074626865671642,19,22,353,0.09631728045325778,0.002637499030331239
5m,300,btc-up-or-down-5m,btc-updown-5m,0x2b7b2173a5f89300e93625805871565ed82e8539,0,,34,13,34,0.723404255319149,19,10,174,0.19540229885057472,0.002637499030331239
5m,300,btc-up-or-down-5m,btc-updown-5m,0xe60856e4ccbbd4c7202c1fbeae77316f2b3f4254,0,,33,7,8,0.825,19,9,180,0.18333333333333332,0.002559925529439144
5m,300,btc-up-or-down-5m,btc-updown-5m,0x3c58d332707938908f9a2b16327d545608fed31a,0,,33,15,45,0.6875,19,10,194,0.17010309278350516,0.002559925529439144
5m,300,btc-up-or-down-5m,btc-updown-5m,0x70412cbf28288d47ece30002be45efff5d2d5c73,0,,32,60,37,0.34782608695652173,19,19,1522,0.02102496714848883,0.002482352028547048
5m,300,btc-up-or-down-5m,btc-updown-5m,0xac90f9a6c317693d3b789ddca2df9419b2f889a9,0,,32,15,16,0.6808510638297872,19,15,624,0.05128205128205128,0.002482352028547048
5m,300,btc-up-or-down-5m,btc-updown-5m,0x5e5650a5954e88ef43b9746be538ca9a8969338d,0,,32,2,16,0.9411764705882353,19,5,183,0.17486338797814208,0.002482352028547048
5m,300,btc-up-or-down-5m,btc-updown-5m,0x0490ac47104c6c46a59a760c9cb9b5851135cec7,0,,32,27,40,0.5423728813559322,19,24,704,0.045454545454545456,0.002482352028547048
5m,300,btc-up-or-down-5m,btc-updown-5m,0x4d9f1c3cfa2ad0ede0f1e2137bdce40a6c5bfc6e,0,,31,12,4,0.7209302325581395,19,12,610,0.05081967213114754,0.002404778527654953
5m,300,btc-up-or-down-5m,btc-updown-5m,0x05bfa07ccc67c45c7e7f2efa3f7643fcad7b5fa8,0,,31,18,41,0.6326530612244898,19,9,97,0.31958762886597936,0.002404778527654953
5m,300,btc-up-or-down-5m,btc-updown-5m,0x95fa4cc0be88b13a60529a651d82f940f38466b3,0,,30,28,25,0.5172413793103449,19,14,991,0.030272452068617558,0.0023272050267628577
5m,300,btc-up-or-down-5m,btc-updown-5m,0x19eb5fc53c303d8abcf1c7940939ced77b08df74,0,,30,7,41,0.8108108108108109,19,12,268,0.11194029850746269,0.0023272050267628577
5m,300,btc-up-or-down-5m,btc-updown-5m,0xd0e00397f754f14636fa95b1ae88c0957ca33860,0,,30,21,12,0.5882352941176471,19,6,213,0.14084507042253522,0.0023272050267628577
5m,300,btc-up-or-down-5m,btc-updown-5m,0x6e4fa688ec8e44a31daf01bd334cd13cda1cbb20,0,,30,3,10,0.9090909090909091,19,10,286,0.1048951048951049,0.0023272050267628577
5m,300,btc-up-or-down-5m,btc-updown-5m,0xaf40b03011e1393dcdfea39f018ee44b6aab9c3c,0,,29,18,14,0.6170212765957447,19,5,25,1.16,0.0022496315258707625
5m,300,btc-up-or-down-5m,btc-updown-5m,0x9608fd48e1150bf674439acce2ac1cfe21a6ca1e,0,,28,10,8,0.7368421052631579,19,15,332,0.08433734939759036,0.0021720580249786673
5m,300,btc-up-or-down-5m,btc-updown-5m,0xa87d263e4959e4ec2886b75128f3e72f0b4fe49f,0,,28,13,7,0.6829268292682927,19,12,222,0.12612612612612611,0.0021720580249786673
5m,300,btc-up-or-down-5m,btc-updown-5m,0x295bd19a815180f42a04964929b9a77c328adc60,0,,27,12,23,0.6923076923076923,19,12,170,0.1588235294117647,0.002094484524086572
5m,300,btc-up-or-down-5m,btc-updown-5m,0xe5cc081836b541cdb8b6d495b77ca69e06f6cae7,0,,26,26,15,0.5,19,13,654,0.039755351681957186,0.002016911023194477
5m,300,btc-up-or-down-5m,btc-updown-5m,0x9ee0bfa1ea6e81beaf301ff9c5fb0fe76c291006,0,,26,11,3,0.7027027027027027,19,9,260,0.1,0.002016911023194477
5m,300,btc-up-or-down-5m,btc-updown-5m,0x93e982bf777228e1c443dbc98e62f7c40b99b15e,0,,26,21,27,0.5531914893617021,19,11,252,0.10317460317460317,0.002016911023194477
5m,300,btc-up-or-down-5m,btc-updown-5m,0xda2929386fcfd8b21d024513d3d0ead03680afdb,0,,26,6,3,0.8125,19,8,263,0.09885931558935361,0.002016911023194477
5m,300,btc-up-or-down-5m,btc-updown-5m,0xa741c9675cb30fcee10edcc57baf207233db1dd7,0,,23,7,1,0.7666666666666667,19,4,74,0.3108108108108108,0.001784190520518191
5m,300,btc-up-or-down-5m,btc-updown-5m,0x5ffbb7d2dad5b07accdc5ebfa781e5b3816a51bf,0,,21,18,12,0.5384615384615384,19,3,182,0.11538461538461539,0.0016290435187340006
5m,300,btc-up-or-down-5m,btc-updown-5m,0x4020dea00e3246ab6079dc773dc2852f41fa4857,0,,21,19,19,0.525,19,15,672,0.03125,0.0016290435187340006
5m,300,btc-up-or-down-5m,btc-updown-5m,0xd676b54ca826105a3520bebecf50b652289d1384,0,,21,10,11,0.6774193548387096,19,3,345,0.06086956521739131,0.0016290435187340006
5m,300,btc-up-or-down-5m,btc-updown-5m,0xe703eb9c0cb761ccf5e48782f3250b0f754421d2,0,,21,7,1,0.75,19,7,456,0.046052631578947366,0.0016290435187340006
5m,300,btc-up-or-down-5m,btc-updown-5m,0xb18a95438d49d4ce54e95e45d2fb7e55ddf718a8,0,,21,2,0,0.9130434782608695,19,1,82,0.25609756097560976,0.0016290435187340006
5m,300,btc-up-or-down-5m,btc-updown-5m,0x538fb84479863a712d46813304519551f5d628ba,0,,21,0,2,1.0,19,2,21,1.0,0.0016290435187340006
5m,300,btc-up-or-down-5m,btc-updown-5m,0x354380c19a96172075833c9d0996d8d6c983c63f,0,,19,3,0,0.8636363636363636,19,1,213,0.0892018779342723,0.00147389651694981
5m,300,btc-up-or-down-5m,btc-updown-5m,0x29c0289679f958e135567b97d56f56fb4a14f454,0,,19,1,1,0.95,19,2,117,0.1623931623931624,0.00147389651694981
5m,300,btc-up-or-down-5m,btc-updown-5m,0xf39de4cc5eaa089feb12e14059eab92f0ac0c817,0,,19,1,2,0.95,19,2,104,0.18269230769230768,0.00147389651694981
5m,300,btc-up-or-down-5m,btc-updown-5m,0xff1b222855ac90cb9f1eae323088f6f4d26ff662,0,,19,27,17,0.41304347826086957,19,3,110,0.17272727272727273,0.00147389651694981
5m,300,btc-up-or-down-5m,btc-updown-5m,0xe601ea069239db0b742a2c5cd26cc1b4ef5b8af9,0,,19,13,2,0.59375,19,1,22,0.8636363636363636,0.00147389651694981
5m,300,btc-up-or-down-5m,btc-updown-5m,0xc6474ca778dde50b2f2d8074b8ea914a54b75e87,0,,19,0,0,1.0,19,2,121,0.15702479338842976,0.00147389651694981
5m,300,btc-up-or-down-5m,btc-updown-5m,0x8a8ca137efbfcd10eaf6944ac3c4488916dfd78b,0,,19,0,0,1.0,19,2,54,0.35185185185185186,0.00147389651694981
5m,300,btc-up-or-down-5m,btc-updown-5m,0x2c7a092c71d957b662da6fc6f5166956861e44b9,0,,19,0,0,1.0,19,1,14,1.3571428571428572,0.00147389651694981
5m,300,btc-up-or-down-5m,btc-updown-5m,0x6fc8a54e77b006290d7a3426a92c6e5e72b5fd47,0,,135,87,73,0.6081081081081081,18,19,355,0.38028169014084506,0.01047242262043286
5m,300,btc-up-or-down-5m,btc-updown-5m,0x5e89a8f3cb7f6d8fea7f1e98aa41f1bdee57dd8e,0,,134,94,77,0.5877192982456141,18,16,359,0.3732590529247911,0.010394849119540766
5m,300,btc-up-or-down-5m,btc-updown-5m,0x1e20cdb78b9dd0b52ea6ad8af24afa25fb4b66f5,0,,132,117,82,0.5301204819277109,18,17,358,0.3687150837988827,0.010239702117756575
5m,300,btc-up-or-down-5m,btc-updown-5m,0x790c5f16037071c01e475ffdcdeb503120235e13,0,,130,98,75,0.5701754385964912,18,19,359,0.362116991643454,0.010084555115972383
5m,300,btc-up-or-down-5m,btc-updown-5m,0xea91e11a1528683fab04fbb015c176db06a60b91,0,,130,115,73,0.5306122448979592,18,18,356,0.3651685393258427,0.010084555115972383
5m,300,btc-up-or-down-5m,btc-updown-5m,0x17e3909258e74251899dbc8ebae5675e78551dd9,0,,130,89,64,0.593607305936073,18,18,344,0.37790697674418605,0.010084555115972383
5m,300,btc-up-or-down-5m,btc-updown-5m,0xd0baaf0506898c98b14b675f2ff272e9621fe5a9,0,,129,108,79,0.5443037974683544,18,15,358,0.36033519553072624,0.010006981615080289
5m,300,btc-up-or-down-5m,btc-updown-5m,0xa6e2fbf43e456c88446dd697f33af4dd5f6985a3,0,,128,92,68,0.5818181818181818,18,17,353,0.3626062322946176,0.009929408114188193
5m,300,btc-up-or-down-5m,btc-updown-5m,0x508b7d11a2de1e31ac1b65ceaef3540986fe6dc2,0,,128,91,68,0.5844748858447488,18,18,346,0.3699421965317919,0.009929408114188193
5m,300,btc-up-or-down-5m,btc-updown-5m,0xeaf44610df976ef3ecd15de4059839767cd6a519,0,,127,108,76,0.5404255319148936,18,18,350,0.3628571428571429,0.009851834613296098
5m,300,btc-up-or-down-5m,btc-updown-5m,0xc3aae32a111072a9a8901159d464fc8ee84a62b8,0,,126,94,98,0.5727272727272728,18,18,368,0.3423913043478261,0.009774261112404002
5m,300,btc-up-or-down-5m,btc-updown-5m,0x42179f56f96786cb24ecedfe8a46a58be797f6e2,0,,122,89,75,0.5781990521327014,18,17,352,0.3465909090909091,0.009463967108835621
5m,300,btc-up-or-down-5m,btc-updown-5m,0x1144d8872751425e6a6fcdc319e4f61979d83751,0,,122,106,76,0.5350877192982456,18,18,350,0.3485714285714286,0.009463967108835621
5m,300,btc-up-or-down-5m,btc-updown-5m,0xfda5a05154f1d41b2889ffb8398d5c1c1149f19c,0,,120,122,85,0.49586776859504134,18,20,358,0.33519553072625696,0.00930882010705143
5m,300,btc-up-or-down-5m,btc-updown-5m,0x14918ad6d4166c837018b5c7cc88eb58195ccf08,0,,118,103,71,0.5339366515837104,18,16,337,0.35014836795252224,0.00915367310526724
5m,300,btc-up-or-down-5m,btc-updown-5m,0x96e5a2dbe564fd34c3c7b04c42c3c8588ce7d4ec,0,,118,102,69,0.5363636363636364,18,16,355,0.3323943661971831,0.00915367310526724
5m,300,btc-up-or-down-5m,btc-updown-5m,0xadd34b122aa8220cd20176b6518bdb557c15c175,0,,118,107,81,0.5244444444444445,18,17,358,0.329608938547486,0.00915367310526724
5m,300,btc-up-or-down-5m,btc-updown-5m,0xc1978537801c1722aa4a7aa33f1cc594b8594f42,0,,115,94,87,0.5502392344497608,18,17,338,0.34023668639053256,0.008920952602590956
5m,300,btc-up-or-down-5m,btc-updown-5m,0xb4e7f2be314cddbd12d6e136164375057fba2c82,0,,114,93,91,0.5507246376811594,18,13,257,0.44357976653696496,0.00884337910169886
5m,300,btc-up-or-down-5m,btc-updown-5m,0x2f96b1f83fdef09fc247cff24600a8224c67d1b2,0,,112,130,161,0.4628099173553719,18,14,217,0.5161290322580645,0.00868823209991467
5m,300,btc-up-or-down-5m,btc-updown-5m,0x381986589f2c6be29ea1b7f82beb53272aaa8662,0,,110,102,78,0.5188679245283019,18,15,347,0.3170028818443804,0.008533085098130479
5m,300,btc-up-or-down-5m,btc-updown-5m,0x27739618b9a7b2eabe83745a6005c94e1c393479,0,,109,99,80,0.5240384615384616,18,17,351,0.31054131054131057,0.008455511597238383
5m,300,btc-up-or-down-5m,btc-updown-5m,0x22c993352963f488400eac368f0c0e1374791ba6,0,,108,101,81,0.5167464114832536,18,16,362,0.2983425414364641,0.008377938096346288
5m,300,btc-up-or-down-5m,btc-updown-5m,0x230d8ae0cf7d54a8aa858a103d210c880211c39b,0,,107,84,137,0.5602094240837696,18,16,229,0.4672489082969432,0.008300364595454192
5m,300,btc-up-or-down-5m,btc-updown-5m,0x5737f06ee8510c37606f273dbc713275554efd74,0,,104,97,75,0.5174129353233831,18,17,368,0.2826086956521739,0.008067644092777907
5m,300,btc-up-or-down-5m,btc-updown-5m,0x552754a8b0ebd4f4ebeed4b2c6bd4a239a6d27f5,0,,99,120,85,0.4520547945205479,18,15,344,0.2877906976744186,0.0076797765883174305
5m,300,btc-up-or-down-5m,btc-updown-5m,0xeb76605cfdf6368326e98bca177399dd620a2b22,0,,92,94,78,0.4946236559139785,18,16,351,0.2621082621082621,0.007136762082072764
5m,300,btc-up-or-down-5m,btc-updown-5m,0x9a1d392572d0e6bfefbf9302101b9e44c8ee86d6,0,,87,125,78,0.41037735849056606,18,27,1162,0.07487091222030981,0.006748894577612288
5m,300,btc-up-or-down-5m,btc-updown-5m,0x2c692786f409df9e44bec5cf50663667aced6ad0,0,,78,77,85,0.5032258064516129,18,35,2085,0.03741007194244604,0.00605073306958343
5m,300,btc-up-or-down-5m,btc-updown-5m,0x08134adc9fa05af314416e3322ee93a67f755b41,0,,67,60,68,0.5275590551181102,18,2,76,0.881578947368421,0.005197424559770383
5m,300,btc-up-or-down-5m,btc-updown-5m,0x20e2af3fe73567627346466081ec71fd68eeff4c,0,,60,91,60,0.3973509933774834,18,40,2524,0.02377179080824089,0.004654410053525715
5m,300,btc-up-or-down-5m,btc-updown-5m,0xf0876cc79a8638672ba163b1cd9c4807055209de,0,,60,52,98,0.5357142857142857,18,11,40,1.5,0.004654410053525715
5m,300,btc-up-or-down-5m,btc-updown-5m,0x1e4b57f70ea89f197b96eb899409335c5eaa0a04,0,,58,35,23,0.6236559139784946,18,10,539,0.10760667903525047,0.004499263051741525
5m,300,btc-up-or-down-5m,btc-updown-5m,0x0b1bc25849c106c74a8b67dec077f9a09279a70b,0,,57,55,42,0.5089285714285714,18,20,1507,0.0378234903782349,0.00442168955084943
5m,300,btc-up-or-down-5m,btc-updown-5m,0x5e89e1a66908bc087cecdc7a0aa36b3c9647ce14,0,,49,11,23,0.8166666666666667,18,16,218,0.22477064220183487,0.0038011015437126676
5m,300,btc-up-or-down-5m,btc-updown-5m,0x6e30623a1d6273f2cad3780be28f61083b12157f,0,,49,44,35,0.5268817204301075,18,20,3454,0.014186450492182976,0.0038011015437126676
5m,300,btc-up-or-down-5m,btc-updown-5m,0xb476bff32237c035bea976d2c1fb7fdcccd8ddc2,0,,46,185,59,0.19913419913419914,18,11,222,0.2072072072072072,0.003568381041036382
5m,300,btc-up-or-down-5m,btc-updown-5m,0xa253d75c2dfb2c6650291d5e8d54076d2fb40181,0,,42,92,52,0.31343283582089554,18,4,44,0.9545454545454546,0.003258087037468001
5m,300,btc-up-or-down-5m,btc-updown-5m,0xc0176130731377d7d601304271f5a713384a7242,0,,42,36,28,0.5384615384615384,18,28,1114,0.03770197486535009,0.003258087037468001
5m,300,btc-up-or-down-5m,btc-updown-5m,0x887cde0334df2c7a6c79a2a5070fa1d56c6d1b30,0,,42,16,24,0.7241379310344828,18,13,355,0.11830985915492957,0.003258087037468001
5m,300,btc-up-or-down-5m,btc-updown-5m,0x63c065650356aa42f63eb60f7ef4cfce82de08b5,0,,41,21,30,0.6612903225806451,18,15,540,0.07592592592592592,0.0031805135365759055
5m,300,btc-up-or-down-5m,btc-updown-5m,0x445101df72127fb59d4f9072b510da80cd2fe540,0,,41,15,31,0.7321428571428571,18,14,126,0.3253968253968254,0.0031805135365759055
5m,300,btc-up-or-down-5m,btc-updown-5m,0xeffb92b2f9020658489434073709acb813ee6bc2,0,,40,17,9,0.7017543859649122,18,19,602,0.0664451827242525,0.0031029400356838103
5m,300,btc-up-or-down-5m,btc-updown-5m,0x9318cefd87f20869e067db1a33066ce6671591bb,0,,39,0,0,1.0,18,4,63,0.6190476190476191,0.003025366534791715
5m,300,btc-up-or-down-5m,btc-updown-5m,0x4f9aa20fdbdf84f9344e938b297e80c379616b21,0,,38,10,15,0.7916666666666666,18,24,953,0.03987408184679958,0.00294779303389962
5m,300,btc-up-or-down-5m,btc-updown-5m,0xb998d1538b5793fb26f465f3ab03c444c1918d3e,0,,38,31,11,0.5507246376811594,18,27,942,0.040339702760084924,0.00294779303389962
5m,300,btc-up-or-down-5m,btc-updown-5m,0xb289e9f1aec9cf77a2abfaf33ac2375b97c207be,0,,37,31,24,0.5441176470588235,18,6,170,0.21764705882352942,0.0028702195330075246
5m,300,btc-up-or-down-5m,btc-updown-5m,0xa9abae0a663c44db7d00628e5726dd5cacebf325,0,,37,16,25,0.6981132075471698,18,5,177,0.20903954802259886,0.0028702195330075246
5m,300,btc-up-or-down-5m,btc-updown-5m,0x012fd76cf6604014f03cc794df8d567f8baf6d43,0,,36,74,36,0.32727272727272727,18,7,306,0.11764705882352941,0.0027926460321154294
5m,300,btc-up-or-down-5m,btc-updown-5m,0x5fa4ef0e190b97f24f9721c7f1e03218acc6a491,0,,35,12,13,0.7446808510638298,18,18,322,0.10869565217391304,0.002715072531223334
5m,300,btc-up-or-down-5m,btc-updown-5m,0xac6df77395095fd6a6f16e836ad845dd8cb0919a,0,,35,9,19,0.7954545454545454,18,11,243,0.1440329218106996,0.002715072531223334
5m,300,btc-up-or-down-5m,btc-updown-5m,0x0298394429afb697121db357282d7962f9b09ed5,0,,35,15,26,0.7,18,13,428,0.08177570093457943,0.002715072531223334
5m,300,btc-up-or-down-5m,btc-updown-5m,0xeff1a802da3ba500e051686ce10c354e7338a25c,0,,35,13,42,0.7291666666666666,18,20,656,0.053353658536585365,0.002715072531223334
5m,300,btc-up-or-down-5m,btc-updown-5m,0xd6ceb95aaa78e421fec0ac86c1ce62900b5413c4,0,,34,10,3,0.7727272727272727,18,7,117,0.2905982905982906,0.002637499030331239
5m,300,btc-up-or-down-5m,btc-updown-5m,0x697330e0e34cdf3af544129107c79558e225fded,0,,33,22,24,0.6,18,21,1230,0.026829268292682926,0.002559925529439144
5m,300,btc-up-or-down-5m,btc-updown-5m,0x21e6a2af5409ebebb93a7061946f751f537f2bd9,0,,32,54,58,0.37209302325581395,18,8,200,0.16,0.002482352028547048
5m,300,btc-up-or-down-5m,btc-updown-5m,0xa00e7bbd76f3600444b433b05b2e75a0323a9606,0,,32,11,19,0.7441860465116279,18,22,500,0.064,0.002482352028547048
5m,300,btc-up-or-down-5m,btc-updown-5m,0xc1460f1f9ecb1aef14bf57903f3c49df5dfcb151,0,,32,3,1,0.9142857142857143,18,4,424,0.07547169811320754,0.002482352028547048
5m,300,btc-up-or-down-5m,btc-updown-5m,0x97ba88f40b6c63e872ffaa20429ab72634c76783,0,,32,7,18,0.8205128205128205,18,7,232,0.13793103448275862,0.002482352028547048
5m,300,btc-up-or-down-5m,btc-updown-5m,0x4730058ffe9641962172cd43cd849c174f2e382f,0,,32,0,0,1.0,18,1,106,0.3018867924528302,0.002482352028547048
5m,300,btc-up-or-down-5m,btc-updown-5m,0xd85eba7baab5229b78182decb78f360a6f636f11,0,,30,26,27,0.5357142857142857,18,15,503,0.05964214711729622,0.0023272050267628577
5m,300,btc-up-or-down-5m,btc-updown-5m,0x5754514401e271c5ca28e13378dbc69641a2cefb,0,,30,74,56,0.28846153846153844,18,17,277,0.10830324909747292,0.0023272050267628577
5m,300,btc-up-or-down-5m,btc-updown-5m,0x90d420b108448e5472b39131b701a3eb2d6ec7c8,0,,30,43,39,0.410958904109589,18,14,642,0.04672897196261682,0.0023272050267628577
5m,300,btc-up-or-down-5m,btc-updown-5m,0xd1edb9f5effe88ce45cb8afdc67e7cf00961af81,0,,30,12,10,0.7142857142857143,18,20,535,0.056074766355140186,0.0023272050267628577
5m,300,btc-up-or-down-5m,btc-updown-5m,0xb3f759c65bfda18407c3cf68565340ebcea3e599,0,,30,13,24,0.6976744186046512,18,5,180,0.16666666666666666,0.0023272050267628577
5m,300,btc-up-or-down-5m,btc-updown-5m,0x1425c4ae88390805ff8a687c3402e87b7b51d3e7,0,,29,41,35,0.4142857142857143,18,17,382,0.07591623036649214,0.0022496315258707625
5m,300,btc-up-or-down-5m,btc-updown-5m,0x94c1bf058b8d1546ab8075d729fcd6dc96a18036,0,,29,32,17,0.47540983606557374,18,11,633,0.045813586097946286,0.0022496315258707625
5m,300,btc-up-or-down-5m,btc-updown-5m,0xa9b73b68f02f26238e2fa948fe0b7dbeb5bff43c,0,,29,38,42,0.43283582089552236,18,11,520,0.05576923076923077,0.0022496315258707625
5m,300,btc-up-or-down-5m,btc-updown-5m,0xae2f4fd68dd278526f308613e6fb6e3d6592db23,0,,29,3,7,0.90625,18,7,300,0.09666666666666666,0.0022496315258707625
5m,300,btc-up-or-down-5m,btc-updown-5m,0x0739beca79df745311196936eb2b768c6ccdaba8,0,,28,21,35,0.5714285714285714,18,3,46,0.6086956521739131,0.0021720580249786673
5m,300,btc-up-or-down-5m,btc-updown-5m,0x7dd4d3f20be583da9fb9ab045ba3f78751f538b5,0,,27,17,18,0.6136363636363636,18,17,337,0.08011869436201781,0.002094484524086572
5m,300,btc-up-or-down-5m,btc-updown-5m,0x6ec52e9c24ff63c7280590ce4348c26d3337465a,0,,27,25,20,0.5192307692307693,18,7,273,0.0989010989010989,0.002094484524086572
5m,300,btc-up-or-down-5m,btc-updown-5m,0x6ef23ca11605215723072621fbb8a90e3870889d,1,,26,96,123,0.21311475409836064,18,6,16,1.625,0.002016911023194477
5m,300,btc-up-or-down-5m,btc-updown-5m,0x2b0178fa1cd2ed85338f89f76228a522bbaf9bd7,0,,26,7,12,0.7878787878787878,18,15,738,0.03523035230352303,0.002016911023194477
5m,300,btc-up-or-down-5m,btc-updown-5m,0x181d2230a2a026dfc0c1ac8e051ff3aaea74c256,0,,25,37,34,0.4032258064516129,18,4,111,0.22522522522522523,0.0019393375223023814
5m,300,btc-up-or-down-5m,btc-updown-5m,0x93e6a97bae6059d39ba9d397d1b697c482991e21,0,,25,34,10,0.423728813559322,18,8,257,0.09727626459143969,0.0019393375223023814
5m,300,btc-up-or-down-5m,btc-updown-5m,0x4b8f5689c20af746601636aa3229561f64de2770,0,,24,7,13,0.7741935483870968,18,18,299,0.0802675585284281,0.0018617640214102862
5m,300,btc-up-or-down-5m,btc-updown-5m,0x2670c70816b34d0cc422ed70c59a25943946fd0a,0,,24,30,12,0.4444444444444444,18,12,420,0.05714285714285714,0.0018617640214102862
5m,300,btc-up-or-down-5m,btc-updown-5m,0x93e3a3410740bec86d6d6631b867a0a6d1b52b0e,0,,24,10,5,0.7058823529411765,18,5,405,0.05925925925925926,0.0018617640214102862
5m,300,btc-up-or-down-5m,btc-updown-5m,0xab69fad7667f63fd4633407f20825a8d3bf624ff,0,,23,15,14,0.6052631578947368,18,9,371,0.06199460916442048,0.001784190520518191
5m,300,btc-up-or-down-5m,btc-updown-5m,0xef6899ced4ea7ecd6a364598bd9e75c600e9b9f4,0,,22,38,4,0.36666666666666664,18,10,321,0.06853582554517133,0.0017066170196260958
5m,300,btc-up-or-down-5m,btc-updown-5m,0xaba162d9408a22bb156157aaa0bd1f9b0504d737,0,,22,6,2,0.7857142857142857,18,8,128,0.171875,0.0017066170196260958
5m,300,btc-up-or-down-5m,btc-updown-5m,0x817f51a015f17f976e0e8ac45d635489f160c2ff,0,,22,6,5,0.7857142857142857,18,14,648,0.033950617283950615,0.0017066170196260958
5m,300,btc-up-or-down-5m,btc-updown-5m,0xd287fc2ba9620d45261a747f50df220c976beadd,0,,22,5,1,0.8148148148148148,18,7,194,0.1134020618556701,0.0017066170196260958
5m,300,btc-up-or-down-5m,btc-updown-5m,0xad50ab17fca9b740321530988c47ba62bb5d684d,0,,21,7,4,0.75,18,6,200,0.105,0.0016290435187340006
5m,300,btc-up-or-down-5m,btc-updown-5m,0x7fe5e91c8282543de0a1248e22b9476ea90c3727,0,,21,19,21,0.525,18,10,262,0.08015267175572519,0.0016290435187340006
5m,300,btc-up-or-down-5m,btc-updown-5m,0xc823c4133c75d5a52e48e3f536dc52c2b7b8c1b9,0,,21,1,2,0.9545454545454546,18,6,50,0.42,0.0016290435187340006
5m,300,btc-up-or-down-5m,btc-updown-5m,0x9d289335ccfa6f6521a671e7dc99610946f924d1,0,,21,5,5,0.8076923076923077,18,7,139,0.1510791366906475,0.0016290435187340006
5m,300,btc-up-or-down-5m,btc-updown-5m,0x07b24449e2be86f8e513104cb66c0b3443a23bcf,0,,21,2,0,0.9130434782608695,18,2,28,0.75,0.0016290435187340006
5m,300,btc-up-or-down-5m,btc-updown-5m,0x24b71d4699af5fa68f93b524c781b266c1104a73,0,,21,27,10,0.4375,18,8,580,0.03620689655172414,0.0016290435187340006
5m,300,btc-up-or-down-5m,btc-updown-5m,0xc6a6f2f8c0a07a42e1bbb88fa158fd169d1af003,0,,20,37,20,0.3508771929824561,18,8,577,0.03466204506065858,0.0015514700178419051
5m,300,btc-up-or-down-5m,btc-updown-5m,0xaca3195824dc61446eac626357d22a39aabd91f1,0,,20,25,10,0.4444444444444444,18,8,292,0.0684931506849315,0.0015514700178419051
5m,300,btc-up-or-down-5m,btc-updown-5m,0x238b208810031f7bc51cb9f420bc0703572244eb,0,,20,5,5,0.8,18,6,293,0.06825938566552901,0.0015514700178419051
5m,300,btc-up-or-down-5m,btc-updown-5m,0x2f087c9fa4e3bc07c3d68959fe4b078dc1edc897,0,,20,21,1,0.4878048780487805,18,4,333,0.06006006006006006,0.0015514700178419051
5m,300,btc-up-or-down-5m,btc-updown-5m,0xf0a4ff94b2ea3e9d31ca9d2b693d9278df02c07f,0,,20,0,0,1.0,18,1,33,0.6060606060606061,0.0015514700178419051
5m,300,btc-up-or-down-5m,btc-updown-5m,0x3f2f54596d799c18e806c5900e4967714fa28150,0,,19,16,22,0.5428571428571428,18,9,309,0.061488673139158574,0.00147389651694981
5m,300,btc-up-or-down-5m,btc-updown-5m,0x20732df03ae3fd7b00b6488c48127b9f54708e28,0,,19,8,3,0.7037037037037037,18,2,64,0.296875,0.00147389651694981
5m,300,btc-up-or-down-5m,btc-updown-5m,0x881a32fb006bcbb403e2a9b3f6d8535e44390321,0,,19,6,2,0.76,18,5,193,0.09844559585492228,0.00147389651694981
5m,300,btc-up-or-down-5m,btc-updown-5m,0x0915ce8ccc6af26e479816618507d6d101140222,0,,19,0,1,1.0,18,2,27,0.7037037037037037,0.00147389651694981
5m,300,btc-up-or-down-5m,btc-updown-5m,0xf1b27447f585291281ef6eddcc670ea879f94836,0,,19,7,11,0.7307692307692307,18,3,97,0.1958762886597938,0.00147389651694981
5m,300,btc-up-or-down-5m,btc-updown-5m,0xa39f73a76812b813f0817a037631b010fca4a15b,0,,19,25,8,0.4318181818181818,18,3,131,0.1450381679389313,0.00147389651694981
5m,300,btc-up-or-down-5m,btc-updown-5m,0x5fc35c1678a88322500ceb659dfbdd7cb9a2d179,0,,19,10,2,0.6551724137931034,18,5,143,0.13286713286713286,0.00147389651694981
5m,300,btc-up-or-down-5m,btc-updown-5m,0xf20ab3ae150023b6a4f9903ff7409c905949642f,0,,18,2,3,0.9,18,2,58,0.3103448275862069,0.0013963230160577147
5m,300,btc-up-or-down-5m,btc-updown-5m,0x78965ae871289071ba8a2c237d3531957052133a,0,,18,1,0,0.9473684210526315,18,1,69,0.2608695652173913,0.0013963230160577147
5m,300,btc-up-or-down-5m,btc-updown-5m,0x307a77371a95ede56386ca8645b67e5548329e51,0,,18,0,0,1.0,18,1,28,0.6428571428571429,0.0013963230160577147
5m,300,btc-up-or-down-5m,btc-updown-5m,0x439023d58510184080f8b2d0683064315114deac,0,,18,0,3,1.0,18,2,20,0.9,0.0013963230160577147
5m,300,btc-up-or-down-5m,btc-updown-5m,0xdcf6067957db5d8357be0abfc19ae0194eae179b,0,,18,0,17,1.0,18,1,51,0.35294117647058826,0.0013963230160577147
5m,300,btc-up-or-down-5m,btc-updown-5m,0xdc92b303dab1637e987bd7a5959bfab2a3b1741b,0,,92,71,74,0.5644171779141104,17,9,49,1.8775510204081634,0.007136762082072764
5m,300,btc-up-or-down-5m,btc-updown-5m,0x88c89d7aa0bbf69895c2e8bba353918b23416e5b,0,,88,87,118,0.5028571428571429,17,13,752,0.11702127659574468,0.006826468078504383
5m,300,btc-up-or-down-5m,btc-updown-5m,0x7276e1661a49f2b1c8a3d0d63bd5cdcdd78d8895,0,,75,42,69,0.6410256410256411,17,23,608,0.12335526315789473,0.0058180125669071445
5m,300,btc-up-or-down-5m,btc-updown-5m,0x3b01aeb9457528346efc79fc4ac95bd13bf95da3,0,,74,37,66,0.6666666666666666,17,21,1242,0.05958132045088567,0.005740439066015049
5m,300,btc-up-or-down-5m,btc-updown-5m,0x220b073625a028da6f5358da72ff7b53b1129bd5,0,,64,21,45,0.7529411764705882,17,26,777,0.08236808236808237,0.004964704057094096
5m,300,btc-up-or-down-5m,btc-updown-5m,0xa632d5bd7c4322b0ae73f66e5b1961abeef5782b,0,,62,111,47,0.3583815028901734,17,31,3759,0.016493748337323755,0.004809557055309906
5m,300,btc-up-or-down-5m,btc-updown-5m,0xda29ffdc78ed5119743ed16d06219caa8bbf703c,0,,57,156,73,0.2676056338028169,17,8,120,0.475,0.00442168955084943
5m,300,btc-up-or-down-5m,btc-updown-5m,0xd7c626093f28383612363889ad811fc736d3706f,0,,56,38,28,0.5957446808510638,17,23,1509,0.03711066931742876,0.004344116049957335
5m,300,btc-up-or-down-5m,btc-updown-5m,0x29d81f020e4d1f7742d453b5327236f11b9853f6,0,,55,64,51,0.46218487394957986,17,20,652,0.0843558282208589,0.004266542549065239
5m,300,btc-up-or-down-5m,btc-updown-5m,0xe9e0cc09d285affd256387d44828f31f48cc8d55,0,,54,30,21,0.6428571428571429,17,5,153,0.35294117647058826,0.004188969048173144
5m,300,btc-up-or-down-5m,btc-updown-5m,0x19729634ac5ffcd658f0847b9e8cf7c026a95821,0,,51,53,76,0.49038461538461536,17,17,248,0.2056451612903226,0.0039562485454968585
5m,300,btc-up-or-down-5m,btc-updown-5m,0x1d8c40f9cb30ef2839078e5934a34c57ab415377,0,,50,7,29,0.8771929824561403,17,28,551,0.09074410163339383,0.003878675044604763
5m,300,btc-up-or-down-5m,btc-updown-5m,0xda120acc74be71c7f59b4b032a3a1ccf976c6967,0,,47,29,32,0.618421052631579,17,34,1660,0.028313253012048192,0.003645954541928477
5m,300,btc-up-or-down-5m,btc-updown-5m,0x6e273613771e30a90bbc2e502fa72fc3aebf70bb,0,,45,9,18,0.8333333333333334,17,20,394,0.11421319796954314,0.003490807540144287
5m,300,btc-up-or-down-5m,btc-updown-5m,0xe7b65c2ae9c644405cbb9ea0eddeb5d9ef3b1535,0,,44,10,18,0.8148148148148148,17,26,426,0.10328638497652583,0.0034132340392521916
5m,300,btc-up-or-down-5m,btc-updown-5m,0x90dd9a41c512adfc1377177765663fb42b6bc435,0,,44,22,34,0.6666666666666666,17,5,39,1.1282051282051282,0.0034132340392521916
5m,300,btc-up-or-down-5m,btc-updown-5m,0xd507d68e5aa926cecf75c41fb96d2788b9fdbcbf,0,,43,67,88,0.39090909090909093,17,28,1104,0.03894927536231884,0.0033356605383600964
5m,300,btc-up-or-down-5m,btc-updown-5m,0x4262adc1004f287053077bbd34964f8dd506f515,0,,43,42,47,0.5058823529411764,17,13,470,0.09148936170212765,0.0033356605383600964
5m,300,btc-up-or-down-5m,btc-updown-5m,0x63adda169ca8f3311b361e3e7dc1a98fa882c072,0,,42,42,40,0.5,17,13,357,0.11764705882352941,0.003258087037468001
5m,300,btc-up-or-down-5m,btc-updown-5m,0x334438d72d91d3fa2c8ce5d6f35d786602681812,0,,41,40,10,0.5061728395061729,17,2,4,10.25,0.0031805135365759055
5m,300,btc-up-or-down-5m,btc-updown-5m,0xa8d922dfb9d1fdb5ad9d821e7c06e01d5e530f50,0,,40,15,29,0.7272727272727273,17,33,1865,0.021447721179624665,0.0031029400356838103
5m,300,btc-up-or-down-5m,btc-updown-5m,0x9a44903288e9c1effef876381daf04dae0217fbf,0,,38,36,15,0.5135135135135135,17,15,312,0.12179487179487179,0.00294779303389962
5m,300,btc-up-or-down-5m,btc-updown-5m,0x9eb5cc59f60496c27b4315f3040fe375d50821aa,0,,38,59,19,0.3917525773195876,17,13,322,0.11801242236024845,0.00294779303389962
5m,300,btc-up-or-down-5m,btc-updown-5m,0x368a83f2686acc0db0681e010f410ce323e53057,0,,37,36,31,0.5068493150684932,17,8,232,0.15948275862068967,0.0028702195330075246
5m,300,btc-up-or-down-5m,btc-updown-5m,0xfb8fffb4fddc2798ef244d495cbca23a80eeab9e,0,,36,22,40,0.6206896551724138,17,22,782,0.04603580562659847,0.0027926460321154294
5m,300,btc-up-or-down-5m,btc-updown-5m,0xbc42816d3be0cf9effde3cbb45150e00f8abb12c,0,,35,17,31,0.6730769230769231,17,15,199,0.17587939698492464,0.002715072531223334
5m,300,btc-up-or-down-5m,btc-updown-5m,0x177bf230515abcdff9a855490d600ac9ca36cb59,0,,34,15,20,0.6938775510204082,17,30,1152,0.029513888888888888,0.002637499030331239
5m,300,btc-up-or-down-5m,btc-updown-5m,0x929713845f91222affa7371ebba880f50daec11f,0,,34,36,16,0.4857142857142857,17,5,39,0.8717948717948718,0.002637499030331239
5m,300,btc-up-or-down-5m,btc-updown-5m,0x58f3a300bcda7231c3820f1a4d503d6a019b315f,0,,34,15,14,0.6938775510204082,17,17,1024,0.033203125,0.002637499030331239
5m,300,btc-up-or-down-5m,btc-updown-5m,0x6aff53a0380c2b65be43e1c929be9ad5b0947e3d,0,,33,22,46,0.6,17,13,453,0.0728476821192053,0.002559925529439144
5m,300,btc-up-or-down-5m,btc-updown-5m,0xeefe46deee8da83bf67dc95b6bc8b8f73e77be43,0,,33,0,0,1.0,17,4,7,4.714285714285714,0.002559925529439144
5m,300,btc-up-or-down-5m,btc-updown-5m,0x1decc1ec559b902f341232c1ea98421a16f0c9c7,0,,33,30,15,0.5238095238095238,17,6,365,0.09041095890410959,0.002559925529439144
5m,300,btc-up-or-down-5m,btc-updown-5m,0x1e12112f831c819f77c4d7cd9c48b3edb27e9269,0,,32,44,42,0.42105263157894735,17,17,983,0.03255340793489318,0.002482352028547048
5m,300,btc-up-or-down-5m,btc-updown-5m,0x020142b18e0837cbc071cb73de81067ab8cdb0ab,0,,32,22,28,0.5925925925925926,17,4,361,0.0886426592797784,0.002482352028547048
5m,300,btc-up-or-down-5m,btc-updown-5m,0x2af12a762b21773881f8e04de95343c34fd99f21,0,,31,6,12,0.8378378378378378,17,8,156,0.1987179487179487,0.002404778527654953
5m,300,btc-up-or-down-5m,btc-updown-5m,0xe78fbf0f028c031b83aae0c5e26bb2633ca704a4,0,,31,19,4,0.62,17,12,417,0.07434052757793765,0.002404778527654953
5m,300,btc-up-or-down-5m,btc-updown-5m,0x725e303a13b96cde3b83d502b54aa2a23192b14d,0,,30,19,12,0.6122448979591837,17,10,235,0.1276595744680851,0.0023272050267628577
5m,300,btc-up-or-down-5m,btc-updown-5m,0xcab185af2ca003d4046084e0ac18cb9148c74d00,0,,30,26,30,0.5357142857142857,17,20,640,0.046875,0.0023272050267628577
5m,300,btc-up-or-down-5m,btc-updown-5m,0x2ef913a175aa06d31dbbedf7915ae0fbabb54db4,0,,30,13,10,0.6976744186046512,17,7,235,0.1276595744680851,0.0023272050267628577
5m,300,btc-up-or-down-5m,btc-updown-5m,0xc18a43a734c6044769c5642ef6454f54f4fa6d4b,0,,30,20,53,0.6,17,14,862,0.03480278422273782,0.0023272050267628577
5m,300,btc-up-or-down-5m,btc-updown-5m,0x760c4c8716d85e34c2b2d5bea334704a0dc6da37,0,,30,12,6,0.7142857142857143,17,8,274,0.10948905109489052,0.0023272050267628577
5m,300,btc-up-or-down-5m,btc-updown-5m,0xbd0be1046f8aa55fad512de91ddc53d3be688a03,0,,29,20,21,0.5918367346938775,17,16,470,0.06170212765957447,0.0022496315258707625
5m,300,btc-up-or-down-5m,btc-updown-5m,0xafb358f3323fd6e9d95cc1369fcfd5987510c5e5,0,,29,22,9,0.5686274509803921,17,1,77,0.37662337662337664,0.0022496315258707625
5m,300,btc-up-or-down-5m,btc-updown-5m,0x1fdfb38f5cd778c641777ce4b6b1c6137a6ba680,0,,29,2,12,0.9354838709677419,17,3,281,0.10320284697508897,0.0022496315258707625
5m,300,btc-up-or-down-5m,btc-updown-5m,0x171b3255c0ac9dbd29dc182c5b4cecffc04c9c6f,0,,28,8,21,0.7777777777777778,17,4,34,0.8235294117647058,0.0021720580249786673
5m,300,btc-up-or-down-5m,btc-updown-5m,0xb2d18ddacb812858a7cdc01caff44a697d98ef0d,0,,28,0,9,1.0,17,2,25,1.12,0.0021720580249786673
5m,300,btc-up-or-down-5m,btc-updown-5m,0x00d7cdc6888883a24951c5b8efe3493b80eccfe0,0,,27,15,13,0.6428571428571429,17,5,61,0.4426229508196721,0.002094484524086572
5m,300,btc-up-or-down-5m,btc-updown-5m,0x93a8619e57d17b64c5bffde0cc5bf0f62ff91e41,0,,27,0,6,1.0,17,1,10,2.7,0.002094484524086572
5m,300,btc-up-or-down-5m,btc-updown-5m,0xb2ba1e917ed7e2b3e01f9f72cf7beacafa5be778,0,,26,16,18,0.6190476190476191,17,16,712,0.03651685393258427,0.002016911023194477
5m,300,btc-up-or-down-5m,btc-updown-5m,0x4e9fa2c37ef0d6e657f64fee61cea1101eb8e955,0,,26,8,7,0.7647058823529411,17,10,310,0.08387096774193549,0.002016911023194477
5m,300,btc-up-or-down-5m,btc-updown-5m,0x5a8b17804a84687b426056ccb7bccfcc1c21874f,0,,26,0,1,1.0,17,2,24,1.0833333333333333,0.002016911023194477
5m,300,btc-up-or-down-5m,btc-updown-5m,0x6d7cbc783073d820693c33fc810cc831ea266ddd,0,,26,0,9,1.0,17,1,6,4.333333333333333,0.002016911023194477
5m,300,btc-up-or-down-5m,btc-updown-5m,0xbf71accecd63ca441eea4827bdc724b9dc0597eb,0,,25,2,5,0.9259259259259259,17,2,25,1.0,0.0019393375223023814
5m,300,btc-up-or-down-5m,btc-updown-5m,0x3c99efd6445f2051fd09a47208655e55ca581394,0,,25,78,104,0.24271844660194175,17,5,20,1.25,0.0019393375223023814
5m,300,btc-up-or-down-5m,btc-updown-5m,0x72206a99ace7ffb2da4fc0794adf8971b6eba5be,0,,23,28,19,0.45098039215686275,17,14,700,0.032857142857142856,0.001784190520518191
5m,300,btc-up-or-down-5m,btc-updown-5m,0x20ff57e969ad904e0f30feef9802fb01d3854008,0,,23,48,8,0.323943661971831,17,9,893,0.025755879059350503,0.001784190520518191
5m,300,btc-up-or-down-5m,btc-updown-5m,0xa2fef365605c821d9e8a9e5f901ba7af0a8bfa46,0,,23,7,4,0.7666666666666667,17,8,176,0.13068181818181818,0.001784190520518191
5m,300,btc-up-or-down-5m,btc-updown-5m,0x15dcee57c94f8335c97b8d54610e2cda6a36cda5,0,,23,2,3,0.92,17,4,82,0.2804878048780488,0.001784190520518191
5m,300,btc-up-or-down-5m,btc-updown-5m,0xecfed6193b796168895fee959e9c0b781e6c12d3,0,,23,1,7,0.9583333333333334,17,3,68,0.3382352941176471,0.001784190520518191
5m,300,btc-up-or-down-5m,btc-updown-5m,0x57dec8fbcee28136910a5cebb54dac89902b20cb,0,,22,27,29,0.4489795918367347,17,15,492,0.044715447154471545,0.0017066170196260958
5m,300,btc-up-or-down-5m,btc-updown-5m,0x36d219e81fa873ef3e38e1b9bd5962bacfbe7dda,0,,22,6,5,0.7857142857142857,17,7,297,0.07407407407407407,0.0017066170196260958
5m,300,btc-up-or-down-5m,btc-updown-5m,0xabe9d6944ed94dcd4c12a07b0ad503a99560affd,0,,22,7,6,0.7586206896551724,17,5,398,0.05527638190954774,0.0017066170196260958
5m,300,btc-up-or-down-5m,btc-updown-5m,0xacd3147a7242bbb2e12daffe0bd4c3dc21def3ef,0,,22,56,46,0.28205128205128205,17,10,295,0.07457627118644068,0.0017066170196260958
5m,300,btc-up-or-down-5m,btc-updown-5m,0x37561b7e2075e50b1f2eea03eb474ff72790095b,0,,22,10,9,0.6875,17,4,334,0.0658682634730539,0.0017066170196260958
5m,300,btc-up-or-down-5m,btc-updown-5m,0x4e1322e22e12f14d9a239f1909afe8042080b20b,0,,20,17,14,0.5405405405405406,17,8,323,0.06191950464396285,0.0015514700178419051
5m,300,btc-up-or-down-5m,btc-updown-5m,0xe32e4e4c8ac1bdd0f07a8d0c9d1ed38777a4b18f,0,,19,3,20,0.8636363636363636,17,6,115,0.16521739130434782,0.00147389651694981
5m,300,btc-up-or-down-5m,btc-updown-5m,0x466d68e261a04eeb4581da84e65c2f0a4860cfc2,0,,19,24,19,0.4418604651162791,17,7,277,0.06859205776173286,0.00147389651694981
5m,300,btc-up-or-down-5m,btc-updown-5m,0x1a53009bebf2a05bbf2f4b3e18ca2f3d1ff17730,0,,19,4,6,0.8260869565217391,17,6,483,0.039337474120082816,0.00147389651694981
5m,300,btc-up-or-down-5m,btc-updown-5m,0xa4b7ff1f3043de5e06da2756476d192ca751ebd9,0,,19,10,3,0.6551724137931034,17,5,250,0.076,0.00147389651694981
5m,300,btc-up-or-down-5m,btc-updown-5m,0xba26f2cea27dd7819fce72d45a11676ccaaad913,0,,18,11,3,0.6206896551724138,17,5,218,0.08256880733944955,0.0013963230160577147
5m,300,btc-up-or-down-5m,btc-updown-5m,0x04faee393dcd7132bbee3158aad032074b54f437,0,,18,4,10,0.8181818181818182,17,5,137,0.13138686131386862,0.0013963230160577147
5m,300,btc-up-or-down-5m,btc-updown-5m,0x5995599dd20758ed71258168049f936ebc5cb0a4,0,,18,8,3,0.6923076923076923,17,4,400,0.045,0.0013963230160577147
5m,300,btc-up-or-down-5m,btc-updown-5m,0x338767493547856397ffb61e2d7b7366650366ad,0,,18,7,4,0.72,17,7,286,0.06293706293706294,0.0013963230160577147
5m,300,btc-up-or-down-5m,btc-updown-5m,0x5985a14cf95cfec3eeb82ee41765e4ae3c6f9fff,0,,18,0,2,1.0,17,3,33,0.5454545454545454,0.0013963230160577147
5m,300,btc-up-or-down-5m,btc-updown-5m,0x705c1f484fda9884c967445c4c7b8e0af66e3944,0,,17,1,13,0.9444444444444444,17,3,173,0.09826589595375723,0.0013187495151656195
5m,300,btc-up-or-down-5m,btc-updown-5m,0xf0f18348df7c33048bd14e83140a768697cf966f,0,,17,2,5,0.8947368421052632,17,3,382,0.04450261780104712,0.0013187495151656195
5m,300,btc-up-or-down-5m,btc-updown-5m,0x5fe96ab42449fb31fdc162179f9e8f41548aefda,0,,17,0,0,1.0,17,1,4,4.25,0.0013187495151656195
5m,300,btc-up-or-down-5m,btc-updown-5m,0x9e7c0cc7928f782d304113ac31f68eb038f81d04,0,,17,3,1,0.85,17,3,202,0.08415841584158416,0.0013187495151656195
5m,300,btc-up-or-down-5m,btc-updown-5m,0x8013ceb20a065c5cc30020918829816467c24332,0,,17,3,2,0.85,17,2,161,0.10559006211180125,0.0013187495151656195
5m,300,btc-up-or-down-5m,btc-updown-5m,0x634ca733fa43fac1ad98f3cf948e931d4628c89f,0,,17,33,2,0.34,17,2,237,0.07172995780590717,0.0013187495151656195
5m,300,btc-up-or-down-5m,btc-updown-5m,0x95dda89522efe0bd3afef2af653a04630bda5aab,0,,17,0,1,1.0,17,1,10,1.7,0.0013187495151656195
5m,300,btc-up-or-down-5m,btc-updown-5m,0x227d4ca3b363cea6fb5fb6195f8f3f6f547e69fc,0,,116,95,81,0.5497630331753555,16,63,4420,0.026244343891402715,0.00899852610348305
5m,300,btc-up-or-down-5m,btc-updown-5m,0x07e87aec5c341c21f874003c7eaf84250b9aed9f,0,,106,57,65,0.6503067484662577,16,87,2314,0.045808124459809856,0.008222791094562098
5m,300,btc-up-or-down-5m,btc-updown-5m,0x61e6cefb61ff796aec1ab7376c38eed778760e2e,0,,99,22,32,0.8181818181818182,16,8,30,3.3,0.0076797765883174305
5m,300,btc-up-or-down-5m,btc-updown-5m,0x48ea6b561bdef5c384f83b1e05fde6b7af973e30,0,,93,53,86,0.636986301369863,16,38,1858,0.05005382131324004,0.007214335582964859
5m,300,btc-up-or-down-5m,btc-updown-5m,0x7f1d2e22138b04a58a4fb02f934fde2fefa1fbe2,0,,90,10,47,0.9,16,29,148,0.6081081081081081,0.006981615080288574
5m,300,btc-up-or-down-5m,btc-updown-5m,0x2f53d2fd014879c56a26a26725e4cc574df7acb1,0,,74,91,84,0.4484848484848485,16,18,536,0.13805970149253732,0.005740439066015049
5m,300,btc-up-or-down-5m,btc-updown-5m,0xb2cfe335526920672618e952172175dd54c8cd1f,0,,72,44,50,0.6206896551724138,16,31,2035,0.03538083538083538,0.005585292064230859
5m,300,btc-up-or-down-5m,btc-updown-5m,0xe5480c7857158a3eb53143f8bd4eff34bcf82ecf,0,,69,59,69,0.5390625,16,34,1901,0.036296685954760655,0.005352571561554573
5m,300,btc-up-or-down-5m,btc-updown-5m,0xf9317b5d13be77514bf45f5901f2ed780325fdcf,0,,64,23,39,0.735632183908046,16,42,735,0.08707482993197278,0.004964704057094096
5m,300,btc-up-or-down-5m,btc-updown-5m,0xfd362aff04f58dd1e6abd927bfca73c644d811b4,0,,62,34,30,0.6458333333333334,16,19,771,0.08041504539559015,0.004809557055309906
5m,300,btc-up-or-down-5m,btc-updown-5m,0xb8ac63f5152081649e84e4b2273f03e3424e2995,0,,56,59,25,0.48695652173913045,16,38,2815,0.01989342806394316,0.004344116049957335
5m,300,btc-up-or-down-5m,btc-updown-5m,0xbe9188e967077bbca786cbcf7f052e00ee27c74d,0,window_dressing,56,30,45,0.6511627906976745,16,12,201,0.27860696517412936,0.004344116049957335
5m,300,btc-up-or-down-5m,btc-updown-5m,0x662033e4b3bb8e5468b1a5b855bc93d297d26c63,0,,54,60,64,0.47368421052631576,16,4,43,1.255813953488372,0.004188969048173144
5m,300,btc-up-or-down-5m,btc-updown-5m,0xb7a2fb693f5ad703dd19d44a2e6f0d37c16fe144,0,,52,111,42,0.31901840490797545,16,20,1077,0.04828226555246054,0.004033822046388954
5m,300,btc-up-or-down-5m,btc-updown-5m,0xa45fe11dd1420fca906ceac2c067844379a42429,0,,50,55,52,0.47619047619047616,16,32,3318,0.015069318866787222,0.003878675044604763
5m,300,btc-up-or-down-5m,btc-updown-5m,0xbeb4400ab92eb72bb54086569c2dbc0ad22dda45,0,,49,38,21,0.5632183908045977,16,39,2332,0.021012006861063463,0.0038011015437126676
5m,300,btc-up-or-down-5m,btc-updown-5m,0x6306beca06aec5bed40d91305098ece5c407d101,0,,48,5,28,0.9056603773584906,16,37,770,0.06233766233766234,0.0037235280428205724
5m,300,btc-up-or-down-5m,btc-updown-5m,0x856cc75dc606e5c5bb9cdf6ae9f0250e6cb6df2f,0,,48,40,38,0.5454545454545454,16,37,748,0.06417112299465241,0.0037235280428205724
5m,300,btc-up-or-down-5m,btc-updown-5m,0xe1b974712eae7d85f3770d29e1640d2b9fc747b6,0,,47,37,88,0.5595238095238095,16,18,92,0.5108695652173914,0.003645954541928477
5m,300,btc-up-or-down-5m,btc-updown-5m,0x61276aba49117fd9299707d5d573652949d5c977,0,,46,39,30,0.5411764705882353,16,32,4598,0.010004349717268378,0.003568381041036382
5m,300,btc-up-or-down-5m,btc-updown-5m,0xaea5496f171c7053c9a5c3ae5abd7ea54cb47985,0,,44,32,29,0.5789473684210527,16,37,2034,0.021632251720747297,0.0034132340392521916
5m,300,btc-up-or-down-5m,btc-updown-5m,0xd3ebfe0c1e1cfa0aa9c0d6506ec21f07cf785121,0,,44,38,24,0.5365853658536586,16,7,348,0.12643678160919541,0.0034132340392521916
5m,300,btc-up-or-down-5m,btc-updown-5m,0x18b049f6745187f3b22a4d714d0ab1bc21ddbf1a,0,,44,76,61,0.36666666666666664,16,2,102,0.43137254901960786,0.0034132340392521916
5m,300,btc-up-or-down-5m,btc-updown-5m,0x2bc776f8310ee936c080b779a6226309513d0513,0,,42,42,29,0.5,16,34,1838,0.022850924918389554,0.003258087037468001
5m,300,btc-up-or-down-5m,btc-updown-5m,0xa1c3e2bec842065fbf96dc998723145a143ec844,0,,41,19,16,0.6833333333333333,16,30,785,0.05222929936305733,0.0031805135365759055
5m,300,btc-up-or-down-5m,btc-updown-5m,0x83974248a51a8b639888479d4db18ff2a9c47e78,0,,40,14,29,0.7407407407407407,16,25,513,0.07797270955165692,0.0031029400356838103
5m,300,btc-up-or-down-5m,btc-updown-5m,0xdd3a9c0942f115e1173affa38dc3daef7d03143f,0,,39,25,21,0.609375,16,27,343,0.11370262390670553,0.003025366534791715
5m,300,btc-up-or-down-5m,btc-updown-5m,0x67f647dab26503872baaf7889aca4c69c43b57fc,1,,39,43,183,0.47560975609756095,16,6,22,1.7727272727272727,0.003025366534791715
5m,300,btc-up-or-down-5m,btc-updown-5m,0x2704ea5b6c970ba56971bb56e0a9f0b9dc429e07,0,,38,4,2,0.9047619047619048,16,4,138,0.2753623188405797,0.00294779303389962
5m,300,btc-up-or-down-5m,btc-updown-5m,0x49f3d7195984994d059489ad71ac21154f3aa3f5,0,,36,14,17,0.72,16,18,206,0.17475728155339806,0.0027926460321154294
5m,300,btc-up-or-down-5m,btc-updown-5m,0x2bd45bc6f552641b989fb06c1587fd29c0d5ac8f,0,,34,11,16,0.7555555555555555,16,6,87,0.39080459770114945,0.002637499030331239
5m,300,btc-up-or-down-5m,btc-updown-5m,0x6914db982990facefa2fb84c7e16571da21da818,0,,34,34,66,0.5,16,2,138,0.2463768115942029,0.002637499030331239
5m,300,btc-up-or-down-5m,btc-updown-5m,0x1b77674732dcb01b3f694f6452968020032f417e,0,,33,71,26,0.3173076923076923,16,10,212,0.15566037735849056,0.002559925529439144
5m,300,btc-up-or-down-5m,btc-updown-5m,0x4060c8998f7cce19892195b357247bd2d2ee0f76,0,,33,9,15,0.7857142857142857,16,9,255,0.12941176470588237,0.002559925529439144
5m,300,btc-up-or-down-5m,btc-updown-5m,0x9cbf78b2ef6958e5d47eb8fcd9d78ae4e88aa8a8,0,,32,39,44,0.4507042253521127,16,20,498,0.0642570281124498,0.002482352028547048
5m,300,btc-up-or-down-5m,btc-updown-5m,0x5a4631b4bfb55552b1843362adf244b6316ffdf3,0,,32,178,54,0.1523809523809524,16,5,66,0.48484848484848486,0.002482352028547048
5m,300,btc-up-or-down-5m,btc-updown-5m,0x3d51ecd2f07cdb9bb27094780d9a9666d61d2ca1,0,,31,28,36,0.5254237288135594,16,12,332,0.09337349397590361,0.002404778527654953
5m,300,btc-up-or-down-5m,btc-updown-5m,0xe50e7c80d4949938f2ba4e811ad1482e885f45c5,0,,31,33,42,0.484375,16,4,116,0.2672413793103448,0.002404778527654953
5m,300,btc-up-or-down-5m,btc-updown-5m,0x957fb9d008f15c042ab73a89e27c48ec24c3fa65,0,,31,3,22,0.9117647058823529,16,5,54,0.5740740740740741,0.002404778527654953
5m,300,btc-up-or-down-5m,btc-updown-5m,0x8353538ae21a28cd39b5e39f57ccc08363728428,0,,29,16,22,0.6444444444444445,16,7,67,0.43283582089552236,0.0022496315258707625
5m,300,btc-up-or-down-5m,btc-updown-5m,0x07721bb1e28471d441cff18b4f571c4d2d6baf4a,0,,29,6,16,0.8285714285714286,16,11,635,0.04566929133858268,0.0022496315258707625
5m,300,btc-up-or-down-5m,btc-updown-5m,0xd5810be73958e29582d4a3ad48461e6e7a108331,0,,29,5,26,0.8529411764705882,16,10,176,0.16477272727272727,0.0022496315258707625
5m,300,btc-up-or-down-5m,btc-updown-5m,0x12082135bdeab5384b248951b1fc3caca49f0160,0,,29,19,18,0.6041666666666666,16,16,587,0.049403747870528106,0.0022496315258707625
5m,300,btc-up-or-down-5m,btc-updown-5m,0xe9613424be3cbf72efc8a5e0894366cad8b2b090,0,,29,1,12,0.9666666666666667,16,1,14,2.0714285714285716,0.0022496315258707625
5m,300,btc-up-or-down-5m,btc-updown-5m,0xadab71dfdb30d12587ca87b0e544f4593c080f33,0,,28,20,17,0.5833333333333334,16,18,894,0.03131991051454139,0.0021720580249786673
5m,300,btc-up-or-down-5m,btc-updown-5m,0x4c04497b0b82e8d26f262c5b5596889d40623d8b,0,,28,5,4,0.8484848484848485,16,7,210,0.13333333333333333,0.0021720580249786673
5m,300,btc-up-or-down-5m,btc-updown-5m,0x9f8e0ea45dbb357b5ab205dda975cd224dad2175,0,,28,3,10,0.9032258064516129,16,11,167,0.16766467065868262,0.0021720580249786673
5m,300,btc-up-or-down-5m,btc-updown-5m,0x8858aae9c92a82b00986a0f1a66338e8b0cc8641,0,,28,21,32,0.5714285714285714,16,14,465,0.060215053763440864,0.0021720580249786673
5m,300,btc-up-or-down-5m,btc-updown-5m,0x372f54b8c301730a2d054bb83ec52ead5aaa3064,0,,28,17,26,0.6222222222222222,16,9,302,0.09271523178807947,0.0021720580249786673
5m,300,btc-up-or-down-5m,btc-updown-5m,0xbd38725ed91277e27e734f24469cd2b622d4683b,0,,28,8,42,0.7777777777777778,16,7,27,1.037037037037037,0.0021720580249786673
5m,300,btc-up-or-down-5m,btc-updown-5m,0x00190179d84224687adfb93e4a499d36aad0ff59,0,,27,15,6,0.6428571428571429,16,8,2047,0.013190034196384953,0.002094484524086572
5m,300,btc-up-or-down-5m,btc-updown-5m,0x4474460fd0b10865abd6181b9f8f356cb20272a1,0,,27,18,19,0.6,16,8,131,0.20610687022900764,0.002094484524086572
5m,300,btc-up-or-down-5m,btc-updown-5m,0x2d6e85332409c437c772646dbaf05b5bd8417c47,0,,27,50,15,0.35064935064935066,16,12,623,0.04333868378812199,0.002094484524086572
5m,300,btc-up-or-down-5m,btc-updown-5m,0xbb3c16a6144f66f2c1cdbc041865426fd5432633,0,,27,2,31,0.9310344827586207,16,15,282,0.09574468085106383,0.002094484524086572
5m,300,btc-up-or-down-5m,btc-updown-5m,0x5f25f367d2d30ce067a7c0ab9ee2130bd41cb2eb,0,,27,10,13,0.7297297297297297,16,3,181,0.14917127071823205,0.002094484524086572
5m,300,btc-up-or-down-5m,btc-updown-5m,0x8ac1bc979ca71f5132ca05f648d975357f7b8d37,0,,26,11,20,0.7027027027027027,16,16,301,0.08637873754152824,0.002016911023194477
5m,300,btc-up-or-down-5m,btc-updown-5m,0xf629e3fd3942be4cd058c1c5fa2ad19fc223523f,0,,26,9,18,0.7428571428571429,16,5,127,0.2047244094488189,0.002016911023194477
5m,300,btc-up-or-down-5m,btc-updown-5m,0x2b3b5603e80fed9834d9c6b59e702c2a864707f7,0,,26,17,12,0.6046511627906976,16,14,1175,0.022127659574468085,0.002016911023194477
5m,300,btc-up-or-down-5m,btc-updown-5m,0xb9c1ed9662316040ffd4db0144a23a296aba2ed1,0,,26,31,26,0.45614035087719296,16,5,258,0.10077519379844961,0.002016911023194477
5m,300,btc-up-or-down-5m,btc-updown-5m,0x7e24e4d8c09730ec1e2245268c2c8ed78f16d389,0,,25,30,18,0.45454545454545453,16,8,489,0.05112474437627812,0.0019393375223023814
5m,300,btc-up-or-down-5m,btc-updown-5m,0xf944dcc272080def7232a369f2b54559f21bef91,0,,25,11,17,0.6944444444444444,16,13,267,0.09363295880149813,0.0019393375223023814
5m,300,btc-up-or-down-5m,btc-updown-5m,0xfb0273361785409cb534e07a72340c285a1eb60c,0,,24,1,6,0.96,16,2,43,0.5581395348837209,0.0018617640214102862
5m,300,btc-up-or-down-5m,btc-updown-5m,0x7549b3313433f7c8ae479840dcc0f9611015fd37,0,,24,25,30,0.4897959183673469,16,15,839,0.028605482717520857,0.0018617640214102862
5m,300,btc-up-or-down-5m,btc-updown-5m,0xeafa3ef7844f308f97601fc8240db92b75dda62a,0,,24,10,4,0.7058823529411765,16,10,175,0.13714285714285715,0.0018617640214102862
5m,300,btc-up-or-down-5m,btc-updown-5m,0x234d32aa641177b3b6f7f646c5ef2d4c884d5898,0,,24,10,6,0.7058823529411765,16,3,165,0.14545454545454545,0.0018617640214102862
5m,300,btc-up-or-down-5m,btc-updown-5m,0x85c0272a4c6334e4cb1212b4e5cda66e68519231,0,,23,13,23,0.6388888888888888,16,10,367,0.06267029972752043,0.001784190520518191
5m,300,btc-up-or-down-5m,btc-updown-5m,0x2b1a4401862e09e55385e6e549069a544e62e87f,0,,23,22,33,0.5111111111111111,16,14,980,0.02346938775510204,0.001784190520518191
5m,300,btc-up-or-down-5m,btc-updown-5m,0x55183957ba29dee6746ef265512db49153105451,0,,23,12,11,0.6571428571428571,16,8,150,0.15333333333333332,0.001784190520518191
5m,300,btc-up-or-down-5m,btc-updown-5m,0x6d74c7c059160dcb9363e5eba67e440875da5da0,0,,23,14,15,0.6216216216216216,16,6,64,0.359375,0.001784190520518191
5m,300,btc-up-or-down-5m,btc-updown-5m,0xad7888efb18d7cec07b14598ab9500c0ef51678c,0,,22,20,31,0.5238095238095238,16,19,757,0.02906208718626156,0.0017066170196260958
5m,300,btc-up-or-down-5m,btc-updown-5m,0x163e37c0057118a2fab393e59bff2238d81b02ed,0,,22,16,12,0.5789473684210527,16,7,218,0.10091743119266056,0.0017066170196260958
5m,300,btc-up-or-down-5m,btc-updown-5m,0xc6bcc2b7992be6faed07f43730ac99137d118621,0,,22,7,4,0.7586206896551724,16,4,278,0.07913669064748201,0.0017066170196260958
5m,300,btc-up-or-down-5m,btc-updown-5m,0x1575418020755c5c07e75dbd912eae36f62ccc76,0,,22,9,10,0.7096774193548387,16,4,40,0.55,0.0017066170196260958
5m,300,btc-up-or-down-5m,btc-updown-5m,0xede5ceeb71f38889b8ffc88810df873850292554,0,,22,10,3,0.6875,16,9,391,0.056265984654731455,0.0017066170196260958
5m,300,btc-up-or-down-5m,btc-updown-5m,0x9104c14c5e2e6a12a03f19f5883e822bfebf5a78,0,,22,2,12,0.9166666666666666,16,3,57,0.38596491228070173,0.0017066170196260958
5m,300,btc-up-or-down-5m,btc-updown-5m,0x042140ed86b0db5eed7800bbf7c882db62be4480,0,,22,30,6,0.4230769230769231,16,11,103,0.21359223300970873,0.0017066170196260958
5m,300,btc-up-or-down-5m,btc-updown-5m,0x7ea7a8c53ca441c8b128d9c2811c719400e2cea6,0,,22,45,49,0.3283582089552239,16,4,48,0.4583333333333333,0.0017066170196260958
5m,300,btc-up-or-down-5m,btc-updown-5m,0x221b1fe9f5dbb02d25468d41ec7dadb7e28f2cb1,0,,21,2,13,0.9130434782608695,16,3,219,0.0958904109589041,0.0016290435187340006
5m,300,btc-up-or-down-5m,btc-updown-5m,0xdd99a495d8520872d4486cedec76fe61cab16b00,0,,21,9,26,0.7,16,9,61,0.3442622950819672,0.0016290435187340006
5m,300,btc-up-or-down-5m,btc-updown-5m,0x44e52259c046d9f219c51047840df04f19e71ddf,0,,21,0,2,1.0,16,8,190,0.11052631578947368,0.0016290435187340006
5m,300,btc-up-or-down-5m,btc-updown-5m,0x32f4b0adde3fe1b71902f76d470215f1b766b1a0,0,,21,14,19,0.6,16,3,75,0.28,0.0016290435187340006
5m,300,btc-up-or-down-5m,btc-updown-5m,0x15c05b572546d67483cc43dfdc4572deaf58befd,0,,21,5,32,0.8076923076923077,16,13,254,0.08267716535433071,0.0016290435187340006
5m,300,btc-up-or-down-5m,btc-updown-5m,0xe4b1a6b0850fe6d191935091e1063771216ceabf,0,,21,9,6,0.7,16,6,48,0.4375,0.0016290435187340006
5m,300,btc-up-or-down-5m,btc-updown-5m,0x4ff121a8ee9bb3a125f00d61462e8fe71f1d13db,0,,21,4,18,0.84,16,5,153,0.13725490196078433,0.0016290435187340006
5m,300,btc-up-or-down-5m,btc-updown-5m,0x4c9e567122221bc74469b8f7f7e630f296d65eda,0,,20,7,2,0.7407407407407407,16,13,166,0.12048192771084337,0.0015514700178419051
5m,300,btc-up-or-down-5m,btc-updown-5m,0x1c03e702c5389f51cc198dfcd647624999470b71,0,,20,4,3,0.8333333333333334,16,13,186,0.10752688172043011,0.0015514700178419051
5m,300,btc-up-or-down-5m,btc-updown-5m,0x27e8cc89cbdcaddb5120009334ab7485bd0f8513,0,,20,9,16,0.6896551724137931,16,14,368,0.05434782608695652,0.0015514700178419051
5m,300,btc-up-or-down-5m,btc-updown-5m,0x2662c1c0993d8f60676e1409b57ea4e53114678c,0,,20,9,3,0.6896551724137931,16,7,316,0.06329113924050633,0.0015514700178419051
5m,300,btc-up-or-down-5m,btc-updown-5m,0x981bfc901fc05576cfc3bacffd248ca48fcfa86c,0,,20,0,3,1.0,16,4,298,0.06711409395973154,0.0015514700178419051
5m,300,btc-up-or-down-5m,btc-updown-5m,0x1a0383fcd00ade1686ab2cb122b94804e5d685ec,0,,19,3,0,0.8636363636363636,16,6,128,0.1484375,0.00147389651694981
5m,300,btc-up-or-down-5m,btc-updown-5m,0xed437e5394607efd439dd83675bd33080f079f9c,0,,19,1,8,0.95,16,6,86,0.22093023255813954,0.00147389651694981
5m,300,btc-up-or-down-5m,btc-updown-5m,0x3d22526152538eff4973af0b2de3f5b8c591cc0f,1,,19,35,23,0.35185185185185186,16,4,8,2.375,0.00147389651694981
5m,300,btc-up-or-down-5m,btc-updown-5m,0x13868e88acbe44daa175fe8051cf212f5442373a,0,,19,21,7,0.475,16,10,686,0.027696793002915453,0.00147389651694981
5m,300,btc-up-or-down-5m,btc-updown-5m,0x4b29777f0250aa39e431ca6f1e824d6f1d9969bf,0,,19,6,1,0.76,16,1,18,1.0555555555555556,0.00147389651694981
5m,300,btc-up-or-down-5m,btc-updown-5m,0xdcb32817ea624eb821613953e6baa9aa25c8c96c,0,,18,3,14,0.8571428571428571,16,11,198,0.09090909090909091,0.0013963230160577147
5m,300,btc-up-or-down-5m,btc-updown-5m,0x37e0ae5c212434dd8c4a7106a3e2f57ef974fd2d,0,,18,5,4,0.782608695652174,16,4,166,0.10843373493975904,0.0013963230160577147
5m,300,btc-up-or-down-5m,btc-updown-5m,0xceb2b4cfbf2c6336862734cf5b877c4379fe1c28,0,,18,6,2,0.75,16,5,121,0.1487603305785124,0.0013963230160577147
5m,300,btc-up-or-down-5m,btc-updown-5m,0x7b93622f7eff818652dbded91879a170f36acd11,0,,18,31,19,0.3673469387755102,16,9,613,0.02936378466557912,0.0013963230160577147
5m,300,btc-up-or-down-5m,btc-updown-5m,0x35e253ebe78109f0b84200d35d6fe508f52a0cbd,0,,18,7,10,0.72,16,6,319,0.05642633228840126,0.0013963230160577147
5m,300,btc-up-or-down-5m,btc-updown-5m,0x0c78169767064dec4a5e149b82cf16c4dd28dc32,0,,18,2,5,0.9,16,4,125,0.144,0.0013963230160577147
5m,300,btc-up-or-down-5m,btc-updown-5m,0x6bab58bac6c73b4d5bdb0c3d260337231c955f09,0,,18,5,9,0.782608695652174,16,10,227,0.07929515418502203,0.0013963230160577147
5m,300,btc-up-or-down-5m,btc-updown-5m,0x20ccabf8a37744449d98d6a0eac450eb20ce7a03,0,,18,6,0,0.75,16,5,303,0.0594059405940594,0.0013963230160577147
5m,300,btc-up-or-down-5m,btc-updown-5m,0xd7985b972875b2e7bde96e66e77f1fa384cfdd54,0,,18,6,2,0.75,16,1,64,0.28125,0.0013963230160577147
5m,300,btc-up-or-down-5m,btc-updown-5m,0x6da853121eb811b179805e6be6bdc52e1020d660,0,,17,20,14,0.4594594594594595,16,10,262,0.0648854961832061,0.0013187495151656195
5m,300,btc-up-or-down-5m,btc-updown-5m,0xcaba5a69cd5310f714dd740bab1fa8e7a37348af,0,,17,15,2,0.53125,16,3,66,0.25757575757575757,0.0013187495151656195
5m,300,btc-up-or-down-5m,btc-updown-5m,0x2f85e233f60ab94e992f9ab7713f21c88587293d,0,,17,1,1,0.9444444444444444,16,3,9,1.8888888888888888,0.0013187495151656195
5m,300,btc-up-or-down-5m,btc-updown-5m,0xf27a67aa957dc0f9e523fb7ad3cbb3afb4bb2d8b,0,,17,21,11,0.4473684210526316,16,9,430,0.03953488372093023,0.0013187495151656195
5m,300,btc-up-or-down-5m,btc-updown-5m,0xc08252cd7aa159ebc0e7578e919d9790b830de8d,0,,17,0,0,1.0,16,4,78,0.21794871794871795,0.0013187495151656195
5m,300,btc-up-or-down-5m,btc-updown-5m,0x4d090736059cea7e994e8b5340e2a4622f960ac9,0,,17,3,2,0.85,16,3,124,0.13709677419354838,0.0013187495151656195
5m,300,btc-up-or-down-5m,btc-updown-5m,0x97246af110fb1cbaa3cc6af793500dc292b0b939,0,,16,1,2,0.9411764705882353,16,2,35,0.45714285714285713,0.001241176014273524
5m,300,btc-up-or-down-5m,btc-updown-5m,0xfe9f37787fdced3e7432820210f8f408baf78e23,0,,16,1,2,0.9411764705882353,16,3,25,0.64,0.001241176014273524
5m,300,btc-up-or-down-5m,btc-updown-5m,0xb9b661841ef2588fd11f6e765354c8ca87edce64,0,,16,2,4,0.8888888888888888,16,3,51,0.3137254901960784,0.001241176014273524
5m,300,btc-up-or-down-5m,btc-updown-5m,0x278e590079b6b25de4b3d8c6aab787727ab221f2,0,,16,0,2,1.0,16,1,1,16.0,0.001241176014273524
5m,300,btc-up-or-down-5m,btc-updown-5m,0x285c53b43c9b762cfb1efeb7dfca6715cbe4b20a,0,,16,0,0,1.0,16,2,26,0.6153846153846154,0.001241176014273524
5m,300,btc-up-or-down-5m,btc-updown-5m,0xc1b3e185ca9776d24c9144a801cf5eaaf8a22293,0,,16,5,3,0.7619047619047619,16,2,76,0.21052631578947367,0.001241176014273524
5m,300,btc-up-or-down-5m,btc-updown-5m,0x1b6e058072f6624ef164a48e1e5cd7b40a643644,0,,16,0,12,1.0,16,1,60,0.26666666666666666,0.001241176014273524
5m,300,btc-up-or-down-5m,btc-updown-5m,0x2b8e3388db15438641f6149b1e31af30f2256719,0,,16,5,1,0.7619047619047619,16,2,23,0.6956521739130435,0.001241176014273524
5m,300,btc-up-or-down-5m,btc-updown-5m,0x60040d90bb0fb18ca0932a89b37378e28d06d30f,0,,16,0,1,1.0,16,1,6,2.6666666666666665,0.001241176014273524
5m,300,btc-up-or-down-5m,btc-updown-5m,0x8a0f26cf4c6cca822e277c0382e2eb13a8ee00bd,0,,16,23,1,0.41025641025641024,16,2,124,0.12903225806451613,0.001241176014273524
5m,300,btc-up-or-down-5m,btc-updown-5m,0x6d9f6ea54a3aaac3ceee0a0a9579da944ccb5568,0,directional_suspect,255,224,225,0.5323590814196242,15,23,591,0.43147208121827413,0.019781242727484293
5m,300,btc-up-or-down-5m,btc-updown-5m,0x530e4486c6e3d6975782ed8b398fb6ebe762a0bd,0,,80,34,77,0.7017543859649122,15,22,568,0.14084507042253522,0.006205880071367621
5m,300,btc-up-or-down-5m,btc-updown-5m,0x4eeea30915e363164382c56aeaab544e29ae54a2,0,,79,41,39,0.6583333333333333,15,9,69,1.144927536231884,0.006128306570475525
5m,300,btc-up-or-down-5m,btc-updown-5m,0xb02188c268290bb758d6c261bdf4e552c6e1ebd9,0,,68,55,84,0.5528455284552846,15,32,1429,0.04758572428271519,0.005274998060662478
5m,300,btc-up-or-down-5m,btc-updown-5m,0x700fc095d7b703bd14a83c43fe6791e1150ba433,0,,66,26,18,0.717391304347826,15,41,983,0.0671414038657172,0.005119851058878288
5m,300,btc-up-or-down-5m,btc-updown-5m,0x6e58e4b98953736726f6ace144cfb8492b0eb5b1,0,,61,55,73,0.5258620689655172,15,28,1232,0.049512987012987016,0.004731983554417811
5m,300,btc-up-or-down-5m,btc-updown-5m,0xf9aa6c9342472ece9f7bf60cc90841c639280d25,0,,58,53,44,0.5225225225225225,15,22,1987,0.0291897332662305,0.004499263051741525
5m,300,btc-up-or-down-5m,btc-updown-5m,0xb11882565bbc43bbc43bea740bf8654f4165605c,0,,56,33,41,0.6292134831460674,15,39,528,0.10606060606060606,0.004344116049957335
5m,300,btc-up-or-down-5m,btc-updown-5m,0xa52b0cd9a6b66e8e9af6968dd3c19282b8b407e1,0,,55,30,39,0.6470588235294118,15,6,67,0.8208955223880597,0.004266542549065239
5m,300,btc-up-or-down-5m,btc-updown-5m,0x4ac44393954b5e4d31a40a6f25d8c8d170033ab4,0,,54,35,20,0.6067415730337079,15,27,1421,0.038001407459535536,0.004188969048173144
5m,300,btc-up-or-down-5m,btc-updown-5m,0xae3b046ed72c2639f30495f48cd726241a7c38b5,0,,51,21,29,0.7083333333333334,15,35,780,0.06538461538461539,0.0039562485454968585
5m,300,btc-up-or-down-5m,btc-updown-5m,0x91fe1bf9e6b126acd4bb81500896ab51c6eca685,0,,51,48,63,0.5151515151515151,15,22,1056,0.048295454545454544,0.0039562485454968585
5m,300,btc-up-or-down-5m,btc-updown-5m,0x203710b74089d218cad7017dede651a123d1efb1,0,,49,59,53,0.4537037037037037,15,34,4948,0.009902991107518189,0.0038011015437126676
5m,300,btc-up-or-down-5m,btc-updown-5m,0xebe31e928681560da3189a4cb31edcd520526d17,0,,48,48,31,0.5,15,11,371,0.1293800539083558,0.0037235280428205724
5m,300,btc-up-or-down-5m,btc-updown-5m,0x2744714c453bc1100d190544790cc7e365732dcf,0,,48,28,33,0.631578947368421,15,5,116,0.41379310344827586,0.0037235280428205724
5m,300,btc-up-or-down-5m,btc-updown-5m,0xe35ba5033491beed3122c644b04aad5cf8c9a98d,0,,47,32,32,0.5949367088607594,15,34,819,0.057387057387057384,0.003645954541928477
5m,300,btc-up-or-down-5m,btc-updown-5m,0x323c71c2204a26d47221751a3c679ee16da202f8,0,,46,48,29,0.48936170212765956,15,26,1310,0.035114503816793895,0.003568381041036382
5m,300,btc-up-or-down-5m,btc-updown-5m,0x482e5699184ca750f67bfcbcf43f4b2a9d5e75c0,0,,46,21,28,0.6865671641791045,15,5,164,0.2804878048780488,0.003568381041036382
5m,300,btc-up-or-down-5m,btc-updown-5m,0x9c2c057649fa5658a83a492c5a84ec612535dc30,0,,44,35,50,0.5569620253164557,15,37,850,0.05176470588235294,0.0034132340392521916
5m,300,btc-up-or-down-5m,btc-updown-5m,0x015c3b509b3fc15625b757c12381e72b511cec11,0,,44,52,55,0.4583333333333333,15,23,689,0.06386066763425254,0.0034132340392521916
5m,300,btc-up-or-down-5m,btc-updown-5m,0x1b51c1ecb81c520783ae145d1cc83c85833819fa,0,,43,6,31,0.8775510204081632,15,33,771,0.055771725032425425,0.0033356605383600964
5m,300,btc-up-or-down-5m,btc-updown-5m,0xc4492a06519cbdf9e8974f74baa0f79457a67cf3,0,,38,19,17,0.6666666666666666,15,23,698,0.054441260744985676,0.00294779303389962
5m,300,btc-up-or-down-5m,btc-updown-5m,0x03c3b0236c5a01051381482e77f2210349073a1d,0,,37,35,25,0.5138888888888888,15,30,4559,0.008115814871682387,0.0028702195330075246
5m,300,btc-up-or-down-5m,btc-updown-5m,0x4c5f5e124eb0a79a7e12eb8a35c8a9b08253356a,0,,36,28,28,0.5625,15,13,220,0.16363636363636364,0.0027926460321154294
5m,300,btc-up-or-down-5m,btc-updown-5m,0x9e5cb4fdc08dd75ba599174fcd5365327c7e42c1,0,,36,22,29,0.6206896551724138,15,7,270,0.13333333333333333,0.0027926460321154294
5m,300,btc-up-or-down-5m,btc-updown-5m,0x0de4458d107bb01a375879e8061c979269203158,0,,34,50,30,0.40476190476190477,15,18,611,0.05564648117839607,0.002637499030331239
5m,300,btc-up-or-down-5m,btc-updown-5m,0xa32dc3a5da3c0462a9265a761f2a5513620e88fa,0,,34,30,33,0.53125,15,24,1537,0.022121014964216004,0.002637499030331239
5m,300,btc-up-or-down-5m,btc-updown-5m,0x88972f920a61b3d8c50825ea09f561ea741ffa22,0,,34,13,12,0.723404255319149,15,26,348,0.09770114942528736,0.002637499030331239
5m,300,btc-up-or-down-5m,btc-updown-5m,0x5b335d15730525051850b1104944d3add933d653,0,,33,35,41,0.4852941176470588,15,12,317,0.10410094637223975,0.002559925529439144
5m,300,btc-up-or-down-5m,btc-updown-5m,0x23e511d9cf6b3d71554de57e6c8301785ab444d4,0,,33,39,27,0.4583333333333333,15,11,271,0.12177121771217712,0.002559925529439144
5m,300,btc-up-or-down-5m,btc-updown-5m,0xaedef57e2a3e0423b72971efd13e4c1f0804b784,0,,33,13,19,0.717391304347826,15,4,42,0.7857142857142857,0.002559925529439144
5m,300,btc-up-or-down-5m,btc-updown-5m,0x25ef01fdcd03366dfc95a341b9f5e0970a60ae88,0,,30,19,36,0.6122448979591837,15,9,357,0.08403361344537816,0.0023272050267628577
5m,300,btc-up-or-down-5m,btc-updown-5m,0xfa5a68b0ad8d8f13cd814fbeb7b8e7cd1f2c2936,0,,30,13,21,0.6976744186046512,15,16,205,0.14634146341463414,0.0023272050267628577
5m,300,btc-up-or-down-5m,btc-updown-5m,0x1dccbecfd3ac39c55d6e360f34b330f8422387a2,0,,30,23,14,0.5660377358490566,15,12,643,0.04665629860031104,0.0023272050267628577
5m,300,btc-up-or-down-5m,btc-updown-5m,0xcdc316f1fd3f5a4bd42f414582d7959119cea71f,0,,29,16,27,0.6444444444444445,15,9,139,0.20863309352517986,0.0022496315258707625
5m,300,btc-up-or-down-5m,btc-updown-5m,0x8c884b0e66493061ff76a578217def246d5cfc93,0,,29,1,3,0.9666666666666667,15,16,186,0.15591397849462366,0.0022496315258707625
5m,300,btc-up-or-down-5m,btc-updown-5m,0x83f635a4e48a2386f60ff218fc0ebe9a8c87c26a,0,,29,27,33,0.5178571428571429,15,2,29,1.0,0.0022496315258707625
5m,300,btc-up-or-down-5m,btc-updown-5m,0xb72044296fa3da6a6b4cfbe45774ebf8b8f42b11,0,,29,23,14,0.5576923076923077,15,8,423,0.06855791962174941,0.0022496315258707625
5m,300,btc-up-or-down-5m,btc-updown-5m,0x17d7fd0cf5de95406784c97042193d4c00659e1e,0,,29,38,24,0.43283582089552236,15,3,115,0.25217391304347825,0.0022496315258707625
5m,300,btc-up-or-down-5m,btc-updown-5m,0xf22666143041752b45ca59e74f4c5831f9679c0f,0,,28,26,36,0.5185185185185185,15,11,582,0.048109965635738834,0.0021720580249786673
5m,300,btc-up-or-down-5m,btc-updown-5m,0x7cc8b1e723d6af079029f72027b7ff4fac2fa9d7,0,,28,35,27,0.4444444444444444,15,18,493,0.056795131845841784,0.0021720580249786673
5m,300,btc-up-or-down-5m,btc-updown-5m,0x9f6d77d8057318bff343a4d5bcd9f09bf294167b,0,,28,25,20,0.5283018867924528,15,5,99,0.2828282828282828,0.0021720580249786673
5m,300,btc-up-or-down-5m,btc-updown-5m,0xa6db4d9094d1876c9626effd4a60bda03458b35e,0,,27,0,2,1.0,15,15,86,0.313953488372093,0.002094484524086572
5m,300,btc-up-or-down-5m,btc-updown-5m,0x0028d3928b3b1c8a10331019581490d8446a3097,0,,27,21,23,0.5625,15,17,820,0.032926829268292684,0.002094484524086572
5m,300,btc-up-or-down-5m,btc-updown-5m,0x22b81124dc1534681ac5b8916c363fb681638b13,0,,26,9,10,0.7428571428571429,15,7,206,0.1262135922330097,0.002016911023194477
5m,300,btc-up-or-down-5m,btc-updown-5m,0xa0cc7eec68f2266d540449b319d5eb9127a0f2df,0,,26,20,6,0.5652173913043478,15,15,623,0.04173354735152488,0.002016911023194477
5m,300,btc-up-or-down-5m,btc-updown-5m,0x823d73ef41bb2570ee7fbcd5a97d73216ea40dba,0,,26,6,9,0.8125,15,4,12,2.1666666666666665,0.002016911023194477
5m,300,btc-up-or-down-5m,btc-updown-5m,0x64a46a989363eb21dab87cd53d57a4567ccbc103,0,,25,46,14,0.352112676056338,15,13,804,0.03109452736318408,0.0019393375223023814
5m,300,btc-up-or-down-5m,btc-updown-5m,0xe349bbbc5c179ed7f8f13ab5502381980f532147,0,,25,15,15,0.625,15,22,650,0.038461538461538464,0.0019393375223023814
5m,300,btc-up-or-down-5m,btc-updown-5m,0xa5110f27e5d9aca31981505f037c8d1cc9f10384,0,,25,7,4,0.78125,15,9,199,0.12562814070351758,0.0019393375223023814
5m,300,btc-up-or-down-5m,btc-updown-5m,0x101888282092fb5be3764b1c615200b2f14a23fe,0,,25,18,24,0.5813953488372093,15,15,511,0.04892367906066536,0.0019393375223023814
5m,300,btc-up-or-down-5m,btc-updown-5m,0x1c657d3750807365d3b5aa9b9f6c85b9746279e7,0,,24,25,19,0.4897959183673469,15,15,751,0.03195739014647137,0.0018617640214102862
5m,300,btc-up-or-down-5m,btc-updown-5m,0xb97119277800fcdec8a75e806246979db40d2ac8,0,,24,7,5,0.7741935483870968,15,6,106,0.22641509433962265,0.0018617640214102862
5m,300,btc-up-or-down-5m,btc-updown-5m,0xa57580b9770d4b13d68f3a1eafc517cd1710f2d0,0,,24,27,18,0.47058823529411764,15,4,82,0.2926829268292683,0.0018617640214102862
5m,300,btc-up-or-down-5m,btc-updown-5m,0xd4107e5309a92c46a3b428de77008aeb700efa11,0,,24,6,8,0.8,15,9,117,0.20512820512820512,0.0018617640214102862
5m,300,btc-up-or-down-5m,btc-updown-5m,0x6642a6d4df3d38ec06d4f8081a940af751830ebe,0,,24,20,14,0.5454545454545454,15,5,79,0.3037974683544304,0.0018617640214102862
5m,300,btc-up-or-down-5m,btc-updown-5m,0x39910e5a333b7c85d755e6ec1295d724778b2e68,0,,24,14,9,0.631578947368421,15,6,28,0.8571428571428571,0.0018617640214102862
5m,300,btc-up-or-down-5m,btc-updown-5m,0x158ce03d91a63f6455ca311412e05e975ad4f812,0,,24,9,23,0.7272727272727273,15,3,57,0.42105263157894735,0.0018617640214102862
5m,300,btc-up-or-down-5m,btc-updown-5m,0x7d87ae88b9669a666e25bc7bdadcca714b6f47ee,0,,24,12,6,0.6666666666666666,15,3,353,0.0679886685552408,0.0018617640214102862
5m,300,btc-up-or-down-5m,btc-updown-5m,0xc3dc0aff83d69f87fa5321b29bbffde38822903f,0,,23,41,16,0.359375,15,16,463,0.04967602591792657,0.001784190520518191
5m,300,btc-up-or-down-5m,btc-updown-5m,0xea0d70b12e2fdbb32353c9675fa9a81ff3515866,0,,23,8,16,0.7419354838709677,15,1,7,3.2857142857142856,0.001784190520518191
5m,300,btc-up-or-down-5m,btc-updown-5m,0xfbbdc55ec3740d0c549e0b4e83bb81ecb25b7cbe,0,,23,7,6,0.7666666666666667,15,11,232,0.09913793103448276,0.001784190520518191
5m,300,btc-up-or-down-5m,btc-updown-5m,0xc495b652fac39f45609b289c114fa8fdf2b6285f,0,,23,12,18,0.6571428571428571,15,11,662,0.03474320241691843,0.001784190520518191
5m,300,btc-up-or-down-5m,btc-updown-5m,0xf3b42e3754bb54efb3932a44e3d0d0d0f7769a79,0,,22,11,7,0.6666666666666666,15,5,208,0.10576923076923077,0.0017066170196260958
5m,300,btc-up-or-down-5m,btc-updown-5m,0x95c5c6181cc51e6d8b68df45a4e24e25116f1624,0,,22,4,13,0.8461538461538461,15,6,14,1.5714285714285714,0.0017066170196260958
5m,300,btc-up-or-down-5m,btc-updown-5m,0x89b1f35760bb766d04a546677e4a44b18330857e,0,,22,29,5,0.43137254901960786,15,2,81,0.2716049382716049,0.0017066170196260958
5m,300,btc-up-or-down-5m,btc-updown-5m,0x3b3ab3d8e5bdb2fbb38ef364853f0b80f7fe7e34,0,,21,7,0,0.75,15,6,238,0.08823529411764706,0.0016290435187340006
5m,300,btc-up-or-down-5m,btc-updown-5m,0x27b81075c0d8cdb176fe9ff8f63fb339700da06b,0,,21,1,0,0.9545454545454546,15,2,55,0.38181818181818183,0.0016290435187340006
5m,300,btc-up-or-down-5m,btc-updown-5m,0x05d9176f2b1d86f929bce204fb6e8b563de8ba37,0,,21,4,4,0.84,15,6,159,0.1320754716981132,0.0016290435187340006
5m,300,btc-up-or-down-5m,btc-updown-5m,0x37e80f99d749f28965f231d6991bfdad4c8f44b1,0,,21,21,2,0.5,15,7,184,0.11413043478260869,0.0016290435187340006
5m,300,btc-up-or-down-5m,btc-updown-5m,0x16a030002408900fb1a7eacf2bb521efc5a012b7,0,,21,3,1,0.875,15,1,7,3.0,0.0016290435187340006
5m,300,btc-up-or-down-5m,btc-updown-5m,0xefc3df5f5b1da175aa0478a171172af87db7a12d,0,,20,38,3,0.3448275862068966,15,10,125,0.16,0.0015514700178419051
5m,300,btc-up-or-down-5m,btc-updown-5m,0xbe05c017a748a26c1cbcceda6d0997163488c67c,0,,20,19,36,0.5128205128205128,15,10,396,0.050505050505050504,0.0015514700178419051
5m,300,btc-up-or-down-5m,btc-updown-5m,0xc46883fbbbd0958cfd4b7d5aae6b347755a70d1b,0,,20,2,20,0.9090909090909091,15,11,230,0.08695652173913043,0.0015514700178419051
5m,300,btc-up-or-down-5m,btc-updown-5m,0xd9001f915cf59cbd013f57ed380372329496d9d6,0,,19,23,11,0.4523809523809524,15,10,226,0.084070796460177,0.00147389651694981
5m,300,btc-up-or-down-5m,btc-updown-5m,0xbe6cad3abb8d75cf85784219c6c8b6a556531917,0,,19,15,25,0.5588235294117647,15,11,229,0.08296943231441048,0.00147389651694981
5m,300,btc-up-or-down-5m,btc-updown-5m,0x0cfe444ab50e01b14ee15ff5e677a1dd68cbd5c3,0,,19,31,20,0.38,15,5,128,0.1484375,0.00147389651694981
5m,300,btc-up-or-down-5m,btc-updown-5m,0x91aab8d0ae5c7dde7d9ea7ca49aeb985e09819b8,0,,19,25,23,0.4318181818181818,15,6,90,0.2111111111111111,0.00147389651694981
5m,300,btc-up-or-down-5m,btc-updown-5m,0xc3a514df90c08ee49b63edee2cd552fb1450534c,0,,19,27,8,0.41304347826086957,15,4,154,0.12337662337662338,0.00147389651694981
5m,300,btc-up-or-down-5m,btc-updown-5m,0xb9faa63dfe274a3228a4848d9d94f29097495421,0,,18,2,6,0.9,15,4,268,0.06716417910447761,0.0013963230160577147
5m,300,btc-up-or-down-5m,btc-updown-5m,0x812bf5737db2c932a25b01bd92bf626eda221a1f,0,,18,13,16,0.5806451612903226,15,12,223,0.08071748878923767,0.0013963230160577147
5m,300,btc-up-or-down-5m,btc-updown-5m,0xc0b5b9792a9b91a1e8e9f2b2061e00522dca6362,0,,18,4,7,0.8181818181818182,15,6,86,0.20930232558139536,0.0013963230160577147
5m,300,btc-up-or-down-5m,btc-updown-5m,0xf8ba1a4599a517fe7712302cf8a2810725d83304,0,,18,7,7,0.72,15,9,149,0.12080536912751678,0.0013963230160577147
5m,300,btc-up-or-down-5m,btc-updown-5m,0x62ac79d455368d4fa06c51d9fb703b138333b8cb,0,,18,8,0,0.6923076923076923,15,4,59,0.3050847457627119,0.0013963230160577147
5m,300,btc-up-or-down-5m,btc-updown-5m,0x53c751c3e47f633295ce01444b21828d74d44480,0,,18,3,0,0.8571428571428571,15,5,215,0.08372093023255814,0.0013963230160577147
5m,300,btc-up-or-down-5m,btc-updown-5m,0x875a1da8262e67e88fb4a8c3cd38950d7e487816,0,,18,19,23,0.4864864864864865,15,5,201,0.08955223880597014,0.0013963230160577147
5m,300,btc-up-or-down-5m,btc-updown-5m,0x0ed1d8785d4202dd8ddba6ec3fefb9ab72a10271,0,,18,4,5,0.8181818181818182,15,11,234,0.07692307692307693,0.0013963230160577147
5m,300,btc-up-or-down-5m,btc-updown-5m,0xee8f1015bbd26ed0bbb2921e950c67a90352819d,0,,18,1,10,0.9473684210526315,15,5,96,0.1875,0.0013963230160577147
5m,300,btc-up-or-down-5m,btc-updown-5m,0x1bf4879ce5672f9635180d376d4a2eb9220603f4,0,,17,4,4,0.8095238095238095,15,4,350,0.04857142857142857,0.0013187495151656195
5m,300,btc-up-or-down-5m,btc-updown-5m,0xa5b17799332b276f748feca8649b6e23272cc6dc,0,,17,5,6,0.7727272727272727,15,6,136,0.125,0.0013187495151656195
5m,300,btc-up-or-down-5m,btc-updown-5m,0x7a69b41618487bf48b61ae9e06f97e9732350108,0,,17,3,6,0.85,15,2,69,0.2463768115942029,0.0013187495151656195
5m,300,btc-up-or-down-5m,btc-updown-5m,0xb4113eefee6dfcdf58b832f56dad7c0db7ddd74f,0,,17,4,27,0.8095238095238095,15,5,127,0.13385826771653545,0.0013187495151656195
5m,300,btc-up-or-down-5m,btc-updown-5m,0xeaf0f2d7e1c02dee141e4957efd81e10b77550ee,0,,16,0,0,1.0,15,4,41,0.3902439024390244,0.001241176014273524
5m,300,btc-up-or-down-5m,btc-updown-5m,0x49749bbe40aa97509750993db10e81929145efe4,0,,16,8,5,0.6666666666666666,15,6,555,0.02882882882882883,0.001241176014273524
5m,300,btc-up-or-down-5m,btc-updown-5m,0x861f6495ee04918a7bea4ab31fa8321834736346,0,,16,5,4,0.7619047619047619,15,5,42,0.38095238095238093,0.001241176014273524
5m,300,btc-up-or-down-5m,btc-updown-5m,0xd0bc60bb98aeeca830ad60fc639da24c6644c5ae,0,,16,13,12,0.5517241379310345,15,2,128,0.125,0.001241176014273524
5m,300,btc-up-or-down-5m,btc-updown-5m,0x0921469576d5727f91c0d419eec9ab3beec251e1,0,,16,10,20,0.6153846153846154,15,3,52,0.3076923076923077,0.001241176014273524
5m,300,btc-up-or-down-5m,btc-updown-5m,0x3967b6b7bcefe25cdcc9373c8bf3eb6844493543,0,,16,3,3,0.8421052631578947,15,3,59,0.2711864406779661,0.001241176014273524
5m,300,btc-up-or-down-5m,btc-updown-5m,0x7bf135adf26f14a396e3bc6d53206cc5015d9a1b,0,,16,1,1,0.9411764705882353,15,4,68,0.23529411764705882,0.001241176014273524
5m,300,btc-up-or-down-5m,btc-updown-5m,0x2f565ceb1a198a8e490bda60ab21da15c57a69cd,0,,16,0,1,1.0,15,3,159,0.10062893081761007,0.001241176014273524
5m,300,btc-up-or-down-5m,btc-updown-5m,0xb8b9d188c475d84538db137970fbdedbbba57657,0,,16,3,8,0.8421052631578947,15,6,251,0.06374501992031872,0.001241176014273524
5m,300,btc-up-or-down-5m,btc-updown-5m,0x074fb910a720ab98ad4986e15a3b32e08b20b0dd,0,,16,0,0,1.0,15,2,3,5.333333333333333,0.001241176014273524
5m,300,btc-up-or-down-5m,btc-updown-5m,0xae8542fafdd5ccf20abe8345d25bb4e4c885c96a,0,,16,4,4,0.8,15,2,86,0.18604651162790697,0.001241176014273524
5m,300,btc-up-or-down-5m,btc-updown-5m,0xf845c8a739eb3751f7de9c230506fd31932a3f43,0,,15,17,17,0.46875,15,4,108,0.1388888888888889,0.0011636025133814289
5m,300,btc-up-or-down-5m,btc-updown-5m,0x01a1dc768e1c30e7bd624c4dc0f3f44d4894d040,0,,15,0,1,1.0,15,2,7,2.142857142857143,0.0011636025133814289
5m,300,btc-up-or-down-5m,btc-updown-5m,0x0b201ee0866ac48be3b982f1028a783427e0de76,0,,15,2,1,0.8823529411764706,15,2,59,0.2542372881355932,0.0011636025133814289
5m,300,btc-up-or-down-5m,btc-updown-5m,0xd574bbb756cb90831ac9c7f0f46a6b10aff05262,0,,15,9,1,0.625,15,1,16,0.9375,0.0011636025133814289
5m,300,btc-up-or-down-5m,btc-updown-5m,0x2fb359c92bb98cb7f3958e5944090f7f57d3f3fc,0,,15,1,4,0.9375,15,2,66,0.22727272727272727,0.0011636025133814289
5m,300,btc-up-or-down-5m,btc-updown-5m,0xb28b621fd0ca0774dc3148d8dd45e6742cc13d9b,0,,15,2,1,0.8823529411764706,15,4,139,0.1079136690647482,0.0011636025133814289
5m,300,btc-up-or-down-5m,btc-updown-5m,0xa857846246d54fd8b42ca162125b8d6113a3303e,0,,15,0,1,1.0,15,2,133,0.11278195488721804,0.0011636025133814289
5m,300,btc-up-or-down-5m,btc-updown-5m,0x9b37fdebea42f0f053cbbf212a8c49007872990f,0,,15,3,5,0.8333333333333334,15,3,82,0.18292682926829268,0.0011636025133814289
5m,300,btc-up-or-down-5m,btc-updown-5m,0x72edcbaf96b9321ef8108ef6abaae36dc43e13bc,0,,15,15,8,0.5,15,3,170,0.08823529411764706,0.0011636025133814289
5m,300,btc-up-or-down-5m,btc-updown-5m,0xbf688e1602846a74c322f50145b6fba74a43ae5c,0,,15,17,7,0.46875,15,4,81,0.18518518518518517,0.0011636025133814289
5m,300,btc-up-or-down-5m,btc-updown-5m,0x5442048d5ebdac1c37cca106dc20d3dc4847c494,0,,15,16,0,0.4838709677419355,15,1,35,0.42857142857142855,0.0011636025133814289
5m,300,btc-up-or-down-5m,btc-updown-5m,0x21ee7ab749380ee42473c87de760d76de9967306,0,,15,3,0,0.8333333333333334,15,1,9,1.6666666666666667,0.0011636025133814289
5m,300,btc-up-or-down-5m,btc-updown-5m,0xafcd22f72bce91bc69f34befa8b620dba4d8dd7a,0,,15,15,1,0.5,15,2,47,0.3191489361702128,0.0011636025133814289
5m,300,btc-up-or-down-5m,btc-updown-5m,0x07afb4d6badc41fd8d7716fbff9f1680bfe4d706,0,,15,0,0,1.0,15,1,3,5.0,0.0011636025133814289
5m,300,btc-up-or-down-5m,btc-updown-5m,0xcf1cbc52c7e6b4f148c1d64a49abd97472df1158,0,,15,1,0,0.9375,15,1,49,0.30612244897959184,0.0011636025133814289
5m,300,btc-up-or-down-5m,btc-updown-5m,0xde1eb51344be3c15bc8dc979923f8a5e2919523f,0,,15,0,0,1.0,15,1,2,7.5,0.0011636025133814289
5m,300,btc-up-or-down-5m,btc-updown-5m,0x110d6a10d7b888538da176edb5680c867f31105f,0,,15,0,0,1.0,15,1,26,0.5769230769230769,0.0011636025133814289
5m,300,btc-up-or-down-5m,btc-updown-5m,0x5f2fcb94736f32b22dc6ecd0ac8f1f9eadf86fd4,0,,15,1,1,0.9375,15,1,48,0.3125,0.0011636025133814289
5m,300,btc-up-or-down-5m,btc-updown-5m,0xcaea13788e57949f5e7fcad96d16cc51c2c8f612,0,,15,0,0,1.0,15,2,14,1.0714285714285714,0.0011636025133814289
5m,300,btc-up-or-down-5m,btc-updown-5m,0x746f355528bcfde3fb755c95af737a870959915a,0,,15,16,14,0.4838709677419355,15,1,32,0.46875,0.0011636025133814289
5m,300,btc-up-or-down-5m,btc-updown-5m,0xe27757cc1dff108d82cb2ce371a40ef7a52b8e46,0,,15,0,0,1.0,15,1,1,15.0,0.0011636025133814289
5m,300,btc-up-or-down-5m,btc-updown-5m,0x909ec38504f86a424bd602ff801f778e95314287,0,,15,14,0,0.5172413793103449,15,2,62,0.24193548387096775,0.0011636025133814289
5m,300,btc-up-or-down-5m,btc-updown-5m,0xdce53d57194e7d2ea33a001b05b1eccf15f40f71,0,,15,0,5,1.0,15,1,26,0.5769230769230769,0.0011636025133814289
5m,300,btc-up-or-down-5m,btc-updown-5m,0x40074b7a362c9aa59128f0fddafeeac09b2ad36b,0,,15,15,2,0.5,15,1,93,0.16129032258064516,0.0011636025133814289
5m,300,btc-up-or-down-5m,btc-updown-5m,0x73bef455e41de16998dc6f33d5b973362ecc36a2,0,,101,64,101,0.6121212121212121,14,32,427,0.23653395784543327,0.007834923590101621
5m,300,btc-up-or-down-5m,btc-updown-5m,0xaffc3335c7a9679696adb348679264b87406a372,0,,77,16,45,0.8279569892473119,14,38,791,0.09734513274336283,0.005973159568691335
5m,300,btc-up-or-down-5m,btc-updown-5m,0xb4d2499b6cabd0bb93672bb17c5ae47101759ee1,0,,61,78,58,0.43884892086330934,14,43,4850,0.012577319587628866,0.004731983554417811
5m,300,btc-up-or-down-5m,btc-updown-5m,0xec30fe5ca5b7f2cc10f3e15b5783bca652ad6d9c,0,,61,16,36,0.7922077922077922,14,21,619,0.09854604200323101,0.004731983554417811
5m,300,btc-up-or-down-5m,btc-updown-5m,0x007b8961239af104bb5fdc8afb64e52b5bf0c181,0,,59,72,68,0.45038167938931295,14,27,1416,0.041666666666666664,0.00457683655263362
5m,300,btc-up-or-down-5m,btc-updown-5m,0xd24590cfc749ba8a0066c978f35d8a817ad9c1bd,0,,56,19,51,0.7466666666666667,14,32,441,0.12698412698412698,0.004344116049957335
5m,300,btc-up-or-down-5m,btc-updown-5m,0x37c94ea1b44e01b18a1ce3ab6f8002bd6b9d7e6d,0,,55,74,54,0.4263565891472868,14,34,9206,0.005974364544862046,0.004266542549065239
5m,300,btc-up-or-down-5m,btc-updown-5m,0xdcc3d70148cee32c0624e3576350ffa833bd222c,0,,55,31,53,0.6395348837209303,14,32,711,0.07735583684950774,0.004266542549065239
5m,300,btc-up-or-down-5m,btc-updown-5m,0x68ca8b82fcb690049bd8b4689987cba310c2a723,0,,51,26,35,0.6623376623376623,14,30,607,0.08401976935749589,0.0039562485454968585
5m,300,btc-up-or-down-5m,btc-updown-5m,0xa45d6698070c771e662c80d57925fd28bc249026,1,,50,38,98,0.5681818181818182,14,1,16,3.125,0.003878675044604763
5m,300,btc-up-or-down-5m,btc-updown-5m,0xb7e5950bda026f8c518ca23d4ec263f7a5214239,1,,49,34,83,0.5903614457831325,14,1,15,3.2666666666666666,0.0038011015437126676
5m,300,btc-up-or-down-5m,btc-updown-5m,0x95e15970e720f2f7b284d558e726387ae30a17f2,0,,47,27,18,0.6351351351351351,14,22,408,0.11519607843137254,0.003645954541928477
5m,300,btc-up-or-down-5m,btc-updown-5m,0x9433226f2c8aa039ccd940d5102d2084c885ecf2,0,,42,6,31,0.875,14,33,492,0.08536585365853659,0.003258087037468001
5m,300,btc-up-or-down-5m,btc-updown-5m,0x65cf31cca3fd55dbdb115349dbd80f18700651f0,0,,39,31,36,0.5571428571428572,14,8,357,0.1092436974789916,0.003025366534791715
5m,300,btc-up-or-down-5m,btc-updown-5m,0xcce4abd2391881acee335210746ddea0a4556a58,0,,39,25,40,0.609375,14,7,213,0.18309859154929578,0.003025366534791715
5m,300,btc-up-or-down-5m,btc-updown-5m,0xbd7d453564deca2bd3b3d51091105e94270dd7d1,0,,38,57,38,0.4,14,19,2726,0.013939838591342627,0.00294779303389962
5m,300,btc-up-or-down-5m,btc-updown-5m,0x0b0452bf9ddc53ec0493a81f0676e5a99723c203,0,,38,26,32,0.59375,14,30,2345,0.0162046908315565,0.00294779303389962
5m,300,btc-up-or-down-5m,btc-updown-5m,0xb4d64394df5555dd3996c8131c4af80a8e43b725,0,,38,29,25,0.5671641791044776,14,10,257,0.14785992217898833,0.00294779303389962
5m,300,btc-up-or-down-5m,btc-updown-5m,0xae4306f4e439670082184d549ca4578c14e3f595,0,,37,27,28,0.578125,14,16,3003,0.012321012321012322,0.0028702195330075246
5m,300,btc-up-or-down-5m,btc-updown-5m,0x6530f86f073079b56b77693e6cd3fb47da31fc04,0,,37,9,20,0.8043478260869565,14,4,102,0.3627450980392157,0.0028702195330075246
5m,300,btc-up-or-down-5m,btc-updown-5m,0x5204cc05829c4e50444ee52c7f94386901bd23c2,0,,36,22,21,0.6206896551724138,14,26,847,0.04250295159386069,0.0027926460321154294
5m,300,btc-up-or-down-5m,btc-updown-5m,0x41b109e75dc24ac94e1cb47facf89d7401cf5fc0,0,,34,30,25,0.53125,14,25,1018,0.03339882121807466,0.002637499030331239
5m,300,btc-up-or-down-5m,btc-updown-5m,0x1f64fefb090ade6322d8d358b33444353d28d313,0,,34,50,21,0.40476190476190477,14,23,1186,0.02866779089376054,0.002637499030331239
5m,300,btc-up-or-down-5m,btc-updown-5m,0x8b410b99b05d32e277264f0d7ee280df2096de3e,0,,33,18,44,0.6470588235294118,14,26,788,0.04187817258883249,0.002559925529439144
5m,300,btc-up-or-down-5m,btc-updown-5m,0x4e65d91cd77f09fb256206e9111d4ce44ee8cb6c,0,,33,27,40,0.55,14,1,26,1.2692307692307692,0.002559925529439144
5m,300,btc-up-or-down-5m,btc-updown-5m,0x9dae874a2e804349e3004ccc98107799f15f97a2,0,,33,10,1,0.7674418604651163,14,2,14,2.357142857142857,0.002559925529439144
5m,300,btc-up-or-down-5m,btc-updown-5m,0x4962c285602b0f79c92f354743ca801af8bdf1b2,0,,32,4,7,0.8888888888888888,14,8,122,0.26229508196721313,0.002482352028547048
5m,300,btc-up-or-down-5m,btc-updown-5m,0x02b3ffa8200feaf6263b88b69b70947cd20af446,0,,32,27,24,0.5423728813559322,14,16,660,0.048484848484848485,0.002482352028547048
5m,300,btc-up-or-down-5m,btc-updown-5m,0x9e203333f5a7665bb54eb1b7ee1d5c111a908b9b,0,,32,14,0,0.6956521739130435,14,2,14,2.2857142857142856,0.002482352028547048
5m,300,btc-up-or-down-5m,btc-updown-5m,0x0086b2d34926ad64e93b9ebd1e9659e17de7f5c0,0,,31,5,15,0.8611111111111112,14,16,234,0.13247863247863248,0.002404778527654953
5m,300,btc-up-or-down-5m,btc-updown-5m,0x288134fc6b0e7df9bc0ca4afd6aed4f1f9ba434d,0,,31,28,6,0.5254237288135594,14,21,477,0.0649895178197065,0.002404778527654953
5m,300,btc-up-or-down-5m,btc-updown-5m,0x9522d90e841cf6950cfb3f349377c7617e0511cc,0,,31,16,30,0.6595744680851063,14,14,324,0.09567901234567901,0.002404778527654953
5m,300,btc-up-or-down-5m,btc-updown-5m,0xf7e367874ed5e7f3d33ba07b12d8d652e1de0d7c,0,,31,11,8,0.7380952380952381,14,8,98,0.3163265306122449,0.002404778527654953
5m,300,btc-up-or-down-5m,btc-updown-5m,0x1ebc7d0e295571b1342cca086cd3711f168364bc,0,,29,9,12,0.7631578947368421,14,10,122,0.23770491803278687,0.0022496315258707625
5m,300,btc-up-or-down-5m,btc-updown-5m,0xfffac3b4d2db94d7c61a67bef8ac6542d48becfe,0,,29,6,9,0.8285714285714286,14,21,397,0.07304785894206549,0.0022496315258707625
5m,300,btc-up-or-down-5m,btc-updown-5m,0x50d48ae94ad52dee67677ed3fb1caa13ab10263e,0,,29,58,67,0.3333333333333333,14,10,93,0.3118279569892473,0.0022496315258707625
5m,300,btc-up-or-down-5m,btc-updown-5m,0x8183ec826b07edd010f4af166a99d195f19fe2e8,0,,29,34,31,0.4603174603174603,14,8,51,0.5686274509803921,0.0022496315258707625
5m,300,btc-up-or-down-5m,btc-updown-5m,0x8316622f443ec9af36a5ce123b63da29bfebfca5,0,,28,19,11,0.5957446808510638,14,10,232,0.1206896551724138,0.0021720580249786673
5m,300,btc-up-or-down-5m,btc-updown-5m,0x7c5afd26d6cf00b49203977671ea2bd24e29e323,0,,28,29,12,0.49122807017543857,14,12,280,0.1,0.0021720580249786673
5m,300,btc-up-or-down-5m,btc-updown-5m,0x574628f2632e2f0074c34609570bb72ad5562de2,0,,27,18,17,0.6,14,19,641,0.0421216848673947,0.002094484524086572
5m,300,btc-up-or-down-5m,btc-updown-5m,0xcadc2cf1f93fc212fdf5f2e08ae1aa96236786db,0,,26,3,15,0.896551724137931,14,14,322,0.08074534161490683,0.002016911023194477
5m,300,btc-up-or-down-5m,btc-updown-5m,0x85c74bc68a3896c16bfcee74690db94628e0b7ba,0,,26,12,9,0.6842105263157895,14,5,78,0.3333333333333333,0.002016911023194477
5m,300,btc-up-or-down-5m,btc-updown-5m,0xe42650f85a8e17cecad6b8ee3d9e20c417794397,0,,26,15,28,0.6341463414634146,14,11,303,0.0858085808580858,0.002016911023194477
5m,300,btc-up-or-down-5m,btc-updown-5m,0x7eafed6b71af072f9fcf9de23fe3bfda4af4ffcd,0,,26,51,10,0.33766233766233766,14,5,117,0.2222222222222222,0.002016911023194477
5m,300,btc-up-or-down-5m,btc-updown-5m,0x0785597788ac91bcea5a837e6088dd3a7fd88f61,0,,26,51,11,0.33766233766233766,14,6,118,0.22033898305084745,0.002016911023194477
5m,300,btc-up-or-down-5m,btc-updown-5m,0x82e328ac230537236da07d33808585adc83335a5,0,,26,3,45,0.896551724137931,14,2,9,2.888888888888889,0.002016911023194477
5m,300,btc-up-or-down-5m,btc-updown-5m,0x25aec50ab4cdb69855ac446d6347d5c1c41bb065,0,,25,42,17,0.373134328358209,14,19,713,0.03506311360448808,0.0019393375223023814
5m,300,btc-up-or-down-5m,btc-updown-5m,0x04437d41dfd62e838c3e415330797063e0caea0f,0,,25,11,24,0.6944444444444444,14,17,376,0.06648936170212766,0.0019393375223023814
5m,300,btc-up-or-down-5m,btc-updown-5m,0xa1d57d329227c75b12b09f927fb3d6d6ef8f1343,0,,25,4,4,0.8620689655172413,14,6,33,0.7575757575757576,0.0019393375223023814
5m,300,btc-up-or-down-5m,btc-updown-5m,0x2451262228d9988a3f5f60eec86062eab59b09fa,0,,25,34,37,0.423728813559322,14,19,565,0.04424778761061947,0.0019393375223023814
5m,300,btc-up-or-down-5m,btc-updown-5m,0xeb65e7c44ddef58e7fc9b6a418b9e0207b643664,0,,25,9,22,0.7352941176470589,14,6,178,0.1404494382022472,0.0019393375223023814
5m,300,btc-up-or-down-5m,btc-updown-5m,0xc4273ae861cbc7f1d9546f93d6d000e2db10efdf,0,,24,36,3,0.4,14,5,109,0.22018348623853212,0.0018617640214102862
5m,300,btc-up-or-down-5m,btc-updown-5m,0xe1be48bc1e018589652c53055c66562b7f280e79,0,,24,3,19,0.8888888888888888,14,8,166,0.14457831325301204,0.0018617640214102862
5m,300,btc-up-or-down-5m,btc-updown-5m,0x9f0ae1a2cb84227c092c641ea28734db54e5d3d2,0,,24,8,5,0.75,14,3,37,0.6486486486486487,0.0018617640214102862
5m,300,btc-up-or-down-5m,btc-updown-5m,0xe69521369f1d257887bb8f08bb6a2efb099c9c49,0,,24,1,11,0.96,14,3,40,0.6,0.0018617640214102862
5m,300,btc-up-or-down-5m,btc-updown-5m,0x5c609372510fe30e09e929b902e026cf15e5df47,0,,24,44,20,0.35294117647058826,14,7,100,0.24,0.0018617640214102862
5m,300,btc-up-or-down-5m,btc-updown-5m,0x73533101b2276cd08ec3d281f81bfc6b86944b0d,0,,24,0,0,1.0,14,1,13,1.8461538461538463,0.0018617640214102862
5m,300,btc-up-or-down-5m,btc-updown-5m,0x0afb7ae5c041b95ba0996377ac6a5928a77a0b12,0,,23,21,12,0.5227272727272727,14,4,110,0.20909090909090908,0.001784190520518191
5m,300,btc-up-or-down-5m,btc-updown-5m,0xdf6a5983ce503cb9e8a34a57eff40a64e6271e7c,0,,23,9,13,0.71875,14,10,184,0.125,0.001784190520518191
5m,300,btc-up-or-down-5m,btc-updown-5m,0x288febd867db8fcda2fb195b819198abbfbd60ee,0,,23,2,14,0.92,14,6,135,0.17037037037037037,0.001784190520518191
5m,300,btc-up-or-down-5m,btc-updown-5m,0x97449de5ed65f16a6872785d1edfefd7c7dc87b8,0,,23,0,1,1.0,14,2,15,1.5333333333333334,0.001784190520518191
5m,300,btc-up-or-down-5m,btc-updown-5m,0x7bb46d369552e3df82a9fa5a011ee0af36606fb5,0,,23,0,1,1.0,14,2,24,0.9583333333333334,0.001784190520518191
5m,300,btc-up-or-down-5m,btc-updown-5m,0x46e34c12e2c85376d54a2725db26db8ddc45c0c8,0,,22,3,1,0.88,14,6,129,0.17054263565891473,0.0017066170196260958
5m,300,btc-up-or-down-5m,btc-updown-5m,0x7305e188e6653d9ced3937eab97160d742541c4b,0,,22,14,21,0.6111111111111112,14,12,269,0.08178438661710037,0.0017066170196260958
5m,300,btc-up-or-down-5m,btc-updown-5m,0xfab2260cb5c930e952b13d88b69147deba029490,0,,22,10,33,0.6875,14,16,327,0.0672782874617737,0.0017066170196260958
5m,300,btc-up-or-down-5m,btc-updown-5m,0xc83724c1fbdf3fcf67f98cb3a88538bd35a0666f,0,,22,19,35,0.5365853658536586,14,2,68,0.3235294117647059,0.0017066170196260958
5m,300,btc-up-or-down-5m,btc-updown-5m,0x6b3606dde53b9370039b9e6be56d330e83184a7c,0,,22,4,6,0.8461538461538461,14,5,71,0.30985915492957744,0.0017066170196260958
5m,300,btc-up-or-down-5m,btc-updown-5m,0xd200782c0ca106294827aeb681136450ff1ffc9f,0,,21,0,3,1.0,14,3,27,0.7777777777777778,0.0016290435187340006
5m,300,btc-up-or-down-5m,btc-updown-5m,0x9a7f44a1bbf355120bce81be98da4bcad40e249a,0,,21,2,9,0.9130434782608695,14,6,117,0.1794871794871795,0.0016290435187340006
5m,300,btc-up-or-down-5m,btc-updown-5m,0xfba277382e9f1c8dc2f93ba4eafacfd5d37297c1,0,,21,49,34,0.3,14,4,74,0.28378378378378377,0.0016290435187340006
5m,300,btc-up-or-down-5m,btc-updown-5m,0x9660486887fb975c3452ea143f1a3fe1caa45dd3,0,,21,11,9,0.65625,14,10,310,0.06774193548387097,0.0016290435187340006
5m,300,btc-up-or-down-5m,btc-updown-5m,0xff26988a2053a03246072b226ca5b31efcf51628,0,,21,26,21,0.44680851063829785,14,7,186,0.11290322580645161,0.0016290435187340006
5m,300,btc-up-or-down-5m,btc-updown-5m,0x1b2165e5addf430a1de93dee63dfdfd3eff68732,0,,21,5,2,0.8076923076923077,14,5,655,0.03206106870229008,0.0016290435187340006
5m,300,btc-up-or-down-5m,btc-updown-5m,0x5bdad181d44a6dc7fe98e47dbaa0851ec2c879a7,0,,20,6,18,0.7692307692307693,14,7,137,0.145985401459854,0.0015514700178419051
5m,300,btc-up-or-down-5m,btc-updown-5m,0x6ba5ed2d1b5905aed9b3cf423df2261508ffe557,0,,20,21,9,0.4878048780487805,14,7,445,0.0449438202247191,0.0015514700178419051
5m,300,btc-up-or-down-5m,btc-updown-5m,0x5521ef73f18c14032c159c09736d321c7a0241d4,0,,20,6,5,0.7692307692307693,14,7,81,0.24691358024691357,0.0015514700178419051
5m,300,btc-up-or-down-5m,btc-updown-5m,0xfef3c9ca85fa5bb32cf72e97d6ce429efec1c7ea,0,,20,3,8,0.8695652173913043,14,8,86,0.23255813953488372,0.0015514700178419051
5m,300,btc-up-or-down-5m,btc-updown-5m,0x09fd26e2eeea9d7810794849e507966143aec70f,0,,19,33,13,0.36538461538461536,14,11,578,0.0328719723183391,0.00147389651694981
5m,300,btc-up-or-down-5m,btc-updown-5m,0x0cf18b4294b05509c44a6a0172eff7e97b20d7fe,0,,19,17,24,0.5277777777777778,14,13,237,0.08016877637130802,0.00147389651694981
5m,300,btc-up-or-down-5m,btc-updown-5m,0x680b6d90c01e2e03ba554ac1ae03958861791f1b,0,,19,2,2,0.9047619047619048,14,3,430,0.044186046511627906,0.00147389651694981
5m,300,btc-up-or-down-5m,btc-updown-5m,0xb05926e1956728d6036c53a1367bdf3a9302801f,0,,19,0,1,1.0,14,1,89,0.21348314606741572,0.00147389651694981
5m,300,btc-up-or-down-5m,btc-updown-5m,0xce8154278285d2d9bfeb9c5e2ce970117385708f,0,,18,16,3,0.5294117647058824,14,9,475,0.037894736842105266,0.0013963230160577147
5m,300,btc-up-or-down-5m,btc-updown-5m,0xd36404314f609f60c826f5e82eba96634de63216,0,,18,0,1,1.0,14,2,18,1.0,0.0013963230160577147
5m,300,btc-up-or-down-5m,btc-updown-5m,0xd83c43191a6f574255c8f0a22e1cc9cebd75a4bf,0,,18,13,14,0.5806451612903226,14,7,282,0.06382978723404255,0.0013963230160577147
5m,300,btc-up-or-down-5m,btc-updown-5m,0x5b3edde7033cbc3282889b792060cdfdbfebed0f,0,,18,2,0,0.9,14,1,55,0.32727272727272727,0.0013963230160577147
5m,300,btc-up-or-down-5m,btc-updown-5m,0x5d9cd694166eb0f8117e9fff6b7eb336a6498c65,0,,18,0,0,1.0,14,1,4,4.5,0.0013963230160577147
5m,300,btc-up-or-down-5m,btc-updown-5m,0x8063e7a315762cc747d9b62ec2a76f1e746dee82,0,,18,0,0,1.0,14,1,7,2.5714285714285716,0.0013963230160577147
5m,300,btc-up-or-down-5m,btc-updown-5m,0xb580eae62dd744a68b11094b83277f368278bdc5,0,,18,2,4,0.9,14,6,95,0.18947368421052632,0.0013963230160577147
5m,300,btc-up-or-down-5m,btc-updown-5m,0x89d7b94d12016df49a93960dd303a3d905caa146,0,,17,15,21,0.53125,14,11,177,0.096045197740113,0.0013187495151656195
5m,300,btc-up-or-down-5m,btc-updown-5m,0xf677a88f2178a57700190aa02497e366a3419730,0,,17,7,7,0.7083333333333334,14,6,104,0.16346153846153846,0.0013187495151656195
5m,300,btc-up-or-down-5m,btc-updown-5m,0x6d2bb3f4aecd8c0afa189570b2a452ab39c7129b,0,,17,3,9,0.85,14,4,101,0.16831683168316833,0.0013187495151656195
5m,300,btc-up-or-down-5m,btc-updown-5m,0xcec86f6ce6e767a6e3a9cfbd9564fe07f6d14bed,0,,17,7,0,0.7083333333333334,14,3,78,0.21794871794871795,0.0013187495151656195
5m,300,btc-up-or-down-5m,btc-updown-5m,0xe008e3b125dc460a1ccaad04ccc91c21a03f3563,0,,17,0,4,1.0,14,5,138,0.12318840579710146,0.0013187495151656195
5m,300,btc-up-or-down-5m,btc-updown-5m,0x2d3a52e4d14e87cb6bb542ce275c9b7d74479302,0,,17,2,24,0.8947368421052632,14,7,100,0.17,0.0013187495151656195
5m,300,btc-up-or-down-5m,btc-updown-5m,0x3aefcc717bab3b0ef7579b4063f7fdf409ac49d2,0,,17,5,10,0.7727272727272727,14,5,282,0.06028368794326241,0.0013187495151656195
5m,300,btc-up-or-down-5m,btc-updown-5m,0xf9523bdf7b3a0d48e737928ef3191ef144a39a6d,0,,17,8,7,0.68,14,6,89,0.19101123595505617,0.0013187495151656195
5m,300,btc-up-or-down-5m,btc-updown-5m,0x95d796e2fe940b861c070ff195d1c9cd34ac0efe,0,,16,5,17,0.7619047619047619,14,4,7,2.2857142857142856,0.001241176014273524
5m,300,btc-up-or-down-5m,btc-updown-5m,0x2000fcdb3f4922807f13d6fbbff15aec1da42501,0,,16,1,0,0.9411764705882353,14,2,77,0.2077922077922078,0.001241176014273524
5m,300,btc-up-or-down-5m,btc-updown-5m,0xca49c09840a5b2f67eb5bc588346848ddd45a6a9,0,,16,1,2,0.9411764705882353,14,8,101,0.15841584158415842,0.001241176014273524
5m,300,btc-up-or-down-5m,btc-updown-5m,0xaea84eeea4492eaef33972245d3f36d565a49813,0,,16,10,8,0.6153846153846154,14,4,159,0.10062893081761007,0.001241176014273524
5m,300,btc-up-or-down-5m,btc-updown-5m,0xb34183d60ce99c34c195934e4c9f14c37c623f68,0,,16,5,5,0.7619047619047619,14,5,434,0.03686635944700461,0.001241176014273524
5m,300,btc-up-or-down-5m,btc-updown-5m,0x9e5e1bd95c30c4e820b6e128933d1a1c32a18a8d,0,,16,11,7,0.5925925925925926,14,4,41,0.3902439024390244,0.001241176014273524
5m,300,btc-up-or-down-5m,btc-updown-5m,0xb4874eb63f37de8fb9d37eb8c0deab7602f649bb,0,,15,9,2,0.625,14,5,86,0.1744186046511628,0.0011636025133814289
5m,300,btc-up-or-down-5m,btc-updown-5m,0xa9f77c52a009408728668224113e5da600cc9c98,0,,15,56,11,0.2112676056338028,14,4,159,0.09433962264150944,0.0011636025133814289
5m,300,btc-up-or-down-5m,btc-updown-5m,0x090a9efe46c0e42e4fd598cd81be011ad72f27e7,0,,15,39,10,0.2777777777777778,14,7,137,0.10948905109489052,0.0011636025133814289
5m,300,btc-up-or-down-5m,btc-updown-5m,0x77292b4c67a227e98831ecb0e074ec76a9902d9e,0,,15,4,4,0.7894736842105263,14,4,170,0.08823529411764706,0.0011636025133814289
5m,300,btc-up-or-down-5m,btc-updown-5m,0x5a57a58336297e473ed0ab06423f0b57ea0b34b2,0,,15,1,0,0.9375,14,7,215,0.06976744186046512,0.0011636025133814289
5m,300,btc-up-or-down-5m,btc-updown-5m,0x935383d4aacf3ae8bf52085859a5065828b75bb5,0,,15,8,1,0.6521739130434783,14,4,170,0.08823529411764706,0.0011636025133814289
5m,300,btc-up-or-down-5m,btc-updown-5m,0x715345d9e8617c5c347ce8b77082b6d71d5e2424,0,,15,4,9,0.7894736842105263,14,6,122,0.12295081967213115,0.0011636025133814289
5m,300,btc-up-or-down-5m,btc-updown-5m,0x86aca168075106750ed14460f3a4599e43ff29ae,0,,15,16,13,0.4838709677419355,14,1,29,0.5172413793103449,0.0011636025133814289
5m,300,btc-up-or-down-5m,btc-updown-5m,0x193631399ccabfbfe098fdd02c12c2224d48d3df,0,,15,2,3,0.8823529411764706,14,1,130,0.11538461538461539,0.0011636025133814289
5m,300,btc-up-or-down-5m,btc-updown-5m,0xe93a8fbcf22be48ae047dc0a4a043a1af0fc2f2a,0,,15,0,1,1.0,14,3,36,0.4166666666666667,0.0011636025133814289
5m,300,btc-up-or-down-5m,btc-updown-5m,0x4a19d30608fcc1dee839f07521350ebcf088a961,0,,15,4,12,0.7894736842105263,14,2,241,0.06224066390041494,0.0011636025133814289
5m,300,btc-up-or-down-5m,btc-updown-5m,0xa7472fde52f608d06416d050b65d7af7c5abafe6,0,,15,14,26,0.5172413793103449,14,5,91,0.16483516483516483,0.0011636025133814289
5m,300,btc-up-or-down-5m,btc-updown-5m,0xd25a6942a39facd0c4302aeaa2d6bb999dc5ad98,0,,14,0,1,1.0,14,1,6,2.3333333333333335,0.0010860290124893336
5m,300,btc-up-or-down-5m,btc-updown-5m,0x8ea84391505e15c3f79cea6671708be55ca0ebc8,0,,14,0,1,1.0,14,1,6,2.3333333333333335,0.0010860290124893336
5m,300,btc-up-or-down-5m,btc-updown-5m,0xfa32eb641dc32423e6a4bbee28f31120f6227e2d,0,,14,5,5,0.7368421052631579,14,6,76,0.18421052631578946,0.0010860290124893336
5m,300,btc-up-or-down-5m,btc-updown-5m,0xa938e7fa35b014cd43e4cdd16072f10d026f6331,0,,14,0,4,1.0,14,1,6,2.3333333333333335,0.0010860290124893336
5m,300,btc-up-or-down-5m,btc-updown-5m,0xf3838479c9d4b7be9453fe39ac0ddb17f81cc49f,0,,14,0,4,1.0,14,1,9,1.5555555555555556,0.0010860290124893336
5m,300,btc-up-or-down-5m,btc-updown-5m,0x0620db2985a59e963e97913e25e2adee0ac70051,0,,14,1,4,0.9333333333333333,14,1,18,0.7777777777777778,0.0010860290124893336
5m,300,btc-up-or-down-5m,btc-updown-5m,0xbcc7ece719484033331cf11f36fbd8a5ef6d5e57,0,,14,1,5,0.9333333333333333,14,1,3,4.666666666666667,0.0010860290124893336
5m,300,btc-up-or-down-5m,btc-updown-5m,0xc6817ce870fa50b84f14fa3b7942b64a44ee08a2,0,,14,0,4,1.0,14,1,2,7.0,0.0010860290124893336
5m,300,btc-up-or-down-5m,btc-updown-5m,0x07d3af8b61e2cecbc4b61b8f63af650455380a3e,0,,14,0,4,1.0,14,1,1,14.0,0.0010860290124893336
5m,300,btc-up-or-down-5m,btc-updown-5m,0xa844f95d4d7707f7791e8d582faad3dd31789976,0,,14,0,4,1.0,14,1,2,7.0,0.0010860290124893336
5m,300,btc-up-or-down-5m,btc-updown-5m,0xedaeaaede35dfa73845772d8583e9f9468abfb2b,0,,14,0,1,1.0,14,1,12,1.1666666666666667,0.0010860290124893336
5m,300,btc-up-or-down-5m,btc-updown-5m,0x0e8742547d1acf3ab201c149f4a608eb3d3c6ad3,0,,14,12,12,0.5384615384615384,14,1,3,4.666666666666667,0.0010860290124893336
5m,300,btc-up-or-down-5m,btc-updown-5m,0x8faa240e8f243b441e6b6fedae4a033025d5e76a,0,,14,4,0,0.7777777777777778,14,3,174,0.08045977011494253,0.0010860290124893336
5m,300,btc-up-or-down-5m,btc-updown-5m,0xca39044f9c6ecb079884b26e4242c2c72bc26158,0,,14,2,0,0.875,14,1,20,0.7,0.0010860290124893336
5m,300,btc-up-or-down-5m,btc-updown-5m,0xcd7d0700b626ad769ddfdf6514dd5c06dee07d08,0,,14,0,0,1.0,14,1,5,2.8,0.0010860290124893336
5m,300,btc-up-or-down-5m,btc-updown-5m,0x252ae3701cf81713c9062a6af5b3e2f30e90cf81,0,,14,15,0,0.4827586206896552,14,1,3,4.666666666666667,0.0010860290124893336
5m,300,btc-up-or-down-5m,btc-updown-5m,0x7a082f3347dffdf4907d493e712fc595bddc79b7,0,,14,0,1,1.0,14,1,43,0.32558139534883723,0.0010860290124893336
5m,300,btc-up-or-down-5m,btc-updown-5m,0xd998d12431a23aadc9904c2e9eb8fc914247a1a7,0,,14,0,0,1.0,14,1,25,0.56,0.0010860290124893336
5m,300,btc-up-or-down-5m,btc-updown-5m,0x5c9a479713e0dc59dfc2d5d06b0c384bd4e5ab86,0,,14,0,1,1.0,14,1,73,0.1917808219178082,0.0010860290124893336
5m,300,btc-up-or-down-5m,btc-updown-5m,0xc763675b4c54e9217ba6f9fed58847a70cfe08f6,0,,14,0,1,1.0,14,1,47,0.2978723404255319,0.0010860290124893336
5m,300,btc-up-or-down-5m,btc-updown-5m,0xd0e2c85f052413bbb1a107db2609be1684ef703b,0,,14,0,0,1.0,14,1,62,0.22580645161290322,0.0010860290124893336
5m,300,btc-up-or-down-5m,btc-updown-5m,0xc0cb0c637e20b555a10e50dcaf6015491b247dcf,0,,14,0,0,1.0,14,1,2,7.0,0.0010860290124893336
5m,300,btc-up-or-down-5m,btc-updown-5m,0x29a1ec266216c3e342d7b3d2f32752f2cfbdf51a,0,,14,0,2,1.0,14,2,30,0.4666666666666667,0.0010860290124893336
5m,300,btc-up-or-down-5m,btc-updown-5m,0xc17a92245b16446fdbc3a9cf79d7ebe85f6e50e9,0,,14,29,10,0.32558139534883723,14,2,48,0.2916666666666667,0.0010860290124893336
5m,300,btc-up-or-down-5m,btc-updown-5m,0x1a9076743c5e9ccc9d1a085f52351347f87282f8,0,,14,0,0,1.0,14,2,15,0.9333333333333333,0.0010860290124893336
5m,300,btc-up-or-down-5m,btc-updown-5m,0x3681331acf92a29200241c440eaed3b31d4b431a,0,,14,8,3,0.6363636363636364,14,1,18,0.7777777777777778,0.0010860290124893336
5m,300,btc-up-or-down-5m,btc-updown-5m,0x0de78cd895d1759111c7663634c7744f5f478a34,0,,14,0,1,1.0,14,1,3,4.666666666666667,0.0010860290124893336
5m,300,btc-up-or-down-5m,btc-updown-5m,0xafe9bd24669aa9a6d1baeec66aef4105c96d3b9e,0,,14,0,11,1.0,14,1,29,0.4827586206896552,0.0010860290124893336
5m,300,btc-up-or-down-5m,btc-updown-5m,0x8ea1ab5abeb437cc5cb479a4d519e69fbebf1451,0,,14,0,1,1.0,14,1,41,0.34146341463414637,0.0010860290124893336
5m,300,btc-up-or-down-5m,btc-updown-5m,0xffbe67d44e25ad5b502fb8217c1633396e16d8b9,0,,14,0,1,1.0,14,3,76,0.18421052631578946,0.0010860290124893336
5m,300,btc-up-or-down-5m,btc-updown-5m,0x3941244e3f879fa2baf6be971e278ef0de65eac6,0,,14,0,0,1.0,14,1,66,0.21212121212121213,0.0010860290124893336
5m,300,btc-up-or-down-5m,btc-updown-5m,0x15c5a0ce0a2e4381b91b1c852e189ae2cff247f6,0,,139,138,123,0.5018050541516246,13,21,199,0.6984924623115578,0.01078271662400124
5m,300,btc-up-or-down-5m,btc-updown-5m,0x129b7597d55236654aad74de9a3139253b259274,0,,132,126,119,0.5116279069767442,13,14,374,0.35294117647058826,0.010239702117756575
5m,300,btc-up-or-down-5m,btc-updown-5m,0x423c1a76fa930f8ff589809e5a59b9932e8e0559,0,,75,35,32,0.6818181818181818,13,52,1778,0.0421822272215973,0.0058180125669071445
5m,300,btc-up-or-down-5m,btc-updown-5m,0xaffc95a4037dbfcc4160f37b6877b514d9e0ce04,0,,72,74,83,0.4931506849315068,13,18,588,0.12244897959183673,0.005585292064230859
5m,300,btc-up-or-down-5m,btc-updown-5m,0x3d1f96d7378537d395ef932faac128f2b9a20354,0,,60,165,82,0.26666666666666666,13,17,456,0.13157894736842105,0.004654410053525715
5m,300,btc-up-or-down-5m,btc-updown-5m,0xb146a86142adbf35472e91d28487bc9fca6b26b9,0,,60,67,61,0.47244094488188976,13,9,74,0.8108108108108109,0.004654410053525715
5m,300,btc-up-or-down-5m,btc-updown-5m,0xe1ed81ee9845243ef5159b2b35eee0c3eff8edbb,0,,58,61,73,0.48739495798319327,13,14,86,0.6744186046511628,0.004499263051741525
5m,300,btc-up-or-down-5m,btc-updown-5m,0x5d16449dfb083e14f61a66d21de2da6c9502821a,0,,57,90,63,0.3877551020408163,13,5,139,0.41007194244604317,0.00442168955084943
5m,300,btc-up-or-down-5m,btc-updown-5m,0x30c53317fc15d7eb8acde5c259a63d1ac0c38511,0,,53,38,48,0.5824175824175825,13,17,527,0.10056925996204934,0.004111395547281049
5m,300,btc-up-or-down-5m,btc-updown-5m,0x0faf08fa30766ee2ad731c8c76b83a7ccc732782,0,,49,121,103,0.28823529411764703,13,12,121,0.4049586776859504,0.0038011015437126676
5m,300,btc-up-or-down-5m,btc-updown-5m,0x2d8b401d2f0e6937afebf18e19e11ca568a5260a,0,,49,38,37,0.5632183908045977,13,33,4893,0.010014306151645207,0.0038011015437126676
5m,300,btc-up-or-down-5m,btc-updown-5m,0xf3071060a5e511ee74f0d20840ab9852da44e380,0,,47,41,15,0.5340909090909091,13,19,725,0.06482758620689655,0.003645954541928477
5m,300,btc-up-or-down-5m,btc-updown-5m,0x89c662d21a5b13493a1bb17bc710bc83953f7742,0,,44,44,77,0.5,13,8,181,0.2430939226519337,0.0034132340392521916
5m,300,btc-up-or-down-5m,btc-updown-5m,0xad6f2d2150a3991ac6cd16df8fb5e2807608b2fb,0,,43,47,40,0.4777777777777778,13,25,3258,0.013198281154082258,0.0033356605383600964
5m,300,btc-up-or-down-5m,btc-updown-5m,0x613e44f2051a6ade1532e8e2fe9cfb73eb0326a3,0,,40,21,33,0.6557377049180327,13,25,348,0.11494252873563218,0.0031029400356838103
5m,300,btc-up-or-down-5m,btc-updown-5m,0x5b676fe82732eb332147291cafe37763771f1c47,0,,40,29,37,0.5797101449275363,13,9,163,0.24539877300613497,0.0031029400356838103
5m,300,btc-up-or-down-5m,btc-updown-5m,0x63d9e0ccf699b27cb2a47fb22b3b81b990e9954f,0,,36,45,23,0.4444444444444444,13,27,884,0.04072398190045249,0.0027926460321154294
5m,300,btc-up-or-down-5m,btc-updown-5m,0x5fc48ce0853c2874f1ec77ecd4d54be16b1b121f,0,,36,24,24,0.6,13,9,86,0.4186046511627907,0.0027926460321154294
5m,300,btc-up-or-down-5m,btc-updown-5m,0x10b5a9b02fa00761e4ec45fbb58f96b22f7e9645,0,,35,12,12,0.7446808510638298,13,29,586,0.059726962457337884,0.002715072531223334
5m,300,btc-up-or-down-5m,btc-updown-5m,0x5909fa92c1edc95a9ed2a6f043e09f5f0b082215,0,,34,14,38,0.7083333333333334,13,13,359,0.0947075208913649,0.002637499030331239
5m,300,btc-up-or-down-5m,btc-updown-5m,0x8a504be89c716fc8703371d9399559704a5aed9a,0,,34,19,17,0.6415094339622641,13,3,272,0.125,0.002637499030331239
5m,300,btc-up-or-down-5m,btc-updown-5m,0x9dbd5ca25b5c69a3ef8fb94de0edd083ff0ced07,1,,34,49,103,0.40963855421686746,13,1,15,2.2666666666666666,0.002637499030331239
5m,300,btc-up-or-down-5m,btc-updown-5m,0xcdf6d555ee7ca9f29539d2474c0432282bb6c35e,0,,33,22,27,0.6,13,7,321,0.102803738317757,0.002559925529439144
5m,300,btc-up-or-down-5m,btc-updown-5m,0xb75d86279aeb4036cfbe08f6ae1482be385575d3,0,,32,18,18,0.64,13,19,444,0.07207207207207207,0.002482352028547048
5m,300,btc-up-or-down-5m,btc-updown-5m,0x4490dcbfd8f869af608fa853c019e841f0448c49,0,,32,48,43,0.4,13,22,1192,0.026845637583892617,0.002482352028547048
5m,300,btc-up-or-down-5m,btc-updown-5m,0x3d03b784c4b65f20e618ed2c607ef634afd3b772,0,,31,6,23,0.8378378378378378,13,4,26,1.1923076923076923,0.002404778527654953
5m,300,btc-up-or-down-5m,btc-updown-5m,0x3725d52f3c252e8374999cc8617292ea2608ad88,0,,30,20,16,0.6,13,20,1203,0.02493765586034913,0.0023272050267628577
5m,300,btc-up-or-down-5m,btc-updown-5m,0xdce37c04416187e4ae4198a8d6825eff35ef2ec2,0,,30,66,52,0.3125,13,6,132,0.22727272727272727,0.0023272050267628577
5m,300,btc-up-or-down-5m,btc-updown-5m,0xc7d2e6f4f660240d01a86097b6a9c4382f8abac2,0,,29,27,27,0.5178571428571429,13,9,108,0.26851851851851855,0.0022496315258707625
5m,300,btc-up-or-down-5m,btc-updown-5m,0xb7d095ffbf3926a800f1fc50302ebdec76912f3a,0,,27,5,7,0.84375,13,18,225,0.12,0.002094484524086572
5m,300,btc-up-or-down-5m,btc-updown-5m,0x8e3a60a6a99200fe31a821c294c8ca8133aef274,0,,27,7,21,0.7941176470588235,13,7,305,0.08852459016393442,0.002094484524086572
5m,300,btc-up-or-down-5m,btc-updown-5m,0xda6db7b72e9bfff375475ffe41744f170719877b,0,,27,21,26,0.5625,13,6,92,0.29347826086956524,0.002094484524086572
5m,300,btc-up-or-down-5m,btc-updown-5m,0x571c285a83eba5322b5f916ba681669dc368a61f,0,,26,19,17,0.5777777777777777,13,24,5870,0.004429301533219762,0.002016911023194477
5m,300,btc-up-or-down-5m,btc-updown-5m,0x540f31844da5100842469aab9357bb0f30c88007,0,,26,20,28,0.5652173913043478,13,13,276,0.09420289855072464,0.002016911023194477
5m,300,btc-up-or-down-5m,btc-updown-5m,0x57f1ef6af099a1b8aab0c694492fdef8b2165b0f,0,,26,11,19,0.7027027027027027,13,11,331,0.07854984894259819,0.002016911023194477
5m,300,btc-up-or-down-5m,btc-updown-5m,0xa71bc8cebfa3e795a66d50cbd4db0203f7c359b5,0,,26,32,50,0.4482758620689655,13,9,145,0.1793103448275862,0.002016911023194477
5m,300,btc-up-or-down-5m,btc-updown-5m,0x8545839da44fe66690e378c35573d1f5fd03c5c4,0,,25,12,19,0.6756756756756757,13,17,535,0.04672897196261682,0.0019393375223023814
5m,300,btc-up-or-down-5m,btc-updown-5m,0xe309699fa8a59bc0c7c9080a55baa951cd271433,0,,25,23,12,0.5208333333333334,13,22,681,0.03671071953010279,0.0019393375223023814
5m,300,btc-up-or-down-5m,btc-updown-5m,0x7e5d2991c2647de2348287e2f499329fc6a6c4c3,0,,25,26,43,0.49019607843137253,13,12,356,0.0702247191011236,0.0019393375223023814
5m,300,btc-up-or-down-5m,btc-updown-5m,0xe9d37b3a369cb3c1626ce7e48c96167e2bb463d9,0,,24,12,13,0.6666666666666666,13,4,231,0.1038961038961039,0.0018617640214102862
5m,300,btc-up-or-down-5m,btc-updown-5m,0x94112bc875a4464659812ecedc7bb2614c8bb2e8,0,,23,12,9,0.6571428571428571,13,8,87,0.26436781609195403,0.001784190520518191
5m,300,btc-up-or-down-5m,btc-updown-5m,0x3de4eae36be190cfb450f98c32fed3c213a55849,0,,23,47,56,0.32857142857142857,13,13,120,0.19166666666666668,0.001784190520518191
5m,300,btc-up-or-down-5m,btc-updown-5m,0x7e21a6453650bbcfba26718687ac9a28262c97fb,0,,23,13,21,0.6388888888888888,13,5,91,0.25274725274725274,0.001784190520518191
5m,300,btc-up-or-down-5m,btc-updown-5m,0x3912fd83df8d8ebee0ba86d247d1d56fa6d58266,0,,23,5,12,0.8214285714285714,13,8,524,0.04389312977099236,0.001784190520518191
5m,300,btc-up-or-down-5m,btc-updown-5m,0x2947603d7f0b54a12edf459cc45f36016c039ded,0,,23,4,2,0.8518518518518519,13,2,113,0.20353982300884957,0.001784190520518191
5m,300,btc-up-or-down-5m,btc-updown-5m,0x97525f551d61452aac12e7636a026c7225d762be,0,,22,28,43,0.44,13,8,467,0.047109207708779445,0.0017066170196260958
5m,300,btc-up-or-down-5m,btc-updown-5m,0x413b1e2fd3b0111b9b46ab373625f311233443f4,0,,22,59,22,0.2716049382716049,13,13,446,0.04932735426008968,0.0017066170196260958
5m,300,btc-up-or-down-5m,btc-updown-5m,0xedda946185ed75e8f1ff8730f38a918ec0067d3e,0,,22,16,9,0.5789473684210527,13,11,624,0.035256410256410256,0.0017066170196260958
5m,300,btc-up-or-down-5m,btc-updown-5m,0x8744345786efc42fc6e6f4a4a7cea502f4c73d64,0,,22,3,6,0.88,13,4,383,0.057441253263707574,0.0017066170196260958
5m,300,btc-up-or-down-5m,btc-updown-5m,0x70e1a4e6c3995c0b7558c3c83bb4a873b5e4d35a,0,,22,5,0,0.8148148148148148,13,2,9,2.4444444444444446,0.0017066170196260958
5m,300,btc-up-or-down-5m,btc-updown-5m,0xe913650af3833912caf87b73288340d95c1c1a90,0,,22,9,3,0.7096774193548387,13,4,51,0.43137254901960786,0.0017066170196260958
5m,300,btc-up-or-down-5m,btc-updown-5m,0x7a1f8583ebfd41c5958327ca264f7299c5821033,0,,21,25,13,0.45652173913043476,13,13,1942,0.010813594232749742,0.0016290435187340006
5m,300,btc-up-or-down-5m,btc-updown-5m,0x7412e172cc02936c04dba94a0dfbfea75e48ee8b,0,,21,24,26,0.4666666666666667,13,9,377,0.05570291777188329,0.0016290435187340006
5m,300,btc-up-or-down-5m,btc-updown-5m,0x8abe039faa59c9c5befe179e0e5821aab0a5027f,0,,21,4,10,0.84,13,4,184,0.11413043478260869,0.0016290435187340006
5m,300,btc-up-or-down-5m,btc-updown-5m,0x318fc9c6b7226860f77e43f0d5c0e6dfa7508a7c,0,,21,9,7,0.7,13,8,189,0.1111111111111111,0.0016290435187340006
5m,300,btc-up-or-down-5m,btc-updown-5m,0x36507c60823603f7fffeffaf15dbd5ed6d61d17c,0,,21,5,28,0.8076923076923077,13,6,155,0.13548387096774195,0.0016290435187340006
5m,300,btc-up-or-down-5m,btc-updown-5m,0xf9623afccd18b1047df8b1619ed42ab15be68f43,0,,20,6,5,0.7692307692307693,13,6,73,0.273972602739726,0.0015514700178419051
5m,300,btc-up-or-down-5m,btc-updown-5m,0x124430c6b53b5f518d256a16775a41a6740d43f8,0,,20,26,27,0.43478260869565216,13,14,767,0.02607561929595828,0.0015514700178419051
5m,300,btc-up-or-down-5m,btc-updown-5m,0x37b5556b61c725520987e94572d229b90c4f116d,0,,20,22,29,0.47619047619047616,13,15,379,0.052770448548812667,0.0015514700178419051
5m,300,btc-up-or-down-5m,btc-updown-5m,0xf898c9739a8b6ae576f4efcadf7241a64b49fffc,0,,20,29,29,0.40816326530612246,13,19,1033,0.01936108422071636,0.0015514700178419051
5m,300,btc-up-or-down-5m,btc-updown-5m,0x4f9f4e5daba7c3550e2b0eecab863b826d129eea,0,,20,3,12,0.8695652173913043,13,6,78,0.2564102564102564,0.0015514700178419051
5m,300,btc-up-or-down-5m,btc-updown-5m,0x93f9b69dbc1d9ac5bdaf92dd08f08483ff712c46,0,,19,5,8,0.7916666666666666,13,8,79,0.24050632911392406,0.00147389651694981
5m,300,btc-up-or-down-5m,btc-updown-5m,0xb7132a0aafbcaef000f045768b04210b4cc68460,0,,19,16,6,0.5428571428571428,13,10,205,0.09268292682926829,0.00147389651694981
5m,300,btc-up-or-down-5m,btc-updown-5m,0x9d39edda1fab7e569111e1f5be4d55d4a5dd099a,0,,19,15,23,0.5588235294117647,13,6,170,0.11176470588235295,0.00147389651694981
5m,300,btc-up-or-down-5m,btc-updown-5m,0x3f357d053e32a7bb623f5595f7c7c56dbfcc9ea4,0,,19,7,23,0.7307692307692307,13,11,531,0.035781544256120526,0.00147389651694981
5m,300,btc-up-or-down-5m,btc-updown-5m,0x33adc42609e3dbd2234bc869d663b29f0e3e2c7d,0,,19,16,10,0.5428571428571428,13,11,362,0.052486187845303865,0.00147389651694981
5m,300,btc-up-or-down-5m,btc-updown-5m,0x156b01ac06ff483ac6c768dee1204cdfd9d75808,0,,19,14,22,0.5757575757575758,13,6,78,0.24358974358974358,0.00147389651694981
5m,300,btc-up-or-down-5m,btc-updown-5m,0xe9ba96828e513a6cc35fb196297716f558e2f626,0,,19,7,16,0.7307692307692307,13,3,12,1.5833333333333333,0.00147389651694981
5m,300,btc-up-or-down-5m,btc-updown-5m,0x5fa1a35ca3d786e461f55bfb61314bfa34710c16,0,,19,19,22,0.5,13,7,43,0.4418604651162791,0.00147389651694981
5m,300,btc-up-or-down-5m,btc-updown-5m,0x10cc256bae0d2e2728ceb307e5e62d02ed596e8b,0,,19,2,3,0.9047619047619048,13,2,61,0.3114754098360656,0.00147389651694981
5m,300,btc-up-or-down-5m,btc-updown-5m,0xc7c65ddc55dbdceeee4f06e44e7d4386fb9f9f64,0,,19,9,11,0.6785714285714286,13,4,57,0.3333333333333333,0.00147389651694981
5m,300,btc-up-or-down-5m,btc-updown-5m,0x6f178c1d906e21af88a868003f174f86ac29cfd4,0,,19,0,2,1.0,13,4,285,0.06666666666666667,0.00147389651694981
5m,300,btc-up-or-down-5m,btc-updown-5m,0xf0aaa9c44b5e0a9c5577a7550a354e2d336af7e3,0,,18,6,12,0.75,13,10,243,0.07407407407407407,0.0013963230160577147
5m,300,btc-up-or-down-5m,btc-updown-5m,0x81ad7ff3665039c17cd846a8d1ad39ba4c8236a2,0,,18,0,0,1.0,13,7,137,0.13138686131386862,0.0013963230160577147
5m,300,btc-up-or-down-5m,btc-updown-5m,0xb984350d87c731a3b823a957e0989876adb6a855,0,,18,5,8,0.782608695652174,13,10,168,0.10714285714285714,0.0013963230160577147
5m,300,btc-up-or-down-5m,btc-updown-5m,0xd3100381178e672b2c7d7e76ab8ed770561b80e3,0,,18,9,18,0.6666666666666666,13,12,980,0.018367346938775512,0.0013963230160577147
5m,300,btc-up-or-down-5m,btc-updown-5m,0x5b7f5658310cc783e92dd4e6cd98b1c7bbaadf17,0,,18,8,23,0.6923076923076923,13,8,939,0.019169329073482427,0.0013963230160577147
5m,300,btc-up-or-down-5m,btc-updown-5m,0x8dafae10d22cbccd155a3cf2d958bbb608618786,0,,18,2,2,0.9,13,6,100,0.18,0.0013963230160577147
5m,300,btc-up-or-down-5m,btc-updown-5m,0xb269d12b8d6ed457f4aadb24242a21fbc0096ade,0,,18,0,0,1.0,13,2,19,0.9473684210526315,0.0013963230160577147
5m,300,btc-up-or-down-5m,btc-updown-5m,0x16d7d86b51a68ca91a657f86194180135f171c40,0,,18,9,5,0.6666666666666666,13,3,318,0.05660377358490566,0.0013963230160577147
5m,300,btc-up-or-down-5m,btc-updown-5m,0x36735cd39be361602039b130f2185be722a94dae,0,,17,3,13,0.85,13,6,36,0.4722222222222222,0.0013187495151656195
5m,300,btc-up-or-down-5m,btc-updown-5m,0xc710c44f12e70c933ac1345c035130c37436b59a,0,,17,21,19,0.4473684210526316,13,9,297,0.05723905723905724,0.0013187495151656195
5m,300,btc-up-or-down-5m,btc-updown-5m,0x510959fcd8554501c9d592cb1426e1fe14cb7525,0,,17,8,6,0.68,13,10,434,0.03917050691244239,0.0013187495151656195
5m,300,btc-up-or-down-5m,btc-updown-5m,0x52b664956751764a64fac0add1e3137eaf6a6fba,0,,17,18,5,0.4857142857142857,13,11,255,0.06666666666666667,0.0013187495151656195
5m,300,btc-up-or-down-5m,btc-updown-5m,0x3b4bc74a9003a018ad7f0f36c1a82446fa331b0c,0,,17,12,17,0.5862068965517241,13,7,633,0.026856240126382307,0.0013187495151656195
5m,300,btc-up-or-down-5m,btc-updown-5m,0x583c47984d6400c9c74020afb685c0499f7386c0,0,,17,4,5,0.8095238095238095,13,9,628,0.027070063694267517,0.0013187495151656195
5m,300,btc-up-or-down-5m,btc-updown-5m,0x5ca0c86058ba116c63be1d57d3f6b41264ea20e7,0,,17,18,3,0.4857142857142857,13,6,235,0.07234042553191489,0.0013187495151656195
5m,300,btc-up-or-down-5m,btc-updown-5m,0x809425607f8fe581fcb8f2635ee6767e2c1732a0,0,,17,2,6,0.8947368421052632,13,8,125,0.136,0.0013187495151656195
5m,300,btc-up-or-down-5m,btc-updown-5m,0x180cfeefee77bf5a737faba213ce86085ac12753,0,,17,8,3,0.68,13,5,65,0.26153846153846155,0.0013187495151656195
5m,300,btc-up-or-down-5m,btc-updown-5m,0x565c29a430e7e835f81196a1ca2bdae928ac467e,0,,17,19,15,0.4722222222222222,13,5,566,0.030035335689045935,0.0013187495151656195
5m,300,btc-up-or-down-5m,btc-updown-5m,0x681fe402fd79fc3455edbb1dce99ec6bf1ce02d0,0,,17,5,1,0.7727272727272727,13,6,178,0.09550561797752809,0.0013187495151656195
5m,300,btc-up-or-down-5m,btc-updown-5m,0x9e15b9aa268e4bdeb03e8a7f91e42ab671ce903d,0,,17,4,1,0.8095238095238095,13,3,86,0.19767441860465115,0.0013187495151656195
5m,300,btc-up-or-down-5m,btc-updown-5m,0xfa18e7ad860b8ce85bdb3dce1cc4c7b876250f82,0,,17,1,1,0.9444444444444444,13,1,72,0.2361111111111111,0.0013187495151656195
5m,300,btc-up-or-down-5m,btc-updown-5m,0x44fbbf57401cfbe2138ded1108b4c906e64d74ce,0,,16,16,13,0.5,13,7,324,0.04938271604938271,0.001241176014273524
5m,300,btc-up-or-down-5m,btc-updown-5m,0xf3706503f6032d4f9fc82ca2efa62916700e4f88,0,,16,43,12,0.2711864406779661,13,10,533,0.0300187617260788,0.001241176014273524
5m,300,btc-up-or-down-5m,btc-updown-5m,0xefcf83b9d8032ef123ab0a85dc4cecbe122a24a2,0,,16,6,15,0.7272727272727273,13,7,141,0.11347517730496454,0.001241176014273524
5m,300,btc-up-or-down-5m,btc-updown-5m,0xcae0ff50fc543d2b63f1f4698e762ee2c1b321f2,0,,16,14,11,0.5333333333333333,13,9,138,0.11594202898550725,0.001241176014273524
5m,300,btc-up-or-down-5m,btc-updown-5m,0x87e348893cc03cc6860b3b07e22d87c968ba4f16,0,,16,7,16,0.6956521739130435,13,5,218,0.07339449541284404,0.001241176014273524
5m,300,btc-up-or-down-5m,btc-updown-5m,0x78d7fa4c174f96cc350ae70da9726011e4e7696a,0,,16,26,13,0.38095238095238093,13,6,88,0.18181818181818182,0.001241176014273524
5m,300,btc-up-or-down-5m,btc-updown-5m,0xb51bb86ea205921b7544c89199a0e2701c48c2f1,0,,16,20,10,0.4444444444444444,13,4,156,0.10256410256410256,0.001241176014273524
5m,300,btc-up-or-down-5m,btc-updown-5m,0x660ccf2d4c1708e336b2ea2ab7b300778ebe99f8,0,,16,17,1,0.48484848484848486,13,4,149,0.10738255033557047,0.001241176014273524
5m,300,btc-up-or-down-5m,btc-updown-5m,0x5339c9da744ff14e978081f99c2309c4d5529da3,0,,16,20,15,0.4444444444444444,13,1,90,0.17777777777777778,0.001241176014273524
5m,300,btc-up-or-down-5m,btc-updown-5m,0x6eb7a0c3c9966031cd9b1b8fd2bd6f9ae7e36ee9,0,,16,3,2,0.8421052631578947,13,7,360,0.044444444444444446,0.001241176014273524
5m,300,btc-up-or-down-5m,btc-updown-5m,0x3f0dc3880c43acb7f40c9163ba44650609303b76,0,,15,8,7,0.6521739130434783,13,7,270,0.05555555555555555,0.0011636025133814289
5m,300,btc-up-or-down-5m,btc-updown-5m,0x4e6f446878259fb3d5e536f711980ac63aa0358e,0,,15,4,0,0.7894736842105263,13,7,66,0.22727272727272727,0.0011636025133814289
5m,300,btc-up-or-down-5m,btc-updown-5m,0xc7d416352ae42e70e8ada176c76dc71c6a1ccf31,0,,15,11,2,0.5769230769230769,13,4,88,0.17045454545454544,0.0011636025133814289
5m,300,btc-up-or-down-5m,btc-updown-5m,0xa31688fe6f18407788737360c0ea3b7755ed762c,0,,15,26,22,0.36585365853658536,13,10,375,0.04,0.0011636025133814289
5m,300,btc-up-or-down-5m,btc-updown-5m,0x8c6dd9c86a9b58f45c8179a3485c6f8f54a0e40a,0,,15,4,3,0.7894736842105263,13,9,353,0.042492917847025496,0.0011636025133814289
5m,300,btc-up-or-down-5m,btc-updown-5m,0x2064226f0f8aefde7c73c83bb7a814c89d317ee8,0,,15,5,6,0.75,13,6,586,0.025597269624573378,0.0011636025133814289
5m,300,btc-up-or-down-5m,btc-updown-5m,0x5f02d66c8d3c932c0ae4e0b66f19ad317333c123,0,,15,3,7,0.8333333333333334,13,6,660,0.022727272727272728,0.0011636025133814289
5m,300,btc-up-or-down-5m,btc-updown-5m,0xa983f49ffe0c40254966e7b7ccef91f3b7367ab4,0,,15,5,18,0.75,13,3,105,0.14285714285714285,0.0011636025133814289
5m,300,btc-up-or-down-5m,btc-updown-5m,0xe511f9304ec0cf5a4b6844f7c81c1e075cab5b84,0,,15,1,2,0.9375,13,6,288,0.052083333333333336,0.0011636025133814289
5m,300,btc-up-or-down-5m,btc-updown-5m,0x6fdc687773d4ba8753ea406f4eb2a403051a953f,0,,15,15,5,0.5,13,7,320,0.046875,0.0011636025133814289
5m,300,btc-up-or-down-5m,btc-updown-5m,0x25e37873e0ada0b630ff3c5796c9746f595784f1,0,,15,31,29,0.32608695652173914,13,2,18,0.8333333333333334,0.0011636025133814289
5m,300,btc-up-or-down-5m,btc-updown-5m,0xd92f13f9c20e5739aae98032e443b13d9d823d83,0,,15,36,5,0.29411764705882354,13,2,18,0.8333333333333334,0.0011636025133814289
5m,300,btc-up-or-down-5m,btc-updown-5m,0x959d5cd0fe570a53a9f7276d1e188ae3c3cfde65,0,,15,18,27,0.45454545454545453,13,1,71,0.2112676056338028,0.0011636025133814289
5m,300,btc-up-or-down-5m,btc-updown-5m,0x1f82639883e1d8fb7708a08e9c949daff148d081,0,,14,2,1,0.875,13,6,231,0.06060606060606061,0.0010860290124893336
5m,300,btc-up-or-down-5m,btc-updown-5m,0x7fb62b19ecc94823c8024f48f6dd3ab05c73f165,0,,14,17,6,0.45161290322580644,13,4,38,0.3684210526315789,0.0010860290124893336
5m,300,btc-up-or-down-5m,btc-updown-5m,0xf6d94cf5dff2810f8f8cdec98976bdb3f307bfbf,0,,14,13,18,0.5185185185185185,13,8,580,0.02413793103448276,0.0010860290124893336
5m,300,btc-up-or-down-5m,btc-updown-5m,0x66835dd6e6ecb3b882c8d350899e9066c2d645ff,0,,14,5,4,0.7368421052631579,13,7,93,0.15053763440860216,0.0010860290124893336
5m,300,btc-up-or-down-5m,btc-updown-5m,0xfa091382ac65dacf39f15ddc63ca8adf82aaef0a,0,,14,6,9,0.7,13,3,48,0.2916666666666667,0.0010860290124893336
5m,300,btc-up-or-down-5m,btc-updown-5m,0xb284079d05b7f8438c3cec5f93f8058b35bba1ee,0,,14,1,10,0.9333333333333333,13,4,312,0.04487179487179487,0.0010860290124893336
5m,300,btc-up-or-down-5m,btc-updown-5m,0xa17583ba7376f4b593b07c7f6a71d1f24557516f,0,,14,1,3,0.9333333333333333,13,2,92,0.15217391304347827,0.0010860290124893336
5m,300,btc-up-or-down-5m,btc-updown-5m,0x9f57d465f3b01b2a8fec4a1fe2077d55a909ccb9,0,,14,9,13,0.6086956521739131,13,3,44,0.3181818181818182,0.0010860290124893336
5m,300,btc-up-or-down-5m,btc-updown-5m,0xb2403e46bc82d3a54012442917ca55bf948f93e9,0,,14,3,2,0.8235294117647058,13,5,84,0.16666666666666666,0.0010860290124893336
5m,300,btc-up-or-down-5m,btc-updown-5m,0xb9c7784348bc7d429ef5baef9c0e2b6249e8e3fc,0,,14,16,16,0.4666666666666667,13,2,13,1.0769230769230769,0.0010860290124893336
5m,300,btc-up-or-down-5m,btc-updown-5m,0x5e9f6e533d5203b6f5e9b5bc195acfd938ad4b67,0,,14,4,2,0.7777777777777778,13,7,505,0.027722772277227723,0.0010860290124893336
5m,300,btc-up-or-down-5m,btc-updown-5m,0xb147d65b02779d968b13e6ea8bb30cbff6a418a6,0,,14,7,8,0.6666666666666666,13,4,453,0.03090507726269316,0.0010860290124893336
5m,300,btc-up-or-down-5m,btc-updown-5m,0xd5409b98005415c3d3012f43b28ca043607bf3db,0,,14,0,10,1.0,13,4,152,0.09210526315789473,0.0010860290124893336
5m,300,btc-up-or-down-5m,btc-updown-5m,0x4169378e163bef165a8edfb7b898ae2872fec102,0,,14,7,9,0.6666666666666666,13,4,17,0.8235294117647058,0.0010860290124893336
5m,300,btc-up-or-down-5m,btc-updown-5m,0xad187142b45594f3f24d36b4e7f966d96e520b4f,0,,14,1,2,0.9333333333333333,13,2,48,0.2916666666666667,0.0010860290124893336
5m,300,btc-up-or-down-5m,btc-updown-5m,0x90dd11868a7830fe9c8b8c3da0853f9554b08e82,0,,14,17,1,0.45161290322580644,13,4,81,0.1728395061728395,0.0010860290124893336
5m,300,btc-up-or-down-5m,btc-updown-5m,0x1ef5bc369ae4a6ef98bcd443f2281c96ef2c9293,0,,14,3,0,0.8235294117647058,13,1,21,0.6666666666666666,0.0010860290124893336
5m,300,btc-up-or-down-5m,btc-updown-5m,0xd70dabbb41619c6a9e0e517ff6718713d7209d91,0,,13,10,1,0.5652173913043478,13,4,286,0.045454545454545456,0.0010084555115972384
5m,300,btc-up-or-down-5m,btc-updown-5m,0x7410e420400633e3a14f1b20bb058ee44a012a73,0,,13,1,5,0.9285714285714286,13,1,2,6.5,0.0010084555115972384
5m,300,btc-up-or-down-5m,btc-updown-5m,0x9d525184604f335cbc624a925760d898511b7405,0,,13,2,3,0.8666666666666667,13,5,144,0.09027777777777778,0.0010084555115972384
5m,300,btc-up-or-down-5m,btc-updown-5m,0x31393e2f8333d4a6e2e31ca6424defe8b6cb9e2e,0,,13,6,8,0.6842105263157895,13,4,131,0.09923664122137404,0.0010084555115972384
5m,300,btc-up-or-down-5m,btc-updown-5m,0xb3fbe5209658fb46138400a930981bdf50802e28,0,,13,3,5,0.8125,13,5,258,0.050387596899224806,0.0010084555115972384
5m,300,btc-up-or-down-5m,btc-updown-5m,0x5539bbe3d051cd1c45271fb40a07643d64a25cbe,0,,13,5,4,0.7222222222222222,13,2,86,0.1511627906976744,0.0010084555115972384
5m,300,btc-up-or-down-5m,btc-updown-5m,0xba39b634760b1a656ac2b6e83da52c2aeceedee9,0,,13,7,13,0.65,13,3,34,0.38235294117647056,0.0010084555115972384
5m,300,btc-up-or-down-5m,btc-updown-5m,0x2caa04be18032d8eba067fd6cdaafb697106a0d2,0,,13,2,1,0.8666666666666667,13,2,42,0.30952380952380953,0.0010084555115972384
5m,300,btc-up-or-down-5m,btc-updown-5m,0x76b9f4f076daf7cb85bc470f5d956542e1c9f0bd,0,,13,1,0,0.9285714285714286,13,3,45,0.28888888888888886,0.0010084555115972384
5m,300,btc-up-or-down-5m,btc-updown-5m,0x64bf06701a43abba2d267890cfcb2f8e352b8b1f,0,,13,13,1,0.5,13,4,416,0.03125,0.0010084555115972384
5m,300,btc-up-or-down-5m,btc-updown-5m,0x4b405f1dadab0e9e7aae14983709757f100dd1f8,0,,13,4,2,0.7647058823529411,13,5,164,0.07926829268292683,0.0010084555115972384
5m,300,btc-up-or-down-5m,btc-updown-5m,0x77fa3ed959968b7d4909b9d63a5a213c432d32c6,0,,13,23,0,0.3611111111111111,13,3,72,0.18055555555555555,0.0010084555115972384
5m,300,btc-up-or-down-5m,btc-updown-5m,0xd40cc56e4c81b6dcbb72ba18ab68ef3fb7b416d6,0,,13,16,9,0.4482758620689655,13,3,81,0.16049382716049382,0.0010084555115972384
5m,300,btc-up-or-down-5m,btc-updown-5m,0x0eff4f7be1f9dcbb21b421573e2ecb7d65016fa5,0,,13,10,6,0.5652173913043478,13,2,119,0.1092436974789916,0.0010084555115972384
5m,300,btc-up-or-down-5m,btc-updown-5m,0xb64acc7194bf546b828f4b4e97d28001fb36f2fa,0,,13,6,11,0.6842105263157895,13,4,230,0.05652173913043478,0.0010084555115972384
5m,300,btc-up-or-down-5m,btc-updown-5m,0x421c0febfce09e400d10e8f954b43dd5bfc1c5bd,0,,13,0,2,1.0,13,1,29,0.4482758620689655,0.0010084555115972384
5m,300,btc-up-or-down-5m,btc-updown-5m,0xcc9a16b9c662399a5e32a1c4e9ba3e66d82e5c58,0,,13,0,0,1.0,13,1,11,1.1818181818181819,0.0010084555115972384
5m,300,btc-up-or-down-5m,btc-updown-5m,0xac9138c24cc81733746e79d30909962d74078278,0,,13,4,14,0.7647058823529411,13,2,35,0.37142857142857144,0.0010084555115972384
5m,300,btc-up-or-down-5m,btc-updown-5m,0x20e0c9e25965a48077be41c5fae67e1b5f91caa7,0,,13,26,15,0.3333333333333333,13,3,297,0.04377104377104377,0.0010084555115972384
5m,300,btc-up-or-down-5m,btc-updown-5m,0x0188b90ca756ab57f5cc63c5c97664a8369aafc3,0,,500,86,387,0.8532423208191127,12,277,1717,0.29120559114735,0.03878675044604763
5m,300,btc-up-or-down-5m,btc-updown-5m,0xed89b210faa8d83a0484291b8c06b5d717dddf85,0,,126,75,66,0.6268656716417911,12,97,3743,0.0336628372962864,0.009774261112404002
5m,300,btc-up-or-down-5m,btc-updown-5m,0x36309c6e27fdce6f03ba86f514a6de4afe873f8f,0,,106,129,124,0.451063829787234,12,8,1056,0.10037878787878787,0.008222791094562098
5m,300,btc-up-or-down-5m,btc-updown-5m,0x7a53d03dc9ebebe76cb79e9d69c113891326ee8f,0,,96,80,115,0.5454545454545454,12,17,1331,0.07212622088655146,0.007447056085641145
5m,300,btc-up-or-down-5m,btc-updown-5m,0x48a924e458028426c763bec74205eb48d5ae3730,0,,85,74,61,0.5345911949685535,12,67,2512,0.033837579617834394,0.0065937475758280975
5m,300,btc-up-or-down-5m,btc-updown-5m,0x8e9cd5ec7a26d602b63b4bc4c193febb83c8ed64,0,,68,78,71,0.4657534246575342,12,39,4881,0.013931571399303422,0.005274998060662478
5m,300,btc-up-or-down-5m,btc-updown-5m,0xc3b377a79eb479350981e0fa9a070a6f39017c1b,0,,64,30,44,0.6808510638297872,12,16,764,0.08376963350785341,0.004964704057094096
5m,300,btc-up-or-down-5m,btc-updown-5m,0xf5c1325da8d819e0ce1ec0fde7cde72bcdb96683,0,,61,27,33,0.6931818181818182,12,15,52,1.1730769230769231,0.004731983554417811
5m,300,btc-up-or-down-5m,btc-updown-5m,0x772007b0347f31ba57673de818be5846d35af3bb,0,,59,70,49,0.4573643410852713,12,40,5757,0.01024839326037867,0.00457683655263362
5m,300,btc-up-or-down-5m,btc-updown-5m,0xbe7efb662ddd409a5265f6cc45251b3af537de23,0,,59,37,43,0.6145833333333334,12,11,142,0.4154929577464789,0.00457683655263362
5m,300,btc-up-or-down-5m,btc-updown-5m,0x30088d72c826065532ca9d0b25c66ccaa1c63c76,0,,57,21,30,0.7307692307692307,12,42,703,0.08108108108108109,0.00442168955084943
5m,300,btc-up-or-down-5m,btc-updown-5m,0x478783147157da20a9bec5b2395d5ee10b5959e4,0,,53,160,63,0.24882629107981222,12,9,95,0.5578947368421052,0.004111395547281049
5m,300,btc-up-or-down-5m,btc-updown-5m,0xf0dea895b4ce418ea63c7e3f9a5f4118bcf89f6a,0,,53,18,24,0.7464788732394366,12,33,575,0.09217391304347826,0.004111395547281049
5m,300,btc-up-or-down-5m,btc-updown-5m,0xb066420c951615bbda3cee4092b6c06b1a1ca0d7,0,,48,54,45,0.47058823529411764,12,33,4573,0.010496391865296304,0.0037235280428205724
5m,300,btc-up-or-down-5m,btc-updown-5m,0x5acd5e3552a284932ac6655f8b76379b1497058b,0,,46,20,27,0.696969696969697,12,4,33,1.393939393939394,0.003568381041036382
5m,300,btc-up-or-down-5m,btc-updown-5m,0x46834b249e842e80d800543476f70f65d1870592,0,,45,21,21,0.6818181818181818,12,28,443,0.10158013544018059,0.003490807540144287
5m,300,btc-up-or-down-5m,btc-updown-5m,0xdccb250d155c89f0cc0c06cafee2925ac16493ab,0,,43,24,36,0.6417910447761194,12,20,978,0.04396728016359918,0.0033356605383600964
5m,300,btc-up-or-down-5m,btc-updown-5m,0xae73dd54bec58e245d0b32f4cba4da0bdc7031a4,0,,43,18,19,0.7049180327868853,12,6,95,0.45263157894736844,0.0033356605383600964
5m,300,btc-up-or-down-5m,btc-updown-5m,0xe91016e83d11a0306c12ed390c79e89406eea40a,0,,42,74,26,0.3620689655172414,12,13,60,0.7,0.003258087037468001
5m,300,btc-up-or-down-5m,btc-updown-5m,0x5d7e57d00504a85ee12dbe7ac9056d97154551de,0,,42,29,31,0.5915492957746479,12,3,32,1.3125,0.003258087037468001
5m,300,btc-up-or-down-5m,btc-updown-5m,0x9fcdfb6e9695197b9723780f9192c1382cea1771,0,,40,22,20,0.6451612903225806,12,11,546,0.07326007326007326,0.0031029400356838103
5m,300,btc-up-or-down-5m,btc-updown-5m,0xcf9626fe1d59970af23d0600aeda1649e56756e2,0,,39,30,26,0.5652173913043478,12,22,2033,0.019183472700442697,0.003025366534791715
5m,300,btc-up-or-down-5m,btc-updown-5m,0x3d322396ab1447ffa9d2974f5c61f8d834caa2a7,0,,39,58,45,0.4020618556701031,12,23,911,0.042810098792535674,0.003025366534791715
5m,300,btc-up-or-down-5m,btc-updown-5m,0x2d3a2efa0516f700165b10561d90fa5a77287d4a,0,,37,15,8,0.7115384615384616,12,26,513,0.07212475633528265,0.0028702195330075246
5m,300,btc-up-or-down-5m,btc-updown-5m,0x1107c38847da47825d4f43b89bbd3b3f1a63de67,0,,37,14,11,0.7254901960784313,12,26,273,0.13553113553113552,0.0028702195330075246
5m,300,btc-up-or-down-5m,btc-updown-5m,0x0f3fc537631103d303110741e5d4f4399e11278a,0,,37,27,20,0.578125,12,8,275,0.13454545454545455,0.0028702195330075246
5m,300,btc-up-or-down-5m,btc-updown-5m,0xaade35faa2a4c0485fd190ee21c740b8d5288dd1,0,,37,22,12,0.6271186440677966,12,6,147,0.25170068027210885,0.0028702195330075246
5m,300,btc-up-or-down-5m,btc-updown-5m,0x5b1d976c356fc9d8929dce8f2e9282cf08651d9e,0,,35,16,6,0.6862745098039216,12,22,341,0.10263929618768329,0.002715072531223334
5m,300,btc-up-or-down-5m,btc-updown-5m,0xe28feea8eb5e5f909d574a92f860fa751712a9b0,0,,33,32,53,0.5076923076923077,12,15,576,0.057291666666666664,0.002559925529439144
5m,300,btc-up-or-down-5m,btc-updown-5m,0xdeebe52d6991fceeb57d8c6c7aea9f731192e5ad,0,,32,17,14,0.6530612244897959,12,23,1371,0.023340627279358133,0.002482352028547048
5m,300,btc-up-or-down-5m,btc-updown-5m,0x15cd3880dcc4870f48690d21ce396f3722601294,0,,32,17,16,0.6530612244897959,12,20,299,0.10702341137123746,0.002482352028547048
5m,300,btc-up-or-down-5m,btc-updown-5m,0x389e3201b39aa4b229e927097ddbeefe5bc084e8,0,,32,18,31,0.64,12,12,399,0.08020050125313283,0.002482352028547048
5m,300,btc-up-or-down-5m,btc-updown-5m,0xeaea6c147a97605c2936f6953f0d9edff43c3a45,0,,32,16,11,0.6666666666666666,12,8,564,0.05673758865248227,0.002482352028547048
5m,300,btc-up-or-down-5m,btc-updown-5m,0x2315afdef23d5dbf8afc517e0259b038ed4e7cca,0,,32,12,19,0.7272727272727273,12,2,96,0.3333333333333333,0.002482352028547048
5m,300,btc-up-or-down-5m,btc-updown-5m,0xce565e4ff47d2f46806665b8c84edceee55a16b1,0,,32,0,0,1.0,12,3,4,8.0,0.002482352028547048
5m,300,btc-up-or-down-5m,btc-updown-5m,0x5924ca480d8b08cd5f3e5811fa378c4082475af6,0,,31,26,16,0.543859649122807,12,29,6181,0.005015369681281346,0.002404778527654953
5m,300,btc-up-or-down-5m,btc-updown-5m,0x67da198ff960f3653b4c35968a3d08b057388de1,0,,30,17,6,0.6382978723404256,12,9,81,0.37037037037037035,0.0023272050267628577
5m,300,btc-up-or-down-5m,btc-updown-5m,0x7543dad3d9b2f6cb8d86e2f9c385a03c4df68147,0,,30,91,48,0.24793388429752067,12,8,69,0.43478260869565216,0.0023272050267628577
5m,300,btc-up-or-down-5m,btc-updown-5m,0x5195a3d459a40e6503ccf19798f3cd9551b0d864,0,,30,25,27,0.5454545454545454,12,23,1059,0.028328611898016998,0.0023272050267628577
5m,300,btc-up-or-down-5m,btc-updown-5m,0xae0a964d60ba60892bbf809808ecfbc4b7a7f0c8,0,,30,34,15,0.46875,12,25,736,0.04076086956521739,0.0023272050267628577
5m,300,btc-up-or-down-5m,btc-updown-5m,0x3a603f6b4354c091f4171c6c40995315df188717,0,,29,23,16,0.5576923076923077,12,7,171,0.1695906432748538,0.0022496315258707625
5m,300,btc-up-or-down-5m,btc-updown-5m,0xc5aa443fe1324cb0f3389dd268812f21ae37505c,0,,28,12,27,0.7,12,4,29,0.9655172413793104,0.0021720580249786673
5m,300,btc-up-or-down-5m,btc-updown-5m,0x910a85204b700e489b2cef4c927b58e650b2ec5c,0,,27,15,22,0.6428571428571429,12,14,685,0.03941605839416058,0.002094484524086572
5m,300,btc-up-or-down-5m,btc-updown-5m,0xbb1379bf6d5c97c846037fc472a6e5ad8b84d09b,0,,27,34,63,0.4426229508196721,12,4,19,1.4210526315789473,0.002094484524086572
5m,300,btc-up-or-down-5m,btc-updown-5m,0x34a494fe9a7751d20d0381b93853f1f138957fa4,0,,27,23,9,0.54,12,4,119,0.226890756302521,0.002094484524086572
5m,300,btc-up-or-down-5m,btc-updown-5m,0x6347e754b37220b9e519d686e15cad3129b24390,0,,27,5,7,0.84375,12,5,105,0.2571428571428571,0.002094484524086572
5m,300,btc-up-or-down-5m,btc-updown-5m,0xa1303d0d0403549c93c9cdc2866def3b916ded0d,0,,26,29,29,0.4727272727272727,12,21,4422,0.005879692446856626,0.002016911023194477
5m,300,btc-up-or-down-5m,btc-updown-5m,0x5947c51069f1416f3825a2485856a3460101cc22,0,,26,17,25,0.6046511627906976,12,6,335,0.07761194029850746,0.002016911023194477
5m,300,btc-up-or-down-5m,btc-updown-5m,0x4e9b86eccfa6351e55301673e7a97bfb2cbebf22,0,,25,2,29,0.9259259259259259,12,4,12,2.0833333333333335,0.0019393375223023814
5m,300,btc-up-or-down-5m,btc-updown-5m,0x66aad81698cf95f0de940585fe600fc2d1845bb7,0,,25,12,16,0.6756756756756757,12,13,326,0.07668711656441718,0.0019393375223023814
5m,300,btc-up-or-down-5m,btc-updown-5m,0x8bf25d2ee5539d6c3011b51d027d7e5d324c5fdf,0,,25,7,8,0.78125,12,8,64,0.390625,0.0019393375223023814
5m,300,btc-up-or-down-5m,btc-updown-5m,0xe613a7cea79227da1d8f56c91913c338417cc5ec,0,,25,25,23,0.5,12,11,411,0.06082725060827251,0.0019393375223023814
5m,300,btc-up-or-down-5m,btc-updown-5m,0x3e964287a08ea60b6445ecee56158e4a1fe0b306,0,,24,18,15,0.5714285714285714,12,12,219,0.1095890410958904,0.0018617640214102862
5m,300,btc-up-or-down-5m,btc-updown-5m,0x5aec2d2ee422dd30fef97579c6c05f0fac5f8065,0,,24,20,7,0.5454545454545454,12,14,735,0.0326530612244898,0.0018617640214102862
5m,300,btc-up-or-down-5m,btc-updown-5m,0xe9110342d70826a762c3a074ba36b677452a3947,0,,24,7,13,0.7741935483870968,12,5,106,0.22641509433962265,0.0018617640214102862
5m,300,btc-up-or-down-5m,btc-updown-5m,0xf7160f53a65e50e08c78b7fee0e8081514e8cbd6,0,,24,2,18,0.9230769230769231,12,5,98,0.24489795918367346,0.0018617640214102862
5m,300,btc-up-or-down-5m,btc-updown-5m,0xebd3c5e014451f72117231dfcddaaf11d6cc473c,0,,23,16,17,0.5897435897435898,12,18,265,0.08679245283018867,0.001784190520518191
5m,300,btc-up-or-down-5m,btc-updown-5m,0x3b706e5dc10d9d84a6f1a6595e955878b3e94936,0,,23,18,15,0.5609756097560976,12,6,96,0.23958333333333334,0.001784190520518191
5m,300,btc-up-or-down-5m,btc-updown-5m,0x9e3aa17994974d0521c28dce685181ddbdfb71c7,0,,22,17,10,0.5641025641025641,12,7,188,0.11702127659574468,0.0017066170196260958
5m,300,btc-up-or-down-5m,btc-updown-5m,0xc6b288de26e84138c841635d0324a3533a988e12,0,,22,12,21,0.6470588235294118,12,7,245,0.08979591836734693,0.0017066170196260958
5m,300,btc-up-or-down-5m,btc-updown-5m,0xd29008b2e0d1a288b37274fb1c221d2bf2c78580,0,,22,4,10,0.8461538461538461,12,13,307,0.07166123778501629,0.0017066170196260958
5m,300,btc-up-or-down-5m,btc-updown-5m,0xf42511ed2259aa0fd423513057f42634a9906d4f,0,,22,5,5,0.8148148148148148,12,8,22,1.0,0.0017066170196260958
5m,300,btc-up-or-down-5m,btc-updown-5m,0xaa3510ba1bc694786c0885af00040511042d113d,0,,22,9,11,0.7096774193548387,12,16,566,0.038869257950530034,0.0017066170196260958
5m,300,btc-up-or-down-5m,btc-updown-5m,0x4f7b73941847108935af4f53d931180eff66607c,0,,22,1,11,0.9565217391304348,12,1,9,2.4444444444444446,0.0017066170196260958
5m,300,btc-up-or-down-5m,btc-updown-5m,0xbfa304fccb78b8497c7da847a330f4b53f95c802,0,,22,1,1,0.9565217391304348,12,1,1,22.0,0.0017066170196260958
5m,300,btc-up-or-down-5m,btc-updown-5m,0x0859926988f596ea92d8fb25d2e67716e3e96e97,0,,22,1,1,0.9565217391304348,12,1,30,0.7333333333333333,0.0017066170196260958
5m,300,btc-up-or-down-5m,btc-updown-5m,0xb0acc85a9a6fd2cac5d86e2c77b32c4c64a8581f,0,,22,3,1,0.88,12,1,16,1.375,0.0017066170196260958
5m,300,btc-up-or-down-5m,btc-updown-5m,0xe591ae44da3c12c0a8648fcec9ebeaaefd17b3f6,0,,22,3,12,0.88,12,2,26,0.8461538461538461,0.0017066170196260958
5m,300,btc-up-or-down-5m,btc-updown-5m,0xcb3ac7f2622b6dda2813fb880d78281a4c983617,0,,21,11,24,0.65625,12,16,844,0.024881516587677725,0.0016290435187340006
5m,300,btc-up-or-down-5m,btc-updown-5m,0x40e1fa7087fc51261330e080b1b6aec3fe6030ff,0,,21,4,11,0.84,12,2,22,0.9545454545454546,0.0016290435187340006
5m,300,btc-up-or-down-5m,btc-updown-5m,0xa96d95edcaffc41d4573bb1c55c96e64b9c51818,0,,21,22,6,0.4883720930232558,12,6,239,0.08786610878661087,0.0016290435187340006
5m,300,btc-up-or-down-5m,btc-updown-5m,0xf2dc04bf0dde95940b2ad85bfd32965611d267d0,0,,21,7,10,0.75,12,3,182,0.11538461538461539,0.0016290435187340006
5m,300,btc-up-or-down-5m,btc-updown-5m,0x8d009282a7572026ec03f2dbd6e627ad7ac00121,0,,21,21,7,0.5,12,5,150,0.14,0.0016290435187340006
5m,300,btc-up-or-down-5m,btc-updown-5m,0x81de7747d61986b4232020cf4b8117f1191a4db7,0,,21,38,38,0.3559322033898305,12,5,82,0.25609756097560976,0.0016290435187340006
5m,300,btc-up-or-down-5m,btc-updown-5m,0x95dac81159c1dca456f329c3b71b28eb089ef58b,0,,21,2,13,0.9130434782608695,12,2,42,0.5,0.0016290435187340006
5m,300,btc-up-or-down-5m,btc-updown-5m,0x291c0c14d1487266e321834754e4cecbb1b3cba4,0,,20,4,9,0.8333333333333334,12,5,39,0.5128205128205128,0.0015514700178419051
5m,300,btc-up-or-down-5m,btc-updown-5m,0x966dfabbe9d8171c756be390163aa1500edf4abf,0,,20,18,21,0.5263157894736842,12,13,705,0.028368794326241134,0.0015514700178419051
5m,300,btc-up-or-down-5m,btc-updown-5m,0xa51b557ef3721f2ebc95c242341e966f5ae8751e,0,,20,1,13,0.9523809523809523,12,8,122,0.16393442622950818,0.0015514700178419051
5m,300,btc-up-or-down-5m,btc-updown-5m,0xb47f30656638886d5dbf0bc8bcef8392ecce3d37,0,,19,19,24,0.5,12,8,354,0.05367231638418079,0.00147389651694981
5m,300,btc-up-or-down-5m,btc-updown-5m,0xc619d1ae008f0cf6242005cd983be0fb4070ab61,0,,19,8,21,0.7037037037037037,12,18,859,0.02211874272409779,0.00147389651694981
5m,300,btc-up-or-down-5m,btc-updown-5m,0xe1f1ced54ab41769904c74630d622722c32a58da,0,,19,17,14,0.5277777777777778,12,16,1424,0.013342696629213483,0.00147389651694981
5m,300,btc-up-or-down-5m,btc-updown-5m,0x7b4d57612fea4a9b82c8af875636849b717d01c3,0,,19,28,32,0.40425531914893614,12,4,85,0.2235294117647059,0.00147389651694981
5m,300,btc-up-or-down-5m,btc-updown-5m,0x2b5ab2a203f835ab6575f3d93dbbbb8a8fa30d4a,0,,19,22,48,0.4634146341463415,12,7,180,0.10555555555555556,0.00147389651694981
5m,300,btc-up-or-down-5m,btc-updown-5m,0x42f3c7ac068a068ecd43666470e2efb8eeae1e83,0,,19,2,22,0.9047619047619048,12,2,160,0.11875,0.00147389651694981
5m,300,btc-up-or-down-5m,btc-updown-5m,0xe887707358c67379e507d1c69effcbd14e619d22,0,,19,0,2,1.0,12,2,53,0.3584905660377358,0.00147389651694981
5m,300,btc-up-or-down-5m,btc-updown-5m,0xc7501744ca3f5d168df873bedc56209239ee4f38,0,,19,23,19,0.4523809523809524,12,4,50,0.38,0.00147389651694981
5m,300,btc-up-or-down-5m,btc-updown-5m,0xf6c357b3dd43cd70dab834a4e24f0b0b854bb1ac,0,,18,10,5,0.6428571428571429,12,14,505,0.03564356435643564,0.0013963230160577147
5m,300,btc-up-or-down-5m,btc-updown-5m,0x2fd8cf35414661b55c34a8068d12aabf0f9171be,0,,18,12,16,0.6,12,10,357,0.05042016806722689,0.0013963230160577147
5m,300,btc-up-or-down-5m,btc-updown-5m,0x3c887b466170f655cda1a193bdf3f7fd9ff013ca,0,,18,15,16,0.5454545454545454,12,10,715,0.025174825174825177,0.0013963230160577147
5m,300,btc-up-or-down-5m,btc-updown-5m,0xc6b8087afaad65d8633003122cb1e17f8015c763,0,,18,16,12,0.5294117647058824,12,5,170,0.10588235294117647,0.0013963230160577147
5m,300,btc-up-or-down-5m,btc-updown-5m,0x1af41d64a548e3d2c5d2aaee191aeb668b1b0ae5,0,,18,0,0,1.0,12,1,36,0.5,0.0013963230160577147
5m,300,btc-up-or-down-5m,btc-updown-5m,0x3db5626a7e4cde828c976a4b13642305dcc53dd2,0,,18,6,4,0.75,12,6,167,0.10778443113772455,0.0013963230160577147
5m,300,btc-up-or-down-5m,btc-updown-5m,0x6e954b7a66b5e55e38a3c0588bb115d0e400d6b2,0,,18,31,24,0.3673469387755102,12,3,203,0.08866995073891626,0.0013963230160577147
5m,300,btc-up-or-down-5m,btc-updown-5m,0x36d0d98692f5540901859b709fe760c140e95e56,0,,18,9,15,0.6666666666666666,12,2,33,0.5454545454545454,0.0013963230160577147
5m,300,btc-up-or-down-5m,btc-updown-5m,0x485c5603bc1ab150ede516a917d487ba82ea199e,0,,17,11,6,0.6071428571428571,12,7,372,0.0456989247311828,0.0013187495151656195
5m,300,btc-up-or-down-5m,btc-updown-5m,0x30fadf65c611e25cc1f6114f3685d3d32acc5444,0,,17,8,6,0.68,12,7,238,0.07142857142857142,0.0013187495151656195
5m,300,btc-up-or-down-5m,btc-updown-5m,0xbf2493489de1a0f2f47962c6bed5befc5e5407cb,0,,17,21,16,0.4473684210526316,12,9,110,0.15454545454545454,0.0013187495151656195
5m,300,btc-up-or-down-5m,btc-updown-5m,0x4e30401826a11c3f315047002a4f1898b91e9d3e,0,,17,5,9,0.7727272727272727,12,5,113,0.1504424778761062,0.0013187495151656195
5m,300,btc-up-or-down-5m,btc-updown-5m,0x04849ea1c5dca8f6cae51a163734e5bec43cbe3f,0,,17,17,5,0.5,12,7,217,0.07834101382488479,0.0013187495151656195
5m,300,btc-up-or-down-5m,btc-updown-5m,0xa4c130c65b64917037d5121ea6294652afc30f60,0,,17,12,9,0.5862068965517241,12,1,260,0.06538461538461539,0.0013187495151656195
5m,300,btc-up-or-down-5m,btc-updown-5m,0x74ce50a376970aac31990b0dddf6f90dde62d255,0,,17,7,12,0.7083333333333334,12,6,204,0.08333333333333333,0.0013187495151656195
5m,300,btc-up-or-down-5m,btc-updown-5m,0x5f5b073f77ded3695dc73936180ed9ab38fac9b8,0,,16,5,5,0.7619047619047619,12,10,285,0.056140350877192984,0.001241176014273524
5m,300,btc-up-or-down-5m,btc-updown-5m,0x4ba5a63f08c8b382810c854cc3261eb47ec6acc3,0,,16,19,14,0.45714285714285713,12,9,304,0.05263157894736842,0.001241176014273524
5m,300,btc-up-or-down-5m,btc-updown-5m,0x7f59998477864871448e312011fa5cc6b210b636,0,,16,17,25,0.48484848484848486,12,4,10,1.6,0.001241176014273524
5m,300,btc-up-or-down-5m,btc-updown-5m,0xa1621285f2f772b1feb1f727e55790d1e744bab2,0,,16,2,7,0.8888888888888888,12,8,143,0.11188811188811189,0.001241176014273524
5m,300,btc-up-or-down-5m,btc-updown-5m,0x0c2987749657f7a6f7a5bb943d7fd4fda27266ee,0,,16,7,9,0.6956521739130435,12,3,23,0.6956521739130435,0.001241176014273524
5m,300,btc-up-or-down-5m,btc-updown-5m,0xd3d912d65e21e58205af98e5bb586b483d7b3b57,0,,16,4,19,0.8,12,8,174,0.09195402298850575,0.001241176014273524
5m,300,btc-up-or-down-5m,btc-updown-5m,0x7afc35f6dafbde0d4e378720d9442ee540e069c8,0,,16,2,11,0.8888888888888888,12,5,42,0.38095238095238093,0.001241176014273524
5m,300,btc-up-or-down-5m,btc-updown-5m,0x60fdbf14f26fa8620d3f999e55a7b4b8065f9413,0,,15,24,18,0.38461538461538464,12,5,302,0.04966887417218543,0.0011636025133814289
5m,300,btc-up-or-down-5m,btc-updown-5m,0x0025ad09aff05d92a92b451599698e8a183ec0b5,0,,15,22,13,0.40540540540540543,12,7,126,0.11904761904761904,0.0011636025133814289
5m,300,btc-up-or-down-5m,btc-updown-5m,0xc4a1024327cb34945fa556d250a55723050dd4d1,0,,15,6,27,0.7142857142857143,12,6,141,0.10638297872340426,0.0011636025133814289
5m,300,btc-up-or-down-5m,btc-updown-5m,0x1e6bb2ea78c1cc1240971e718e22e934c5db50a2,0,,15,14,3,0.5172413793103449,12,7,216,0.06944444444444445,0.0011636025133814289
5m,300,btc-up-or-down-5m,btc-updown-5m,0x9dbecff9ddc640db30a1443803ac747ace67fc9f,0,,15,8,6,0.6521739130434783,12,6,472,0.03177966101694915,0.0011636025133814289
5m,300,btc-up-or-down-5m,btc-updown-5m,0x88456ddb23726614342a3ebaf69a19ae93c009ae,0,,15,14,22,0.5172413793103449,12,8,226,0.06637168141592921,0.0011636025133814289
5m,300,btc-up-or-down-5m,btc-updown-5m,0x13c7eb05ad3982359560c6494ad5343e95d91661,0,,15,31,6,0.32608695652173914,12,3,205,0.07317073170731707,0.0011636025133814289
5m,300,btc-up-or-down-5m,btc-updown-5m,0xbfdfdd22851489a6056b2ffdd054d1b3b50a81ef,0,,15,6,3,0.7142857142857143,12,5,169,0.08875739644970414,0.0011636025133814289
5m,300,btc-up-or-down-5m,btc-updown-5m,0x2effa000f913c98e0b2bab02a8573b4ce5e25acb,0,,15,8,10,0.6521739130434783,12,7,523,0.028680688336520075,0.0011636025133814289
5m,300,btc-up-or-down-5m,btc-updown-5m,0x99dc663547fe7f12113f7b01e7d53a86c6e6bcda,0,,15,15,15,0.5,12,4,54,0.2777777777777778,0.0011636025133814289
5m,300,btc-up-or-down-5m,btc-updown-5m,0x6aece3a958e40d312df72d621ae5a254dbdf56d7,0,,14,5,7,0.7368421052631579,12,4,270,0.05185185185185185,0.0010860290124893336
5m,300,btc-up-or-down-5m,btc-updown-5m,0xc0f0707f5ff02d53a2c373526638f115925be11f,0,,14,4,9,0.7777777777777778,12,7,203,0.06896551724137931,0.0010860290124893336
5m,300,btc-up-or-down-5m,btc-updown-5m,0xc8f53abe58bff1f5e8415e4abe1c53a083bd017e,0,,14,4,6,0.7777777777777778,12,8,145,0.09655172413793103,0.0010860290124893336
5m,300,btc-up-or-down-5m,btc-updown-5m,0x42f20c66a8671fe54803c9ff92ff072cbb7f4ba6,0,,14,11,18,0.56,12,2,33,0.42424242424242425,0.0010860290124893336
5m,300,btc-up-or-down-5m,btc-updown-5m,0xdb29a2b98ec464d6ca09deaecc58f27eaf0facb7,0,,14,12,17,0.5384615384615384,12,4,57,0.24561403508771928,0.0010860290124893336
5m,300,btc-up-or-down-5m,btc-updown-5m,0x91ecade73ead63bf15647eb6fe22398135811f42,0,,14,0,0,1.0,12,2,58,0.2413793103448276,0.0010860290124893336
5m,300,btc-up-or-down-5m,btc-updown-5m,0xa3048a8f507bef76e83e691e5e08be4362df5499,0,,14,3,10,0.8235294117647058,12,1,74,0.1891891891891892,0.0010860290124893336
5m,300,btc-up-or-down-5m,btc-updown-5m,0xb66374dbc720d17da181ddceb2f642b5fb3754b3,0,,14,0,0,1.0,12,1,16,0.875,0.0010860290124893336
5m,300,btc-up-or-down-5m,btc-updown-5m,0x864adb0cafb444306e812792f2ec1a14cea7cf97,0,,14,3,7,0.8235294117647058,12,7,315,0.044444444444444446,0.0010860290124893336
5m,300,btc-up-or-down-5m,btc-updown-5m,0x68455ff79c8184cf0c290cf6600dbb0d8b9bbe3e,0,,14,5,3,0.7368421052631579,12,4,61,0.22950819672131148,0.0010860290124893336
5m,300,btc-up-or-down-5m,btc-updown-5m,0x4fa3834741f50187dda84954fcd0002a469329c4,0,,14,2,0,0.875,12,5,56,0.25,0.0010860290124893336
5m,300,btc-up-or-down-5m,btc-updown-5m,0x7517ab6e62b29969761ea1f019251e3f512530c2,0,,14,2,1,0.875,12,5,54,0.25925925925925924,0.0010860290124893336
5m,300,btc-up-or-down-5m,btc-updown-5m,0xc4c4db913aeb8d6377fe5d6253448f0477ff924e,0,,14,2,1,0.875,12,5,50,0.28,0.0010860290124893336
5m,300,btc-up-or-down-5m,btc-updown-5m,0x34cc287197ce290e70a4eff2cb7509db12281d03,0,,13,0,1,1.0,12,7,120,0.10833333333333334,0.0010084555115972384
5m,300,btc-up-or-down-5m,btc-updown-5m,0x07f5dccfd3dc138b392cc48b608054e41a51a88a,0,,13,3,8,0.8125,12,5,164,0.07926829268292683,0.0010084555115972384
5m,300,btc-up-or-down-5m,btc-updown-5m,0x65dd8bc3cdc8eac3675cc05c91fa1df8550ea541,0,,13,7,8,0.65,12,4,191,0.06806282722513089,0.0010084555115972384
5m,300,btc-up-or-down-5m,btc-updown-5m,0xa96bfe4bff1d78cc1af90ca9e7fafb76ac3de78e,0,,13,13,3,0.5,12,5,143,0.09090909090909091,0.0010084555115972384
5m,300,btc-up-or-down-5m,btc-updown-5m,0xfb0a6aac5a3f35a4d670ad3252d631917a5c2c8d,0,,13,16,30,0.4482758620689655,12,5,178,0.07303370786516854,0.0010084555115972384
5m,300,btc-up-or-down-5m,btc-updown-5m,0xecb36521eb6e9412041ee04bc8e233234ee0bee9,0,,13,17,13,0.43333333333333335,12,2,95,0.1368421052631579,0.0010084555115972384
5m,300,btc-up-or-down-5m,btc-updown-5m,0x80f2de23193ca4a66529d3c2fe7400b525c63484,0,,13,7,12,0.65,12,6,116,0.11206896551724138,0.0010084555115972384
5m,300,btc-up-or-down-5m,btc-updown-5m,0x8fd12d1e187d40e816c95ed90fb7d38d65ba344f,0,,13,3,7,0.8125,12,6,151,0.08609271523178808,0.0010084555115972384
5m,300,btc-up-or-down-5m,btc-updown-5m,0xc3fa1775c3739a60083d49919ddffdec1d9a4531,0,,13,3,15,0.8125,12,2,42,0.30952380952380953,0.0010084555115972384
5m,300,btc-up-or-down-5m,btc-updown-5m,0xa6b7041b390a8adff3c369b08d2a9a6451312309,0,,13,21,13,0.38235294117647056,12,8,461,0.028199566160520606,0.0010084555115972384
5m,300,btc-up-or-down-5m,btc-updown-5m,0x93a4e5c1138292a8cfa59c821e00cb32e120af3e,0,,13,3,3,0.8125,12,3,171,0.07602339181286549,0.0010084555115972384
5m,300,btc-up-or-down-5m,btc-updown-5m,0x4eefa976a63e7c8b1ddc5ebb755748a0b0edc7bd,0,,13,21,14,0.38235294117647056,12,2,96,0.13541666666666666,0.0010084555115972384
5m,300,btc-up-or-down-5m,btc-updown-5m,0xdae68387c9f13fec28ba40a6be69b16b68ea7d39,0,,13,2,20,0.8666666666666667,12,3,76,0.17105263157894737,0.0010084555115972384
5m,300,btc-up-or-down-5m,btc-updown-5m,0x0e115070b6b94e653c61b1a8e4ea194a066d35d3,0,,13,6,24,0.6842105263157895,12,4,163,0.07975460122699386,0.0010084555115972384
5m,300,btc-up-or-down-5m,btc-updown-5m,0x795e3e3a0df70eb7144386ac6f0b8ae037227768,0,,13,9,24,0.5909090909090909,12,5,218,0.05963302752293578,0.0010084555115972384
5m,300,btc-up-or-down-5m,btc-updown-5m,0xb8b3d9bf3b07a7b9fa3ec15f27f0a9166f2253f0,0,,13,16,9,0.4482758620689655,12,7,346,0.03757225433526012,0.0010084555115972384
5m,300,btc-up-or-down-5m,btc-updown-5m,0x84413583462b68f0a379f533bcbdcd089acfbc73,0,,13,21,4,0.38235294117647056,12,6,356,0.03651685393258427,0.0010084555115972384
5m,300,btc-up-or-down-5m,btc-updown-5m,0xaab1ebce0df66381001d68708df47259568effe9,0,,13,7,10,0.65,12,6,189,0.06878306878306878,0.0010084555115972384
5m,300,btc-up-or-down-5m,btc-updown-5m,0xb260e618bd5b0351f54cbb6b2370def471af715a,0,,13,25,5,0.34210526315789475,12,5,147,0.08843537414965986,0.0010084555115972384
5m,300,btc-up-or-down-5m,btc-updown-5m,0x9f9e9511af48079ecf57872974d2605aeb8e7fd8,0,,13,8,7,0.6190476190476191,12,3,55,0.23636363636363636,0.0010084555115972384
5m,300,btc-up-or-down-5m,btc-updown-5m,0xc7280ccc66ac3c7803a935922366f7d9ae65c2c2,0,,13,4,16,0.7647058823529411,12,1,46,0.2826086956521739,0.0010084555115972384
5m,300,btc-up-or-down-5m,btc-updown-5m,0xee9f83a07c0f06466a8929ad1abf441537318c0c,0,,13,7,15,0.65,12,1,47,0.2765957446808511,0.0010084555115972384
5m,300,btc-up-or-down-5m,btc-updown-5m,0xcfc57688e91d4d5e59b734c6be7e5d4311c8018d,0,,13,19,5,0.40625,12,1,22,0.5909090909090909,0.0010084555115972384
5m,300,btc-up-or-down-5m,btc-updown-5m,0x1cca9952c701892e0456a5411968cd8509a050e9,0,,13,20,6,0.3939393939393939,12,1,144,0.09027777777777778,0.0010084555115972384
5m,300,btc-up-or-down-5m,btc-updown-5m,0x0a278a562c9eec4da923deaea96446b8f17e52d2,0,,13,0,0,1.0,12,1,4,3.25,0.0010084555115972384
5m,300,btc-up-or-down-5m,btc-updown-5m,0x3ee52bafe56e27495e8fb3571988bdea52fd4aa0,0,,12,2,3,0.8571428571428571,12,8,169,0.07100591715976332,0.0009308820107051431
5m,300,btc-up-or-down-5m,btc-updown-5m,0xcc3e670fe5b5297da01fc989b7fd42815b4f0e8d,0,,12,3,2,0.8,12,3,57,0.21052631578947367,0.0009308820107051431
5m,300,btc-up-or-down-5m,btc-updown-5m,0x1d0d5bf92943a67e8f60ef3927a7cef9042cd782,0,,12,13,4,0.48,12,4,124,0.0967741935483871,0.0009308820107051431
5m,300,btc-up-or-down-5m,btc-updown-5m,0x1150df9a44f8dd4397ee4649966cfcac40661054,0,,12,4,2,0.75,12,2,24,0.5,0.0009308820107051431
5m,300,btc-up-or-down-5m,btc-updown-5m,0xf8fe5c1bfcc8c3b68641fc752ff729ca729e49fc,0,,12,15,22,0.4444444444444444,12,4,204,0.058823529411764705,0.0009308820107051431
5m,300,btc-up-or-down-5m,btc-updown-5m,0x62d4e1346e01c8f9e867dfcb4999eabed9034e1a,0,,12,0,4,1.0,12,1,114,0.10526315789473684,0.0009308820107051431
5m,300,btc-up-or-down-5m,btc-updown-5m,0xc22cec2d723f541a1576380e5637485c1c838730,0,,12,2,8,0.8571428571428571,12,3,91,0.13186813186813187,0.0009308820107051431
5m,300,btc-up-or-down-5m,btc-updown-5m,0x9a94a2fd56c49aa44f87900b749a733be40e1116,0,,12,1,1,0.9230769230769231,12,1,18,0.6666666666666666,0.0009308820107051431
5m,300,btc-up-or-down-5m,btc-updown-5m,0x53073107512fdbfbbb951facf5c9f5e57e50d0ec,0,,12,1,4,0.9230769230769231,12,3,103,0.11650485436893204,0.0009308820107051431
5m,300,btc-up-or-down-5m,btc-updown-5m,0xb3334b5b9f8a8e60d199c139014f146e41f731bd,0,,12,2,4,0.8571428571428571,12,7,167,0.0718562874251497,0.0009308820107051431
5m,300,btc-up-or-down-5m,btc-updown-5m,0x542a0b82b98f832641dc8d6933884fd227030312,0,,12,8,5,0.6,12,3,126,0.09523809523809523,0.0009308820107051431
5m,300,btc-up-or-down-5m,btc-updown-5m,0x4964c9752f0170226c4fc5b01c6be7e96a8c3896,0,,12,2,1,0.8571428571428571,12,1,13,0.9230769230769231,0.0009308820107051431
5m,300,btc-up-or-down-5m,btc-updown-5m,0x51cc7597006d8fb1bb2c630e83346c2095a0c6f8,0,,12,1,2,0.9230769230769231,12,1,3,4.0,0.0009308820107051431
5m,300,btc-up-or-down-5m,btc-updown-5m,0xd72911a750e70094a4f8f7d837487840a1a453bf,0,,12,1,0,0.9230769230769231,12,2,73,0.1643835616438356,0.0009308820107051431
5m,300,btc-up-or-down-5m,btc-updown-5m,0x7b8ea6d1b1b8ae2551243abca77a7a352c8475fc,0,,12,0,0,1.0,12,2,26,0.46153846153846156,0.0009308820107051431
5m,300,btc-up-or-down-5m,btc-updown-5m,0x1b3f7b4fc3dd778d8bb26c1cdfe07a9cd36bb72d,0,,12,3,5,0.8,12,3,231,0.05194805194805195,0.0009308820107051431
5m,300,btc-up-or-down-5m,btc-updown-5m,0x04e6c1fb050ab05a6f711e31fb2e3c8c6502e5c7,0,,12,12,14,0.5,12,4,273,0.04395604395604396,0.0009308820107051431
5m,300,btc-up-or-down-5m,btc-updown-5m,0xbd82f929204db8dc7f5bd26c66e4b012cf39e501,0,,12,2,3,0.8571428571428571,12,1,9,1.3333333333333333,0.0009308820107051431
5m,300,btc-up-or-down-5m,btc-updown-5m,0x5d8101f57fabf434ddf9d245d3fe19c6ead3595c,0,,12,2,13,0.8571428571428571,12,1,11,1.0909090909090908,0.0009308820107051431
5m,300,btc-up-or-down-5m,btc-updown-5m,0x1ef66f76bee9a45f81904a5bc7e21aa750a26bbd,0,,12,2,1,0.8571428571428571,12,3,23,0.5217391304347826,0.0009308820107051431
5m,300,btc-up-or-down-5m,btc-updown-5m,0xac4ebd81babb921671b065cf5bd6da76738db80c,0,,12,5,11,0.7058823529411765,12,2,16,0.75,0.0009308820107051431
5m,300,btc-up-or-down-5m,btc-updown-5m,0x746289181388fdac4c938fdf053d66748304a52c,0,,12,0,0,1.0,12,3,26,0.46153846153846156,0.0009308820107051431
5m,300,btc-up-or-down-5m,btc-updown-5m,0xdc4ad5b16a7b29e408acdcc7ee1f4dbc37a4e4bd,0,,12,1,6,0.9230769230769231,12,3,170,0.07058823529411765,0.0009308820107051431
5m,300,btc-up-or-down-5m,btc-updown-5m,0x30547f5b1a24e3e5ef2bde9b359e23150c823a45,0,,12,2,1,0.8571428571428571,12,2,21,0.5714285714285714,0.0009308820107051431
5m,300,btc-up-or-down-5m,btc-updown-5m,0x218277fe1649c07b931d66584597ed606d427e0f,0,,12,22,0,0.35294117647058826,12,4,22,0.5454545454545454,0.0009308820107051431
5m,300,btc-up-or-down-5m,btc-updown-5m,0x798fc46ec379422e29fb2ab657f1d55b2f51cef0,0,,12,1,1,0.9230769230769231,12,3,62,0.1935483870967742,0.0009308820107051431
5m,300,btc-up-or-down-5m,btc-updown-5m,0xc9d0f0237002e5866516b7177232acffb43bd29b,0,,12,14,3,0.46153846153846156,12,2,9,1.3333333333333333,0.0009308820107051431
5m,300,btc-up-or-down-5m,btc-updown-5m,0x216081e17f7baf542f620824799ca125575da782,0,,12,0,0,1.0,12,1,9,1.3333333333333333,0.0009308820107051431
5m,300,btc-up-or-down-5m,btc-updown-5m,0x35681625fc9a3125bcb903d64fb8c664f6c47686,0,,12,3,4,0.8,12,2,54,0.2222222222222222,0.0009308820107051431
5m,300,btc-up-or-down-5m,btc-updown-5m,0x8b3037fb0bc2b9e4566005d25d1d38b53c9672f0,0,,12,10,3,0.5454545454545454,12,3,215,0.05581395348837209,0.0009308820107051431
5m,300,btc-up-or-down-5m,btc-updown-5m,0x2d6c516396f88ce0ff69d21d41eb0b5854e3cad4,0,,12,0,0,1.0,12,2,59,0.2033898305084746,0.0009308820107051431
5m,300,btc-up-or-down-5m,btc-updown-5m,0x3a3cfb9579bb24e68aaf83f14c877bb26f606ee2,0,,12,0,0,1.0,12,1,17,0.7058823529411765,0.0009308820107051431
5m,300,btc-up-or-down-5m,btc-updown-5m,0x3be45ed5f7c54aa7ae01451524cb5ff81a3e6ac9,0,,12,0,0,1.0,12,1,4,3.0,0.0009308820107051431
5m,300,btc-up-or-down-5m,btc-updown-5m,0x23939aeeb76fb13766bea807f66482da830d5618,0,,12,14,0,0.46153846153846156,12,1,9,1.3333333333333333,0.0009308820107051431
5m,300,btc-up-or-down-5m,btc-updown-5m,0xd84b935827034fbbc2575e5332e6a3cfda812120,0,,12,0,0,1.0,12,1,9,1.3333333333333333,0.0009308820107051431
5m,300,btc-up-or-down-5m,btc-updown-5m,0xf2bc9842224329db0e269f6f17930fac85fdaef0,0,,12,2,13,0.8571428571428571,12,1,1,12.0,0.0009308820107051431
5m,300,btc-up-or-down-5m,btc-updown-5m,0x918182b8a1138616b975c79e5443d5f369ede16b,0,,12,4,4,0.75,12,3,232,0.05172413793103448,0.0009308820107051431
5m,300,btc-up-or-down-5m,btc-updown-5m,0x3477f6b64e73ccdcecbdf3ef636f8496e66beb63,0,,12,11,9,0.5217391304347826,12,3,341,0.03519061583577713,0.0009308820107051431
5m,300,btc-up-or-down-5m,btc-updown-5m,0xe312687108552daa28488e23323c740b20ffc00e,0,,12,8,2,0.6,12,1,37,0.32432432432432434,0.0009308820107051431
5m,300,btc-up-or-down-5m,btc-updown-5m,0x35890fdd277578ecd9d51ddb088d764101bd35c0,0,,12,5,0,0.7058823529411765,12,1,54,0.2222222222222222,0.0009308820107051431
5m,300,btc-up-or-down-5m,btc-updown-5m,0xf087f34c79fe326ffa59c7038cac14f7fe8c0461,0,,12,0,0,1.0,12,2,4,3.0,0.0009308820107051431
5m,300,btc-up-or-down-5m,btc-updown-5m,0xea5ecd1bf5b2646ff7d27d8512a8aec076a7cd9a,0,,12,36,24,0.25,12,1,40,0.3,0.0009308820107051431
5m,300,btc-up-or-down-5m,btc-updown-5m,0x98837beac4de82881610de566846b1bbd0d22fb7,0,,12,1,13,0.9230769230769231,12,1,14,0.8571428571428571,0.0009308820107051431
5m,300,btc-up-or-down-5m,btc-updown-5m,0x1b58d3de60d7f9e1aefdc9449e8d3733ea096f11,0,,140,20,103,0.875,11,91,697,0.20086083213773315,0.010860290124893337
5m,300,btc-up-or-down-5m,btc-updown-5m,0xa8670eeddde6a7b319920199392a6d77f74ff165,0,,124,72,128,0.6326530612244898,11,22,1291,0.09604957397366383,0.009619114110619812
5m,300,btc-up-or-down-5m,btc-updown-5m,0xa535fb3d0e72672c55c742097678ce36650e91cb,1,,91,54,379,0.6275862068965518,11,36,240,0.37916666666666665,0.007059188581180669
5m,300,btc-up-or-down-5m,btc-updown-5m,0x6c4490948df4b4d88f5b9a800d5ad3cb629e3ae5,0,,50,47,38,0.5154639175257731,11,25,2596,0.01926040061633282,0.003878675044604763
5m,300,btc-up-or-down-5m,btc-updown-5m,0xe4a6e5d2d524a271d803e2a58dd5eadb21fa1948,0,,50,29,34,0.6329113924050633,11,36,1279,0.039093041438623924,0.003878675044604763
5m,300,btc-up-or-down-5m,btc-updown-5m,0xa2d7a0911f138a24f2e2f45db0f59224850c4287,0,,49,45,28,0.5212765957446809,11,35,1680,0.029166666666666667,0.0038011015437126676
5m,300,btc-up-or-down-5m,btc-updown-5m,0x74f881c19216f711c81a2763a0689a441b689d05,0,,45,23,19,0.6617647058823529,11,9,564,0.0797872340425532,0.003490807540144287
5m,300,btc-up-or-down-5m,btc-updown-5m,0xea910f1a5e7dbdc1548603216db821909824bea2,0,,43,77,51,0.35833333333333334,11,3,32,1.34375,0.0033356605383600964
5m,300,btc-up-or-down-5m,btc-updown-5m,0x240bba9772effee438e9671ebe24aa89f46f9162,0,,42,48,43,0.4666666666666667,11,13,103,0.4077669902912621,0.003258087037468001
5m,300,btc-up-or-down-5m,btc-updown-5m,0xa9a1911e7c0aba3edd234d43cf9bc98de1306650,0,,42,14,9,0.75,11,32,554,0.07581227436823104,0.003258087037468001
5m,300,btc-up-or-down-5m,btc-updown-5m,0x9c932831805663132d07361afe8898f0b9074bac,0,,40,16,17,0.7142857142857143,11,30,1058,0.03780718336483932,0.0031029400356838103
5m,300,btc-up-or-down-5m,btc-updown-5m,0xa11899212c9948e70d677c642ed7bd68c63cf4c2,0,,40,32,37,0.5555555555555556,11,31,1319,0.030326004548900682,0.0031029400356838103
5m,300,btc-up-or-down-5m,btc-updown-5m,0x361528e242bc6cc789ac8da6fd5cb98046178fdf,0,,39,18,25,0.6842105263157895,11,32,835,0.046706586826347304,0.003025366534791715
5m,300,btc-up-or-down-5m,btc-updown-5m,0x9ede2d6924cf3df64f50cb721b8510cac2ee47fa,0,,38,18,31,0.6785714285714286,11,3,52,0.7307692307692307,0.00294779303389962
5m,300,btc-up-or-down-5m,btc-updown-5m,0x8e8919437b6a32825fe7d1bfc228fa33154d3864,0,,37,30,12,0.5522388059701493,11,9,75,0.49333333333333335,0.0028702195330075246
5m,300,btc-up-or-down-5m,btc-updown-5m,0x36a708485c603a477804ec74122475647629f03b,0,,36,38,25,0.4864864864864865,11,22,1895,0.01899736147757256,0.0027926460321154294
5m,300,btc-up-or-down-5m,btc-updown-5m,0x8a181a656f089ad649d4500a67c4a94cc25abc9d,0,,36,31,25,0.5373134328358209,11,24,3516,0.010238907849829351,0.0027926460321154294
5m,300,btc-up-or-down-5m,btc-updown-5m,0x8980781d738688d0bbe483464275271447ecb34d,0,,36,13,4,0.7346938775510204,11,3,75,0.48,0.0027926460321154294
5m,300,btc-up-or-down-5m,btc-updown-5m,0xcc867c0e4dc1b738d68f836ff5102cba29848f01,0,,35,22,41,0.6140350877192983,11,5,80,0.4375,0.002715072531223334
5m,300,btc-up-or-down-5m,btc-updown-5m,0xa1abe8290dab4e26086d339e475b75f07f2d81f5,0,,32,7,9,0.8205128205128205,11,6,112,0.2857142857142857,0.002482352028547048
5m,300,btc-up-or-down-5m,btc-updown-5m,0x90e9d0e147a1cf22f746182643686df7421f7af3,0,,31,11,23,0.7380952380952381,11,8,487,0.06365503080082136,0.002404778527654953
5m,300,btc-up-or-down-5m,btc-updown-5m,0x049e10a637db0906631eb43e9b1b9c2b074e1151,0,,31,21,22,0.5961538461538461,11,4,638,0.048589341692789965,0.002404778527654953
5m,300,btc-up-or-down-5m,btc-updown-5m,0xc2cc7c7a361481b2dadbf5bb305daffb6f3a9309,0,,31,33,36,0.484375,11,2,31,1.0,0.002404778527654953
5m,300,btc-up-or-down-5m,btc-updown-5m,0x175c6ece67eea06479d8de48e9bc4d3602a7aebe,0,,30,17,16,0.6382978723404256,11,8,142,0.2112676056338028,0.0023272050267628577
5m,300,btc-up-or-down-5m,btc-updown-5m,0xd0a19d09a9613100f602d29cfdf3ba3c622b73db,0,,30,32,13,0.4838709677419355,11,4,330,0.09090909090909091,0.0023272050267628577
5m,300,btc-up-or-down-5m,btc-updown-5m,0xeb5b46da283f772c2bc82fcfdba9a8473e387401,0,,29,28,34,0.5087719298245614,11,8,107,0.27102803738317754,0.0022496315258707625
5m,300,btc-up-or-down-5m,btc-updown-5m,0x9841f7d4ee2d4ee8ebd98079e3bdc48a2cc7fc58,0,,28,12,26,0.7,11,22,393,0.07124681933842239,0.0021720580249786673
5m,300,btc-up-or-down-5m,btc-updown-5m,0xdf4c6a942bd95bf903d6066b4ba7051e6f914f22,0,,28,42,31,0.4,11,21,1100,0.025454545454545455,0.0021720580249786673
5m,300,btc-up-or-down-5m,btc-updown-5m,0x9bfbb4565e7cd5aa50c17e46aadc4c049ac3dc47,0,,28,0,20,1.0,11,2,25,1.12,0.0021720580249786673
5m,300,btc-up-or-down-5m,btc-updown-5m,0xe2cc62f516ee6dd488fe7f7da1102bb03584740e,0,,27,9,20,0.75,11,7,44,0.6136363636363636,0.002094484524086572
5m,300,btc-up-or-down-5m,btc-updown-5m,0xe2fb8332f2efd0dc430b2bb2e38c5af3a13c423d,0,,27,29,37,0.48214285714285715,11,12,550,0.04909090909090909,0.002094484524086572
5m,300,btc-up-or-down-5m,btc-updown-5m,0xa5dab4278b95688008e4f90d563e899d0adede02,0,,27,14,30,0.6585365853658537,11,11,174,0.15517241379310345,0.002094484524086572
5m,300,btc-up-or-down-5m,btc-updown-5m,0xa263241362854e562d495c456b766be8a5845dba,0,,27,19,27,0.5869565217391305,11,19,788,0.03426395939086294,0.002094484524086572
5m,300,btc-up-or-down-5m,btc-updown-5m,0x14a29b12bf88a4492ee6e28e853dafcf27d01b42,0,,26,42,22,0.38235294117647056,11,22,931,0.027926960257787327,0.002016911023194477
5m,300,btc-up-or-down-5m,btc-updown-5m,0x41b4e8f7973285bc703a7d77b7c77fc54b1dbfdf,0,,26,32,17,0.4482758620689655,11,12,475,0.05473684210526316,0.002016911023194477
5m,300,btc-up-or-down-5m,btc-updown-5m,0x82ae434f983771a5bc94092a6850da80368e2890,0,,26,30,19,0.4642857142857143,11,15,967,0.02688728024819028,0.002016911023194477
5m,300,btc-up-or-down-5m,btc-updown-5m,0x7492f84e8940b2bf2fab1e23b6e4d1d2046cabbf,0,,26,17,20,0.6046511627906976,11,17,683,0.03806734992679356,0.002016911023194477
5m,300,btc-up-or-down-5m,btc-updown-5m,0x3989712e9850ed88fc33ac17fb56a52f1286d601,0,,25,15,25,0.625,11,11,219,0.1141552511415525,0.0019393375223023814
5m,300,btc-up-or-down-5m,btc-updown-5m,0x51602be6f69db4cbbec322b5bb2e93886ed2a157,0,,25,3,23,0.8928571428571429,11,16,423,0.0591016548463357,0.0019393375223023814
5m,300,btc-up-or-down-5m,btc-updown-5m,0xd189664c5308903476f9f079820431e4fd7d06f4,0,,25,43,35,0.36764705882352944,11,20,330,0.07575757575757576,0.0019393375223023814
5m,300,btc-up-or-down-5m,btc-updown-5m,0x18954a8003ebbbdaa4d9190cd2505382a5b902fb,0,,25,17,5,0.5952380952380952,11,10,1324,0.0188821752265861,0.0019393375223023814
5m,300,btc-up-or-down-5m,btc-updown-5m,0xf6963d4cdbb6f26d753bda303e9513132afb1b7d,0,,24,18,13,0.5714285714285714,11,22,4857,0.004941321803582459,0.0018617640214102862
5m,300,btc-up-or-down-5m,btc-updown-5m,0xffcf591e09d9fffcab04f1082ceb83fab6920fed,0,,24,29,22,0.4528301886792453,11,19,914,0.0262582056892779,0.0018617640214102862
5m,300,btc-up-or-down-5m,btc-updown-5m,0xe4b03777fae459db918ffccff9ace094aa64bb1d,0,,24,5,18,0.8275862068965517,11,14,167,0.1437125748502994,0.0018617640214102862
5m,300,btc-up-or-down-5m,btc-updown-5m,0xd8bc5b1262c7d87b5fb476625749d761c1667294,0,,24,20,23,0.5454545454545454,11,8,201,0.11940298507462686,0.0018617640214102862
5m,300,btc-up-or-down-5m,btc-updown-5m,0x1846ebb441d301e5e8c53dfea0f8afdb36f81029,0,,24,28,22,0.46153846153846156,11,9,451,0.05321507760532151,0.0018617640214102862
5m,300,btc-up-or-down-5m,btc-updown-5m,0x34252758b553b537bcec97f95506f7062f3a6281,0,,23,7,26,0.7666666666666667,11,15,540,0.04259259259259259,0.001784190520518191
5m,300,btc-up-or-down-5m,btc-updown-5m,0x8262ffa70186af8656abb788bdb778e3f67ba815,0,,23,24,28,0.48936170212765956,11,15,889,0.025871766029246346,0.001784190520518191
5m,300,btc-up-or-down-5m,btc-updown-5m,0xf1f81272fec8675631bdf4edb4dba55a82911ff8,0,,23,13,10,0.6388888888888888,11,15,327,0.07033639143730887,0.001784190520518191
5m,300,btc-up-or-down-5m,btc-updown-5m,0x3b43e166873fda38740e1b0832ca6c6841f69538,0,,23,9,14,0.71875,11,17,193,0.11917098445595854,0.001784190520518191
5m,300,btc-up-or-down-5m,btc-updown-5m,0x0e4529fff39d3b4454d36512285766e24064bd5e,0,,23,25,24,0.4791666666666667,11,20,5034,0.004568931267381803,0.001784190520518191
5m,300,btc-up-or-down-5m,btc-updown-5m,0x70ec235a31eb35f243e2618d6ea3b5b8962bbb5d,0,,23,16,18,0.5897435897435898,11,19,2634,0.008731966590736523,0.001784190520518191
5m,300,btc-up-or-down-5m,btc-updown-5m,0xb040f38b1bfa2ef225f968c6e19d58993f68dbea,0,,23,42,27,0.35384615384615387,11,4,131,0.17557251908396945,0.001784190520518191
5m,300,btc-up-or-down-5m,btc-updown-5m,0xd32c2cec7cdc9ad6fff14f9b0fb348962cc7f93a,0,,23,32,49,0.41818181818181815,11,8,118,0.19491525423728814,0.001784190520518191
5m,300,btc-up-or-down-5m,btc-updown-5m,0x0b35460d561812e771d305099535eb6dbd58ad30,0,,23,61,39,0.27380952380952384,11,6,582,0.03951890034364261,0.001784190520518191
5m,300,btc-up-or-down-5m,btc-updown-5m,0xb03bb58535b6ddc8d7372e4237cd3015b1a4b761,0,,23,11,19,0.6764705882352942,11,2,22,1.0454545454545454,0.001784190520518191
5m,300,btc-up-or-down-5m,btc-updown-5m,0x3a062e447e5f3f60be26f8ac4d84149cb233ea5e,0,,22,11,12,0.6666666666666666,11,21,630,0.03492063492063492,0.0017066170196260958
5m,300,btc-up-or-down-5m,btc-updown-5m,0xb8b3bf91b58ce80e69b23366645c16c5f15ba419,0,,22,8,5,0.7333333333333333,11,16,183,0.12021857923497267,0.0017066170196260958
5m,300,btc-up-or-down-5m,btc-updown-5m,0x3711549272215ce57259818e612829bdb335669f,0,,22,21,25,0.5116279069767442,11,5,106,0.20754716981132076,0.0017066170196260958
5m,300,btc-up-or-down-5m,btc-updown-5m,0xcf456898cb75569ac3a822b986fa82a2507d86b4,0,,21,13,14,0.6176470588235294,11,7,154,0.13636363636363635,0.0016290435187340006
5m,300,btc-up-or-down-5m,btc-updown-5m,0xfd098161e9a841f38e17f580979d8c2ecb250914,0,,21,8,11,0.7241379310344828,11,15,663,0.03167420814479638,0.0016290435187340006
5m,300,btc-up-or-down-5m,btc-updown-5m,0x4b5b133f0830252e4bb22f42c2d7b9bba451529a,0,,21,35,13,0.375,11,7,1029,0.02040816326530612,0.0016290435187340006
5m,300,btc-up-or-down-5m,btc-updown-5m,0x279e2bf5632b04c77cf85ae84bf756b91ee55994,0,,21,1,11,0.9545454545454546,11,1,5,4.2,0.0016290435187340006
5m,300,btc-up-or-down-5m,btc-updown-5m,0x138a5fa05bc0c7415ae5bd0b5979b1065dd9384f,0,,21,12,10,0.6363636363636364,11,6,234,0.08974358974358974,0.0016290435187340006
5m,300,btc-up-or-down-5m,btc-updown-5m,0x8ed24359b18815418dbf36e5c822cdac106e163a,0,,21,5,3,0.8076923076923077,11,2,183,0.11475409836065574,0.0016290435187340006
5m,300,btc-up-or-down-5m,btc-updown-5m,0x6904b31623457af4205052b4cde6201247e2ea7e,0,,21,0,0,1.0,11,1,5,4.2,0.0016290435187340006
5m,300,btc-up-or-down-5m,btc-updown-5m,0xf146f719ce93f6b49460eefac4f72e0e204e8a4c,0,,21,26,12,0.44680851063829785,11,2,49,0.42857142857142855,0.0016290435187340006
5m,300,btc-up-or-down-5m,btc-updown-5m,0x96b589c0777a05ed12fe088c56f9b30cd91d1eaf,0,,21,10,7,0.6774193548387096,11,4,253,0.08300395256916997,0.0016290435187340006
5m,300,btc-up-or-down-5m,btc-updown-5m,0x2d72690deba47101d6004eb92d6734167239e6d4,0,,20,22,11,0.47619047619047616,11,10,127,0.15748031496062992,0.0015514700178419051
5m,300,btc-up-or-down-5m,btc-updown-5m,0xcaee22f3770db5a46b1bbfdf16cbb0fb7bf2edbb,0,,20,10,21,0.6666666666666666,11,17,547,0.03656307129798903,0.0015514700178419051
5m,300,btc-up-or-down-5m,btc-updown-5m,0xd5a33eb11ce16ed2bab3d8f293b6f2a5f0e7579f,0,,20,9,0,0.6896551724137931,11,4,111,0.18018018018018017,0.0015514700178419051
5m,300,btc-up-or-down-5m,btc-updown-5m,0x7c6a8198900049e361943dc0c96de333bc6539ac,1,,20,28,42,0.4166666666666667,11,2,8,2.5,0.0015514700178419051
5m,300,btc-up-or-down-5m,btc-updown-5m,0x5911787d79ff491ab966c6aff03ff18b2a7eafe8,0,,20,35,13,0.36363636363636365,11,13,437,0.04576659038901602,0.0015514700178419051
5m,300,btc-up-or-down-5m,btc-updown-5m,0xac9bd3239cd5ef72793bf548cb83bf411ed1e7df,0,,20,17,16,0.5405405405405406,11,8,643,0.03110419906687403,0.0015514700178419051
5m,300,btc-up-or-down-5m,btc-updown-5m,0xae49db4013382ba6ca3e96623eeb7b184f6d0afe,0,,20,6,10,0.7692307692307693,11,8,123,0.16260162601626016,0.0015514700178419051
5m,300,btc-up-or-down-5m,btc-updown-5m,0x4e36f114bd765aecab1249d2e0c9e35b93d24667,0,,20,3,8,0.8695652173913043,11,2,94,0.2127659574468085,0.0015514700178419051
5m,300,btc-up-or-down-5m,btc-updown-5m,0x49bfdb5b2235255fa9b28ccaab963d550a279d05,0,,20,2,23,0.9090909090909091,11,1,17,1.1764705882352942,0.0015514700178419051
5m,300,btc-up-or-down-5m,btc-updown-5m,0x8cadeefd986a2674e69a2e37be73dbd9a7d16b09,0,,20,0,11,1.0,11,1,34,0.5882352941176471,0.0015514700178419051
5m,300,btc-up-or-down-5m,btc-updown-5m,0x3be100d3761e79a21f6d0bbb165acf50275805aa,0,,20,3,13,0.8695652173913043,11,1,75,0.26666666666666666,0.0015514700178419051
5m,300,btc-up-or-down-5m,btc-updown-5m,0x68dd53caeeb27d538867b57b8a454bbfc6088c3d,0,,20,0,11,1.0,11,1,20,1.0,0.0015514700178419051
5m,300,btc-up-or-down-5m,btc-updown-5m,0x52fbe49f20d9968c8f8e15a5d75fa36f4780a68b,0,,19,15,18,0.5588235294117647,11,10,364,0.0521978021978022,0.00147389651694981
5m,300,btc-up-or-down-5m,btc-updown-5m,0x684e1ee9d7d82712f7b4d599479ffab6cf8d55d2,0,,19,13,27,0.59375,11,11,962,0.01975051975051975,0.00147389651694981
5m,300,btc-up-or-down-5m,btc-updown-5m,0x16dd1d6cab711470a38c367b2fe739f0e289155c,0,,19,0,0,1.0,11,2,35,0.5428571428571428,0.00147389651694981
5m,300,btc-up-or-down-5m,btc-updown-5m,0x732ada6355d782b0cf9ecadb2dcf44a243a20489,0,,19,1,4,0.95,11,2,45,0.4222222222222222,0.00147389651694981
5m,300,btc-up-or-down-5m,btc-updown-5m,0xa12f9c59e263bebe4be12174b5893088944ee012,0,,19,18,6,0.5135135135135135,11,2,107,0.17757009345794392,0.00147389651694981
5m,300,btc-up-or-down-5m,btc-updown-5m,0xd093a6cddcd9db272d47d45125c836729c18767e,0,,18,15,14,0.5454545454545454,11,10,838,0.021479713603818614,0.0013963230160577147
5m,300,btc-up-or-down-5m,btc-updown-5m,0xe8c9963099a43849bf9c262d6ee24c4705bd57dc,0,,18,1,16,0.9473684210526315,11,5,36,0.5,0.0013963230160577147
5m,300,btc-up-or-down-5m,btc-updown-5m,0xc419a56eb337852eba6bc6618cc22733d66042ad,0,,18,20,10,0.47368421052631576,11,13,572,0.03146853146853147,0.0013963230160577147
5m,300,btc-up-or-down-5m,btc-updown-5m,0x20b0a9b76217eb480d99ddd17f3a3c353ac6bbae,0,,18,11,18,0.6206896551724138,11,11,312,0.057692307692307696,0.0013963230160577147
5m,300,btc-up-or-down-5m,btc-updown-5m,0xcef945e60842d1fcb91d2419af00c9f58c98cb4d,0,,18,12,5,0.6,11,4,60,0.3,0.0013963230160577147
5m,300,btc-up-or-down-5m,btc-updown-5m,0xe76d0d852445c372033e595ffdd43cdf0cf7bf3e,0,,18,0,1,1.0,11,2,27,0.6666666666666666,0.0013963230160577147
5m,300,btc-up-or-down-5m,btc-updown-5m,0x0dc641eca9a35c1df0735187f60efbdb25c9763c,0,,18,18,3,0.5,11,2,112,0.16071428571428573,0.0013963230160577147
5m,300,btc-up-or-down-5m,btc-updown-5m,0xca88143906e0558e2a37558c1ecf2906c1869816,0,,18,20,7,0.47368421052631576,11,2,50,0.36,0.0013963230160577147
5m,300,btc-up-or-down-5m,btc-updown-5m,0xbaffc91e9b7d75310c28ed7ad0611258df3fee8d,0,,17,19,10,0.4722222222222222,11,11,326,0.05214723926380368,0.0013187495151656195
5m,300,btc-up-or-down-5m,btc-updown-5m,0x1a39c44c2bc6b23cc715a197cc0d76574ab51bb6,0,,17,11,16,0.6071428571428571,11,8,367,0.04632152588555858,0.0013187495151656195
5m,300,btc-up-or-down-5m,btc-updown-5m,0xe1d2b671d762dc1380981f7e73586d02cfe1ceea,0,,17,0,10,1.0,11,1,17,1.0,0.0013187495151656195
5m,300,btc-up-or-down-5m,btc-updown-5m,0x40c58210eed7b96ab3cc65b2cbabb28ebe404044,0,,17,8,6,0.68,11,10,245,0.06938775510204082,0.0013187495151656195
5m,300,btc-up-or-down-5m,btc-updown-5m,0x9e9684b88c99ff91df48989dc1dec931614b9714,0,,17,6,5,0.7391304347826086,11,6,145,0.11724137931034483,0.0013187495151656195
5m,300,btc-up-or-down-5m,btc-updown-5m,0x17ba4de532f4cf6e0385970b8689c9250cf03364,0,,17,19,27,0.4722222222222222,11,7,124,0.13709677419354838,0.0013187495151656195
5m,300,btc-up-or-down-5m,btc-updown-5m,0x088df3b7e5c1b5c2d4b7dc760863153480cf025e,0,,17,15,16,0.53125,11,6,334,0.05089820359281437,0.0013187495151656195
5m,300,btc-up-or-down-5m,btc-updown-5m,0x6fcb236ecbdab7f7fd6eaa42ab41254b2eef13ab,0,,17,23,15,0.425,11,5,110,0.15454545454545454,0.0013187495151656195
5m,300,btc-up-or-down-5m,btc-updown-5m,0x552030de99013a2b4c141f3b56e06fcc4abb570a,0,,17,18,22,0.4857142857142857,11,13,153,0.1111111111111111,0.0013187495151656195
5m,300,btc-up-or-down-5m,btc-updown-5m,0xbf9f37f3c3e7b528da77b6162391fa905d8d2a46,0,,17,4,9,0.8095238095238095,11,5,38,0.4473684210526316,0.0013187495151656195
5m,300,btc-up-or-down-5m,btc-updown-5m,0x0ce127868c9437cf4048d91f3e350f23b5d29118,0,,17,16,6,0.5151515151515151,11,7,193,0.08808290155440414,0.0013187495151656195
5m,300,btc-up-or-down-5m,btc-updown-5m,0x94a8f0773f83a6c90a89f316144114d880224509,0,,17,11,15,0.6071428571428571,11,10,501,0.033932135728542916,0.0013187495151656195
5m,300,btc-up-or-down-5m,btc-updown-5m,0x5eacc61920a2457e0d4b889f8a3bfa63069f3dc7,0,,17,13,8,0.5666666666666667,11,4,154,0.11038961038961038,0.0013187495151656195
5m,300,btc-up-or-down-5m,btc-updown-5m,0xb95adfe30218b57abb832ca962476f3197d63ae2,0,,17,4,2,0.8095238095238095,11,2,104,0.16346153846153846,0.0013187495151656195
5m,300,btc-up-or-down-5m,btc-updown-5m,0x2b3e15c8899fbe8e7016c30f7586daed777dd0eb,0,,16,9,15,0.64,11,6,186,0.08602150537634409,0.001241176014273524
5m,300,btc-up-or-down-5m,btc-updown-5m,0xa845ccdbe03d98bd7b5a4f2316d76016315a55f1,0,,16,10,8,0.6153846153846154,11,11,745,0.021476510067114093,0.001241176014273524
5m,300,btc-up-or-down-5m,btc-updown-5m,0x65dfac6a64b671814d52e9d4d75c17458ca1c6b7,0,,16,21,29,0.43243243243243246,11,8,311,0.05144694533762058,0.001241176014273524
5m,300,btc-up-or-down-5m,btc-updown-5m,0xca9b3c66dd4fa2154eac6b4fe20a30da51921c49,0,,16,21,11,0.43243243243243246,11,7,424,0.03773584905660377,0.001241176014273524
5m,300,btc-up-or-down-5m,btc-updown-5m,0x8e926d7c6a6af1e88613a0450ec0e07c402971a3,0,,16,24,20,0.4,11,6,95,0.16842105263157894,0.001241176014273524
5m,300,btc-up-or-down-5m,btc-updown-5m,0x34e696ef7fd057316e71e0ed7820cff2b7f89b74,0,,16,9,10,0.64,11,12,161,0.09937888198757763,0.001241176014273524
5m,300,btc-up-or-down-5m,btc-updown-5m,0x9851d66cffe0ffc244c267bc8280336e9bc21320,0,,16,14,12,0.5333333333333333,11,4,306,0.05228758169934641,0.001241176014273524
5m,300,btc-up-or-down-5m,btc-updown-5m,0x332b6fe3a2fc563067f530bdd3d58b2e74816269,0,,16,1,5,0.9411764705882353,11,9,167,0.09580838323353294,0.001241176014273524
5m,300,btc-up-or-down-5m,btc-updown-5m,0x9f2edcac6818dbffad8f5905127232aeaedb60d1,0,,16,2,3,0.8888888888888888,11,3,67,0.23880597014925373,0.001241176014273524
5m,300,btc-up-or-down-5m,btc-updown-5m,0x0c6e8b995bab7ec72f20bdf3c39994c42f923f10,0,,16,13,5,0.5517241379310345,11,6,97,0.16494845360824742,0.001241176014273524
5m,300,btc-up-or-down-5m,btc-updown-5m,0xe76916bda7fb9b8ca0f7957d3fca73e2ca2ef232,0,,16,9,12,0.64,11,8,179,0.0893854748603352,0.001241176014273524
5m,300,btc-up-or-down-5m,btc-updown-5m,0x4560705f91cfa61f62210f2d3836833caa2556c2,0,,16,0,0,1.0,11,2,114,0.14035087719298245,0.001241176014273524
5m,300,btc-up-or-down-5m,btc-updown-5m,0x95da7ea9fb81be002228d1add4aea576ff7226fe,0,,16,12,19,0.5714285714285714,11,4,157,0.10191082802547771,0.001241176014273524
5m,300,btc-up-or-down-5m,btc-updown-5m,0x56148dd69cb7e0b9226ff55363f2b25ac32fa138,0,,16,19,18,0.45714285714285713,11,8,891,0.017957351290684626,0.001241176014273524
5m,300,btc-up-or-down-5m,btc-updown-5m,0xb1a0303affadd68a63a128ac1c3f02811239e45e,0,,16,8,9,0.6666666666666666,11,3,72,0.2222222222222222,0.001241176014273524
5m,300,btc-up-or-down-5m,btc-updown-5m,0x4d1f0c600dd33be59c2f27ba2d9e6827ac1a6465,0,,16,21,14,0.43243243243243246,11,4,126,0.12698412698412698,0.001241176014273524
5m,300,btc-up-or-down-5m,btc-updown-5m,0x3ba8150fc2d45507904b2b056e5ae840ee549261,0,,16,12,9,0.5714285714285714,11,9,558,0.02867383512544803,0.001241176014273524
5m,300,btc-up-or-down-5m,btc-updown-5m,0xafe5077c99abe2419f92da0d6422a2448276a9e3,0,,16,12,12,0.5714285714285714,11,5,83,0.1927710843373494,0.001241176014273524
5m,300,btc-up-or-down-5m,btc-updown-5m,0x2f8a39a34cf6d08065909a8b23508b7b67caebf1,0,,16,10,2,0.6153846153846154,11,2,24,0.6666666666666666,0.001241176014273524
5m,300,btc-up-or-down-5m,btc-updown-5m,0x1df6ce945d7912436984c4faafff40a5e1869a0e,0,,16,15,25,0.5161290322580645,11,3,75,0.21333333333333335,0.001241176014273524
5m,300,btc-up-or-down-5m,btc-updown-5m,0x446a0e5496aaebeb1ecb6bcb0ca9f627bc642fea,0,,16,9,11,0.64,11,3,38,0.42105263157894735,0.001241176014273524
5m,300,btc-up-or-down-5m,btc-updown-5m,0xd55ba728134da36d758456134a240f6c03ea27a4,0,,16,5,5,0.7619047619047619,11,1,27,0.5925925925925926,0.001241176014273524
5m,300,btc-up-or-down-5m,btc-updown-5m,0x0d84ef335851c902a2ed2954ed0a1cf0066073c1,0,,15,11,13,0.5769230769230769,11,8,245,0.061224489795918366,0.0011636025133814289
5m,300,btc-up-or-down-5m,btc-updown-5m,0x8721b919230aac913e9aabed38d143c34a515a7b,0,,15,5,11,0.75,11,4,342,0.043859649122807015,0.0011636025133814289
5m,300,btc-up-or-down-5m,btc-updown-5m,0x8636dc917e0817fa1ee33726627a60ab8a5d94d9,0,,15,5,8,0.75,11,8,120,0.125,0.0011636025133814289
5m,300,btc-up-or-down-5m,btc-updown-5m,0x622be8050428b8e244489670528a259069498b76,0,,15,8,3,0.6521739130434783,11,10,152,0.09868421052631579,0.0011636025133814289
5m,300,btc-up-or-down-5m,btc-updown-5m,0x52444aa29e0630bda3b0d67b23eb366371401f95,0,,15,14,12,0.5172413793103449,11,13,341,0.04398826979472141,0.0011636025133814289
5m,300,btc-up-or-down-5m,btc-updown-5m,0xf69968ed66974c8ae441e43182ef9102f7a40d58,0,,15,19,11,0.4411764705882353,11,4,104,0.14423076923076922,0.0011636025133814289
5m,300,btc-up-or-down-5m,btc-updown-5m,0xd2f2bcde6bd6153fa0cb122c5dd74a96f36300e8,0,,15,10,8,0.6,11,14,419,0.03579952267303103,0.0011636025133814289
5m,300,btc-up-or-down-5m,btc-updown-5m,0x38e2f5d6d1693a365e22b7ca0c715f8d92da2909,0,,15,5,9,0.75,11,12,528,0.028409090909090908,0.0011636025133814289
5m,300,btc-up-or-down-5m,btc-updown-5m,0x89ce179dfea8bc1a4ed616f8166bfda94e92003b,0,,15,16,10,0.4838709677419355,11,7,240,0.0625,0.0011636025133814289
5m,300,btc-up-or-down-5m,btc-updown-5m,0xe0303c7bb012bf28188e0dd247d78158534adb01,0,,15,6,3,0.7142857142857143,11,7,270,0.05555555555555555,0.0011636025133814289
5m,300,btc-up-or-down-5m,btc-updown-5m,0xaa36bad84a150757e7c281e1b0126e58dfb1bd96,0,,15,12,12,0.5555555555555556,11,4,105,0.14285714285714285,0.0011636025133814289
5m,300,btc-up-or-down-5m,btc-updown-5m,0x5c2dae2b0466a782b5f0fd4a873ab3580ebb63c0,0,,15,1,7,0.9375,11,5,67,0.22388059701492538,0.0011636025133814289
5m,300,btc-up-or-down-5m,btc-updown-5m,0x2d62e5260d4ee1d0943db12dd253333865c27267,0,,15,12,9,0.5555555555555556,11,8,113,0.13274336283185842,0.0011636025133814289
5m,300,btc-up-or-down-5m,btc-updown-5m,0x1976ff2fd342a5d7ccda6f5cb22ffdb8961e9c89,0,,15,8,0,0.6521739130434783,11,4,132,0.11363636363636363,0.0011636025133814289
5m,300,btc-up-or-down-5m,btc-updown-5m,0xa6eb5f184c0c0e4da2b17fb71949279bb18806e5,0,,15,13,10,0.5357142857142857,11,8,143,0.1048951048951049,0.0011636025133814289
5m,300,btc-up-or-down-5m,btc-updown-5m,0xbf69c7adfd8800026e660a977c2cc4d690522e7d,0,,15,4,7,0.7894736842105263,11,6,134,0.11194029850746269,0.0011636025133814289
5m,300,btc-up-or-down-5m,btc-updown-5m,0x5e3b9563259ead65ebdde8bbd442c479254bd73d,0,,15,1,1,0.9375,11,3,113,0.13274336283185842,0.0011636025133814289
5m,300,btc-up-or-down-5m,btc-updown-5m,0x13c9c6d489f8dc91f0149aac3676cad4e12d97fc,0,,14,10,20,0.5833333333333334,11,8,228,0.06140350877192982,0.0010860290124893336
5m,300,btc-up-or-down-5m,btc-updown-5m,0x6ac266888067f6096950b7ef32e9d2b1ee974e63,1,,14,23,94,0.3783783783783784,11,4,27,0.5185185185185185,0.0010860290124893336
5m,300,btc-up-or-down-5m,btc-updown-5m,0x732f189193d7a8c8bc8d8eb91f501a22736af081,0,,14,16,13,0.4666666666666667,11,11,1802,0.00776914539400666,0.0010860290124893336
5m,300,btc-up-or-down-5m,btc-updown-5m,0xae8b115ffdf6a912f4aad4139bd2a9cfaa0cb6bc,0,,14,16,12,0.4666666666666667,11,3,35,0.4,0.0010860290124893336
5m,300,btc-up-or-down-5m,btc-updown-5m,0xb91233c3469aef022dd5755f2a686d18201f2a20,0,,14,11,10,0.56,11,6,322,0.043478260869565216,0.0010860290124893336
5m,300,btc-up-or-down-5m,btc-updown-5m,0x9e995e7fe665d8b2764d9a5c79976df768113874,0,,14,2,9,0.875,11,6,369,0.037940379403794036,0.0010860290124893336
5m,300,btc-up-or-down-5m,btc-updown-5m,0x260bf562848a575626cc25d58b73ed205659f8ee,0,,14,2,6,0.875,11,6,338,0.04142011834319527,0.0010860290124893336
5m,300,btc-up-or-down-5m,btc-updown-5m,0x37209b7735cb9a8842de573b28d03f6085449aaa,0,,14,9,11,0.6086956521739131,11,6,100,0.14,0.0010860290124893336
5m,300,btc-up-or-down-5m,btc-updown-5m,0xd72e8d6883eed5f716f9a88950c50a9ba4e715aa,0,,14,33,19,0.2978723404255319,11,3,178,0.07865168539325842,0.0010860290124893336
5m,300,btc-up-or-down-5m,btc-updown-5m,0xb8d5e039d4e52b94544b363b05cd866faed03b02,0,,14,28,28,0.3333333333333333,11,6,502,0.027888446215139442,0.0010860290124893336
5m,300,btc-up-or-down-5m,btc-updown-5m,0x28c60fe0cb23db5f30c161ec87003b10a00bfbad,0,,13,4,5,0.7647058823529411,11,5,173,0.07514450867052024,0.0010084555115972384
5m,300,btc-up-or-down-5m,btc-updown-5m,0x2029d45f0bc69965c588ed3ab4a85d8d68ea3124,0,,13,8,5,0.6190476190476191,11,7,262,0.04961832061068702,0.0010084555115972384
5m,300,btc-up-or-down-5m,btc-updown-5m,0x2e6e2a7053a08e7c8c364cbc38a43749d79d5483,0,,13,16,26,0.4482758620689655,11,4,44,0.29545454545454547,0.0010084555115972384
5m,300,btc-up-or-down-5m,btc-updown-5m,0xa0cb1fa3a2a09187fd77c05067ef46a44717a8ba,0,,13,5,5,0.7222222222222222,11,5,134,0.09701492537313433,0.0010084555115972384
5m,300,btc-up-or-down-5m,btc-updown-5m,0x78f412ae0e9734a97d869dadc177955eeb944dfc,0,,13,17,33,0.43333333333333335,11,9,586,0.02218430034129693,0.0010084555115972384
5m,300,btc-up-or-down-5m,btc-updown-5m,0x5e4c1f70a44dc2ff9732aed6241e90939ddb9258,0,,13,2,11,0.8666666666666667,11,2,38,0.34210526315789475,0.0010084555115972384
5m,300,btc-up-or-down-5m,btc-updown-5m,0x148b8aa9c9774b726fb154ea912add59ea374b47,0,,13,34,14,0.2765957446808511,11,7,313,0.04153354632587859,0.0010084555115972384
5m,300,btc-up-or-down-5m,btc-updown-5m,0x1c621260c8839f365b2598af2aaf1d6914b81438,0,,13,30,12,0.3023255813953488,11,2,110,0.11818181818181818,0.0010084555115972384
5m,300,btc-up-or-down-5m,btc-updown-5m,0xd93a864d425af6d53609f9bf0f17b80df31039dd,0,,13,10,9,0.5652173913043478,11,7,595,0.021848739495798318,0.0010084555115972384
5m,300,btc-up-or-down-5m,btc-updown-5m,0xbc926853ca0ea54a5e068f1fdba8a26ed5ee747f,0,,13,9,3,0.5909090909090909,11,6,108,0.12037037037037036,0.0010084555115972384
5m,300,btc-up-or-down-5m,btc-updown-5m,0x7f7a62fc760d113cf978b2c330314126147feda0,0,,13,5,4,0.7222222222222222,11,4,156,0.08333333333333333,0.0010084555115972384
5m,300,btc-up-or-down-5m,btc-updown-5m,0x35b1d587e270c81b8cc076526ee9a8c2351cdc2a,0,,13,5,10,0.7222222222222222,11,1,9,1.4444444444444444,0.0010084555115972384
5m,300,btc-up-or-down-5m,btc-updown-5m,0x7943830429df781ae2b28b77d36ce61d14b45bae,0,,12,0,1,1.0,11,6,79,0.1518987341772152,0.0009308820107051431
5m,300,btc-up-or-down-5m,btc-updown-5m,0x9547356087356a08db3cbb9c39aba5ed54064c4f,0,,12,2,1,0.8571428571428571,11,5,91,0.13186813186813187,0.0009308820107051431
5m,300,btc-up-or-down-5m,btc-updown-5m,0xb652a57a2401a0bd4385e606adb795e98b561bc7,0,,12,0,6,1.0,11,3,14,0.8571428571428571,0.0009308820107051431
5m,300,btc-up-or-down-5m,btc-updown-5m,0xb79f9675ffa9a10002ced7f1e1948e178384a26b,0,,12,2,1,0.8571428571428571,11,8,118,0.1016949152542373,0.0009308820107051431
5m,300,btc-up-or-down-5m,btc-updown-5m,0x43744cda09f90091f3504010b1e8eccfc330eff3,0,,12,0,0,1.0,11,2,351,0.03418803418803419,0.0009308820107051431
5m,300,btc-up-or-down-5m,btc-updown-5m,0x1bd276623eec9f5af1cee1791382bf64f4fb1ce8,0,,12,4,16,0.75,11,3,104,0.11538461538461539,0.0009308820107051431
5m,300,btc-up-or-down-5m,btc-updown-5m,0xdea34c13695a9abd0d42ee7aba71d8706a1f293b,0,,12,11,17,0.5217391304347826,11,6,302,0.039735099337748346,0.0009308820107051431
5m,300,btc-up-or-down-5m,btc-updown-5m,0xaf615c8888f6722dd09bb07046927982247f7125,0,,12,9,4,0.5714285714285714,11,8,136,0.08823529411764706,0.0009308820107051431
5m,300,btc-up-or-down-5m,btc-updown-5m,0xee9c55e56ef0a3a38ea76c41b23cf5fe7f84dffc,0,,12,26,27,0.3157894736842105,11,6,404,0.0297029702970297,0.0009308820107051431
5m,300,btc-up-or-down-5m,btc-updown-5m,0x781a861f9f2849e432d943fbb3a11540a760f90a,0,,12,11,9,0.5217391304347826,11,5,255,0.047058823529411764,0.0009308820107051431
5m,300,btc-up-or-down-5m,btc-updown-5m,0x10d043d83813aa6f5b8ed98246736a506dc69412,0,,12,13,23,0.48,11,7,335,0.03582089552238806,0.0009308820107051431
5m,300,btc-up-or-down-5m,btc-updown-5m,0x381ffb7e1653d08a2c443c1f5ca2d17dbb5d4309,0,,12,6,6,0.6666666666666666,11,7,192,0.0625,0.0009308820107051431
5m,300,btc-up-or-down-5m,btc-updown-5m,0xbeb1aea86b0c159860e66ab6fdc01c6ca70a8000,0,,12,5,2,0.7058823529411765,11,4,113,0.10619469026548672,0.0009308820107051431
5m,300,btc-up-or-down-5m,btc-updown-5m,0x7056fc9e2fccd1b876c98f90614f6db006705e43,0,,12,17,9,0.41379310344827586,11,8,387,0.031007751937984496,0.0009308820107051431
5m,300,btc-up-or-down-5m,btc-updown-5m,0xaae2dc126e751e28cf7ba01b2be4b36ee08c4c73,0,,12,2,2,0.8571428571428571,11,6,108,0.1111111111111111,0.0009308820107051431
5m,300,btc-up-or-down-5m,btc-updown-5m,0x15b94b01de271033dcebcd48d4916c3ea65ce054,0,,12,1,12,0.9230769230769231,11,4,44,0.2727272727272727,0.0009308820107051431
5m,300,btc-up-or-down-5m,btc-updown-5m,0xf63a42caae1d20418447faf85b9b8c514ff9eec2,0,,12,9,12,0.5714285714285714,11,1,6,2.0,0.0009308820107051431
5m,300,btc-up-or-down-5m,btc-updown-5m,0x92cb07a02ffe3b1918514065b64b59f13346b04a,0,,12,10,4,0.5454545454545454,11,6,342,0.03508771929824561,0.0009308820107051431
5m,300,btc-up-or-down-5m,btc-updown-5m,0x92771157bf18c9b8606e045cec34e86bdeaa4327,0,,12,10,7,0.5454545454545454,11,6,534,0.02247191011235955,0.0009308820107051431
5m,300,btc-up-or-down-5m,btc-updown-5m,0x57f0069b6ece51387214f154904cbe772589f45b,0,,12,1,2,0.9230769230769231,11,3,37,0.32432432432432434,0.0009308820107051431
5m,300,btc-up-or-down-5m,btc-updown-5m,0xcefff3c5bb0f5bd210b14030bb53d53770ec919c,0,,12,0,2,1.0,11,4,81,0.14814814814814814,0.0009308820107051431
5m,300,btc-up-or-down-5m,btc-updown-5m,0xda24f0caf5766fc36df8ac2f6ae3a567b71a9f1f,0,,12,3,1,0.8,11,3,177,0.06779661016949153,0.0009308820107051431
5m,300,btc-up-or-down-5m,btc-updown-5m,0xc2609a877f411d026495578599e849927142c456,0,,12,4,3,0.75,11,3,72,0.16666666666666666,0.0009308820107051431
5m,300,btc-up-or-down-5m,btc-updown-5m,0x4c670127de403392b5d5cb049a4e43092bf3ab61,0,,12,19,13,0.3870967741935484,11,2,35,0.34285714285714286,0.0009308820107051431
5m,300,btc-up-or-down-5m,btc-updown-5m,0xe91946617e52d60fb523ea4528b83161760ca772,0,,12,3,5,0.8,11,3,83,0.14457831325301204,0.0009308820107051431
5m,300,btc-up-or-down-5m,btc-updown-5m,0x3b49d09990a1019c6b209995f5ebc3984f328c88,0,,12,0,7,1.0,11,1,4,3.0,0.0009308820107051431
5m,300,btc-up-or-down-5m,btc-updown-5m,0x69407121011a7525daac2355bdb3fe8a43a19bff,0,,12,22,18,0.35294117647058826,11,1,20,0.6,0.0009308820107051431
5m,300,btc-up-or-down-5m,btc-updown-5m,0xe0345fca2add033c8cec4e27118fcdcc9f01b414,0,,12,0,7,1.0,11,1,10,1.2,0.0009308820107051431
5m,300,btc-up-or-down-5m,btc-updown-5m,0x35e3bd6dffe41ee08ba97633013253a495260df5,0,,11,2,0,0.8461538461538461,11,3,232,0.04741379310344827,0.0008533085098130479
5m,300,btc-up-or-down-5m,btc-updown-5m,0xe5c95416415baaece894a6a652cb50bbf61f1547,0,,11,25,0,0.3055555555555556,11,5,70,0.15714285714285714,0.0008533085098130479
5m,300,btc-up-or-down-5m,btc-updown-5m,0x2a2f7068472a39b330dc95b06743fe17f7eacf58,0,,11,0,0,1.0,11,1,4,2.75,0.0008533085098130479
5m,300,btc-up-or-down-5m,btc-updown-5m,0xde8576c3f96a092430a8bd51bcff2944a7eeeeb1,0,,11,1,1,0.9166666666666666,11,1,8,1.375,0.0008533085098130479
5m,300,btc-up-or-down-5m,btc-updown-5m,0x29474eaea117f2269c8518738a2b9996f103e04f,0,,11,6,7,0.6470588235294118,11,5,505,0.02178217821782178,0.0008533085098130479
5m,300,btc-up-or-down-5m,btc-updown-5m,0x4c104e61febf3944fcfc05ee94551b815ffdb6a4,0,,11,7,27,0.6111111111111112,11,4,212,0.05188679245283019,0.0008533085098130479
5m,300,btc-up-or-down-5m,btc-updown-5m,0x98dc77d25a1dfc40e68d4dc911715c672d0ee3f0,0,,11,19,24,0.36666666666666664,11,5,519,0.02119460500963391,0.0008533085098130479
5m,300,btc-up-or-down-5m,btc-updown-5m,0xbd5ebb460e4c39b425301484f93d9512651e843d,0,,11,0,20,1.0,11,2,20,0.55,0.0008533085098130479
5m,300,btc-up-or-down-5m,btc-updown-5m,0x1ec3bc91b4856a68442fec095b5b8dd225d0b9fb,0,,11,5,8,0.6875,11,2,159,0.06918238993710692,0.0008533085098130479
5m,300,btc-up-or-down-5m,btc-updown-5m,0x45ea550641a6e10baa2396b49c404bfa8bb4e4d6,0,,11,12,5,0.4782608695652174,11,1,21,0.5238095238095238,0.0008533085098130479
5m,300,btc-up-or-down-5m,btc-updown-5m,0x3a27d3a07917a77d907694d06836be06517f1fa5,0,,11,9,5,0.55,11,1,17,0.6470588235294118,0.0008533085098130479
5m,300,btc-up-or-down-5m,btc-updown-5m,0x63ab99255d1ea7d468f3b79d706506ab150f1406,0,,11,0,0,1.0,11,1,6,1.8333333333333333,0.0008533085098130479
5m,300,btc-up-or-down-5m,btc-updown-5m,0xc8e46cc93156ba1ff5f19e15f8e5aad1bfbaac8f,0,,11,6,3,0.6470588235294118,11,3,239,0.04602510460251046,0.0008533085098130479
5m,300,btc-up-or-down-5m,btc-updown-5m,0xb52c70c41970013f811b0f7cfa402526975c23f1,0,,11,2,2,0.8461538461538461,11,5,82,0.13414634146341464,0.0008533085098130479
5m,300,btc-up-or-down-5m,btc-updown-5m,0x28bf06494b9a9fb8973d973ece8636f7e7a44323,0,,11,0,2,1.0,11,4,56,0.19642857142857142,0.0008533085098130479
5m,300,btc-up-or-down-5m,btc-updown-5m,0x52d2b1837bdae0980784bfe9538dbac64cd4cc66,0,,11,0,0,1.0,11,1,8,1.375,0.0008533085098130479
5m,300,btc-up-or-down-5m,btc-updown-5m,0x2cd446a4318dec9bb04c4af3262f76d8818f8959,0,,11,0,0,1.0,11,1,6,1.8333333333333333,0.0008533085098130479
5m,300,btc-up-or-down-5m,btc-updown-5m,0x6657ef2b3f4bd7743bd558e214195620fffee9e7,0,,11,0,0,1.0,11,2,14,0.7857142857142857,0.0008533085098130479
5m,300,btc-up-or-down-5m,btc-updown-5m,0xc8e4e7fa8b95a726c612f2a9f31c54fa798bce17,0,,11,15,11,0.4230769230769231,11,2,94,0.11702127659574468,0.0008533085098130479
5m,300,btc-up-or-down-5m,btc-updown-5m,0x9016105aad4bc837e275110da4cdcf4249b9ede1,0,,11,16,11,0.4074074074074074,11,2,260,0.04230769230769231,0.0008533085098130479
5m,300,btc-up-or-down-5m,btc-updown-5m,0x6608850e6a40c844d333f128b50d99ec9d1c9dd6,0,,11,12,26,0.4782608695652174,11,5,142,0.07746478873239436,0.0008533085098130479
5m,300,btc-up-or-down-5m,btc-updown-5m,0x4e65be26787470a4a58f124172945efc73079335,0,,11,3,2,0.7857142857142857,11,4,97,0.1134020618556701,0.0008533085098130479
5m,300,btc-up-or-down-5m,btc-updown-5m,0xd07cca0f83cef7c250cf2a0d6aeb03a3c709b3b7,0,,11,6,8,0.6470588235294118,11,1,2,5.5,0.0008533085098130479
5m,300,btc-up-or-down-5m,btc-updown-5m,0x705cb547637d0a52517790355fb941b641b07484,0,,11,6,8,0.6470588235294118,11,1,5,2.2,0.0008533085098130479
5m,300,btc-up-or-down-5m,btc-updown-5m,0x0af4af246e29a7725c87bed8380b997f67206f77,0,,11,6,8,0.6470588235294118,11,1,2,5.5,0.0008533085098130479
5m,300,btc-up-or-down-5m,btc-updown-5m,0xc42dc80ad2a929bdff29bb7e4ecdd16a55051acc,0,,11,6,8,0.6470588235294118,11,1,6,1.8333333333333333,0.0008533085098130479
5m,300,btc-up-or-down-5m,btc-updown-5m,0x50a7823b8fd6dee4e10dc25a9c9435e0566be95d,0,,11,6,8,0.6470588235294118,11,1,3,3.6666666666666665,0.0008533085098130479
5m,300,btc-up-or-down-5m,btc-updown-5m,0x22c7cf5e9435b7c68a9f703894000ba0199b3e23,0,,11,1,0,0.9166666666666666,11,1,86,0.12790697674418605,0.0008533085098130479
5m,300,btc-up-or-down-5m,btc-updown-5m,0x97688869415e588cad1a0f41e59a72efffa207c0,0,,11,2,9,0.8461538461538461,11,1,10,1.1,0.0008533085098130479
5m,300,btc-up-or-down-5m,btc-updown-5m,0x5e2a84a11bf90575ac6252c13fc17e0b9aa27f8b,0,,11,2,4,0.8461538461538461,11,4,314,0.03503184713375796,0.0008533085098130479
5m,300,btc-up-or-down-5m,btc-updown-5m,0xf9fe8241c195d3e6ceb6f54edd5c62600e0aa2df,0,,11,1,0,0.9166666666666666,11,1,19,0.5789473684210527,0.0008533085098130479
5m,300,btc-up-or-down-5m,btc-updown-5m,0xe7e504e5805f28b6bffcb5e7113f570c64066ae4,0,,11,1,0,0.9166666666666666,11,1,26,0.4230769230769231,0.0008533085098130479
5m,300,btc-up-or-down-5m,btc-updown-5m,0x06b3af68835cb671e201d90040561f26cc61729e,0,,11,3,0,0.7857142857142857,11,2,67,0.16417910447761194,0.0008533085098130479
5m,300,btc-up-or-down-5m,btc-updown-5m,0xe4d0817be1624591225002b06041ba114e96dbcc,0,,11,0,1,1.0,11,1,6,1.8333333333333333,0.0008533085098130479
5m,300,btc-up-or-down-5m,btc-updown-5m,0xaa76a032f74884ad9b0ab1ec1b3cbc9ef40baafe,0,,11,1,0,0.9166666666666666,11,3,17,0.6470588235294118,0.0008533085098130479
5m,300,btc-up-or-down-5m,btc-updown-5m,0x3bcf896cf89d14ffb3e379620905acce7b9f733d,0,,11,1,1,0.9166666666666666,11,2,212,0.05188679245283019,0.0008533085098130479
5m,300,btc-up-or-down-5m,btc-updown-5m,0xf94e07a20a12d937d4bc6f057aaeefd791b672ec,0,,11,0,0,1.0,11,2,13,0.8461538461538461,0.0008533085098130479
5m,300,btc-up-or-down-5m,btc-updown-5m,0x8cd370c0e893334e563a6ff156883b39c007aa9e,0,,11,0,0,1.0,11,2,73,0.1506849315068493,0.0008533085098130479
5m,300,btc-up-or-down-5m,btc-updown-5m,0x7c499da63bd813b5147280aa14caa78f8aead92c,0,,11,4,5,0.7333333333333333,11,2,59,0.1864406779661017,0.0008533085098130479
5m,300,btc-up-or-down-5m,btc-updown-5m,0x5c24d0a3905ebb2b4570dadfa9e320fe14927f11,0,,11,0,0,1.0,11,2,13,0.8461538461538461,0.0008533085098130479
5m,300,btc-up-or-down-5m,btc-updown-5m,0xa3e65a3ce466b2aa57e8568998e737c54a688914,0,,11,0,1,1.0,11,2,37,0.2972972972972973,0.0008533085098130479
5m,300,btc-up-or-down-5m,btc-updown-5m,0x64a978b7f8b79b18971fbe3c3604de7f8df6389a,0,,11,0,4,1.0,11,2,69,0.15942028985507245,0.0008533085098130479
5m,300,btc-up-or-down-5m,btc-updown-5m,0x96a272eb70771696b5a73852467e6888b24b7a19,0,,11,0,0,1.0,11,1,33,0.3333333333333333,0.0008533085098130479
5m,300,btc-up-or-down-5m,btc-updown-5m,0xcd67f3c0cb5d14a7e5cfbe5019ea422261a3057f,0,,11,0,1,1.0,11,1,11,1.0,0.0008533085098130479
5m,300,btc-up-or-down-5m,btc-updown-5m,0x51fbdef06f4a0133613b83ff612fed98ecf09b84,0,,11,0,0,1.0,11,1,3,3.6666666666666665,0.0008533085098130479
5m,300,btc-up-or-down-5m,btc-updown-5m,0xd4ef1ab2365ed077cc8a36f253805c1d59c15ce1,0,,11,27,4,0.2894736842105263,11,1,101,0.10891089108910891,0.0008533085098130479
5m,300,btc-up-or-down-5m,btc-updown-5m,0x2afd0975f72227180fb1d9bd822755b5eb0afcb5,0,,11,1,2,0.9166666666666666,11,1,60,0.18333333333333332,0.0008533085098130479
5m,300,btc-up-or-down-5m,btc-updown-5m,0x60ceba40e3da0b6905b3a75611440db889c7a6ad,0,,11,0,1,1.0,11,1,28,0.39285714285714285,0.0008533085098130479
5m,300,btc-up-or-down-5m,btc-updown-5m,0xe76460c9723d650cbd2a57a6b44de2578151a9f9,0,,11,0,0,1.0,11,1,2,5.5,0.0008533085098130479
5m,300,btc-up-or-down-5m,btc-updown-5m,0x4ce1d78d3ecb360321d6755a7a526a4b0603b422,0,,11,5,8,0.6875,11,1,12,0.9166666666666666,0.0008533085098130479
5m,300,btc-up-or-down-5m,btc-updown-5m,0x160bff66d47fed62d78855b5f606feb43abc35e8,0,,11,1,1,0.9166666666666666,11,2,5,2.2,0.0008533085098130479
5m,300,btc-up-or-down-5m,btc-updown-5m,0xf0f97ee6b9180c0b0b54ee8e57140882f4b06f1d,0,,11,0,0,1.0,11,1,4,2.75,0.0008533085098130479
5m,300,btc-up-or-down-5m,btc-updown-5m,0xee55214ee3a9ee22a404663c76ca832577df7b04,0,,70,47,26,0.5982905982905983,10,55,4126,0.016965584100824042,0.005430145062446668
5m,300,btc-up-or-down-5m,btc-updown-5m,0x725fd0798eca95357696f2521dd1d4784162570c,0,,58,26,40,0.6904761904761905,10,10,67,0.8656716417910447,0.004499263051741525
5m,300,btc-up-or-down-5m,btc-updown-5m,0x47f3c419fa8cf2db4af36a45182f62a5df248c73,0,,53,56,243,0.48623853211009177,10,15,64,0.828125,0.004111395547281049
5m,300,btc-up-or-down-5m,btc-updown-5m,0x88d80b0a1c99214630a7b5ed52b64b43f1698b8e,0,,45,34,39,0.569620253164557,10,21,914,0.04923413566739606,0.003490807540144287
5m,300,btc-up-or-down-5m,btc-updown-5m,0x183a5a210449f6a4dd7f9c2e0c36981b4fe12a12,0,,40,28,25,0.5882352941176471,10,34,1290,0.031007751937984496,0.0031029400356838103
5m,300,btc-up-or-down-5m,btc-updown-5m,0xd6740003bbc6768732be6e88a5f5f25c0963fc2d,0,,40,45,50,0.47058823529411764,10,12,298,0.1342281879194631,0.0031029400356838103
5m,300,btc-up-or-down-5m,btc-updown-5m,0x4d809e935c70e115bae6e68f25c67e6dcfc03bbc,0,,37,24,28,0.6065573770491803,10,10,68,0.5441176470588235,0.0028702195330075246
5m,300,btc-up-or-down-5m,btc-updown-5m,0x92eb0f467a3b003eeb3341a5ee0a18267fd5ca47,0,,37,29,31,0.5606060606060606,10,6,117,0.3162393162393162,0.0028702195330075246
5m,300,btc-up-or-down-5m,btc-updown-5m,0xd07a22ef9a4789c7410f7cbd2aebe8fd24aafa94,0,,36,45,36,0.4444444444444444,10,27,4806,0.00749063670411985,0.0027926460321154294
5m,300,btc-up-or-down-5m,btc-updown-5m,0x6b833ee88e9a5e80a2a002beda108305a6464bf1,0,,36,9,30,0.8,10,9,304,0.11842105263157894,0.0027926460321154294
5m,300,btc-up-or-down-5m,btc-updown-5m,0xaa44a1d05bbbdd962123e04d82d72ea8a3e00a39,0,,33,26,31,0.559322033898305,10,10,319,0.10344827586206896,0.002559925529439144
5m,300,btc-up-or-down-5m,btc-updown-5m,0xf38190909d9f72d4d3274dc5fa51ad8e42ca2b5d,0,,31,33,31,0.484375,10,26,5547,0.005588606453939066,0.002404778527654953
5m,300,btc-up-or-down-5m,btc-updown-5m,0xdb219958841291a2484819881495829f2ab739ff,0,,30,22,17,0.5769230769230769,10,20,2026,0.014807502467917079,0.0023272050267628577
5m,300,btc-up-or-down-5m,btc-updown-5m,0xe11c8e6d43d1b9bfc23e554d2c81117f857124ef,0,,30,34,33,0.46875,10,5,180,0.16666666666666666,0.0023272050267628577
5m,300,btc-up-or-down-5m,btc-updown-5m,0x3d4d98d0a0458d0d88b8593b1debd73d14c173ee,0,,29,23,34,0.5576923076923077,10,8,435,0.06666666666666667,0.0022496315258707625
5m,300,btc-up-or-down-5m,btc-updown-5m,0x0365c992ea08fa4b102184d9ffb639421f72e41d,0,,29,34,89,0.4603174603174603,10,8,36,0.8055555555555556,0.0022496315258707625
5m,300,btc-up-or-down-5m,btc-updown-5m,0x04b48af0dd5e0b374b4380508c5109f6e0662993,0,,29,27,27,0.5178571428571429,10,11,125,0.232,0.0022496315258707625
5m,300,btc-up-or-down-5m,btc-updown-5m,0x07804d97c31291585d1359c08b52e6c0a6c03b6a,0,,29,1,17,0.9666666666666667,10,2,18,1.6111111111111112,0.0022496315258707625
5m,300,btc-up-or-down-5m,btc-updown-5m,0xc145370c8badf4178b0bd76409e5412d670ba3bb,0,,28,12,24,0.7,10,20,320,0.0875,0.0021720580249786673
5m,300,btc-up-or-down-5m,btc-updown-5m,0x93b75aee3bcba5d2fca61af5d5fcf2412358c330,0,,27,15,25,0.6428571428571429,10,8,92,0.29347826086956524,0.002094484524086572
5m,300,btc-up-or-down-5m,btc-updown-5m,0xbfeb1797d8050a7d537d6cb569f1da67cdbe763e,0,,27,23,39,0.54,10,9,178,0.15168539325842698,0.002094484524086572
5m,300,btc-up-or-down-5m,btc-updown-5m,0x754b16a1065ddbd66f147d6125ffed92a8f7a66e,0,,27,62,36,0.30337078651685395,10,22,1551,0.017408123791102514,0.002094484524086572
5m,300,btc-up-or-down-5m,btc-updown-5m,0xcb92e59eef071c7dfac33fbc64c60952d277e62f,0,,26,9,14,0.7428571428571429,10,18,320,0.08125,0.002016911023194477
5m,300,btc-up-or-down-5m,btc-updown-5m,0x29e103423ad0dab1fdfc382cfd4613112b488872,0,,26,8,4,0.7647058823529411,10,16,258,0.10077519379844961,0.002016911023194477
5m,300,btc-up-or-down-5m,btc-updown-5m,0xdf6539d1fadb951a02a999d31a72e0cd7fd9c36d,0,,26,4,13,0.8666666666666667,10,21,509,0.05108055009823183,0.002016911023194477
5m,300,btc-up-or-down-5m,btc-updown-5m,0xd11f2ea8cdb4580d7ee8f72945f6396af872051d,0,,26,45,26,0.36619718309859156,10,6,52,0.5,0.002016911023194477
5m,300,btc-up-or-down-5m,btc-updown-5m,0x00a5235971284171c1853bf834db1eec3869796c,0,,25,5,6,0.8333333333333334,10,17,318,0.07861635220125786,0.0019393375223023814
5m,300,btc-up-or-down-5m,btc-updown-5m,0x6ba25c9f2fe6e9e5dd47983b629c00cd59958d0e,0,,25,19,21,0.5681818181818182,10,17,412,0.06067961165048544,0.0019393375223023814
5m,300,btc-up-or-down-5m,btc-updown-5m,0xace69a8e97c9c818e6dd47aa9cfe00e939647477,0,,25,20,25,0.5555555555555556,10,8,79,0.31645569620253167,0.0019393375223023814
5m,300,btc-up-or-down-5m,btc-updown-5m,0xeeeeec492016c45777038163c9f8b9f223604e57,0,,24,10,2,0.7058823529411765,10,7,204,0.11764705882352941,0.0018617640214102862
5m,300,btc-up-or-down-5m,btc-updown-5m,0x7bf62398e9a200c5ead5939a14b50ccb28a2342e,0,,24,25,23,0.4897959183673469,10,9,222,0.10810810810810811,0.0018617640214102862
5m,300,btc-up-or-down-5m,btc-updown-5m,0x454329bf4e237b7059244cfb3891337a2faf72d1,0,,24,34,27,0.41379310344827586,10,16,1737,0.013816925734024179,0.0018617640214102862
5m,300,btc-up-or-down-5m,btc-updown-5m,0xfde51ad2776a13e0fb5046508364ab813d6ce8ba,0,,24,1,7,0.96,10,4,116,0.20689655172413793,0.0018617640214102862
5m,300,btc-up-or-down-5m,btc-updown-5m,0x46b8eb239eda0a81a6ac5923b5573abd16691420,0,,22,9,5,0.7096774193548387,10,6,145,0.15172413793103448,0.0017066170196260958
5m,300,btc-up-or-down-5m,btc-updown-5m,0xee65685de42f8de9a03b4c53ee77d56a20d2cfc9,0,,22,16,18,0.5789473684210527,10,15,643,0.03421461897356143,0.0017066170196260958
5m,300,btc-up-or-down-5m,btc-updown-5m,0x32a273090f38e98d9f3d2a85b7072fa11bf3505c,0,,22,21,24,0.5116279069767442,10,15,2783,0.007905138339920948,0.0017066170196260958
5m,300,btc-up-or-down-5m,btc-updown-5m,0x2497cee6c8eed7933f580073fbdca126e19c624b,0,,22,15,9,0.5945945945945946,10,16,1018,0.021611001964636542,0.0017066170196260958
5m,300,btc-up-or-down-5m,btc-updown-5m,0x1c5fe5f41c48d0703a51c2bc93615d388d7d5bb0,0,,22,23,14,0.4888888888888889,10,20,2100,0.010476190476190476,0.0017066170196260958
5m,300,btc-up-or-down-5m,btc-updown-5m,0x48070188dd152724372900c7959c9166e34171b9,0,,22,17,9,0.5641025641025641,10,16,1191,0.018471872376154493,0.0017066170196260958
5m,300,btc-up-or-down-5m,btc-updown-5m,0xf4785426ea4ed39d57f148cb611c945405044fe0,0,,22,15,8,0.5945945945945946,10,16,259,0.08494208494208494,0.0017066170196260958
5m,300,btc-up-or-down-5m,btc-updown-5m,0xdd2875894146f348dbc2d2dce57dfb7beba6fbbe,0,,22,9,12,0.7096774193548387,10,7,103,0.21359223300970873,0.0017066170196260958
5m,300,btc-up-or-down-5m,btc-updown-5m,0xe33d16ec451afe41a5e8320646efa34cc178f0d4,0,,22,6,3,0.7857142857142857,10,4,37,0.5945945945945946,0.0017066170196260958
5m,300,btc-up-or-down-5m,btc-updown-5m,0x3b281034bcd3f903bc11590d6a1e2508d5024b7a,0,,21,11,6,0.65625,10,14,498,0.04216867469879518,0.0016290435187340006
5m,300,btc-up-or-down-5m,btc-updown-5m,0x7fc596ff702d00990d45282260d351a1262d9fcf,0,,21,4,5,0.84,10,8,75,0.28,0.0016290435187340006
5m,300,btc-up-or-down-5m,btc-updown-5m,0xd4ac8b3030822158c7dca3e816f53dfcefd881a4,0,,21,18,24,0.5384615384615384,10,17,1000,0.021,0.0016290435187340006
5m,300,btc-up-or-down-5m,btc-updown-5m,0xae8c07e6f4e9fc57e5ce4e0a8c9b170f918c9b08,0,,21,31,7,0.40384615384615385,10,4,43,0.4883720930232558,0.0016290435187340006
5m,300,btc-up-or-down-5m,btc-updown-5m,0x9230164b0206b61b42c8094589cd92b541d5cbae,0,,21,19,16,0.525,10,5,112,0.1875,0.0016290435187340006
5m,300,btc-up-or-down-5m,btc-updown-5m,0x9ab95de2204fe563bea7749be7004d6d8c65ca45,0,,20,8,6,0.7142857142857143,10,13,274,0.072992700729927,0.0015514700178419051
5m,300,btc-up-or-down-5m,btc-updown-5m,0x31b6714f5814def642a4710b15af7ea55e259ecf,0,,20,23,23,0.46511627906976744,10,13,413,0.048426150121065374,0.0015514700178419051
5m,300,btc-up-or-down-5m,btc-updown-5m,0xe2b1d557c35689748b060c1ba9ee8d507e7c4ec0,0,,20,7,7,0.7407407407407407,10,14,323,0.06191950464396285,0.0015514700178419051
5m,300,btc-up-or-down-5m,btc-updown-5m,0x4c04eaac27adced33ee94ba542fadb3475b47dca,0,,20,17,8,0.5405405405405406,10,2,123,0.16260162601626016,0.0015514700178419051
5m,300,btc-up-or-down-5m,btc-updown-5m,0x6476f190bddf863457833231101dd70b1c176df0,0,,20,1,11,0.9523809523809523,10,1,30,0.6666666666666666,0.0015514700178419051
5m,300,btc-up-or-down-5m,btc-updown-5m,0xbb771335bc42b7e6a8565b7ca7893fade3e425f4,0,,20,0,0,1.0,10,1,3,6.666666666666667,0.0015514700178419051
5m,300,btc-up-or-down-5m,btc-updown-5m,0x0a6e22dd6dc293f8578760552cec4809d4831f7f,0,,20,18,14,0.5263157894736842,10,3,106,0.18867924528301888,0.0015514700178419051
5m,300,btc-up-or-down-5m,btc-updown-5m,0xa908bfe0cb6a7bd6112903f51190abc0abd3d10e,0,,19,4,19,0.8260869565217391,10,11,57,0.3333333333333333,0.00147389651694981
5m,300,btc-up-or-down-5m,btc-updown-5m,0x173cad550db61da86f25376d028dafd113da2e71,0,,19,7,11,0.7307692307692307,10,5,36,0.5277777777777778,0.00147389651694981
5m,300,btc-up-or-down-5m,btc-updown-5m,0x4857fc6a088f10cfd438939260b2ffa75164600e,0,,19,21,22,0.475,10,13,886,0.02144469525959368,0.00147389651694981
5m,300,btc-up-or-down-5m,btc-updown-5m,0xb7f945f9696f1adcbf095b5cd07af61fb1e66add,0,,19,16,13,0.5428571428571428,10,17,496,0.038306451612903226,0.00147389651694981
5m,300,btc-up-or-down-5m,btc-updown-5m,0xf8f31a9f2442fec96c4ceb116bf5ee9db8d7a14e,0,,19,1,4,0.95,10,3,61,0.3114754098360656,0.00147389651694981
5m,300,btc-up-or-down-5m,btc-updown-5m,0x2727cab75cdac94bccb3f180ce8ba73c83aa68b5,0,,19,1,19,0.95,10,2,168,0.1130952380952381,0.00147389651694981
5m,300,btc-up-or-down-5m,btc-updown-5m,0x1e721c4ac80a6b09b21557ac4910d8b10a1a9644,0,,19,8,4,0.7037037037037037,10,4,148,0.12837837837837837,0.00147389651694981
5m,300,btc-up-or-down-5m,btc-updown-5m,0x4328d4d4fbbc438c11713a993a097f9e77599c9a,0,,19,0,1,1.0,10,1,28,0.6785714285714286,0.00147389651694981
5m,300,btc-up-or-down-5m,btc-updown-5m,0x60062ecbce1b143ed4955129377d2ff3632ac7e4,0,,18,15,17,0.5454545454545454,10,12,653,0.027565084226646247,0.0013963230160577147
5m,300,btc-up-or-down-5m,btc-updown-5m,0x2c743b52e9d518af9a1340a1660ccdd987606173,0,,18,4,11,0.8181818181818182,10,5,266,0.06766917293233082,0.0013963230160577147
5m,300,btc-up-or-down-5m,btc-updown-5m,0xec5a91e7d330a585f81db063ecf517614dbbe44a,0,,18,3,16,0.8571428571428571,10,13,181,0.09944751381215469,0.0013963230160577147
5m,300,btc-up-or-down-5m,btc-updown-5m,0xb91b1d02d1ae7b9095ed816e539988a5d2c1a78a,0,,18,3,4,0.8571428571428571,10,10,188,0.09574468085106383,0.0013963230160577147
5m,300,btc-up-or-down-5m,btc-updown-5m,0x51169dbe053dc7949b63d5e7b6f66ab761c827da,0,,18,22,14,0.45,10,12,770,0.023376623376623377,0.0013963230160577147
5m,300,btc-up-or-down-5m,btc-updown-5m,0xd8053d1261bc72f122336f6f02d80aa57581b32f,0,,18,0,0,1.0,10,2,18,1.0,0.0013963230160577147
5m,300,btc-up-or-down-5m,btc-updown-5m,0x1fb6e0e7a18f886fe9eeefea311d2a61c39a56d3,0,,18,0,1,1.0,10,2,18,1.0,0.0013963230160577147
5m,300,btc-up-or-down-5m,btc-updown-5m,0x5325d07f2b78a12c1a2f51ee953051f282cdc31d,0,,18,0,0,1.0,10,2,27,0.6666666666666666,0.0013963230160577147
5m,300,btc-up-or-down-5m,btc-updown-5m,0xe0a35f51c92345bdd4f602bb49f20232b343f11d,0,,18,12,9,0.6,10,7,375,0.048,0.0013963230160577147
5m,300,btc-up-or-down-5m,btc-updown-5m,0x897536dd4b7c2f834b702f234c34029b346720a4,0,,18,9,11,0.6666666666666666,10,3,157,0.11464968152866242,0.0013963230160577147
5m,300,btc-up-or-down-5m,btc-updown-5m,0x32fa1db9b9d58449d3aab56a57c511d267a9f7bf,0,,17,7,31,0.7083333333333334,10,11,175,0.09714285714285714,0.0013187495151656195
5m,300,btc-up-or-down-5m,btc-updown-5m,0x7d24afc48934c0cc78e02318bad9e54e5905d1d4,0,,17,8,21,0.68,10,11,416,0.040865384615384616,0.0013187495151656195
5m,300,btc-up-or-down-5m,btc-updown-5m,0x1d47abfa2ef20098ac68319c3c418b98d1c6f49f,0,,17,6,14,0.7391304347826086,10,15,342,0.049707602339181284,0.0013187495151656195
5m,300,btc-up-or-down-5m,btc-updown-5m,0x1abbae46dba5dd215313af63f53ceb74299a493a,0,,17,2,11,0.8947368421052632,10,4,162,0.10493827160493827,0.0013187495151656195
5m,300,btc-up-or-down-5m,btc-updown-5m,0x3b5a5271122cab38828140c815df362409d5b293,0,,17,22,20,0.4358974358974359,10,6,367,0.04632152588555858,0.0013187495151656195
5m,300,btc-up-or-down-5m,btc-updown-5m,0x9780a87d3e2c0e1cf9366869aa74beb222196c12,0,,17,12,16,0.5862068965517241,10,7,134,0.12686567164179105,0.0013187495151656195
5m,300,btc-up-or-down-5m,btc-updown-5m,0xb559f21a6c1fc896f89c8338a08f75de42ebb01f,0,,17,24,18,0.4146341463414634,10,10,603,0.028192371475953566,0.0013187495151656195
5m,300,btc-up-or-down-5m,btc-updown-5m,0x5d5a68ba12cf0264ea2dab626d99abb9a71c4289,0,,17,19,19,0.4722222222222222,10,6,140,0.12142857142857143,0.0013187495151656195
5m,300,btc-up-or-down-5m,btc-updown-5m,0xf7af0da8232911b80659cccbf550be709a384a86,0,,17,30,13,0.3617021276595745,10,8,420,0.04047619047619048,0.0013187495151656195
5m,300,btc-up-or-down-5m,btc-updown-5m,0xb5add24bcd30cd9a46e100791f59bb7f51004be9,0,,17,29,26,0.3695652173913043,10,8,262,0.0648854961832061,0.0013187495151656195
5m,300,btc-up-or-down-5m,btc-updown-5m,0x7177ad413675514c6f82f8631a2c77c246642035,0,,17,20,17,0.4594594594594595,10,6,170,0.1,0.0013187495151656195
5m,300,btc-up-or-down-5m,btc-updown-5m,0x574d66e96e0d93e06ac8bb90a95eed5629a24466,0,,17,0,0,1.0,10,1,23,0.7391304347826086,0.0013187495151656195
5m,300,btc-up-or-down-5m,btc-updown-5m,0x6aa2ee14e103377dbb533659ee7ceaf69fd4b97f,0,,17,10,0,0.6296296296296297,10,1,101,0.16831683168316833,0.0013187495151656195
5m,300,btc-up-or-down-5m,btc-updown-5m,0x4bb56ca57638c90c88ad590f430c06a069497377,0,,17,3,0,0.85,10,1,7,2.4285714285714284,0.0013187495151656195
5m,300,btc-up-or-down-5m,btc-updown-5m,0x85ec6491364de03a9f04fc2f65424f0b4abd9ed0,0,,17,0,0,1.0,10,1,57,0.2982456140350877,0.0013187495151656195
5m,300,btc-up-or-down-5m,btc-updown-5m,0xf9061434b86fbde52df13725a639f1a7e5e61567,0,,17,10,0,0.6296296296296297,10,1,108,0.1574074074074074,0.0013187495151656195
5m,300,btc-up-or-down-5m,btc-updown-5m,0xba03f5943a6029ba91b5663e46608b928c2b53ee,0,,17,0,0,1.0,10,1,104,0.16346153846153846,0.0013187495151656195
5m,300,btc-up-or-down-5m,btc-updown-5m,0xf33d93dff661802a27087ad372c2cc75c58c80e1,0,,17,10,0,0.6296296296296297,10,1,107,0.1588785046728972,0.0013187495151656195
5m,300,btc-up-or-down-5m,btc-updown-5m,0x7eac16bcb67f8a7d1b65c922439c8e552612a3f5,0,,17,10,0,0.6296296296296297,10,1,90,0.18888888888888888,0.0013187495151656195
5m,300,btc-up-or-down-5m,btc-updown-5m,0x24d3fb8b3ad1107d22ea5598b09e1d3fea5c76cd,0,,17,10,0,0.6296296296296297,10,1,110,0.15454545454545454,0.0013187495151656195
5m,300,btc-up-or-down-5m,btc-updown-5m,0xe5998a3a34967df22776bf6669eea9f4103a77fa,0,,17,10,0,0.6296296296296297,10,1,117,0.1452991452991453,0.0013187495151656195
5m,300,btc-up-or-down-5m,btc-updown-5m,0x835e2b17c9c0f2ea33da3bb6cc5a1f1eba101945,0,,17,10,0,0.6296296296296297,10,1,111,0.15315315315315314,0.0013187495151656195
5m,300,btc-up-or-down-5m,btc-updown-5m,0xaebfa3b16aa77e0f83fd1b383b142b079ab5b45f,0,,17,17,15,0.5,10,3,65,0.26153846153846155,0.0013187495151656195
5m,300,btc-up-or-down-5m,btc-updown-5m,0x03398c5cf841b7d0b50fbae2766d13060176ff87,0,,17,0,1,1.0,10,1,3,5.666666666666667,0.0013187495151656195
5m,300,btc-up-or-down-5m,btc-updown-5m,0x9152cc05745487aef6281255f659940fe18609a2,0,,16,50,38,0.24242424242424243,10,13,394,0.04060913705583756,0.001241176014273524
5m,300,btc-up-or-down-5m,btc-updown-5m,0x2e3def9794d951b6249a8460901630ecc3c16aa1,0,,16,9,15,0.64,10,14,206,0.07766990291262135,0.001241176014273524
5m,300,btc-up-or-down-5m,btc-updown-5m,0x87f40c4cf5c1e9e02d816de96d8026dbc14e64b1,0,,16,7,19,0.6956521739130435,10,1,7,2.2857142857142856,0.001241176014273524
5m,300,btc-up-or-down-5m,btc-updown-5m,0x5800759ab590fc301f87fa606b98517da96d053d,0,,16,13,8,0.5517241379310345,10,5,201,0.07960199004975124,0.001241176014273524
5m,300,btc-up-or-down-5m,btc-updown-5m,0x80831ca4e986ef2493ee948b0b33bde8f5253a61,0,,16,0,3,1.0,10,4,20,0.8,0.001241176014273524
5m,300,btc-up-or-down-5m,btc-updown-5m,0xc49e916fd482b99c949b75f6cfee32313e57f4e1,0,,16,2,8,0.8888888888888888,10,11,116,0.13793103448275862,0.001241176014273524
5m,300,btc-up-or-down-5m,btc-updown-5m,0x7cd43a146421c9e8fccba4b5e6d7a26dd66dc292,1,,16,18,20,0.47058823529411764,10,8,204,0.0784313725490196,0.001241176014273524
5m,300,btc-up-or-down-5m,btc-updown-5m,0xfb4600bf291c344a80ccee7afad7213ccf984902,0,,16,10,10,0.6153846153846154,10,10,576,0.027777777777777776,0.001241176014273524
5m,300,btc-up-or-down-5m,btc-updown-5m,0x65dbc47e10e72532cc4439ea0d62d2d0255e8a0e,0,,16,3,10,0.8421052631578947,10,3,45,0.35555555555555557,0.001241176014273524
5m,300,btc-up-or-down-5m,btc-updown-5m,0x1d429af174882be224dbfd69cbbc8105afddf1e6,0,,16,15,20,0.5161290322580645,10,11,342,0.04678362573099415,0.001241176014273524
5m,300,btc-up-or-down-5m,btc-updown-5m,0x3a5502dbd46a59928b8c25c0f52d76c0f8951338,0,,16,10,9,0.6153846153846154,10,4,54,0.2962962962962963,0.001241176014273524
5m,300,btc-up-or-down-5m,btc-updown-5m,0x5f04b28bde2350d65bbebaa467119d7e7e957572,0,,16,0,13,1.0,10,2,31,0.5161290322580645,0.001241176014273524
5m,300,btc-up-or-down-5m,btc-updown-5m,0xd1b107bd85d37c969d7e38e6be718366159ec0d9,0,,16,11,9,0.5925925925925926,10,5,196,0.08163265306122448,0.001241176014273524
5m,300,btc-up-or-down-5m,btc-updown-5m,0xa32591ad6f8aa0f8606d8a936128eda7c5da4201,0,,16,19,5,0.45714285714285713,10,4,143,0.11188811188811189,0.001241176014273524
5m,300,btc-up-or-down-5m,btc-updown-5m,0x8db6706735b2a70461d25420d9805c777a6e803e,0,,16,21,10,0.43243243243243246,10,6,61,0.26229508196721313,0.001241176014273524
5m,300,btc-up-or-down-5m,btc-updown-5m,0x426c1864be8b818295f50e5fbabd565b1f645569,0,,16,0,4,1.0,10,5,183,0.08743169398907104,0.001241176014273524
5m,300,btc-up-or-down-5m,btc-updown-5m,0xbf1ba56131ae8022c540a18fb68447006f68a93c,0,,16,11,4,0.5925925925925926,10,7,364,0.04395604395604396,0.001241176014273524
5m,300,btc-up-or-down-5m,btc-updown-5m,0xc9a5a988774377f50daada6ef6732096eb7f4d0b,0,,16,0,8,1.0,10,3,27,0.5925925925925926,0.001241176014273524
5m,300,btc-up-or-down-5m,btc-updown-5m,0x86e28c22dc09d4a6441e18a271f61dd5be233273,0,,16,11,8,0.5925925925925926,10,3,38,0.42105263157894735,0.001241176014273524
5m,300,btc-up-or-down-5m,btc-updown-5m,0x54b1e8d8b77ad26074974d0119c26e1e6b229379,0,,16,3,5,0.8421052631578947,10,1,244,0.06557377049180328,0.001241176014273524
5m,300,btc-up-or-down-5m,btc-updown-5m,0x92f7c9f1ec6d6fb1fd5ce41edd2e18f3a1b60e4b,0,,16,0,0,1.0,10,1,174,0.09195402298850575,0.001241176014273524
5m,300,btc-up-or-down-5m,btc-updown-5m,0x70c63dced5dd0627d5ef21a1d511b9cfaf8bc445,0,,16,0,0,1.0,10,1,184,0.08695652173913043,0.001241176014273524
5m,300,btc-up-or-down-5m,btc-updown-5m,0x9bd064c129e8bcf6b74b5b47b0ec5eb5d2cde5a0,1,,16,38,49,0.2962962962962963,10,4,6,2.6666666666666665,0.001241176014273524
5m,300,btc-up-or-down-5m,btc-updown-5m,0x0a0c343a0aa3f69ca07dfb0d2a8e9f916a9074f9,0,,16,6,2,0.7272727272727273,10,2,112,0.14285714285714285,0.001241176014273524
5m,300,btc-up-or-down-5m,btc-updown-5m,0x7799123d731fdc8a1af5d27b41c5b8afc758d6ea,0,,16,0,3,1.0,10,2,77,0.2077922077922078,0.001241176014273524
5m,300,btc-up-or-down-5m,btc-updown-5m,0x13548383ea006f8ac4259321273b6a36bebc19f7,0,,16,8,2,0.6666666666666666,10,2,48,0.3333333333333333,0.001241176014273524
5m,300,btc-up-or-down-5m,btc-updown-5m,0xf35ef4a5b4b0c6d16aea1f1667942177ddbb9acd,0,,16,1,0,0.9411764705882353,10,2,8,2.0,0.001241176014273524
5m,300,btc-up-or-down-5m,btc-updown-5m,0x59d3f568e44c879304b388c08c42977ef9c32b9d,0,,15,22,23,0.40540540540540543,10,6,201,0.07462686567164178,0.0011636025133814289
5m,300,btc-up-or-down-5m,btc-updown-5m,0xe650f816a40b4250ff6d3593046c801055ba1e3f,0,,15,0,1,1.0,10,3,79,0.189873417721519,0.0011636025133814289
5m,300,btc-up-or-down-5m,btc-updown-5m,0x50a10f742a3de32daf383fe0a5421edfa7561775,0,,15,13,4,0.5357142857142857,10,9,321,0.04672897196261682,0.0011636025133814289
5m,300,btc-up-or-down-5m,btc-updown-5m,0xa0903a3918a7e4763b8cd86613094eb0f6f836d2,0,,15,8,13,0.6521739130434783,10,3,55,0.2727272727272727,0.0011636025133814289
5m,300,btc-up-or-down-5m,btc-updown-5m,0x902a6f4aac9f5823cb9b121bfd0c219127085d51,0,,15,7,7,0.6818181818181818,10,4,52,0.28846153846153844,0.0011636025133814289
5m,300,btc-up-or-down-5m,btc-updown-5m,0xad8a73effc4e2ba1112d51bba930abe7f0fc7549,0,,15,12,15,0.5555555555555556,10,5,278,0.0539568345323741,0.0011636025133814289
5m,300,btc-up-or-down-5m,btc-updown-5m,0xf16ad8c7b07647e8788de98599d1f16b283f47df,0,,15,12,4,0.5555555555555556,10,5,119,0.12605042016806722,0.0011636025133814289
5m,300,btc-up-or-down-5m,btc-updown-5m,0xd456ce62eadf903a44431f3066d97af2038cc8a2,0,,15,2,2,0.8823529411764706,10,7,127,0.11811023622047244,0.0011636025133814289
5m,300,btc-up-or-down-5m,btc-updown-5m,0x0c55ef6531a5b5d01056aceb7833a517eec73408,0,,15,18,11,0.45454545454545453,10,9,719,0.02086230876216968,0.0011636025133814289
5m,300,btc-up-or-down-5m,btc-updown-5m,0xd85a8d45af937b481a177d8eaf91526e0d1a1b35,0,,15,18,5,0.45454545454545453,10,9,846,0.01773049645390071,0.0011636025133814289
5m,300,btc-up-or-down-5m,btc-updown-5m,0x78bf49e02aba491dbe116689a0015d9cd2a1944b,0,,15,23,16,0.39473684210526316,10,1,52,0.28846153846153844,0.0011636025133814289
5m,300,btc-up-or-down-5m,btc-updown-5m,0xe6bafe968f53611fea14f1c3316708e4d656d1d4,0,,15,39,23,0.2777777777777778,10,5,187,0.08021390374331551,0.0011636025133814289
5m,300,btc-up-or-down-5m,btc-updown-5m,0xd13d7f92e0f56784e2b0d5d771e85bdf587a28c8,0,,15,3,9,0.8333333333333334,10,4,229,0.06550218340611354,0.0011636025133814289
5m,300,btc-up-or-down-5m,btc-updown-5m,0xc1babc9380fcef8e574b9bf2a3ec938dfc57052b,0,,15,15,5,0.5,10,3,34,0.4411764705882353,0.0011636025133814289
5m,300,btc-up-or-down-5m,btc-updown-5m,0xb72bf1f1f85178ae59be3617ecbc8cbf1119f89c,0,,15,3,3,0.8333333333333334,10,5,109,0.13761467889908258,0.0011636025133814289
5m,300,btc-up-or-down-5m,btc-updown-5m,0x62b339fb4a6625b53d65ec9da1258e8109d6738c,0,,15,6,1,0.7142857142857143,10,2,4,3.75,0.0011636025133814289
5m,300,btc-up-or-down-5m,btc-updown-5m,0x7bae1fe071cbc6214cfec4f7013c260b62805f6d,0,,15,1,2,0.9375,10,3,250,0.06,0.0011636025133814289
5m,300,btc-up-or-down-5m,btc-updown-5m,0x76d5889c04cfbac8800ddd80ebdbdceb8c4a81d3,0,,15,0,1,1.0,10,1,32,0.46875,0.0011636025133814289
5m,300,btc-up-or-down-5m,btc-updown-5m,0xd56be1a41043d82d65aba54a9b419c1f1c4c7bf2,0,,15,0,1,1.0,10,1,7,2.142857142857143,0.0011636025133814289
5m,300,btc-up-or-down-5m,btc-updown-5m,0x2317e2c45eea07eb5865cd29c6aef62a1bababaf,0,,15,0,1,1.0,10,1,4,3.75,0.0011636025133814289
5m,300,btc-up-or-down-5m,btc-updown-5m,0x80d803f173d60539e58dce20d3e3188886737ae0,0,,14,12,28,0.5384615384615384,10,13,389,0.03598971722365039,0.0010860290124893336
5m,300,btc-up-or-down-5m,btc-updown-5m,0x8510150a93880a7a9073d3033d7725fd234c63bd,0,,14,0,15,1.0,10,5,85,0.16470588235294117,0.0010860290124893336
5m,300,btc-up-or-down-5m,btc-updown-5m,0xfe27898549fa4faeccec6a3ce3b13a122e92f562,0,,14,83,46,0.14432989690721648,10,8,64,0.21875,0.0010860290124893336
5m,300,btc-up-or-down-5m,btc-updown-5m,0x2fa9a76b13183fe4134c29a4c01f5bbe9cd386ee,0,,14,5,14,0.7368421052631579,10,6,129,0.10852713178294573,0.0010860290124893336
5m,300,btc-up-or-down-5m,btc-updown-5m,0x38779b90ea2b8e551e3a59c9a764af329f57be61,0,,14,5,12,0.7368421052631579,10,11,421,0.0332541567695962,0.0010860290124893336
5m,300,btc-up-or-down-5m,btc-updown-5m,0x18c150fab4d3c1c65f7edd68a55872f556337d6f,0,,14,3,0,0.8235294117647058,10,9,256,0.0546875,0.0010860290124893336
5m,300,btc-up-or-down-5m,btc-updown-5m,0x0594b809819651e2c424773bcb3cf5baf4d15b8a,0,,14,5,5,0.7368421052631579,10,4,32,0.4375,0.0010860290124893336
5m,300,btc-up-or-down-5m,btc-updown-5m,0x2279d15ec590fd69311b46e78c560d4b9e830f3c,0,,14,10,12,0.5833333333333334,10,2,121,0.11570247933884298,0.0010860290124893336
5m,300,btc-up-or-down-5m,btc-updown-5m,0x4d3286616e7f1cbbe24198103bab71696adad009,0,,14,7,5,0.6666666666666666,10,3,80,0.175,0.0010860290124893336
5m,300,btc-up-or-down-5m,btc-updown-5m,0xf0ef7b82e57af1f3efad307485dd9432fd32b40f,0,,14,0,0,1.0,10,2,35,0.4,0.0010860290124893336
5m,300,btc-up-or-down-5m,btc-updown-5m,0xc09690d6c16f461e00c81f54abf140aa7b36282c,0,,14,11,16,0.56,10,7,203,0.06896551724137931,0.0010860290124893336
5m,300,btc-up-or-down-5m,btc-updown-5m,0x984a24aad8e4ae260a6fa10a34a749f1a15ef58f,0,,14,7,0,0.6666666666666666,10,4,146,0.0958904109589041,0.0010860290124893336
5m,300,btc-up-or-down-5m,btc-updown-5m,0x711d5d3576069c1008a75414232a89f702076f53,0,,14,11,6,0.56,10,5,72,0.19444444444444445,0.0010860290124893336
5m,300,btc-up-or-down-5m,btc-updown-5m,0xd768434507d023ca626270a4838e2490c3b7cfa5,0,,14,2,21,0.875,10,7,241,0.058091286307053944,0.0010860290124893336
5m,300,btc-up-or-down-5m,btc-updown-5m,0x2277c18fb73d4cfbd61384be80ef9339a9496604,0,,14,22,16,0.3888888888888889,10,2,184,0.07608695652173914,0.0010860290124893336
5m,300,btc-up-or-down-5m,btc-updown-5m,0x5da2e85bb7e3ac9ec47794e78c61f47d5dc5c429,0,,14,0,1,1.0,10,1,50,0.28,0.0010860290124893336
5m,300,btc-up-or-down-5m,btc-updown-5m,0x23262a745c55b2ec5dd75252e2d48135c4f26426,0,,14,1,0,0.9333333333333333,10,1,18,0.7777777777777778,0.0010860290124893336
5m,300,btc-up-or-down-5m,btc-updown-5m,0x7eaa5651f6b9d553eb305721d89b0bb2a5e9ad10,0,,14,0,0,1.0,10,1,21,0.6666666666666666,0.0010860290124893336
5m,300,btc-up-or-down-5m,btc-updown-5m,0xbdd0da8679a1883f792f33a1292d8a19fed0a6e9,0,,14,1,2,0.9333333333333333,10,1,21,0.6666666666666666,0.0010860290124893336
5m,300,btc-up-or-down-5m,btc-updown-5m,0x1156e545dffd1dd8ab75f82e05c9c775b3ebb782,0,,14,0,0,1.0,10,1,6,2.3333333333333335,0.0010860290124893336
5m,300,btc-up-or-down-5m,btc-updown-5m,0x16c2628a27d5ff120871166c8a71c2100ae57382,0,,14,3,13,0.8235294117647058,10,5,80,0.175,0.0010860290124893336
5m,300,btc-up-or-down-5m,btc-updown-5m,0xada1075ed917874063d2a8f3c5eaaba9ff1f5c72,0,,14,22,28,0.3888888888888889,10,3,36,0.3888888888888889,0.0010860290124893336
5m,300,btc-up-or-down-5m,btc-updown-5m,0x584b1f5dcc968e8ebfde5ef182b8232c6e468a7d,0,,13,9,13,0.5909090909090909,10,6,335,0.03880597014925373,0.0010084555115972384
5m,300,btc-up-or-down-5m,btc-updown-5m,0x2dacfaacf70e97af5f06cb09c4359703461c7f71,0,,13,6,1,0.6842105263157895,10,6,120,0.10833333333333334,0.0010084555115972384
5m,300,btc-up-or-down-5m,btc-updown-5m,0x2150f841c40257be5f775ecdf6c32d3dce0ea96d,0,,13,4,5,0.7647058823529411,10,6,62,0.20967741935483872,0.0010084555115972384
5m,300,btc-up-or-down-5m,btc-updown-5m,0xe911fdd9ee44fd8c70a16172230735e91d1f65a5,0,,13,3,1,0.8125,10,5,38,0.34210526315789475,0.0010084555115972384
5m,300,btc-up-or-down-5m,btc-updown-5m,0xbe2a1760a9064bcc2cf17b7a1975022e1233d248,0,,13,9,2,0.5909090909090909,10,5,287,0.04529616724738676,0.0010084555115972384
5m,300,btc-up-or-down-5m,btc-updown-5m,0x7bdaf32de453b62d68308b4d941103a5650c30f7,0,,13,11,9,0.5416666666666666,10,5,156,0.08333333333333333,0.0010084555115972384
5m,300,btc-up-or-down-5m,btc-updown-5m,0xabe879fbb257663dcc14604df24288bad465a1c1,0,,13,1,9,0.9285714285714286,10,5,72,0.18055555555555555,0.0010084555115972384
5m,300,btc-up-or-down-5m,btc-updown-5m,0x5c82100b2db2cb253e536dcfdf5cfe538fb2377c,0,,13,3,0,0.8125,10,5,46,0.2826086956521739,0.0010084555115972384
5m,300,btc-up-or-down-5m,btc-updown-5m,0x072eccba47ec83342d44e27d8b54474a9f651cc5,0,,13,6,2,0.6842105263157895,10,5,436,0.02981651376146789,0.0010084555115972384
5m,300,btc-up-or-down-5m,btc-updown-5m,0xb5c0822d73b6015ed107aae2ef7ca695fbf990f4,0,,13,2,11,0.8666666666666667,10,7,83,0.1566265060240964,0.0010084555115972384
5m,300,btc-up-or-down-5m,btc-updown-5m,0x9a0b9c07bc325c8872a83ba80bbee6f044d80087,0,,13,4,5,0.7647058823529411,10,6,492,0.026422764227642278,0.0010084555115972384
5m,300,btc-up-or-down-5m,btc-updown-5m,0xb8af94836ad19f4798d74f1b62a9418edf8348d9,0,,13,18,17,0.41935483870967744,10,9,409,0.03178484107579462,0.0010084555115972384
5m,300,btc-up-or-down-5m,btc-updown-5m,0x6368d2c624959bcc99b0efc07e26c30649f7eea5,0,,13,5,9,0.7222222222222222,10,8,257,0.05058365758754864,0.0010084555115972384
5m,300,btc-up-or-down-5m,btc-updown-5m,0x1e72de480bd746da82e68f77b0677d1df644c16a,0,,13,5,9,0.7222222222222222,10,10,600,0.021666666666666667,0.0010084555115972384
5m,300,btc-up-or-down-5m,btc-updown-5m,0xf734f4a4a26e9a75d74f7c3802e8cfbe8b496d70,0,,13,3,15,0.8125,10,6,245,0.053061224489795916,0.0010084555115972384
5m,300,btc-up-or-down-5m,btc-updown-5m,0xda8e9b8f73b309d512423d96ac50096234d7d49a,0,,13,26,8,0.3333333333333333,10,9,1064,0.012218045112781954,0.0010084555115972384
5m,300,btc-up-or-down-5m,btc-updown-5m,0x943e885c516b441e3c91d5d80f67499fcb527fc8,0,,13,10,5,0.5652173913043478,10,7,186,0.06989247311827956,0.0010084555115972384
5m,300,btc-up-or-down-5m,btc-updown-5m,0xcea9ccd3f3d03e04da059ab4506921854401c5d8,0,,13,1,1,0.9285714285714286,10,4,106,0.12264150943396226,0.0010084555115972384
5m,300,btc-up-or-down-5m,btc-updown-5m,0xfbae27420f18485c778410db49067542fb366a8f,0,,13,9,15,0.5909090909090909,10,9,118,0.11016949152542373,0.0010084555115972384
5m,300,btc-up-or-down-5m,btc-updown-5m,0x5bab23c857df2b3b57d0d0f32090affd0877676f,0,,13,5,0,0.7222222222222222,10,4,110,0.11818181818181818,0.0010084555115972384
5m,300,btc-up-or-down-5m,btc-updown-5m,0xdc6067fcf4ed6736c4a7c17c8d0cce42d480e206,0,,13,8,5,0.6190476190476191,10,8,297,0.04377104377104377,0.0010084555115972384
5m,300,btc-up-or-down-5m,btc-updown-5m,0x564e602833a98f5906ed61e9ea0cbc61db6c2961,0,,13,2,9,0.8666666666666667,10,3,22,0.5909090909090909,0.0010084555115972384
5m,300,btc-up-or-down-5m,btc-updown-5m,0x7be5602c32426ad785094317ede035221de3a53b,0,,13,15,6,0.4642857142857143,10,3,35,0.37142857142857144,0.0010084555115972384
5m,300,btc-up-or-down-5m,btc-updown-5m,0x329699cfcd2291fe94ca873fad0f6422b32d6f99,0,,12,5,28,0.7058823529411765,10,6,395,0.030379746835443037,0.0009308820107051431
5m,300,btc-up-or-down-5m,btc-updown-5m,0xf39cc2faff881e1dc219791c0a0b12cbb528fd54,0,,12,16,3,0.42857142857142855,10,6,151,0.07947019867549669,0.0009308820107051431
5m,300,btc-up-or-down-5m,btc-updown-5m,0x907238f7be1907637052224fb149fae0efc68098,0,,12,12,15,0.5,10,5,28,0.42857142857142855,0.0009308820107051431
5m,300,btc-up-or-down-5m,btc-updown-5m,0x76938b3d23c6b6d49c3f49d068d83ea870df784e,0,,12,1,3,0.9230769230769231,10,5,318,0.03773584905660377,0.0009308820107051431
5m,300,btc-up-or-down-5m,btc-updown-5m,0x3590f3110e56411c5e06e0ff25d2756646dad307,0,,12,26,21,0.3157894736842105,10,6,315,0.0380952380952381,0.0009308820107051431
5m,300,btc-up-or-down-5m,btc-updown-5m,0xc4e1c92771213d9a07d049be851e72b669da0d0e,0,,12,0,10,1.0,10,2,27,0.4444444444444444,0.0009308820107051431
5m,300,btc-up-or-down-5m,btc-updown-5m,0x113e9a1f3b9d16703c3f1d10294b3eb90d4c5141,0,,12,6,6,0.6666666666666666,10,9,403,0.02977667493796526,0.0009308820107051431
5m,300,btc-up-or-down-5m,btc-updown-5m,0x1ebf46c1511101e6f5c246ec85ecdb46b5b6fbdd,0,,12,20,8,0.375,10,5,337,0.03560830860534125,0.0009308820107051431
5m,300,btc-up-or-down-5m,btc-updown-5m,0x0524998ce6e70730ef2e4c3ea2f1036d40610a8c,0,,12,6,23,0.6666666666666666,10,6,150,0.08,0.0009308820107051431
5m,300,btc-up-or-down-5m,btc-updown-5m,0x07aa5bf346008b7c20f90e604844403fe353d55b,0,,12,3,9,0.8,10,5,134,0.08955223880597014,0.0009308820107051431
5m,300,btc-up-or-down-5m,btc-updown-5m,0x61838423ad948c8c6b15b10fa9c63f213a268bc7,0,,12,5,14,0.7058823529411765,10,7,77,0.15584415584415584,0.0009308820107051431
5m,300,btc-up-or-down-5m,btc-updown-5m,0x3d39eab39fe2ab07800b1f8de7ffbee10f734dae,0,,12,6,3,0.6666666666666666,10,7,530,0.022641509433962263,0.0009308820107051431
5m,300,btc-up-or-down-5m,btc-updown-5m,0xfe0c736eb4c8d99fac119935f7eeea8af668aaa0,0,,12,4,6,0.75,10,10,157,0.07643312101910828,0.0009308820107051431
5m,300,btc-up-or-down-5m,btc-updown-5m,0x423e00638ce12cf1ba62a10490c3ee7bdffea3a6,0,,12,3,9,0.8,10,5,92,0.13043478260869565,0.0009308820107051431
5m,300,btc-up-or-down-5m,btc-updown-5m,0xb1fee5e3a82d7a4a5e822de0a495f6e224c5b58d,0,,12,4,4,0.75,10,5,101,0.1188118811881188,0.0009308820107051431
5m,300,btc-up-or-down-5m,btc-updown-5m,0x51d8dbdb851b68c0851da58449f2e2a1fa2ca933,0,,12,0,1,1.0,10,2,66,0.18181818181818182,0.0009308820107051431
5m,300,btc-up-or-down-5m,btc-updown-5m,0xe88efb02d03fa9be331cf99c607dab79dfea941e,0,,12,5,6,0.7058823529411765,10,6,860,0.013953488372093023,0.0009308820107051431
5m,300,btc-up-or-down-5m,btc-updown-5m,0x898feb23fdd20dcfc4a6f63e76baf5ad1dc273e9,0,,12,0,0,1.0,10,2,12,1.0,0.0009308820107051431
5m,300,btc-up-or-down-5m,btc-updown-5m,0xae0ba761b4ee7b8e7f2238eb21fbeeadad2f7da9,0,,12,1,7,0.9230769230769231,10,3,120,0.1,0.0009308820107051431
5m,300,btc-up-or-down-5m,btc-updown-5m,0x8ca6de5975ab6f53de263dd19856ece9caf25045,0,,12,2,0,0.8571428571428571,10,2,46,0.2608695652173913,0.0009308820107051431
5m,300,btc-up-or-down-5m,btc-updown-5m,0x659e94c5dd369dd7aa881ed721226fc8718fcead,0,,12,1,4,0.9230769230769231,10,3,126,0.09523809523809523,0.0009308820107051431
5m,300,btc-up-or-down-5m,btc-updown-5m,0x41775f39506cbe3e6e6a209d95e33278faf6a6b3,0,,11,1,3,0.9166666666666666,10,6,154,0.07142857142857142,0.0008533085098130479
5m,300,btc-up-or-down-5m,btc-updown-5m,0xe0fc5886e1b534544033124d0a73720bfcb86b2a,0,,11,22,10,0.3333333333333333,10,2,59,0.1864406779661017,0.0008533085098130479
5m,300,btc-up-or-down-5m,btc-updown-5m,0x71d281f674c506c8ed409c5f10af531ae3a64e76,0,,11,3,3,0.7857142857142857,10,5,32,0.34375,0.0008533085098130479
5m,300,btc-up-or-down-5m,btc-updown-5m,0x21a17e734ef61462ce77fa0f08e38956ae4b1911,0,,11,7,18,0.6111111111111112,10,8,495,0.022222222222222223,0.0008533085098130479
5m,300,btc-up-or-down-5m,btc-updown-5m,0xcdf79098337926ce014ac680d98cc9728439824e,0,,11,2,11,0.8461538461538461,10,7,184,0.059782608695652176,0.0008533085098130479
5m,300,btc-up-or-down-5m,btc-updown-5m,0x51928a6454475e6b0d883f5d6ba663670c83df62,0,,11,38,25,0.22448979591836735,10,8,242,0.045454545454545456,0.0008533085098130479
5m,300,btc-up-or-down-5m,btc-updown-5m,0x08ee626f2db33df38f55ff4146a2db315e7f724c,0,,11,2,2,0.8461538461538461,10,4,235,0.04680851063829787,0.0008533085098130479
5m,300,btc-up-or-down-5m,btc-updown-5m,0x31fe769a5559f0837c05bbc99a65bdcf43e6395a,0,,11,3,21,0.7857142857142857,10,4,192,0.057291666666666664,0.0008533085098130479
5m,300,btc-up-or-down-5m,btc-updown-5m,0x96d5e10e48e9cce26a1b9fe446fb4c5ea7f6bfa0,0,,11,0,9,1.0,10,4,84,0.13095238095238096,0.0008533085098130479
5m,300,btc-up-or-down-5m,btc-updown-5m,0x4cd6563231c76d1a4265ae95aa53d57fa5ef686f,0,,11,11,3,0.5,10,5,168,0.06547619047619048,0.0008533085098130479
5m,300,btc-up-or-down-5m,btc-updown-5m,0x2e0b210ddfa21a57ed88a0b929e059e78e355e02,0,,11,22,14,0.3333333333333333,10,7,100,0.11,0.0008533085098130479
5m,300,btc-up-or-down-5m,btc-updown-5m,0x547dccfc0504dcce26bda49929cfdc1c30e29b76,0,,11,4,4,0.7333333333333333,10,5,302,0.03642384105960265,0.0008533085098130479
5m,300,btc-up-or-down-5m,btc-updown-5m,0x3ff9ab202215426d52545931e9c74c03bc783fa5,0,,11,4,3,0.7333333333333333,10,5,199,0.05527638190954774,0.0008533085098130479
5m,300,btc-up-or-down-5m,btc-updown-5m,0x6ad6e189c9c6574cea267cebd4d49da9ed241758,0,,11,11,11,0.5,10,6,342,0.03216374269005848,0.0008533085098130479
5m,300,btc-up-or-down-5m,btc-updown-5m,0xd9e4849672bb452ef3af78b1f48f506058696385,0,,11,10,2,0.5238095238095238,10,6,210,0.05238095238095238,0.0008533085098130479
5m,300,btc-up-or-down-5m,btc-updown-5m,0x4f2e7fea035908bfbe31878f84b3e97bec1b4a3e,0,,11,18,14,0.3793103448275862,10,7,316,0.03481012658227848,0.0008533085098130479
5m,300,btc-up-or-down-5m,btc-updown-5m,0xa9f1537549961f398df42754cd920520ca465387,0,,11,0,1,1.0,10,4,53,0.20754716981132076,0.0008533085098130479
5m,300,btc-up-or-down-5m,btc-updown-5m,0xd988ad0e41b1782cae9e879ec115b8e09ad33379,0,,11,3,3,0.7857142857142857,10,6,473,0.023255813953488372,0.0008533085098130479
5m,300,btc-up-or-down-5m,btc-updown-5m,0x87a961f161681cc1e9b3af2b6542b95ef3c4bd70,0,,11,6,3,0.6470588235294118,10,6,512,0.021484375,0.0008533085098130479
5m,300,btc-up-or-down-5m,btc-updown-5m,0x65388f64b2ef33e1f1e23dca1d3f2da55b9d15a6,0,,11,8,3,0.5789473684210527,10,4,45,0.24444444444444444,0.0008533085098130479
5m,300,btc-up-or-down-5m,btc-updown-5m,0x67b69ba578dad13a2f133b1215a20a6300385374,0,,11,5,4,0.6875,10,10,165,0.06666666666666667,0.0008533085098130479
5m,300,btc-up-or-down-5m,btc-updown-5m,0xfe11286fa150d3a21c3f67ecc49664a143036cc4,0,,11,15,11,0.4230769230769231,10,3,106,0.10377358490566038,0.0008533085098130479
5m,300,btc-up-or-down-5m,btc-updown-5m,0xf95fc2786e9f9400455235c64c35baa226e7d116,0,,11,15,5,0.4230769230769231,10,5,124,0.08870967741935484,0.0008533085098130479
5m,300,btc-up-or-down-5m,btc-updown-5m,0x3460ce51c8caa2166437f6a07104e50a243f7f71,0,,11,1,3,0.9166666666666666,10,5,211,0.052132701421800945,0.0008533085098130479
5m,300,btc-up-or-down-5m,btc-updown-5m,0x02faeea0baf9c9346ac2d4bce7cfdc84c3672f38,0,,11,6,3,0.6470588235294118,10,5,56,0.19642857142857142,0.0008533085098130479
5m,300,btc-up-or-down-5m,btc-updown-5m,0xc703e5599904a0854beca4ddee087b802e65dc3f,0,,11,10,16,0.5238095238095238,10,2,23,0.4782608695652174,0.0008533085098130479
5m,300,btc-up-or-down-5m,btc-updown-5m,0x7d4759b53c2d8daeba54f9d3b351f238901a15b5,0,,11,0,4,1.0,10,1,4,2.75,0.0008533085098130479
5m,300,btc-up-or-down-5m,btc-updown-5m,0xe77d45eb7aeb2fd1f789bf49fc152cf040b5caf1,0,,11,22,11,0.3333333333333333,10,2,76,0.14473684210526316,0.0008533085098130479
5m,300,btc-up-or-down-5m,btc-updown-5m,0xea330349eb5edb7d11277300c980dab2d50301ed,0,,11,1,2,0.9166666666666666,10,2,80,0.1375,0.0008533085098130479
5m,300,btc-up-or-down-5m,btc-updown-5m,0x844f0a32b8f93ef96c0fb02e69da4e42e6f86fcc,0,,11,0,0,1.0,10,1,60,0.18333333333333332,0.0008533085098130479
5m,300,btc-up-or-down-5m,btc-updown-5m,0xad529df14c293d77984a0137990a1441b25211ac,0,,11,1,12,0.9166666666666666,10,1,6,1.8333333333333333,0.0008533085098130479
5m,300,btc-up-or-down-5m,btc-updown-5m,0xede0e430fb36c744632d7a06caa010f552909f81,0,,11,2,5,0.8461538461538461,10,2,19,0.5789473684210527,0.0008533085098130479
5m,300,btc-up-or-down-5m,btc-updown-5m,0x5b203539add0cf95e166adbf23779d90ad1c65f3,0,,10,3,1,0.7692307692307693,10,4,37,0.2702702702702703,0.0007757350089209526
5m,300,btc-up-or-down-5m,btc-updown-5m,0x0a731cf1caa5ca696be06ab3739a82322726bbad,0,,10,9,5,0.5263157894736842,10,4,151,0.06622516556291391,0.0007757350089209526
5m,300,btc-up-or-down-5m,btc-updown-5m,0x2f547224dc01fe49fc81edcf2ee76e10fac5252c,0,,10,2,3,0.8333333333333334,10,2,106,0.09433962264150944,0.0007757350089209526
5m,300,btc-up-or-down-5m,btc-updown-5m,0x68e79a115b18b2d819ef7d09422dbb92b1a10169,1,,10,8,22,0.5555555555555556,10,3,16,0.625,0.0007757350089209526
5m,300,btc-up-or-down-5m,btc-updown-5m,0xb676dea23d6d2abf8d172dd641227a8ed61e7fb8,0,,10,3,1,0.7692307692307693,10,5,359,0.027855153203342618,0.0007757350089209526
5m,300,btc-up-or-down-5m,btc-updown-5m,0x94695b25ffb19d940645a084e1bbde07c5d8008f,0,,10,4,17,0.7142857142857143,10,5,271,0.03690036900369004,0.0007757350089209526
5m,300,btc-up-or-down-5m,btc-updown-5m,0x8b23c5c953b4c0eab4e24d473f8ce73f1cd60448,0,,10,11,6,0.47619047619047616,10,5,371,0.026954177897574125,0.0007757350089209526
5m,300,btc-up-or-down-5m,btc-updown-5m,0xccd22fcde92d8f75c66f538585243a04c265c5fb,0,,10,3,0,0.7692307692307693,10,6,41,0.24390243902439024,0.0007757350089209526
5m,300,btc-up-or-down-5m,btc-updown-5m,0x3ee659508bdd025ecaa315211fc902132d3620f2,0,,10,4,2,0.7142857142857143,10,5,336,0.02976190476190476,0.0007757350089209526
5m,300,btc-up-or-down-5m,btc-updown-5m,0x31e78539469d149bc0231ae560f2dbe366afbcd3,0,,10,15,12,0.4,10,1,18,0.5555555555555556,0.0007757350089209526
5m,300,btc-up-or-down-5m,btc-updown-5m,0x3d028ce5d5dde5725274e1b63da88408e58f2263,0,,10,6,8,0.625,10,4,120,0.08333333333333333,0.0007757350089209526
5m,300,btc-up-or-down-5m,btc-updown-5m,0x87bd6c54146915bd042bdc4198136521eb349712,0,,10,6,1,0.625,10,4,176,0.056818181818181816,0.0007757350089209526
5m,300,btc-up-or-down-5m,btc-updown-5m,0x6e1963dcbf5b375bd4aa121f84845b96ef585841,0,,10,11,6,0.47619047619047616,10,5,412,0.024271844660194174,0.0007757350089209526
5m,300,btc-up-or-down-5m,btc-updown-5m,0x0084eab717f58902c1c95819ae2bf0847c932ecf,0,,10,9,17,0.5263157894736842,10,6,338,0.029585798816568046,0.0007757350089209526
5m,300,btc-up-or-down-5m,btc-updown-5m,0xaf4d8b57af872a2e2519b9b92b71c6859cc0b5f6,0,,10,1,1,0.9090909090909091,10,1,38,0.2631578947368421,0.0007757350089209526
5m,300,btc-up-or-down-5m,btc-updown-5m,0x46245cca748cd337e7b8054b0250805c0d80ec09,0,,10,0,0,1.0,10,1,12,0.8333333333333334,0.0007757350089209526
5m,300,btc-up-or-down-5m,btc-updown-5m,0xc5930fd6f5722d8b10f44c5246c7a6810ef818eb,0,,10,4,2,0.7142857142857143,10,4,104,0.09615384615384616,0.0007757350089209526
5m,300,btc-up-or-down-5m,btc-updown-5m,0xcd300069721b481c8be9b2f6323583bf8c74fc9b,0,,10,1,3,0.9090909090909091,10,2,110,0.09090909090909091,0.0007757350089209526
5m,300,btc-up-or-down-5m,btc-updown-5m,0x886965bc23e3071fb3e730010dc8f5d69050a54e,0,,10,0,0,1.0,10,2,79,0.12658227848101267,0.0007757350089209526
5m,300,btc-up-or-down-5m,btc-updown-5m,0xe83b84fc0fba7497499028c01b3f3ca6527e37bf,0,,10,0,10,1.0,10,1,15,0.6666666666666666,0.0007757350089209526
5m,300,btc-up-or-down-5m,btc-updown-5m,0xc5ecd5166199eaed85437fdfb9acae6d7dbbfe37,0,,10,0,10,1.0,10,1,5,2.0,0.0007757350089209526
5m,300,btc-up-or-down-5m,btc-updown-5m,0xe49f3caa3a33b13944d1eb47f9f8703e85e779fb,0,,10,3,14,0.7692307692307693,10,4,236,0.0423728813559322,0.0007757350089209526
5m,300,btc-up-or-down-5m,btc-updown-5m,0x15867361378e26767682fbdbbbd74a029d60cd6c,0,,10,5,0,0.6666666666666666,10,1,48,0.20833333333333334,0.0007757350089209526
5m,300,btc-up-or-down-5m,btc-updown-5m,0xcfbb63e889b50478097b6f8cc6ea7563686d3d3c,0,,10,2,1,0.8333333333333334,10,4,91,0.10989010989010989,0.0007757350089209526
5m,300,btc-up-or-down-5m,btc-updown-5m,0x108171ed18f3c01bb08fbd1469945b3321167d90,0,,10,0,3,1.0,10,2,17,0.5882352941176471,0.0007757350089209526
5m,300,btc-up-or-down-5m,btc-updown-5m,0x395b986cbcc3dd1c2e79e4f056c308204d572b93,0,,10,0,0,1.0,10,1,6,1.6666666666666667,0.0007757350089209526
5m,300,btc-up-or-down-5m,btc-updown-5m,0xd736988acd924095cbb84a20e776a267b216b007,0,,10,11,1,0.47619047619047616,10,1,3,3.3333333333333335,0.0007757350089209526
5m,300,btc-up-or-down-5m,btc-updown-5m,0x5296b3e94b6bd1d9719f99f2bc0ac95b05947fb0,0,,10,1,3,0.9090909090909091,10,2,281,0.03558718861209965,0.0007757350089209526
5m,300,btc-up-or-down-5m,btc-updown-5m,0x337faff2755eadf49c210629980ba37c1ddd3506,0,,10,23,9,0.30303030303030304,10,2,81,0.12345679012345678,0.0007757350089209526
5m,300,btc-up-or-down-5m,btc-updown-5m,0x2424d6ef012a60e0e413bb0ebd0d030808638c23,0,,10,23,10,0.30303030303030304,10,2,40,0.25,0.0007757350089209526
5m,300,btc-up-or-down-5m,btc-updown-5m,0xe983625dca60b50266aa0fce6ccf33327cd5093a,0,,10,25,10,0.2857142857142857,10,2,19,0.5263157894736842,0.0007757350089209526
5m,300,btc-up-or-down-5m,btc-updown-5m,0xf2b2cbeab5da2d538e15793a1c23dbabf4f86921,0,,10,1,2,0.9090909090909091,10,1,90,0.1111111111111111,0.0007757350089209526
5m,300,btc-up-or-down-5m,btc-updown-5m,0x6b7b5070937fa83bd673110bd5943013a46ae60d,0,,10,0,0,1.0,10,1,32,0.3125,0.0007757350089209526
5m,300,btc-up-or-down-5m,btc-updown-5m,0xd43b2595b3f20e5271251bc0a65c1181f55f5c6e,0,,10,36,2,0.21739130434782608,10,2,39,0.2564102564102564,0.0007757350089209526
5m,300,btc-up-or-down-5m,btc-updown-5m,0x1a66c38a0621ac591236b2fcbd783e446b00c982,0,,10,10,1,0.5,10,2,23,0.43478260869565216,0.0007757350089209526
5m,300,btc-up-or-down-5m,btc-updown-5m,0x32cd0e1a33c0a3ce414357ec5017226bec34607d,0,,10,10,9,0.5,10,1,14,0.7142857142857143,0.0007757350089209526
5m,300,btc-up-or-down-5m,btc-updown-5m,0x5340c0eb70e71c224819598b46b056ab68d501b2,0,,10,1,8,0.9090909090909091,10,1,32,0.3125,0.0007757350089209526
5m,300,btc-up-or-down-5m,btc-updown-5m,0xc72db8ff569153ae6d8b158f4df6553481a68d1e,0,,10,3,8,0.7692307692307693,10,1,5,2.0,0.0007757350089209526
5m,300,btc-up-or-down-5m,btc-updown-5m,0x46dde77840aea5031b1d3e0429bec6c0bf056dc8,0,,10,1,1,0.9090909090909091,10,1,6,1.6666666666666667,0.0007757350089209526
5m,300,btc-up-or-down-5m,btc-updown-5m,0x8977a6946bdf6d91413b155f7b5e36d533b7c053,0,,10,0,0,1.0,10,1,8,1.25,0.0007757350089209526
5m,300,btc-up-or-down-5m,btc-updown-5m,0x35bdebc6f40ffcb08aaa692d1395a4a76f2fc749,0,,10,0,7,1.0,10,2,8,1.25,0.0007757350089209526
5m,300,btc-up-or-down-5m,btc-updown-5m,0x7a42bcbaf0dce072159e1687f12f7650acfc9e67,0,,10,1,4,0.9090909090909091,10,1,17,0.5882352941176471,0.0007757350089209526
5m,300,btc-up-or-down-5m,btc-updown-5m,0x54996fe3ee033d719b891fd88bed34edfdeefbb8,0,,10,0,3,1.0,10,1,3,3.3333333333333335,0.0007757350089209526
5m,300,btc-up-or-down-5m,btc-updown-5m,0x7cbe5be3adf53b57ab670b3f66d77d760b930a9e,0,,10,0,3,1.0,10,1,15,0.6666666666666666,0.0007757350089209526
5m,300,btc-up-or-down-5m,btc-updown-5m,0xc6c319112fbdb590a7638aadd825767a2de1926e,0,,10,0,0,1.0,10,1,17,0.5882352941176471,0.0007757350089209526
5m,300,btc-up-or-down-5m,btc-updown-5m,0x3cb473916ea105ca5e440af5f60f7931c1363168,0,,10,26,3,0.2777777777777778,10,1,65,0.15384615384615385,0.0007757350089209526
5m,300,btc-up-or-down-5m,btc-updown-5m,0xf08f760a7ac4c1c36f35048294d2b7318e6d6562,0,,10,0,0,1.0,10,1,2,5.0,0.0007757350089209526
5m,300,btc-up-or-down-5m,btc-updown-5m,0x75880fe1f7532f023d92db53f683762b4611df60,0,,10,0,7,1.0,10,1,5,2.0,0.0007757350089209526
5m,300,btc-up-or-down-5m,btc-updown-5m,0xd2f469068c3e56b75e7ece8772dd7cf629b03877,0,,10,0,7,1.0,10,1,14,0.7142857142857143,0.0007757350089209526
5m,300,btc-up-or-down-5m,btc-updown-5m,0x72bda64dd96a0819d71c25466667dcfa874a709a,0,,10,2,10,0.8333333333333334,10,1,50,0.2,0.0007757350089209526
5m,300,btc-up-or-down-5m,btc-updown-5m,0xa16a448173ca370103443bcec301f596b5724307,0,,10,1,0,0.9090909090909091,10,1,17,0.5882352941176471,0.0007757350089209526
5m,300,btc-up-or-down-5m,btc-updown-5m,0x7167a26029d01ee9b3d3d96a682bd05910b80ee2,0,,10,0,2,1.0,10,1,57,0.17543859649122806,0.0007757350089209526
5m,300,btc-up-or-down-5m,btc-updown-5m,0x46a73f47abcd6d06f1c39ee5525ae84313f800dc,0,,10,0,1,1.0,10,1,12,0.8333333333333334,0.0007757350089209526
5m,300,btc-up-or-down-5m,btc-updown-5m,0xeb85bb643a2a83e2f10592a3c22fafcd5547db0d,0,,10,1,0,0.9090909090909091,10,1,84,0.11904761904761904,0.0007757350089209526
5m,300,btc-up-or-down-5m,btc-updown-5m,0xfa095f587ae7f33abefe8a8eade9ca20e3e130e4,0,,10,0,0,1.0,10,1,4,2.5,0.0007757350089209526
5m,300,btc-up-or-down-5m,btc-updown-5m,0x994a226b10bcb9e32cc41b32ab8465032a1fc0a0,0,,10,2,0,0.8333333333333334,10,1,41,0.24390243902439024,0.0007757350089209526
5m,300,btc-up-or-down-5m,btc-updown-5m,0x0f2b6a12cae6b8972dba90d008d4bd839fb517f4,0,,10,2,0,0.8333333333333334,10,1,16,0.625,0.0007757350089209526
5m,300,btc-up-or-down-5m,btc-updown-5m,0x87b8501477e3299ed8d46430a6d16e1bb21d16b0,0,,10,1,0,0.9090909090909091,10,1,21,0.47619047619047616,0.0007757350089209526
5m,300,btc-up-or-down-5m,btc-updown-5m,0xd6ae86f1dba74af954674ba39a309542b3541962,0,,10,0,0,1.0,10,1,21,0.47619047619047616,0.0007757350089209526
5m,300,btc-up-or-down-5m,btc-updown-5m,0x71c690d26aeb2d294e588f6ad3df0002a756fdd0,0,,10,3,3,0.7692307692307693,10,1,16,0.625,0.0007757350089209526
5m,300,btc-up-or-down-5m,btc-updown-5m,0x6a7d228e56f38d5c599b70454f25886870c4582a,0,,10,0,0,1.0,10,1,5,2.0,0.0007757350089209526
5m,300,btc-up-or-down-5m,btc-updown-5m,0x7015941aafc0bcafd804673a2da95fe416eb8a9c,0,,10,2,1,0.8333333333333334,10,1,45,0.2222222222222222,0.0007757350089209526
5m,300,btc-up-or-down-5m,btc-updown-5m,0x7c3f0601dbafcf22330c98b96ccfc4e1643cb1bc,0,,10,1,1,0.9090909090909091,10,1,54,0.18518518518518517,0.0007757350089209526
5m,300,btc-up-or-down-5m,btc-updown-5m,0xd391cebb851521baec72cd8e3ee0520a13699332,0,,10,0,12,1.0,10,1,126,0.07936507936507936,0.0007757350089209526
5m,300,btc-up-or-down-5m,btc-updown-5m,0xa7fb6c8f0b5a4f68d40beeef0b4f098230a285a1,0,,10,1,1,0.9090909090909091,10,1,68,0.14705882352941177,0.0007757350089209526
5m,300,btc-up-or-down-5m,btc-updown-5m,0xa4a9816a5d5602540325997c21131629e4d069d6,0,,10,0,0,1.0,10,1,1,10.0,0.0007757350089209526
5m,300,btc-up-or-down-5m,btc-updown-5m,0x5e56c2be78f3c654606318d8113d90ce3671a7f6,0,,93,87,71,0.5166666666666667,9,59,2515,0.036978131212723656,0.007214335582964859
5m,300,btc-up-or-down-5m,btc-updown-5m,0x387db82af3b9f7b42ba5525079c4843e71b51d28,1,,75,72,367,0.5102040816326531,9,24,113,0.6637168141592921,0.0058180125669071445
5m,300,btc-up-or-down-5m,btc-updown-5m,0x7df5f162c6bc4a76c07e74efc7e0fc855c385b86,0,,60,34,21,0.6382978723404256,9,45,1935,0.031007751937984496,0.004654410053525715
5m,300,btc-up-or-down-5m,btc-updown-5m,0x72d927b29fe4035e2cb02bcdf4f85771b8d49efa,0,,56,12,35,0.8235294117647058,9,27,431,0.12993039443155452,0.004344116049957335
5m,300,btc-up-or-down-5m,btc-updown-5m,0x3516808150a9dd794bfcddff1d8515b68375d84c,0,,51,65,56,0.4396551724137931,9,11,61,0.8360655737704918,0.0039562485454968585
5m,300,btc-up-or-down-5m,btc-updown-5m,0xcf0d23524683635e78f7eae5bd667056600e5a25,0,,44,45,49,0.4943820224719101,9,30,3650,0.012054794520547946,0.0034132340392521916
5m,300,btc-up-or-down-5m,btc-updown-5m,0xcbba18c82a487d08c1f6131ebcd70ae9cd63f46b,0,,43,66,23,0.3944954128440367,9,36,2142,0.020074696545284782,0.0033356605383600964
5m,300,btc-up-or-down-5m,btc-updown-5m,0x71af3f328254ef434ad626dbb07e35dd444fe42e,0,,43,14,21,0.7543859649122807,9,28,471,0.09129511677282377,0.0033356605383600964
5m,300,btc-up-or-down-5m,btc-updown-5m,0xa4bc376dce00bc06a91b0c954a69fe86dee02917,0,,40,43,38,0.4819277108433735,9,25,2921,0.013693940431359124,0.0031029400356838103
5m,300,btc-up-or-down-5m,btc-updown-5m,0x6ef36fb9b9d7c3236daab648f6411ea7a2dbdf6d,0,,35,12,11,0.7446808510638298,9,21,310,0.11290322580645161,0.002715072531223334
5m,300,btc-up-or-down-5m,btc-updown-5m,0x79decbb477aba3e187863f5d3b9a6fc84956ff2b,0,,34,19,15,0.6415094339622641,9,20,467,0.0728051391862955,0.002637499030331239
5m,300,btc-up-or-down-5m,btc-updown-5m,0xcd894623be2743f338711bcc07b0e43e06dbed42,1,,34,25,84,0.576271186440678,9,18,87,0.39080459770114945,0.002637499030331239
5m,300,btc-up-or-down-5m,btc-updown-5m,0x0e432ec06ce36cb0acffc52b36138ff578bdfa38,0,,33,46,41,0.4177215189873418,9,19,2142,0.015406162464985995,0.002559925529439144
5m,300,btc-up-or-down-5m,btc-updown-5m,0x064e0aed5a3bad3ee926374e8fceade88f5c2ab8,0,,33,39,38,0.4583333333333333,9,16,1498,0.022029372496662217,0.002559925529439144
5m,300,btc-up-or-down-5m,btc-updown-5m,0xc2ae421f58d2ec3af62f52445f1f5cd7367a1cae,0,,33,22,26,0.6,9,9,179,0.18435754189944134,0.002559925529439144
5m,300,btc-up-or-down-5m,btc-updown-5m,0x52f8784a81d967a3afb74d2e1608503ff5e261b9,0,,31,32,26,0.49206349206349204,9,18,4494,0.006898086337338674,0.002404778527654953
5m,300,btc-up-or-down-5m,btc-updown-5m,0xd111ced402bac802f74606deca83bbf6a1eaaf32,0,,30,32,34,0.4838709677419355,9,24,3997,0.007505629221916437,0.0023272050267628577
5m,300,btc-up-or-down-5m,btc-updown-5m,0x9dce8d4a8a2e212d0930360da206da04f0f4b663,0,,28,12,10,0.7,9,20,395,0.07088607594936709,0.0021720580249786673
5m,300,btc-up-or-down-5m,btc-updown-5m,0x8ad2ee181a11fefba85d03b8eaa67017cc37c7c0,0,,28,9,14,0.7567567567567568,9,22,665,0.042105263157894736,0.0021720580249786673
5m,300,btc-up-or-down-5m,btc-updown-5m,0x500c45a365bccd3cfb7e125768d0d970966b0a6f,0,,28,12,8,0.7,9,23,611,0.04582651391162029,0.0021720580249786673
5m,300,btc-up-or-down-5m,btc-updown-5m,0x030c04d83a7c2c31aa0ea2356bf0a00f9a79537b,0,,27,37,30,0.421875,9,16,2150,0.012558139534883722,0.002094484524086572
5m,300,btc-up-or-down-5m,btc-updown-5m,0xc15a8c47030043bee8760f6faaa9428f3bdebfa3,0,,27,8,18,0.7714285714285715,9,14,203,0.1330049261083744,0.002094484524086572
5m,300,btc-up-or-down-5m,btc-updown-5m,0x7fd764f8ae9dc07626a1cef8b0bc095d13b5f2db,0,,26,42,33,0.38235294117647056,9,21,3361,0.007735792918774174,0.002016911023194477
5m,300,btc-up-or-down-5m,btc-updown-5m,0xb4838e4c00cab19df154a479a07126fcd7b6960a,0,,25,33,18,0.43103448275862066,9,1,14,1.7857142857142858,0.0019393375223023814
5m,300,btc-up-or-down-5m,btc-updown-5m,0x9a32154a9335770b82049fabf7089d34872a3d87,0,,24,13,21,0.6486486486486487,9,11,894,0.026845637583892617,0.0018617640214102862
5m,300,btc-up-or-down-5m,btc-updown-5m,0xff9d9ed77104b4c5044151f12b498e1d373ea708,0,,24,24,12,0.5,9,3,51,0.47058823529411764,0.0018617640214102862
5m,300,btc-up-or-down-5m,btc-updown-5m,0x78461f3314e389de4ced3c80f3a122b05e60be1f,0,,24,6,0,0.8,9,2,17,1.411764705882353,0.0018617640214102862
5m,300,btc-up-or-down-5m,btc-updown-5m,0x2201118cf9c548525a910675093292670e89279c,0,,23,19,28,0.5476190476190477,9,3,34,0.6764705882352942,0.001784190520518191
5m,300,btc-up-or-down-5m,btc-updown-5m,0xdc1448ff57210d7e6b99ec61670d1dc64c45f347,0,,23,17,22,0.575,9,4,24,0.9583333333333334,0.001784190520518191
5m,300,btc-up-or-down-5m,btc-updown-5m,0x2b0c69356437e173814b0e5cd6c52facb381b7d2,0,,22,14,11,0.6111111111111112,9,18,535,0.041121495327102804,0.0017066170196260958
5m,300,btc-up-or-down-5m,btc-updown-5m,0xc23bca88a72f44757ef025964248d1a8bf6becb1,0,,22,3,18,0.88,9,3,123,0.17886178861788618,0.0017066170196260958
5m,300,btc-up-or-down-5m,btc-updown-5m,0xd0d6053c3c37e727402d84c14069780d360993aa,0,,21,21,13,0.5,9,17,3731,0.005628517823639775,0.0016290435187340006
5m,300,btc-up-or-down-5m,btc-updown-5m,0xa69611ada56a5a49d8d3a076f86484f47f92d40e,0,,21,33,22,0.3888888888888889,9,10,339,0.061946902654867256,0.0016290435187340006
5m,300,btc-up-or-down-5m,btc-updown-5m,0x8ff35491972d2643ed1a043034d7052b771a642a,0,,21,20,19,0.5121951219512195,9,19,608,0.03453947368421053,0.0016290435187340006
5m,300,btc-up-or-down-5m,btc-updown-5m,0xb1fe62485d2bf5cfff939148686e40f86aafa3bb,0,,21,1,2,0.9545454545454546,9,4,79,0.26582278481012656,0.0016290435187340006
5m,300,btc-up-or-down-5m,btc-updown-5m,0x7ef982342d6435f7f64e87a6062e880eec243f42,0,,21,7,15,0.75,9,7,58,0.3620689655172414,0.0016290435187340006
5m,300,btc-up-or-down-5m,btc-updown-5m,0x4067ddf44f0cdf759bcacc56bd7ea4a60cad9d18,0,,20,9,30,0.6896551724137931,9,6,195,0.10256410256410256,0.0015514700178419051
5m,300,btc-up-or-down-5m,btc-updown-5m,0xcf32175d15d3e9d072cc2d6195d13b362718357a,0,,20,11,8,0.6451612903225806,9,14,953,0.02098635886673662,0.0015514700178419051
5m,300,btc-up-or-down-5m,btc-updown-5m,0xaf9264c8bf3c64487813c594cd7cab2cf4c59937,0,,19,25,24,0.4318181818181818,9,16,682,0.02785923753665689,0.00147389651694981
5m,300,btc-up-or-down-5m,btc-updown-5m,0xc5126e8611dc9d8ebc3e177610e7708a78afa24f,0,,19,16,35,0.5428571428571428,9,12,279,0.06810035842293907,0.00147389651694981
5m,300,btc-up-or-down-5m,btc-updown-5m,0x502b532f55778c0985846dc53a9bc71eb4f33b15,0,,19,12,14,0.6129032258064516,9,15,859,0.02211874272409779,0.00147389651694981
5m,300,btc-up-or-down-5m,btc-updown-5m,0x82fe568e3a9d684a4f904755cbef5fb61037a94b,0,,19,7,13,0.7307692307692307,9,13,894,0.021252796420581657,0.00147389651694981
5m,300,btc-up-or-down-5m,btc-updown-5m,0x6fcd08b53dee17ceaafe2a2494f0a11a358358b9,0,,19,24,18,0.4418604651162791,9,15,487,0.039014373716632446,0.00147389651694981
5m,300,btc-up-or-down-5m,btc-updown-5m,0x9c820c4ddeb29c8117a86408048ab94f820df315,0,,19,13,10,0.59375,9,15,737,0.025780189959294438,0.00147389651694981
5m,300,btc-up-or-down-5m,btc-updown-5m,0xce0554c84776e1533adf31c8e5a129d04dee13c5,0,,18,5,8,0.782608695652174,9,15,492,0.036585365853658534,0.0013963230160577147
5m,300,btc-up-or-down-5m,btc-updown-5m,0xeceff8018062835fae1b012d1d02e2d392b54551,0,,18,7,8,0.72,9,6,182,0.0989010989010989,0.0013963230160577147
5m,300,btc-up-or-down-5m,btc-updown-5m,0x8cc50926bf7cd986f18a30ea8951282cb088f5e1,0,,18,14,9,0.5625,9,8,783,0.022988505747126436,0.0013963230160577147
5m,300,btc-up-or-down-5m,btc-updown-5m,0x07735ad5c5d175e9915ccf479d6ae946589313c9,0,,18,20,17,0.47368421052631576,9,13,726,0.024793388429752067,0.0013963230160577147
5m,300,btc-up-or-down-5m,btc-updown-5m,0x0b121531e0e5c97a5c1de09a06eb0574ce90100b,0,,18,10,5,0.6428571428571429,9,5,77,0.23376623376623376,0.0013963230160577147
5m,300,btc-up-or-down-5m,btc-updown-5m,0x77b2a944f148660b76691f10819892d002c524bd,0,,18,22,24,0.45,9,12,1030,0.017475728155339806,0.0013963230160577147
5m,300,btc-up-or-down-5m,btc-updown-5m,0xffa9d3169d9012065c36e5ff29726c9294321168,0,,18,23,19,0.43902439024390244,9,7,456,0.039473684210526314,0.0013963230160577147
5m,300,btc-up-or-down-5m,btc-updown-5m,0xf6a49f36d8bc7e852703cc302a7e433ba4ebb0e6,0,,18,16,16,0.5294117647058824,9,1,22,0.8181818181818182,0.0013963230160577147
5m,300,btc-up-or-down-5m,btc-updown-5m,0x797781efe39a01c5a1dcd7adac73d0f5577f75db,0,,18,6,15,0.75,9,1,32,0.5625,0.0013963230160577147
5m,300,btc-up-or-down-5m,btc-updown-5m,0xd461595633e23e8a3c4c41350335cef7e5faa376,0,,18,12,9,0.6,9,1,14,1.2857142857142858,0.0013963230160577147
5m,300,btc-up-or-down-5m,btc-updown-5m,0x9ba360a0b5b32d5a4938c3a7d4b232ccd3f0e237,0,,18,0,3,1.0,9,1,27,0.6666666666666666,0.0013963230160577147
5m,300,btc-up-or-down-5m,btc-updown-5m,0x93b110ff31deb58847e841b3cbc6535b3e7b746e,0,,17,11,9,0.6071428571428571,9,13,495,0.03434343434343434,0.0013187495151656195
5m,300,btc-up-or-down-5m,btc-updown-5m,0xb5480645958e67316044c823cae15a48d6d399e2,0,,17,3,11,0.85,9,11,205,0.08292682926829269,0.0013187495151656195
5m,300,btc-up-or-down-5m,btc-updown-5m,0xe741e2d1c033149d4cb56c1e231dc4a2a6346d56,0,,17,18,11,0.4857142857142857,9,14,692,0.024566473988439308,0.0013187495151656195
5m,300,btc-up-or-down-5m,btc-updown-5m,0x1bb815950b66073d3ccd096290ab332a672c0465,0,,17,24,6,0.4146341463414634,9,14,875,0.019428571428571427,0.0013187495151656195
5m,300,btc-up-or-down-5m,btc-updown-5m,0x1979ae6b7e6534de9c4539d0c205e582ca637c9d,0,,17,9,11,0.6538461538461539,9,13,5276,0.0032221379833206974,0.0013187495151656195
5m,300,btc-up-or-down-5m,btc-updown-5m,0x2ecd6ca43c725bfe4c094d6283b4a8acdccc5d94,0,,17,41,29,0.29310344827586204,9,8,124,0.13709677419354838,0.0013187495151656195
5m,300,btc-up-or-down-5m,btc-updown-5m,0x950fbfd896789c037416b9ee21cbed5c207218df,0,,17,14,15,0.5483870967741935,9,9,1548,0.010981912144702842,0.0013187495151656195
5m,300,btc-up-or-down-5m,btc-updown-5m,0xcc5ffa75bdf332ca9b6cb14f7c6089dccdc4b7ba,0,,17,1,0,0.9444444444444444,9,1,23,0.7391304347826086,0.0013187495151656195
5m,300,btc-up-or-down-5m,btc-updown-5m,0xf0078630935f985f1d03f7d2b3cd4bfb76d810b4,0,,17,6,8,0.7391304347826086,9,4,1826,0.009309967141292442,0.0013187495151656195
5m,300,btc-up-or-down-5m,btc-updown-5m,0xdb7e93cd4668dda1b73abb2acd1687a88173b4c7,0,,16,3,6,0.8421052631578947,9,12,147,0.10884353741496598,0.001241176014273524
5m,300,btc-up-or-down-5m,btc-updown-5m,0x8a7c449b928964d3d81d2b53938e15f70523d950,0,,16,10,18,0.6153846153846154,9,6,153,0.10457516339869281,0.001241176014273524
5m,300,btc-up-or-down-5m,btc-updown-5m,0xcef47fc9a6129620dee7d41caf90564bdb13842d,0,,16,11,14,0.5925925925925926,9,4,41,0.3902439024390244,0.001241176014273524
5m,300,btc-up-or-down-5m,btc-updown-5m,0x5e83967ea7c218b1e6012796c3fedf209c2db598,0,,16,4,11,0.8,9,3,123,0.13008130081300814,0.001241176014273524
5m,300,btc-up-or-down-5m,btc-updown-5m,0x4e49aada013678308feae9f745229ef5102ae379,0,,16,9,18,0.64,9,16,691,0.023154848046309694,0.001241176014273524
5m,300,btc-up-or-down-5m,btc-updown-5m,0x07823d7665425679984f73060794eac54dbee84d,0,,16,1,3,0.9411764705882353,9,6,54,0.2962962962962963,0.001241176014273524
5m,300,btc-up-or-down-5m,btc-updown-5m,0x9919a655c2694462950d9ca5a0307202740a0a5d,0,,16,11,3,0.5925925925925926,9,13,1219,0.013125512715340444,0.001241176014273524
5m,300,btc-up-or-down-5m,btc-updown-5m,0x164cd7e6758d40ed0b03d864d82d234ce6749b38,0,,16,0,8,1.0,9,3,38,0.42105263157894735,0.001241176014273524
5m,300,btc-up-or-down-5m,btc-updown-5m,0xd31fd71013fc1593acb56cc358b3dacb41ecb73b,0,,16,18,1,0.47058823529411764,9,3,89,0.1797752808988764,0.001241176014273524
5m,300,btc-up-or-down-5m,btc-updown-5m,0x35c3f396f7eb0df8b4f941a67ac723b1a70d3d63,0,,16,0,14,1.0,9,3,61,0.26229508196721313,0.001241176014273524
5m,300,btc-up-or-down-5m,btc-updown-5m,0x83e14bf25ed460fbfcf1e7d4da9c204df0c1ee29,0,,16,8,8,0.6666666666666666,9,4,72,0.2222222222222222,0.001241176014273524
5m,300,btc-up-or-down-5m,btc-updown-5m,0xd9c439483d51c30a816efd642d1dcf841825a723,0,,16,45,25,0.26229508196721313,9,6,277,0.05776173285198556,0.001241176014273524
5m,300,btc-up-or-down-5m,btc-updown-5m,0x4a6ab19582b855824575201a2ee801d67a793105,0,,15,14,15,0.5172413793103449,9,7,120,0.125,0.0011636025133814289
5m,300,btc-up-or-down-5m,btc-updown-5m,0x12833660d6d838981c33dfe11a14b6c82f77ddf0,0,,15,53,44,0.22058823529411764,9,12,84,0.17857142857142858,0.0011636025133814289
5m,300,btc-up-or-down-5m,btc-updown-5m,0x812b640447943b7bdc26c8cc7c3d85d011a214d0,0,,15,8,18,0.6521739130434783,9,7,275,0.05454545454545454,0.0011636025133814289
5m,300,btc-up-or-down-5m,btc-updown-5m,0xe593235b2b8021d62490185b3d5b0ac37c186464,0,,15,3,3,0.8333333333333334,9,5,147,0.10204081632653061,0.0011636025133814289
5m,300,btc-up-or-down-5m,btc-updown-5m,0xa525b887a6d7b9863ed2d0c5758e723175b9c24d,0,,15,0,9,1.0,9,2,36,0.4166666666666667,0.0011636025133814289
5m,300,btc-up-or-down-5m,btc-updown-5m,0x920ba44d7525b3afd141f4821859eb224f64912e,0,,15,1,9,0.9375,9,2,73,0.2054794520547945,0.0011636025133814289
5m,300,btc-up-or-down-5m,btc-updown-5m,0x68589f3855d55c91c2fdacf82b9a2114c79536c4,0,,15,7,3,0.6818181818181818,9,1,39,0.38461538461538464,0.0011636025133814289
5m,300,btc-up-or-down-5m,btc-updown-5m,0xd154b36a9fc96b92a5583c5ab6abfa2fe2396aa1,0,,15,2,9,0.8823529411764706,9,1,35,0.42857142857142855,0.0011636025133814289
5m,300,btc-up-or-down-5m,btc-updown-5m,0x841ce8b77e2d0c6acd362f7b774e29500ae5fc92,0,,15,0,1,1.0,9,1,23,0.6521739130434783,0.0011636025133814289
5m,300,btc-up-or-down-5m,btc-updown-5m,0x2050cdf0e23f6e5ab8f952310e735187438b3e46,0,,15,0,5,1.0,9,1,45,0.3333333333333333,0.0011636025133814289
5m,300,btc-up-or-down-5m,btc-updown-5m,0x4fce936459df4c3f12c5e1342f31b0372a0fe571,0,,15,1,0,0.9375,9,1,18,0.8333333333333334,0.0011636025133814289
5m,300,btc-up-or-down-5m,btc-updown-5m,0x833d367f1a898ae61f67cce2fc81addd521d4bf4,0,,15,6,0,0.7142857142857143,9,1,10,1.5,0.0011636025133814289
5m,300,btc-up-or-down-5m,btc-updown-5m,0x58377e9ee52d4a4dee1d0c2f7e1b9226e5a18d2a,0,,14,10,7,0.5833333333333334,9,11,499,0.028056112224448898,0.0010860290124893336
5m,300,btc-up-or-down-5m,btc-updown-5m,0xec0a845003d6ee33208857243c9330a9936cc43d,0,,14,5,8,0.7368421052631579,9,8,99,0.1414141414141414,0.0010860290124893336
5m,300,btc-up-or-down-5m,btc-updown-5m,0x99ff7527cffade17857e0f13203ea08461adf3e6,0,,14,14,8,0.5,9,11,512,0.02734375,0.0010860290124893336
5m,300,btc-up-or-down-5m,btc-updown-5m,0x1413ad795bdb6241aa60b42c4bc70e83da1280fe,0,,14,8,6,0.6363636363636364,9,10,265,0.052830188679245285,0.0010860290124893336
5m,300,btc-up-or-down-5m,btc-updown-5m,0x4e51d0d7a108ddbd71e274d8fce4f1220352390e,0,,14,6,12,0.7,9,11,334,0.041916167664670656,0.0010860290124893336
5m,300,btc-up-or-down-5m,btc-updown-5m,0x3fa06ab544012fdf164b449ece869a1f808f9d2b,0,,14,7,11,0.6666666666666666,9,11,317,0.04416403785488959,0.0010860290124893336
5m,300,btc-up-or-down-5m,btc-updown-5m,0xdc61a3ef6d96318159e68f525e72f81bd744e053,0,,14,3,14,0.8235294117647058,9,9,266,0.05263157894736842,0.0010860290124893336
5m,300,btc-up-or-down-5m,btc-updown-5m,0x5058389e0d2fe920195ff2dd108a30abe05dc865,0,,14,5,14,0.7368421052631579,9,12,338,0.04142011834319527,0.0010860290124893336
5m,300,btc-up-or-down-5m,btc-updown-5m,0x67e38fc4bbf6b8929df424b1a95e7c3c4e392a16,0,,14,1,8,0.9333333333333333,9,2,55,0.2545454545454545,0.0010860290124893336
5m,300,btc-up-or-down-5m,btc-updown-5m,0xc84009b6e2d9cf8a38051177cef346f7ab99557f,0,,14,17,21,0.45161290322580644,9,1,15,0.9333333333333333,0.0010860290124893336
5m,300,btc-up-or-down-5m,btc-updown-5m,0xc0d5f34d309c86f916e26811c1cce50f9468770e,0,,13,10,10,0.5652173913043478,9,6,109,0.11926605504587157,0.0010084555115972384
5m,300,btc-up-or-down-5m,btc-updown-5m,0x01e37cd6d9da76baa982ffbc148eff005d4c4686,0,,13,29,21,0.30952380952380953,9,8,443,0.029345372460496615,0.0010084555115972384
5m,300,btc-up-or-down-5m,btc-updown-5m,0x6d3691f159c316de7cdf275a5e9d11319ad54b15,0,,13,6,3,0.6842105263157895,9,6,80,0.1625,0.0010084555115972384
5m,300,btc-up-or-down-5m,btc-updown-5m,0x8d650d146740463611db1f3974ae9b922953ce8f,0,,13,9,8,0.5909090909090909,9,5,97,0.13402061855670103,0.0010084555115972384
5m,300,btc-up-or-down-5m,btc-updown-5m,0xc451943b272a028a0687b8a4dbb948105cd6958c,0,,13,3,8,0.8125,9,5,168,0.07738095238095238,0.0010084555115972384
5m,300,btc-up-or-down-5m,btc-updown-5m,0x16bd0606b0e32a1fb3e2ecc0bb80f442bf5251a9,0,,13,29,5,0.30952380952380953,9,12,418,0.03110047846889952,0.0010084555115972384
5m,300,btc-up-or-down-5m,btc-updown-5m,0x3e7a9ed12b64bc983b0e66af17bca10914c11827,0,,13,7,7,0.65,9,11,235,0.05531914893617021,0.0010084555115972384
5m,300,btc-up-or-down-5m,btc-updown-5m,0xf013ec6c844c6ef6f882e611aab0c32a6a62dfa5,0,,13,0,0,1.0,9,5,112,0.11607142857142858,0.0010084555115972384
5m,300,btc-up-or-down-5m,btc-updown-5m,0xfbf0bc3ecf9cdc9487fc6fb06f1b256ee465160f,0,,13,7,7,0.65,9,9,676,0.019230769230769232,0.0010084555115972384
5m,300,btc-up-or-down-5m,btc-updown-5m,0x2f5a5c6638d6d45f8614b4a60dd595457dca7bde,0,,13,25,9,0.34210526315789475,9,11,749,0.017356475300400534,0.0010084555115972384
5m,300,btc-up-or-down-5m,btc-updown-5m,0x66dae0c7cc8a2372cb3f971563f4b0bc9d040e4b,0,,13,24,4,0.35135135135135137,9,9,168,0.07738095238095238,0.0010084555115972384
5m,300,btc-up-or-down-5m,btc-updown-5m,0x44473ab5935ece02b3dcea0d498e23af002150d2,0,,13,5,5,0.7222222222222222,9,4,326,0.03987730061349693,0.0010084555115972384
5m,300,btc-up-or-down-5m,btc-updown-5m,0xbf30c166802d98a2df578368c865c4bce1ae5800,0,,13,8,10,0.6190476190476191,9,7,183,0.07103825136612021,0.0010084555115972384
5m,300,btc-up-or-down-5m,btc-updown-5m,0x8efe1c272433beedb03cb298392e741e0b0f0831,0,,13,18,8,0.41935483870967744,9,6,194,0.06701030927835051,0.0010084555115972384
5m,300,btc-up-or-down-5m,btc-updown-5m,0x5e55d8b6f4a2c0bc3c1215cc1a1c22d822309a76,0,,13,9,18,0.5909090909090909,9,4,150,0.08666666666666667,0.0010084555115972384
5m,300,btc-up-or-down-5m,btc-updown-5m,0xc2a9d5ca1aaab78f655e2d568ce67367c763583c,0,,13,19,5,0.40625,9,11,395,0.03291139240506329,0.0010084555115972384
5m,300,btc-up-or-down-5m,btc-updown-5m,0x0d83c89c62d498a51aa77920670c37e46596e2fd,0,,13,1,0,0.9285714285714286,9,4,36,0.3611111111111111,0.0010084555115972384
5m,300,btc-up-or-down-5m,btc-updown-5m,0x24a4b2b3bac5ee2a900079da9eda5d5ba07025bd,0,,13,4,4,0.7647058823529411,9,2,92,0.14130434782608695,0.0010084555115972384
5m,300,btc-up-or-down-5m,btc-updown-5m,0x463d462bf93aacce19401e060a3bd8e893e2f784,0,,13,7,7,0.65,9,11,430,0.030232558139534883,0.0010084555115972384
5m,300,btc-up-or-down-5m,btc-updown-5m,0x6d175c1d143d4781b7c230a2a0d2a7591dc532d8,0,,13,3,8,0.8125,9,1,52,0.25,0.0010084555115972384
5m,300,btc-up-or-down-5m,btc-updown-5m,0x1b88f11e8c8e61e2b2c361f233e345bbf9d58761,0,,13,4,11,0.7647058823529411,9,3,43,0.3023255813953488,0.0010084555115972384
5m,300,btc-up-or-down-5m,btc-updown-5m,0x165d87262cee3887bb03479059a031ad484070ac,0,,12,6,11,0.6666666666666666,9,8,185,0.06486486486486487,0.0009308820107051431
5m,300,btc-up-or-down-5m,btc-updown-5m,0x3e0f165611373eeaf928d210f42d80c9acc2a4b6,0,,12,6,4,0.6666666666666666,9,7,449,0.026726057906458798,0.0009308820107051431
5m,300,btc-up-or-down-5m,btc-updown-5m,0x3569671c27f5e29e478320a6368c35837ce68efa,0,,12,3,7,0.8,9,12,192,0.0625,0.0009308820107051431
5m,300,btc-up-or-down-5m,btc-updown-5m,0x3d4e43751f3b6b6665761cd3cc618e86dac6589d,0,,12,26,7,0.3157894736842105,9,8,209,0.05741626794258373,0.0009308820107051431
5m,300,btc-up-or-down-5m,btc-updown-5m,0xba559219ef67adff5c32c7f749f8ac16ed604e88,0,,12,13,18,0.48,9,6,227,0.05286343612334802,0.0009308820107051431
5m,300,btc-up-or-down-5m,btc-updown-5m,0xb615db2a571fccbe4616da82fb05c47c60c173cf,0,,12,3,17,0.8,9,5,82,0.14634146341463414,0.0009308820107051431
5m,300,btc-up-or-down-5m,btc-updown-5m,0x8800919e0c073335f89a9c71bea7b8d8ea57ba1e,0,,12,2,17,0.8571428571428571,9,7,209,0.05741626794258373,0.0009308820107051431
5m,300,btc-up-or-down-5m,btc-updown-5m,0xdd6a3384bd17150028b4b8aacd1f4d8309583680,0,,12,3,9,0.8,9,5,80,0.15,0.0009308820107051431
5m,300,btc-up-or-down-5m,btc-updown-5m,0xf0e1ac564358d53d9ac9988ea6bbdb667c34110d,0,,12,3,6,0.8,9,7,149,0.08053691275167785,0.0009308820107051431
5m,300,btc-up-or-down-5m,btc-updown-5m,0xf9051909660890b5f930049af84d3fee0b38a458,0,,12,1,8,0.9230769230769231,9,5,61,0.19672131147540983,0.0009308820107051431
5m,300,btc-up-or-down-5m,btc-updown-5m,0x9d9072f4e27a77f59bc295d5027e2bdb4767f272,0,,12,2,2,0.8571428571428571,9,8,161,0.07453416149068323,0.0009308820107051431
5m,300,btc-up-or-down-5m,btc-updown-5m,0x73ab4abb1a54c73419eb61d642232f3930c079cc,0,,12,18,16,0.4,9,9,186,0.06451612903225806,0.0009308820107051431
5m,300,btc-up-or-down-5m,btc-updown-5m,0x545939fe01ca3c0540296711931f694c563a9faf,0,,12,13,16,0.48,9,9,325,0.036923076923076927,0.0009308820107051431
5m,300,btc-up-or-down-5m,btc-updown-5m,0xcd73965b4b0d1b15eb21b6a02d5768befe1c663f,0,,12,21,7,0.36363636363636365,9,6,111,0.10810810810810811,0.0009308820107051431
5m,300,btc-up-or-down-5m,btc-updown-5m,0x552d741d0852519fd1c4c5dc4f57ab56d5d3b0ad,0,,12,11,12,0.5217391304347826,9,2,37,0.32432432432432434,0.0009308820107051431
5m,300,btc-up-or-down-5m,btc-updown-5m,0xd3e8b37913543003496319813c1452feb86e0fe3,0,,12,14,3,0.46153846153846156,9,5,95,0.12631578947368421,0.0009308820107051431
5m,300,btc-up-or-down-5m,btc-updown-5m,0xb1a64983ca4eb99106b73e3d68726ff6506b53bc,0,,12,3,2,0.8,9,5,47,0.2553191489361702,0.0009308820107051431
5m,300,btc-up-or-down-5m,btc-updown-5m,0x41f99572e190a81a4da3dd011844012fbecadd2b,0,,12,5,9,0.7058823529411765,9,3,32,0.375,0.0009308820107051431
5m,300,btc-up-or-down-5m,btc-updown-5m,0x656c87fefe53e6e7536efff808a27979688594eb,0,,12,4,5,0.75,9,7,102,0.11764705882352941,0.0009308820107051431
5m,300,btc-up-or-down-5m,btc-updown-5m,0xbafee7276bbb6be7ec00809ad5409829f49d874d,0,,12,8,11,0.6,9,3,62,0.1935483870967742,0.0009308820107051431
5m,300,btc-up-or-down-5m,btc-updown-5m,0xd98e7c839d04bc93e8b7a92192fde2f0d1b24788,0,,12,4,5,0.75,9,1,9,1.3333333333333333,0.0009308820107051431
5m,300,btc-up-or-down-5m,btc-updown-5m,0xfc4da209cf49cc9ad05ab2c9f68d28e9896b6e9d,0,,12,11,6,0.5217391304347826,9,7,168,0.07142857142857142,0.0009308820107051431
5m,300,btc-up-or-down-5m,btc-updown-5m,0x6223752307b1ca338dbc85614d07d3c92367a72a,0,,12,10,17,0.5454545454545454,9,5,133,0.09022556390977443,0.0009308820107051431
5m,300,btc-up-or-down-5m,btc-updown-5m,0x38575c2ec374b3fbb2cd2ccb8df076969a2e6605,0,,12,27,11,0.3076923076923077,9,5,199,0.06030150753768844,0.0009308820107051431
5m,300,btc-up-or-down-5m,btc-updown-5m,0xf792f5dada8e9d4904d6cae88847f23741799309,0,,12,0,8,1.0,9,2,60,0.2,0.0009308820107051431
5m,300,btc-up-or-down-5m,btc-updown-5m,0x15b6af86b79278fe496585b802bd033ac2d2b525,0,,12,2,11,0.8571428571428571,9,3,69,0.17391304347826086,0.0009308820107051431
5m,300,btc-up-or-down-5m,btc-updown-5m,0xaaa6294923f51d07f659bfa199b40c1a687db0e5,0,,11,4,6,0.7333333333333333,9,6,441,0.024943310657596373,0.0008533085098130479
5m,300,btc-up-or-down-5m,btc-updown-5m,0x9f6a59809fac0c1c16ad10636a4d32fd3c39ff40,0,,11,1,10,0.9166666666666666,9,8,155,0.07096774193548387,0.0008533085098130479
5m,300,btc-up-or-down-5m,btc-updown-5m,0x2661f6d058851bbd1f5de7852007b09d15ded44b,0,,11,7,4,0.6111111111111112,9,3,23,0.4782608695652174,0.0008533085098130479
5m,300,btc-up-or-down-5m,btc-updown-5m,0x950db5054b0a301d16335abf95cce5932a0d77d2,0,,11,7,16,0.6111111111111112,9,7,228,0.04824561403508772,0.0008533085098130479
5m,300,btc-up-or-down-5m,btc-updown-5m,0xcf43e8a91b898364f31b0656c6a84aa4adae1b1f,0,,11,1,2,0.9166666666666666,9,5,155,0.07096774193548387,0.0008533085098130479
5m,300,btc-up-or-down-5m,btc-updown-5m,0xa74d31da3223ca73a1a6ece3a64cffe5e3879884,0,,11,5,7,0.6875,9,11,364,0.03021978021978022,0.0008533085098130479
5m,300,btc-up-or-down-5m,btc-updown-5m,0xb80045658f4a7cdf38920cfe20e83ed6ffa6e349,0,,11,3,12,0.7857142857142857,9,2,43,0.2558139534883721,0.0008533085098130479
5m,300,btc-up-or-down-5m,btc-updown-5m,0x10b9bf0a567570f4d6f2d68cdd80e88b526aa0ce,0,,11,49,28,0.18333333333333332,9,6,42,0.2619047619047619,0.0008533085098130479
5m,300,btc-up-or-down-5m,btc-updown-5m,0xecdade636273ae08b30a53df3420cf2eb4562a9c,0,,11,3,6,0.7857142857142857,9,3,59,0.1864406779661017,0.0008533085098130479
5m,300,btc-up-or-down-5m,btc-updown-5m,0x8326bf41e0f938d4e483c86984fe9b8ff19b3556,0,,11,8,22,0.5789473684210527,9,3,48,0.22916666666666666,0.0008533085098130479
5m,300,btc-up-or-down-5m,btc-updown-5m,0xfae47db7ecfa956d2b61ee68ab2c7cb589db39d1,0,,11,11,3,0.5,9,10,498,0.02208835341365462,0.0008533085098130479
5m,300,btc-up-or-down-5m,btc-updown-5m,0xe51f40b6a8be52c9e2809a4dd8b5c7c9c3ab88d2,0,,11,6,4,0.6470588235294118,9,5,299,0.03678929765886288,0.0008533085098130479
5m,300,btc-up-or-down-5m,btc-updown-5m,0xb2d2ed4d9d3adddbe9760ad948437fd4aca626c2,0,,11,1,2,0.9166666666666666,9,4,22,0.5,0.0008533085098130479
5m,300,btc-up-or-down-5m,btc-updown-5m,0xa65399912b4029d0fccc23e3f1d1260af27c08cf,0,,11,19,5,0.36666666666666664,9,7,192,0.057291666666666664,0.0008533085098130479
5m,300,btc-up-or-down-5m,btc-updown-5m,0x087c8315c37ef122588a0dd4b8a2162553245f66,0,,11,10,4,0.5238095238095238,9,6,124,0.08870967741935484,0.0008533085098130479
5m,300,btc-up-or-down-5m,btc-updown-5m,0xe04e201fa8bce8a89435cfef82cf218270b39e0e,0,,11,10,8,0.5238095238095238,9,6,145,0.07586206896551724,0.0008533085098130479
5m,300,btc-up-or-down-5m,btc-updown-5m,0x4ecdc80ac5d34ccad4e3c2c5adfa67bed7d72e83,0,,11,18,6,0.3793103448275862,9,5,119,0.09243697478991597,0.0008533085098130479
5m,300,btc-up-or-down-5m,btc-updown-5m,0xed3db164712f679a5baa0901ab44104d9d440dab,0,,11,3,6,0.7857142857142857,9,4,111,0.0990990990990991,0.0008533085098130479
5m,300,btc-up-or-down-5m,btc-updown-5m,0x52c7c37533933ac2705e6787a233f5deb99da5c2,0,,11,3,1,0.7857142857142857,9,2,39,0.28205128205128205,0.0008533085098130479
5m,300,btc-up-or-down-5m,btc-updown-5m,0xc0d8c6d583e6b66818c98ee884e471c996df4fb6,0,,11,8,8,0.5789473684210527,9,4,117,0.09401709401709402,0.0008533085098130479
5m,300,btc-up-or-down-5m,btc-updown-5m,0x8a09b9a65187e2b1e265307ea575426ed3f5e4c1,0,,11,14,13,0.44,9,3,83,0.13253012048192772,0.0008533085098130479
5m,300,btc-up-or-down-5m,btc-updown-5m,0x591c10712673bc6dc09e74582bbcfc7fe9c6a044,0,,11,2,3,0.8461538461538461,9,2,82,0.13414634146341464,0.0008533085098130479
5m,300,btc-up-or-down-5m,btc-updown-5m,0x1bf4da050abc3dfe882bb2a498f45e492272ef2e,0,,11,7,6,0.6111111111111112,9,8,367,0.02997275204359673,0.0008533085098130479
5m,300,btc-up-or-down-5m,btc-updown-5m,0x917dc26bcc5a1321875cf9c1561d2020ae75aa08,0,,11,7,15,0.6111111111111112,9,6,405,0.027160493827160494,0.0008533085098130479
5m,300,btc-up-or-down-5m,btc-updown-5m,0xbaf93723d2a48e6fbe63e637b44e7da12049c7ad,0,,11,10,10,0.5238095238095238,9,1,12,0.9166666666666666,0.0008533085098130479
5m,300,btc-up-or-down-5m,btc-updown-5m,0xbadb15a3ff40ee51ec3d4f9613138cc6710a92e5,0,,11,0,0,1.0,9,1,6,1.8333333333333333,0.0008533085098130479
5m,300,btc-up-or-down-5m,btc-updown-5m,0x0f74e8fd818e22711cc2e1dd1e17dff27088f047,0,,11,14,9,0.44,9,3,102,0.10784313725490197,0.0008533085098130479
5m,300,btc-up-or-down-5m,btc-updown-5m,0x1adbccaf449aa1f84b48e1f1ec689bdacefc1495,0,,10,5,6,0.6666666666666666,9,9,198,0.050505050505050504,0.0007757350089209526
5m,300,btc-up-or-down-5m,btc-updown-5m,0x50bf64e4e6561b9b8a822647b931b2058714b222,0,,10,5,3,0.6666666666666666,9,6,110,0.09090909090909091,0.0007757350089209526
5m,300,btc-up-or-down-5m,btc-updown-5m,0x0bf169c3ca7d4caf1679db478e03f698e0ba8958,0,,10,2,6,0.8333333333333334,9,5,130,0.07692307692307693,0.0007757350089209526
5m,300,btc-up-or-down-5m,btc-updown-5m,0x98e9c98f32c8fb5a060e322b7ed645d1c2d72e6f,0,,10,6,30,0.625,9,3,61,0.16393442622950818,0.0007757350089209526
5m,300,btc-up-or-down-5m,btc-updown-5m,0xdaf0a33db375783bf5682a66b4d71ef89033fc36,0,,10,2,9,0.8333333333333334,9,4,84,0.11904761904761904,0.0007757350089209526
5m,300,btc-up-or-down-5m,btc-updown-5m,0x6fe5578b06a6c7cb08f2db808234d6326ed7ee26,0,,10,18,6,0.35714285714285715,9,3,117,0.08547008547008547,0.0007757350089209526
5m,300,btc-up-or-down-5m,btc-updown-5m,0x052df13b717195f0054184b93137f0008a662333,0,,10,4,1,0.7142857142857143,9,4,85,0.11764705882352941,0.0007757350089209526
5m,300,btc-up-or-down-5m,btc-updown-5m,0xc8d464a327edfcd74f1e81aff949b47d7e537c70,0,,10,14,4,0.4166666666666667,9,6,104,0.09615384615384616,0.0007757350089209526
5m,300,btc-up-or-down-5m,btc-updown-5m,0xc1790fee323b7ace2aefee3320f684785ddb6ccb,0,,10,4,8,0.7142857142857143,9,7,178,0.056179775280898875,0.0007757350089209526
5m,300,btc-up-or-down-5m,btc-updown-5m,0xb9720495c122f5a68b0b754812c0b8d736f66c79,0,,10,16,30,0.38461538461538464,9,5,396,0.025252525252525252,0.0007757350089209526
5m,300,btc-up-or-down-5m,btc-updown-5m,0x19ac19eaa6aa5cf19b82edee936e93fe47ce5a41,0,,10,5,3,0.6666666666666666,9,4,90,0.1111111111111111,0.0007757350089209526
5m,300,btc-up-or-down-5m,btc-updown-5m,0xec47cb4e0a4f4e375d9787debf7c874214f21119,0,,10,9,6,0.5263157894736842,9,8,88,0.11363636363636363,0.0007757350089209526
5m,300,btc-up-or-down-5m,btc-updown-5m,0xda9655f2779e00e8c2ed416204dcd9e089dd6d52,0,,10,3,3,0.7692307692307693,9,4,345,0.028985507246376812,0.0007757350089209526
5m,300,btc-up-or-down-5m,btc-updown-5m,0x64d299f0a70a4bcac28a4d6d2b4a0ff88f8500d0,0,,10,5,8,0.6666666666666666,9,5,163,0.06134969325153374,0.0007757350089209526
5m,300,btc-up-or-down-5m,btc-updown-5m,0xfab1b950a4dcbbb28488aecdaef429d7cebb1658,0,,10,3,2,0.7692307692307693,9,4,84,0.11904761904761904,0.0007757350089209526
5m,300,btc-up-or-down-5m,btc-updown-5m,0xc6e3d7fd9dfd5e26a4688ac5518a03331e466867,0,,10,19,6,0.3448275862068966,9,6,330,0.030303030303030304,0.0007757350089209526
5m,300,btc-up-or-down-5m,btc-updown-5m,0x4b239f4a7a37328c6c0220105880bcea3f35abf4,0,,10,18,17,0.35714285714285715,9,4,290,0.034482758620689655,0.0007757350089209526
5m,300,btc-up-or-down-5m,btc-updown-5m,0x02dc5de2c9cbb8ca9f359ebb0f52196aec119332,0,,10,1,9,0.9090909090909091,9,3,28,0.35714285714285715,0.0007757350089209526
5m,300,btc-up-or-down-5m,btc-updown-5m,0x8340a3b72f92e289fe5f37a384db6b368c552e65,0,,10,19,9,0.3448275862068966,9,3,73,0.136986301369863,0.0007757350089209526
5m,300,btc-up-or-down-5m,btc-updown-5m,0x4d30367efbdc8269c881bf6aef2de4c4fdcd8bc8,0,,10,50,13,0.16666666666666666,9,9,175,0.05714285714285714,0.0007757350089209526
5m,300,btc-up-or-down-5m,btc-updown-5m,0xa7316c170d1f8b5ba8a7573f030639d74cb537e1,0,,10,1,2,0.9090909090909091,9,4,62,0.16129032258064516,0.0007757350089209526
5m,300,btc-up-or-down-5m,btc-updown-5m,0x609f8cd5a4734dbfbfe59e125e0204b2c3cdada6,0,,10,1,3,0.9090909090909091,9,4,36,0.2777777777777778,0.0007757350089209526
5m,300,btc-up-or-down-5m,btc-updown-5m,0x3e1a0e35f6b6656501c7b74aed9dbe78295c21e8,0,,10,12,11,0.45454545454545453,9,6,124,0.08064516129032258,0.0007757350089209526
5m,300,btc-up-or-down-5m,btc-updown-5m,0xcc06a5b4299e136e53f5282df8fc075d46c8fac3,0,,10,4,6,0.7142857142857143,9,6,111,0.09009009009009009,0.0007757350089209526
5m,300,btc-up-or-down-5m,btc-updown-5m,0x28b976aa1ca37a46bb5be373bac7677d3dda531f,0,,10,28,11,0.2631578947368421,9,10,563,0.017761989342806393,0.0007757350089209526
5m,300,btc-up-or-down-5m,btc-updown-5m,0x1a08eadef10027e2767593261eec5390b0192489,0,,10,16,11,0.38461538461538464,9,6,110,0.09090909090909091,0.0007757350089209526
5m,300,btc-up-or-down-5m,btc-updown-5m,0x67706fac5e17201d5d08e596d993c0728052f7af,0,,10,4,5,0.7142857142857143,9,6,92,0.10869565217391304,0.0007757350089209526
5m,300,btc-up-or-down-5m,btc-updown-5m,0x6976ed823c94746716d42203ee2f06939b2f8b9c,0,,10,6,5,0.625,9,9,178,0.056179775280898875,0.0007757350089209526
5m,300,btc-up-or-down-5m,btc-updown-5m,0xe2354f16c43546f9dad1eb4a866bf5d6f9cbaba2,0,,10,13,11,0.43478260869565216,9,2,147,0.06802721088435375,0.0007757350089209526
5m,300,btc-up-or-down-5m,btc-updown-5m,0xb5e0e050f0263dbf25a30060b096c62b687f903e,0,,10,3,1,0.7692307692307693,9,3,55,0.18181818181818182,0.0007757350089209526
5m,300,btc-up-or-down-5m,btc-updown-5m,0xb549e211bf4d16d56a46c6af7511fdf52a1ac2b6,0,,10,0,9,1.0,9,1,4,2.5,0.0007757350089209526
5m,300,btc-up-or-down-5m,btc-updown-5m,0x5b7c8a0ec23cb9357690c22805ba60f388b3f391,0,,10,4,4,0.7142857142857143,9,7,254,0.03937007874015748,0.0007757350089209526
5m,300,btc-up-or-down-5m,btc-updown-5m,0x01e019cb1ddccb332d8c59ffe54cc8551c6c0de3,0,,10,2,6,0.8333333333333334,9,2,65,0.15384615384615385,0.0007757350089209526
5m,300,btc-up-or-down-5m,btc-updown-5m,0xba016b05c84c9f073e5c9059d247d37cea4b8535,0,,10,18,11,0.35714285714285715,9,4,278,0.03597122302158273,0.0007757350089209526
5m,300,btc-up-or-down-5m,btc-updown-5m,0x7848ff8a8419c8ada7433498da62358323191c2a,0,,10,0,16,1.0,9,1,26,0.38461538461538464,0.0007757350089209526
5m,300,btc-up-or-down-5m,btc-updown-5m,0x4b768980978e4f75f411be34f751985f1c272fb2,0,,10,6,5,0.625,9,1,36,0.2777777777777778,0.0007757350089209526
5m,300,btc-up-or-down-5m,btc-updown-5m,0x32b3b652987f31e5e5fc7a003392ca89404f9d49,0,,10,18,0,0.35714285714285715,9,1,27,0.37037037037037035,0.0007757350089209526
5m,300,btc-up-or-down-5m,btc-updown-5m,0xbbd8bea858d8b20032a7afb42a5ee1db8c926b9e,0,,10,1,1,0.9090909090909091,9,1,25,0.4,0.0007757350089209526
5m,300,btc-up-or-down-5m,btc-updown-5m,0x68983a363c037bc2abdcf7860e220c5276d26b3c,0,,10,1,0,0.9090909090909091,9,1,17,0.5882352941176471,0.0007757350089209526
5m,300,btc-up-or-down-5m,btc-updown-5m,0xc670ea2d3f88ba4c7a82061ac3af388078da5301,0,,10,2,0,0.8333333333333334,9,1,63,0.15873015873015872,0.0007757350089209526
5m,300,btc-up-or-down-5m,btc-updown-5m,0x52b026e223abc4fdcbbf02fc505bde8946a9d217,0,,10,0,4,1.0,9,2,11,0.9090909090909091,0.0007757350089209526
5m,300,btc-up-or-down-5m,btc-updown-5m,0x5e0ece6c16a277b87b3b6c47bbfa5bf1cfba7445,0,,10,1,6,0.9090909090909091,9,2,74,0.13513513513513514,0.0007757350089209526
5m,300,btc-up-or-down-5m,btc-updown-5m,0x7f7a98fd2a04d7868a53283675e23c29f6e5ba3b,0,,10,10,1,0.5,9,4,195,0.05128205128205128,0.0007757350089209526
5m,300,btc-up-or-down-5m,btc-updown-5m,0x88166e09b12935836a0f985c79d30196d2acd513,0,,10,3,3,0.7692307692307693,9,5,112,0.08928571428571429,0.0007757350089209526
5m,300,btc-up-or-down-5m,btc-updown-5m,0x469cf18c6c89be68b5ebb85006467eabb08e113a,0,,10,1,7,0.9090909090909091,9,2,28,0.35714285714285715,0.0007757350089209526
5m,300,btc-up-or-down-5m,btc-updown-5m,0x86604e665d0d08f2fd2aba34b581ff880138d345,0,,10,8,2,0.5555555555555556,9,3,11,0.9090909090909091,0.0007757350089209526
5m,300,btc-up-or-down-5m,btc-updown-5m,0x706f04df2e34bfed2783837ffb47accac8325f6d,0,,10,9,10,0.5263157894736842,9,3,178,0.056179775280898875,0.0007757350089209526
5m,300,btc-up-or-down-5m,btc-updown-5m,0xa05ba010679ed873d168a8728d7780e93c735d82,0,,10,6,1,0.625,9,4,48,0.20833333333333334,0.0007757350089209526
5m,300,btc-up-or-down-5m,btc-updown-5m,0x0300e576a85bbf1d346d68357c5034f2a124d710,0,,10,11,18,0.47619047619047616,9,1,22,0.45454545454545453,0.0007757350089209526
5m,300,btc-up-or-down-5m,btc-updown-5m,0xb8dbe8e3acf159c2dc282ef4d3b7e054a5d987ad,0,,253,144,199,0.6372795969773299,8,78,1147,0.22057541412380122,0.0196260957257001
5m,300,btc-up-or-down-5m,btc-updown-5m,0xbabafdf7e1a891d42b860eb1e966a8f315eab898,0,,112,19,200,0.8549618320610687,8,70,779,0.14377406931964057,0.00868823209991467
5m,300,btc-up-or-down-5m,btc-updown-5m,0x2eb5714ff6f20f5f9f7662c556dbef5e1c9bf4d4,0,,61,72,68,0.45864661654135336,8,33,4345,0.014039125431530495,0.004731983554417811
5m,300,btc-up-or-down-5m,btc-updown-5m,0x2b0266fe414d026d147615d54bf0784552ddc718,0,,58,30,23,0.6590909090909091,8,43,1504,0.03856382978723404,0.004499263051741525
5m,300,btc-up-or-down-5m,btc-updown-5m,0x473ebe02307779c6e3ce9b2a9efa767a773fc0f6,0,,49,86,93,0.362962962962963,8,15,345,0.14202898550724638,0.0038011015437126676
5m,300,btc-up-or-down-5m,btc-updown-5m,0xd6a360955bf87578c8c5d4f4416e48a6b648d24b,0,,43,13,25,0.7678571428571429,8,27,448,0.09598214285714286,0.0033356605383600964
5m,300,btc-up-or-down-5m,btc-updown-5m,0x1e124a05f685a052655bd89a4a2a29be6fc33f46,0,,41,26,29,0.6119402985074627,8,2,12,3.4166666666666665,0.0031805135365759055
5m,300,btc-up-or-down-5m,btc-updown-5m,0x6c901d101f3d38dab0232eff4f2ec7b31abbffb8,0,,37,19,25,0.6607142857142857,8,28,771,0.04798962386511025,0.0028702195330075246
5m,300,btc-up-or-down-5m,btc-updown-5m,0xf0dd3e1579d55b2a26b69242104d902e411fba35,0,,37,31,27,0.5441176470588235,8,34,1128,0.03280141843971631,0.0028702195330075246
5m,300,btc-up-or-down-5m,btc-updown-5m,0xd5ddda952b2cc46a173920cf5aaa73451258af6d,0,,36,40,41,0.47368421052631576,8,21,2606,0.013814274750575594,0.0027926460321154294
5m,300,btc-up-or-down-5m,btc-updown-5m,0x4582c77130a649d807fac08fd455615f851a8fa2,0,,35,45,26,0.4375,8,31,2151,0.016271501627150162,0.002715072531223334
5m,300,btc-up-or-down-5m,btc-updown-5m,0x01ca5c77bf032f10b7cb5e3f730fbf497523200d,0,,35,11,16,0.7608695652173914,8,8,42,0.8333333333333334,0.002715072531223334
5m,300,btc-up-or-down-5m,btc-updown-5m,0x4d0730b1c8b4da2444ab7a4a389a607584132b94,0,,34,37,39,0.4788732394366197,8,21,1875,0.018133333333333335,0.002637499030331239
5m,300,btc-up-or-down-5m,btc-updown-5m,0x20159134008e3b679f234b89960de440a052c715,0,,33,4,5,0.8918918918918919,8,28,416,0.07932692307692307,0.002559925529439144
5m,300,btc-up-or-down-5m,btc-updown-5m,0xd1ebe815f921b3ebbd8d9e0a4192c6ab18360f5c,0,,32,27,34,0.5423728813559322,8,18,3545,0.009026798307475317,0.002482352028547048
5m,300,btc-up-or-down-5m,btc-updown-5m,0x2aaaa0a73fec22dda8d9724c63e84309c947c329,0,,31,18,26,0.6326530612244898,8,22,787,0.03939008894536213,0.002404778527654953
5m,300,btc-up-or-down-5m,btc-updown-5m,0xc72b1820df935e16257f9a359b7ba239fabb5b5e,0,,30,26,34,0.5357142857142857,8,8,206,0.14563106796116504,0.0023272050267628577
5m,300,btc-up-or-down-5m,btc-updown-5m,0xa40ac40b273a0ecedebb795f6d3e3de020d90daa,0,,29,34,9,0.4603174603174603,8,20,774,0.037467700258397935,0.0022496315258707625
5m,300,btc-up-or-down-5m,btc-updown-5m,0xad91f5c6ae40b6f7e15b1855ab8e7e9bbce21987,0,,28,31,30,0.4745762711864407,8,23,1937,0.014455343314403717,0.0021720580249786673
5m,300,btc-up-or-down-5m,btc-updown-5m,0xe0671aef9982eab745d31f9cedb828c2a8d678a6,0,,28,6,13,0.8235294117647058,8,6,56,0.5,0.0021720580249786673
5m,300,btc-up-or-down-5m,btc-updown-5m,0x2aa856f784c08331aeac414e3bf4df22440609b0,0,,27,20,25,0.574468085106383,8,26,1343,0.020104244229337303,0.002094484524086572
5m,300,btc-up-or-down-5m,btc-updown-5m,0x07bc9aa8524d9a2613e13a9695ba5d2b7565f6be,1,,27,19,47,0.5869565217391305,8,10,89,0.30337078651685395,0.002094484524086572
5m,300,btc-up-or-down-5m,btc-updown-5m,0x9f478c589a66be5ff9f3dce9882fb40568bd0207,0,,27,9,27,0.75,8,7,361,0.07479224376731301,0.002094484524086572
5m,300,btc-up-or-down-5m,btc-updown-5m,0xe009a66ec68825def9725b15d935af6310c8b1fb,0,,26,22,19,0.5416666666666666,8,22,680,0.03823529411764706,0.002016911023194477
5m,300,btc-up-or-down-5m,btc-updown-5m,0x7f4db1ae154302f1112e233dfcc8f5c4022d7411,0,,26,32,31,0.4482758620689655,8,6,730,0.03561643835616438,0.002016911023194477
5m,300,btc-up-or-down-5m,btc-updown-5m,0xf931b447a7570f52c3eb67e3a8192c4f48861928,0,,25,12,17,0.6756756756756757,8,17,182,0.13736263736263737,0.0019393375223023814
5m,300,btc-up-or-down-5m,btc-updown-5m,0x4ae319b2d59967dc43790f903b3cfa12471d06af,0,,25,17,20,0.5952380952380952,8,12,553,0.045207956600361664,0.0019393375223023814
5m,300,btc-up-or-down-5m,btc-updown-5m,0xf05f306040f5cfd01ddb01ae01d6cbca39c5db57,0,,25,9,6,0.7352941176470589,8,21,474,0.052742616033755275,0.0019393375223023814
5m,300,btc-up-or-down-5m,btc-updown-5m,0x8304ca94f81fdfe3f8bceae6a6621ece6225671c,0,,25,31,25,0.44642857142857145,8,7,111,0.22522522522522523,0.0019393375223023814
5m,300,btc-up-or-down-5m,btc-updown-5m,0x1c1c2c6e2228dd165ecf50f8a4ab7c57ce5ad4e8,0,,24,16,14,0.6,8,18,911,0.026344676180021953,0.0018617640214102862
5m,300,btc-up-or-down-5m,btc-updown-5m,0xf4fea8cf6030cbcd73502cde708e74ad21d8ebac,0,,24,17,22,0.5853658536585366,8,19,1381,0.017378711078928313,0.0018617640214102862
5m,300,btc-up-or-down-5m,btc-updown-5m,0x0bf8c58436f2b13864f44957192ebe7d2cfcfb84,0,,24,15,18,0.6153846153846154,8,11,406,0.059113300492610835,0.0018617640214102862
5m,300,btc-up-or-down-5m,btc-updown-5m,0xdd4422b36e2288742b0191e6e093ce08d23a47c1,0,,24,15,13,0.6153846153846154,8,21,496,0.04838709677419355,0.0018617640214102862
5m,300,btc-up-or-down-5m,btc-updown-5m,0xac71338809e1dba49cd6e8e5b2a30dba760df74c,0,,23,4,9,0.8518518518518519,8,18,548,0.041970802919708027,0.001784190520518191
5m,300,btc-up-or-down-5m,btc-updown-5m,0x05422318d43bfd7070529823fddd14858c097afb,0,,22,3,7,0.88,8,9,252,0.0873015873015873,0.0017066170196260958
5m,300,btc-up-or-down-5m,btc-updown-5m,0x657056446832e76dd7321a880cce01bcc74e9cf0,0,,22,4,9,0.8461538461538461,8,17,558,0.03942652329749104,0.0017066170196260958
5m,300,btc-up-or-down-5m,btc-updown-5m,0xa55d3e47f97fe2a59eeac6c9524d67c5ca8c57df,0,,22,4,10,0.8461538461538461,8,17,547,0.04021937842778794,0.0017066170196260958
5m,300,btc-up-or-down-5m,btc-updown-5m,0xa17985b45c9c9dd6c05fe3bc56f54e3ea497eb0a,0,,22,11,11,0.6666666666666666,8,18,959,0.022940563086548488,0.0017066170196260958
5m,300,btc-up-or-down-5m,btc-updown-5m,0x2f57c18ce820d4a3b6b0048c931fef29fb4150c1,0,,22,28,8,0.44,8,6,515,0.04271844660194175,0.0017066170196260958
5m,300,btc-up-or-down-5m,btc-updown-5m,0xd121f678e88074a00886c2ddab3a27be46ea495d,0,,22,4,13,0.8461538461538461,8,7,44,0.5,0.0017066170196260958
5m,300,btc-up-or-down-5m,btc-updown-5m,0x2ce4bfec67a1b9a4497f83afc7d3883ab9ecbb54,0,,21,24,11,0.4666666666666667,8,18,683,0.03074670571010249,0.0016290435187340006
5m,300,btc-up-or-down-5m,btc-updown-5m,0x14f3cee5d890a61fe427407f340d190eab7a0796,0,,21,22,20,0.4883720930232558,8,9,552,0.03804347826086957,0.0016290435187340006
5m,300,btc-up-or-down-5m,btc-updown-5m,0x45bc74efa620b45c02308acaecdff1f7c06f978b,0,,21,21,18,0.5,8,13,232,0.09051724137931035,0.0016290435187340006
5m,300,btc-up-or-down-5m,btc-updown-5m,0xe2e3958dc9a4656ba90eaa6f28ee7a7122f65897,0,,21,2,5,0.9130434782608695,8,16,428,0.04906542056074766,0.0016290435187340006
5m,300,btc-up-or-down-5m,btc-updown-5m,0xae299aa8f9859a4fea97f6b95ffb5a3664bbe72a,0,,21,3,3,0.875,8,17,440,0.04772727272727273,0.0016290435187340006
5m,300,btc-up-or-down-5m,btc-updown-5m,0xbba2b8600ca7a34f31cdfd14d0d2a924a105cc45,0,,20,19,19,0.5128205128205128,8,8,322,0.062111801242236024,0.0015514700178419051
5m,300,btc-up-or-down-5m,btc-updown-5m,0x1b8baa1a8591ca1582a498545ce7ea8555957293,0,,20,23,20,0.46511627906976744,8,11,506,0.039525691699604744,0.0015514700178419051
5m,300,btc-up-or-down-5m,btc-updown-5m,0xa62ff3d3d2fe4456523c567441acb512f0ba9e04,0,,20,24,32,0.45454545454545453,8,16,1021,0.019588638589618023,0.0015514700178419051
5m,300,btc-up-or-down-5m,btc-updown-5m,0xb64cd560972d6be753439970c09c9f77ad746652,0,,20,3,14,0.8695652173913043,8,10,204,0.09803921568627451,0.0015514700178419051
5m,300,btc-up-or-down-5m,btc-updown-5m,0x4f31ae4c7eb8c6672e194ee0425da8e2e91d1ab5,0,,20,4,4,0.8333333333333334,8,16,441,0.045351473922902494,0.0015514700178419051
5m,300,btc-up-or-down-5m,btc-updown-5m,0xbeb662440963ef8454c74d71e5a4b919e7ce714a,0,,19,18,6,0.5135135135135135,8,11,350,0.054285714285714284,0.00147389651694981
5m,300,btc-up-or-down-5m,btc-updown-5m,0xe88fc35c12abb661864c317f9a7bb6cf6aa8a9d8,0,,19,23,4,0.4523809523809524,8,4,133,0.14285714285714285,0.00147389651694981
5m,300,btc-up-or-down-5m,btc-updown-5m,0x4c3acceaa187d6bcd1157eff104b5a669f9e9395,0,,19,32,17,0.37254901960784315,8,19,554,0.03429602888086643,0.00147389651694981
5m,300,btc-up-or-down-5m,btc-updown-5m,0x3dc751b88359abb5af4ac86f64eb4b3dfe1bcff8,0,,19,32,20,0.37254901960784315,8,8,134,0.1417910447761194,0.00147389651694981
5m,300,btc-up-or-down-5m,btc-updown-5m,0xae94949d4778af469e631a92383fd2eac615af2c,0,,19,17,23,0.5277777777777778,8,13,2041,0.009309162175404213,0.00147389651694981
5m,300,btc-up-or-down-5m,btc-updown-5m,0xbdd8d1c98a8af48c5876c5ae07c13a06684bd99e,0,,19,28,26,0.40425531914893614,8,4,56,0.3392857142857143,0.00147389651694981
5m,300,btc-up-or-down-5m,btc-updown-5m,0xf6cdf4fa26dfdcb3b19bd6959319efa6b9f655f6,0,,18,35,15,0.33962264150943394,8,9,978,0.018404907975460124,0.0013963230160577147
5m,300,btc-up-or-down-5m,btc-updown-5m,0x73a293addda20e656e6bcba70052308aa8b73b68,0,,18,63,40,0.2222222222222222,8,12,411,0.043795620437956206,0.0013963230160577147
5m,300,btc-up-or-down-5m,btc-updown-5m,0x02b4da54c693898c148461c42f7e0a5ee0c6f829,0,,18,21,27,0.46153846153846156,8,6,152,0.11842105263157894,0.0013963230160577147
5m,300,btc-up-or-down-5m,btc-updown-5m,0x5830e55432c3143330a36130356670d3e40ac61b,0,,17,7,10,0.7083333333333334,8,11,475,0.035789473684210524,0.0013187495151656195
5m,300,btc-up-or-down-5m,btc-updown-5m,0x9c103072bd039ea4ddd06e55926a24e560eb59ca,0,,17,29,9,0.3695652173913043,8,13,420,0.04047619047619048,0.0013187495151656195
5m,300,btc-up-or-down-5m,btc-updown-5m,0x5084e8e469a669869df0c9fec70e0ab6fff8fcc8,0,,17,13,11,0.5666666666666667,8,12,401,0.04239401496259352,0.0013187495151656195
5m,300,btc-up-or-down-5m,btc-updown-5m,0x1d0034134e339a309700ff2d34e99fa2d48b0313,0,,17,12,7,0.5862068965517241,8,14,6893,0.002466270129116495,0.0013187495151656195
5m,300,btc-up-or-down-5m,btc-updown-5m,0x86b14772a4da70f3e6d5eee06933ebef143efc87,0,,17,14,24,0.5483870967741935,8,6,199,0.08542713567839195,0.0013187495151656195
5m,300,btc-up-or-down-5m,btc-updown-5m,0xff4a5387a744edb31a03900a2373102a25bbffae,0,,17,4,7,0.8095238095238095,8,12,295,0.0576271186440678,0.0013187495151656195
5m,300,btc-up-or-down-5m,btc-updown-5m,0x51c12815aa0c200b9df8889095f8524b192ae68d,0,,17,3,10,0.85,8,7,98,0.17346938775510204,0.0013187495151656195
5m,300,btc-up-or-down-5m,btc-updown-5m,0x7b81c2bb4775e2c2ca42d6a6244ba2cc4f3dc682,0,,17,5,6,0.7727272727272727,8,14,839,0.02026221692491061,0.0013187495151656195
5m,300,btc-up-or-down-5m,btc-updown-5m,0x3c75eeb7e73520456764386a1d45a3bde9b09e31,0,,16,9,9,0.64,8,7,65,0.24615384615384617,0.001241176014273524
5m,300,btc-up-or-down-5m,btc-updown-5m,0x55da016673abf8cabebeda77e1d91b2fb1716946,0,,16,25,17,0.3902439024390244,8,13,415,0.03855421686746988,0.001241176014273524
5m,300,btc-up-or-down-5m,btc-updown-5m,0x6837a149d2278bc60fbe30a4b77246afd4029ca9,0,,16,26,22,0.38095238095238093,8,12,1459,0.010966415352981495,0.001241176014273524
5m,300,btc-up-or-down-5m,btc-updown-5m,0xc333279d08e0a0c747b08517b6055220c5acb085,0,,16,16,7,0.5,8,14,968,0.01652892561983471,0.001241176014273524
5m,300,btc-up-or-down-5m,btc-updown-5m,0xe6b07c28193a97865ccca9e6a14c2bbe8e93e4b4,0,,16,18,11,0.47058823529411764,8,4,94,0.1702127659574468,0.001241176014273524
5m,300,btc-up-or-down-5m,btc-updown-5m,0xcb68858b0248df1fba5e967bb163abef4d25abab,0,,16,33,12,0.32653061224489793,8,14,368,0.043478260869565216,0.001241176014273524
5m,300,btc-up-or-down-5m,btc-updown-5m,0x52fcc56ea5991259b9089270575c3744434c6303,0,,16,3,1,0.8421052631578947,8,10,101,0.15841584158415842,0.001241176014273524
5m,300,btc-up-or-down-5m,btc-updown-5m,0xa0b0d91c02d1958ce1fd926d3b5504f988210922,0,,16,15,6,0.5161290322580645,8,9,227,0.07048458149779736,0.001241176014273524
5m,300,btc-up-or-down-5m,btc-updown-5m,0xc12408e67c9ec46adfbb02214f9247775758003b,0,,16,12,6,0.5714285714285714,8,8,130,0.12307692307692308,0.001241176014273524
5m,300,btc-up-or-down-5m,btc-updown-5m,0xdf18a8ed3dc745eea5c05f28da8386b641a3386f,0,,16,17,18,0.48484848484848486,8,8,245,0.0653061224489796,0.001241176014273524
5m,300,btc-up-or-down-5m,btc-updown-5m,0x7a77ee383185d2c449d39b0f028d860ece178aa1,0,,16,3,10,0.8421052631578947,8,14,633,0.02527646129541864,0.001241176014273524
5m,300,btc-up-or-down-5m,btc-updown-5m,0x21a3393e26b8d48f789667a573b7fff79a9a5f02,0,,16,11,26,0.5925925925925926,8,9,373,0.04289544235924933,0.001241176014273524
5m,300,btc-up-or-down-5m,btc-updown-5m,0x4ff38e3853fb299483df86947a27359d7ee4e2b8,0,,16,22,8,0.42105263157894735,8,4,35,0.45714285714285713,0.001241176014273524
5m,300,btc-up-or-down-5m,btc-updown-5m,0xb1107fc321daf2da8b907634ca6c21ad3e7139f4,0,,16,3,10,0.8421052631578947,8,4,15,1.0666666666666667,0.001241176014273524
5m,300,btc-up-or-down-5m,btc-updown-5m,0xff9568c48f1ea7296a3c1f69a992b3d2127b131c,0,,15,23,24,0.39473684210526316,8,11,3060,0.004901960784313725,0.0011636025133814289
5m,300,btc-up-or-down-5m,btc-updown-5m,0xbd01c95d5ccdf3d42d7cd977612ddf84d91c53cf,0,,15,7,16,0.6818181818181818,8,9,325,0.046153846153846156,0.0011636025133814289
5m,300,btc-up-or-down-5m,btc-updown-5m,0x13812b7de3fdd03dc563327d49413d2019fb7490,0,,15,10,11,0.6,8,10,2000,0.0075,0.0011636025133814289
5m,300,btc-up-or-down-5m,btc-updown-5m,0x684d54522474c49ef5500d1eb4b07beb54bee35b,0,,15,9,12,0.625,8,5,110,0.13636363636363635,0.0011636025133814289
5m,300,btc-up-or-down-5m,btc-updown-5m,0x9687d8760d34d744f87e16708da9bea77333236c,0,,15,1,5,0.9375,8,7,86,0.1744186046511628,0.0011636025133814289
5m,300,btc-up-or-down-5m,btc-updown-5m,0x159d63cb8344fbe1d169048646ddde14f8630d66,0,,15,1,5,0.9375,8,3,75,0.2,0.0011636025133814289
5m,300,btc-up-or-down-5m,btc-updown-5m,0xd8a7f9a5b60326e0edf7177279975cc17778d68d,0,,14,8,12,0.6363636363636364,8,13,291,0.048109965635738834,0.0010860290124893336
5m,300,btc-up-or-down-5m,btc-updown-5m,0x77b9c3af09044f0ae7c3304fd0d71cda52233302,0,,14,17,10,0.45161290322580644,8,13,633,0.022116903633491312,0.0010860290124893336
5m,300,btc-up-or-down-5m,btc-updown-5m,0x158f73102a9cc0f2db84246cb6d7f4d3f4202b05,0,,14,9,7,0.6086956521739131,8,9,514,0.027237354085603113,0.0010860290124893336
5m,300,btc-up-or-down-5m,btc-updown-5m,0x2a888e676a5acead348923b2289f533c2aad438a,0,,14,20,10,0.4117647058823529,8,12,1306,0.010719754977029096,0.0010860290124893336
5m,300,btc-up-or-down-5m,btc-updown-5m,0x08ea825d0f6189ce27c3d1168511e30072fd9984,0,,14,18,9,0.4375,8,12,3317,0.004220681338558939,0.0010860290124893336
5m,300,btc-up-or-down-5m,btc-updown-5m,0x85a6a55375f8f48f602e9947d6ce7d2462c1bb90,0,,14,4,4,0.7777777777777778,8,9,88,0.1590909090909091,0.0010860290124893336
5m,300,btc-up-or-down-5m,btc-updown-5m,0x414c9f1ac3f6a026f6f3327b098a0978adb713e7,0,,14,3,6,0.8235294117647058,8,8,121,0.11570247933884298,0.0010860290124893336
5m,300,btc-up-or-down-5m,btc-updown-5m,0xac9d5aefc7761d128718564ec0176ba801f68600,0,,14,12,3,0.5384615384615384,8,9,262,0.05343511450381679,0.0010860290124893336
5m,300,btc-up-or-down-5m,btc-updown-5m,0xcdaaf2b973e6edaac27793fde1c5b8089fcf9959,0,,14,55,17,0.2028985507246377,8,5,210,0.06666666666666667,0.0010860290124893336
5m,300,btc-up-or-down-5m,btc-updown-5m,0xe844cfe865a6b71c4906d232452a6894b667d224,0,,14,6,6,0.7,8,7,447,0.03131991051454139,0.0010860290124893336
5m,300,btc-up-or-down-5m,btc-updown-5m,0x0a6514ee585d5503ae06688bb76eba28a723cdc4,0,,14,4,3,0.7777777777777778,8,6,127,0.11023622047244094,0.0010860290124893336
5m,300,btc-up-or-down-5m,btc-updown-5m,0xecbf4d585042cd07e1395e8e2ec4059d8cda89b2,0,,14,1,8,0.9333333333333333,8,4,232,0.0603448275862069,0.0010860290124893336
5m,300,btc-up-or-down-5m,btc-updown-5m,0xca1b853b04d4990b6469c1eddc781f701e9aca65,0,,14,6,8,0.7,8,5,48,0.2916666666666667,0.0010860290124893336
5m,300,btc-up-or-down-5m,btc-updown-5m,0xadfdce912ffc19d300695e17b6252a3acf7b15ad,0,,14,0,10,1.0,8,1,26,0.5384615384615384,0.0010860290124893336
5m,300,btc-up-or-down-5m,btc-updown-5m,0x14c3c4300cdad93e6a76a8ad0696a4a81c929055,0,,14,0,7,1.0,8,1,2,7.0,0.0010860290124893336
5m,300,btc-up-or-down-5m,btc-updown-5m,0x1b44bfce04dc0f337bd1ef20a04a186f12116e8d,0,,14,25,15,0.358974358974359,8,2,35,0.4,0.0010860290124893336
5m,300,btc-up-or-down-5m,btc-updown-5m,0xab63c7b075f4e45e8dce1c8e25738eea03ac8f4b,0,,14,15,4,0.4827586206896552,8,3,51,0.27450980392156865,0.0010860290124893336
5m,300,btc-up-or-down-5m,btc-updown-5m,0xddf55199733caee90a77f61eeb5ddbdc605abfdb,0,,14,7,14,0.6666666666666666,8,2,46,0.30434782608695654,0.0010860290124893336
5m,300,btc-up-or-down-5m,btc-updown-5m,0x82c800ed0da13a8ba245f300741a08e017587075,0,,13,3,11,0.8125,8,8,964,0.013485477178423237,0.0010084555115972384
5m,300,btc-up-or-down-5m,btc-updown-5m,0x3f9d0a95f4cbc96d57ec6490d30501517945f495,0,,13,16,14,0.4482758620689655,8,9,494,0.02631578947368421,0.0010084555115972384
5m,300,btc-up-or-down-5m,btc-updown-5m,0x27eb7b85c51a254a81fcdb3e43033bfce90ab0c4,0,,13,6,3,0.6842105263157895,8,10,645,0.020155038759689922,0.0010084555115972384
5m,300,btc-up-or-down-5m,btc-updown-5m,0x014e9fc2b1d55908a9e67b8aed7b1923ce42cbce,0,,13,1,5,0.9285714285714286,8,8,194,0.06701030927835051,0.0010084555115972384
5m,300,btc-up-or-down-5m,btc-updown-5m,0x179f1c3599a353727077e270ed646d7225a8a307,0,,13,2,3,0.8666666666666667,8,6,48,0.2708333333333333,0.0010084555115972384
5m,300,btc-up-or-down-5m,btc-updown-5m,0x1bbd4be39595b8a2ba03895f38c3f471b4673bed,0,,13,64,8,0.16883116883116883,8,11,1889,0.006881948120698782,0.0010084555115972384
5m,300,btc-up-or-down-5m,btc-updown-5m,0x098f7368821bfbd2c0bb7ab64c53fd0a8f8791a8,0,,13,2,5,0.8666666666666667,8,5,114,0.11403508771929824,0.0010084555115972384
5m,300,btc-up-or-down-5m,btc-updown-5m,0x2528aa9add8a5cebcd634dc02bfd1eaa9213b041,0,,13,13,15,0.5,8,5,102,0.12745098039215685,0.0010084555115972384
5m,300,btc-up-or-down-5m,btc-updown-5m,0xebda3f756e02b3e0d7b96bf911e17c8cb464e856,0,,13,1,2,0.9285714285714286,8,5,59,0.22033898305084745,0.0010084555115972384
5m,300,btc-up-or-down-5m,btc-updown-5m,0xf9a70b138c8a85a1c0cc2e7749545e3c7ba648c3,0,,13,10,13,0.5652173913043478,8,6,187,0.06951871657754011,0.0010084555115972384
5m,300,btc-up-or-down-5m,btc-updown-5m,0x536be02af900fe046fa708c8059c04f737a2cee3,0,,13,14,24,0.48148148148148145,8,10,249,0.05220883534136546,0.0010084555115972384
5m,300,btc-up-or-down-5m,btc-updown-5m,0x1e881cfda71ff172d294f505d6f3526e33c2697d,0,,13,2,13,0.8666666666666667,8,4,90,0.14444444444444443,0.0010084555115972384
5m,300,btc-up-or-down-5m,btc-updown-5m,0xc4971261bf9e1468971f9b9637772dd812ceabd2,0,,13,9,5,0.5909090909090909,8,9,550,0.023636363636363636,0.0010084555115972384
5m,300,btc-up-or-down-5m,btc-updown-5m,0xc78b4c287aa3592052c554a3b6e301f0fbfd3568,0,,13,4,5,0.7647058823529411,8,7,143,0.09090909090909091,0.0010084555115972384
5m,300,btc-up-or-down-5m,btc-updown-5m,0x3a847382ad6fff9be1db4e073fd9b869f6884d44,0,,13,30,16,0.3023255813953488,8,3,370,0.03513513513513514,0.0010084555115972384
5m,300,btc-up-or-down-5m,btc-updown-5m,0x5fd2ddbd5c5d3f739b98c9456d76b5483d6d06b9,0,,13,5,17,0.7222222222222222,8,4,124,0.10483870967741936,0.0010084555115972384
5m,300,btc-up-or-down-5m,btc-updown-5m,0xaedf4c06e28e39153cfeebc88b1b922d622cd322,0,,13,13,13,0.5,8,1,44,0.29545454545454547,0.0010084555115972384
5m,300,btc-up-or-down-5m,btc-updown-5m,0x0a61277a69028e3334c895f4d904eb4dcaf327b1,0,,12,3,2,0.8,8,7,410,0.02926829268292683,0.0009308820107051431
5m,300,btc-up-or-down-5m,btc-updown-5m,0xe4c578e7864f911968677cb7bb7635c2f795c8ab,0,,12,19,14,0.3870967741935484,8,4,189,0.06349206349206349,0.0009308820107051431
5m,300,btc-up-or-down-5m,btc-updown-5m,0x3a7fe7453a9730ae4d6a51636dc23b250b3f3425,0,,12,11,10,0.5217391304347826,8,8,298,0.040268456375838924,0.0009308820107051431
5m,300,btc-up-or-down-5m,btc-updown-5m,0xbb369fa3d11a022a04fbfbcaf7bdc8e66d971bf7,0,,12,8,15,0.6,8,8,471,0.025477707006369428,0.0009308820107051431
5m,300,btc-up-or-down-5m,btc-updown-5m,0x57b26f88df8ac8f268f61646b604a01d6313ba67,0,,12,5,19,0.7058823529411765,8,7,347,0.0345821325648415,0.0009308820107051431
5m,300,btc-up-or-down-5m,btc-updown-5m,0xe56f6e60326e16fe08a5a6e96abcc9b227e1cbd5,0,,12,0,3,1.0,8,3,15,0.8,0.0009308820107051431
5m,300,btc-up-or-down-5m,btc-updown-5m,0x456e81e4142a03a6447dd793c8deef212a20a6e9,0,,12,8,3,0.6,8,11,451,0.026607538802660754,0.0009308820107051431
5m,300,btc-up-or-down-5m,btc-updown-5m,0x7de48cbd65ee3703f5532340df358dc377e4ddcd,0,,12,17,23,0.41379310344827586,8,7,214,0.056074766355140186,0.0009308820107051431
5m,300,btc-up-or-down-5m,btc-updown-5m,0xf8bcbe3b261f62e4741af39785579c8912f31523,0,,12,9,17,0.5714285714285714,8,9,278,0.04316546762589928,0.0009308820107051431
5m,300,btc-up-or-down-5m,btc-updown-5m,0x0f8a04f9fba0fc7a3416438ecec174b2102c2ec8,0,,12,3,2,0.8,8,8,117,0.10256410256410256,0.0009308820107051431
5m,300,btc-up-or-down-5m,btc-updown-5m,0x001cead3242b0936079bb346d19c77fc6337b98f,0,,12,5,7,0.7058823529411765,8,7,74,0.16216216216216217,0.0009308820107051431
5m,300,btc-up-or-down-5m,btc-updown-5m,0x7e50fcd133c93c60d1d358721d407bbc6b61c172,0,,12,3,5,0.8,8,4,28,0.42857142857142855,0.0009308820107051431
5m,300,btc-up-or-down-5m,btc-updown-5m,0xcca95e7f465638fd7efdc297f96312c0cf584da9,0,,12,7,3,0.631578947368421,8,6,620,0.01935483870967742,0.0009308820107051431
5m,300,btc-up-or-down-5m,btc-updown-5m,0x19925b0b9aeac747129e5dab38be5a9601d21529,0,,12,28,6,0.3,8,6,59,0.2033898305084746,0.0009308820107051431
5m,300,btc-up-or-down-5m,btc-updown-5m,0x665fddd41f1c64d76247bc26ab55617af1eddbb1,0,,12,15,11,0.4444444444444444,8,6,152,0.07894736842105263,0.0009308820107051431
5m,300,btc-up-or-down-5m,btc-updown-5m,0x2fee4b94a5ee564b836ca535cd2dcddce8d20b52,0,,12,5,6,0.7058823529411765,8,9,146,0.0821917808219178,0.0009308820107051431
5m,300,btc-up-or-down-5m,btc-updown-5m,0x2ff2aecc7a3c1e3e6d7ea7cc8c368786d73801b9,0,,12,2,3,0.8571428571428571,8,8,176,0.06818181818181818,0.0009308820107051431
5m,300,btc-up-or-down-5m,btc-updown-5m,0x2b55fc40fd5848af0586a0d812fd3d72015f5822,0,,12,13,22,0.48,8,8,202,0.0594059405940594,0.0009308820107051431
5m,300,btc-up-or-down-5m,btc-updown-5m,0xf022bfba7115c99ab0fc0483eff6c88da180010c,0,,12,0,7,1.0,8,6,19,0.631578947368421,0.0009308820107051431
5m,300,btc-up-or-down-5m,btc-updown-5m,0x0efc7b59d189bdf6ad83315a14eac45012a82eb8,0,,12,17,12,0.41379310344827586,8,2,32,0.375,0.0009308820107051431
5m,300,btc-up-or-down-5m,btc-updown-5m,0xc1e816d0b36379743e069cc427c69fe8a0d30b87,0,,12,9,16,0.5714285714285714,8,8,42,0.2857142857142857,0.0009308820107051431
5m,300,btc-up-or-down-5m,btc-updown-5m,0xff975ae134501b351839ab753a9f418c9f877350,0,,12,15,3,0.4444444444444444,8,6,119,0.10084033613445378,0.0009308820107051431
5m,300,btc-up-or-down-5m,btc-updown-5m,0x02ffc53e1a8837f74facd90cd0bda975106eb7f3,0,,12,18,12,0.4,8,4,167,0.0718562874251497,0.0009308820107051431
5m,300,btc-up-or-down-5m,btc-updown-5m,0x136ba0e34c30e7ed146000d57948e1bb9a92a4ff,0,,12,4,5,0.75,8,9,130,0.09230769230769231,0.0009308820107051431
5m,300,btc-up-or-down-5m,btc-updown-5m,0xa6e402def5c99fb60fac79a483e3ed18f2c331ef,0,,12,9,7,0.5714285714285714,8,5,144,0.08333333333333333,0.0009308820107051431
5m,300,btc-up-or-down-5m,btc-updown-5m,0xf62ec4939cb312a5decc685348ce61266317e2de,0,,11,10,13,0.5238095238095238,8,10,603,0.01824212271973466,0.0008533085098130479
5m,300,btc-up-or-down-5m,btc-updown-5m,0x9ce4901185188780948d2d2fe8529e20c953bbfd,0,,11,8,16,0.5789473684210527,8,9,1225,0.008979591836734694,0.0008533085098130479
5m,300,btc-up-or-down-5m,btc-updown-5m,0x7f051742d5da364e63a71fb95810cc60564f9b6b,0,,11,7,1,0.6111111111111112,8,3,56,0.19642857142857142,0.0008533085098130479
5m,300,btc-up-or-down-5m,btc-updown-5m,0x41ffbf84e3c0a698b0b7ca456f761efc0569faea,0,,11,4,4,0.7333333333333333,8,7,317,0.03470031545741325,0.0008533085098130479
5m,300,btc-up-or-down-5m,btc-updown-5m,0xb798fd5d803d52a15b2708d24b54c4216fe237ca,0,,11,5,5,0.6875,8,7,441,0.024943310657596373,0.0008533085098130479
5m,300,btc-up-or-down-5m,btc-updown-5m,0xba7267901889eb3f76f9b0096803e3b4cc611708,0,,11,5,0,0.6875,8,2,27,0.4074074074074074,0.0008533085098130479
5m,300,btc-up-or-down-5m,btc-updown-5m,0xe488fdf437ee76f16cc931b405447efc1a5c717e,0,,11,5,8,0.6875,8,5,47,0.23404255319148937,0.0008533085098130479
5m,300,btc-up-or-down-5m,btc-updown-5m,0xa0a5078359dad63993a868f6d2db82d3a7b3606f,0,,11,10,13,0.5238095238095238,8,4,135,0.08148148148148149,0.0008533085098130479
5m,300,btc-up-or-down-5m,btc-updown-5m,0xaf37c4830bede6069873bf99d228ab8c5aa63f73,0,,11,13,17,0.4583333333333333,8,7,302,0.03642384105960265,0.0008533085098130479
5m,300,btc-up-or-down-5m,btc-updown-5m,0xef741255e90a935b8d1313df42825f890aa80275,0,,11,5,1,0.6875,8,7,517,0.02127659574468085,0.0008533085098130479
5m,300,btc-up-or-down-5m,btc-updown-5m,0x01dfd71eae2d818c31464da778162de0342ea79a,0,,11,0,9,1.0,8,2,69,0.15942028985507245,0.0008533085098130479
5m,300,btc-up-or-down-5m,btc-updown-5m,0x0b480f5c86bafe31fd4a273876a420e0b5deb37d,0,,11,15,13,0.4230769230769231,8,6,314,0.03503184713375796,0.0008533085098130479
5m,300,btc-up-or-down-5m,btc-updown-5m,0xaad6d5801a277c9fb37e1f33c3027fb3da3d2f59,0,,11,5,6,0.6875,8,7,333,0.03303303303303303,0.0008533085098130479
5m,300,btc-up-or-down-5m,btc-updown-5m,0x6a99908fd414f63e4ecb8c46988fb29cd9cb9f77,0,,11,2,6,0.8461538461538461,8,5,60,0.18333333333333332,0.0008533085098130479
5m,300,btc-up-or-down-5m,btc-updown-5m,0xc2e6002616f066666fcb480bf7a84a8084c108dd,0,,11,4,2,0.7333333333333333,8,6,133,0.08270676691729323,0.0008533085098130479
5m,300,btc-up-or-down-5m,btc-updown-5m,0xec75ffdf53ebbeb0309d57263cc277555020e33c,0,,11,37,14,0.22916666666666666,8,10,702,0.01566951566951567,0.0008533085098130479
5m,300,btc-up-or-down-5m,btc-updown-5m,0xb868094f1da537a2bbb85e5a410264a8d08933cb,0,,11,1,0,0.9166666666666666,8,4,40,0.275,0.0008533085098130479
5m,300,btc-up-or-down-5m,btc-updown-5m,0x363e7649b74486417ab3bb997b6d12e8b6c3fad6,0,,11,1,9,0.9166666666666666,8,5,109,0.10091743119266056,0.0008533085098130479
5m,300,btc-up-or-down-5m,btc-updown-5m,0x3e8a01ef1281bdcf24e5f27d39e64ee169e20f61,0,,11,4,7,0.7333333333333333,8,9,319,0.034482758620689655,0.0008533085098130479
5m,300,btc-up-or-down-5m,btc-updown-5m,0xc1f2abc414b770e93226372a6fc7f42b52d149ea,0,,11,12,25,0.4782608695652174,8,9,430,0.02558139534883721,0.0008533085098130479
5m,300,btc-up-or-down-5m,btc-updown-5m,0x8d2a60e892515e10fd9637453f8fc868486a2d72,0,,11,4,9,0.7333333333333333,8,5,154,0.07142857142857142,0.0008533085098130479
5m,300,btc-up-or-down-5m,btc-updown-5m,0x663642bb998438eff92cdcab76502868271a1f2c,0,,11,3,12,0.7857142857142857,8,1,19,0.5789473684210527,0.0008533085098130479
5m,300,btc-up-or-down-5m,btc-updown-5m,0x94f3d751928e7954d9abf58f24f9fe89126a17e6,0,,11,1,0,0.9166666666666666,8,2,172,0.06395348837209303,0.0008533085098130479
5m,300,btc-up-or-down-5m,btc-updown-5m,0x18d636a161b7e1a280bb587ab6df153bfed0a3da,0,,11,1,11,0.9166666666666666,8,2,219,0.0502283105022831,0.0008533085098130479
5m,300,btc-up-or-down-5m,btc-updown-5m,0xa7b91cb9300e47959fbe5b3e68a1e6a0bfc14a66,0,,11,1,0,0.9166666666666666,8,2,15,0.7333333333333333,0.0008533085098130479
5m,300,btc-up-or-down-5m,btc-updown-5m,0x98991b3f9723bb240bf3564329769f63a81f387b,0,,11,1,1,0.9166666666666666,8,2,66,0.16666666666666666,0.0008533085098130479
5m,300,btc-up-or-down-5m,btc-updown-5m,0xce4659045d723656b9b5281de531874f8fba99fe,0,,10,4,4,0.7142857142857143,8,5,72,0.1388888888888889,0.0007757350089209526
5m,300,btc-up-or-down-5m,btc-updown-5m,0xaa9fa8bf1863b52e643a5db974ec62cdc82eaf22,0,,10,2,5,0.8333333333333334,8,8,299,0.033444816053511704,0.0007757350089209526
5m,300,btc-up-or-down-5m,btc-updown-5m,0x6ba6423efa6967480b2ddfa94ced25f876550eb0,0,,10,12,8,0.45454545454545453,8,7,379,0.026385224274406333,0.0007757350089209526
5m,300,btc-up-or-down-5m,btc-updown-5m,0xaf047564dd839132e6ed474bf0df1cf9f0891bf3,0,,10,22,10,0.3125,8,3,54,0.18518518518518517,0.0007757350089209526
5m,300,btc-up-or-down-5m,btc-updown-5m,0x16d5e7266b91a8c1968953b72cada3e390cb7c57,0,,10,18,15,0.35714285714285715,8,6,279,0.035842293906810034,0.0007757350089209526
5m,300,btc-up-or-down-5m,btc-updown-5m,0xda68a87336c42a35f816120411850e8d8c90fd49,0,,10,28,10,0.2631578947368421,8,6,132,0.07575757575757576,0.0007757350089209526
5m,300,btc-up-or-down-5m,btc-updown-5m,0x0bccbb75c829177c0ae1b91ad4d7740cb05c431b,0,,10,2,7,0.8333333333333334,8,4,79,0.12658227848101267,0.0007757350089209526
5m,300,btc-up-or-down-5m,btc-updown-5m,0xf6d7257cec044fc1a57e15d757a0b364f9298a5e,0,,10,8,1,0.5555555555555556,8,7,614,0.016286644951140065,0.0007757350089209526
5m,300,btc-up-or-down-5m,btc-updown-5m,0x327527be6361695406299f44a6895b5de1de8fa9,1,,10,23,23,0.30303030303030304,8,6,100,0.1,0.0007757350089209526
5m,300,btc-up-or-down-5m,btc-updown-5m,0x1c6139112c109115da3c4e58b4f03cf56069a720,0,,10,2,0,0.8333333333333334,8,4,65,0.15384615384615385,0.0007757350089209526
5m,300,btc-up-or-down-5m,btc-updown-5m,0x11d2e8c447b1262b6b6676d1020d1beb1b4bf611,0,,10,3,3,0.7692307692307693,8,6,215,0.046511627906976744,0.0007757350089209526
5m,300,btc-up-or-down-5m,btc-updown-5m,0x4c69097d4d2a4856a62b1799b5b3fc6e3e1dd64b,0,,10,2,1,0.8333333333333334,8,6,217,0.04608294930875576,0.0007757350089209526
5m,300,btc-up-or-down-5m,btc-updown-5m,0xf51d88e3521f7a2e80d93ba240d6f73a79c1ac47,0,,10,6,11,0.625,8,3,30,0.3333333333333333,0.0007757350089209526
5m,300,btc-up-or-down-5m,btc-updown-5m,0xfdf53ea1f64231a6884b890b148311c8debb12f3,0,,10,11,1,0.47619047619047616,8,6,60,0.16666666666666666,0.0007757350089209526
5m,300,btc-up-or-down-5m,btc-updown-5m,0xfe53bee61050fed30c9d6f9dd208560512dcedf4,0,,10,12,1,0.45454545454545453,8,6,40,0.25,0.0007757350089209526
5m,300,btc-up-or-down-5m,btc-updown-5m,0x46cc3b8d1ec6276be24ec36aa59736a1e002992c,0,,10,3,4,0.7692307692307693,8,6,96,0.10416666666666667,0.0007757350089209526
5m,300,btc-up-or-down-5m,btc-updown-5m,0x5c0798ad2064980aa7a9233ccff1212a74d5566c,0,,10,9,14,0.5263157894736842,8,3,51,0.19607843137254902,0.0007757350089209526
5m,300,btc-up-or-down-5m,btc-updown-5m,0xb151900947b96d4dfdb941da69b69d2b73273b93,0,,10,16,7,0.38461538461538464,8,3,138,0.07246376811594203,0.0007757350089209526
5m,300,btc-up-or-down-5m,btc-updown-5m,0x6281aed3343928d9fd55aeb4e3cb7f98976cbaf0,0,,10,9,11,0.5263157894736842,8,6,117,0.08547008547008547,0.0007757350089209526
5m,300,btc-up-or-down-5m,btc-updown-5m,0xb821abba9712400c200a5ad62a13455882948dff,0,,10,7,8,0.5882352941176471,8,8,281,0.03558718861209965,0.0007757350089209526
5m,300,btc-up-or-down-5m,btc-updown-5m,0x798f0f1bddb85a6aa365270ece4edf238d8c9c30,0,,10,10,6,0.5,8,6,277,0.036101083032490974,0.0007757350089209526
5m,300,btc-up-or-down-5m,btc-updown-5m,0xa1dc6a9b084697bfa029de1784e3c20d9bef4f72,0,,10,7,5,0.5882352941176471,8,6,249,0.040160642570281124,0.0007757350089209526
5m,300,btc-up-or-down-5m,btc-updown-5m,0xed9e231e5439386a078e0cc3933ee1a248343800,0,,10,8,15,0.5555555555555556,8,5,144,0.06944444444444445,0.0007757350089209526
5m,300,btc-up-or-down-5m,btc-updown-5m,0x70763397a576f03ad35c363d278bb6b6149bd3cd,0,,10,10,21,0.5,8,5,158,0.06329113924050633,0.0007757350089209526
5m,300,btc-up-or-down-5m,btc-updown-5m,0xb25e8bb2bcad3e22f2f37ca799c050ad6f3439aa,0,,10,5,6,0.6666666666666666,8,4,241,0.04149377593360996,0.0007757350089209526
5m,300,btc-up-or-down-5m,btc-updown-5m,0x8f5acc6db885218c44e90baaf0a719da70599ac9,0,,10,4,2,0.7142857142857143,8,2,16,0.625,0.0007757350089209526
5m,300,btc-up-or-down-5m,btc-updown-5m,0x40134bc0835d5c480524e51b3d55b01d700b4281,0,,10,3,1,0.7692307692307693,8,2,26,0.38461538461538464,0.0007757350089209526
5m,300,btc-up-or-down-5m,btc-updown-5m,0xa1e1f3a1564966d924e855c5e58501e650ea921e,0,,10,7,8,0.5882352941176471,8,4,131,0.07633587786259542,0.0007757350089209526
5m,300,btc-up-or-down-5m,btc-updown-5m,0x5c9790db58d4f9e7d8838fc9f561cd6a5c3f371c,0,,10,11,4,0.47619047619047616,8,2,34,0.29411764705882354,0.0007757350089209526
5m,300,btc-up-or-down-5m,btc-updown-5m,0xddaa07da69a0f71f7d0d7a654a430fa2f73c8766,0,,124,94,103,0.5688073394495413,7,50,813,0.15252152521525214,0.009619114110619812
5m,300,btc-up-or-down-5m,btc-updown-5m,0xb53e496c2e258aa2eb2808a9610ff217e4e5a73a,0,,81,83,47,0.49390243902439024,7,44,3603,0.022481265611990008,0.006283453572259716
5m,300,btc-up-or-down-5m,btc-updown-5m,0x67fedd6ece374bbf02cb60d27041580b589f6b32,0,,64,71,107,0.4740740740740741,7,27,665,0.0962406015037594,0.004964704057094096
5m,300,btc-up-or-down-5m,btc-updown-5m,0x160bf95fcf8e6c7b9f70b7f4348092dfaaccc8ec,0,,59,14,21,0.8082191780821918,7,18,46,1.2826086956521738,0.00457683655263362
5m,300,btc-up-or-down-5m,btc-updown-5m,0x5e9202272cd5bdc52fc8a4222e945d9d95ae9ead,0,,52,42,32,0.5531914893617021,7,41,931,0.055853920515574654,0.004033822046388954
5m,300,btc-up-or-down-5m,btc-updown-5m,0x856b32ad34da9e88fd28b16670d69b29d1c2e7b1,0,,48,32,23,0.6,7,30,2403,0.019975031210986267,0.0037235280428205724
5m,300,btc-up-or-down-5m,btc-updown-5m,0x298eb68da86ac1ce4f0676215038ba2a1fd38a75,0,,44,15,17,0.7457627118644068,7,12,44,1.0,0.0034132340392521916
5m,300,btc-up-or-down-5m,btc-updown-5m,0xacc5a58fd8f733d02b3c871f94168b73bbabe4b3,0,,43,19,20,0.6935483870967742,7,40,1138,0.037785588752196834,0.0033356605383600964
5m,300,btc-up-or-down-5m,btc-updown-5m,0xa95fb0749bba0a60f3eb7982cbe68113388da8c0,0,,41,13,12,0.7592592592592593,7,36,656,0.0625,0.0031805135365759055
5m,300,btc-up-or-down-5m,btc-updown-5m,0x942d10b74b0e2967b718bf8c6bde68ba7b90278e,0,,40,73,54,0.35398230088495575,7,3,40,1.0,0.0031029400356838103
5m,300,btc-up-or-down-5m,btc-updown-5m,0x0a67dce598eded48079fa02d3fa9745cd08988e2,0,,38,25,34,0.6031746031746031,7,18,627,0.06060606060606061,0.00294779303389962
5m,300,btc-up-or-down-5m,btc-updown-5m,0xc0fd07a838192fb5d30224d8c56a37291453721e,0,,37,6,4,0.8604651162790697,7,31,242,0.15289256198347106,0.0028702195330075246
5m,300,btc-up-or-down-5m,btc-updown-5m,0x6af38120a15db32547861c005bcf3265921f8ab2,0,,34,30,54,0.53125,7,12,803,0.04234122042341221,0.002637499030331239
5m,300,btc-up-or-down-5m,btc-updown-5m,0x4d6a54288ac7f797033de898b2bfadfff45ff6bf,0,,28,57,41,0.32941176470588235,7,5,96,0.2916666666666667,0.0021720580249786673
5m,300,btc-up-or-down-5m,btc-updown-5m,0x852eaa709e9e502489b3c3f6c967493342a9ca77,0,,27,22,17,0.5510204081632653,7,20,602,0.044850498338870434,0.002094484524086572
5m,300,btc-up-or-down-5m,btc-updown-5m,0x18d47ea15dc9967be1f19cd0635fa49522a59ae0,0,,27,20,14,0.574468085106383,7,12,338,0.07988165680473373,0.002094484524086572
5m,300,btc-up-or-down-5m,btc-updown-5m,0x5f7356f41a247375a68a8b76f743040fcf909845,0,,26,23,10,0.5306122448979592,7,24,941,0.02763018065887354,0.002016911023194477
5m,300,btc-up-or-down-5m,btc-updown-5m,0x83904a8afcd2860fe62e565f2c182b41f8883773,0,,25,18,7,0.5813953488372093,7,22,305,0.08196721311475409,0.0019393375223023814
5m,300,btc-up-or-down-5m,btc-updown-5m,0x91b06afa508ba291feef1de8331a302df5bd15d4,0,,24,11,4,0.6857142857142857,7,20,506,0.04743083003952569,0.0018617640214102862
5m,300,btc-up-or-down-5m,btc-updown-5m,0x89a050291fe4424aa6b5f9ee0c090af1ba2db8a2,0,,24,25,24,0.4897959183673469,7,14,371,0.0646900269541779,0.0018617640214102862
5m,300,btc-up-or-down-5m,btc-updown-5m,0x04b6d7e930cf9e493c5e6ef24b496294f95594c8,0,,23,38,24,0.3770491803278688,7,21,976,0.0235655737704918,0.001784190520518191
5m,300,btc-up-or-down-5m,btc-updown-5m,0xd43ed1e55d0efb6968ed5bbdae88aa6ee43fd858,0,,23,20,6,0.5348837209302325,7,16,465,0.04946236559139785,0.001784190520518191
5m,300,btc-up-or-down-5m,btc-updown-5m,0xbf3e350e8dcff777e78ec3dfa1282d0c6fc89a95,0,,23,21,21,0.5227272727272727,7,11,437,0.05263157894736842,0.001784190520518191
5m,300,btc-up-or-down-5m,btc-updown-5m,0x8fdb7f0db15f51904cdd3917000f812ec0de13c7,0,,22,6,5,0.7857142857142857,7,10,246,0.08943089430894309,0.0017066170196260958
5m,300,btc-up-or-down-5m,btc-updown-5m,0x1f0ebc543b2d411f66947041625c0aa1ce61cf86,0,,21,15,16,0.5833333333333334,7,15,2555,0.00821917808219178,0.0016290435187340006
5m,300,btc-up-or-down-5m,btc-updown-5m,0x981472bb9e456f4da72beca2756afae15a00a510,0,,21,25,16,0.45652173913043476,7,18,1500,0.014,0.0016290435187340006
5m,300,btc-up-or-down-5m,btc-updown-5m,0x48360768305b2c5465ae7fc758882bd03e76b7c1,0,,21,14,6,0.6,7,19,521,0.04030710172744722,0.0016290435187340006
5m,300,btc-up-or-down-5m,btc-updown-5m,0x128485a5431d5cc091e0aac21299a819fc370323,0,,21,18,28,0.5384615384615384,7,11,310,0.06774193548387097,0.0016290435187340006
5m,300,btc-up-or-down-5m,btc-updown-5m,0xd04102087f44705927fa86dc76cc2b2064630030,0,,21,10,8,0.6774193548387096,7,5,70,0.3,0.0016290435187340006
5m,300,btc-up-or-down-5m,btc-updown-5m,0x073124a8f2884c9cf75fe37e01f87ae906035194,0,,20,35,20,0.36363636363636365,7,15,669,0.029895366218236172,0.0015514700178419051
5m,300,btc-up-or-down-5m,btc-updown-5m,0x428a69e0073b1251b17c357bea7868a59da2406c,0,,20,14,22,0.5882352941176471,7,10,214,0.09345794392523364,0.0015514700178419051
5m,300,btc-up-or-down-5m,btc-updown-5m,0xe68395eadec36628c233b201e9dc2a2963888266,0,,20,16,19,0.5555555555555556,7,7,299,0.06688963210702341,0.0015514700178419051
5m,300,btc-up-or-down-5m,btc-updown-5m,0x35e4bee69e36dbd95e7c975cc185298d6545292c,0,,20,28,32,0.4166666666666667,7,6,370,0.05405405405405406,0.0015514700178419051
5m,300,btc-up-or-down-5m,btc-updown-5m,0xdbbc61e6569501c67718b43d952b634add163322,0,,19,17,15,0.5277777777777778,7,14,659,0.028831562974203338,0.00147389651694981
5m,300,btc-up-or-down-5m,btc-updown-5m,0x93c4cf598617d3670809d257ab46839da2afbc3d,0,,19,29,18,0.3958333333333333,7,12,2687,0.0070710829921845925,0.00147389651694981
5m,300,btc-up-or-down-5m,btc-updown-5m,0xb8e8b5d7f9588de1498ce4989d62820cd6ad8dab,0,,19,7,6,0.7307692307692307,7,16,1427,0.013314646110721794,0.00147389651694981
5m,300,btc-up-or-down-5m,btc-updown-5m,0xea000451da2051437a8e99a0efbd6b4546afca74,0,,19,16,8,0.5428571428571428,7,15,725,0.02620689655172414,0.00147389651694981
5m,300,btc-up-or-down-5m,btc-updown-5m,0xaf75bddb7c799ab651bf4cb2940ca246e9ef68c9,0,,19,7,13,0.7307692307692307,7,4,118,0.16101694915254236,0.00147389651694981
5m,300,btc-up-or-down-5m,btc-updown-5m,0x485a8fb981cf3c4337af43ca27ddfdf61aa73e92,0,,18,15,20,0.5454545454545454,7,10,2835,0.006349206349206349,0.0013963230160577147
5m,300,btc-up-or-down-5m,btc-updown-5m,0xe3a1ddba1f74c739ee657a1fd5c696209be1c876,0,,18,19,11,0.4864864864864865,7,9,354,0.05084745762711865,0.0013963230160577147
5m,300,btc-up-or-down-5m,btc-updown-5m,0x97549b2ae00e0ac550bc563a15b2ee1995915757,0,,18,0,2,1.0,7,3,58,0.3103448275862069,0.0013963230160577147
5m,300,btc-up-or-down-5m,btc-updown-5m,0xe477431e51db5d608f3ef3249186d56ec6d28c6d,0,,18,0,3,1.0,7,3,62,0.2903225806451613,0.0013963230160577147
5m,300,btc-up-or-down-5m,btc-updown-5m,0xd7e71e9b1c9d5e428e94906660c5a94537e51150,0,,17,21,14,0.4473684210526316,7,13,1315,0.012927756653992395,0.0013187495151656195
5m,300,btc-up-or-down-5m,btc-updown-5m,0x65158a5fac7c693428a6fbbfcfdf183d48a93d8e,0,,17,20,23,0.4594594594594595,7,12,525,0.03238095238095238,0.0013187495151656195
5m,300,btc-up-or-down-5m,btc-updown-5m,0x8091b6d936128147770d30325888734cc1742d5b,0,,17,12,21,0.5862068965517241,7,16,646,0.02631578947368421,0.0013187495151656195
5m,300,btc-up-or-down-5m,btc-updown-5m,0xe134137030ea0582e6fc84e6c34d5b804e5db4a7,0,,17,11,3,0.6071428571428571,7,3,71,0.23943661971830985,0.0013187495151656195
5m,300,btc-up-or-down-5m,btc-updown-5m,0xe03d1d51ea49329583d3c39b0d4f12666077589c,0,,17,2,2,0.8947368421052632,7,4,72,0.2361111111111111,0.0013187495151656195
5m,300,btc-up-or-down-5m,btc-updown-5m,0xf9c20f9e63f619cd919cb498b965435ce9511b14,0,,17,9,22,0.6538461538461539,7,2,92,0.18478260869565216,0.0013187495151656195
5m,300,btc-up-or-down-5m,btc-updown-5m,0x0678fc12d592642a4399b1174f83538ff1bda565,0,,16,8,13,0.6666666666666666,7,11,291,0.054982817869415807,0.001241176014273524
5m,300,btc-up-or-down-5m,btc-updown-5m,0x851b9e4a03cc8aa5bfa56181df7cfe5e96e896f6,0,,16,11,8,0.5925925925925926,7,11,673,0.0237741456166419,0.001241176014273524
5m,300,btc-up-or-down-5m,btc-updown-5m,0x0b9353aea88d01ed1912013b435dd39947d0a6cc,0,,16,20,21,0.4444444444444444,7,7,854,0.01873536299765808,0.001241176014273524
5m,300,btc-up-or-down-5m,btc-updown-5m,0x073e8a24024b38d69a2723a9dac1ffdaeb658416,0,,16,13,9,0.5517241379310345,7,10,706,0.0226628895184136,0.001241176014273524
5m,300,btc-up-or-down-5m,btc-updown-5m,0x2cbbadf765ce1c989c82060e8824e39a4fa4ddff,0,,16,4,7,0.8,7,10,434,0.03686635944700461,0.001241176014273524
5m,300,btc-up-or-down-5m,btc-updown-5m,0xa447cd63872c3b62914864e9db96e9979052fe26,0,,16,21,8,0.43243243243243246,7,14,725,0.022068965517241378,0.001241176014273524
5m,300,btc-up-or-down-5m,btc-updown-5m,0x5ed80437ecc55ad71260e71e0c2a8bd9e73b303d,0,,16,6,5,0.7272727272727273,7,5,138,0.11594202898550725,0.001241176014273524
5m,300,btc-up-or-down-5m,btc-updown-5m,0xd6f30de8d6bf98cb398fce174f949508f663363a,0,,16,12,14,0.5714285714285714,7,6,155,0.1032258064516129,0.001241176014273524
5m,300,btc-up-or-down-5m,btc-updown-5m,0x8ed18a7ebc281252f6d5a5522cd3df60f9467383,0,,16,0,1,1.0,7,4,69,0.2318840579710145,0.001241176014273524
5m,300,btc-up-or-down-5m,btc-updown-5m,0x6e69897ef011e275168ffff39b74ff5e2fd76e36,0,,16,4,12,0.8,7,4,157,0.10191082802547771,0.001241176014273524
5m,300,btc-up-or-down-5m,btc-updown-5m,0x39bbba58db06532642b1a48b6ac4fad966df9adf,0,,16,2,13,0.8888888888888888,7,2,157,0.10191082802547771,0.001241176014273524
5m,300,btc-up-or-down-5m,btc-updown-5m,0x07df985c7e9c6cafeaa0e4a92c4a80db0fc68be6,0,,16,15,15,0.5161290322580645,7,1,22,0.7272727272727273,0.001241176014273524
5m,300,btc-up-or-down-5m,btc-updown-5m,0x0f16e527dbde3055ee72f33995a489ae464dd032,0,,15,16,3,0.4838709677419355,7,13,371,0.04043126684636118,0.0011636025133814289
5m,300,btc-up-or-down-5m,btc-updown-5m,0x0b1374edcb4a107653a2f54d4e9a03ab63b56a1a,0,,15,12,18,0.5555555555555556,7,14,927,0.016181229773462782,0.0011636025133814289
5m,300,btc-up-or-down-5m,btc-updown-5m,0x1025de39c6231d012d167e845c3f0c98487f4c67,0,,15,15,26,0.5,7,14,447,0.03355704697986577,0.0011636025133814289
5m,300,btc-up-or-down-5m,btc-updown-5m,0x6b113c07cf588a5be33c04ec2c52a59187802080,0,,15,14,18,0.5172413793103449,7,14,954,0.015723270440251572,0.0011636025133814289
5m,300,btc-up-or-down-5m,btc-updown-5m,0x87cda5b07509c829a2ce5935cc46c3a7891360d7,0,,15,21,10,0.4166666666666667,7,12,524,0.02862595419847328,0.0011636025133814289
5m,300,btc-up-or-down-5m,btc-updown-5m,0x5f231a3868c0f374933a074b02184a0ddc9875bd,0,,15,9,7,0.625,7,11,942,0.01592356687898089,0.0011636025133814289
5m,300,btc-up-or-down-5m,btc-updown-5m,0x38e639a6dfc20b3e4a7be3e21a34ced86db34ca6,1,,15,13,24,0.5357142857142857,7,14,818,0.018337408312958436,0.0011636025133814289
5m,300,btc-up-or-down-5m,btc-updown-5m,0x68765ae50c08a1834040e9a035de1ac6d6da0fd0,0,,15,5,5,0.75,7,10,192,0.078125,0.0011636025133814289
5m,300,btc-up-or-down-5m,btc-updown-5m,0x74d0702e2620584244c5107307289125e7f579ce,0,,15,10,11,0.6,7,7,534,0.028089887640449437,0.0011636025133814289
5m,300,btc-up-or-down-5m,btc-updown-5m,0x1008100f3a03494ebd4aed9f62ed734bff1e9652,0,,15,3,11,0.8333333333333334,7,3,9,1.6666666666666667,0.0011636025133814289
5m,300,btc-up-or-down-5m,btc-updown-5m,0xc001a1dff6072c35556988a7d79f2eb82f9edbd1,0,,15,1,1,0.9375,7,2,76,0.19736842105263158,0.0011636025133814289
5m,300,btc-up-or-down-5m,btc-updown-5m,0x6cb2935e6a8a834778ee3211e211e8169501752a,0,,15,4,0,0.7894736842105263,7,2,30,0.5,0.0011636025133814289
5m,300,btc-up-or-down-5m,btc-updown-5m,0x6e0b86d5805655924ab55c4bc43937cc7c5d731f,0,,14,7,5,0.6666666666666666,7,4,27,0.5185185185185185,0.0010860290124893336
5m,300,btc-up-or-down-5m,btc-updown-5m,0x2de9a90790d8eae4b6061e2d80c54404587a5289,0,,14,13,22,0.5185185185185185,7,10,1719,0.008144269924374637,0.0010860290124893336
5m,300,btc-up-or-down-5m,btc-updown-5m,0x0cf773a21b04b9f267fea95a87813f74ca0cf03a,0,,14,15,24,0.4827586206896552,7,11,754,0.01856763925729443,0.0010860290124893336
5m,300,btc-up-or-down-5m,btc-updown-5m,0x5324f1faed28584fc6178843dc6f3591ffd44792,0,,14,0,3,1.0,7,9,323,0.043343653250773995,0.0010860290124893336
5m,300,btc-up-or-down-5m,btc-updown-5m,0x4b4669f3ccabb5bc16b22b19f3cd26a1c3ffedd8,0,,14,9,3,0.6086956521739131,7,13,260,0.05384615384615385,0.0010860290124893336
5m,300,btc-up-or-down-5m,btc-updown-5m,0xc3321ead44f4b4422b15e9626c1d5c81846d0661,0,,14,9,12,0.6086956521739131,7,12,319,0.0438871473354232,0.0010860290124893336
5m,300,btc-up-or-down-5m,btc-updown-5m,0x617051f55dadfd5c5b6603d31412756a668bda27,0,,14,0,0,1.0,7,1,87,0.16091954022988506,0.0010860290124893336
5m,300,btc-up-or-down-5m,btc-updown-5m,0x5d18d4f624326944576649fb3ad7e58ab3b11cf2,0,,14,1,3,0.9333333333333333,7,1,48,0.2916666666666667,0.0010860290124893336
5m,300,btc-up-or-down-5m,btc-updown-5m,0x44547ab4e076d346d42467356448ec6cdd519d5f,0,,13,14,27,0.48148148148148145,7,10,307,0.04234527687296417,0.0010084555115972384
5m,300,btc-up-or-down-5m,btc-updown-5m,0xbab500e480049053aa166181447954e1e8ac4725,0,,13,0,1,1.0,7,7,68,0.19117647058823528,0.0010084555115972384
5m,300,btc-up-or-down-5m,btc-updown-5m,0xa92d8e349e2a028b933195af8fedc2298f3091bf,0,,13,2,6,0.8666666666666667,7,3,27,0.48148148148148145,0.0010084555115972384
5m,300,btc-up-or-down-5m,btc-updown-5m,0x052aa75b99246f5b88a6287d33d307866580ffd9,0,,13,6,5,0.6842105263157895,7,9,106,0.12264150943396226,0.0010084555115972384
5m,300,btc-up-or-down-5m,btc-updown-5m,0xe83944c45db41f383a1670529a9ac888f250f641,0,,13,39,33,0.25,7,8,59,0.22033898305084745,0.0010084555115972384
5m,300,btc-up-or-down-5m,btc-updown-5m,0xc90ebd2a7cc3a08f748d2da1608bcefe133f2a62,0,,13,5,3,0.7222222222222222,7,5,165,0.07878787878787878,0.0010084555115972384
5m,300,btc-up-or-down-5m,btc-updown-5m,0xeaa12f18accacc8bdd7bfdee835c283b67525e5f,0,,13,17,10,0.43333333333333335,7,9,189,0.06878306878306878,0.0010084555115972384
5m,300,btc-up-or-down-5m,btc-updown-5m,0xda1753e3a24c4240c8972c0e9434537e7ad58a4a,0,,13,11,3,0.5416666666666666,7,11,323,0.04024767801857585,0.0010084555115972384
5m,300,btc-up-or-down-5m,btc-updown-5m,0xd5cdd6ef682e2f718b286342ab506cf92dc16ce5,0,,13,4,10,0.7647058823529411,7,5,57,0.22807017543859648,0.0010084555115972384
5m,300,btc-up-or-down-5m,btc-updown-5m,0xf17b3b3eb4bffa8ecbc12a653ec67986dd06de55,0,,13,1,1,0.9285714285714286,7,3,10,1.3,0.0010084555115972384
5m,300,btc-up-or-down-5m,btc-updown-5m,0xeec7972f771467fa8eae5a908cbbcec23a5c2fa1,0,,13,30,20,0.3023255813953488,7,11,616,0.021103896103896104,0.0010084555115972384
5m,300,btc-up-or-down-5m,btc-updown-5m,0x5e8a3474466c03f08b6bf317db2bb461f8081165,0,,13,0,1,1.0,7,2,6,2.1666666666666665,0.0010084555115972384
5m,300,btc-up-or-down-5m,btc-updown-5m,0xe5edc5997b3546d69bce8e59efb50c0a44c3f474,0,,13,16,11,0.4482758620689655,7,9,161,0.08074534161490683,0.0010084555115972384
5m,300,btc-up-or-down-5m,btc-updown-5m,0x3204d382ea14278e1941f3a1811433d7ff71d5c9,0,,13,1,1,0.9285714285714286,7,1,12,1.0833333333333333,0.0010084555115972384
5m,300,btc-up-or-down-5m,btc-updown-5m,0xe77585cacd91e3a32894cabce4512919f73aa8fd,0,,12,3,11,0.8,7,2,37,0.32432432432432434,0.0009308820107051431
5m,300,btc-up-or-down-5m,btc-updown-5m,0xe28c84fcc77f87321d1cd9a834fd8b815227aca4,0,,12,11,13,0.5217391304347826,7,7,232,0.05172413793103448,0.0009308820107051431
5m,300,btc-up-or-down-5m,btc-updown-5m,0x5a5f2a92b5ae52057c77df39f13dd6e743e70f45,0,,12,1,2,0.9230769230769231,7,7,28,0.42857142857142855,0.0009308820107051431
5m,300,btc-up-or-down-5m,btc-updown-5m,0x5ca0d8ed3a35655557caa5e3768bddd32639a39e,0,,12,12,16,0.5,7,7,580,0.020689655172413793,0.0009308820107051431
5m,300,btc-up-or-down-5m,btc-updown-5m,0x8eabc883ddd755fee2b1b02d4093c2dbcd9c926a,0,,12,1,7,0.9230769230769231,7,11,236,0.05084745762711865,0.0009308820107051431
5m,300,btc-up-or-down-5m,btc-updown-5m,0x06c9301b9ec5ca19f55d4175da8dd19140987035,0,,12,6,6,0.6666666666666666,7,4,84,0.14285714285714285,0.0009308820107051431
5m,300,btc-up-or-down-5m,btc-updown-5m,0xed37fbb764e6cf402413f7c0706c861d6f56da3b,0,,12,0,13,1.0,7,7,170,0.07058823529411765,0.0009308820107051431
5m,300,btc-up-or-down-5m,btc-updown-5m,0x39e62f27e08c22557c08897fc2a2942fb369356a,0,,12,10,12,0.5454545454545454,7,9,389,0.030848329048843187,0.0009308820107051431
5m,300,btc-up-or-down-5m,btc-updown-5m,0x11c337887831ea234b17c56b5c3a412755752555,0,,12,22,20,0.35294117647058826,7,6,227,0.05286343612334802,0.0009308820107051431
5m,300,btc-up-or-down-5m,btc-updown-5m,0x6804aaca2832048bd598f545ee9db2ba70344b99,0,,12,1,5,0.9230769230769231,7,5,83,0.14457831325301204,0.0009308820107051431
5m,300,btc-up-or-down-5m,btc-updown-5m,0x3ca98111dba762b788a259fc73bc2e1c60cf5a20,0,,12,2,24,0.8571428571428571,7,2,81,0.14814814814814814,0.0009308820107051431
5m,300,btc-up-or-down-5m,btc-updown-5m,0x7510fd6366a8e88f40bf74d188389859a5b653cb,0,,12,7,10,0.631578947368421,7,3,43,0.27906976744186046,0.0009308820107051431
5m,300,btc-up-or-down-5m,btc-updown-5m,0x0c0b749b6a90e8b37533c0f83db0f8df41a46813,0,,12,22,30,0.35294117647058826,7,4,76,0.15789473684210525,0.0009308820107051431
5m,300,btc-up-or-down-5m,btc-updown-5m,0x6fece6a3fbd48238b0181c96212077fbac5a047c,0,,12,9,6,0.5714285714285714,7,3,74,0.16216216216216217,0.0009308820107051431
5m,300,btc-up-or-down-5m,btc-updown-5m,0x82ffc1b6d5c6a098d8cd724008d230fabeaecec0,0,,12,7,2,0.631578947368421,7,3,110,0.10909090909090909,0.0009308820107051431
5m,300,btc-up-or-down-5m,btc-updown-5m,0xca01ebc12d373595bebf2989a6873e09ba3f0965,0,,12,19,23,0.3870967741935484,7,10,342,0.03508771929824561,0.0009308820107051431
5m,300,btc-up-or-down-5m,btc-updown-5m,0xf8edbda230c8fc7153ecd3ae61d80a33c3cdd555,0,,12,1,1,0.9230769230769231,7,2,3,4.0,0.0009308820107051431
5m,300,btc-up-or-down-5m,btc-updown-5m,0xa3f935bf7b6e21661b849cd62abf0e887ec00975,0,,12,5,2,0.7058823529411765,7,2,305,0.03934426229508197,0.0009308820107051431
5m,300,btc-up-or-down-5m,btc-updown-5m,0x6bbea4d90ec8683cc7e4c0e0e811c759a6c55029,0,,12,22,30,0.35294117647058826,7,3,69,0.17391304347826086,0.0009308820107051431
5m,300,btc-up-or-down-5m,btc-updown-5m,0xfdb211066740e0b2b47bc4bf3cddc639ba382c8c,0,,12,0,4,1.0,7,3,86,0.13953488372093023,0.0009308820107051431
5m,300,btc-up-or-down-5m,btc-updown-5m,0xb84ca82c50dace8ee6f545ad80a3396d35654e3c,0,,12,10,20,0.5454545454545454,7,1,82,0.14634146341463414,0.0009308820107051431
5m,300,btc-up-or-down-5m,btc-updown-5m,0x2f8ce8dbbd03c89ce7d41200f9eb5aede229fbf2,0,,12,8,0,0.6,7,1,21,0.5714285714285714,0.0009308820107051431
5m,300,btc-up-or-down-5m,btc-updown-5m,0xbaf936c50d1b9e1110101e9c06d56c7e2511a4e7,0,,11,17,20,0.39285714285714285,7,11,793,0.013871374527112233,0.0008533085098130479
5m,300,btc-up-or-down-5m,btc-updown-5m,0x7a5302359b6eaf32f8f15931517e46431e4fd2e7,0,,11,1,6,0.9166666666666666,7,3,40,0.275,0.0008533085098130479
5m,300,btc-up-or-down-5m,btc-updown-5m,0xc32ac51b1e82cbc4b562bbf5a9005a7b1a1df2bb,0,,11,8,14,0.5789473684210527,7,6,176,0.0625,0.0008533085098130479
5m,300,btc-up-or-down-5m,btc-updown-5m,0x98c167314109da2d9c20589991243d9bb131bac6,0,,11,1,3,0.9166666666666666,7,7,337,0.032640949554896145,0.0008533085098130479
5m,300,btc-up-or-down-5m,btc-updown-5m,0xe2bb7d3df48b0bf39fedb86af7cdf5b194a40753,0,,11,44,26,0.2,7,7,57,0.19298245614035087,0.0008533085098130479
5m,300,btc-up-or-down-5m,btc-updown-5m,0xdd49e9cca9892961c8acdb5fdf9c2905e38ae12c,0,,11,3,0,0.7857142857142857,7,3,76,0.14473684210526316,0.0008533085098130479
5m,300,btc-up-or-down-5m,btc-updown-5m,0x272f1f8542de84d04e6ae1edb944d7bf1a4384f9,0,,11,28,19,0.28205128205128205,7,6,264,0.041666666666666664,0.0008533085098130479
5m,300,btc-up-or-down-5m,btc-updown-5m,0x531900220a6a24906f117db689097b2f39866198,0,,11,22,13,0.3333333333333333,7,3,78,0.14102564102564102,0.0008533085098130479
5m,300,btc-up-or-down-5m,btc-updown-5m,0x3d57651401f658649dd3aefece66531fb1ef2b4e,0,,11,6,11,0.6470588235294118,7,6,119,0.09243697478991597,0.0008533085098130479
5m,300,btc-up-or-down-5m,btc-updown-5m,0xf8e91111a4570fca246294f198edae157b7aafe6,0,,11,10,11,0.5238095238095238,7,2,62,0.1774193548387097,0.0008533085098130479
5m,300,btc-up-or-down-5m,btc-updown-5m,0xd00ec704917cbee7ba6ef6270d098e180a5ca0ba,0,,11,10,2,0.5238095238095238,7,8,350,0.03142857142857143,0.0008533085098130479
5m,300,btc-up-or-down-5m,btc-updown-5m,0xb6e9b13eff71f87342e8baeff56ae2afb3b53008,0,,11,17,11,0.39285714285714285,7,9,886,0.012415349887133182,0.0008533085098130479
5m,300,btc-up-or-down-5m,btc-updown-5m,0xc7b952d5fb799c37006911a6ec01781b36c808e7,0,,11,19,7,0.36666666666666664,7,9,489,0.022494887525562373,0.0008533085098130479
5m,300,btc-up-or-down-5m,btc-updown-5m,0x36eede9c79041ef5f771fc8a9bde4c4d4a62b8bf,0,,11,10,12,0.5238095238095238,7,10,503,0.02186878727634195,0.0008533085098130479
5m,300,btc-up-or-down-5m,btc-updown-5m,0x2c3cd2e6131f823c9a418394cf12249a3bc64683,0,,11,22,18,0.3333333333333333,7,8,110,0.1,0.0008533085098130479
5m,300,btc-up-or-down-5m,btc-updown-5m,0xfef1be7849c3bad54f4ef8648b511c3e7d96128d,0,,11,17,3,0.39285714285714285,7,2,78,0.14102564102564102,0.0008533085098130479
5m,300,btc-up-or-down-5m,btc-updown-5m,0xaeb81d4cd0c55158b6629f2b5836b22493996c02,0,,11,43,13,0.2037037037037037,7,2,75,0.14666666666666667,0.0008533085098130479
5m,300,btc-up-or-down-5m,btc-updown-5m,0x43ac87e45cc44f08665a41111c42ea523f13ef04,0,,11,12,6,0.4782608695652174,7,9,145,0.07586206896551724,0.0008533085098130479
5m,300,btc-up-or-down-5m,btc-updown-5m,0x2bab934c28df10f47cf8f23aefc15b4939c57367,0,,11,4,2,0.7333333333333333,7,4,136,0.08088235294117647,0.0008533085098130479
5m,300,btc-up-or-down-5m,btc-updown-5m,0xbc9ec4e39a514b6ea5d99d8d706a7ab79a18851d,0,,11,0,4,1.0,7,3,30,0.36666666666666664,0.0008533085098130479
5m,300,btc-up-or-down-5m,btc-updown-5m,0x91432313ca44aac4153787808c374494ed6b77f8,0,,11,6,11,0.6470588235294118,7,7,284,0.03873239436619718,0.0008533085098130479
5m,300,btc-up-or-down-5m,btc-updown-5m,0xf3714c8a643b25fe73d20c57a0aa16b5a31d9812,0,,11,15,8,0.4230769230769231,7,5,118,0.09322033898305085,0.0008533085098130479
5m,300,btc-up-or-down-5m,btc-updown-5m,0xb41c7dadffb5984d0769be9ffd247449cd622f0d,0,,11,3,6,0.7857142857142857,7,7,97,0.1134020618556701,0.0008533085098130479
5m,300,btc-up-or-down-5m,btc-updown-5m,0xddea36f12a3babf31d5c2a5018e4210c3f07db30,0,,11,8,6,0.5789473684210527,7,7,334,0.03293413173652695,0.0008533085098130479
5m,300,btc-up-or-down-5m,btc-updown-5m,0xc2002a66a2e2eaac658c3029996fe140563868a0,0,,11,18,14,0.3793103448275862,7,7,1199,0.009174311926605505,0.0008533085098130479
5m,300,btc-up-or-down-5m,btc-updown-5m,0x21ada671419436510f5d0dd444b2910d7d05dffe,0,,11,35,22,0.2391304347826087,7,6,333,0.03303303303303303,0.0008533085098130479
5m,300,btc-up-or-down-5m,btc-updown-5m,0x20360f0e4ec2459439fc12fe45ecc0dd00549ebc,0,,11,3,12,0.7857142857142857,7,1,8,1.375,0.0008533085098130479
5m,300,btc-up-or-down-5m,btc-updown-5m,0x449094df098c26bace4cb0858949581cf214b480,0,,11,7,10,0.6111111111111112,7,5,343,0.03206997084548105,0.0008533085098130479
5m,300,btc-up-or-down-5m,btc-updown-5m,0x5e60d871c2d646de185e541290689b727ef0e468,0,,11,15,14,0.4230769230769231,7,4,108,0.10185185185185185,0.0008533085098130479
5m,300,btc-up-or-down-5m,btc-updown-5m,0xa62b6969d15ba8f91a6f6642dc0194ec851d0f85,0,,11,1,8,0.9166666666666666,7,1,8,1.375,0.0008533085098130479
5m,300,btc-up-or-down-5m,btc-updown-5m,0x1eb41efdb76046c1b36eda7c2131d5dfeb4a3082,0,,11,1,1,0.9166666666666666,7,4,47,0.23404255319148937,0.0008533085098130479
5m,300,btc-up-or-down-5m,btc-updown-5m,0x2429f482094fcfe710d6b97a786c0838c08c7b51,0,,11,11,9,0.5,7,5,559,0.01967799642218247,0.0008533085098130479
5m,300,btc-up-or-down-5m,btc-updown-5m,0x8e9fbf5117e7ebee12d2fa1d0ebe77b8b67c56b9,0,,11,2,1,0.8461538461538461,7,6,130,0.08461538461538462,0.0008533085098130479
5m,300,btc-up-or-down-5m,btc-updown-5m,0x4ed1dfc5867223a028ce27f1eebaaf031f5707dd,0,,11,1,8,0.9166666666666666,7,2,192,0.057291666666666664,0.0008533085098130479
5m,300,btc-up-or-down-5m,btc-updown-5m,0x524cdf8284dd24a25148066f58ca9e2ce8e39ee3,0,,10,7,6,0.5882352941176471,7,7,1153,0.008673026886383347,0.0007757350089209526
5m,300,btc-up-or-down-5m,btc-updown-5m,0xf4fe5810db87a1af4cf9caf201314b1bc420b0a5,0,,10,6,5,0.625,7,2,58,0.1724137931034483,0.0007757350089209526
5m,300,btc-up-or-down-5m,btc-updown-5m,0x567c07e1fbf9ab5dc19532fdff172a178737bade,0,,10,12,16,0.45454545454545453,7,9,631,0.01584786053882726,0.0007757350089209526
5m,300,btc-up-or-down-5m,btc-updown-5m,0x383b282bbe279bc1a35b834ff7a94a8e0bd3ef1b,0,,10,2,14,0.8333333333333334,7,4,14,0.7142857142857143,0.0007757350089209526
5m,300,btc-up-or-down-5m,btc-updown-5m,0xdc82674d1a1eb688217ba2a5764a8827e5dec0bb,0,,10,0,4,1.0,7,6,229,0.043668122270742356,0.0007757350089209526
5m,300,btc-up-or-down-5m,btc-updown-5m,0x2c3ef176341ced9b0c5456d355d58fc0832e282d,0,,10,3,19,0.7692307692307693,7,8,100,0.1,0.0007757350089209526
5m,300,btc-up-or-down-5m,btc-updown-5m,0xd8bb35a3af407c95ae1fca3f9da752065ce28b79,0,,10,4,6,0.7142857142857143,7,9,104,0.09615384615384616,0.0007757350089209526
5m,300,btc-up-or-down-5m,btc-updown-5m,0x6ff8b62ea521deda33726a16fe75da122366ad59,0,,10,7,7,0.5882352941176471,7,7,381,0.026246719160104987,0.0007757350089209526
5m,300,btc-up-or-down-5m,btc-updown-5m,0xa738285bdaa601d72b0920176e8ac30abbef07c1,0,,10,33,16,0.23255813953488372,7,9,1547,0.006464124111182934,0.0007757350089209526
5m,300,btc-up-or-down-5m,btc-updown-5m,0xa9a99245127b51ac0fad94c1d15ec2d23a055c31,0,,10,21,22,0.3225806451612903,7,8,371,0.026954177897574125,0.0007757350089209526
5m,300,btc-up-or-down-5m,btc-updown-5m,0x9dec192a5eff070c5105ed6edc28f5ca3c27d734,0,,10,7,7,0.5882352941176471,7,9,211,0.04739336492890995,0.0007757350089209526
5m,300,btc-up-or-down-5m,btc-updown-5m,0x43692fa3df63da0c9b001c67e8224fac6c1d4e97,0,,10,9,5,0.5263157894736842,7,6,120,0.08333333333333333,0.0007757350089209526
5m,300,btc-up-or-down-5m,btc-updown-5m,0x93480ebf63946a1f13c26eedb9f3caf7e7dd6664,0,,10,13,12,0.43478260869565216,7,8,441,0.022675736961451247,0.0007757350089209526
5m,300,btc-up-or-down-5m,btc-updown-5m,0xa0119030c2929ad20d605e01100efa0d20d2c036,0,,10,2,5,0.8333333333333334,7,6,147,0.06802721088435375,0.0007757350089209526
5m,300,btc-up-or-down-5m,btc-updown-5m,0xe4a656d00afd0a247ca021413f14efc60198c61a,0,,10,6,10,0.625,7,8,388,0.02577319587628866,0.0007757350089209526
5m,300,btc-up-or-down-5m,btc-updown-5m,0x639df1ee9bc0f016673bd78609c0bd01e68e4777,0,,10,2,1,0.8333333333333334,7,5,41,0.24390243902439024,0.0007757350089209526
5m,300,btc-up-or-down-5m,btc-updown-5m,0x5db77e6453ca5d12ce98d6b648201b069565e9a0,0,,10,6,3,0.625,7,7,158,0.06329113924050633,0.0007757350089209526
5m,300,btc-up-or-down-5m,btc-updown-5m,0xa1616281f2955a7b87270a5bfa9fcdf51800f18d,0,,10,6,11,0.625,7,5,290,0.034482758620689655,0.0007757350089209526
5m,300,btc-up-or-down-5m,btc-updown-5m,0x2a6e65b579b905dda6f9dd308de8e074139916a6,0,,10,3,0,0.7692307692307693,7,3,53,0.18867924528301888,0.0007757350089209526
5m,300,btc-up-or-down-5m,btc-updown-5m,0x656042879244fd31d1c76fbae6fa73253a41a3db,0,,10,6,8,0.625,7,8,209,0.04784688995215311,0.0007757350089209526
5m,300,btc-up-or-down-5m,btc-updown-5m,0xc04f1d1227b749a613b821ae200d4dd565dc0b0c,0,,10,1,10,0.9090909090909091,7,4,99,0.10101010101010101,0.0007757350089209526
5m,300,btc-up-or-down-5m,btc-updown-5m,0x4bed5ef3c10515bef57a77a669bb3a97c82fc701,0,,10,0,1,1.0,7,2,116,0.08620689655172414,0.0007757350089209526
5m,300,btc-up-or-down-5m,btc-updown-5m,0x84029bf30851bd536005fa73e0c3a94a4e56f4a5,0,,10,11,11,0.47619047619047616,7,8,978,0.010224948875255624,0.0007757350089209526
5m,300,btc-up-or-down-5m,btc-updown-5m,0x2046fed2ba23506cbc58778775b7ea1206dbb210,0,,10,18,14,0.35714285714285715,7,5,186,0.053763440860215055,0.0007757350089209526
5m,300,btc-up-or-down-5m,btc-updown-5m,0xe7c7daeee666faaa91c6ecc360125e3c08e2c30d,0,,10,12,5,0.45454545454545453,7,3,98,0.10204081632653061,0.0007757350089209526
5m,300,btc-up-or-down-5m,btc-updown-5m,0x1b674b456091fab9f8eb44f37e291ceacb45f56c,0,,10,12,9,0.45454545454545453,7,4,190,0.05263157894736842,0.0007757350089209526
5m,300,btc-up-or-down-5m,btc-updown-5m,0xe0316863cada92b4f273f8f5be71d0e10aec4e37,0,,10,1,7,0.9090909090909091,7,3,80,0.125,0.0007757350089209526
5m,300,btc-up-or-down-5m,btc-updown-5m,0x2ea7c33c2ce43b24d60e55ba6585cd64e1c81095,0,,10,3,13,0.7692307692307693,7,3,64,0.15625,0.0007757350089209526
5m,300,btc-up-or-down-5m,btc-updown-5m,0x722971c2f007b2467e3ee08d9c75a62d53a8ff73,0,,10,0,7,1.0,7,2,11,0.9090909090909091,0.0007757350089209526
5m,300,btc-up-or-down-5m,btc-updown-5m,0xc1a7c0de6f68c8a5f7b9254e9f19cc541425f77f,0,,10,18,14,0.35714285714285715,7,4,170,0.058823529411764705,0.0007757350089209526
5m,300,btc-up-or-down-5m,btc-updown-5m,0x69a8e51eb93f09b7adddb32cf1513dddc2b5af8f,0,,10,19,21,0.3448275862068966,7,3,136,0.07352941176470588,0.0007757350089209526
5m,300,btc-up-or-down-5m,btc-updown-5m,0xfd27e6ac2b7917c4370220569666f8cedf3650af,0,,10,4,9,0.7142857142857143,7,1,395,0.02531645569620253,0.0007757350089209526
5m,300,btc-up-or-down-5m,btc-updown-5m,0xc115703142720b54259555c94f90313cd1748a10,0,,10,8,6,0.5555555555555556,7,2,29,0.3448275862068966,0.0007757350089209526
5m,300,btc-up-or-down-5m,btc-updown-5m,0x66cb5c8e54a1d7d43687b80c099d61f974f776bd,0,,10,1,9,0.9090909090909091,7,4,150,0.06666666666666667,0.0007757350089209526
5m,300,btc-up-or-down-5m,btc-updown-5m,0xa110e16764a904a359a6cee52ebf15b1c62cdc18,0,,66,14,11,0.825,6,63,332,0.19879518072289157,0.005119851058878288
5m,300,btc-up-or-down-5m,btc-updown-5m,0xfeb99d66220e6b94799f4ef0a3cfb12b3f9495c9,0,,60,42,34,0.5882352941176471,6,42,2703,0.022197558268590455,0.004654410053525715
5m,300,btc-up-or-down-5m,btc-updown-5m,0x4407ffada5cf6846b7570369001d6f38510b2d0a,1,,56,57,93,0.49557522123893805,6,15,214,0.2616822429906542,0.004344116049957335
5m,300,btc-up-or-down-5m,btc-updown-5m,0x1fc6f31aac77e2d959a71cccaf1fe4026192d47e,1,,40,52,81,0.43478260869565216,6,9,88,0.45454545454545453,0.0031029400356838103
5m,300,btc-up-or-down-5m,btc-updown-5m,0xa901df1d4645e26098100651d95d276018d2407a,0,,35,6,1,0.8536585365853658,6,17,22,1.5909090909090908,0.002715072531223334
5m,300,btc-up-or-down-5m,btc-updown-5m,0x7bc209360116e3974d4d5c2d38e164c08ad12316,0,,35,53,39,0.3977272727272727,6,12,1010,0.034653465346534656,0.002715072531223334
5m,300,btc-up-or-down-5m,btc-updown-5m,0xc3e03abf927535f4acdb776e2b678c6fd0da88a5,0,,34,56,78,0.37777777777777777,6,29,1038,0.03275529865125241,0.002637499030331239
5m,300,btc-up-or-down-5m,btc-updown-5m,0x435c13ca03f7777cb6085144d1810421763daaf5,1,,34,19,85,0.6415094339622641,6,8,28,1.2142857142857142,0.002637499030331239
5m,300,btc-up-or-down-5m,btc-updown-5m,0x9a0a69a17bd93a9bec90894557c329621c3d512b,0,,33,9,4,0.7857142857142857,6,31,579,0.05699481865284974,0.002559925529439144
5m,300,btc-up-or-down-5m,btc-updown-5m,0x3f2c9d7055f364a298775f5e296c01bc99a6d911,1,,30,22,69,0.5769230769230769,6,13,131,0.22900763358778625,0.0023272050267628577
5m,300,btc-up-or-down-5m,btc-updown-5m,0x1c61879271fee8e4b7dc8059693f2d3c680a551c,0,,29,8,6,0.7837837837837838,6,25,567,0.05114638447971781,0.0022496315258707625
5m,300,btc-up-or-down-5m,btc-updown-5m,0xb6026ec542a6d06842a41e42f8800c49876e7839,0,,27,9,6,0.75,6,19,443,0.060948081264108354,0.002094484524086572
5m,300,btc-up-or-down-5m,btc-updown-5m,0x44cb58cca46f740a81628fb27fe110bd861cd372,0,,26,34,23,0.43333333333333335,6,13,1505,0.01727574750830565,0.002016911023194477
5m,300,btc-up-or-down-5m,btc-updown-5m,0xd422219b646507b4639811e921dfee46803f9531,0,,26,9,2,0.7428571428571429,6,21,387,0.06718346253229975,0.002016911023194477
5m,300,btc-up-or-down-5m,btc-updown-5m,0x680b20d296b66e6b912370f541aeca143e1ca213,0,,24,7,9,0.7741935483870968,6,11,591,0.04060913705583756,0.0018617640214102862
5m,300,btc-up-or-down-5m,btc-updown-5m,0x08291da09562f38b783be753044978bb1facbf06,0,,23,25,37,0.4791666666666667,6,12,163,0.1411042944785276,0.001784190520518191
5m,300,btc-up-or-down-5m,btc-updown-5m,0xcb57a48dc8bf4712589bfe7799a2100a7adb870a,0,,23,11,12,0.6764705882352942,6,21,264,0.08712121212121213,0.001784190520518191
5m,300,btc-up-or-down-5m,btc-updown-5m,0x87787f7dd352c362c989e294ec22d4a8961a87d9,0,,23,17,15,0.575,6,16,706,0.032577903682719546,0.001784190520518191
5m,300,btc-up-or-down-5m,btc-updown-5m,0xcbea32005dcba234e23882aac4e6fd3c0baaa2c0,0,,22,22,22,0.5,6,10,241,0.0912863070539419,0.0017066170196260958
5m,300,btc-up-or-down-5m,btc-updown-5m,0xf444da83e01b217eeb6f683667dc48d668d78d4a,0,,22,32,25,0.4074074074074074,6,17,1733,0.012694748990190421,0.0017066170196260958
5m,300,btc-up-or-down-5m,btc-updown-5m,0x9f8796b321df1e83364b7c2c7a262418498b535d,0,,20,22,22,0.47619047619047616,6,19,1170,0.017094017094017096,0.0015514700178419051
5m,300,btc-up-or-down-5m,btc-updown-5m,0x957d80051afdfda9f4d072c84b91e2b4018ae634,0,,20,13,9,0.6060606060606061,6,10,1022,0.019569471624266144,0.0015514700178419051
5m,300,btc-up-or-down-5m,btc-updown-5m,0x7b6c8412e522805258b52ed4d27b44a7c35071ec,0,,20,21,25,0.4878048780487805,6,10,410,0.04878048780487805,0.0015514700178419051
5m,300,btc-up-or-down-5m,btc-updown-5m,0x629f4625a7431ec2a5c30c0864fe23871572f868,0,,20,17,8,0.5405405405405406,6,18,401,0.04987531172069826,0.0015514700178419051
5m,300,btc-up-or-down-5m,btc-updown-5m,0x55520860d30115e61097683fe7416ec1ccbf901f,0,,20,27,23,0.425531914893617,6,18,583,0.03430531732418525,0.0015514700178419051
5m,300,btc-up-or-down-5m,btc-updown-5m,0x481e82a9b1bed5fbe67631c9ad875e18d8243c48,0,,19,7,2,0.7307692307692307,6,9,19,1.0,0.00147389651694981
5m,300,btc-up-or-down-5m,btc-updown-5m,0x75db19fbebdb34107c8c72f5288d1ceec9f07ec5,0,,19,13,15,0.59375,6,7,250,0.076,0.00147389651694981
5m,300,btc-up-or-down-5m,btc-updown-5m,0x2a574ef7ae6ff1e6e1c9c8c8ea957b6e68a9071c,0,,19,28,41,0.40425531914893614,6,15,522,0.03639846743295019,0.00147389651694981
5m,300,btc-up-or-down-5m,btc-updown-5m,0x0d27aee7c2936be86e233bdf60c4e104a9b802ee,0,,19,7,12,0.7307692307692307,6,17,433,0.04387990762124711,0.00147389651694981
5m,300,btc-up-or-down-5m,btc-updown-5m,0x2f9724eb567908433d75a8036bc2cd18c7b57e4a,0,,19,23,16,0.4523809523809524,6,4,75,0.25333333333333335,0.00147389651694981
5m,300,btc-up-or-down-5m,btc-updown-5m,0x2075e5ab685cbb9f528d14059c5b195b077e9336,0,,18,7,12,0.72,6,14,165,0.10909090909090909,0.0013963230160577147
5m,300,btc-up-or-down-5m,btc-updown-5m,0x0386204f5c2b4a7cb52c357753287aec96134789,0,,18,22,18,0.45,6,12,204,0.08823529411764706,0.0013963230160577147
5m,300,btc-up-or-down-5m,btc-updown-5m,0xb04de8357631a834d086bc763cf77c2091f36b9e,0,,18,20,8,0.47368421052631576,6,17,356,0.05056179775280899,0.0013963230160577147
5m,300,btc-up-or-down-5m,btc-updown-5m,0x97b1e552772c6dc6b3a5bb6ae1b6b4750b451f26,0,,18,11,10,0.6206896551724138,6,11,700,0.025714285714285714,0.0013963230160577147
5m,300,btc-up-or-down-5m,btc-updown-5m,0x926e2d9a44a426aa78211ed05a7a1eeb72d2117e,0,,18,18,8,0.5,6,14,318,0.05660377358490566,0.0013963230160577147
5m,300,btc-up-or-down-5m,btc-updown-5m,0xc5d83aba41554da130a91c70089fdbce6351950e,0,,18,3,4,0.8571428571428571,6,14,268,0.06716417910447761,0.0013963230160577147
5m,300,btc-up-or-down-5m,btc-updown-5m,0xf5d819e1b83aa501a869432a4ba293614ef21022,0,,17,10,5,0.6296296296296297,6,12,287,0.059233449477351915,0.0013187495151656195
5m,300,btc-up-or-down-5m,btc-updown-5m,0x611812f5da599d89f0fc0dc66cc78f69cb492fb8,0,,17,8,9,0.68,6,12,692,0.024566473988439308,0.0013187495151656195
5m,300,btc-up-or-down-5m,btc-updown-5m,0xee223f983e00e42cac6fb30340203a31f65cb0e6,0,,17,4,18,0.8095238095238095,6,6,119,0.14285714285714285,0.0013187495151656195
5m,300,btc-up-or-down-5m,btc-updown-5m,0x2e7851eb8a9aa68e374563b9a907bfb1dce1663a,0,,17,10,7,0.6296296296296297,6,10,231,0.0735930735930736,0.0013187495151656195
5m,300,btc-up-or-down-5m,btc-updown-5m,0x7943a844a91c9aa47d3343ce72a03e1deac2374b,0,,17,10,10,0.6296296296296297,6,14,278,0.06115107913669065,0.0013187495151656195
5m,300,btc-up-or-down-5m,btc-updown-5m,0x5ef5d348d8ee794a8157ec1c73757521fe4f2425,0,,16,3,7,0.8421052631578947,6,13,232,0.06896551724137931,0.001241176014273524
5m,300,btc-up-or-down-5m,btc-updown-5m,0xa7a9fcf1fb17e9d2917ba2e8d9ca3c2195265588,0,,16,8,5,0.6666666666666666,6,13,340,0.047058823529411764,0.001241176014273524
5m,300,btc-up-or-down-5m,btc-updown-5m,0xb93295a836c709ed270ddec33eb11beeedb72490,0,,16,28,10,0.36363636363636365,6,11,1131,0.014146772767462422,0.001241176014273524
5m,300,btc-up-or-down-5m,btc-updown-5m,0xe8b99c54267ccd7b93a0489fa1c4bc11dfa514c7,0,,16,5,9,0.7619047619047619,6,5,7,2.2857142857142856,0.001241176014273524
5m,300,btc-up-or-down-5m,btc-updown-5m,0xf3054ac2f367b5f6d748a7043bcd79ede494347b,0,,16,22,13,0.42105263157894735,6,8,388,0.041237113402061855,0.001241176014273524
5m,300,btc-up-or-down-5m,btc-updown-5m,0x9e51207b5fbb6cfe64d656ca73a4d8f2278b691c,0,,16,8,11,0.6666666666666666,6,7,201,0.07960199004975124,0.001241176014273524
5m,300,btc-up-or-down-5m,btc-updown-5m,0x2cb9247279651e3d94b78c6c5b543cbfd8a75a7a,0,,16,12,2,0.5714285714285714,6,13,731,0.02188782489740082,0.001241176014273524
5m,300,btc-up-or-down-5m,btc-updown-5m,0xa080d5c37b1522e7ec52df66654e2b5b0b57bd5f,0,,16,19,24,0.45714285714285713,6,11,766,0.020887728459530026,0.001241176014273524
5m,300,btc-up-or-down-5m,btc-updown-5m,0xa143bedbbf8b9966eefe55089736d39e038aa135,0,,16,15,27,0.5161290322580645,6,13,718,0.022284122562674095,0.001241176014273524
5m,300,btc-up-or-down-5m,btc-updown-5m,0xdf5aaa36ae1b311bf723136c1ed8b29c793192b1,0,,16,8,12,0.6666666666666666,6,2,16,1.0,0.001241176014273524
5m,300,btc-up-or-down-5m,btc-updown-5m,0x971e3b9250aec56225f6bdb7121a98295c15eb1d,0,,15,19,15,0.4411764705882353,6,10,649,0.023112480739599383,0.0011636025133814289
5m,300,btc-up-or-down-5m,btc-updown-5m,0x0182f7c2f7ce49b7b29553a2f87ec891f0a834ea,0,,15,44,2,0.2542372881355932,6,11,725,0.020689655172413793,0.0011636025133814289
5m,300,btc-up-or-down-5m,btc-updown-5m,0x5ad21259746a10211ead692bc0979bb56492de2e,0,,15,5,6,0.75,6,12,297,0.050505050505050504,0.0011636025133814289
5m,300,btc-up-or-down-5m,btc-updown-5m,0xfe30bfdfcc2fb16139b2bea676703fdfd83350cd,0,,15,4,6,0.7894736842105263,6,7,146,0.10273972602739725,0.0011636025133814289
5m,300,btc-up-or-down-5m,btc-updown-5m,0x00ea7c0843024e5bf0d5c561e70f86f1d3c270b2,0,,15,7,8,0.6818181818181818,6,9,348,0.04310344827586207,0.0011636025133814289
5m,300,btc-up-or-down-5m,btc-updown-5m,0x4838c28269e2a3a794ea35a479655cc46203be2a,0,,15,8,15,0.6521739130434783,6,8,259,0.05791505791505792,0.0011636025133814289
5m,300,btc-up-or-down-5m,btc-updown-5m,0x18fbcbf743fc9a1c5cee9453268e7ff0e9de823d,0,,14,57,5,0.19718309859154928,6,9,475,0.029473684210526315,0.0010860290124893336
5m,300,btc-up-or-down-5m,btc-updown-5m,0x64a1d0e0865e3b1c5a7072b677a9a62a9bdc913e,0,,14,26,18,0.35,6,6,243,0.05761316872427984,0.0010860290124893336
5m,300,btc-up-or-down-5m,btc-updown-5m,0x185d315f0e8bc3c16519f6c15a6bb41cf364b861,0,,14,14,7,0.5,6,13,456,0.03070175438596491,0.0010860290124893336
5m,300,btc-up-or-down-5m,btc-updown-5m,0x0c90cb837c20f84a9562e6adfbf120f9b98c60cf,0,,14,12,2,0.5384615384615384,6,9,645,0.021705426356589147,0.0010860290124893336
5m,300,btc-up-or-down-5m,btc-updown-5m,0x1b194eeac424835b191da46d8b9db60ae2779e9f,0,,14,3,1,0.8235294117647058,6,9,110,0.12727272727272726,0.0010860290124893336
5m,300,btc-up-or-down-5m,btc-updown-5m,0x3a208e9c93120b5e32716b237c7e95d25e950dc9,0,,14,3,5,0.8235294117647058,6,12,111,0.12612612612612611,0.0010860290124893336
5m,300,btc-up-or-down-5m,btc-updown-5m,0x291ef80bd8acf8b6fba4d62851c9dba71ac38ce1,0,,14,0,2,1.0,6,2,23,0.6086956521739131,0.0010860290124893336
5m,300,btc-up-or-down-5m,btc-updown-5m,0x90e0fc2bbb7e4fa90d71edabe1fc95afcd7a71bb,0,,14,22,19,0.3888888888888889,6,6,57,0.24561403508771928,0.0010860290124893336
5m,300,btc-up-or-down-5m,btc-updown-5m,0xcf88a8819de9e55f9aa436441109ebcd6fcf79b3,0,,13,21,20,0.38235294117647056,6,7,468,0.027777777777777776,0.0010084555115972384
5m,300,btc-up-or-down-5m,btc-updown-5m,0x9bab4372586057292848634f8ac5994ecd30e6a2,0,,13,11,11,0.5416666666666666,6,7,342,0.038011695906432746,0.0010084555115972384
5m,300,btc-up-or-down-5m,btc-updown-5m,0x801c9dde4be716910f1c56a4478757d609070f69,0,,13,21,16,0.38235294117647056,6,7,920,0.014130434782608696,0.0010084555115972384
5m,300,btc-up-or-down-5m,btc-updown-5m,0xc9e13f37d0de02d18bc3e312b95af1c4751e2929,0,,13,13,1,0.5,6,10,133,0.09774436090225563,0.0010084555115972384
5m,300,btc-up-or-down-5m,btc-updown-5m,0x9eb06af8256ac1dbb9dbdd0fa2a6e14f60001991,0,,13,1,11,0.9285714285714286,6,3,42,0.30952380952380953,0.0010084555115972384
5m,300,btc-up-or-down-5m,btc-updown-5m,0x98e1551b859c91c1f02940e788ad9958fd13879a,0,,13,5,7,0.7222222222222222,6,10,312,0.041666666666666664,0.0010084555115972384
5m,300,btc-up-or-down-5m,btc-updown-5m,0x6c609019688ff7e90884b4800403662a93a9242b,0,,13,2,4,0.8666666666666667,6,3,51,0.2549019607843137,0.0010084555115972384
5m,300,btc-up-or-down-5m,btc-updown-5m,0x0ea574f3204c5c9c0cdead90392ea0990f4d17e4,0,,12,19,16,0.3870967741935484,6,11,3362,0.003569303985722784,0.0009308820107051431
5m,300,btc-up-or-down-5m,btc-updown-5m,0xdf3b28f4e2fe47b17a224059ea0bdf7b934ca42a,0,,12,21,8,0.36363636363636365,6,12,682,0.017595307917888565,0.0009308820107051431
5m,300,btc-up-or-down-5m,btc-updown-5m,0xd82273662ba061a46f62a479de7303266f98000f,0,,12,7,5,0.631578947368421,6,3,24,0.5,0.0009308820107051431
5m,300,btc-up-or-down-5m,btc-updown-5m,0x12f060bebc2dd1771f50ce64349731c6863b49f0,0,,12,12,8,0.5,6,11,521,0.023032629558541268,0.0009308820107051431
5m,300,btc-up-or-down-5m,btc-updown-5m,0x1faee026f8e6f66ff43aede093b2504b6db6e8fb,0,,12,10,8,0.5454545454545454,6,7,109,0.11009174311926606,0.0009308820107051431
5m,300,btc-up-or-down-5m,btc-updown-5m,0x26e605f6013d58627b4bf72fa69de92e7fa6cc89,0,,12,6,4,0.6666666666666666,6,9,361,0.0332409972299169,0.0009308820107051431
5m,300,btc-up-or-down-5m,btc-updown-5m,0xe47b62cff0d216110ead7ac15475698d65373840,0,,12,8,5,0.6,6,8,682,0.017595307917888565,0.0009308820107051431
5m,300,btc-up-or-down-5m,btc-updown-5m,0x1355c2a3878fa30845f5fe30185beab8a04b9fda,0,,12,17,18,0.41379310344827586,6,7,3555,0.0033755274261603376,0.0009308820107051431
5m,300,btc-up-or-down-5m,btc-updown-5m,0xda013eccb714cfd6935c23f54d0a38cab3dca0d0,0,,12,0,7,1.0,6,4,10,1.2,0.0009308820107051431
5m,300,btc-up-or-down-5m,btc-updown-5m,0xb0cef531444b3ec9668d77323a572ceb73ef8045,0,,12,2,5,0.8571428571428571,6,2,92,0.13043478260869565,0.0009308820107051431
5m,300,btc-up-or-down-5m,btc-updown-5m,0x17a5db05ddd3914eb2b18439e086a940594b8d13,0,,11,3,4,0.7857142857142857,6,9,520,0.021153846153846155,0.0008533085098130479
5m,300,btc-up-or-down-5m,btc-updown-5m,0x36ef0552d262ac320770a6715df2552175743c3a,0,,11,6,5,0.6470588235294118,6,8,942,0.01167728237791932,0.0008533085098130479
5m,300,btc-up-or-down-5m,btc-updown-5m,0x292d546d841fa495f9cc21d5f1e87ee246056f05,0,,11,16,8,0.4074074074074074,6,9,483,0.022774327122153208,0.0008533085098130479
5m,300,btc-up-or-down-5m,btc-updown-5m,0x70447eabbe8c23839b9c8f8dbf32185f5be85104,0,,11,5,7,0.6875,6,8,450,0.024444444444444446,0.0008533085098130479
5m,300,btc-up-or-down-5m,btc-updown-5m,0x5778bfe1294903a21033bdb62fd712bd843a5bb9,0,,11,1,1,0.9166666666666666,6,6,30,0.36666666666666664,0.0008533085098130479
5m,300,btc-up-or-down-5m,btc-updown-5m,0xce66b785294ec43561efa86b6e2505618c23c433,0,,11,2,9,0.8461538461538461,6,7,111,0.0990990990990991,0.0008533085098130479
5m,300,btc-up-or-down-5m,btc-updown-5m,0x8ca4ef4d69a2b2e98ebbd1ac7f0d90b492b44d6f,0,,11,4,5,0.7333333333333333,6,7,86,0.12790697674418605,0.0008533085098130479
5m,300,btc-up-or-down-5m,btc-updown-5m,0xa069e5b0e82f0cb59c4192fb4d5cdba9dfbb262e,0,,11,7,2,0.6111111111111112,6,8,172,0.06395348837209303,0.0008533085098130479
5m,300,btc-up-or-down-5m,btc-updown-5m,0x0657281fe01a690af47f372fbdc3c0ca7cff0fa2,0,,11,4,13,0.7333333333333333,6,7,174,0.06321839080459771,0.0008533085098130479
5m,300,btc-up-or-down-5m,btc-updown-5m,0xbf7a5c40806598bce6c1f019911cbbd0ffd4edc1,0,,11,3,14,0.7857142857142857,6,7,171,0.06432748538011696,0.0008533085098130479
5m,300,btc-up-or-down-5m,btc-updown-5m,0x2aec67779f73b96709e338104a093dda39965cf4,0,,11,6,2,0.6470588235294118,6,4,97,0.1134020618556701,0.0008533085098130479
5m,300,btc-up-or-down-5m,btc-updown-5m,0x788a0574bb6d3e433f159b5cd4fa50d1b05641aa,0,,11,16,9,0.4074074074074074,6,5,459,0.023965141612200435,0.0008533085098130479
5m,300,btc-up-or-down-5m,btc-updown-5m,0xe53cb4b9227d53dc5ce7e84e3d8be12e36631024,0,,11,1,7,0.9166666666666666,6,9,199,0.05527638190954774,0.0008533085098130479
5m,300,btc-up-or-down-5m,btc-updown-5m,0x4cd4554904388f7efe1f95bb0eba3dd507c38a5c,0,,11,2,4,0.8461538461538461,6,7,287,0.03832752613240418,0.0008533085098130479
5m,300,btc-up-or-down-5m,btc-updown-5m,0x187b5aa53d4a1c803d6cd9ab5d7a65d2fee156d4,0,,11,4,5,0.7333333333333333,6,7,400,0.0275,0.0008533085098130479
5m,300,btc-up-or-down-5m,btc-updown-5m,0x076b60ebb7958d4875a498905101111fb06b75a0,0,,11,6,2,0.6470588235294118,6,9,337,0.032640949554896145,0.0008533085098130479
5m,300,btc-up-or-down-5m,btc-updown-5m,0x3b65325fe72ca620c7c9233c72c6096274eb83f2,0,,11,8,9,0.5789473684210527,6,9,160,0.06875,0.0008533085098130479
5m,300,btc-up-or-down-5m,btc-updown-5m,0x7eb8101f7993ffb1f2ca2bc9e1fc4aa4599a5ec0,0,,11,8,5,0.5789473684210527,6,5,73,0.1506849315068493,0.0008533085098130479
5m,300,btc-up-or-down-5m,btc-updown-5m,0xd0d9c3145fa4274f4115b838aa7b4c3ddf9e7ff6,0,,11,19,17,0.36666666666666664,6,10,63,0.1746031746031746,0.0008533085098130479
5m,300,btc-up-or-down-5m,btc-updown-5m,0xa21625005c72348916f150693692302eb3c87020,0,,11,4,8,0.7333333333333333,6,8,235,0.04680851063829787,0.0008533085098130479
5m,300,btc-up-or-down-5m,btc-updown-5m,0xeab108af08d63522172ab4fd487bc26201108a48,0,,11,11,12,0.5,6,2,71,0.15492957746478872,0.0008533085098130479
5m,300,btc-up-or-down-5m,btc-updown-5m,0x8a2f4ff4c8ee2f590fe6abc8b9bbda2c02c8c860,0,,11,21,30,0.34375,6,1,211,0.052132701421800945,0.0008533085098130479
5m,300,btc-up-or-down-5m,btc-updown-5m,0xa96955ef4856e8a98470884749d36b8c08176ee2,0,,11,0,0,1.0,6,1,88,0.125,0.0008533085098130479
5m,300,btc-up-or-down-5m,btc-updown-5m,0x84591e5552a0c1e32df173139a9780ed96f3f27b,0,,11,7,5,0.6111111111111112,6,1,161,0.06832298136645963,0.0008533085098130479
5m,300,btc-up-or-down-5m,btc-updown-5m,0x61138225fcf328ecd1f7302f216cbad76113a323,0,,11,4,10,0.7333333333333333,6,5,28,0.39285714285714285,0.0008533085098130479
5m,300,btc-up-or-down-5m,btc-updown-5m,0xed465616a82c65d9511024199fa20cd270647f01,0,,11,8,15,0.5789473684210527,6,2,9,1.2222222222222223,0.0008533085098130479
5m,300,btc-up-or-down-5m,btc-updown-5m,0x6fdb989f612dca6040311f809fe4e08fd18f090e,0,,11,0,2,1.0,6,2,80,0.1375,0.0008533085098130479
5m,300,btc-up-or-down-5m,btc-updown-5m,0xb64fe7d2fcca6396985d2fb0d28f0a1f87d6e3c4,0,,10,13,17,0.43478260869565216,6,5,905,0.011049723756906077,0.0007757350089209526
5m,300,btc-up-or-down-5m,btc-updown-5m,0x5b14ded301f17369765d387985cb4a0725fdd8db,0,,10,9,2,0.5263157894736842,6,6,150,0.06666666666666667,0.0007757350089209526
5m,300,btc-up-or-down-5m,btc-updown-5m,0x52f79d1a9650893c3dbf286ee3dff48c6309b1a8,0,,10,9,8,0.5263157894736842,6,8,616,0.016233766233766232,0.0007757350089209526
5m,300,btc-up-or-down-5m,btc-updown-5m,0x27d5747925d8181130d58a14cd651c1ed384977d,0,,10,16,15,0.38461538461538464,6,7,183,0.0546448087431694,0.0007757350089209526
5m,300,btc-up-or-down-5m,btc-updown-5m,0x7f54b740c02ef45a3db24bfc066eb050a5c41829,0,,10,0,2,1.0,6,4,32,0.3125,0.0007757350089209526
5m,300,btc-up-or-down-5m,btc-updown-5m,0x25e5153c3b720f5b71dfb25e2ff9fb1f628c7674,0,,10,16,10,0.38461538461538464,6,7,100,0.1,0.0007757350089209526
5m,300,btc-up-or-down-5m,btc-updown-5m,0x032591b47bc780e5a2f786f41f1592c60b3977d2,0,,10,1,0,0.9090909090909091,6,6,25,0.4,0.0007757350089209526
5m,300,btc-up-or-down-5m,btc-updown-5m,0xdaff6561057e0997732c1815fb09f41668b80c85,0,,10,6,4,0.625,6,10,551,0.018148820326678767,0.0007757350089209526
5m,300,btc-up-or-down-5m,btc-updown-5m,0x3c9992d9decd744b2d478d3f7ded006ad89e05f6,0,,10,10,7,0.5,6,10,383,0.02610966057441253,0.0007757350089209526
5m,300,btc-up-or-down-5m,btc-updown-5m,0xeacdc6ca2ec4e9bf90e1e7d23676d0074ae3aaba,0,,10,11,19,0.47619047619047616,6,6,202,0.04950495049504951,0.0007757350089209526
5m,300,btc-up-or-down-5m,btc-updown-5m,0x926db63cf3a5f202d7a40736dc19d8e6536aa15b,0,,10,0,1,1.0,6,2,29,0.3448275862068966,0.0007757350089209526
5m,300,btc-up-or-down-5m,btc-updown-5m,0x7341320dbe9503d837e20a3d76364c4b1347016d,0,,10,9,10,0.5263157894736842,6,3,75,0.13333333333333333,0.0007757350089209526
5m,300,btc-up-or-down-5m,btc-updown-5m,0x09b7c7435bd14ab7cfed0be0e796c2363816d0e2,0,,10,9,7,0.5263157894736842,6,4,125,0.08,0.0007757350089209526
5m,300,btc-up-or-down-5m,btc-updown-5m,0x0884cc7e36b9f59ab3200653bdb48095795d62e7,0,,10,1,6,0.9090909090909091,6,7,99,0.10101010101010101,0.0007757350089209526
5m,300,btc-up-or-down-5m,btc-updown-5m,0x4d48953e2965e5fc917afae16198caa5cbfd657b,0,,10,11,4,0.47619047619047616,6,8,541,0.018484288354898338,0.0007757350089209526
5m,300,btc-up-or-down-5m,btc-updown-5m,0xf9801bc8a9242619f1c704cbd866c38ad63692c5,0,,10,3,1,0.7692307692307693,6,6,293,0.034129692832764506,0.0007757350089209526
5m,300,btc-up-or-down-5m,btc-updown-5m,0x792220481eca2d2777192d846cc90ae789e32df6,0,,10,18,7,0.35714285714285715,6,9,512,0.01953125,0.0007757350089209526
5m,300,btc-up-or-down-5m,btc-updown-5m,0xfd47bcd58052e682c64853ae77c15b36d200c395,0,,10,7,6,0.5882352941176471,6,8,222,0.04504504504504504,0.0007757350089209526
5m,300,btc-up-or-down-5m,btc-updown-5m,0xc1200f03f07df479a041bb925a076d0b51c3b9f1,0,,10,6,9,0.625,6,4,48,0.20833333333333334,0.0007757350089209526
5m,300,btc-up-or-down-5m,btc-updown-5m,0x4462d188cdb18cfa36d7a4434afd1fb600bab29b,0,,10,13,11,0.43478260869565216,6,9,402,0.024875621890547265,0.0007757350089209526
5m,300,btc-up-or-down-5m,btc-updown-5m,0xe9ca64c3b0a7a2dfb251637ee38a8ef436f80375,0,,10,6,8,0.625,6,2,40,0.25,0.0007757350089209526
5m,300,btc-up-or-down-5m,btc-updown-5m,0xcf0890e7221e85dd30a66c0925508505d93fe61c,0,,10,6,7,0.625,6,9,324,0.030864197530864196,0.0007757350089209526
5m,300,btc-up-or-down-5m,btc-updown-5m,0x5bc331ff6a2f3a679f0c98cca0d92cdda5c47a59,0,,10,11,17,0.47619047619047616,6,8,240,0.041666666666666664,0.0007757350089209526
5m,300,btc-up-or-down-5m,btc-updown-5m,0xfeb6b7e50132051505b0b5e96368b4c279e1ab2c,0,,10,5,5,0.6666666666666666,6,2,27,0.37037037037037035,0.0007757350089209526
5m,300,btc-up-or-down-5m,btc-updown-5m,0x5cc6a55b5d436236ae455265a86dc759a2bd8b60,0,,10,1,0,0.9090909090909091,6,2,12,0.8333333333333334,0.0007757350089209526
5m,300,btc-up-or-down-5m,btc-updown-5m,0xb5e93bac0d06bdc8d59c5f95c5a63a9443bb6d8d,0,,10,8,9,0.5555555555555556,6,2,43,0.23255813953488372,0.0007757350089209526
5m,300,btc-up-or-down-5m,btc-updown-5m,0xc279749f8417dab525a94760a319b665fdb2999c,0,,10,8,8,0.5555555555555556,6,3,10,1.0,0.0007757350089209526
5m,300,btc-up-or-down-5m,btc-updown-5m,0x382d9bcda1e7b929f7cfc00781d77599e8bf3559,0,,10,12,1,0.45454545454545453,6,1,1,10.0,0.0007757350089209526
5m,300,btc-up-or-down-5m,btc-updown-5m,0x162215fb5e29216be025cc61c92b2a812f76cb35,0,,10,10,8,0.5,6,1,17,0.5882352941176471,0.0007757350089209526
5m,300,btc-up-or-down-5m,btc-updown-5m,0xc9ae3c3417cef6916b18e79d25e33dd20397cb86,0,,10,7,9,0.5882352941176471,6,1,21,0.47619047619047616,0.0007757350089209526
5m,300,btc-up-or-down-5m,btc-updown-5m,0x3886fb5ae87a2214dad857240ea97591f8e6ba71,0,,10,1,12,0.9090909090909091,6,3,35,0.2857142857142857,0.0007757350089209526
5m,300,btc-up-or-down-5m,btc-updown-5m,0xe67e5e5f9cd625ee91e6564e9fa2da3948d0c267,0,,10,0,0,1.0,6,3,25,0.4,0.0007757350089209526
5m,300,btc-up-or-down-5m,btc-updown-5m,0xaf3c69d6e024442b2bac348a5b075dfe13471efd,0,,10,0,0,1.0,6,2,143,0.06993006993006994,0.0007757350089209526
5m,300,btc-up-or-down-5m,btc-updown-5m,0x924d54d72b9934c4555ca6f17310ad3b407fb4a4,0,,10,3,1,0.7692307692307693,6,1,6,1.6666666666666667,0.0007757350089209526
5m,300,btc-up-or-down-5m,btc-updown-5m,0x675216f4d7913f095dabee153e1ecdb5882025c2,0,,66,33,44,0.6666666666666666,5,18,100,0.66,0.005119851058878288
5m,300,btc-up-or-down-5m,btc-updown-5m,0x8abcd27d42f3f9b11138c6f341ad3710cd109e55,0,,54,18,37,0.75,5,16,94,0.574468085106383,0.004188969048173144
5m,300,btc-up-or-down-5m,btc-updown-5m,0x53a6caa14b48237beb9436317b7fffdbed962208,0,,41,37,37,0.5256410256410257,5,11,1591,0.025769956002514142,0.0031805135365759055
5m,300,btc-up-or-down-5m,btc-updown-5m,0xff1f716628280149101e8070caa6bd1f92d0e18a,0,,35,25,54,0.5833333333333334,5,4,107,0.32710280373831774,0.002715072531223334
5m,300,btc-up-or-down-5m,btc-updown-5m,0xd1ce6caba6496da17e79ba863ec22363556bded4,0,,33,23,20,0.5892857142857143,5,33,1141,0.028921998247151623,0.002559925529439144
5m,300,btc-up-or-down-5m,btc-updown-5m,0x06fad42f72a0606dc1a6a6f5dfa8557a5e66becb,0,,32,24,30,0.5714285714285714,5,20,1274,0.02511773940345369,0.002482352028547048
5m,300,btc-up-or-down-5m,btc-updown-5m,0xb41b4aa60bc9fee6ea8432af7fbdb35d714b3664,0,,31,12,11,0.7209302325581395,5,12,32,0.96875,0.002404778527654953
5m,300,btc-up-or-down-5m,btc-updown-5m,0x2ef8087dcc7705b6cce165b603b5c5f3d792c646,0,,31,18,16,0.6326530612244898,5,9,190,0.1631578947368421,0.002404778527654953
5m,300,btc-up-or-down-5m,btc-updown-5m,0x119aa153d97fe29d886fe0d65b5400758c88b522,0,,29,6,3,0.8285714285714286,5,10,13,2.230769230769231,0.0022496315258707625
5m,300,btc-up-or-down-5m,btc-updown-5m,0x06fcd67f3f27ee9d048220d0befe6403153cd28f,1,,29,35,44,0.453125,5,7,315,0.09206349206349207,0.0022496315258707625
5m,300,btc-up-or-down-5m,btc-updown-5m,0x9c13cd45bc3cb9cdee51c2be029486d74f2f4b42,0,,26,46,30,0.3611111111111111,5,18,2133,0.012189404594467886,0.002016911023194477
5m,300,btc-up-or-down-5m,btc-updown-5m,0xd5c1924a1b6b788e97483e6beacbfc48e905c524,0,,26,26,25,0.5,5,8,1088,0.02389705882352941,0.002016911023194477
5m,300,btc-up-or-down-5m,btc-updown-5m,0xf68c55522bac37f416da964a02552769962c3929,0,,25,16,19,0.6097560975609756,5,8,387,0.06459948320413436,0.0019393375223023814
5m,300,btc-up-or-down-5m,btc-updown-5m,0xf724d882c22ee40d7498badce9969aef447ad85f,0,,24,9,12,0.7272727272727273,5,12,55,0.43636363636363634,0.0018617640214102862
5m,300,btc-up-or-down-5m,btc-updown-5m,0x3486164c904b42dc83a83fe125f5a2ee381c58eb,0,,24,4,14,0.8571428571428571,5,4,19,1.263157894736842,0.0018617640214102862
5m,300,btc-up-or-down-5m,btc-updown-5m,0xa74ea1efe1445baf216dc441044fa4414860290c,0,,23,28,23,0.45098039215686275,5,9,506,0.045454545454545456,0.001784190520518191
5m,300,btc-up-or-down-5m,btc-updown-5m,0x09e08d3a4488f2f9633ea1efc3f8f3f6a86552af,0,,23,26,14,0.46938775510204084,5,14,631,0.03645007923930269,0.001784190520518191
5m,300,btc-up-or-down-5m,btc-updown-5m,0x85c7fb1c7b79b0c538274000dea1df55985748c1,0,,23,10,0,0.696969696969697,5,12,29,0.7931034482758621,0.001784190520518191
5m,300,btc-up-or-down-5m,btc-updown-5m,0x11031cac557547ada521405856ff414b29dc1455,0,,22,9,2,0.7096774193548387,5,17,312,0.07051282051282051,0.0017066170196260958
5m,300,btc-up-or-down-5m,btc-updown-5m,0x47d2697427cf06dd94bbb0bad0afad08773b7444,0,,22,22,14,0.5,5,9,378,0.0582010582010582,0.0017066170196260958
5m,300,btc-up-or-down-5m,btc-updown-5m,0xebd9018611387df205fc3931bcaf988e897883ea,0,,21,25,17,0.45652173913043476,5,12,1691,0.012418687167356593,0.0016290435187340006
5m,300,btc-up-or-down-5m,btc-updown-5m,0x0474a5cdae89ea7e9573f753641e54e55daaa518,0,,21,22,13,0.4883720930232558,5,17,1240,0.016935483870967744,0.0016290435187340006
5m,300,btc-up-or-down-5m,btc-updown-5m,0x7142d96431dc6ad349874f987046a12f9e568542,0,,18,24,22,0.42857142857142855,5,15,902,0.019955654101995565,0.0013963230160577147
5m,300,btc-up-or-down-5m,btc-updown-5m,0x0a12e90e164b69b866855473e608128f8e7313a6,0,,18,18,16,0.5,5,15,637,0.0282574568288854,0.0013963230160577147
5m,300,btc-up-or-down-5m,btc-updown-5m,0x82d961111f4d94e5b6e339a3a84e53d0351637bc,0,,17,6,4,0.7391304347826086,5,5,8,2.125,0.0013187495151656195
5m,300,btc-up-or-down-5m,btc-updown-5m,0x03889fc8bb08699deac9adcb90d68162038f7c4a,0,,17,8,5,0.68,5,12,422,0.04028436018957346,0.0013187495151656195
5m,300,btc-up-or-down-5m,btc-updown-5m,0xf053813d310de0e4cac8210f6c373556713df7f8,0,,17,9,8,0.6538461538461539,5,4,75,0.22666666666666666,0.0013187495151656195
5m,300,btc-up-or-down-5m,btc-updown-5m,0x13318bcb09a972d1b2357df7ef49f35313db97c2,0,,17,15,17,0.53125,5,7,531,0.032015065913371,0.0013187495151656195
5m,300,btc-up-or-down-5m,btc-updown-5m,0x7824693a8955920442150142cb800dbcd0956392,0,,16,14,4,0.5333333333333333,5,15,396,0.04040404040404041,0.001241176014273524
5m,300,btc-up-or-down-5m,btc-updown-5m,0xbd48b2ccaf9e320920b35877e884bde29c8b6677,0,,16,13,10,0.5517241379310345,5,9,212,0.07547169811320754,0.001241176014273524
5m,300,btc-up-or-down-5m,btc-updown-5m,0xf0586e25fb6a4b5a2d338836d2279d8cbee559d7,0,,15,6,4,0.7142857142857143,5,13,729,0.0205761316872428,0.0011636025133814289
5m,300,btc-up-or-down-5m,btc-updown-5m,0xb45ac19db5341412e4a081b469558990c330f218,0,,15,20,88,0.42857142857142855,5,5,67,0.22388059701492538,0.0011636025133814289
5m,300,btc-up-or-down-5m,btc-updown-5m,0x0dfa4de492e232777a8626c4feee0fef48118ed9,0,,15,31,6,0.32608695652173914,5,12,246,0.06097560975609756,0.0011636025133814289
5m,300,btc-up-or-down-5m,btc-updown-5m,0xbdc3c53a04e67efda9d617041e7b29b81f59dc52,0,,15,3,14,0.8333333333333334,5,15,283,0.053003533568904596,0.0011636025133814289
5m,300,btc-up-or-down-5m,btc-updown-5m,0xe53a1b888210873a4b9bf82a55994a336fd7b9d9,0,,15,6,8,0.7142857142857143,5,14,382,0.03926701570680628,0.0011636025133814289
5m,300,btc-up-or-down-5m,btc-updown-5m,0x5d3367fe95109c58a8b49c466b9ec382af0e256e,0,,14,20,18,0.4117647058823529,5,11,557,0.025134649910233394,0.0010860290124893336
5m,300,btc-up-or-down-5m,btc-updown-5m,0xc9c3872140d9563f03313db892565c12fde3fe7e,0,,14,3,2,0.8235294117647058,5,4,5,2.8,0.0010860290124893336
5m,300,btc-up-or-down-5m,btc-updown-5m,0xd2f580b7c990da269098c6914f94a6dc7c182838,0,,14,13,2,0.5185185185185185,5,12,461,0.03036876355748373,0.0010860290124893336
5m,300,btc-up-or-down-5m,btc-updown-5m,0x5f7144c4513f38d76c59ee42a1d59cd54b9a476e,0,,14,9,2,0.6086956521739131,5,11,181,0.07734806629834254,0.0010860290124893336
5m,300,btc-up-or-down-5m,btc-updown-5m,0x0c5390dc3843780ca9b1adc7d89590d68344b80e,0,,14,11,10,0.56,5,14,533,0.02626641651031895,0.0010860290124893336
5m,300,btc-up-or-down-5m,btc-updown-5m,0x1b1879b8c069a92b3cb32659a879cf02721670da,0,,14,22,15,0.3888888888888889,5,6,1989,0.007038712921065862,0.0010860290124893336
5m,300,btc-up-or-down-5m,btc-updown-5m,0xda0a7b9d4d2398d45bc3e86a6fd05a283e5d0720,0,,14,1,9,0.9333333333333333,5,10,203,0.06896551724137931,0.0010860290124893336
5m,300,btc-up-or-down-5m,btc-updown-5m,0xdebb91c6585f30f30967c6d359a7dd7087399e8a,0,,14,13,14,0.5185185185185185,5,6,265,0.052830188679245285,0.0010860290124893336
5m,300,btc-up-or-down-5m,btc-updown-5m,0x716445fe00d0a78172b8be46d216e08d15159db6,0,,13,7,9,0.65,5,11,1169,0.011120615911035072,0.0010084555115972384
5m,300,btc-up-or-down-5m,btc-updown-5m,0xf2c0a9fd5fa22ac533b5cb38ef15a693eb0fc865,0,,13,4,13,0.7647058823529411,5,2,56,0.23214285714285715,0.0010084555115972384
5m,300,btc-up-or-down-5m,btc-updown-5m,0xcfc95023bc2b6e6b092346c090cd99b9cf63da4c,0,,13,18,15,0.41935483870967744,5,11,606,0.02145214521452145,0.0010084555115972384
5m,300,btc-up-or-down-5m,btc-updown-5m,0x8109797e46f8ea61267e984d39bc5fa83e450497,0,,13,2,1,0.8666666666666667,5,8,291,0.044673539518900345,0.0010084555115972384
5m,300,btc-up-or-down-5m,btc-updown-5m,0x66dfd64c66d5c00cbbe9e0a5943c5d42ec0363a9,0,,13,8,9,0.6190476190476191,5,10,740,0.01756756756756757,0.0010084555115972384
5m,300,btc-up-or-down-5m,btc-updown-5m,0x8a49bdde48b840d55d7704d3c1d59bcd33ff417f,0,,13,8,31,0.6190476190476191,5,6,146,0.08904109589041095,0.0010084555115972384
5m,300,btc-up-or-down-5m,btc-updown-5m,0xc4d31f7f2b827db3bb6ffdef6de2550430d426e7,0,,13,9,17,0.5909090909090909,5,12,261,0.04980842911877394,0.0010084555115972384
5m,300,btc-up-or-down-5m,btc-updown-5m,0x914d1545b1d81c22f3abb8d01c6946174ce7a567,0,,13,11,10,0.5416666666666666,5,7,468,0.027777777777777776,0.0010084555115972384
5m,300,btc-up-or-down-5m,btc-updown-5m,0x0f0d547f9fec77ab52f04c4f3835ac1c6b8ab27d,0,,13,8,10,0.6190476190476191,5,13,591,0.021996615905245348,0.0010084555115972384
5m,300,btc-up-or-down-5m,btc-updown-5m,0x1513393dd89c84f036b963c28d65f2128a0948aa,0,,13,15,16,0.4642857142857143,5,11,352,0.036931818181818184,0.0010084555115972384
5m,300,btc-up-or-down-5m,btc-updown-5m,0xa8556489cb3d18d318e7f63b1c8bf66bd5deb19e,0,,12,3,2,0.8,5,5,6,2.0,0.0009308820107051431
5m,300,btc-up-or-down-5m,btc-updown-5m,0x33e1dcefe5c676f77e1782dbd6d5be536dc538e9,0,,12,11,9,0.5217391304347826,5,8,103,0.11650485436893204,0.0009308820107051431
5m,300,btc-up-or-down-5m,btc-updown-5m,0x187ddf40732e65ebbc2e6784f032fa25e421c4a1,0,,12,11,17,0.5217391304347826,5,5,186,0.06451612903225806,0.0009308820107051431
5m,300,btc-up-or-down-5m,btc-updown-5m,0x588023a5d076eac68e490fe247a46e3a67912a3a,0,,12,15,7,0.4444444444444444,5,12,392,0.030612244897959183,0.0009308820107051431
5m,300,btc-up-or-down-5m,btc-updown-5m,0xd243da8b0d0544e189d1b76fdbd0c4d65be80c11,0,,12,12,21,0.5,5,8,147,0.08163265306122448,0.0009308820107051431
5m,300,btc-up-or-down-5m,btc-updown-5m,0x966ebfb57b4dcb4ba1aee45d9348be0b73d4f95c,0,,12,7,10,0.631578947368421,5,9,243,0.04938271604938271,0.0009308820107051431
5m,300,btc-up-or-down-5m,btc-updown-5m,0x9848f025f9ab16dd134c5a51bde26bca7bca9e20,0,,12,51,25,0.19047619047619047,5,7,203,0.059113300492610835,0.0009308820107051431
5m,300,btc-up-or-down-5m,btc-updown-5m,0x14026373da58fabe45e2bf73a915a5d4b3a6e35b,0,,12,23,14,0.34285714285714286,5,12,643,0.01866251944012442,0.0009308820107051431
5m,300,btc-up-or-down-5m,btc-updown-5m,0x7aea306719d4a8b7931ff82dbbdcae0d64212ab8,0,,12,16,6,0.42857142857142855,5,11,536,0.022388059701492536,0.0009308820107051431
5m,300,btc-up-or-down-5m,btc-updown-5m,0x88ad3166c6cce6a1bf732050749089273252a1f3,0,,12,10,7,0.5454545454545454,5,3,40,0.3,0.0009308820107051431
5m,300,btc-up-or-down-5m,btc-updown-5m,0x0374d5818765ffea94f0743f1e7cb7ccc5d0bd6e,0,,12,9,7,0.5714285714285714,5,11,1530,0.00784313725490196,0.0009308820107051431
5m,300,btc-up-or-down-5m,btc-updown-5m,0x9ee5318512bcd5d38f7726f1fe164e317e2cf677,0,,11,13,13,0.4583333333333333,5,10,393,0.027989821882951654,0.0008533085098130479
5m,300,btc-up-or-down-5m,btc-updown-5m,0xd51eb0de93b3e51912fd9d63ca7e744551036465,0,,11,1,6,0.9166666666666666,5,7,269,0.040892193308550186,0.0008533085098130479
5m,300,btc-up-or-down-5m,btc-updown-5m,0x9c2d56b0e388cb559ba010bde4417d09606b646b,0,,11,20,7,0.3548387096774194,5,10,408,0.02696078431372549,0.0008533085098130479
5m,300,btc-up-or-down-5m,btc-updown-5m,0xf1f7eb2f93fd4bb298eed14ebf2856f5e4a9927e,0,,11,1,0,0.9166666666666666,5,4,30,0.36666666666666664,0.0008533085098130479
5m,300,btc-up-or-down-5m,btc-updown-5m,0x52430fb09707b1cc29a4e904db11c7e287e9e18a,0,,11,4,3,0.7333333333333333,5,10,148,0.07432432432432433,0.0008533085098130479
5m,300,btc-up-or-down-5m,btc-updown-5m,0x31f2d9b2f18b884250fa46b821a9036157e1ccb8,0,,11,3,6,0.7857142857142857,5,6,179,0.061452513966480445,0.0008533085098130479
5m,300,btc-up-or-down-5m,btc-updown-5m,0x699029294ebde4c05de955dfbefc286ee11bb661,0,,11,17,9,0.39285714285714285,5,3,220,0.05,0.0008533085098130479
5m,300,btc-up-or-down-5m,btc-updown-5m,0x96dffa79b3392432af14be63e2dcc540a20174fe,0,,11,6,4,0.6470588235294118,5,8,180,0.06111111111111111,0.0008533085098130479
5m,300,btc-up-or-down-5m,btc-updown-5m,0x52f14697673e62f832e92f67d8a8be5d45b14cd7,0,,11,9,4,0.55,5,7,321,0.03426791277258567,0.0008533085098130479
5m,300,btc-up-or-down-5m,btc-updown-5m,0xae185867eb159ee1119ae2b89210de46db8bc344,0,,11,7,7,0.6111111111111112,5,7,140,0.07857142857142857,0.0008533085098130479
5m,300,btc-up-or-down-5m,btc-updown-5m,0xcc2b258f9cc79438917ce2d2c4c9968b264de69a,0,,11,13,9,0.4583333333333333,5,9,669,0.016442451420029897,0.0008533085098130479
5m,300,btc-up-or-down-5m,btc-updown-5m,0x9c99defe104811b76ff66f5262ae35ec2176ab0b,0,,11,13,6,0.4583333333333333,5,8,385,0.02857142857142857,0.0008533085098130479
5m,300,btc-up-or-down-5m,btc-updown-5m,0xc8f434d424e57f78e9e36d157c1d66da0aba3adf,0,,11,2,0,0.8461538461538461,5,8,222,0.04954954954954955,0.0008533085098130479
5m,300,btc-up-or-down-5m,btc-updown-5m,0xa49058e393f8f5523c0556a7a35b0d952340a175,0,,11,10,6,0.5238095238095238,5,8,374,0.029411764705882353,0.0008533085098130479
5m,300,btc-up-or-down-5m,btc-updown-5m,0xb236c26dab596052aa2d7f9c71b980b790e9c1dd,0,,11,9,7,0.55,5,10,196,0.05612244897959184,0.0008533085098130479
5m,300,btc-up-or-down-5m,btc-updown-5m,0x5538a5f7e2b0766dde8211e0eb52b25d72b1bef6,0,,11,12,10,0.4782608695652174,5,5,70,0.15714285714285714,0.0008533085098130479
5m,300,btc-up-or-down-5m,btc-updown-5m,0xfbd87945fdd7b4e7438f0981621459024af8f564,0,,10,10,19,0.5,5,5,240,0.041666666666666664,0.0007757350089209526
5m,300,btc-up-or-down-5m,btc-updown-5m,0xf6d2f340298aaa0107d180b73aa93069f80686e7,0,,10,22,23,0.3125,5,7,307,0.03257328990228013,0.0007757350089209526
5m,300,btc-up-or-down-5m,btc-updown-5m,0xd55aa3bfaa7a85f2dc60f10c66527ffa963a5cb8,0,,10,13,16,0.43478260869565216,5,10,889,0.01124859392575928,0.0007757350089209526
5m,300,btc-up-or-down-5m,btc-updown-5m,0x414e97159f67cfc644259d584ec7f164f5dd1f53,0,,10,14,9,0.4166666666666667,5,9,735,0.013605442176870748,0.0007757350089209526
5m,300,btc-up-or-down-5m,btc-updown-5m,0x07c836c00aee610c15f0425fc004bdfd7003df0b,0,,10,16,3,0.38461538461538464,5,8,84,0.11904761904761904,0.0007757350089209526
5m,300,btc-up-or-down-5m,btc-updown-5m,0x10251c6856809ee1f4412ebf176b22160b288f88,0,,10,7,3,0.5882352941176471,5,3,178,0.056179775280898875,0.0007757350089209526
5m,300,btc-up-or-down-5m,btc-updown-5m,0x3d3ce8e0691875f25eacdb36ae0c485944488dd6,0,,10,6,9,0.625,5,5,59,0.1694915254237288,0.0007757350089209526
5m,300,btc-up-or-down-5m,btc-updown-5m,0x2560beefbe36856bdbc3644d3c2fe7a095878d6d,0,,10,1,19,0.9090909090909091,5,5,29,0.3448275862068966,0.0007757350089209526
5m,300,btc-up-or-down-5m,btc-updown-5m,0xb557dfe930ac31a0694462de080a0a94a235ba35,0,,10,5,8,0.6666666666666666,5,3,128,0.078125,0.0007757350089209526
5m,300,btc-up-or-down-5m,btc-updown-5m,0xcab2a90005dce8525be3f2f8256b4c90a0cc089e,0,,10,5,6,0.6666666666666666,5,8,298,0.03355704697986577,0.0007757350089209526
5m,300,btc-up-or-down-5m,btc-updown-5m,0x4f118afb9c63b595fc765b42b9de4470636d5ed0,0,,10,12,1,0.45454545454545453,5,9,708,0.014124293785310734,0.0007757350089209526
5m,300,btc-up-or-down-5m,btc-updown-5m,0xb1c1e85afc88b1673c748eeb0b41241b586edc41,0,,10,7,6,0.5882352941176471,5,10,416,0.02403846153846154,0.0007757350089209526
5m,300,btc-up-or-down-5m,btc-updown-5m,0x75d22a8f9e7ff44822a426ed85bb756b17ba2476,0,,10,2,6,0.8333333333333334,5,6,69,0.14492753623188406,0.0007757350089209526
5m,300,btc-up-or-down-5m,btc-updown-5m,0x2855555a48ee7ec2e67272701651bfe77034ebe8,0,,10,15,17,0.4,5,9,637,0.015698587127158554,0.0007757350089209526
5m,300,btc-up-or-down-5m,btc-updown-5m,0x69755092aff4f5d7d45fdcd52f31a3593731482a,0,,10,6,4,0.625,5,9,433,0.023094688221709007,0.0007757350089209526
5m,300,btc-up-or-down-5m,btc-updown-5m,0x328114447fd7af7db4e809c9f457c1b52f9c8bc8,0,,10,12,9,0.45454545454545453,5,3,135,0.07407407407407407,0.0007757350089209526
5m,300,btc-up-or-down-5m,btc-updown-5m,0x105c307bd71d01bfe9c17d09d18247d371035d90,0,,10,19,42,0.3448275862068966,5,6,341,0.02932551319648094,0.0007757350089209526
5m,300,btc-up-or-down-5m,btc-updown-5m,0x38f5303ac90e0e365076768ef1d7e68ba50716da,0,,10,0,0,1.0,5,1,13,0.7692307692307693,0.0007757350089209526
5m,300,btc-up-or-down-5m,btc-updown-5m,0x1978708a7ec96b9a3654a7aa15e472e6903d35bb,0,,10,0,0,1.0,5,1,5,2.0,0.0007757350089209526
5m,300,btc-up-or-down-5m,btc-updown-5m,0x30a50d670e88e0a3bda097e26e9dc4bdf06968f2,0,,10,0,0,1.0,5,1,3,3.3333333333333335,0.0007757350089209526
5m,300,btc-up-or-down-5m,btc-updown-5m,0x5454b6cb0218303c13af41e8aef84e6bfe8b6318,0,,10,12,11,0.45454545454545453,5,9,480,0.020833333333333332,0.0007757350089209526
5m,300,btc-up-or-down-5m,btc-updown-5m,0x25261fe80634bcd96718dbc15c7de03539326e39,0,,10,3,2,0.7692307692307693,5,3,5,2.0,0.0007757350089209526
5m,300,btc-up-or-down-5m,btc-updown-5m,0x0a9e7e8c678895c27a9316709f5f6408203b03de,0,,10,6,11,0.625,5,7,361,0.027700831024930747,0.0007757350089209526
5m,300,btc-up-or-down-5m,btc-updown-5m,0x94e4c2d85027d6e9b43bb26ab60bfb12f70cc3e8,0,,10,22,9,0.3125,5,8,496,0.020161290322580645,0.0007757350089209526
5m,300,btc-up-or-down-5m,btc-updown-5m,0x3b81cc45c51af33296209d8734a6bc0b60d8b68b,0,,10,2,6,0.8333333333333334,5,6,181,0.055248618784530384,0.0007757350089209526
5m,300,btc-up-or-down-5m,btc-updown-5m,0x5b8b7c3e53743510d312c9ff452f2f37ff0b70aa,0,,10,13,15,0.43478260869565216,5,2,225,0.044444444444444446,0.0007757350089209526
5m,300,btc-up-or-down-5m,btc-updown-5m,0xb517ef4d1b65084745ab2301b1f4b8c7377806dd,0,,126,8,125,0.9402985074626866,4,119,752,0.1675531914893617,0.009774261112404002
5m,300,btc-up-or-down-5m,btc-updown-5m,0x13e279dd1d6cbd78bbc05af10c257fa976ff4baf,0,,42,20,18,0.6774193548387096,4,27,435,0.09655172413793103,0.003258087037468001
5m,300,btc-up-or-down-5m,btc-updown-5m,0xd371540e4296d7448e4035685426329f5e6b7ea5,0,,39,7,7,0.8478260869565217,4,14,33,1.1818181818181819,0.003025366534791715
5m,300,btc-up-or-down-5m,btc-updown-5m,0x0ad2b02d9d54f7ad2f53d2e1cc77e0902bec71cb,0,,34,35,36,0.4927536231884058,4,18,848,0.04009433962264151,0.002637499030331239
5m,300,btc-up-or-down-5m,btc-updown-5m,0x256e4fbbf2ef4e75c963caf7cee1f76482fc1867,1,,32,24,60,0.5714285714285714,4,12,66,0.48484848484848486,0.002482352028547048
5m,300,btc-up-or-down-5m,btc-updown-5m,0x2b41a72490ca2af2709e34368e6697cdd32fe0d3,0,,32,31,34,0.5079365079365079,4,7,569,0.056239015817223195,0.002482352028547048
5m,300,btc-up-or-down-5m,btc-updown-5m,0x1797382cd950b1d09ad6f30b74f40746575bf86e,0,,30,12,24,0.7142857142857143,4,30,503,0.05964214711729622,0.0023272050267628577
5m,300,btc-up-or-down-5m,btc-updown-5m,0x7b6d466e96a959761bbeee3d6c9501d66dea2679,0,,30,31,38,0.4918032786885246,4,14,150,0.2,0.0023272050267628577
5m,300,btc-up-or-down-5m,btc-updown-5m,0x43191e766920f6a62c7907857a08e675bf911d87,0,,25,4,3,0.8620689655172413,4,9,14,1.7857142857142858,0.0019393375223023814
5m,300,btc-up-or-down-5m,btc-updown-5m,0x043c31d53e41d1ece7378d07fbdbf4f855c22b2e,0,,25,31,27,0.44642857142857145,4,20,491,0.05091649694501019,0.0019393375223023814
5m,300,btc-up-or-down-5m,btc-updown-5m,0x68939468c38ed4093b469ee0bbe612f3c96af922,0,,25,29,37,0.46296296296296297,4,5,90,0.2777777777777778,0.0019393375223023814
5m,300,btc-up-or-down-5m,btc-updown-5m,0xe59c93559bd0fcf714c469bf2570c5e0d7bc03c3,0,,24,31,26,0.43636363636363634,4,9,709,0.03385049365303244,0.0018617640214102862
5m,300,btc-up-or-down-5m,btc-updown-5m,0x239ebe214257eedaa7205221303cf2dbcdc98884,0,,23,3,2,0.8846153846153846,4,18,177,0.12994350282485875,0.001784190520518191
5m,300,btc-up-or-down-5m,btc-updown-5m,0x0d7d4cd56de39c58032abf19aaaa88d9cb3b9a61,0,,23,4,4,0.8518518518518519,4,8,15,1.5333333333333334,0.001784190520518191
5m,300,btc-up-or-down-5m,btc-updown-5m,0x6454a9fa461cf2e368085c0fc8223139f8170bbe,0,,23,2,8,0.92,4,4,14,1.6428571428571428,0.001784190520518191
5m,300,btc-up-or-down-5m,btc-updown-5m,0xd09c400df87603344e55f4117ed16a34819e839e,0,,22,28,18,0.44,4,13,802,0.02743142144638404,0.0017066170196260958
5m,300,btc-up-or-down-5m,btc-updown-5m,0xe3e109a5f7634879e104f00c70fd5d8809c38532,0,,22,1,8,0.9565217391304348,4,3,47,0.46808510638297873,0.0017066170196260958
5m,300,btc-up-or-down-5m,btc-updown-5m,0xa8b6b4acfcab93d06454c5e879d23b16248135d3,0,,22,5,4,0.8148148148148148,4,9,16,1.375,0.0017066170196260958
5m,300,btc-up-or-down-5m,btc-updown-5m,0x1dd17e22aaf80db74706d3771843aeba576fc5eb,0,,22,25,25,0.46808510638297873,4,12,366,0.060109289617486336,0.0017066170196260958
5m,300,btc-up-or-down-5m,btc-updown-5m,0xd641afb7a915d438a3602654b8906dfda516c27f,0,,22,10,16,0.6875,4,11,499,0.04408817635270541,0.0017066170196260958
5m,300,btc-up-or-down-5m,btc-updown-5m,0x0157229dae0f9f5b0eb2296a8b368829d227340f,0,,19,13,18,0.59375,4,11,438,0.04337899543378995,0.00147389651694981
5m,300,btc-up-or-down-5m,btc-updown-5m,0x818f214c7f3e479cce1d964d53fe3db7297558cb,0,,18,17,11,0.5142857142857142,4,11,933,0.01929260450160772,0.0013963230160577147
5m,300,btc-up-or-down-5m,btc-updown-5m,0xb7c41d24c25435f0a2b7a8bc3f15bae2fd279d90,0,,18,10,4,0.6428571428571429,4,15,357,0.05042016806722689,0.0013963230160577147
5m,300,btc-up-or-down-5m,btc-updown-5m,0x06efd63b59bfab5b1882b7e7ef41e981f510d47d,0,,17,1,9,0.9444444444444444,4,14,520,0.032692307692307694,0.0013187495151656195
5m,300,btc-up-or-down-5m,btc-updown-5m,0xa769fcc7d044bd698e89dae456367266ab7e7ea1,0,,17,7,5,0.7083333333333334,4,14,501,0.033932135728542916,0.0013187495151656195
5m,300,btc-up-or-down-5m,btc-updown-5m,0x975291d84e43638240fd4b30257fd170ef81b9c8,0,,17,7,26,0.7083333333333334,4,16,343,0.04956268221574344,0.0013187495151656195
5m,300,btc-up-or-down-5m,btc-updown-5m,0x6d27cdf6b51a00b4f64436dbb77d1903f089e750,0,,17,23,20,0.425,4,17,442,0.038461538461538464,0.0013187495151656195
5m,300,btc-up-or-down-5m,btc-updown-5m,0xb4bebaa6ed87f3e76ecc3465c44b9d1e168a29a4,0,,17,17,7,0.5,4,6,641,0.0265210608424337,0.0013187495151656195
5m,300,btc-up-or-down-5m,btc-updown-5m,0x82ee61b5345d2389dd33263660f762eef9a5111b,0,,16,17,15,0.48484848484848486,4,11,332,0.04819277108433735,0.001241176014273524
5m,300,btc-up-or-down-5m,btc-updown-5m,0x1d2db6dffe029b3697d878197cbaab8a587689c0,0,,16,15,9,0.5161290322580645,4,15,632,0.02531645569620253,0.001241176014273524
5m,300,btc-up-or-down-5m,btc-updown-5m,0xad4552b42e6f40e669f2c7f3c01221374fb3df42,0,,15,27,24,0.35714285714285715,4,2,166,0.09036144578313253,0.0011636025133814289
5m,300,btc-up-or-down-5m,btc-updown-5m,0x1b322cea7a30282ec3752c55324150a981f95fc9,0,,15,11,20,0.5769230769230769,4,15,505,0.0297029702970297,0.0011636025133814289
5m,300,btc-up-or-down-5m,btc-updown-5m,0x1064b6b0f5648daad9adcc1f2d2e96a3b160a2c6,0,,15,4,3,0.7894736842105263,4,6,10,1.5,0.0011636025133814289
5m,300,btc-up-or-down-5m,btc-updown-5m,0x58cbb988257a2cb769cb624494696adcf6fa86e8,0,,15,7,1,0.6818181818181818,4,2,119,0.12605042016806722,0.0011636025133814289
5m,300,btc-up-or-down-5m,btc-updown-5m,0xa38a137796a6c50e4dd014478af2fdfa8cc8272c,0,,15,3,1,0.8333333333333334,4,5,9,1.6666666666666667,0.0011636025133814289
5m,300,btc-up-or-down-5m,btc-updown-5m,0x9d043a9fdf5d8a35ca2380dbe5feef2d1ec9f34b,0,,14,31,16,0.3111111111111111,4,10,1043,0.013422818791946308,0.0010860290124893336
5m,300,btc-up-or-down-5m,btc-updown-5m,0x8baf6554f10c39aff54978305e33ce680c103675,0,,14,6,2,0.7,4,14,369,0.037940379403794036,0.0010860290124893336
5m,300,btc-up-or-down-5m,btc-updown-5m,0x6b2becb27ccb0109a0a806d63b3c0f402d3f194e,0,,14,1,6,0.9333333333333333,4,12,316,0.04430379746835443,0.0010860290124893336
5m,300,btc-up-or-down-5m,btc-updown-5m,0x364ad627cc0e83877a845c68036eff92ef14cbe1,0,,14,15,12,0.4827586206896552,4,8,659,0.021244309559939303,0.0010860290124893336
5m,300,btc-up-or-down-5m,btc-updown-5m,0x0997f4b1f822423c65907c57963fe7191e1ec9f6,0,,14,6,4,0.7,4,2,25,0.56,0.0010860290124893336
5m,300,btc-up-or-down-5m,btc-updown-5m,0x520db8669a63d3a2ca34fa50acd463f7c5207bb5,0,,13,14,9,0.48148148148148145,4,12,470,0.027659574468085105,0.0010084555115972384
5m,300,btc-up-or-down-5m,btc-updown-5m,0x8e48881796b111d7c66eca3757d8132d6ffd78ac,0,,13,7,3,0.65,4,12,288,0.04513888888888889,0.0010084555115972384
5m,300,btc-up-or-down-5m,btc-updown-5m,0x7b1c766e7f13d7c7623a8a589c6a0f365ef262af,0,,13,2,3,0.8666666666666667,4,5,8,1.625,0.0010084555115972384
5m,300,btc-up-or-down-5m,btc-updown-5m,0x724db3c436dcc7b26fbe1ae0c0d6af538b588dea,0,,13,17,16,0.43333333333333335,4,10,1032,0.012596899224806201,0.0010084555115972384
5m,300,btc-up-or-down-5m,btc-updown-5m,0x035bce7353734b3648ba6aabce072555d0e83ca0,0,,13,22,15,0.37142857142857144,4,7,486,0.026748971193415638,0.0010084555115972384
5m,300,btc-up-or-down-5m,btc-updown-5m,0x7d9f444672b7ea247a1fcb5907c013c2178ef34b,0,,13,3,1,0.8125,4,5,8,1.625,0.0010084555115972384
5m,300,btc-up-or-down-5m,btc-updown-5m,0x70387f60b0c007138b7788e8c36dab349dfc0092,0,,13,3,1,0.8125,4,5,8,1.625,0.0010084555115972384
5m,300,btc-up-or-down-5m,btc-updown-5m,0xa1c533880fba81ea4741ce3ca67343b0d73b8838,0,,12,7,4,0.631578947368421,4,11,268,0.04477611940298507,0.0009308820107051431
5m,300,btc-up-or-down-5m,btc-updown-5m,0xb9ea49e4656c03840c492c93391f24d6c246fa15,0,,12,3,2,0.8,4,5,7,1.7142857142857142,0.0009308820107051431
5m,300,btc-up-or-down-5m,btc-updown-5m,0x112ef17619860aa542786593e0d63322ea90b7bf,0,,12,8,12,0.6,4,9,806,0.01488833746898263,0.0009308820107051431
5m,300,btc-up-or-down-5m,btc-updown-5m,0x6ee8324f3022b3a476886a237c1bbb0290a302d4,0,,12,5,4,0.7058823529411765,4,12,189,0.06349206349206349,0.0009308820107051431
5m,300,btc-up-or-down-5m,btc-updown-5m,0x8c5dba171709187345a46652e088d2caed1bdfa4,0,,12,19,17,0.3870967741935484,4,5,92,0.13043478260869565,0.0009308820107051431
5m,300,btc-up-or-down-5m,btc-updown-5m,0x76fc3c4a35908251f885628a685e2922b0b4eabe,0,,12,3,4,0.8,4,5,8,1.5,0.0009308820107051431
5m,300,btc-up-or-down-5m,btc-updown-5m,0xf58a6ab7ca63fc0246733f5fd68b35a8f819f6f4,0,,11,6,6,0.6470588235294118,4,11,546,0.020146520146520148,0.0008533085098130479
5m,300,btc-up-or-down-5m,btc-updown-5m,0x23f2b18e8b513499551b627ca99c2421ceeeb7af,0,,11,4,3,0.7333333333333333,4,5,9,1.2222222222222223,0.0008533085098130479
5m,300,btc-up-or-down-5m,btc-updown-5m,0xebdbf6abe0407432ad238408f70b9cbde9e8a8f0,0,,11,7,5,0.6111111111111112,4,11,480,0.022916666666666665,0.0008533085098130479
5m,300,btc-up-or-down-5m,btc-updown-5m,0x456ef585fd1509110268f268341d82d51a3f12d1,0,,11,12,15,0.4782608695652174,4,5,258,0.04263565891472868,0.0008533085098130479
5m,300,btc-up-or-down-5m,btc-updown-5m,0x0e6e8f4ca38d32246eac9b4597a3e3545c537fe9,0,,11,12,18,0.4782608695652174,4,3,98,0.11224489795918367,0.0008533085098130479
5m,300,btc-up-or-down-5m,btc-updown-5m,0xeb15ed2969fa20b6fafb464c41efb774f3d1ad34,0,,11,8,5,0.5789473684210527,4,5,225,0.04888888888888889,0.0008533085098130479
5m,300,btc-up-or-down-5m,btc-updown-5m,0x26a1dd90dc1cd737a9713fd0b35711be3dd03b90,0,,11,9,5,0.55,4,11,542,0.02029520295202952,0.0008533085098130479
5m,300,btc-up-or-down-5m,btc-updown-5m,0xebdaa8f0bde792cab9185a91d39d542e964fb0a9,0,,11,6,4,0.6470588235294118,4,7,130,0.08461538461538462,0.0008533085098130479
5m,300,btc-up-or-down-5m,btc-updown-5m,0x73066d349e86959f55fc7f87ac6ea49fa035a4c6,0,,11,9,1,0.55,4,7,298,0.03691275167785235,0.0008533085098130479
5m,300,btc-up-or-down-5m,btc-updown-5m,0x0224dc1f77650a8772ecda69ebccc3ea1190b6ec,0,,11,11,12,0.5,4,6,910,0.012087912087912088,0.0008533085098130479
5m,300,btc-up-or-down-5m,btc-updown-5m,0x4bbfbfbc5ab05dd48a6b74a9aab57c4b86f0517e,0,,11,8,6,0.5789473684210527,4,9,216,0.05092592592592592,0.0008533085098130479
5m,300,btc-up-or-down-5m,btc-updown-5m,0x5b79394efb4f2cc469676c4dc801362ad88c35ad,0,,11,11,14,0.5,4,5,431,0.025522041763341066,0.0008533085098130479
5m,300,btc-up-or-down-5m,btc-updown-5m,0x1597ac9f2a391bcca8b6c44e3ed5f180ef953550,0,,11,3,6,0.7857142857142857,4,9,101,0.10891089108910891,0.0008533085098130479
5m,300,btc-up-or-down-5m,btc-updown-5m,0xbea6a65df61996dbd43962f6c0a48c912fd864f4,0,,11,1,14,0.9166666666666666,4,2,98,0.11224489795918367,0.0008533085098130479
5m,300,btc-up-or-down-5m,btc-updown-5m,0xec63aa7aecca29b7b376b2dc861c6c1503e88b32,0,,11,9,2,0.55,4,8,446,0.02466367713004484,0.0008533085098130479
5m,300,btc-up-or-down-5m,btc-updown-5m,0x56c2317ad0631c58ba0c60c24d77967b0a3f3584,0,,11,11,12,0.5,4,2,12,0.9166666666666666,0.0008533085098130479
5m,300,btc-up-or-down-5m,btc-updown-5m,0x98727ae0ff6966e238bd0a6844a8400014d9e224,0,,11,5,4,0.6875,4,2,36,0.3055555555555556,0.0008533085098130479
5m,300,btc-up-or-down-5m,btc-updown-5m,0xd54ecf7a83dee59221999a146f015a2aa3880e10,0,,11,15,10,0.4230769230769231,4,3,58,0.1896551724137931,0.0008533085098130479
5m,300,btc-up-or-down-5m,btc-updown-5m,0x6ec2f74edb4d696bd6493af7862ba8e7b3a520ec,0,,10,4,6,0.7142857142857143,4,3,15,0.6666666666666666,0.0007757350089209526
5m,300,btc-up-or-down-5m,btc-updown-5m,0x0e1e3983b0b48c1e98d7d9a14af372a67faacaa1,0,,10,9,9,0.5263157894736842,4,10,674,0.01483679525222552,0.0007757350089209526
5m,300,btc-up-or-down-5m,btc-updown-5m,0xb40792bc73525ad91913e5ed2b9d47af04d6e675,0,,10,8,4,0.5555555555555556,4,8,263,0.03802281368821293,0.0007757350089209526
5m,300,btc-up-or-down-5m,btc-updown-5m,0x6bbf98d679b51e6c31e69ff41b9a176c46efa2ab,0,,10,0,6,1.0,4,9,161,0.062111801242236024,0.0007757350089209526
5m,300,btc-up-or-down-5m,btc-updown-5m,0xd7f6602264d5ab626ad7b0525402eb6ae4aa062c,0,,10,8,5,0.5555555555555556,4,9,291,0.03436426116838488,0.0007757350089209526
5m,300,btc-up-or-down-5m,btc-updown-5m,0x945bccea4eeb353bf459e95c7c98ad8f3557e533,0,,10,16,12,0.38461538461538464,4,5,1365,0.007326007326007326,0.0007757350089209526
5m,300,btc-up-or-down-5m,btc-updown-5m,0x9b859e7a8b33b30c0ce7723c0625e7cf428f60e5,0,,10,34,4,0.22727272727272727,4,6,262,0.03816793893129771,0.0007757350089209526
5m,300,btc-up-or-down-5m,btc-updown-5m,0x0cbad687a84bac23722bd3ca49e788b46fcdd8e2,0,,10,5,7,0.6666666666666666,4,9,285,0.03508771929824561,0.0007757350089209526
5m,300,btc-up-or-down-5m,btc-updown-5m,0x26422043ad41a56319a339344ba666035f334801,0,,10,3,4,0.7692307692307693,4,6,248,0.04032258064516129,0.0007757350089209526
5m,300,btc-up-or-down-5m,btc-updown-5m,0x48783b4c88b7f668997cdf91e81382e68d2e1cb7,0,,10,7,9,0.5882352941176471,4,4,67,0.14925373134328357,0.0007757350089209526
5m,300,btc-up-or-down-5m,btc-updown-5m,0xa068e2a335adaa640f5752760f4b35deee1447ea,0,,10,1,3,0.9090909090909091,4,2,6,1.6666666666666667,0.0007757350089209526
5m,300,btc-up-or-down-5m,btc-updown-5m,0xae501177e3863df181c3fcfc26b6b78fe2cf0119,0,,10,8,15,0.5555555555555556,4,3,53,0.18867924528301888,0.0007757350089209526
5m,300,btc-up-or-down-5m,btc-updown-5m,0x767f161bb07d8fcf6cff434ab75394a203d6b746,0,,10,11,0,0.47619047619047616,4,5,99,0.10101010101010101,0.0007757350089209526
5m,300,btc-up-or-down-5m,btc-updown-5m,0x2e97da037239d568a6e43c783d54babbfc793d6d,0,,38,21,10,0.6440677966101694,3,37,857,0.044340723453908985,0.00294779303389962
5m,300,btc-up-or-down-5m,btc-updown-5m,0x5599074ab5a4ab2d4a3db7ac6ed8ad714e969cf1,0,,31,32,23,0.49206349206349204,3,7,202,0.15346534653465346,0.002404778527654953
5m,300,btc-up-or-down-5m,btc-updown-5m,0x7fc91e0d237362ff52e46aada3a77d0889d9e2aa,0,,24,4,8,0.8571428571428571,3,12,121,0.19834710743801653,0.0018617640214102862
5m,300,btc-up-or-down-5m,btc-updown-5m,0x5206e1c095b77f8d876d0354fc0f753812cb6bd6,0,,22,20,97,0.5238095238095238,3,22,588,0.03741496598639456,0.0017066170196260958
5m,300,btc-up-or-down-5m,btc-updown-5m,0x5cf3714ccd1929029cdebf4e1ec137e9290edb64,1,,22,23,35,0.4888888888888889,3,5,27,0.8148148148148148,0.0017066170196260958
5m,300,btc-up-or-down-5m,btc-updown-5m,0xa0135d7b789e0bf231743a8963b86a74bf5a2e61,0,,20,6,1,0.7692307692307693,3,13,255,0.0784313725490196,0.0015514700178419051
5m,300,btc-up-or-down-5m,btc-updown-5m,0x38c6fd3ae5db3217840f71541c949011b651e912,0,,19,8,11,0.7037037037037037,3,14,120,0.15833333333333333,0.00147389651694981
5m,300,btc-up-or-down-5m,btc-updown-5m,0x0d1d71e108664e8353995659e9a525ea5dccf50d,0,,19,10,13,0.6551724137931034,3,11,206,0.09223300970873786,0.00147389651694981
5m,300,btc-up-or-down-5m,btc-updown-5m,0xc036816f6c89f8d08dfadd85e48251a4987e7df5,0,,19,11,12,0.6333333333333333,3,10,260,0.07307692307692308,0.00147389651694981
5m,300,btc-up-or-down-5m,btc-updown-5m,0x95c633da33fe4f18d9fdf9542f2b07de918aad4b,0,,19,16,19,0.5428571428571428,3,16,556,0.0341726618705036,0.00147389651694981
5m,300,btc-up-or-down-5m,btc-updown-5m,0x15fb62a2f39cc6e31d4dd42f17c90a9b3c9499f4,0,,19,22,20,0.4634146341463415,3,4,320,0.059375,0.00147389651694981
5m,300,btc-up-or-down-5m,btc-updown-5m,0x40219629d50eb657723f2c57b3e972ae0376b224,0,,19,34,22,0.3584905660377358,3,13,1820,0.010439560439560439,0.00147389651694981
5m,300,btc-up-or-down-5m,btc-updown-5m,0x2d2c9125ea3df2f9fba86270564c1fc0591846f2,0,,19,13,10,0.59375,3,9,194,0.0979381443298969,0.00147389651694981
5m,300,btc-up-or-down-5m,btc-updown-5m,0xb50098ce15d36e43746d7916e0d507984703af82,0,,18,8,162,0.6923076923076923,3,18,119,0.15126050420168066,0.0013963230160577147
5m,300,btc-up-or-down-5m,btc-updown-5m,0x8376a5b2ad517b33706c06c3507abac9c4b7ed08,0,,18,3,5,0.8571428571428571,3,4,43,0.4186046511627907,0.0013963230160577147
5m,300,btc-up-or-down-5m,btc-updown-5m,0xd528bdc3a6b0deca2e2f4f8804fb7d5cc371c20f,0,,17,20,19,0.4594594594594595,3,4,163,0.10429447852760736,0.0013187495151656195
5m,300,btc-up-or-down-5m,btc-updown-5m,0x8fe9f78102c6f550b6bb88ba695e45917df2c6dc,0,,16,10,11,0.6153846153846154,3,9,286,0.055944055944055944,0.001241176014273524
5m,300,btc-up-or-down-5m,btc-updown-5m,0xcffc24e80910685687f477ca455d695d79552dbd,0,,16,18,5,0.47058823529411764,3,16,271,0.05904059040590406,0.001241176014273524
5m,300,btc-up-or-down-5m,btc-updown-5m,0x1e0f76debce765536a8b0b900d589e22b472d6bf,0,,16,13,13,0.5517241379310345,3,8,857,0.01866977829638273,0.001241176014273524
5m,300,btc-up-or-down-5m,btc-updown-5m,0xdc4362bf023184b15affa392ea6e55a6e9b0ce91,0,,16,23,16,0.41025641025641024,3,7,324,0.04938271604938271,0.001241176014273524
5m,300,btc-up-or-down-5m,btc-updown-5m,0x983a9b3a3c2876140adcfce16205e6c5ceb99e29,0,,15,2,7,0.8823529411764706,3,13,597,0.02512562814070352,0.0011636025133814289
5m,300,btc-up-or-down-5m,btc-updown-5m,0xadb69fd82c6a8eb2f321e0f94112fd70a84b1495,0,,15,6,15,0.7142857142857143,3,4,70,0.21428571428571427,0.0011636025133814289
5m,300,btc-up-or-down-5m,btc-updown-5m,0xcdec78fa872e1771bcba800b74cc1aa565d15102,0,,15,11,8,0.5769230769230769,3,15,563,0.02664298401420959,0.0011636025133814289
5m,300,btc-up-or-down-5m,btc-updown-5m,0x44b5be14e6e9491cc136481bc2009e38ee5f11a3,0,,14,13,9,0.5185185185185185,3,9,159,0.0880503144654088,0.0010860290124893336
5m,300,btc-up-or-down-5m,btc-updown-5m,0x9db0bed9740ee1f6606deaaab7306b715527622e,0,,14,1,5,0.9333333333333333,3,10,40,0.35,0.0010860290124893336
5m,300,btc-up-or-down-5m,btc-updown-5m,0x894d8b81f19fc2af71523b5d9dc26680abf27293,0,,14,10,11,0.5833333333333334,3,8,352,0.03977272727272727,0.0010860290124893336
5m,300,btc-up-or-down-5m,btc-updown-5m,0x678c4245cc3dc5675ad9b7a212715b0659e3f9f5,0,,14,4,5,0.7777777777777778,3,11,496,0.028225806451612902,0.0010860290124893336
5m,300,btc-up-or-down-5m,btc-updown-5m,0x69c5647fe3a8fd0a9f3e31ca0897134d5341501b,0,,14,32,23,0.30434782608695654,3,7,285,0.04912280701754386,0.0010860290124893336
5m,300,btc-up-or-down-5m,btc-updown-5m,0x78f857c975d6506070bf611fa8718577cbc0e919,0,,14,10,15,0.5833333333333334,3,6,91,0.15384615384615385,0.0010860290124893336
5m,300,btc-up-or-down-5m,btc-updown-5m,0x70e37a88bc5ed47e36fe5776593c75684cfe4f48,0,,14,33,15,0.2978723404255319,3,10,1407,0.009950248756218905,0.0010860290124893336
5m,300,btc-up-or-down-5m,btc-updown-5m,0xfb68be635e8eae177c2f8bf512f5341fbbc92e38,0,,13,11,16,0.5416666666666666,3,7,90,0.14444444444444443,0.0010084555115972384
5m,300,btc-up-or-down-5m,btc-updown-5m,0x7879c211f8277edfcc6b14a1e8e19adfa9d6dd74,0,,13,2,4,0.8666666666666667,3,13,598,0.021739130434782608,0.0010084555115972384
5m,300,btc-up-or-down-5m,btc-updown-5m,0x33fe41f4be845e2781024d6140ec67bc0891da25,0,,13,8,9,0.6190476190476191,3,8,139,0.09352517985611511,0.0010084555115972384
5m,300,btc-up-or-down-5m,btc-updown-5m,0x3ee8d379cd0b4e3ad84b5c5791ac17eb59f48e7d,0,,13,17,14,0.43333333333333335,3,11,495,0.026262626262626262,0.0010084555115972384
5m,300,btc-up-or-down-5m,btc-updown-5m,0xc6d031cd8b7ba91dda5adc6cff7b5399f5c5bee9,0,,13,8,6,0.6190476190476191,3,12,365,0.03561643835616438,0.0010084555115972384
5m,300,btc-up-or-down-5m,btc-updown-5m,0x7c3db723f1d4d8cb9c550095203b686cb11e5c6b,0,,13,11,12,0.5416666666666666,3,3,112,0.11607142857142858,0.0010084555115972384
5m,300,btc-up-or-down-5m,btc-updown-5m,0x865a9020e8a0b27c442cb9cf0776ae87e5f2da48,0,,13,3,3,0.8125,3,10,76,0.17105263157894737,0.0010084555115972384
5m,300,btc-up-or-down-5m,btc-updown-5m,0x41a137281f06b06a30b0607cf2d7eae3b574dae0,0,,12,44,10,0.21428571428571427,3,11,442,0.027149321266968326,0.0009308820107051431
5m,300,btc-up-or-down-5m,btc-updown-5m,0xc36fd737fb6ae96a69eda33cd8c443b41bb87422,0,,12,2,2,0.8571428571428571,3,6,36,0.3333333333333333,0.0009308820107051431
5m,300,btc-up-or-down-5m,btc-updown-5m,0xe7642c6806d37b0aaeff5b2c597d60e2e1411857,0,,12,3,6,0.8,3,6,67,0.1791044776119403,0.0009308820107051431
5m,300,btc-up-or-down-5m,btc-updown-5m,0xd8eb4cbf6f7db44049e3481c8620689f8c91b872,0,,12,26,11,0.3157894736842105,3,9,1124,0.010676156583629894,0.0009308820107051431
5m,300,btc-up-or-down-5m,btc-updown-5m,0xb289f2a9c250ceca0382a888e6b0460d19c64cc3,0,,11,8,11,0.5789473684210527,3,10,277,0.039711191335740074,0.0008533085098130479
5m,300,btc-up-or-down-5m,btc-updown-5m,0xb1d3f5ab51a31f00b216a92d658a20b72aa47d4e,0,,11,7,2,0.6111111111111112,3,9,256,0.04296875,0.0008533085098130479
5m,300,btc-up-or-down-5m,btc-updown-5m,0xb6eb1910b70fd1c2a61e5078a6472953ad038f6b,0,,11,9,11,0.55,3,7,99,0.1111111111111111,0.0008533085098130479
5m,300,btc-up-or-down-5m,btc-updown-5m,0x2e6f9fc901e00590aba06905e62542971d12b5fc,0,,11,4,5,0.7333333333333333,3,9,85,0.12941176470588237,0.0008533085098130479
5m,300,btc-up-or-down-5m,btc-updown-5m,0x08fcbe42f1528355dd75f6cd435af19c6e1c3c2d,0,,11,12,12,0.4782608695652174,3,8,105,0.10476190476190476,0.0008533085098130479
5m,300,btc-up-or-down-5m,btc-updown-5m,0x5693871376450cd5cf92b26e571a357937ccb3ed,0,,11,2,3,0.8461538461538461,3,8,31,0.3548387096774194,0.0008533085098130479
5m,300,btc-up-or-down-5m,btc-updown-5m,0x265c982b2d53ebdfa699d6b634abfd1812fbca31,0,,11,4,5,0.7333333333333333,3,6,41,0.2682926829268293,0.0008533085098130479
5m,300,btc-up-or-down-5m,btc-updown-5m,0xdd623124fe1a1a07c9d7494dab7b9a2503f00cf7,0,,11,5,4,0.6875,3,6,41,0.2682926829268293,0.0008533085098130479
5m,300,btc-up-or-down-5m,btc-updown-5m,0x73ba87499960c44ac2f504fcd1f7b827689988a6,0,,11,8,9,0.5789473684210527,3,10,290,0.03793103448275862,0.0008533085098130479
5m,300,btc-up-or-down-5m,btc-updown-5m,0x41132c340c624dd4f21ef2bd7383747a1af25cc6,0,,11,7,22,0.6111111111111112,3,11,154,0.07142857142857142,0.0008533085098130479
5m,300,btc-up-or-down-5m,btc-updown-5m,0xbc0bcab16dd3026e89d6258ca459862696cd35c8,0,,11,3,6,0.7857142857142857,3,8,389,0.028277634961439587,0.0008533085098130479
5m,300,btc-up-or-down-5m,btc-updown-5m,0x4180b7b15ebcdbbb4863bbde855a3826a82ffb3c,0,,11,12,14,0.4782608695652174,3,5,248,0.04435483870967742,0.0008533085098130479
5m,300,btc-up-or-down-5m,btc-updown-5m,0xa18bdcb7ad67ddaff7121e25e68b31ceff26563e,0,,10,19,5,0.3448275862068966,3,9,631,0.01584786053882726,0.0007757350089209526
5m,300,btc-up-or-down-5m,btc-updown-5m,0x9ca3081c40bcabae6de832aef74d83ffe2eaf1db,0,,10,21,27,0.3225806451612903,3,8,252,0.03968253968253968,0.0007757350089209526
5m,300,btc-up-or-down-5m,btc-updown-5m,0x66847d8cd768ee87b6d481ce33de73ce9bcee69a,0,,10,4,10,0.7142857142857143,3,9,384,0.026041666666666668,0.0007757350089209526
5m,300,btc-up-or-down-5m,btc-updown-5m,0xe6684d58ec87e1a5e504913a9dc1a24c3148a05a,0,,10,7,6,0.5882352941176471,3,5,79,0.12658227848101267,0.0007757350089209526
5m,300,btc-up-or-down-5m,btc-updown-5m,0xebec563fc317ca25ce386db7e57e37ab5a75de62,0,,10,5,4,0.6666666666666666,3,6,42,0.23809523809523808,0.0007757350089209526
5m,300,btc-up-or-down-5m,btc-updown-5m,0x08f6ad354eb21733a32159ef27d3f7793ccec40c,0,,10,1,13,0.9090909090909091,3,7,43,0.23255813953488372,0.0007757350089209526
5m,300,btc-up-or-down-5m,btc-updown-5m,0x482ba0563b12fb13c25db807fc2aa8599f312935,0,,10,15,8,0.4,3,9,302,0.033112582781456956,0.0007757350089209526
5m,300,btc-up-or-down-5m,btc-updown-5m,0x8d6f9a2ee6ddc8fc781865e8c2fbe9853062d3e4,0,,10,2,7,0.8333333333333334,3,6,356,0.028089887640449437,0.0007757350089209526
5m,300,btc-up-or-down-5m,btc-updown-5m,0xdb7b4bd00ee4a08e6784b18682bce06ec7c28d9e,0,,10,2,4,0.8333333333333334,3,4,18,0.5555555555555556,0.0007757350089209526
5m,300,btc-up-or-down-5m,btc-updown-5m,0x9444bfc32e09417b746eaa188f0cdad4cdcdbbb7,0,,10,9,6,0.5263157894736842,3,6,173,0.057803468208092484,0.0007757350089209526
5m,300,btc-up-or-down-5m,btc-updown-5m,0x15ccd7145e82990360a632cc576e3e543ce06b7d,0,,10,8,5,0.5555555555555556,3,4,69,0.14492753623188406,0.0007757350089209526
5m,300,btc-up-or-down-5m,btc-updown-5m,0x451d1db7b09d7af8eae36500fd77fb8e1d65ceb5,0,,10,4,17,0.7142857142857143,3,5,157,0.06369426751592357,0.0007757350089209526
5m,300,btc-up-or-down-5m,btc-updown-5m,0xf33bc73ae3a9a7bf69108155d28fa7b8a62db78c,0,,58,19,51,0.7532467532467533,2,58,437,0.13272311212814644,0.004499263051741525
5m,300,btc-up-or-down-5m,btc-updown-5m,0xd92cfe56eab1a65160cc9273be57b1cde86fc091,0,,23,16,3,0.5897435897435898,2,23,594,0.03872053872053872,0.001784190520518191
5m,300,btc-up-or-down-5m,btc-updown-5m,0x985a48ccb9d343d4f5d94f60be3b3e368db020b8,0,,23,5,20,0.8214285714285714,2,23,256,0.08984375,0.001784190520518191
5m,300,btc-up-or-down-5m,btc-updown-5m,0x07ecaac72ce9c1702255ae8f5a04ad7680474454,0,,20,27,13,0.425531914893617,2,12,253,0.07905138339920949,0.0015514700178419051
5m,300,btc-up-or-down-5m,btc-updown-5m,0x1839adb7b2e049bd98c6cde9ea2c7c9fb12d602f,0,,20,2,0,0.9090909090909091,2,20,91,0.21978021978021978,0.0015514700178419051
5m,300,btc-up-or-down-5m,btc-updown-5m,0x786a26f55904e78055adf76c33465e87e56be901,0,,18,1,5,0.9473684210526315,2,18,155,0.11612903225806452,0.0013963230160577147
5m,300,btc-up-or-down-5m,btc-updown-5m,0x931fb2b09387d2bce99ea1e595302f2283ec2e44,0,,18,16,19,0.5294117647058824,2,17,375,0.048,0.0013963230160577147
5m,300,btc-up-or-down-5m,btc-updown-5m,0xd9794cec399f35f7af04e0d41a66e1fb2374d8a0,0,,18,11,12,0.6206896551724138,2,8,223,0.08071748878923767,0.0013963230160577147
5m,300,btc-up-or-down-5m,btc-updown-5m,0x350ef9c36f267d5605eff2e639818b95ee387528,0,,17,14,13,0.5483870967741935,2,8,442,0.038461538461538464,0.0013187495151656195
5m,300,btc-up-or-down-5m,btc-updown-5m,0xec1a717e171036adf82ec52f7cdd9efc881df7ce,0,,16,10,15,0.6153846153846154,2,6,77,0.2077922077922078,0.001241176014273524
5m,300,btc-up-or-down-5m,btc-updown-5m,0x80698574b7e829e3866cfad881f212d621f28a2f,0,,16,7,0,0.6956521739130435,2,16,139,0.11510791366906475,0.001241176014273524
5m,300,btc-up-or-down-5m,btc-updown-5m,0xe6e3bd51f2e47a65cfef02f740236009f1ebab59,0,,15,17,12,0.46875,2,5,51,0.29411764705882354,0.0011636025133814289
5m,300,btc-up-or-down-5m,btc-updown-5m,0xbaec0409193741e046b07de1fec2149652eaf856,0,,15,10,15,0.6,2,6,458,0.03275109170305677,0.0011636025133814289
5m,300,btc-up-or-down-5m,btc-updown-5m,0x4be0cf14a8793845036f12c502abe26046afcba2,0,,15,7,8,0.6818181818181818,2,9,187,0.08021390374331551,0.0011636025133814289
5m,300,btc-up-or-down-5m,btc-updown-5m,0x97fe7eb667db3fbfd2447b1bf24504095b80521f,0,,14,10,10,0.5833333333333334,2,4,77,0.18181818181818182,0.0010860290124893336
5m,300,btc-up-or-down-5m,btc-updown-5m,0x49818089c6e2755e0e300a48a8dc4747cf9cd2b4,0,,14,12,9,0.5384615384615384,2,8,286,0.04895104895104895,0.0010860290124893336
5m,300,btc-up-or-down-5m,btc-updown-5m,0xae777b03af9ed8936a30b92d0a17bf1b8312fa72,0,,13,6,6,0.6842105263157895,2,13,751,0.017310252996005325,0.0010084555115972384
5m,300,btc-up-or-down-5m,btc-updown-5m,0x88145cf299b0ea3b1e8a5f94ccb04c67d5344a9e,0,,12,6,13,0.6666666666666666,2,12,119,0.10084033613445378,0.0009308820107051431
5m,300,btc-up-or-down-5m,btc-updown-5m,0x1d2cfa8e40ecaca424daccffdc59281b0dd05691,0,,12,0,2,1.0,2,12,57,0.21052631578947367,0.0009308820107051431
5m,300,btc-up-or-down-5m,btc-updown-5m,0x47b94b46610cefca8c10d82e79215b8fe5341ccd,0,,12,6,7,0.6666666666666666,2,4,84,0.14285714285714285,0.0009308820107051431
5m,300,btc-up-or-down-5m,btc-updown-5m,0x1ad179eee3f4d357def87ffed5c786cbdba5e429,0,,12,2,0,0.8571428571428571,2,12,598,0.020066889632107024,0.0009308820107051431
5m,300,btc-up-or-down-5m,btc-updown-5m,0xc62bd7964d6c51b410c81880f6d6b8eeed479f64,0,,12,9,9,0.5714285714285714,2,7,282,0.0425531914893617,0.0009308820107051431
5m,300,btc-up-or-down-5m,btc-updown-5m,0x263332451c40d0af31f6ba11ca61f7ca225544fc,0,,11,8,7,0.5789473684210527,2,10,424,0.025943396226415096,0.0008533085098130479
5m,300,btc-up-or-down-5m,btc-updown-5m,0xc86e89cc3332e49a38a2cc92c3ffad26b6cfa4f3,0,,11,15,11,0.4230769230769231,2,11,300,0.03666666666666667,0.0008533085098130479
5m,300,btc-up-or-down-5m,btc-updown-5m,0x13894331c6b86b35ef2bb9a31f955514c62dea47,0,,11,10,7,0.5238095238095238,2,7,141,0.07801418439716312,0.0008533085098130479
5m,300,btc-up-or-down-5m,btc-updown-5m,0x3e09f7fa03c174b8e907a73596ed69e7be64c187,0,,11,8,8,0.5789473684210527,2,8,299,0.03678929765886288,0.0008533085098130479
5m,300,btc-up-or-down-5m,btc-updown-5m,0xfe6c8c6a752097e379a706fa2e711509113ddde7,0,,11,20,20,0.3548387096774194,2,9,131,0.08396946564885496,0.0008533085098130479
5m,300,btc-up-or-down-5m,btc-updown-5m,0xe9806960a7b24b78d715fef823e596fd67fd57c9,0,,11,9,7,0.55,2,7,271,0.04059040590405904,0.0008533085098130479
5m,300,btc-up-or-down-5m,btc-updown-5m,0x2f851e966cc8ec616f194d5c78045f25051d7e32,0,,10,30,9,0.25,2,10,624,0.016025641025641024,0.0007757350089209526
5m,300,btc-up-or-down-5m,btc-updown-5m,0xf75b86d18e0c889b89f1f404ff0cb08c4587a195,0,,10,2,6,0.8333333333333334,2,10,52,0.19230769230769232,0.0007757350089209526
5m,300,btc-up-or-down-5m,btc-updown-5m,0xae55bcf8be31ab7a72a45df2b40f3c6eb09e2067,0,,10,0,1,1.0,2,10,428,0.02336448598130841,0.0007757350089209526
5m,300,btc-up-or-down-5m,btc-updown-5m,0xf6a5ee27188b1331b076113988e0d5d91d4c4540,0,,10,13,19,0.43478260869565216,2,10,191,0.05235602094240838,0.0007757350089209526
5m,300,btc-up-or-down-5m,btc-updown-5m,0x76885f9454af9a7bffba63b0dd704145729c614e,0,,10,4,8,0.7142857142857143,2,6,93,0.10752688172043011,0.0007757350089209526
5m,300,btc-up-or-down-5m,btc-updown-5m,0x5c076820baea7364c6754764f8a0482d0301f091,0,,37,25,23,0.5967741935483871,1,5,165,0.22424242424242424,0.0028702195330075246
5m,300,btc-up-or-down-5m,btc-updown-5m,0x6cee3e8b4a34c82d46de603aa64bca57dc0e2d00,0,,36,5,4,0.8780487804878049,1,36,233,0.15450643776824036,0.0027926460321154294
5m,300,btc-up-or-down-5m,btc-updown-5m,0x713f33c9eb2ee8e636bc7633ab5e86c67ea69226,0,,19,6,1,0.76,1,19,118,0.16101694915254236,0.00147389651694981
5m,300,btc-up-or-down-5m,btc-updown-5m,0x3abffa6d0b8a22423a66064ca458499225feb143,0,,15,2,5,0.8823529411764706,1,6,69,0.21739130434782608,0.0011636025133814289
5m,300,btc-up-or-down-5m,btc-updown-5m,0x6938c8a9f5fe1241cab05b229fda8bc0e8e5ad0e,0,,15,2,1,0.8823529411764706,1,15,83,0.18072289156626506,0.0011636025133814289
5m,300,btc-up-or-down-5m,btc-updown-5m,0x773a2f6c325621852fdfa5c83f91071e78602e81,0,,15,14,17,0.5172413793103449,1,4,98,0.15306122448979592,0.0011636025133814289
5m,300,btc-up-or-down-5m,btc-updown-5m,0xd9ea800e272fa7ec5498993be9f6ade711788165,0,,14,1,4,0.9333333333333333,1,14,82,0.17073170731707318,0.0010860290124893336
5m,300,btc-up-or-down-5m,btc-updown-5m,0xc97cfb30052d84aeafa0cc5324df6f348cc8fa53,0,,13,2,3,0.8666666666666667,1,8,317,0.04100946372239748,0.0010084555115972384
5m,300,btc-up-or-down-5m,btc-updown-5m,0x172f5344c0c62ae05856f7c791707221a17c1b8b,0,,13,0,1,1.0,1,13,84,0.15476190476190477,0.0010084555115972384
5m,300,btc-up-or-down-5m,btc-updown-5m,0xeb4d78eef99ea73a6b5673fc33e5621b1f8106f5,0,,12,9,3,0.5714285714285714,1,12,232,0.05172413793103448,0.0009308820107051431
5m,300,btc-up-or-down-5m,btc-updown-5m,0xcefe151dfbee1f430e5cdc3ae9254eddbf1d05e6,0,,12,12,2,0.5,1,5,128,0.09375,0.0009308820107051431
5m,300,btc-up-or-down-5m,btc-updown-5m,0x63fd863c290121a7cf5f549b79a193f376630aa1,0,,12,9,3,0.5714285714285714,1,12,668,0.017964071856287425,0.0009308820107051431
5m,300,btc-up-or-down-5m,btc-updown-5m,0xdaf613dc39c35142bcca60d9d60fd5844980b05f,0,,12,0,1,1.0,1,9,384,0.03125,0.0009308820107051431
5m,300,btc-up-or-down-5m,btc-updown-5m,0x2624345e99a59c0fee45468d6a297114393967a2,0,,11,7,9,0.6111111111111112,1,4,46,0.2391304347826087,0.0008533085098130479
5m,300,btc-up-or-down-5m,btc-updown-5m,0x90a518796715394f06250d19ce3d5de790ab7759,0,,11,8,6,0.5789473684210527,1,6,191,0.05759162303664921,0.0008533085098130479
5m,300,btc-up-or-down-5m,btc-updown-5m,0x1313ff9f6879d94a87b48d47ab77e06807a1cc3f,0,,10,0,0,1.0,1,10,43,0.23255813953488372,0.0007757350089209526
