wallet,label,n_markets,n_buy_trades,buy_shares,avg_entry_price,win_rate,edge_per_share,profit_if_held_usd,trade_edge_z,market_bet_z,n_market_bets,market_bet_p,contested_buy_shares,edge_contested,edge_other,contested_minus_other_edge,market_bet_bh_sig,crop_member
0xbdfa5b49db398f3a589f7d7c9f3f83ca60bc63b4,,71,75,5530.914905999997,0.4255331787639303,0.5828595450822874,0.1573263663183571,870.1587445770174,0.8498716835929289,0.6078947958025961,71,0.2716286257052676,3147.789547000001,0.534438181923672,-0.34078785445881354,0.8752260363824855,0,0
0xade6c822315a1c945aa168a5b90b22b200b788b8,,2,27,18257.27981,0.24683357855758248,0.3910757727495222,0.14424219419193973,2633.4700997706004,1.0634251839799733,0.7749316213706434,2,0.21919003288821307,7139.97981,0.6678257363546278,-0.19202433813964054,0.8598500744942683,0,0
0xaf01f580b8565db2717f553d93bcca382ef15e37,,5,40,23896.560559000005,0.24215649929391095,0.30103679775333475,0.0588802984594238,1407.036617867615,0.6019157816381142,-0.29375085095892833,6,0.6155258529392815,7333.515498,0.6292588796564053,-0.19366264575948008,0.8229215254158854,0,0
0xa60fe8c5811082328db5423d10b509cb97124735,,2,32,6566.769843,0.39461216240879055,0.4985087180251279,0.10389655561633737,682.2647682129364,2.358763833801514,0.31294372442339324,2,0.3771617087339592,3273.5920160000005,0.4882258224275877,-0.2781469553757718,0.7663727778033596,0,0
0xce3e63d49a5c3ce74f9b51694a3492042d437a62,,5,26,5677.671521999999,0.5081234375432403,0.6307381557956923,0.12261471825245196,696.1660939999997,2.6714542847476372,0.935668970547287,7,0.17472182575230488,4667.176101000001,0.2569270608287253,-0.49773381803379796,0.7546608788625233,0,0
0x56ddc52cae9ea4971f506b1a7be15823649d5322,,18,61,23004.732205000004,0.25210077981174495,0.43599749649856867,0.18389671668682372,4230.494720759135,2.534627365595172,0.19979907430166272,18,0.42081886266543994,11600.567995999998,0.5537399147374612,-0.19231596213961744,0.7460558768770786,0,0
0x51b52fafb323c67da6b02d0e401ca0cdd164c747,,26,32,5768.981672,0.5085819541151078,0.36609393998435286,-0.1424880141307549,-822.0107420000018,-0.01672995075759296,-0.39067894758631566,30,0.6519827190038604,2496.366255,0.2737224930962705,-0.4599753240727339,0.7336978171690044,0,0
0x9444bfc32e09417b746eaa188f0cdad4cdcdbbb7,,14,138,3583.709278000001,0.28429746428259217,0.4659758022927439,0.1816783380101517,651.082345538601,6.026556701214918,1.79061447728348,14,0.036677591104164506,3287.267546000001,0.24142875382276874,-0.48089909815467696,0.7223278519774456,0,0
0x176e4450b5e0a55deaa0ed62a48c7090dbec22c2,,14,55,5133.655529,0.2548043836620266,0.6402306032092165,0.3854262195471899,1978.6454429999992,2.6903229171518497,-0.5117133310127921,18,0.6955741726123718,4979.108762,0.40690291392353384,-0.3064989447498439,0.7134018586733777,0,0
0xa97c0cc36449246114f9cf7fc44f85671b1899e8,,15,24,34431.244091,0.009639584823679267,0.1973152209964971,0.18767563617281782,6461.905639,4.328736432673062,1.014797124486994,15,0.15510127237178115,9303.808536999999,0.7052954187421281,-0.003980824019428305,0.7092762427615564,0,0
0x9f0ae178d061171ecd3afc1239dc3701ed02cb5c,,23,146,5688.66777,0.26532599877973684,0.38274681876878186,0.11742081998904502,667.9680341986523,4.073733601870564,1.4762569424325718,23,0.06993746416912487,2805.003648,0.4666455850360002,-0.22227780595538554,0.6889233909913857,0,0
0x360702f8adb40c40d83c3e7c935ba8f2c710e119,,17,37,4451.071723999999,0.4493457009950441,0.48345383840864836,0.034108137413604245,151.81776600000012,-0.17723183908129386,0.25690304618621546,18,0.3986268094857342,2133.232293,0.3908627160464611,-0.29423228929441747,0.6850950053408786,0,0
0xb80cf3b82c4ab96fe930e73bf502361cef24d221,,18,87,7185.107825999996,0.3160178193461516,0.5641645933734948,0.2481467740273432,1782.9613280605163,4.300311459285939,2.0001685852183706,18,0.022741031403646167,4450.670355000004,0.5039718907316322,-0.1682435347859007,0.6722154255175329,0,0
0xf8bd1c8b749fa65bcd5d0dde4e23b5e45d071d63,,10,82,11724.977077999998,0.43837441044078795,0.6626367435359861,0.22426233309519816,2629.4707149999986,0.8092303067443832,0.6287589413560717,13,0.2647534419771632,10808.750171,0.276462187276509,-0.3915405629972402,0.6680027502737492,0,0
0x06c4b5c1aff1bfc0d93f0d0b529698242ec0f553,,23,37,11910.229850000005,0.2323521452043661,0.36619278157759466,0.13384063637322857,1594.0727424754236,1.2362642589113433,1.2054210955004205,23,0.11402039086709816,3444.999933,0.603925249673885,-0.05746444065402448,0.6613896903279094,0,0
0x45638567e27fc19261347b2681b4640e2610156a,,24,96,17920.028142000003,0.49128266569226386,0.7069122212096133,0.2156295555173494,3864.0877031178534,2.8078663947672764,1.175628486517299,25,0.11987168352061199,15614.196549,0.3001086540924373,-0.35643010982776313,0.6565387639202005,0,0
0x9390319bdc6138ef65abd35f898a1490f2956a88,,7,24,3791.5659809999997,0.41935179051813526,0.48601051365958015,0.06665872314144489,252.74094699999978,-0.7594569937401402,0.43744186667912277,8,0.3308954635163909,3291.5659809999997,0.1527360988362335,-0.5,0.6527360988362335,0,0
0xeed68dd61efa7635b9be09f80f612161f2faec56,,10,20,8150.959535000002,0.5114929261067742,0.43462755185914426,-0.07686537424762996,-626.5265551350626,0.6041334050483099,0.8362257682705414,10,0.20151395227076382,2332.773949,0.3725262762238858,-0.2570468276616643,0.6295731038855501,0,0
0x09ec7b6e6585683743675f69a28861e486d27db8,,28,166,55752.07453400002,0.24211523047035774,0.2328888009554116,-0.00922642951494615,-514.3925859999745,0.2551265413196472,0.3479442335510521,36,0.36394103238332964,4746.781136999999,0.5634722107053827,-0.06252433099791854,0.6259965417033012,0,0
0xf3447209cd1d80089f8c7f5bde38acb43722a54a,,87,153,4875.618847999992,0.2429941631893541,0.4764345888015578,0.2334404256122037,1138.1665390000003,-0.2527174362153851,0.8868451361329717,90,0.18758114152599079,3740.7604230000024,0.3772521528839963,-0.2405968691645396,0.6178490220485359,0,0
0xe1ed81ee9845243ef5159b2b35eee0c3eff8edbb,,38,103,6004.135045999998,0.21319552235781608,0.33950705311967094,0.12631153076185486,758.3914885611596,3.5761108123693535,0.9540808127828825,38,0.1700213687935265,5921.653433999997,0.13479537353167562,-0.48277424548880055,0.6175696190204761,0,0
0xce24ab2c82bd63af0d15bb2f10d23bdfc3b6306e,,28,51,14527.569587999997,0.414152933741225,0.4684519185247217,0.05429898478349665,788.8322800000005,0.24384891269408202,-0.07074148823427394,35,0.5281982496526696,11693.687381999998,0.17147640504624517,-0.4292200965250706,0.6006965015713157,0,0
0xe7d67145d34a33ffc89fe1ca94884ea5dd0e3c6e,,24,27,3957.256999000001,0.8787727791949758,0.9367045074243863,0.057931728229410506,229.2507370000003,1.4097286137576204,1.6724979741592174,24,0.04721308350450846,3582.336809000001,0.11392758547288262,-0.477104863304374,0.5910324487772567,0,0
0xb24a639cec63bb652fe35402e2aa63db7cf7b9ba,,16,31,12602.148113999996,0.11982084049008349,0.1456498982868565,0.025829057796773025,325.501612,-0.6080224288380233,0.17046016146595017,18,0.43232413117035373,2416.259409,0.49509205201402284,-0.08548780005543957,0.5805798520694624,0,0
0x2e323216daf85e47ae0867ec895ac49ce4d32ef5,,21,57,3633.696486000001,0.38764735017452756,0.6452319053154953,0.2575845551409678,935.9840928636083,4.921590274578396,0.8326543143065492,22,0.20251985864484742,2302.4214230000007,0.46561794519698807,-0.1022062553959043,0.5678242005928924,0,0
0x626bacdb387b86ad7c874b279adf71aeeed78a7b,,526,542,19066.305126000007,0.4803868101066897,0.3811709437131346,-0.09921586639355512,-1891.6799819999724,-1.1669483675540733,-0.9048821285907591,526,0.8172360821058791,9682.477202000002,0.18008373855399679,-0.38740444778428706,0.5674881863382839,0,0
0xf3ba9d2f0d8637b4a9712698f491cfd95b7353f8,,42,2031,16816.719548000096,0.1390024985249793,0.22391970980141554,0.08491721127643623,1428.0289268340994,0.07029962154395886,0.7780714425051596,72,0.21826344851989965,3838.8226659999877,0.5001729460569441,-0.037914179769120954,0.538087125826065,0,0
0x59542c807d69e44d829eeb1325824406cebc62d0,,29,87,4435.983215,0.2265544764916339,0.4539648157798541,0.2274103392882202,1008.7884479999999,1.6887232443683662,1.183201747518141,38,0.11836460029173942,2231.8900539999995,0.4935510649486502,-0.04208681676500156,0.5356378817136518,0,0
0x85064a60b533a7582cd49f3962fdab0d26d99991,,51,103,13170.467153999994,0.2832292080836531,0.36839384057280217,0.08516463248914907,1121.657994880818,1.0482966290655535,1.0267716480424152,52,0.15226400132274234,7235.428123999999,0.32576734531447094,-0.20815502830624555,0.5339223736207165,0,0
0xd259f9e93689ef6aaf74a141241b12e3fb6976fd,,17,34,5411.349252,0.2987888096192387,0.30373381267020094,0.004945003050962238,26.759138560962356,-0.2987334845039831,0.17430934982465401,18,0.43081117581657724,2209.3422200000005,0.31656104971218374,-0.2100659202348948,0.5266269699470785,0,0
0x7498b6f6889dc49dd29350c861e1115d37ba59c6,,22,45,10085.70387,0.2507694583937848,0.2711723351441212,0.02040287675033642,205.7773730000008,1.6800878314631902,1.1985569595340186,22,0.11535013121954213,8055.02387,0.12611584886588298,-0.39892489215435223,0.5250407410202352,0,0
0x61aca9f3f54c42df9459c3b73bb505d266404781,,20,52,14970.919867,0.2411892684469741,0.4802077697875369,0.23901850134056277,3578.3268302999973,3.476937050741051,1.2551726991872336,25,0.10470803695417169,7777.743406,0.4903473324869418,-0.03273503755630999,0.5230823700432518,0,0
0xee30a76aca9c2e73f1dd3c50fb91448235992d2a,,60,63,3296.184,0.505655376034833,0.6111800797528294,0.10552470371799638,347.82884000000035,0.3830502113354202,0.3893644429980427,61,0.34850328559135096,2781.8940000000002,0.18697831046042745,-0.3350735966089172,0.5220519070693447,0,0
0xd720c6cac9f357a1e589480c467a6836a16dba3e,,57,139,49998.15693300001,0.06332002458095491,0.04114819717768655,-0.02217182740326836,-1108.5505060000019,-0.945262729501183,1.5853092779769098,64,0.05644804103814272,2605.928726,0.4656041713245231,-0.04899288087613177,0.5145970522006549,0,0
0x31228fec4ebef91337e4a1076d03bf6ea240e27a,,11,25,4657.5864090000005,0.12560153127155863,0.2528157115291857,0.12721418025762707,592.5110370000001,2.203522102403111,2.19901219039418,11,0.013938527755426524,2213.2146009999997,0.3964870969148283,-0.11659437163660825,0.5130814685514365,0,0
0x1150342884ba61127dddd75d78d413893dbe19af,,4,22,6435.095063000001,0.7842929862868445,0.8114756126952339,0.02718262640838942,174.92278499999975,-0.5871731354388257,-0.5588333565992476,6,0.7118622724231487,4078.713405,0.21084450796316734,-0.29072180802045616,0.5015663159836234,0,0
0x38a7f6c223d195e79854c7fae712db397d486553,,18,25,7079.816236,0.06726020611617439,0.1817886942397752,0.11452848812360081,810.8406497020021,1.8574404918238239,1.543451246336935,18,0.06136066396823637,2189.7855560000003,0.45977227301575274,-0.040073783912779416,0.4998460569285322,0,0
0x59ebc72339ae7ad470d6a893c2f585ff73fd7d85,,42,81,11551.880701999999,0.4213736503480604,0.555210613358358,0.13383696301029757,1546.0686302129443,0.7963984336507249,0.38469620898767964,42,0.35023125212327727,5486.694832,0.39429547791576725,-0.1017792931626123,0.49607477107837955,0,0
0x4391e51a8442122cc11682b11377ba7654250a92,,27,38,3032.405056999999,0.23522199955578046,0.4863418086563362,0.25111980910055576,761.4969790293997,3.0533435446691737,2.1628135885993007,27,0.015277760015907551,2425.103529999999,0.3500969047088952,-0.14411994129930036,0.4942168460081956,0,0
0x2996cd9f472d6a44dd1cc3312e6288a1c14cfd9d,,81,139,5904.662406,0.26434313612957366,0.21095271386460362,-0.05339042226497004,-315.2524191884338,0.6783856904883441,0.10238154095682085,102,0.4592269174283108,2041.609065,0.2664736529065023,-0.22243737497126456,0.48891102787776686,0,0
0x957eafd443cd53c9dd89e6fa5d22f3a096aad1f4,,10,161,11143.735889000003,0.3223837070656977,0.4065038006214362,0.08412009355573852,937.4121055431215,9.07885012948613,1.4857359131870715,11,0.06867449369566886,6841.616474000002,0.26844378506143085,-0.20900798651496277,0.4774517715763936,0,0
0x073ba663d39e9735b269645ffacfdfef3638b9cf,,26,65,64825.75652900001,0.30035706355836583,0.3981673485515459,0.09781028499318006,6340.625720999997,1.0349673393202012,1.3753682275526318,27,0.08450865701316496,22221.407533000005,0.40939917502929657,-0.06470701362574108,0.4741061886550376,0,0
0x480b98462230502f5972726157b23b0aac69944e,,34,62,15976.755737999998,0.2555542275262394,0.3062761361095048,0.05072190858326542,810.3715439999969,0.3320031130368192,0.8977207044928843,34,0.18466723422430256,8540.237729999997,0.2699686858716989,-0.20106523125358905,0.47103391712528797,0,0
0x7d136b6ccefe1094eeb173e714e0b0be9e76fed2,,39,60,7678.698811000001,0.25997224192988316,0.30738206121834033,0.04740981928845717,364.0457230000013,-0.11230038647083289,-0.02443292287304337,40,0.5097463562481861,3663.588284000001,0.2915599857835991,-0.1753650417006316,0.4669250274842307,0,0
0x8fc04319073e4b4ed9945afbd3f35fe41ecdd2ce,,9,25,25674.620685,0.0950209906191248,0.06469787956674537,-0.030323111052379434,-778.534374258973,-0.2687387641910589,0.6842049218468418,10,0.24692288737180737,2566.9489219999996,0.38625422510583607,-0.07659920303379567,0.4628534281396317,0,0
0x87bd18d34c9de3610e42e8ffb642e319d3394dfc,,44,1244,7003.917418000001,0.40494269202713207,0.5080827936169718,0.10314010158983977,722.3847540193683,9.485588239164834,0.1709422976723488,60,0.4321345686936557,5355.42143100001,0.21144943428033242,-0.2487213078659128,0.4601707421462452,0,0
0xdd6a3384bd17150028b4b8aacd1f4d8309583680,,19,105,2678.7121670000015,0.1636245664613058,0.5605228368681237,0.39689827040681785,1063.1762259999998,7.831316084476653,2.7308819361294576,19,0.0031582547696502256,2477.212170000001,0.4312009431150176,-0.024813886225516918,0.4560148293405345,0,0
0xbd2e4f84f7ad77628a408a5bfa6f8170774a37eb,,25,101,7784.165173000001,0.3751605640546437,0.4686839289657504,0.09352336491110669,728.001320002807,2.7444106213681927,1.8386266613519595,26,0.032985058521134404,3786.003291,0.32741467493767645,-0.12795672909997782,0.4553714040376543,0,0
0x5a46b6d18c64b47a702b0013a0cea8b9da2e4330,,82,125,43621.067673000005,0.40189623869687574,0.3766901864295869,-0.025206052267288837,-1099.5149117205801,0.7332452205972833,0.934467484163882,87,0.17503140059669628,27583.308953,0.14124531736905083,-0.3114854279885092,0.45273074535756,0,0
0x34b6025905210639f0b7d06de104e6117f015e52,,21,80,13533.657566999995,0.2415997394505379,0.37258010608271525,0.13098036663217735,1772.6434300000005,2.509071136540749,1.3840784510040598,30,0.0831672172034662,5280.634763000001,0.40625184230337585,-0.04515002319142994,0.45140186549480577,0,0
0xaa06cec56c116653ea7e8b0b132a10e3c53295ba,,17,23,4099.368195999999,0.3329000489490477,0.4001227980937383,0.06722274914469062,275.57079989143085,-0.4183066216174025,-0.5809028711515214,21,0.7193470414084316,2931.798844,0.19442848332628437,-0.2521943576720767,0.4466228409983611,0,0
0xc873dafc855af851582c6336d7fc5fd6b9390502,,89,102,35729.935408,0.6650174662729013,0.5960500860920002,-0.0689673801809011,-2464.2000391225774,-0.6199892512284713,-1.3694945222294308,89,0.914577627041035,21323.82,0.1078647822013129,-0.3307129718311765,0.4385777540324894,0,0
0xda11b26f10560911e268b6716bdb94fa3fa225c3,,95,490,20021.510000000013,0.41284569545453853,0.45009292505909826,0.03724722960455973,745.7457799999884,1.2687204972687518,0.7549629988110942,101,0.2251355918633201,14074.259999999984,0.16640032229047846,-0.2683955811509522,0.43479590344143065,0,0
0x0763f3e81e0a72cbfaca9e23a49aae1c71aedc47,,14,71,3199.5899999999997,0.5033724633468664,0.5183851680996627,0.015012704752796369,48.034499999999525,0.3201604109149419,0.06679893449681336,15,0.47337088583245335,2283.5099999999998,0.13831964826079124,-0.29235416120862806,0.4306738094694193,0,0
0xc5ae17997c95b7fc4aa8aca84e782ad59edd1144,,47,250,122163.53769700011,0.338540414693631,0.39611198449427565,0.05757156980064465,7033.146637616526,1.2758969320916276,-0.41809111305910407,47,0.6620597488529201,74982.47857900003,0.22325691534685893,-0.20574379669424508,0.429000712041104,0,0
0x5d21b5f0508346326c75a51916840c2f655eabc5,,27,29,4652.83123,0.4313420409773708,0.44633335067259683,0.014991309695226052,69.75203392854951,-0.6305371117831365,-1.178088749928466,27,0.8806193867137905,2945.3435459999996,0.1716099958415389,-0.2551692547097829,0.4267792505513218,0,0
0x3d7402fd1b31463431e4915fafaf45bee9a877be,,324,432,16823.073958999987,0.35614388105817224,0.5756412091274933,0.21949732806932104,3692.619783913071,-0.6242759549496016,-0.21649773713843554,342,0.5857001055798702,10922.428788999998,0.36844521335812724,-0.05621365326716943,0.42465886662529667,0,0
0xd3f1f1262f9395aaa2a963ff32d68a39f741df5b,,18,26,8524.670085,0.43542681886673873,0.401731734583603,-0.03369508428313572,-287.239477000001,0.6981029215818105,1.0397098662215352,19,0.14923735770695815,4592.682747,0.16034633689449584,-0.2603414619642908,0.42068779885878665,0,0
0xb802f48d371be39f2e6c0e150dac71d12b635bbe,,39,89,182884.10295900004,0.49947891778929837,0.4748714869792138,-0.024607430810084596,-4500.307909827985,-1.605887583668301,-0.16464865598122666,39,0.5653897340645381,56101.741846000004,0.26607349346104314,-0.15323499405983748,0.4193084875208806,0,0
0x5fd51de633c6064a116ed2f85d68bc84f3dd303a,,26,30,8087.531622999999,0.517033152625733,0.6787921520316262,0.16175899940589322,1308.2310229999994,0.7361719799729143,-0.15346938206850638,26,0.5609859330899869,5284.723728000001,0.30665288526128975,-0.11143994440617916,0.4180928296674689,0,0
0x49f82a1c7f12995b9d1306b0c6ba55776818db4b,,40,41,6262.688000000003,0.4964597751636355,0.6451191565027665,0.14865938133913104,931.0073236000003,1.4115653111783204,1.6048023022781994,40,0.054268659581301455,3990.34788,0.29999878927849266,-0.11710051979366543,0.4170993090721581,0,0
0x88f96b90216c8f77e370134e06eabb41c99c53d7,,14,61,2376.7523589999996,0.30261380939133126,0.6081373423389123,0.305523532947581,726.1537776631773,2.6297653811730166,0.8859438028439645,20,0.18782390533252652,2045.3380999999997,0.36342664965495325,-0.05182817264193318,0.41525482229688643,0,0
0x3d7e23c2d1ef176aa1337c4d7591eb5a74dc21db,,37,141,27856.139999999996,0.5997083192430824,0.791787376140413,0.1920790568973305,5350.581100000003,5.348490172806913,0.6249042629575439,45,0.266016947149183,24856.139999999996,0.23663327451486849,-0.17706956666666673,0.4137028411815352,0,0
0xc8c20a99ea04f350ce197f6e856f136765118b8a,,29,77,3701.3723410000007,0.25437337617405387,0.6034370223333336,0.34906364615927976,1292.0145251425693,-2.008917663944819,-0.16214599395495993,44,0.5644045562721776,3000.2832940000017,0.4263294319243136,0.018407722749003597,0.40792170917531,0,0
0x5bc707f9c7f09590c649ad4c107df263dcd52415,,149,1185,13695.884107000014,0.37393254691694583,0.5019349298879112,0.1280023829709654,1753.1058025901739,8.238634575460805,1.8642574284136875,173,0.03114278104627034,9679.93041500001,0.2474052201351769,-0.15980251811780766,0.40720773825298456,0,0
0xfe4c06ca3530a78d362279ba02c6fc75791a3b6e,,13,27,31805.910000000003,0.33668708111165496,0.3742747810076806,0.03758769989602562,1195.5110000000004,-0.12488361073846156,0.47186474322988875,13,0.3185116674858033,24986.020000000004,0.12485766040369772,-0.2821431137452363,0.40700077414893404,0,0
0xcfd2bac261b2aa12af6eaf341a5fbb44f40d68b0,,22,28,10885.217888000001,0.27117217165055924,0.270283779734295,-0.0008883919162642195,-9.670339578473886,0.23692680279807216,0.4929955894803261,23,0.3110078518692958,5773.57823,0.18925669001154055,-0.21565656397271848,0.40491325398425904,0,0
0x8843ee741159385bd554d5933cda719eb8650b7c,,38,99,30317.59219699999,0.2627819424924652,0.30200401798088766,0.039222075488422437,1189.1188897779411,1.3427360232150083,0.9438374549663008,48,0.17262635867424023,12212.323400000001,0.28008795923415264,-0.12324621489216936,0.403334174126322,0,0
0x500ae3db27b9b8a721a8bc1f68a1ed8b47c3a800,,81,146,16559.453719999994,0.2590606075226713,0.27632809193901364,0.01726748441634235,285.94010905324194,0.8694906929279234,0.7505009865344942,81,0.22647651492423615,4488.90868,0.3109527472361673,-0.09195097432692537,0.4029037215630926,0,0
0x84d3f1d544c8cf2cbc53eb58a8ffce0af081eed1,,67,293,194645.60901199988,0.3281651540618768,0.2161449379698378,-0.112020216092039,-21804.243182890757,-2.660200093975644,-0.6649062875378989,67,0.7469447830301725,75777.07812300001,0.13230032979436035,-0.26777125427031084,0.4000715840646712,0,0
0xedb69383b6f0f130575dcce8faa7e6f5df36a7e4,,37,134,87827.16584000003,0.3496633278696179,0.2628380789157433,-0.08682524895387461,-7625.615538971233,-1.182076132974024,0.47571307076401176,37,0.317139403841733,42204.86247800001,0.1207972439170305,-0.2788953136638198,0.3996925575808503,0,0
0x908cfdc1670b046b171b86d2f9377a6619caab20,,30,49,2526.4660519999998,0.2418354324283519,0.370711103463503,0.1288756710351511,325.60000779902896,1.9538759616294437,1.4768721424766595,34,0.06985495680501908,2043.3160699999996,0.20520474678459272,-0.19393180676183908,0.3991365535464318,0,0
0x2f8ce8dbbd03c89ce7d41200f9eb5aede229fbf2,,24,28,5162.36948,0.3051654412967035,0.34774561312492497,0.04258017182822149,219.81457949916626,0.10715033135405931,0.5810609214579112,25,0.2805996975646511,3411.68214,0.17771426428872572,-0.22076472089980326,0.398478985188529,0,0
0xd263853efee67db98662e3554d1fc1e8bc8858ad,,81,136,48598.33477799999,0.348791228227598,0.3634065081175363,0.01461527988993827,710.2782649653891,0.9126759121297785,1.481181013697036,101,0.06927917209293484,24909.780448,0.20773597653510667,-0.18846145017896454,0.3961974267140712,0,0
0x91453cd588107a2b1cdc87f82a200cc6b36201e1,,52,125,3008.3973790000005,0.4260559572173455,0.5206500623666444,0.09459410514929883,284.5766580000011,2.06643062257463,0.5486779833111086,60,0.29161322902332654,2741.875978,0.1295242271530636,-0.26475438270715085,0.39427860986021446,0,0
0x4a897b8fd4b45c1ae9a35400c84f5995246d8e52,,22,27,14484.460787000002,0.5334524144703158,0.5791919576688346,0.045739543198518806,662.5126198742382,0.31884395533083904,0.024148358042622844,22,0.4903671352068842,11078.847003,0.13758005997623202,-0.2530280501313587,0.3906081101075907,0,0
0x51316d7d91492b81704bc29dc4c83f7d9c56ba8c,,28,328,13401.723614000004,0.42039712328480483,0.6493315675387724,0.22893444425396758,3068.116147616365,7.742208449676434,1.8673744309141433,35,0.030924658943260748,13363.067157000005,0.23005678291603887,-0.1590443845910151,0.389101167507054,0,0
0x93e0fa0ce9aee97755e4261a9383a0cebd043d28,,43,414,17070.112885999988,0.45730606644746574,0.5333002876897319,0.07599422124226618,1297.2299352891423,5.505509329948944,0.5495950346835051,58,0.29129858261896224,14816.45245099998,0.1273384755899718,-0.26156315490913384,0.38890163049910564,0,0
0xaf2c5b784d88d1098510abbb22087f2235b23134,,80,157,4109.230450000001,0.5143573137557323,0.6565113348656316,0.14215402110989928,584.143632134741,3.7228190278657154,-0.02988377550497911,83,0.5119201273287319,3736.66728,0.1773264300323294,-0.21061189930897883,0.38793832934130823,0,0
0xfcf8ee65919af15cd1b142ef3bfab5446cfe018f,,33,271,19099.410690999994,0.312621511202415,0.4900170179810918,0.17739550677867683,3388.1496387040224,3.8322253158883277,0.8571879524880133,44,0.19567050976782244,14688.070802999997,0.26690029841703333,-0.12062113899557969,0.387521437412613,0,0
0x22aa75e488dadaeff89ffd65ec34f5baac04b4e1,,19,169,3018.2800000000025,0.4901610188584225,0.581934081662403,0.09177306280398051,276.99679999999876,2.3493410027507458,0.2493609606711542,22,0.4015407901731738,2309.7199999999984,0.1821823857437268,-0.20293764818787396,0.38512003393160077,0,0
0x7076579b2d7989925b24fb345b6dbfe46f61b1e4,,21,94,5137.119999999997,0.1323196654935061,0.4144520665275487,0.2821324010340426,1449.348,8.186666615040547,2.4972267132412247,22,0.006258445172244807,4723.499999999997,0.31282595532973456,-0.06838499105459117,0.38121094638432573,0,0
0x56d1eff6c0eb46b7db2d273b45343cc67133839a,,29,33,8966.009786,0.21120758544753157,0.29342358705741434,0.08221600160988277,737.1494750000006,0.9544482309714793,0.9298746650794959,30,0.17621799090901294,3643.204856,0.30655205653909023,-0.07133127570767467,0.3778833322467649,0,0
0x8f1d96c468035287a0ea35c896484fd6d244a802,,54,59,3747.878837,0.35741919238229297,0.40049357737548436,0.043074384993191384,161.43757593277246,0.12068184452663062,0.12068184452663062,59,0.45197151992406703,2264.075219,0.191625172445886,-0.18359318243592548,0.3752183548818115,0,0
0x8b688e6e8304968899592dede06b4af5de3a8f95,,32,87,12124.083672999996,0.17273950176205352,0.23461130059127736,0.061871798829223834,750.1388660045332,3.6746604104157186,2.0932454263546423,37,0.01816362577102833,2792.3290339999994,0.34602220000065104,-0.02315416315842983,0.36917636315908087,0,0
0x12b712029efeee7efc4066e98e4e1b6beb8b1b0b,,68,84,4475.920084000002,0.4772125374940181,0.5393357114729035,0.06212317397888539,278.05836209391964,0.5954665393723143,0.8085116688430197,70,0.2093980457066714,2189.1271830000005,0.25016182991694186,-0.11788461465329675,0.3680464445702386,0,0
0x50d48ae94ad52dee67677ed3fb1caa13ab10263e,,40,222,5474.3019200000035,0.33445382256154377,0.39147075103230666,0.057016928470762895,312.12788100000034,-0.3518984755435874,-0.00032298457896227863,53,0.5001288522022254,3536.349815,0.184975136290356,-0.17647954617536862,0.36145468246572465,0,0
0xb3fdfe2e3d04f31e5b54a908f928e25511e322c7,,28,563,29925.53848299995,0.4094064757751946,0.5168467100361934,0.1074402342609988,3215.206865000051,11.713937034809453,0.962453714668692,36,0.16791087134154425,25845.452182999958,0.15657670225100045,-0.20381647466623418,0.3603931769172346,0,0
0x3f815f3ac9017312ef45e702e7dc91138548edaf,,81,95,4357.861929999999,0.4833682495593905,0.4700432415948527,-0.013325007964537783,-58.06854492560615,0.39895425853853167,0.6218314318657013,83,0.26702635796106217,2680.121637,0.12530076464273832,-0.23477402135519543,0.36007478599793374,0,0
0x09d3519be2b4a87926f32176a224fc1347ae3128,,38,38,4697.915440000001,0.5028504766662534,0.6269981198299303,0.12414764316367688,583.2351296582483,0.6193992671734051,0.6193992671734051,38,0.2678266818996059,2248.940007,0.3087802989496813,-0.04540398263076806,0.35418428158044934,0,0
0x99d356373c4e402d4936a93e3a6bdd965e1c9b60,,32,40,16723.870432000003,0.24341084487377687,0.21117388264635412,-0.032236962227422755,-539.1267794126961,-0.037480197897168235,0.2887040485783692,33,0.38640393212790725,7009.046091,0.17335654043800972,-0.1805684487897229,0.35392498922773263,0,0
0x88ad3166c6cce6a1bf732050749089273252a1f3,,119,203,10184.826861999998,0.3857590875470083,0.566895505267942,0.1811364177209337,1844.8430528906179,2.47161159965507,1.1523433176087567,135,0.12459001163344878,7111.200023999998,0.2870870432111741,-0.06399291327464979,0.3510799564858239,0,0
0xf9819bb2c0265a5f8b5e6b3d373261e8ec98520e,,80,173,115745.44157900005,0.3143372240668914,0.34517805224088166,0.030840828173990253,3569.685275660573,0.5611624286640787,1.2315997958365958,82,0.10904930862582941,41118.588839000004,0.2560189553313612,-0.09322988479548724,0.3492488401268484,0,0
0x3ee8dab84e3d9c654d2e317e4be4c197d094fe0c,,19,23,4442.129540999999,0.22029417318490072,0.3435701980128274,0.12327602482792668,547.6080715851824,0.016740004834070146,0.37119881801379484,20,0.35524472670696255,2051.537222,0.3110725426555287,-0.03788551803458609,0.3489580606901148,0,0
0x228087f58c51f509325d35be91c9814b7079c978,,37,38,5470.221267,0.5286477121950031,0.5191045984063665,-0.009543113788636592,-52.20294400000057,0.019483350831467277,0.019483350831467277,38,0.49222775931754753,3541.6282530000003,0.11339851060308326,-0.23531056563290031,0.3487090762359836,0,0
0x9c2e7ea41d6948fa6e03ce8b2b77d1318bcf75c9,,77,209,6016.852464999996,0.3817132151314312,0.42160766011070905,0.039894444979277854,240.03898961337472,0.7317112477010773,0.7631255778688772,102,0.22269425360780531,3795.5567920000008,0.1680016041158625,-0.17900392315556563,0.34700552727142814,0,0
0x056c3802493e92830625f49478534530505c6aff,,64,148,18222.37319499999,0.26998246360961986,0.27958790896665114,0.009605445357031284,175.03401000000395,-0.1655347103681596,0.9719870823435813,72,0.1655284874907937,4410.946027,0.2725423540984989,-0.07436853494617812,0.34691088904467704,0,0
0x9ca9b397922d0f518bbc0148b45484ab96d1ea67,,17,20,6366.151692,0.3337746608526349,0.3938445510418416,0.060069890189206665,382.41403306627217,0.3850263844338536,0.5176457407208276,17,0.30235273092372883,3741.7830729999996,0.20302251916382602,-0.14374969653558028,0.3467722156994063,0,0
0x456e81e4142a03a6447dd793c8deef212a20a6e9,,38,309,18404.21584700001,0.2430662574373792,0.19232584710078682,-0.05074041033659238,-933.8374639999965,-1.2837703651652017,0.9552636817487232,52,0.1697221844235567,2996.6963400000004,0.23537024809126955,-0.10638770402044853,0.3417579521117181,0,0
0xa44249937cef98e2ba306107e09e18a9604cd722,,32,110,5489.348350000002,0.5624561028615616,0.5442588117039425,-0.018197291157619033,-99.89127019054513,2.8256572980549985,1.9215603024033505,37,0.02733055386895361,2337.2305299999994,0.17780958776715772,-0.16353236036293228,0.34134194813009,0,0
0x229829bcb64b782ff66c17e495ef28f16ed8b75f,,32,46,37546.48507000001,0.24263411862473627,0.3617852561877637,0.11915113756302742,4473.706407583726,1.1595191439602326,1.1281352111001033,33,0.1296314103260239,12321.332425000002,0.3441049113971532,0.009271515953763299,0.3348333954433899,0,0
0xf0ad2eeb8f898619460a38c015a7897a4e797651,,37,48,5149.4758870000005,0.2723083062976599,0.2919575261621183,0.01964921986445839,101.18318389038973,0.8641569844873287,0.6115156016512118,39,0.2704291464362796,2144.748714,0.2149984697931263,-0.11978941414205568,0.334787883935182,0,0
0x8a722c1f28cb39b76e5ec3391efc42eedd4e3b30,,75,124,18677.873689999997,0.24162447405585263,0.35240687935072973,0.1107824052948771,2069.1797731721017,4.495855328471287,2.957386982328779,76,0.0015512923154320632,14087.61208,0.1927061478626791,-0.14064333107769017,0.33334947894036926,0,0
0x63691b7bd5ae30f57c903640a1da5d550705b7e6,,15,45,3935.6958309999995,0.2395262541855179,0.22816744015805532,-0.011358814027462583,-44.70483701298883,1.837716300019839,0.821157478075456,15,0.20577828684464902,2551.9387279999996,0.10490022533387866,-0.22576490045915268,0.3306651257930313,0,0
0x522d11bc59e026bfa645c52b9b7f2d2573af3913,,42,75,11152.521555,0.21282384220171258,0.10245551110257414,-0.11036833109913843,-1230.8851915725181,-1.9236601371551834,-1.0182275498717601,44,0.8457150851256795,2371.807993,0.1499338100088779,-0.1806800084492401,0.330613818458118,0,0
0x8ca22a00fe626d14e24ce6554cbb8f4837942e43,,43,65,8524.668004000001,0.2695381150235817,0.2508681249517901,-0.018669990071791598,-159.1554669999996,0.6192030725803602,0.8266584755391587,44,0.2042153317550858,3728.5415070000004,0.16628459810250418,-0.1624549505705,0.32873954867300414,0,0
0x2c5366df0e7645ff0daba47e53aea83896cc9fde,,130,332,9167.152381,0.2926303251030739,0.37659669366414594,0.08396636856107204,769.7324954785554,3.1993810557402074,1.2417972957628265,134,0.10715568037336715,7805.091045999999,0.1322738695224216,-0.19285262153827487,0.32512649106069647,0,0
0xfb7cc5124ff2c5e0be734529289cc21d187c7adf,,41,64,5321.837431,0.7010605895623948,0.8589729972531361,0.15791240769074133,840.3841620679195,-0.12399250521670928,-0.32852306613630566,42,0.6287418965305591,2456.715739,0.33181255529909526,0.008800685547573406,0.32301186975152185,0,0
0xcec27f75dcb0983643660224c0edae1325ecdb90,,91,136,5951.194352999997,0.37437921559297627,0.4523554831716989,0.07797626757872261,464.05192328251087,1.4751305599734579,1.7562864657988209,96,0.03951975352572878,3411.901655,0.2152679051387138,-0.10649461511138078,0.32176252025009455,0,0
0x671d4995a305585e2ba635967dd126cab00dc1c6,,25,65,5163.469135,0.23804306860508945,0.3047044806243429,0.06666141201925346,344.20414345693325,2.5535911276956744,-0.05505031783501097,26,0.521950811648082,3620.6443210000007,0.16244345154081752,-0.15811634259077134,0.32055979413158886,0,0
0x8970907074ed21451e42cf9c33e115643c970942,,132,389,3896.0884450000044,0.33318387697084867,0.5793653975943036,0.24618152062345494,959.144977873573,11.24891792965526,3.0409260861568623,132,0.0011792586057584847,3753.5107990000047,0.2578930227872398,-0.062136445604424606,0.3200294683916644,0,0
0x42380fc3fe00c754b71774ae82d525a1405a3fbc,,58,490,5105.016369,0.5442097782233378,0.6635789989961541,0.11936922077281631,609.3818260000021,5.809336344212954,0.9838423814288336,65,0.1625965087086211,2736.8605140000004,0.267741785615897,-0.05210387430349289,0.3198456599193899,0,0
0x46c00f92b90ece6c20d2e9dd1bcd92c07c25eadc,,86,93,7394.736240000003,0.34283889394931144,0.4039887010222828,0.06114980707297135,452.18669443150975,0.9336649043813032,1.0907763402134079,89,0.13768565484818326,4161.8394960000005,0.19943669132963893,-0.11687252467836418,0.3163092160080031,0,0
0xdd0dfc4a883cf4477ba3c067d62ca84ad0421318,,21,32,7263.316294,0.24353725253342298,0.27729891890620173,0.03376166637277875,245.2216614779959,-0.3497315280633264,-0.15692466843177322,21,0.5623478909405218,4096.769889,0.17161805798589186,-0.14459223782866437,0.31621029581455623,0,0
0xa84c5f38c752d48aa6c1666b0ffb9ed34414dea9,,80,188,14754.391432999992,0.4253366708818555,0.4466180769924273,0.021281406110571777,313.9941960000142,0.7596852706140457,-0.6578920032791258,82,0.7446962352494958,6481.982578000001,0.1983073628372216,-0.1174302058840877,0.3157375687213093,0,0
0x03a2441dc10a740d00f6de8dca904c4482422a53,,103,479,11095.53357599999,0.4237753758060149,0.47453018937176017,0.050754813565745294,563.1517380623463,3.4095880081152776,0.06585045649116875,133,0.4737484424536626,7470.205916999996,0.15302264767425627,-0.15997421601027273,0.312996863684529,0,0
0x153424c9c0bd38e364777ec6364cca3ff4809086,,119,436,7905.41456299999,0.49260246837286653,0.5378006027537919,0.0451981343809254,357.30998975539796,4.939675031159651,0.9288329166423233,160,0.17648784138054407,5685.932533999997,0.13275070892420837,-0.17909655488736614,0.3118472638115745,0,0
0x7c00e9b19b8b989c03e3b50c9702b206cceabd9f,,143,448,4741.24,0.43892831833022594,0.6074360293931546,0.1685077110629286,798.9354999999996,9.153875505602857,2.13155898454468,143,0.016521559289880104,4471.24,0.18625958347125188,-0.12546592592592587,0.31172550939717775,0,0
0x40ca156c48611aed70e3a99d10977861e84ec471,,250,294,5626.552746000003,0.5029828274866309,0.5563822207524006,0.0533993932657697,300.4545028142511,0.018343445874006974,0.014547217432270866,257,0.4941967045885101,2359.913191,0.2332433466185846,-0.0765249864195468,0.3097683330381314,0,0
0x0757447b2827cac5c5ad8f922e6b0d0e4c122157,,238,243,8540.755071000001,0.38963151138913577,0.4352158134848354,0.045584302095699636,389.3243592818426,0.44484958782472334,0.5094886347144194,240,0.30520488135611634,4606.745843,0.18761783942242966,-0.12073772963454682,0.3083555690569765,0,0
0x88b0eca76526f7ac70b3adc68e45892fd4094398,,92,116,21099.312606999993,0.5413294987653186,0.467075727326324,-0.07425377143899453,-1566.7035358400735,0.5509401915353831,0.5089575807003558,96,0.3053909789266341,5957.807938999999,0.14635698614207104,-0.16105865323670854,0.3074156393787796,0,0
0x8e37a8fafc73abacdfa3e2fe3a19f0fa1f97da10,,39,205,4429.418432,0.3785483087094354,0.3952960694231381,0.01674776071370271,74.18284000000017,0.8114686695739662,0.9334990715649593,46,0.17528117479805233,2808.718228000001,0.12878979934472817,-0.17742418757664324,0.3062139869213714,0,0
0x18b84caa510f257bc961daa88a738994ae66c368,,6,45,19499.057682000006,0.2628459262205871,0.40370710115221237,0.14086117493162525,2746.660175146054,1.0709589269217556,0.8249696150028074,6,0.20469442073979188,12135.107472,0.2555066521672281,-0.04806394647176468,0.30357059863899283,0,0
0x1f1655893d087d79df1963b8f013a0e8f6383561,,15,64,47025.763998000024,0.33959528123092647,0.3102899382479054,-0.029305342983021065,-1378.1061429999954,-0.046789064055108694,-0.21699100883012087,18,0.5858923240357972,19688.344986999997,0.1464587665902829,-0.15589024202633045,0.30234900861661335,0,0
0xf3d54ccedcd08c9a203d28e332275e50770fdde9,,54,118,2313.06658,0.335628746060565,0.4618762768168999,0.12624753075633494,292.0189442000004,4.758870057773426,2.1898075085102127,66,0.014269099983253528,2152.91658,0.1471204444902367,-0.15434967218232898,0.3014701166725657,0,0
0x1e87978b16b9e859f12c23b66fa8a84f07570ff3,,104,105,3926.6299230000022,0.3367322591964058,0.3784189348469953,0.04168667565058948,163.68814800000018,0.630905217558341,0.7016357983063575,104,0.24145316032285188,2421.343317,0.15713081921459704,-0.14401211711837955,0.3011429363329766,0,0
0x9f591436067d8b23d5f96e0c88742d33d4829677,,87,179,2623.4715489999976,0.3369517410264742,0.43729589308384065,0.10034415205736646,263.2500280310304,2.6779970612128063,1.3569795938977978,99,0.08739384723975753,2406.394887999999,0.12505986652094864,-0.17364093995781038,0.298700806478759,0,0
0x3bfd854a1eae6e8620fc391913ff3f3db6f62640,,20,43,8186.902270000001,0.3182122868630068,0.38158410201713566,0.06337181515412887,518.8188573393581,-0.1219577484769122,0.512639615675741,26,0.30410171813147585,4783.97052,0.18606517381350207,-0.10911516194326012,0.29518033575676217,0,0
0x5d34a5fdbf5e24c836d005d83de99b9e413c1d7f,,36,46,8011.369438,0.44463303241315344,0.581681978351427,0.13704894593827355,1097.949736999999,-0.9080568449344979,-1.3087373144833516,36,0.9046883263563973,6810.312427999999,0.18101909376895337,-0.11227347734309473,0.2932925711120481,0,0
0x179d75e5e8971dd702c443a95ff11db949b2a1b9,,31,116,5229.637400000001,0.4473414113282006,0.5240158811010489,0.07667446977284831,400.9796747492569,4.476984374927044,2.1634546662480325,37,0.015253113452145521,3252.65868,0.18739869579305635,-0.10549649201216815,0.2928951878052245,0,0
0x8ef4a803031500d0bcdc5d5a8a0488871c4b80ae,,35,58,4624.0868900000005,0.22227522523911744,0.30568845041750503,0.08341322517838759,385.7100009999999,0.39477567432860006,0.79020515006171,35,0.21470398442473032,3185.672618000001,0.17410765621867796,-0.11744877347824316,0.29155642969692114,0,0
0xf68c55522bac37f416da964a02552769962c3929,,126,480,9189.643546999987,0.4629590711734413,0.5413358995435696,0.07837682837012833,720.2551150658755,5.706462280672342,1.3876677991636837,170,0.08261911284967194,6753.827579999993,0.15477916778069922,-0.13346521309705156,0.2882443808777508,0,0
0xa1898c6e20b82672f0d11710b99430302913a013,,10,34,6761.960000000001,0.422023200373856,0.4021097433288573,-0.019913457044998695,-134.65399999999954,-0.9442927571356807,0.4968036333664756,11,0.3096637663917269,3646.07,0.11246712213424331,-0.17481907256032786,0.2872861946945712,0,0
0xdc5b1e01e1f6e769997c7fdd52dcab5c0856804d,,13,39,21886.79971400001,0.11947161216825625,0.16552173028214323,0.046050118113886984,1007.8897119646886,1.5414696667455137,0.9594872866761432,18,0.16865666062542456,4336.847421,0.27626873943156993,-0.010840237908676185,0.2871089773402461,0,0
0xd1e2da0a630e032231e0e29ce7f967ea67dc6b44,,71,161,6145.085984000002,0.5157359914567412,0.5831768642995118,0.06744087284277056,414.4299624548353,2.173513979236833,0.9097566379628313,86,0.18147543365650443,2990.3593650000003,0.21325708525128906,-0.07077803770196017,0.28403512295324923,0,0
0x042140ed86b0db5eed7800bbf7c882db62be4480,,90,111,11769.362337000002,0.4426382656792187,0.47821073885253773,0.03557247317331902,418.6653260000039,0.577061371895121,0.5083108477326134,94,0.30561768187375266,3074.5135920000007,0.24446192365377584,-0.03829119870445796,0.2827531223582338,0,0
0xb61bc44a246f87466b63b5ca7a5e4fa56464e616,,22,176,49615.95404700003,0.2602472516757081,0.3469297852600857,0.08668253358437761,4300.836603000016,2.955767072359872,0.8339629569791944,25,0.2021509291499067,26351.025903000005,0.21921984792031735,-0.06343588421443763,0.282655732134755,0,0
0xfb0625f05ef211d9c1ef93045ed3039bcd735c2d,,205,405,7494.219998000004,0.36127914122611177,0.4630082219264999,0.10172908070038811,762.3801109630049,3.4440312113753726,2.9364370624185288,206,0.0016600309173349901,6915.951219000005,0.12321412989984204,-0.1552267806521706,0.27844091055201264,0,0
0xea80a7c1d1655147b4d5d9cbb36c7e0b354a7296,,27,52,20234.287681000005,0.27169449211426155,0.30686628973010294,0.03517179761584138,711.6762712168447,0.33133421066720675,1.1332626670522308,32,0.128551982244366,9207.126149,0.18544296796859905,-0.09029708374412646,0.27574005171272553,0,0
0x7e66ac344b9e7a1d27f6f21faed89ac15db953df,,35,35,9020.768892000002,0.40213622232589696,0.46775078737933357,0.0656145650534366,591.8938272961514,0.7323659656657998,0.7323659656657998,35,0.23197261311292594,6691.035665,0.13682217912615968,-0.13889498130079253,0.2757171604269522,0,0
0xb1fe05bd88cfcf84d8f83c85367e0ec52bfd02aa,,45,61,18451.745231000008,0.4109946636829556,0.36099879857483785,-0.049995865108117765,-922.5109655784318,-1.2350446808431463,-0.6282803067653975,48,0.7350898349391777,6039.291647999998,0.13324623572320482,-0.13915249169387528,0.2723987274170801,0,0
0x094397600c74390f47c3fa674cd06a627bd81d8d,,50,66,4591.663229999999,0.3129226064778273,0.4447981693552905,0.13187556287746316,605.5281730000006,-1.4581538836231587,-0.871717691322966,54,0.8083187967323419,3852.377066,0.17554253501518474,-0.0956704811264397,0.2712130161416244,0,0
0x19c097620bb0e63dcf16a06d7c09f44a8b4ac076,,87,89,20140.51931299998,0.5444398129752738,0.5245883786214172,-0.019851434353856612,-399.81819699459993,0.5959791236165506,0.47585863769949893,88,0.31708754572862485,7546.629312999999,0.14959964988085594,-0.12139150810432675,0.2709911579851827,0,0
0xa82365c8e854728c472812fba6202ca125386215,,48,291,21418.696282999994,0.4324947947564421,0.47564915223556514,0.04315435747912305,924.3100761333462,5.401848156917131,0.5599547564149073,52,0.2877551491786539,15467.411323999988,0.11835675378671662,-0.1522969449292655,0.2706536987159821,0,0
0x99ec5091bea5759abe1a71da46ad1f9daf68856d,,52,52,6983.109149999999,0.5241475754965107,0.6143247811041305,0.09017720560761977,629.7172696000007,1.1457254530725622,1.1457254530725622,52,0.1259543843602343,2992.3564199999996,0.2442751526905339,-0.025368911242967473,0.2696440639335014,0,0
0xe54421e21f0e383c0eae3d6aa0fc9ddb6a66bafe,,17,22,8770.933785000001,0.3036181894373095,0.35142829105282086,0.04781010161551136,419.33923552377155,0.47648183282852374,0.6029012932442283,18,0.27328717780305334,5892.153898,0.13565341699069816,-0.1319835447964521,0.26763696178715024,0,0
0x0cf28d9092a7e5b00aeadd1d9b76200f3f59ba52,,66,318,13597.292054000009,0.3783885384307244,0.5030197286222087,0.12463119019148428,1694.6466920712337,4.932726097856086,1.3716135116202142,83,0.08509189266717063,11132.026882000002,0.1729691708479391,-0.093641353549805,0.26661052439774413,0,0
0x779f58ee61ebcc1024caaf501eb41b8217aecf46,,28,49,10985.010205999997,0.3242033736167838,0.404320588666734,0.08011721504995017,880.088424999999,-0.6320720425722852,-0.5841834724201023,33,0.7204515600441049,6927.577103,0.17828076247107505,-0.08748518927830118,0.26576595174937623,0,0
0xc289c5fe05eed02d8b2a54994ccce104d72469ae,,61,61,3819.1491840000012,0.5521735631100572,0.5639261391052274,0.011752575995170211,44.88484102185248,-0.9698022723859457,-0.9698022723859457,61,0.8339274700216373,2190.370393,0.12459873189110171,-0.14000214981787606,0.2646008817089778,0,0
0xcbd6081b73af8949e49094b979d6c9d9dba92025,,88,151,6754.486560999997,0.38579453340891584,0.4235334707034294,0.03773893729451355,254.90714478221344,1.1179295998415344,2.165289579470834,94,0.015182757941669971,2619.3080300000015,0.1992375302393548,-0.0645576281773107,0.2637951584166655,0,0
0x84d2c74ecda6c59b4e3b7d27eddf4ee0f5387975,,32,61,3777.6267589999993,0.4056414089490656,0.5789565670534791,0.1733151581044135,654.719978995548,1.1599183049412694,0.373619009128214,38,0.3543438946481075,2237.790803,0.28082163036787977,0.017079687724112835,0.26374194264376694,0,0
0x71a3a8ec7c20bc185f6b7893c7da09f47add22c9,,62,273,5393.692282,0.2570377181564841,0.32529263967380334,0.06825492151731927,368.14604339648076,-2.700008794685901,0.9493716346420942,69,0.1712158158662885,3660.4846839999987,0.1527670967924164,-0.11023236619304655,0.26299946298546295,0,0
0x4477ade4cf30c9f29a88b7d008786a1732737ca3,,162,507,8122.347030000001,0.24712374191850878,0.22975200556039282,-0.017371736358115952,-141.0992712142861,0.19816192643570543,1.201683054756568,173,0.11474317442959034,3608.8909600000006,0.1282441131681391,-0.1338039592130116,0.2620480723811507,0,0
0x553e3aa052b9015d5d932d2c33ffc7e3a757df91,,93,143,10299.476818,0.11288390800124005,0.21132364278893995,0.09843973478769989,1013.8777664159832,1.7358174944442184,1.5514193180744338,104,0.06040061433723574,4286.616642000001,0.25065027845285914,-0.010072392630002376,0.2607226710828615,0,0
0xf82addf4684c494dff04d634bed736d5039f237f,,88,158,12668.344538999998,0.2023612364110271,0.26472425332889826,0.06236301691787116,790.0361848070779,4.2525619880595515,2.232113870383402,94,0.012803718968090232,5584.2798790000015,0.20725683232808473,-0.05185497188106178,0.2591118042091465,0,0
0x43aeb66009fe8499c95337fdbec22eb5b5a3f168,,18,2412,10967.333520999986,0.23320087456503807,0.27073426519897215,0.03753339063393407,411.6412132563323,0.059366431098412414,0.6611792558286453,32,0.2542486814584406,4792.617763999978,0.18252373059678378,-0.07500349466748055,0.2575272252642643,0,0
0xc72b48fd0595c6beeff36b4581e3c27a4d11c108,,27,57,18953.481011999997,0.2805402135067933,0.26630717037172824,-0.014233043135065071,-269.7657128034325,0.6180878046790672,0.00888424845007769,28,0.4964557442883418,9290.881153999999,0.11666225457584395,-0.14009281923276068,0.25675507380860463,0,0
0xed073bc6c2b3c3a0ee5a1bb98604744678f4afdc,,95,162,10746.0361,0.41103821374103505,0.45434953666310496,0.043311322922069906,465.42503965932065,0.9819009753759348,1.169021642141383,100,0.12119745595345016,5058.525437,0.17877281712269893,-0.07716940313716997,0.2559422202598689,0,0
0xb01f5f6bb4b4f6aa884a486452096e4fbdb898c1,,194,453,7933.214432999999,0.37554837295627036,0.4387753314117433,0.06322695845547294,501.59301937364944,4.0360466506085535,0.7533099414933772,214,0.22563184307916748,4290.782690000004,0.18036016246126418,-0.07475589465856708,0.25511605711983126,0,0
0xc248b0a222125c98eacf6602df5978fa24124f85,,54,101,7372.232644,0.22608911844647112,0.28196896250850323,0.055879844062032114,411.9592105357426,2.284977533955727,1.9101979469487365,59,0.028053865706327973,3867.2286930000005,0.17716029044243703,-0.07793433381024524,0.25509462425268226,0,0
0xee66e5a59285c4fad867a4e1f7b8f0fa06763e28,,192,205,5081.691804999999,0.4902181742995334,0.5695707624677566,0.07935258816822321,403.2453969999997,-0.024737848794958734,-0.4142056848156855,193,0.660638260569814,3038.2867869999995,0.1815538063622566,-0.07260779566119291,0.2541616020234495,0,0
0x8f9936e5376e77d8d0fb176def43471fd79814f1,,111,121,16100.907313,0.5505626446183359,0.4867583509205188,-0.06380429369781715,-1027.3070189999844,-1.3323902903410731,-1.0479825716952202,112,0.8526766816520832,4240.934434999999,0.12118806288501349,-0.12995456767519187,0.25114263056020536,0,0
0xe00aa2006fdb90ab1b486917531d08e596ef330e,,21,29,3590.726719,0.617931428793291,0.7623066309992832,0.1443752022059922,518.4118961220838,1.9610888138142215,0.6427472973235019,22,0.26019404277195635,2261.140017,0.23697837098544172,-0.013108871839912495,0.2500872428253542,0,0
0xa20411c5568b3eed7640da99de0660af139496f6,,78,131,33835.265049999995,0.29370442719600054,0.27942138730194466,-0.014283039894055882,-483.27044053510326,-0.7003909358360256,0.15470833125267125,90,0.43852563084451923,16012.66477,0.11707680912782348,-0.13230292439909952,0.249379733526923,0,0
0xa1d57d329227c75b12b09f927fb3d6d6ef8f1343,,273,1052,164937.11701999968,0.35874201635175296,0.4160330433730054,0.05729102702125244,9449.416828000278,5.795022718317728,2.660852759714743,312,0.0038971516590196984,136178.16477699994,0.10066385791325855,-0.14808615300081346,0.248750010914072,0,0
0x98bfad44fe3e36260916e962927c8a6de626abe0,,52,128,17111.15289800001,0.16591177783208258,0.09857264095846772,-0.06733913687361485,-1152.2502670637743,-1.3311847355496564,-0.5682083553732405,58,0.7150532506728331,3485.3484900000003,0.1300981814829496,-0.11784168621299046,0.24793986769594006,0,0
0x025d532d6ce93f12db6e8ad767c180f79c7e1a72,,47,224,26227.317320000024,0.08562517205248014,0.1474774173357963,0.06185224528331616,1622.2184640000073,3.290215990347896,2.4866158658233553,49,0.006448228330477794,12506.319096,0.19130136034712325,-0.056137124968991606,0.24743848531611484,0,0
0x89b9627353c6bdb704074922eac48968a67ee8f5,,70,73,5580.396061000001,0.21894362066360684,0.2028151786411348,-0.016128442022472045,-90.00309433226994,-0.795597583783645,-0.8630727039824888,72,0.8059512527203121,2649.9432759999995,0.11371514443477532,-0.13354310934805674,0.24725825378283206,0,0
0xeead63607a11473b992a0ff4712c1416e422cf54,,36,65,17123.200378999998,0.2971428461025313,0.44433497620754564,0.14719213010501436,2520.4003379999995,2.5252089707221796,1.3232443588712526,45,0.09287706433790267,10785.577610000004,0.23858913913095442,-0.008350345378532242,0.24693948450948666,0,0
0x0de78cd895d1759111c7663634c7744f5f478a34,,141,184,26840.123660000012,0.43148712557117014,0.46395599389723535,0.032468868326065214,871.4684409718484,1.3653180491082875,1.0167349161685808,143,0.15463977541350366,14149.225655000002,0.14900935314539077,-0.09746343567654248,0.24647278882193324,0,0
0x21d0a97aac03917e752857a551bbe5103a00e8d7,,251,387,25473.832249999974,0.4503024394975265,0.47225111368942196,0.021948674191895445,559.1168444742489,-0.03957034152004468,-0.016431716440445804,254,0.5065550114493927,11036.732320000003,0.16161609450288072,-0.08482290315198088,0.2464389976548616,0,0
0xbdf846b3c033235a5a11360db9658a7855adba4d,,183,369,4029.6122020000007,0.36847812895557797,0.39017909148171687,0.0217009625261389,87.44646339047404,0.5195646970788145,0.15901190284353295,227,0.4368297480187693,2119.3940760000014,0.13817272841963923,-0.10752489251945613,0.24569762093909536,0,0
0xf26326d3f8318f3ea32ff41e230b8850b641dc4e,,28,28,3564.4063499999997,0.5249063990417366,0.6442355008148832,0.1193291017731466,425.33740809999995,-0.7068167609564023,-0.7068167609564023,28,0.7601598213797184,2128.8509,0.2182476000550344,-0.02736166805677903,0.24560926811181344,0,0
0x747c0fa67784f030484a05ec705009cad28cbfb5,,7,30,3965.64612,0.5248116768422089,0.7148602972168379,0.190048620374629,753.6655740000006,6.405624187812962,3.073289281755375,8,0.0010585657346682768,2741.194671,0.26578704413364884,0.020492070159655595,0.24529497397399325,0,0
0x1d485fd3ad6677bcbaf6a52fa05988f7e79ba260,,116,558,7379.941502000003,0.31880259876686623,0.34968592451588215,0.030883325749015922,227.91713741494777,4.558291100541814,1.3281965148460415,129,0.0920565977289631,3364.197776999996,0.16423018620628627,-0.08082828789990446,0.24505847410619072,0,0
0x5b33bf5024d0e0ee296a0f342f5902b860a5bf9d,,27,177,6189.175606999999,0.5548186734350612,0.649276361855861,0.09445768842079982,584.6152210676205,4.371535061920889,0.668452044394355,37,0.2519225417821567,5012.607069999997,0.14090974081131513,-0.10344483821178774,0.24435457902310287,0,0
0xbfba1136a9484c7eb8cd9bc6e08a3fa244b59774,,78,202,3478.0010170000023,0.504594883308522,0.5518559861306672,0.04726110282214524,164.37416367996298,2.4269991459475713,-0.015004013687960041,92,0.5059855108582134,2213.848692000001,0.135848485543563,-0.10787768661568109,0.24372617215924408,0,0
0x7dfc8aa22f2d4d6f9cbf55cf86682a4d2477f54e,,6,28,22192.359195,0.5128719571898583,0.682313180944348,0.16944122375448967,3760.300500000001,2.3931671301785546,1.1978823010218753,6,0.11548142048062354,16713.979194999996,0.2295637834195594,-0.013986579974371983,0.24355036339393138,0,0
0xd55008a88002817de7eb12b1de63b62cecf89a8e,,154,389,6580.4900709999965,0.38331627333863255,0.47266781538161845,0.0893515420429859,587.9769352424073,4.539949770726688,1.2613015807641168,167,0.10360010595434899,3978.9172630000025,0.1856050021130154,-0.05786115664390962,0.243466158756925,0,0
0x48dd1598744f15798e95d86289667cee2fab271d,,57,239,34345.311443,0.3130576988217716,0.38395793865155664,0.07090023982978505,2435.0908183373613,0.4376083987436312,1.3377644327250786,93,0.0904866197824282,26278.252726999996,0.12790577678006687,-0.11479394680688075,0.24269972358694764,0,0
0xea883df400f0e314bbe3863d8007e4b98fd7c4c4,,65,143,31833.10387800002,0.29642094565534943,0.3716822666223572,0.07526132096700777,2395.8014483382594,0.9334485430383462,0.879246614675086,83,0.18963378735914493,22603.202404,0.14561126494134996,-0.0970193937558319,0.24263065869718187,0,0
0x69ec47bb2ca482023944c37de1bb35683727aef7,,76,306,59939.79338100003,0.36053694608990994,0.40574732844690087,0.04521038235699093,2709.9009771540477,1.1652761991568925,0.9167505472145784,87,0.17963668597919416,29112.56670199999,0.16973887545848265,-0.07239163547831334,0.242130510936796,0,0
0xaadbd211bda2bc5fe28833c6cea1242aa8be85f9,,21,56,14733.229507000004,0.21323928032936187,0.2198935324031126,0.006654252073750727,98.03862300000037,-0.3821684595381364,0.7431160891356107,26,0.22870569979177624,6570.047194,0.13987222996498927,-0.10056476721004477,0.24043699717503403,0,0
0xabf2d63d24aade1694232156c567e28b9cae1ed8,,51,68,28642.844975000004,0.1826337191991997,0.13448938334729788,-0.04814433585190184,-1378.9907482303588,-1.6937573746954122,-0.7329150765282877,51,0.7681948864515029,9603.38262,0.11036673612879178,-0.1280963032632717,0.23846303939206348,0,0
0xb897a2dc5348c675fe3cdd72aa39a6c62fb0c669,,20,27,5110.733556000001,0.41996410345267277,0.4593772534362971,0.03941314998362433,201.43010816896958,-0.7509650308638176,-1.5535451790434731,22,0.9398535277038275,3690.846104,0.10562283910620335,-0.13269188045446534,0.2383147195606687,0,0
0xe2b43b77666ba65242d1a2d69716bb8fa3fef795,,166,330,5061.736895000001,0.35098311344309935,0.4011829328794063,0.05019981943630697,254.09827816309303,1.1856669228404748,0.9509655097362466,205,0.17081094231674887,3192.814653000001,0.13810203969829438,-0.09996988296039044,0.23807192265868482,0,0
0x4afbf450be407444eda8e9cb386d5d8694035e86,,299,759,7172.941520000035,0.4553773769482262,0.47861817783229116,0.02324080088406494,166.70490561936322,0.9906406029983966,-0.3012002477793651,299,0.6183690995537572,3459.598160000005,0.14637053325232557,-0.09147506410465789,0.23784559735698346,0,0
0x3be100d3761e79a21f6d0bbb165acf50275805aa,,32,38,3891.2191070000003,0.2789490755597776,0.289724384055354,0.010775308495576397,41.929086301806365,0.8570416308085385,0.3556840560754632,34,0.3610385933161938,2364.3756700000004,0.10400747617228079,-0.133598281863682,0.2376057580359628,0,0
0x58f2b3a02f24a0bd1459272386e912d3d5efce07,,81,136,11771.839859999993,0.10020760684212332,0.12407804169704373,0.023870434854920408,280.9989365006852,1.1723291228390254,-0.29495801323519283,93,0.6159870229692234,2211.2393140000004,0.21676970235357346,-0.02074459135421081,0.23751429370778426,0,0
0xb66dc120c79ec7282b48f938633c942567667ec1,,88,352,16296.761869,0.3051751600017396,0.40368943725651263,0.09851427725477302,1605.4637171176792,0.5653509281504212,0.18428573843746926,92,0.4268946506999598,12975.598388999997,0.14671378912282634,-0.08979849696183986,0.2365122860846662,0,0
0x7f795d9790c784bf02d852d1ce2f4815309d1db4,,140,964,10959.703931,0.27875185820454895,0.305541089620882,0.026789231416333048,293.60204486205384,1.2489782931674946,-0.4300260195414205,141,0.66641164301269,4410.087543000001,0.16753611992719702,-0.06798060897844216,0.23551672890563918,0,0
0x7c64f1ce653a89cf9529b7a558cfb680b032009d,,37,288,9264.829898000002,0.3297007244083754,0.36680204012527057,0.03710131571689518,343.73737910902764,4.089653133756308,1.2157634844892098,45,0.1120375163244477,3561.740472000002,0.18119767957163152,-0.05289093456584665,0.23408861413747817,0,0
0x60d0c03a855035c9db38a28ff969dec37f4b03c1,,77,180,6915.948264000005,0.3950933298942244,0.43225173380215404,0.03715840390792963,256.98559900005694,-0.5821898605954278,0.7032662096679256,84,0.24094493223674723,2938.830597,0.17154050852211278,-0.06214120797087047,0.23368171649298325,0,0
0x23f544a1f92150f25ebafae0e40f5db448b37a6e,,87,422,15579.96341999999,0.4330295939121356,0.5448509108245397,0.11182131691240416,1742.1720270714832,4.837523183724978,2.411871579761681,100,0.007935435261369281,10405.055470000003,0.18899289848105694,-0.04334561449735563,0.23233851297841257,0,0
0xd2ccf29494b1383484d8d0c410a4ab1763d5cc54,,66,242,20229.969417000008,0.22013753338933176,0.19500631254958264,-0.025131220839749113,-508.40382899999804,-0.9072939552834874,0.5090883991365572,105,0.3053451314738025,2556.4805430000006,0.177386265755749,-0.054425494188363815,0.23181175994411282,0,0
0x3df40c14901f72befafffd05e8be3505e19cb31a,,27,63,7880.194443999998,0.33886310233468453,0.40941482585578715,0.07055172352110262,555.961299705617,3.9825857056661484,0.8034805805060256,27,0.2108485083220966,3080.577404,0.2117049482012195,-0.020045803495616354,0.23175075169683584,0,0
0x7d8f10794dece1b666225ea229817a865da34a52,,82,106,5626.692108000001,0.1946287221370462,0.20927107586459745,0.014642353727551238,82.38801616135697,0.5120122396031086,1.0633058260738661,85,0.14382164197669128,2154.0282789999997,0.15705588307191465,-0.07369408902230525,0.23074997209421988,0,0
0x96e67df089704338666e25aea0f226222d63b641,,147,253,27461.230579000017,0.07548655386296935,0.11874783559385363,0.04326128173088428,1188.0080327548944,2.9400974852522648,2.436712012937025,164,0.00741073903903496,7964.546531999997,0.20634108340666996,-0.02335808111794759,0.22969916452461756,0,0
0xf5d1494f0ffc99dc80ff3a21c0875d75559baee4,,83,1710,14294.81868200005,0.12501016205613896,0.12999757662823294,0.004987414572093979,71.2941870000484,-1.448918196393402,1.411607445406019,130,0.07903278946084381,2321.690467000001,0.19553392644395037,-0.03196115995154587,0.22749508639549626,0,0
0x91ea53ac7468aedd4a4b1bb5fa2b1c59eea96f98,,28,64,4709.0351390000005,0.35530022243536397,0.4400582772971317,0.08475805486176774,399.1286586573542,1.9358635137987203,1.711256502173844,30,0.04351688617110682,2085.700903,0.21040589305722884,-0.015139169818172038,0.22554506287540088,0,0
0x29706db8417c77c7711592b5fac9a8de3300ffcc,,170,300,13833.653713000007,0.3403266299863104,0.3741133209179961,0.03378669093168568,467.3933824570977,-0.09792252372552197,1.1389157615593648,183,0.12736914547166295,6552.012376999998,0.1523014157625036,-0.0728527201732313,0.2251541359357349,0,0
0x6cca318703c77528ee5f549646c4ad256a9f409e,,50,62,6526.386817999999,0.31026952592131796,0.3676759332410138,0.05740640731969582,374.65642000000116,1.8227167065157035,1.4995476610854304,53,0.06686580699549073,2347.742098,0.1999306198921343,-0.02266981745219998,0.22260043734433427,0,0
0x501ad3d6146914f08e4c5a8617f6150107de5468,,174,347,31643.14651500001,0.20946673693963958,0.25414272288591333,0.044675985946273755,1413.6887690000212,0.8511633146440174,1.0000735705159831,178,0.15863745267524929,17632.509632000005,0.14303787354369504,-0.07911331392400335,0.2221511874676984,0,0
0x9c2ffbdbac458089b8d14031ccc54da9c58bde0c,,137,225,13480.207482999998,0.4026936424504652,0.5365734931099355,0.13387985065947033,1804.728164682715,3.72382550942965,1.8351926974580655,137,0.03323857138716179,11945.349682999997,0.15912710796312318,-0.062612174223101,0.22173928218622418,0,0
0xd7389b86ad1a1305c30f9654441f8574c990eeee,,23,88,2871.005737,0.3592999300288847,0.4567579692022052,0.09745803917332047,279.8025895833739,1.1386341664621633,1.3042869842770646,28,0.09606787571300697,2032.8861439999998,0.16202080487534598,-0.05914103440777668,0.22116183928312266,0,0
0xff37b71b91c502d6efcc6abaee10aac66e7c2e24,,102,280,2519.0022900000035,0.39962823175924866,0.4826065441965114,0.08297831243726272,209.02255904980063,4.147776679388211,1.967184534174279,111,0.024580970178766728,2050.9233600000025,0.12385469263463833,-0.09612465000336601,0.21997934263800434,0,0
0xa69611ada56a5a49d8d3a076f86484f47f92d40e,,40,98,5426.050391,0.2563946806187977,0.34848672307510836,0.09209204245631064,499.69606297805285,2.847157867105709,0.9195480762905343,41,0.17890448563560296,4325.716340999999,0.1366861740507393,-0.08321977648696774,0.21990595053770703,0,0
0x56e4a2bdf106bb3f451edeac5aac7443ee40fe36,,65,203,18227.164923999997,0.3079351599922278,0.3078569341089042,-7.822588332362379e-05,-1.4258360766652913,0.021638762880721377,0.8819835877425174,71,0.18889284133013967,6250.894890999998,0.14433911791405196,-0.07545542045453454,0.2197945383685865,0,0
0xbe4361c695cee7046f95dc4cfbf5fbc37c7d0f94,,58,106,13279.748590999998,0.16982500423725613,0.2857109151577914,0.11588591092053527,1538.9357622637294,1.080242611017078,1.4851548627916134,65,0.06875140285494037,11196.490200999999,0.1502366176123517,-0.06873225873068514,0.21896887634303686,0,0
0xadb8e1e290a32c8a88c79fdbb46ff0a85a60c3f0,,30,53,5756.416247000002,0.41169851956059084,0.47743979901250505,0.06574127945191421,378.4341691355662,-0.038025159255492345,-0.21171185440555595,31,0.5838340803718257,2809.058415,0.1778392857551664,-0.04109673135629377,0.21893601711146016,0,0
0x66b0f3bc70a1f5efd726aa8f2847686fd7f12d00,,176,459,20689.41347,0.24731208831502144,0.24219492076301952,-0.005117167552001922,-105.87119527863524,-0.576496426851781,0.2700767778194512,203,0.39355059354774413,8713.633660999996,0.12155057126713437,-0.09728120950505306,0.21883178077218743,0,0
0x942d10b74b0e2967b718bf8c6bde68ba7b90278e,,38,783,19141.61628900004,0.16531371229181094,0.15945742668313886,-0.005856285608672074,-112.09877199999346,0.9247649578584116,1.3471335779603235,63,0.08896860775326325,2535.2499999999986,0.1835996844492655,-0.03478002724669381,0.21837971169595932,0,0
0x00d7cdc6888883a24951c5b8efe3493b80eccfe0,,18,35,4762.350000000001,0.35579321133474007,0.5088958182409943,0.1531026069062542,729.1282000000001,2.103457742106721,1.534510516853728,20,0.062452053987971407,4655.630000000001,0.15798751189420124,-0.06,0.21798751189420124,0,0
0xc3d5d99b85b2199fb4867fc4f8a52dcd1ed26473,,187,259,11434.50961,0.7218780068924956,0.7848081150023188,0.06293010810982325,719.5749259401127,0.7278480610786295,0.6580452199523339,207,0.25525453721145674,2778.8686949999997,0.22694583237938037,0.010273330161633454,0.21667250221774692,0,0
0xa4c7fd1b522793315be0e019e7eb663fa67116cf,,107,227,11018.794356,0.34682822655286916,0.35590263247490267,0.009074405922033513,99.98901275775597,0.3558533912985028,1.6545837797317757,112,0.04900447798775028,3277.6658190000003,0.16104454773842514,-0.05527116552266942,0.21631571326109456,0,0
0x89a050291fe4424aa6b5f9ee0c090af1ba2db8a2,,235,831,21037.321111999983,0.42175597229432277,0.4456800340729624,0.02392406177863965,503.2981699405682,5.488260174084334,1.1237347085618337,297,0.13056279366529633,13386.158433999994,0.10229790164559355,-0.11319557371893224,0.2154934753645258,0,0
0x915bdef98ab785a00da98024b7a79c0301f62729,,35,77,5900.7520680000025,0.23672054919845498,0.23100542308702868,-0.0057151261114263,-33.72354222087961,-1.8678306271937806,-0.2396403493402739,38,0.5946954591127579,2285.096712,0.1253398839946808,-0.0885419840937921,0.2138818680884729,0,0
0xd5ebe9a1a9b1eda2ecc429ffd6e117c8aaf2f67f,,154,416,100612.65635599995,0.2802566188467455,0.31049598015247154,0.03023936130572602,3042.4624674779334,-0.537241860759712,0.8187944858063082,163,0.2064518387699939,55654.45122300001,0.1255486494187269,-0.0877454672854481,0.213294116704175,0,0
0xf0146fa51210a4ebbd602ae37e7427957b692d5e,,33,81,2884.6162030000014,0.2306615116797913,0.36874784066377914,0.13808632898398784,398.3260620000001,2.0766431888199457,2.7574329855413815,42,0.0029128576639169132,2009.4964459999992,0.20257520724174505,-0.009996456976345047,0.2125716642180901,0,0
0x0f25a407962335328cfc9af6d943817729a277e7,,19,43,4668.152785000001,0.4936069802076454,0.6692488829925902,0.17564190278494485,819.9232376482396,2.5528608869341993,0.9689036626800772,19,0.16629662892370659,3477.6730550000007,0.22970451357717842,0.017712221079988044,0.21199229249719037,0,0
0x85decb609cc9c3e35f3aefbb77d0f6b6c17708d8,,75,189,8514.040845999996,0.26399444819862344,0.32501879331481903,0.06102434511619559,519.5637669196899,3.8505748709354006,2.14584472031728,79,0.01594268469145026,3915.492798000002,0.17516718566994982,-0.03616404249364168,0.2113312281635915,0,0
0x2f0b2e6e6746e93410b0f0c79447f299375a82e0,,127,330,24571.251075000015,0.32968868440085974,0.3758698661215808,0.046181181720721054,1134.7294110000385,2.4464969134477257,2.576139829310434,162,0.004995511672616246,11823.716797000001,0.1557427603025156,-0.05544043770250484,0.21118319800502044,0,0
0x5d7e57d00504a85ee12dbe7ac9056d97154551de,,112,570,11487.856330000024,0.31596183738196715,0.35498656336347034,0.039024725981503194,448.3104453931278,4.8036562034072565,1.6186940067201236,122,0.05275655851829742,6464.5852540000005,0.13091031052788432,-0.07922535169232528,0.2101356622202096,0,0
0x8f1dfd0868d056f11f84e0233e1b89527c262fb6,,104,189,7053.629999999994,0.11727138650595521,0.20595353030992572,0.0886821438039705,625.5310299999999,-0.38157564767058105,0.10570722830186076,127,0.4579073225659776,5668.539999999999,0.12952991952072315,-0.07848912345046169,0.20801904297118484,0,0
0x3a1dd973eb7b418dedc537e44d57a7323f309e5f,,54,125,5173.578287999996,0.3060831812365953,0.37873730712548587,0.07265412588889059,375.8818082323826,3.7227419034722735,2.2265606975175887,54,0.012988324065674232,4265.178903000002,0.10904025256281852,-0.09818850392148207,0.20722875648430059,0,0
0xbb7e3537bce7a20f63e67bee30b4740be02948d3,,114,460,45935.538956000026,0.3230107242284102,0.37957336801253644,0.05656264378412623,2598.2355270000844,3.1853234494117957,2.1660267081682236,146,0.01515457303943998,26698.29395500002,0.1433253036111476,-0.06385038813697863,0.20717569174812622,0,0
0x4ad0b4b0d505999135b78fad66b32a2c6a41cdc2,,253,912,8135.762131000058,0.5291570994432223,0.5339106580376473,0.004753558594424945,38.67382200001248,0.027118137609482187,0.09812172440717017,255,0.4609178185911624,3292.625350000004,0.12807604545716067,-0.07908771305048867,0.20716375850764934,0,0
0x1e5f04224d8308bce9e83ea13342bfcca650dbf8,,110,257,8597.433292000002,0.09286862553755389,0.10917834638780234,0.016309720850248455,140.22173702115265,1.8750388102946807,3.9572785058247453,114,3.790426295164008e-05,2443.273952000001,0.1645499310491557,-0.04254339363833341,0.2070933246874891,1,1
0xc5694e67382925f2c23900155b50c87e30e7f73f,,42,171,3200.0720579999997,0.5190034592652278,0.6536509403814184,0.13464748111619051,430.8816420000037,3.5007290348998827,1.6055148248977247,54,0.0541902766530809,2915.139059999999,0.15306983674391272,-0.053830964148280536,0.20690080089219326,0,0
0x1d88ecf2ecaa833e3b3dd033eaf2d4518cfeda04,,22,53,33195.45445499999,0.274357570783051,0.3523332003438903,0.07797562956083931,2588.4364596867927,2.683223666372191,0.5441099917303012,22,0.29318289256448016,20014.878536,0.16007030734392702,-0.04668622242333545,0.20675652976726247,0,0
0xbc91c5b32dce55d63f7614f22345ac6a90cba482,,204,375,9248.580459999997,0.119724883725521,0.14801458698668227,0.028289703261161273,261.6395968003744,1.2897346737786701,1.979815336123293,222,0.023862141235198524,3526.195723000001,0.15583296884832015,-0.050303844408384715,0.20613681325670485,0,0
0x89b56508dca1470930e406335775fe9d636443b1,,53,90,3727.3377600000013,0.13726953711863235,0.16611914585384924,0.028849608735216886,107.53223599999984,0.5048376093697008,0.8227414982245006,62,0.20532750556921647,2129.8485739999996,0.1168719081904083,-0.0885059080456273,0.2053778162360356,0,0
0x64cd3db856e93f69eb1c34b4165b85a65c7fc365,,115,488,10260.642673000006,0.31289379820141566,0.30939170363602814,-0.0035020945653875257,-35.93374094249657,0.5804487349286697,0.4265203670271022,152,0.3348643551620636,4292.961616000003,0.11555665115492497,-0.08914920280467123,0.2047058539595962,0,0
0x32b0834c992a5026a2b79a1d87e3512c8dc685d1,,63,2723,14207.602509000008,0.27383059432691564,0.28794840075293904,0.014117806426023394,200.5801819999465,2.010748171074941,0.9728518168053611,117,0.16531347757407283,3110.616879,0.17385880487276545,-0.0306594927977753,0.20451829767054075,0,0
0x19fd7ccdc6e1c6522cae71a2ed351778f3ba86e8,,136,1821,6171.631188000012,0.3046486192589913,0.3272113570115028,0.022562737752511497,139.2488960000651,-0.045165470595679304,1.8139252390971563,239,0.03484461821239859,2297.374035999998,0.15005279749753286,-0.053036878281017885,0.20308967577855075,0,0
0xf75d77e5e8551984c6d8da53645542221fc928fa,,15,52,5053.296068999998,0.15807345003634232,0.23855533884017124,0.08048188880382892,406.6988123180837,2.432986384984696,1.7363388908779673,19,0.04125196524050509,2674.3282669999994,0.17496540428912805,-0.025732216328421945,0.20069762061754998,0,0
0x0388a845141096cfc6fa1ae1aea5923523712375,,36,65,11947.958605000002,0.30036616906593505,0.3039625137703597,0.003596344704424659,42.96897765777658,0.42245225874831954,0.6151455416460766,48,0.2692293042376038,3146.1249199999997,0.15061157037590883,-0.04895273559604915,0.19956430597195798,0,0
0xc88200ae64f7e893fa683a42cac2b92060db0662,,102,256,41108.95397400001,0.5680725909510478,0.6122813812270511,0.04420879027600333,1817.3771247024415,-0.5740718133795967,-0.9881583792074038,104,0.8384624558539152,16785.832321,0.16207385494479976,-0.03713205241102879,0.19920590735582855,0,0
0x6fcb236ecbdab7f7fd6eaa42ab41254b2eef13ab,,61,125,9423.901939999998,0.18812859782831085,0.22963843467157305,0.041509836843262204,391.18463195630216,1.2822487384284,1.3337326878128992,61,0.09114573900448628,5468.35153,0.12480419944780358,-0.07364047296884779,0.19844467241665137,0,0
0xc9cd2092da935b1dfb3ff50d0b80d627a7cb39ab,,47,99,12841.470398999998,0.30237032958023224,0.3344299853959427,0.032059655815710464,411.6931211595743,0.4271719086198276,1.1697800724031104,51,0.12104474252547609,8310.001529000003,0.10204968314103591,-0.09629105137743112,0.198340734518467,0,0
0x79d4fe94ec34ead48625d6ccab6f82aa9bb6187e,,336,361,20187.643090000016,0.546173913489766,0.5205956921343609,-0.025578221355405106,-516.3640035999342,0.7081540279285908,0.5348933856741449,336,0.2963617911645289,7272.750131999998,0.10067899657030321,-0.09667731612307634,0.19735631269337955,0,0
0x8b60d44bc36b8b02bbf864ed6d42ceaf77ef94d1,,39,161,78499.18750699998,0.19909498283159066,0.1961730686273255,-0.002921914204265158,-229.36789099997804,0.3028115110447571,0.5586125357610437,50,0.28821309140943496,29298.911007000006,0.12048602141412701,-0.07641170695453293,0.19689772836865993,0,0
0x7c7225ebe8d4a1eaa123b3723da80cb42b93587c,,25,65,16446.320602999996,0.15819770051725443,0.19823066913856152,0.04003296862130709,658.3950366358549,1.012312989765286,1.374168232769729,30,0.08469473021695505,4203.129,0.1865611561316672,-0.010270652706592498,0.1968318088382597,0,0
0xf545bd981d2b6bdbbd32a7a4b2b072726255305b,,67,165,12999.735139999997,0.25508487764145327,0.22348480247575267,-0.0316000751657006,-410.79260755819905,-1.1373180534909548,-1.2310693092804224,73,0.8908515284993368,3623.4367,0.10921523180290232,-0.0860176424452467,0.19523287424814903,0,0
0x00d814614682115eac3af7f0e84373c62405b3aa,,80,80,6839.531073,0.057770035077374084,0.10688549056906961,0.04911545549169553,335.926684,-0.3197061474884711,-0.3197061474884711,80,0.6254044504160596,3366.5682510000006,0.1479453142980406,-0.04668674048938608,0.19463205478742668,0,0
0xf1130649644b930c0b3cef0971f40c7b3ee50cc7,,192,1382,20742.112717999993,0.13095518090652958,0.16917036102860117,0.03821518012207159,792.6635736306816,4.467065763122145,4.744260957103392,255,1.0463446689264079e-06,9817.459350999992,0.1405188007050582,-0.053720152084208765,0.19423895278926698,1,1
0x664f59436cbe7719c69467c18e7e6f7aecc8d100,,8,27,2790.3571579999993,0.671681374941446,0.8170811254263102,0.1453997504848642,405.7172345368549,0.8675959752150729,0.5059600568376762,9,0.30644234520015,2347.57449,0.1762130878003103,-0.017968443126332945,0.19418153092664325,0,0
0xd8d83d7a90aeef514406cc16ec224cb02440bcbe,,170,668,43985.024959999944,0.3167840349731251,0.3615115588648739,0.04472752389174883,1967.341254777566,1.4037810953324215,2.1399113627142863,205,0.01618096532777218,26940.91872999996,0.11956212367613739,-0.0735604545904928,0.1931225782666302,0,0
0x6e68226caa751b640c085afcc2b00b3973192d32,,39,51,14918.717484,0.4805018323971184,0.5793215945183723,0.09881976212125387,1474.2641129230715,1.032698264283576,1.7317707141776657,39,0.04165719718902226,10955.359904,0.15006039593554626,-0.04281761825981362,0.19287801419535988,0,0
0x066738bf35267626942bac8119fca168fecdf083,,17,22,22895.690708000002,0.27238852816092235,0.3219660789453393,0.049577550784416946,1135.112268820173,0.9282291909147418,1.464928194572748,19,0.07147025475462904,10342.034375,0.15523076435967625,-0.03746236313709389,0.19269312749677014,0,0
0x56d109fd0b7dd8a9fa3dfe751589fa975c4bc6ce,,84,378,30431.897286000014,0.2317517465520736,0.2799632517463669,0.04821150519429329,1467.1675740761893,1.9524497775979759,1.3369150464660198,110,0.09062518439608867,16488.432554000006,0.13622056985629816,-0.055861015854924326,0.19208158571122247,0,0
0x06a20663cff1d3011fae399cdb063d1ce92746c9,,411,1565,19226.64082999995,0.4003715158928579,0.499677266816662,0.09930575092380411,1909.3160053654174,11.650175259152492,3.4895638099698405,412,0.0002419047683680901,17571.734790000042,0.11579576146848664,-0.07578460766566153,0.19158036913414817,1,1
0x3d65d17aaf343a95e77d063099ecaaac9e436a04,,153,256,9994.157571999996,0.16943044786175807,0.17195152694156468,0.002521079079806615,25.196061575060185,0.34888792286232395,1.374026558412192,164,0.08471671874376166,2974.8132570000007,0.13684961920813155,-0.05440764588860203,0.19125726509673358,0,0
0x08ee626f2db33df38f55ff4146a2db315e7f724c,,232,284,7379.617329999996,0.43537818416992613,0.5212150411056611,0.08583685693573495,633.4431569956796,2.022345402436988,2.173184756568903,249,0.014883207296114559,4885.295404,0.15045305348998578,-0.040718262016638695,0.19117131550662447,0,0
0x5acd5e3552a284932ac6655f8b76379b1497058b,,111,202,15586.971496000002,0.22821302193312124,0.252760121234009,0.024547099300887748,382.6149371124184,3.153330783642375,1.327267310584057,123,0.0922101366459618,6024.853267999999,0.141199100310412,-0.04895243006520909,0.1901515303756211,0,0
0x125baef8bb82f65ca0c30f8f90df62f575acfe1e,,32,35,8835.18381,0.2747908489575583,0.31789384017354133,0.043102991215983044,380.8228501540257,0.6128154122364162,0.4721661090739599,33,0.31840411412132863,5695.70113,0.11039111870719309,-0.07897223672802633,0.18936335543521943,0,0
0x4739f651e887d17713b94d22cae9581e0f8ded41,,56,86,9080.045041,0.0738808022136105,0.08478541312557351,0.010904610911963014,99.01435823520421,-0.9697415770257221,0.3394030176325213,57,0.36715307281133863,2309.7761190000006,0.1517283243535935,-0.03713945558581052,0.18886777993940404,0,0
0xb528de45d8e0e3d11336cb3a3e1639e0e721aade,,390,1421,17727.034639999998,0.4035437413901567,0.5363919653287265,0.13284822393856976,2355.0050676215023,12.772116048885254,3.0618451860176457,390,0.0010998859647160931,15943.359430000053,0.15173606785891114,-0.03598054196649386,0.187716609825405,0,0
0xc12408e67c9ec46adfbb02214f9247775758003b,,156,375,4481.034489999998,0.44162554932615805,0.47517099338371754,0.03354544405755949,150.3182918042894,1.4891396398775565,1.1020310289628745,207,0.13522409106256852,2675.85702,0.10844589737899746,-0.07748125949494633,0.1859271568739438,0,0
0xeaaaca8350ccb14e28e0c621d5f3750001dd1d0e,,73,90,7499.243369000001,0.4678519789142566,0.5046900494849108,0.03683807057065419,276.2576564537321,0.636293361867524,1.136615928181795,73,0.12784943923688655,3426.1407449999997,0.13770343841596205,-0.04800608348968377,0.18570952190564582,0,0
0xb72754b3a984a004cebbb53ebf54cc266034a0ee,,89,102,7579.341803999999,0.5154698344688765,0.6281067277487835,0.112636893279907,853.7135139090856,1.153182497278516,0.6024297202570991,92,0.2734440658528221,5063.66062,0.17426411702699884,-0.011408771962894582,0.18567288898989343,0,0
0xe5274e39456d28d2cf7342279e9b29567b7502cb,,46,139,14535.653719000002,0.10916109034097778,0.12982951282976965,0.020668422488791874,300.42903221507095,0.5374238858185447,2.396775022883571,61,0.00827003786547211,4034.3281429999997,0.1547640672528802,-0.03084753419784532,0.18561160145072553,0,0
0x17337525541b55342d739089568f72f48feddc80,,36,110,19673.313124000015,0.5351198459080985,0.6399369003404671,0.10481705443236866,2062.098732583341,2.0159103482323615,1.0887479979558947,40,0.13813251461421625,8207.713232999999,0.21245593620266268,0.027763164300997345,0.18469277190166533,0,0
0x45d769dd5613a6a81527e129bdf349332d4c4920,,62,158,5547.546409999998,0.6895665004450139,0.7398411652044207,0.050274664759406784,278.9010360000002,-2.126955907561768,-0.44385612027245236,65,0.6714266945529636,3465.130289999999,0.11931917134348224,-0.06461505820460145,0.1839342295480837,0,0
0x147a54e7f671cbc3c9777eeb17757c5bf7742c7c,,658,1171,3758.9668839999936,0.37908836688840497,0.4122716823062069,0.03318331541780195,124.7349837568438,2.281188033120865,0.36280113357374266,760,0.35837672251287256,2281.756675999998,0.10539501039034216,-0.07835769357099448,0.18375270396133664,0,0
0x588964e53331dd9e0ef8d053bd653a8b9899d1d4,,94,198,7737.24932,0.35676787832914236,0.3725840031480336,0.01581612481889122,122.37330100000099,-1.8971030242633273,0.9778993318530421,103,0.16406205781744965,2739.0244220000004,0.13342803666319392,-0.04863513646560208,0.182063173128796,0,0
0x80563102d9fd39499c430a642346c5b16af59507,,62,331,9151.35696399999,0.23259087340133328,0.27686219365795034,0.044271320256617064,405.1426549358662,0.2833164751833131,0.46309572167189045,85,0.32164787826305064,4846.6570959999935,0.12986927150660993,-0.05210332386499179,0.1819725953716017,0,0
0x5d634050ad89f172afb340437ed3170eaa2c9075,,118,131,10336.88595,0.5110017658557994,0.5536947353085581,0.04269296945275869,441.3123561000002,0.7635568105060553,1.0252807133945516,120,0.1526153766964015,5662.581980000003,0.12470921358740295,-0.056663792342114216,0.18137300592951716,0,0
0x50b9e4ca59b767769cc2de13ad9fc688de1d4467,,26,36,11281.848647999997,0.20483718981726243,0.23636534332276576,0.03152815350550334,355.69585599999937,0.45143257732137787,0.16953707024123868,26,0.43268710826504403,5096.458329,0.13081655356746866,-0.05028061964734354,0.1810971732148122,0,0
0xbce721cbd0f3068e93075b7cc50bd5b610b67adb,,53,142,8958.246780000003,0.10215094125338965,0.11355200788518573,0.011401066631796075,102.1335684428526,1.9645702189043726,1.4950410567774834,63,0.06745186369568777,2967.4225260000017,0.13248767520891971,-0.04857651152012366,0.18106418672904337,0,0
0x5b3bc037b7abe7c80572b3433b5cc2ade62ca84a,,41,98,13770.769180000001,0.2674955951153339,0.34020147594979866,0.07270588083446478,1001.2159030000003,1.6935433895632137,1.2253699853777174,47,0.11021792520162568,5503.575599999999,0.180474923248079,0.0009626627129250553,0.17951226053515396,0,0
0x7085946771239d7365d75276e564db8d30064c1c,,46,114,3335.396302000001,0.304451794175182,0.38882926422336717,0.08437747004818519,281.4323015708328,1.702016907878138,1.52847948040767,48,0.06319676720231289,2956.678014000001,0.10462263655680343,-0.07367784600721788,0.1783004825640213,0,0
0x8e122b40d24c3ddc5651487b42a7c828c44fffe8,,43,52,5630.449913999999,0.5973332036376453,0.7222860530004886,0.12495284936284334,703.5407599490759,0.7964392826816128,0.4464671783906256,48,0.32762990804272674,4469.436066999998,0.1616190083373692,-0.016197106585185805,0.177816114922555,0,0
0x87f0236f8c4ac48d70c1209a0404b7cbb9be85f7,,65,177,10645.239537,0.2348724371188987,0.20744320410307363,-0.02742923301582509,-291.99075576964697,1.1434791234753825,0.4852458256618881,67,0.31375098953197944,2410.688746,0.10981788482100008,-0.06760872680822311,0.17742661162922319,0,0
0x8dcb9a886460f8698c0dc9f6f1483b85fde4dbe9,,99,210,21398.420747999993,0.1745126045504563,0.19674644622517273,0.022233841674716426,475.7690989999992,0.17296645247147732,0.4703115402616024,111,0.31906622686045083,8527.040685000004,0.12888548672381556,-0.04842081322666936,0.1773062999504849,0,0
0x0216e2143201f87afd1faddea75ef23187e32baa,,31,68,15072.259042000005,0.3248521548815723,0.39313052658453623,0.06827837170296391,1029.1093052730348,1.465523758621524,1.2999933254957325,31,0.0968016283909716,6784.870442,0.1655481543620584,-0.011356227942026731,0.17690438230408512,0,0
0x14f742820b9c71f4221ee948ed4aba20cd7e232c,,25,47,25027.477192000006,0.11160360387781153,0.08130479793826115,-0.03029880593955038,-758.3026745969314,-1.56338120394045,-0.2634843065993884,25,0.6039113410716386,5208.995704999999,0.10966822346420038,-0.06708707629638838,0.17675529976058876,0,0
0xc69e634fb501ba67e80ecbe4358627778bd0e713,,84,146,7001.262414000001,0.10565897249086266,0.09343020062952892,-0.01222877186133374,-85.61684080213672,0.6601540487403234,1.7731819012884995,88,0.03809928503489186,2166.189523,0.10943851232467128,-0.06673764943920184,0.17617616176387313,0,0
0x1b49eedc6ea32651a42367a506c5cd1419bb9bdc,,532,933,10380.886469999998,0.37692328649950263,0.4229666804168415,0.04604339391733886,477.9712449493827,2.5371853327557736,0.37113483433958977,623,0.35526855341220154,6241.759109999996,0.11623091929658474,-0.05979863215268466,0.1760295514492694,0,0
0x20201ac508729de079c9a330aa4baa2d6cee891f,,107,810,24514.989390999992,0.4614489582505411,0.6204545873303171,0.159005629079776,3898.021309999989,11.537188812164379,1.7780328318599747,107,0.037699231388790395,19862.89082099999,0.19238507599104965,0.016486656257586774,0.17589841973346287,0,0
0x97fb482085ad46ac1aa4b9025c713863efc687f7,,89,385,4419.571821,0.20647179209640232,0.2575537774024555,0.05108198530605318,225.76050281936887,5.0679866737919435,0.6800921639852381,112,0.2482230529038492,2848.0734579999985,0.11346306605632323,-0.061973112013317844,0.17543617806964107,0,0
0x34a858c5758baf22b602bdd6ade8e32fb052f1e0,,31,45,4210.14773,0.8477374258313736,0.9739479060987727,0.12621048026739912,531.364767,1.5313625691669224,1.017885931664545,33,0.15436608404174718,3907.3491340000005,0.1387803043453344,-0.03599202619816655,0.17477233054350094,0,0
0xba083b5a3fa26a03f403a77782825a7f0857528f,,81,462,13937.359200999994,0.4477289736852084,0.6267358526121122,0.17900687892690376,2494.8831710541735,8.151367861089952,2.12351152488376,81,0.01685550538994727,13476.02234799999,0.18477964129596236,0.010379824337081234,0.17439981695888113,0,0
0x921e4c8bfefb5fd459c03a2bdbd7b460bf9a77a7,,137,142,23797.764466999994,0.5281271499639024,0.5520012579003395,0.023874107936437072,568.1503975310643,0.7703069028212801,0.5965834120905088,137,0.2753927744054251,9931.593515999999,0.12508741705322124,-0.04861954933270718,0.17370696638592842,0,0
0x39662dcedec2f129053f6de4c8b23b651942168c,,16,54,10507.604548000003,0.34456038266962763,0.4028149426127412,0.05825455994311357,612.115878999999,0.30675035202587214,0.5612318909803282,20,0.2873197326066681,7661.341949999999,0.10519101226123972,-0.06808522732096836,0.17327623958220809,0,0
0x12833660d6d838981c33dfe11a14b6c82f77ddf0,,346,1568,23018.930179999978,0.44794532290324157,0.490910483095266,0.042965160192024454,989.0120226327253,1.923459024270057,0.36562295721489296,484,0.35732322106435044,14777.621955999992,0.10453672943493647,-0.0674398081429407,0.17197653757787718,0,0
0xc48b60cbf25ec5052ab3fa73d87d3561c60e90f6,,58,123,4473.93858,0.1577236081947067,0.19203858851365813,0.034314980318951416,153.52311432089743,0.7031045598935904,0.25470049128423644,61,0.3994772183835443,2172.87792,0.12259553030592613,-0.04904781891822902,0.17164334922415514,0,0
0xbdf0d7826e74214345b82364e117b66d5abd1139,,71,177,17171.654838999995,0.0923232166383905,0.1011177173825093,0.008794500744118791,151.01613125933636,1.6868443849438037,1.6665891234359727,87,0.04779806655001008,3338.756677000001,0.14679726307648217,-0.024514328597758255,0.17131159167424043,0,0
0xf9d54f329c5b22c8f192c7203c45d6dfecd25e43,,366,535,24595.51341900001,0.22317675988104285,0.22941063875662757,0.006233878875584714,153.32545153686442,0.7150289576194788,2.305397314068467,378,0.010572165897287903,9172.770475999989,0.11245188738760997,-0.05693992983662195,0.1693918172242319,0,0
0xebbf133896b4ddd8f7688ae64db189899e00c0e9,,60,286,8957.266117,0.42878498437270435,0.5692004931419412,0.14041550876923686,1257.7390790000018,6.884239100843509,0.9205071832506331,60,0.17865389049712285,5955.270693999998,0.1969847784051047,0.02819504665180833,0.16878973175329637,0,0
0xaad513850a025978b833024bf89277bc1a5aac2e,,111,367,87717.32124499997,0.41247635166258134,0.4726575045788156,0.06018115291623427,5278.929523247789,0.9366002670616552,1.4646436385472996,115,0.07150908473895817,52265.81398000001,0.1281878632094796,-0.040080481744577345,0.16826834495405696,0,0
0x04910ab68ad156c9c5a8d9efd5f61b229b2afba1,,173,174,28622.890055,0.5237886760469526,0.5446928689605378,0.02090419291358525,598.3384154540636,0.9305878830725371,0.856371069430116,173,0.1958962809104198,12487.031551999999,0.11571435196641011,-0.05246639640601336,0.16818074837242347,0,0
0xfdf2da3ea2c095d8f91aa24256bd862006e1225e,,25,203,5149.906399000001,0.19458635137458707,0.3256252665729273,0.1310389151983402,674.8381478979506,2.3270214928273263,0.36280596873963034,38,0.35837491642394026,4142.843929000001,0.16380635030202928,-0.003759445014825051,0.16756579531685434,0,0
0x9d31ffce17502ef6f8614cc257baa7e03cc7b55c,,150,329,36424.924038000034,0.07806772981440811,0.12254536004915952,0.0444776302347514,1620.0943026910736,1.653172780231382,2.2881355123706504,159,0.011064815368486558,12716.487114000001,0.15343640304354703,-0.01396455365201901,0.16740095669556604,0,0
0x3f507210685ab5bf33d6d6df5f02a6bb650d70f3,,57,525,2967.159782000003,0.4654936445886332,0.6066749471734377,0.14118130258480455,418.90748300000496,1.451163590165203,0.4399727697688795,89,0.32997841473621153,2303.805118999999,0.17852633089839248,0.011483461901887648,0.16704286899650483,0,0
0xe6ff27642e73881aeb58edb9e000a9080ddc300e,,71,120,13233.683082999994,0.24382912891540423,0.31834065880055673,0.0745115298851525,986.061972529591,0.5895468168932135,1.496987251388431,72,0.06719828765255759,5223.321998999998,0.17535306383264554,0.008755717237338229,0.1665973465953073,0,0
0x815da84de3015efc4902fffe7ef93c98674c5193,,284,325,10989.483858000003,0.5600216159851599,0.5564624455541013,-0.003559170431058578,-39.11344599998938,-0.2577324222135714,0.3350995776797097,285,0.36877498571266354,2817.9830180000013,0.12010902792459666,-0.04620676842517424,0.1663157963497709,0,0
0xdd36b87f3f6b4f5aca05837b68ba642132ad873b,,180,217,5682.57386,0.3466615467602506,0.36213881996071395,0.015477273200463326,87.95074811303152,0.8192965068593261,0.7139384017932486,182,0.23763263498661927,2374.7507509999996,0.11225314408159576,-0.054000012760915095,0.16625315684251085,0,0
0xf05a8e1f9d62a3be2da618f60ef771b63d2d38f3,,1955,2690,21251.500697999894,0.20651948825784486,0.2206317405829738,0.014112252325128943,299.9065401378284,-0.5852850849760362,0.24545705629832426,2240,0.40305127765669146,9318.664258999954,0.10739509882368023,-0.05873476372905903,0.16612986255273926,0,0
0x4dd019c570b61d72d13db5a49e33f572b2aeeee4,,189,611,23237.497558000006,0.06073933356379172,0.11659294346293565,0.05585360989914393,1297.898123636842,4.116401263423812,4.3808861531167205,211,5.909880997623308e-06,11139.940499999995,0.14233863643008376,-0.023785448224452964,0.16612408465453674,1,1
0xaa56f8c3f2ac426c7b6e78b442efdd6ba3b19cd6,,26,46,11382.044677999998,0.07312516798122337,0.05326303868511313,-0.01986212929611024,-226.07164304853939,-0.5721158244946649,0.06063466949377552,28,0.47582508102362303,2551.210784,0.10890914480863512,-0.05706390062471115,0.16597304543334626,0,0
0x0b5256053917201a64e1c7f8c279e8ef105ef3c4,,25,53,7887.880417,0.13260058541782532,0.21407992714502125,0.08147934172719593,642.6993039999998,2.0156653547313605,-1.187190008924099,29,0.8824236595447145,5468.905873,0.13232780373362252,-0.03348071570281063,0.16580851943643315,0,0
0x7f70e7436903d70f5ae5bb54f2c9086468206d9d,,41,125,5118.199739999999,0.2422355162493361,0.33855448771524504,0.09631897146590895,492.9797347138824,5.263192447747877,1.9954936664214882,52,0.022994532122571965,3496.122096999999,0.1487534946110835,-0.016695036096922813,0.1654485307080063,0,0
0x3a2806c2a1527b21060d2b19739e27211de62a99,,68,314,2532.9279399999955,0.30462690438836504,0.3891384055718548,0.08451150118348977,214.06154259900404,1.2277162434988254,1.0532718810408943,73,0.14610820120958545,2275.907699999998,0.10128343853268057,-0.06400357823959707,0.16528701677227764,0,0
0xd1021d73680ccea89b65bd1bdfd06fa383921967,,286,512,14134.381311999983,0.38182935667504697,0.411802862362173,0.029973505687126034,423.65695863923975,1.6248427587060468,1.2807950642840202,332,0.10013282907485298,6577.662672999999,0.11809803394447427,-0.04673352123624236,0.16483155518071663,0,0
0x460483dff5a9bfac3d846db33042c5ea6d7cd57d,,178,538,12227.293316999996,0.37960113842585136,0.49750684213507695,0.1179057037092256,1441.6676229999957,6.073275450007476,3.697028966878171,181,0.00010906873001681,7387.274882000002,0.1827853566529835,0.018880496061581598,0.1639048605914019,1,1
0xfa634d701ec3b5b27aa6fb9f813956a4eff04635,,52,177,3433.0138379999994,0.4599815688044057,0.5086686021100739,0.048687033305668204,167.14325906952604,0.13607482585113848,1.1319864432409492,72,0.12882006698950849,2322.4103959999998,0.10155782749275799,-0.061872395398923474,0.16343022289168146,0,0
0x60671b506ecd4d3a5dfc105b090120d83371d6fb,,14,27,9767.61,0.859828893659759,0.8947091458401799,0.0348802521804209,340.6967000000004,-0.22237654855196515,-0.20870211967687985,15,0.5826596073414568,4481.150000000001,0.12321359472456883,-0.03999687881871805,0.16321047354328688,0,0
0x7a0db4fc24ec4c70cc56acfe29d610aa543a4c8d,,100,123,5226.329626999999,0.2871110358688442,0.33204449256985236,0.04493345670100818,234.83705600000076,0.9247748257064459,0.04751647613761808,103,0.4810507995542814,2638.234483,0.12554668780743095,-0.037241499882046114,0.16278818768947706,0,0
0x0f7320e7a12eaf3e25cfb5e2bf6808f6c3ffac03,,173,177,5522.59616,0.38991302841784103,0.4725118973754546,0.08259886895761359,456.16019652566,1.2924583579998212,1.251301834232886,175,0.10541218826496132,2269.598849999999,0.17837692961247265,0.01577502755778859,0.16260190205468406,0,0
0x7d418e094e93f9dede263805e9e8126ae989cc08,,106,181,18739.770099999987,0.4121403062478056,0.4272410553745269,0.015100749126721269,282.9845669725328,1.2178226115566557,1.3265878864266596,109,0.09232252256651621,8174.0588499999985,0.10638318996424789,-0.05551901566929235,0.16190220563354024,0,0
0xc6e2f4259e4c6e4da9007fa7175f0d8a2a7611d1,,213,383,27764.494403999975,0.36942401857335094,0.47739633940859444,0.1079723208352435,2997.7968976170087,4.251091294239091,3.225424466081298,244,0.0006289301137597328,24038.48010099999,0.1296794503449576,-0.03207180093556,0.1617512512805176,0,0
0x9a3e0b5dfc522bc94b5534123b380ccd9ac22b90,,251,444,5736.7655159999995,0.40739821450652297,0.4330089673478645,0.02561075284134151,146.92288373900692,0.7348520195161675,-0.10903217104994148,285,0.5434115131850492,2725.635289999999,0.11047821585519163,-0.05121015319785088,0.1616883690530425,0,0
0x0b5bce8e6b9983c0bfde1442d3578386546edca3,,180,865,13823.424091000023,0.20119638634329073,0.19739080180405622,-0.003805584539234519,-52.606208999991395,-1.723106373634009,2.549875895317184,198,0.005388063593806382,4617.759454000002,0.103382127578445,-0.05757324722321186,0.16095537480165686,0,0
0xa0f6f910b469cfd50155d8713f0375284d43b859,,352,1234,15466.855090000048,0.40439449259087773,0.5128785822224945,0.10848408963161676,1677.9076939027937,10.537384480055106,2.639316983123278,352,0.004153663235964767,13972.933310000031,0.12391140053827787,-0.03581047072442217,0.15972187126270004,0,0
0x1a449cfe19beecd5b3673533fbf2e149ab642820,,78,168,25708.099490999997,0.42958269481827016,0.4547295275596926,0.02514683274142243,646.477278000024,0.3592741782683277,0.5441588766399394,88,0.2931660739029045,11262.910866,0.11476195384817534,-0.04472606040476673,0.15948801425294207,0,0
0xc0d0d2ca0980bc08da57bcac5b1955c02c7ce5db,,19,26,11385.262410000001,0.22862968174107415,0.2563109329335168,0.027681251192442663,315.15830866308534,0.7659967023918743,0.9510355510815229,19,0.17079316459338967,3871.5720890000007,0.13260411952967244,-0.02638225571266707,0.1589863752423395,0,0
0xd7689ce6b81148d143991f961ffc47c3012003d6,,63,270,12614.598787000003,0.08135619167961422,0.0961695033257977,0.014813311646183477,186.86398312339907,1.8300145587663053,1.8945693096160487,93,0.029074741973960535,2747.3004469999987,0.13901527671131889,-0.01976759412804334,0.1587828708393622,0,0
0x55e0c4ae018cb1e9851e1e3b70591e3d14db1141,,282,576,83888.826929,0.14948834494507346,0.16960894584975228,0.02012060090467882,1687.8936070000836,1.7350608346465484,1.8197349160659861,303,0.034399691673976475,34665.04458099997,0.11318797305544459,-0.04542057555011984,0.15860854860556445,0,0
0x0a30402ec84e79a090aea539044ff27ee861b078,,67,144,8564.509199000002,0.13044965694086838,0.20773161458075506,0.07728195763988668,661.8820371235381,2.8268960197787734,1.9958137095743707,68,0.022977101989436886,4774.211619,0.14700465810292676,-0.010539887382293181,0.15754454548521996,0,0
0x4e6557750bd57300264d5cf16163aa6297838443,,554,959,129626.0320399999,0.45006812035961347,0.4813320311983839,0.03126391083877045,4052.6167080821615,-0.44159337365716533,-0.03794154077053925,610,0.5151328539333607,62187.37269199988,0.11270826968098413,-0.04383857111962636,0.1565468408006105,0,0
0x862163099ebb4773a1537cdec9e02e3ad80efe25,,61,61,11693.070130000004,0.8776551964878161,0.8751812497681477,-0.002473946719668385,-28.92803249096687,0.47551596628291265,0.47551596628291265,61,0.31720962789064666,2320.9490299999998,0.12273083881553393,-0.03348015357921086,0.15621099239474479,0,0
0x9bad2e63a03591546222a24ccef05741aa2ed991,,99,530,3605.270919999999,0.32334712169905017,0.43653393737189666,0.1131868156728465,408.0691350727136,7.4739572006512685,2.603876226550212,102,0.004608801911234919,2539.70879,0.15933686844967515,0.0031907005741655114,0.15614616787550964,0,0
0x2d0d6bba843555cf6d2f98e820d08d589c7fd1f2,,204,327,12566.41003900002,0.2516401301170438,0.24275756755767552,-0.008882562559368257,-111.62192331809092,0.300728754561929,1.1577358062969765,221,0.12348593354419857,3466.7792069999987,0.1041762127624074,-0.051955717799477,0.1561319305618844,0,0
0xd38934d91c4d6af7d60f9aa4add6ec44fbc88378,,31,83,27994.39285099999,0.3965571355572964,0.4067467448787073,0.010189609321410942,285.25192634178893,-0.219517686645353,0.5697662149303205,53,0.28441813652950254,8383.740458999999,0.11903225432461978,-0.03634165686686869,0.15537391119148847,0,0
0xf6f687d9c728a4fc5590d71e2e53b9d418e20e74,,450,1289,59224.11717499994,0.38826507404588034,0.4793244731047352,0.09105939905885485,5392.9125197466965,7.058853943676508,1.7389797668475093,470,0.04101916097698184,48721.407169999984,0.11852813922135741,-0.0363663485117347,0.1548944877330921,0,0
0x6dba73e833c3a41ffcb3664dd0dba90fe75484e9,,76,108,7582.658212999999,0.11836191910394897,0.11052782499983163,-0.00783409410411734,-59.403258000000164,-0.7333392361871056,0.21468925136633404,82,0.41500480167698284,2245.6337550000003,0.10077388465333251,-0.05353254369515578,0.1543064283484883,0,0
0xf20ab3ae150023b6a4f9903ff7409c905949642f,,29,143,55936.66955000002,0.24053250955481628,0.2558745596965916,0.015342050141775337,858.1831890000176,0.49532491174619997,1.104903328542172,29,0.13460073999626793,15823.933060999998,0.12540979239168926,-0.028078188365654178,0.15348798075734343,0,0
0x963bc3b315387ba1864849bffde45ace40e7655a,,126,192,10510.519370999995,0.46563169832984713,0.523785606940584,0.058153908610736826,611.2277829525128,0.8849923170321913,0.7777829946646195,146,0.21834847734866786,5912.234265999998,0.12502831155007282,-0.027829697787726038,0.15285800933779886,0,0
0x6c2b090e9997e65d96c0403c0531e880f785d581,,37,57,33029.807627999995,0.46239453968281485,0.5253086500355928,0.06291411035277794,2078.0409620390164,0.09507041193799401,-0.13383542171275034,47,0.5532336416604503,18284.408111,0.13114784982690142,-0.021696248155728903,0.15284409798263032,0,0
0x0d14737cd090656e340757213a12fcd5a20a347e,,319,844,8840.002918000024,0.43261354701728155,0.4545691712180034,0.021955624200721835,194.08778200089318,1.054374563518813,0.17145720219946978,319,0.43193213988184415,3744.9760499999984,0.10983284602069299,-0.042636398487768734,0.15246924450846172,0,0
0x4c5e6f408525fb92000806c84a6891d3ffc1df39,,245,395,16257.549915000009,0.1626427491132345,0.20434521323135044,0.04170246411811593,677.9798919787668,1.9298751026267051,2.252437557259259,265,0.012147317285677316,6322.7923329999985,0.134596204752964,-0.01741803542319928,0.15201424017616327,0,0
0x134431cf415d317160369638cf85df3e49f89735,,296,1060,93877.69571799993,0.41438589608626003,0.4960680648563338,0.08168216877007378,7668.133785383303,5.814923681628567,1.6449515996194422,296,0.04998989634029364,75916.52342499992,0.11076226900661601,-0.04123074998574805,0.15199301899236406,0,0
0x51d8dbdb851b68c0851da58449f2e2a1fa2ca933,,290,298,6581.952013,0.3642459243496157,0.43383292591015127,0.06958700156053554,458.0183050000014,1.566877207146718,0.9045243585288518,290,0.18285871207092388,2654.3208070000005,0.15970138269725714,0.008687068670775067,0.15101431402648208,0,0
0x8d0c054ef2e5f55e3bbc3cd3aff0ce24c47ab144,,86,148,24235.268669,0.30808917356817395,0.38349472295672693,0.07540554938855298,1827.4737485651303,1.8207945441128865,1.9019983186846714,101,0.02858568720066365,14864.097142000002,0.13268041283636262,-0.015441057316934431,0.14812147015329705,0,0
0x2aec50a937f136e48dc0ef6f5a237a56a16220ed,,386,1215,8478.202023999991,0.34528292390805543,0.43958005157816327,0.09429712767010784,799.4700986700941,5.3977729369787575,3.2597295900723795,451,0.0005575924060887435,5114.337256999993,0.15287032543385887,0.005243878406482605,0.14762644702737626,0,0
0xa17eb546302ebf1a132060ac1075a560a0b35ab3,,105,548,3931.7594499999973,0.30350986621411874,0.4100679404483918,0.10655807423427305,418.9607153444042,7.881229701122675,2.618218938208004,107,0.004419503666564982,2842.090750000001,0.14728500233301978,0.0003334707145392357,0.14695153161848054,0,0
0xae6e043a1d83de51f67da5c2b1cd04ea64e6f07b,,100,548,3892.2550199999973,0.3069751378434959,0.4097922134608748,0.1028170756173789,400.19027871346225,7.779320126043879,2.6599928850824432,104,0.003907115109638771,2744.65665,0.145585833482473,0.0005290637525042774,0.14505676972996873,0,0
0xa5c227c53a1f4b388b86096d8a35b4b53c0d4933,,32,245,6439.3313110000045,0.3352065720555018,0.3779795552439153,0.042772983188413494,275.42940991002797,0.04769499746500838,0.7560341344892931,39,0.2248143651485893,2762.8296239999995,0.12472690029901318,-0.018814016974441128,0.1435409172734543,0,0
0xf28b01f3607caf597466d96a25834768112d82fc,,166,200,12927.679352,0.4980020195164175,0.5403251887524075,0.042323169235990055,547.1403610433099,0.15279903731680503,0.6277210081281599,169,0.2650933603268232,6455.753536000002,0.11405856921881952,-0.029232975760392133,0.14329154497921165,0,0
0x1c6dd9c5ab05e5cafd6960b920d54ee12a798cc4,,172,196,11656.298941000001,0.05865024461847723,0.04893138567284107,-0.009718858945636163,-113.28592523574719,-0.27943295483218095,-0.1705607651651383,180,0.5677154246791823,2147.1709599999995,0.10685516002619068,-0.03604139332806576,0.14289655335425644,0,0
0x8339d5633a375ac8c840c46a21b6d77de49bfd49,,479,689,38226.78563099997,0.4889602365963239,0.5337852397522188,0.04482500315589488,1713.515786549291,-1.6559159995796624,-1.4382475116163218,554,0.9248180805767888,20205.48788900002,0.11211399566901614,-0.030619448334310906,0.14273344400332705,0,0
0x8c685bc785b015a8029e2970796c766e4ab8072d,,159,163,29028.36692999996,0.4871230308654257,0.511213669917601,0.02409063905217529,699.3119099847318,0.427957502971902,0.10862972885170794,159,0.4567480900336286,13325.458890000002,0.1008292782995881,-0.04102962911478719,0.1418589074143753,0,0
0xbac26b37ec5faece4815626e5a124928ac524831,,516,546,4322.010108000002,0.32506238476154875,0.3842839432341279,0.05922155847257915,255.9561743300003,1.478541888355097,0.8915571329233224,516,0.18631517775106693,3062.78381,0.10051957056675165,-0.04122653654267938,0.14174610710943103,0,0
0x3fc19c53ec3a998beffa30e6742a47087eb200eb,,40,316,5876.913352000002,0.3837217030318391,0.43127257817021464,0.047550875138375526,279.4523730000042,0.6706032129875896,0.23422006510275079,62,0.40740706925726766,2026.897323,0.13965229110917332,-0.0009372641497638612,0.14058955525893718,0,0
0xf0b91693705267cfc6574cb7107d4480e08d63f4,,100,497,3271.768449999998,0.3265354149423215,0.4409233605758382,0.11438794563351667,374.25087158405495,7.406543908252414,2.6817950404015676,102,0.0036614154797056588,2532.1535900000003,0.14611242510927408,0.005775667892881364,0.14033675721639272,0,0
0x0c55ef6531a5b5d01056aceb7833a517eec73408,,423,483,14106.97862799998,0.5082663549842344,0.5777340793459107,0.06946772436167625,979.97970290596,1.212662276276891,0.7989589510066083,429,0.2121571072482681,5640.728698000001,0.1535990351746811,0.013414347337963983,0.14018468783671711,0,0
0xc0c230ae6d9083424667eb8997c2882c429db14d,,698,1916,14176.948817000033,0.4013705738773137,0.4497566985890594,0.04838612471174575,685.9676134913998,5.736366171369349,1.004153068823871,822,0.1576524196063613,8555.812438000017,0.10392692703559825,-0.03615135228565092,0.14007827932124917,0,0
0xfc1f07acd559d26155830a29d25a06d8af8de902,,111,269,12981.424079000008,0.37514697974300687,0.4209388982861835,0.04579191854317666,594.4443140000003,1.6853218397058616,1.2462773896228798,133,0.10633128787797126,6760.547815000001,0.1127595625177899,-0.02698528195641292,0.13974484447420282,0,0
0x12c2782b74d3b2a051b55be2e5167970ace01381,,32,327,13263.210000000003,0.5219241405361141,0.5964815455685314,0.07455740503241726,988.8705200000077,6.142164756351734,0.31802492829369927,40,0.37523301387774244,10011.1,0.10880642686617892,-0.030872725707310145,0.13967915257348906,0,0
0xed0c028ced932101ef3596c872da425afc8b7d5c,,63,204,13055.613110000002,0.09198821123879816,0.09428963685030645,0.0023014256115082843,30.046522385297294,0.6421240692375396,1.7416156407847563,73,0.04078786132234584,3576.8720660000013,0.10340767166618431,-0.035851753754016745,0.13925942542020106,0,0
0xcdb81ba69ab6c35a3d1982d158a2c5c4d17ec8e1,,17,37,2666.9080059999997,0.12325716082461675,0.2104551085891487,0.08719794776453195,232.54890500000005,0.3329293495811888,0.6853518956653311,17,0.24656094572798273,2128.072445,0.11495063176761351,-0.022408259353914495,0.137358891121528,0,0
0x7a06cedb053abeee1766ff5bb0a4eb8b01189b0d,,422,1602,25540.022485999983,0.39072234920028454,0.48466630684390866,0.09394395764362412,2399.3307906419905,8.357893307845146,3.3084279501520313,422,0.0004691066120619997,20624.460615999993,0.12023106094054459,-0.0163501126975249,0.1365811736380695,0,0
0x65b4288224a1676db1c03adf27cdba2048bce74a,,116,1040,11753.849071000004,0.44026498902719874,0.49790044815524426,0.05763545912804552,677.4384877288367,0.27030515198909755,0.6574363799332934,179,0.25545018294009336,5325.0416250000035,0.13200766228526134,-0.003967735691789542,0.13597539797705088,0,0
0x25a74e4d0795b842a4e8e934620781e3c5f48b7c,,34,55,4931.4885699999995,0.5139807916050791,0.5454052993982708,0.031424507793191614,154.96960100000024,-1.944107133482553,-0.9442953458925164,35,0.8274906282049715,2263.3485700000006,0.10492157688287485,-0.03092210303807158,0.13584367992094643,0,0
0x91b82e36b49ecacb87705f61e9c25885ecae7fd9,,70,226,19827.56481,0.5286110522112067,0.5982333238430604,0.06962227163185364,1380.4401030000026,5.630410499086087,1.7600668078660668,70,0.03919823989265771,11635.26481,0.12531931389707657,-0.009482477448335747,0.13480179134541231,0,0
0x13289e4d4538c0e7c282c451bd5ede8e27aef16d,,232,496,3626.797668,0.4169747158634689,0.496511469577795,0.07953675371432611,288.4637128914085,2.4453057581284567,0.9163911660728823,263,0.1797308835034689,2772.778177999998,0.1107028510135617,-0.02165142231283068,0.13235427332639238,0,0
0x784129e8f9fb33ffdd202e8ad2ba1a9791257273,,41,75,10732.491859999998,0.16964596143397126,0.24362451834181967,0.07397855690784841,793.9742598280297,1.4671596477809392,0.9795374670469874,42,0.16365724272282553,5928.597060000001,0.13316945439837838,0.0009297089519945401,0.13223974544638384,0,0
0xd8c37ab0baa00c521c6369a7c4c4e5cf16ea207f,,28,145,14248.111068999997,0.17089296522027075,0.22982809701172757,0.05893513179145682,839.7143036308294,2.0351534828038127,1.3769484614792284,38,0.08426409134970334,8330.742288999996,0.11347570447623814,-0.017849579830215262,0.1313252843064534,0,0
0x252b2bb279cc154dc1bc140055aba744b1497347,,138,393,18398.675388,0.056962256576084586,0.11886846970659755,0.06190621313051296,1138.9923198886513,4.077842433042673,3.3101579844523896,147,0.0004662166330199804,8089.240154999997,0.1353917827137197,0.004246175810258913,0.1311456069034608,0,0
0x0c36cadea88e3781e2f276cc6c790c9d7a296512,,33,45,3632.0509700000002,0.24541740306273072,0.311181916866106,0.06576451380337531,238.86006615112774,1.0844924990561982,0.5827601103337032,36,0.28002740075930455,2543.4999700000003,0.10494848347201036,-0.025792451076225353,0.1307409345482357,0,0
0x92111230f89a74bd34ebfb27271ae8e5a077135b,,28,37,5637.577563,0.12669893012867703,0.1663621936051756,0.03966326347649857,223.60472425046578,0.5215585822301019,-0.06420723528637769,28,0.5255973918203365,2647.9945230000003,0.10899163279592594,-0.021743675146743316,0.13073530794266924,0,0
0x66ccedbb544b41e4087fed58873e2d84577b0759,,31,41,4446.369914000001,0.2875598354549516,0.3608873627332662,0.0733275272783146,326.0413111583123,0.9314386809504367,0.9367710362147919,31,0.174438173481186,3381.1554990000004,0.10464586182993052,-0.026081716154349982,0.1307275779842805,0,0
0xfdffde2f97bcf17173b57781cce39a9de8b77076,,13,49,18356.823657,0.23504706149719268,0.2782618470626408,0.04321478556544811,793.2861979999998,1.4020810143452025,1.4584314784142312,14,0.0723608246726671,8947.253657000001,0.11002491890121219,-0.02031279431472427,0.13033771321593646,0,0
0xe2a713a10ad4cc905c04631fbf761a42981182eb,,101,524,3561.581529999997,0.3126497549396266,0.4085751337552566,0.09592537881563001,341.6460574480009,7.392079975379881,2.723841949243466,104,0.003226368905450255,2578.13876,0.1318511223763612,0.0017444515861354815,0.13010667079022573,0,0
0x3ff3db55b6ed3b04d1ae25f164328a432d8b88e9,,283,880,7806.151960000009,0.37078875505325154,0.501242934681481,0.13045417962822942,1018.3451499950961,9.966401544437991,4.336830256763508,283,7.227608434175108e-06,6756.751115000001,0.14776991041656568,0.01896381456078955,0.12880609585577613,1,1
0x3ec1da8811d63629d58efdb5c08fc5f04d2557f2,,52,140,70831.509007,0.3726464799640434,0.44732093447096755,0.07467445450692417,5289.304297000013,0.6776296114720789,0.6122254604280666,58,0.2701942993220464,42023.507887000014,0.12690012369599685,-0.0015094435680860219,0.12840956726408287,0,0
0x16526e104f5ce09388a6a8cffd8b81c6f93b96dc,,281,1286,11277.750302999959,0.2525797619931355,0.32037932946953707,0.06779956747640159,764.6265926502542,7.691542704059832,3.27209699416937,307,0.0005337647282057523,6612.9590769999695,0.12071969077647798,-0.00722171274352347,0.12794140352000144,0,0
0xc645e03f179ed44d6910f3299b3c26f759751420,,97,484,3068.357379999999,0.3380044160613592,0.45879367220255196,0.12078925614119274,370.62460550553897,7.101973662389153,2.6807373071326324,99,0.0036730078955747154,2397.3028999999997,0.14876047107169432,0.020863725997328775,0.12789674507436555,0,0
0xe38d4b224f6741c699ef4455ed6c681caa96dac5,,114,594,4294.140189999995,0.30489861321103945,0.42149317207084525,0.1165945588598058,500.67338113521214,7.472830888275058,3.0125276657093645,119,0.0012954090971499803,3067.515489999999,0.15310815194456034,0.025282185659558393,0.12782596628500195,0,0
0x505692437540b72c8a9a86d3cb3640c05d7f0657,,240,1450,9195.37432200001,0.37610080036687926,0.4511671146518005,0.07506631428492122,690.2628588227471,4.093042883922322,1.6041022647562713,326,0.0543457563886327,6193.124656000002,0.11648892306913644,-0.010381402699640052,0.1268703257687765,0,0
0xf80ffa8f2a6590d5b3f3a496946261fb3389549b,,251,290,12589.188854000004,0.3235714892274153,0.3274404440831179,0.0038689548557026,48.70700334603998,1.1997398701203914,1.1659801978284,253,0.1218112259086699,2829.1367039999996,0.10142819429484884,-0.024410445793976443,0.12583864008882528,0,0
0x0698c02e1eb60dac5457570e103345b0db63cc1e,,330,3580,125960.47781700047,0.3658499485360725,0.4667258739952595,0.100875925459187,12706.379771071319,16.19292742912059,2.5621386072438863,330,0.005201489585680689,105069.62045300036,0.12155073580842185,-0.003107096323118952,0.1246578321315408,0,0
0x0f4f2dcdfc5308635491acb579638eb16c43c10f,,104,543,3731.4843399999972,0.31589219472451296,0.40834104103462526,0.0924488463101123,344.97142225725065,7.245681011468738,2.6400282281797685,107,0.004144956100176392,2711.90463,0.12646773104231557,0.0019645319324763377,0.12450319910983923,0,0
0x61fe216bf5c2db4db24cc60c608ede9141506403,,100,506,3314.420699999998,0.3248260748733561,0.43689974238937185,0.11207366751601577,371.4592835400001,7.402393643151048,2.802601500207838,102,0.002534613121127947,2412.46813,0.145765524338761,0.021957475679680094,0.1238080486590809,0,0
0xd015f3dcb2228717fb106495a6d71d9f26132f48,,99,482,2954.5381399999983,0.3534998226380494,0.4773195210808827,0.1238196984428333,365.8300215326494,7.171117393474091,2.7280328239862826,102,0.0031856633892971115,2298.35887,0.15127272342087145,0.02766167219703647,0.12361105122383498,0,0
0xb8dbe8e3acf159c2dc282ef4d3b7e054a5d987ad,,268,1697,10496.383389000011,0.3636202412015162,0.434411680863193,0.07079143966167678,743.0540913482209,3.704546584978932,1.9430428920301934,377,0.026005488061153187,7027.979258999985,0.11159211596694196,-0.011882405737812463,0.12347452170475443,0,0
0x326738a50c9a40eca337f8f7a3ad96dbff6a2e9e,,33,38,12136.191656,0.013363429857391034,0.10727482862025757,0.09391139876286654,1139.7267340691897,1.255323463467478,1.3099637954545222,33,0.09510404182205912,11013.619420000003,0.10512247223412223,-0.016081074364777077,0.12120354659889931,0,0
0xc939ebfe22aa9843ab559321d7efef06b82b575a,,101,508,3211.533499999998,0.3451056940555034,0.44605705654323763,0.10095136248773423,324.2086825000015,6.978384700109333,2.7121369197283696,104,0.003342548654042939,2416.2338099999993,0.1307537703894645,0.010407399630697589,0.12034637075876692,0,0
0x3453461fc2f442362188ddd081558bebbe5d7ae4,,146,152,30046.806440999993,0.6693811307506186,0.7258393836238314,0.05645825287321282,1696.390196078457,0.92099867068838,0.8052982672420647,147,0.21032379073261295,15286.859319000003,0.11536221631463273,-0.004548510566905639,0.11991072688153837,0,0
0x28ce5dbde9f95f6d3f0f411beb955311da3636e0,,103,543,3749.6092399999966,0.31128187810112384,0.40852602016737144,0.0972441420662476,364.62753362747435,7.055336177678466,2.6237527401209086,105,0.004348344728699492,2575.56305,0.13457858895260716,0.01534172399128525,0.11923686496132191,0,0
0x45ca17313cffdb5b596438500a2fe0c899633cef,,550,4393,85481.5688499997,0.35064370936650285,0.4652882852184585,0.11464457585195564,9799.99820396796,19.502179906522723,4.03299804429695,550,2.7534869082619128e-05,62449.78276899968,0.14656987071339794,0.028080393555300842,0.1184894771580971,1,1
0xbb888efc08c9f9c5aa8f3fdac6364d6158b47b8a,,151,843,5914.252431000016,0.39431029854317023,0.45189129297075037,0.057580994427580134,340.54853627271405,5.008888132036207,1.3801637015020358,201,0.08376812369575218,3677.824131000008,0.10224232797971555,-0.015864923897047134,0.11810725187676269,0,0
0xdd353d56731a4d9631a58b91c2e700bac234c85e,,98,147,20621.266147000006,0.4920683409382304,0.5491266716252229,0.05705833068699251,1176.6150230000094,1.6166497226307368,1.7267503733303333,105,0.0421062523131673,12945.101411,0.10063656626845718,-0.01643210344463364,0.11706866971309082,0,0
0xcea972195c2d011a5525df117abf0230e05157c6,,131,304,20985.000172000007,0.057116479064854155,0.06635129852692763,0.009234819462073475,193.7926880000009,0.8862909013796134,1.626369870519251,152,0.05193549814579242,3695.8605079999998,0.10544886587478311,-0.011332640883685807,0.11678150675846892,0,0
0xa7b91cb9300e47959fbe5b3e68a1e6a0bfc14a66,,29,30,2901.53766,0.8449273168615224,0.9664288348406272,0.1215015179791048,352.5412301635397,1.8976961646331483,1.897696164633148,30,0.02886805905276648,2784.55195,0.1261859643392681,0.010000000000000009,0.11618596433926809,0,0
0x21e6a2af5409ebebb93a7061946f751f537f2bd9,,186,652,15137.469908000008,0.4646381878467694,0.5720074540609946,0.10736926621422521,1625.2990363618756,5.934606620621493,1.634099650746645,192,0.05111896409385609,13373.720563000004,0.12047794043338689,0.007972066461632121,0.11250587397175477,0,0
0x04ef211b463a4fd14f44da23c56f8927c1aca700,,48,67,23062.569821999998,0.29221773436415605,0.3498915825201052,0.05767384815594917,1330.1071500000035,1.3025079923711627,0.5839226881252967,53,0.2796361640042687,5891.037295,0.14110598870347163,0.029050785491372327,0.1120552032120993,0,0
0xfcc4fd2bdb09cbcd9b6e3d92efb84c0e1216700c,,69,539,66861.51501100005,0.45171517449209714,0.536334751584679,0.08461957709258189,5657.793124000142,2.767136722979748,1.7271820023414088,72,0.04206749103263869,44637.44616500005,0.12108803798990997,0.011372010622865913,0.10971602736704406,0,0
0x1481fe6b199f49a3d0592e25207eed22b7e69e66,,40,79,9195.169021,0.5261127928101844,0.5928301797988232,0.06671738698863883,613.4776500000007,1.5246833704455391,0.5260729523852213,43,0.2994187602666505,3687.9674240000004,0.13233552547778704,0.022775367996030194,0.10956015748175685,0,0
0x8ca21445fc588f48128c2180fb885fb07ecb1d74,,94,215,3382.6864480000017,0.5008736298931125,0.6058363914313343,0.10496276153822182,355.05611099999874,1.98085447724323,0.641726122441902,118,0.2605255125153435,2524.854143000001,0.1327213038935532,0.023261162914585853,0.10946014097896734,0,0
0x963f0054d7a259275a16d35c8eec978dee69b421,,427,574,112764.63423799987,0.09748615509006354,0.11513974416479512,0.01765358907473158,1990.7005150000568,0.01844155283264905,0.6337266718662596,435,0.2631296076750098,26415.859031,0.10019314957329262,-0.00759695315222958,0.1077901027255222,0,0
0x5055999bc56d99ea5e1b01d94ad93fc82be4ebe6,,67,130,45718.431474,0.00406916267689101,0.014086170265185943,0.010017007588294933,457.96187499999985,0.693558314226083,-0.10801970408289341,67,0.5430099689674479,5784.145259999999,0.10245002688608135,-0.003371137314902203,0.10582116420098354,0,0
0x51928a6454475e6b0d883f5d6ba663670c83df62,,595,3524,105762.94080900021,0.34551441416228923,0.4200382001501562,0.07452378598786696,7881.854766297372,11.069156089675548,4.002806824451284,645,3.1297705202216814e-05,76187.09510100016,0.10387456169781972,-0.0010835309551471828,0.1049580926529669,1,1
0x2528aa9add8a5cebcd634dc02bfd1eaa9213b041,,30,59,43930.1,0.9367468173302584,0.9484059904256991,0.011659173095440623,512.1886400000149,0.9345778468245678,0.24772492032844948,36,0.4021736245511464,3124.5299999999993,0.10816119544379466,0.004269900898332901,0.10389129454546175,0,0
0x6510f66e3f652682bc49803c46c0679b38d30d98,,265,405,13823.773549999998,0.5121457437318038,0.576936575324616,0.06479083159281218,895.653784055221,2.129185188937431,1.893671485414302,268,0.02913431422006794,6496.737119999998,0.11968072242448025,0.016121059757262857,0.10355966266721739,0,0
0x1a6f9c14f95caecafb7a9512c901294571538df2,,293,433,159884.1051949999,0.0038118816996980643,0.009271697153335036,0.0054598154536369715,872.9377083345797,2.179387199618487,2.840644164963613,295,0.0022511258977806984,13183.492446000006,0.1004157285318887,-0.0030735542393174886,0.10348928277120618,0,0
0xad0cc6fc868b7f7c86b3b055faa4bcb9e34425ad,,151,413,3913.748376000002,0.4973330209310293,0.575050467935346,0.07771744700431665,304.16653200001065,1.9283240433341367,0.0225270679205358,249,0.49101376019882265,2618.2362830000006,0.11106476443249391,0.010322355207841194,0.10074240922465272,0,0
0x9e00b4182096e66652ad93e9e132d7cc1565ea54,,22,29,18173.119999999995,0.9042309355795817,0.9709147356095158,0.06668380002993413,1211.8526999999958,2.227404871287485,1.859360820227578,22,0.0314880056948867,11763.640000000003,0.10063495652706178,0.004371540280958652,0.09626341624610313,0,0
0x273bc3c29fdadce5bfffb23bdca399984fcb349f,,101,516,3395.9415499999986,0.3320525572710382,0.4257002686044467,0.09364771133340849,318.02215397952773,7.0390083356061455,2.9083925535085813,105,0.001816459963389566,2522.99638,0.11819992515388694,0.022686614670197336,0.0955133104836896,0,0
0x6120379aa501764bbddf6ad089f12a7d0e6fad61,,76,77,4728.914340000002,0.38736088963984616,0.45517632066052577,0.0678154310206796,320.6933642269728,1.0081358305052346,1.1002311691506415,76,0.13561570664657094,2140.5377,0.11999199569010122,0.02466641553142518,0.09532558015867604,0,0
0xcd99b83f8c92669f908f14610f67e251cf7b83cc,,67,1195,5778.929999999994,0.517875106637387,0.5878198905333683,0.06994478389598124,404.2060100000026,7.92951110569862,-0.14610065763115207,101,0.5580790363630808,2953.249999999992,0.11631897062558272,0.02147695775884162,0.0948420128667411,0,0
0xb0c078c893300f44d341f4e854d8964b47dce88f,,37,234,11266.422518999992,0.5764109448272686,0.6883698446353296,0.11195889980806095,1261.3762700000016,-0.7988558973270249,-0.532237535631467,43,0.7027192555810746,10949.181091999993,0.11454703858322135,0.022632608445554703,0.09191443013766665,0,0
0x36b5f44070ede9d0f5970875f1980078a0cc0ffd,,224,848,12718.123402000014,0.6175139931229908,0.6706850618903908,0.053171068767399965,676.2362140000214,4.2835254622577175,1.937754543613892,240,0.026326587985134813,4838.522378000002,0.10814180117862404,0.01941591820880484,0.0887258829698192,0,0
0x3537dafed6f0a3a85ebf6d91864fc7e310203a08,,120,965,18692.362514,0.21123742999541537,0.25280456937750573,0.04156713938209036,776.9880379999986,0.21868349162453557,1.3626755707256095,176,0.08649239012294614,4867.161174000001,0.10367385277798485,0.01970247523353616,0.0839713775444487,0,0
0x4add48b456cc729f0fa119bc3d6d7f7675d0188d,,407,541,7294.927955999979,0.654856713734645,0.7132930581884981,0.05843634445385304,426.2889228028571,4.498259839698501,1.8988146094099605,409,0.028794427823054324,2913.459375999999,0.10591853366128856,0.026863042759789124,0.07905549090149944,0,0
