market_timeframe,market_duration_seconds,series_slug,slug_prefix,slug,condition_id,start_epoch,end_epoch,start_utc,end_utc,closed,price_to_beat,settlement_final_price,final_price_source,chainlink_start_price,start_price_lag_s,chainlink_end_price,end_price_lag_s,rtds_end_price,rtds_end_price_lag_s,final_vs_rtds_end_delta_usd,final_vs_rtds_end_delta_bps,winner,margin_usd_signed,margin_usd_abs,margin_bps_abs,market_volume,last_trade_price,best_bid,best_ask,late_trade_raw_count_300s,late_trade_unique_count_300s,duplicate_late_trades_300s,late_trade_fetch_status,price_minus_5s,price_minus_5s_lag_s,margin_minus_5s_signed,margin_minus_5s_bps_abs,side_minus_5s,flipped_to_winner_5s,aligned_final_5s_bps,trades_5s,gross_notional_5s,pro_notional_5s,anti_notional_5s,net_pro_notional_5s,pro_share_5s,pro_trade_share_5s,net_pro_share_5s,largest_signed_second_notional_5s,price_minus_10s,price_minus_10s_lag_s,margin_minus_10s_signed,margin_minus_10s_bps_abs,side_minus_10s,flipped_to_winner_10s,aligned_final_10s_bps,trades_10s,gross_notional_10s,pro_notional_10s,anti_notional_10s,net_pro_notional_10s,pro_share_10s,pro_trade_share_10s,net_pro_share_10s,largest_signed_second_notional_10s,price_minus_15s,price_minus_15s_lag_s,margin_minus_15s_signed,margin_minus_15s_bps_abs,side_minus_15s,flipped_to_winner_15s,aligned_final_15s_bps,trades_15s,gross_notional_15s,pro_notional_15s,anti_notional_15s,net_pro_notional_15s,pro_share_15s,pro_trade_share_15s,net_pro_share_15s,largest_signed_second_notional_15s,price_minus_30s,price_minus_30s_lag_s,margin_minus_30s_signed,margin_minus_30s_bps_abs,side_minus_30s,flipped_to_winner_30s,aligned_final_30s_bps,trades_30s,gross_notional_30s,pro_notional_30s,anti_notional_30s,net_pro_notional_30s,pro_share_30s,pro_trade_share_30s,net_pro_share_30s,largest_signed_second_notional_30s,price_minus_60s,price_minus_60s_lag_s,margin_minus_60s_signed,margin_minus_60s_bps_abs,side_minus_60s,flipped_to_winner_60s,aligned_final_60s_bps,trades_60s,gross_notional_60s,pro_notional_60s,anti_notional_60s,net_pro_notional_60s,pro_share_60s,pro_trade_share_60s,net_pro_share_60s,largest_signed_second_notional_60s,post_close_price_plus_15s,post_close_price_plus_15s_lag_s,post_close_aligned_move_15s_bps,post_close_reversion_15s_bps,post_close_price_plus_60s,post_close_price_plus_60s_lag_s,post_close_aligned_move_60s_bps,post_close_reversion_60s_bps,post_close_price_plus_300s,post_close_price_plus_300s_lag_s,post_close_aligned_move_300s_bps,post_close_reversion_300s_bps,prior_risk_lookback_seconds,prior_risk_margin_bps_abs,prior_risk_side,prior_risk_aligned_final_move_bps
5m,300,btc-up-or-down-5m,btc-updown-5m,btc-updown-5m-1780594200,0x48f7ea53151484813f8c16b9033c18976ca74b37a362ec0c14b8697dd0d8fdf4,1780594200,1780594500,2026-06-04T17:30:00Z,2026-06-04T17:35:00Z,True,63150.78816058908,63009.18963627736,gamma_finalPrice,,,63009.189636277355,0,63009.189636277355,0,7.275957614183426e-12,1.1521562637794883e-12,Down,-141.59852431171748,141.59852431171748,22.422289323078594,82675.96812099987,0.01,0.5,0.51,3485,3485,0,truncated_http_400_at_offset_3500,63010.68665555017,0,-140.10150503891055,22.185234597965728,Down,0,0.23758462822346443,1,1.0,0.0,1.0,-1.0,0.0,0.0,-1.0,-1.0,62999.89068217639,0,-150.89747841269127,23.89478940927341,Down,0,-1.475918099608043,2,10.9,0.0,10.9,-10.9,0.0,0.0,-1.0,-9.9,62984.393685717034,0,-166.39447487204598,26.348756637670732,Down,0,-3.9360656672620227,8,285.81309999999996,0.0,285.81309999999996,-285.81309999999996,0.0,0.0,-1.0,-158.9346,62999.446295395,0,-151.34186519408104,23.965158567653464,Down,0,-1.546456055133544,15,425.8313,0.0,425.8313,-425.8313,0.0,0.0,-1.0,-158.9346,,,,,,,,398,7669.677813999984,6679.369813999992,990.3079999999998,5689.061813999998,0.8708801042212861,0.7010050251256281,0.741760208442572,1536.5051660000001,,,,,,,,,62933.80895476163,0,11.970604378243536,-11.970604378243536,60,,,
5m,300,btc-up-or-down-5m,btc-updown-5m,btc-updown-5m-1780594500,0x0919ce2b997251c83f9927635f8eafef29c036859763d325bece50fc5cd1b20e,1780594500,1780594800,2026-06-04T17:35:00Z,2026-06-04T17:40:00Z,True,63009.18963627736,62933.80895476164,gamma_finalPrice,63009.189636277355,0,62933.80895476163,0,62933.80895476163,0,7.275957614183426e-12,1.1547454674761147e-12,Down,-75.38068151572224,75.38068151572224,11.963442467814573,92100.66532899956,0.01,0.29,0.31,3474,3474,0,truncated_http_400_at_offset_3500,62954.65431226829,0,-54.53532400906988,8.655138135227077,Down,0,3.311718509574811,12,90.2122,0.0,90.2122,-90.2122,0.0,0.0,-1.0,-85.2885,62970.92625445322,0,-38.263381824144744,6.07266686732862,Down,0,5.896092899951438,91,4125.830491,3871.185392,254.64509899999996,3616.540293,0.9382802808899984,0.7032967032967034,0.8765605617799969,3588.7445500000003,62969.58714506861,0,-39.602491208752326,6.285192911916344,Down,0,5.683435455811854,144,4557.057366999999,4250.458269000002,306.59909799999997,3943.8591710000005,0.9327199389193035,0.7222222222222222,0.8654398778386063,3588.7445500000003,62944.38426024794,0,-64.80537602942059,10.285067369301489,Down,0,1.6802442489967273,419,7619.741306999998,6652.431226000002,967.3100809999996,5685.121145000003,0.8730521100353681,0.6682577565632458,0.7461042200707358,3588.7445500000003,62967.95285741812,0,-41.23677885924553,6.54456581607956,Down,0,5.423896060242028,912,16886.524371999974,14088.900013000006,2797.624359000003,11291.275654000012,0.8343279944783197,0.7105263157894737,0.6686559889566379,3588.7445500000003,62934.58845993892,0,-0.12386034831618473,0.12386034831618473,62898.889207253764,-1,5.5501867025565685,-5.5501867025565685,62969.41022096619,0,-5.655338661947325,5.655338661947325,60,6.54456581607956,Down,5.423896060242028
5m,300,btc-up-or-down-5m,btc-updown-5m,btc-updown-5m-1780594800,0xfa2c5e08adc508d8e54352471e41468e89a3bfaf2e339f0d55dcafb8a3e67e22,1780594800,1780595100,2026-06-04T17:40:00Z,2026-06-04T17:45:00Z,True,62933.80895476164,62969.410220966194,gamma_finalPrice,62933.80895476163,0,62969.41022096619,0,62969.41022096619,0,7.275957614183426e-12,1.156128595269605e-12,Up,35.60126620455412,35.60126620455412,5.656938106216514,99027.04988299981,0.99,0.5,0.51,3454,3454,0,truncated_http_400_at_offset_3500,62961.80079648318,0,27.99184172153764,4.447822591138391,Up,0,1.2085049338921567,169,4636.759490000001,4508.238391000001,128.521099,4379.717292,0.9722821295180009,0.8994082840236687,0.9445642590360017,1992.9160989999987,62960.646300035274,0,26.837345273634128,4.264376448742435,Up,0,1.3918712001219964,238,5454.814799999999,5195.344901999999,259.469898,4935.875003999999,0.9524328675649996,0.8949579831932774,0.9048657351299991,1992.9160989999987,62961.05795410746,0,27.248999345822085,4.329787088750552,Up,0,1.3264886555276107,339,6953.543313999995,6387.5926189999955,565.950695,5821.641923999996,0.91860974046706,0.8643067846607669,0.8372194809341199,1992.9160989999987,62937.215417087275,0,3.406462325634493,0.5412769991536888,Up,0,5.114076311304921,622,9435.944219999987,8320.850854999995,1115.0933650000002,7205.757489999997,0.8818249303936652,0.7893890675241158,0.7636498607873295,1992.9160989999987,62918.04248136448,0,-15.766473397161462,2.505246966458806,Down,1,8.16089949394679,952,13504.707176999955,10547.185693999978,2957.5214829999977,7589.664211000006,0.7810006952215173,0.7279411764705882,0.5620013904430348,1992.9160989999987,62992.12628721433,0,3.606825880997283,-3.606825880997283,62925.13001062768,0,-7.034492851401315,7.034492851401315,63017.331930049964,0,7.607421316993737,-7.607421316993737,60,2.505246966458806,Down,8.16089949394679
5m,300,btc-up-or-down-5m,btc-updown-5m,btc-updown-5m-1780595100,0xee23c93cf12afc37d8eedbe31e2b0a1f535f0c3a5b63a477aa3daa80299691bb,1780595100,1780595400,2026-06-04T17:45:00Z,2026-06-04T17:50:00Z,True,62969.410220966194,63017.331930049964,gamma_finalPrice,62969.41022096619,0,63017.331930049964,0,63017.331930049964,0,0.0,0.0,Up,47.92170908377011,47.92170908377011,7.610315693859584,99245.17986899982,0.99,0.62,0.63,3469,3469,0,truncated_http_400_at_offset_3500,63016.52163938663,0,47.11141842043435,7.481635647390612,Up,0,0.1285830180375281,71,598.5552670000005,473.6297670000004,124.9255,348.70426700000047,0.7912882788148617,0.7887323943661971,0.5825765576297237,363.02976700000045,63027.66970663014,0,58.259485663948,9.252029748970083,Up,0,-1.640331067337068,132,3346.5539370000015,3141.118437,205.43550000000002,2935.6829370000014,0.9386128226625378,0.7651515151515151,0.8772256453250764,1679.6426609999999,63028.01307321925,0,58.60285225305415,9.306558858882537,Up,0,-1.6948096249926343,265,6741.056460999988,6397.911160999987,343.1453000000001,6054.76586099999,0.9490962133331401,0.8150943396226416,0.8981924266662807,1977.527936,62995.59290114461,0,26.182680178419105,4.157999906072069,Up,0,3.450285619532349,577,10868.302152999973,10037.096967999973,831.2051849999999,9205.891782999985,0.9235202358842625,0.75736568457539,0.847040471768526,1977.527936,63025.52810886483,0,56.11788789863931,8.911928458868491,Up,0,-1.3005383762143907,1115,16210.670637999945,12758.601830999958,3452.0688070000033,9306.533023999984,0.7870495993603199,0.6206278026905829,0.5740991987206406,1977.527936,63049.83490722716,0,5.156454089164609,-5.156454089164609,63016.87439370332,0,-0.07260510618361507,0.07260510618361507,63521.50328973888,0,79.68684502498085,-79.68684502498085,60,8.911928458868491,Up,-1.3005383762143907
5m,300,btc-up-or-down-5m,btc-updown-5m,btc-updown-5m-1780595400,0xf442e81f828eae028ce5cb781c4bcc96b7d5df6120827185a4d94b60079a19a3,1780595400,1780595700,2026-06-04T17:50:00Z,2026-06-04T17:55:00Z,True,63017.331930049964,63521.50328973888,gamma_finalPrice,63017.331930049964,0,63521.50328973888,0,63521.50328973888,0,0.0,0.0,Up,504.1713596889167,504.1713596889167,80.00518972281361,93751.02834299982,0.99,0.49,0.5,2111,2111,0,ok,63515.18892208773,0,497.8569920377631,79.0031848048392,Up,0,0.9941013964419744,1,1.0,0.0,1.0,-1.0,0.0,0.0,-1.0,-1.0,63466.84285738614,0,449.51092733617406,71.33131688836602,Up,0,8.608732594274736,2,2.0,0.0,2.0,-2.0,0.0,0.0,-1.0,-1.0,63460.86663543976,0,443.5347053897931,70.38297112961276,Up,0,9.550405925445332,5,8.4053,0.0,8.4053,-8.4053,0.0,0.0,-1.0,-6.326099999999999,63422.38122316455,0,405.04929311458545,64.27585565891545,Up,0,15.616677731208018,6,8.5053,0.0,8.5053,-8.5053,0.0,0.0,-1.0,-6.326099999999999,63429.753607787185,0,412.4216777372203,65.44575358966539,Up,0,14.454318951711661,18,36.3539,0.0,36.3539,-36.3539,0.0,0.0,-1.0,-9.9693,63469.19042268495,0,-8.238850971474179,8.238850971474179,63435.89088059692,0,-13.486795736223073,13.486795736223073,63461.571019882525,0,-9.439411454209337,9.439411454209337,60,65.44575358966539,Up,14.454318951711661
5m,300,btc-up-or-down-5m,btc-updown-5m,btc-updown-5m-1780595700,0x1cbbe28330e3918d21c62c68a8b4b5089e4ac8c561e0d2f3d4339adf2684d088,1780595700,1780596000,2026-06-04T17:55:00Z,2026-06-04T18:00:00Z,True,63521.50328973888,63461.571019882525,gamma_finalPrice,63521.50328973888,0,63461.571019882525,0,63461.571019882525,0,0.0,0.0,Down,-59.93226985635556,59.93226985635556,9.434957731240734,117322.01875299943,0.01,0.46,0.5,3463,3463,0,truncated_http_400_at_offset_3500,63464.633626022776,0,-56.8696637161047,8.952820819857909,Down,0,0.4825805907276337,87,4271.333211999997,4177.963311999999,93.3699,4084.5934119999997,0.9781403380711011,0.8160919540229885,0.9562806761422018,3097.1060199999993,63468.802910461956,0,-52.70037927692465,8.296462858654944,Down,0,1.1395051260509539,178,5001.115321999996,4814.756923999998,186.35839800000005,4628.398525999999,0.962736632530707,0.7191011235955056,0.9254732650614136,3097.1060199999993,63464.97739390675,0,-56.5258958321283,8.898702471554914,Down,0,0.536747286932823,276,6496.957438999993,6261.4360439999955,235.521395,6025.914648999996,0.9637489706202771,0.7572463768115942,0.927497941240554,3097.1060199999993,63468.3396328806,0,-53.1636568582835,8.369395260655212,Down,0,1.0665118993116494,575,9635.464847000003,8890.075167,745.38968,8144.685487,0.9226410254371818,0.7547826086956522,0.8452820508743637,3097.1060199999993,63448.479700639364,0,-73.02358909951727,11.49588490789281,Down,0,-2.0630862906870404,1108,15490.507209999967,13435.485605999978,2055.021603999998,11380.464001999992,0.8673367129855271,0.7120938628158845,0.7346734259710541,3097.1060199999993,63472.0997898468,0,-1.6589404405085664,1.6589404405085664,63458.93574828973,0,0.41526332667207794,-0.41526332667207794,63267.39027997418,0,30.64506958512235,-30.64506958512235,60,11.49588490789281,Down,-2.0630862906870404
5m,300,btc-up-or-down-5m,btc-updown-5m,btc-updown-5m-1780596000,0x61a505f17527e87fd5be2d6c81bc647399be7f1eb399dd854c146ab08bb3bb7b,1780596000,1780596300,2026-06-04T18:00:00Z,2026-06-04T18:05:00Z,True,63461.571019882525,63267.39027997418,gamma_finalPrice,63461.571019882525,0,63267.39027997418,0,63267.39027997418,0,0.0,0.0,Down,-194.1807399083482,194.1807399083482,30.598161499580797,88611.84630099987,0.01,0.45,0.46,3450,3450,0,ok,63276.69414420039,0,-184.87687568213732,29.13209879790328,Down,0,1.4704542350298537,0,0.0,0.0,0.0,0.0,,,,0.0,63279.124949623925,0,-182.44607025860023,28.74906298828307,Down,0,1.8546017900358136,5,102.3972,0.0,102.3972,-102.3972,0.0,0.0,-1.0,-82.6061,63287.37707834618,0,-174.19394153634494,27.44872822038552,Down,0,3.1586006525672947,11,129.7624,0.0,129.7624,-129.7624,0.0,0.0,-1.0,-82.6061,63327.89004259172,0,-133.68097729080182,21.064870462932525,Down,0,9.55798147753793,16,156.60100000000006,0.0,156.60100000000006,-156.60100000000006,0.0,0.0,-1.0,-82.6061,63321.10797017485,0,-140.46304970767233,22.133560113673393,Down,0,8.486978543480754,333,6918.326215999987,5893.161915999987,1025.1643000000004,4867.9976159999915,0.8518190284769883,0.6966966966966966,0.7036380569539771,1746.6747349999998,63289.86769854333,0,-3.552134293128297,3.552134293128297,63277.25177674226,0,-1.5585799015706037,1.5585799015706037,63204.21300491782,0,9.990745538201212,-9.990745538201212,60,22.133560113673393,Down,8.486978543480754
5m,300,btc-up-or-down-5m,btc-updown-5m,btc-updown-5m-1780596300,0x31623f0e75100aff25ebe2a43b2b381e8b11feb582a9503f9c893b848fe67eff,1780596300,1780596600,2026-06-04T18:05:00Z,2026-06-04T18:10:00Z,True,63267.39027997418,63204.213004917816,gamma_finalPrice,63267.39027997418,0,63204.21300491782,0,63204.21300491782,0,-7.275957614183426e-12,-1.15003283397426e-12,Down,-63.177275056361395,63.177275056361395,9.985756450010976,85901.66539399973,0.01,0.22,0.23,3416,3416,0,ok,63191.685491215256,0,-75.7047887589215,11.965846611328315,Down,0,-1.982265863471162,1,5.0985000000000005,0.0,5.0985000000000005,-5.0985000000000005,0.0,0.0,-1.0,-5.0985000000000005,63191.92217884367,0,-75.46810113050742,11.928435928294501,Down,0,-1.944810431904094,4,8.4151,0.0,8.4151,-8.4151,0.0,0.0,-1.0,-5.0985000000000005,63191.50396,0,-75.88631997417542,11.9945393098023,Down,0,-2.0109929775817608,18,309.661311,280.38671099999993,29.274600000000003,251.11211099999994,0.905462519985262,0.5,0.8109250399705242,280.38671099999993,63170.24159220238,0,-97.148687771798,15.355254474997391,Down,0,-5.376310211111907,223,3789.040202,2904.329701999999,884.7104999999999,2019.619201999998,0.7665080197531245,0.6681614349775785,0.5330160395062491,779.9479079999995,63189.627388637826,0,-77.76289133635146,12.291148882897023,Down,0,-2.307963156957035,727,13526.676728999944,11787.974936999932,1738.7017919999987,10049.273144999965,0.8714612741300753,0.7469050894085282,0.7429225482601541,2223.921489,63173.027614831255,0,4.93528590537642,-4.93528590537642,63142.36858883838,0,9.789646896415606,-9.789646896415606,63081.31586930261,0,19.463381989636215,-19.463381989636215,60,12.291148882897023,Down,-2.307963156957035
5m,300,btc-up-or-down-5m,btc-updown-5m,btc-updown-5m-1780596600,0x52940902342f9a084d245ac4c3f5c04c8acc4672306001074560fcc6ab308097,1780596600,1780596900,2026-06-04T18:10:00Z,2026-06-04T18:15:00Z,True,63204.213004917816,63081.31586930261,gamma_finalPrice,63204.21300491782,0,63081.31586930261,0,63081.31586930261,0,0.0,0.0,Down,-122.8971356152033,122.8971356152033,19.44445311037112,85275.14119399998,0.01,0.5,0.51,3419,3419,0,ok,63079.574816903114,0,-124.63818801470188,19.719917722099318,Down,0,-0.2760050900295021,3,56.1038,0.0,56.1038,-56.1038,0.0,0.0,-1.0,-51.1038,63087.564596228716,0,-116.6484086890996,18.455796400791094,Down,0,0.9905337842675757,5,58.311499999999995,0.0,58.311499999999995,-58.311499999999995,0.0,0.0,-1.0,-51.1038,63105.00973178034,0,-99.20327313747839,15.695674136431307,Down,0,3.7553772396997553,11,121.7631,0.0,121.7631,-121.7631,0.0,0.0,-1.0,-51.1038,63120.560183112255,0,-83.65282180556096,13.235323695756177,Down,0,6.2192918682608385,190,6020.626284999994,5778.952284999992,241.6739999999999,5537.278284999993,0.9598589933073711,0.8157894736842105,0.9197179866147428,2681.975538,63136.58964171551,0,-67.62336320230679,10.699186017401265,Down,0,8.758468257339208,518,11342.93458799997,10349.42849299998,993.5060949999996,9355.922397999984,0.9124118994699089,0.752895752895753,0.8248237989398172,2681.975538,63102.943617146484,0,-3.427962908159819,3.427962908159819,63088.11273032382,0,-1.0774180565318021,1.0774180565318021,63306.705187292566,0,-35.66628467383042,35.66628467383042,60,10.699186017401265,Down,8.758468257339208
5m,300,btc-up-or-down-5m,btc-updown-5m,btc-updown-5m-1780596900,0xe5baddb9635fa1da28a5bcaffdceb804097060b7c4f71cd2cd6258a1235311df,1780596900,1780597200,2026-06-04T18:15:00Z,2026-06-04T18:20:00Z,True,63081.31586930261,63306.70518729256,gamma_finalPrice,63081.31586930261,0,63306.705187292566,0,63306.705187292566,0,-7.275957614183426e-12,-1.1534251487807248e-12,Up,225.389317989946,225.389317989946,35.729964551932824,75381.83402099992,0.99,0.99,1.0,2222,2222,0,ok,63322.62935362489,0,241.3134843222797,38.254351704116964,Up,0,-2.515083329468132,3,3.5862999999999996,0.0,3.5862999999999996,-3.5862999999999996,0.0,0.0,-1.0,-3.3363,63347.09921709532,0,265.7833477927052,42.133450155570365,Up,0,-6.3786526369770415,6,4.5623000000000005,0.0,4.5623000000000005,-4.5623000000000005,0.0,0.0,-1.0,-3.3363,63350.73056095842,0,269.4146916558093,42.70911092184669,Up,0,-6.951881692353476,8,30.4013,0.0,30.4013,-30.4013,0.0,0.0,-1.0,-25.839,63315.90435485353,0,234.5884855509139,37.188267606363006,Up,0,-1.4530055272777762,9,31.8665,0.0,31.8665,-31.8665,0.0,0.0,-1.0,-25.839,63313.1328651547,0,231.81699585208844,36.7489156904062,Up,0,-1.015271851003751,16,38.2025,0.0,38.2025,-38.2025,0.0,0.0,-1.0,-25.839,63269.995318969464,0,-5.800414958758315,5.800414958758315,63312.13992928271,0,0.8584412515340991,-0.8584412515340991,63520.95561928608,0,33.78610540268813,-33.78610540268813,60,36.7489156904062,Up,-1.015271851003751
5m,300,btc-up-or-down-5m,btc-updown-5m,btc-updown-5m-1780597200,0xc16abc524095a1523c8c307a4c53a16f8acfde669414762fad9835eb5161d3c3,1780597200,1780597500,2026-06-04T18:20:00Z,2026-06-04T18:25:00Z,True,63306.70518729256,63520.95561928608,gamma_finalPrice,63306.705187292566,0,63520.95561928608,0,63520.95561928608,0,0.0,0.0,Up,214.25043199351785,214.25043199351785,33.84324478104792,76511.24155799983,0.99,0.5,0.51,3138,3138,0,ok,63539.952963016374,0,233.24777572381572,36.84408705740622,Up,0,-2.990273575691846,5,1.346,0.0,1.346,-1.346,0.0,0.0,-1.0,-0.8460000000000001,63558.285575974616,0,251.58038868205767,39.73992769608817,Up,0,-5.875067778367534,5,1.346,0.0,1.346,-1.346,0.0,0.0,-1.0,-0.8460000000000001,63528.02400778208,0,221.31882048951957,34.959775561648485,Up,0,-1.1127029156857011,6,13.4141,0.0,13.4141,-13.4141,0.0,0.0,-1.0,-12.0681,63482.21085413017,0,175.5056668376128,27.72307709244703,Up,0,6.101385884101921,12,18.8543,0.0,18.8543,-18.8543,0.0,0.0,-1.0,-12.0681,63443.06590740366,0,136.36072011110082,21.539696262454083,Up,0,12.269573807957396,103,4695.141438999997,4339.195838999999,355.94560000000007,3983.2502389999995,0.9241885245365878,0.5825242718446602,0.8483770490731752,2270.6299429999995,63478.83814178629,0,-6.63268463617627,6.63268463617627,63470.03623973302,0,-8.01936917517021,8.01936917517021,63810.4956069609,0,45.478235569502864,-45.478235569502864,60,21.539696262454083,Up,12.269573807957396
5m,300,btc-up-or-down-5m,btc-updown-5m,btc-updown-5m-1780597500,0xf6e7e0c94cba17f17c011726a07b4fd334b9ff8592cbe6136bb54b3a38a20f76,1780597500,1780597800,2026-06-04T18:25:00Z,2026-06-04T18:30:00Z,True,63520.95561928608,63810.49560696091,gamma_finalPrice,63520.95561928608,0,63810.4956069609,0,63810.4956069609,0,7.275957614183426e-12,1.145442089661245e-12,Up,289.53998767483426,289.53998767483426,45.58180601220755,91904.82546099997,0.99,0.57,0.58,3165,3165,0,ok,63799.83071706544,0,278.87509777936066,43.9028498643508,Up,0,1.671477571998705,1,0.07150000000000001,0.0,0.07150000000000001,-0.07150000000000001,0.0,0.0,-1.0,-0.07150000000000001,63784.80271440085,0,263.8470951147756,41.53701601974436,Up,0,4.027247593811624,2,7.4074,0.0,7.4074,-7.4074,0.0,0.0,-1.0,-7.3359,63800.188740979625,0,279.23312169354904,43.95921298274186,Up,0,1.6153609795859463,4,21.703,0.0,21.703,-21.703,0.0,0.0,-1.0,-8.6724,63786.18107133922,0,265.22545205314236,41.7540084948935,Up,0,3.8111550471338087,43,3465.5280000000002,0.0,3465.5280000000002,-3465.5280000000002,0.0,0.0,-1.0,-2812.8968999999997,63537.25250209339,0,16.296882807313523,2.5655915671340286,Up,0,42.912973059094334,621,19641.242409999944,14558.878947999985,5082.363461999989,9476.515485999986,0.7412402252409259,0.5603864734299517,0.4824804504818498,6314.647279999999,63799.677526246196,0,-1.6954887647303911,1.6954887647303911,63903.107209190144,0,14.50301556297438,-14.50301556297438,63763.48128875823,0,-7.370518890301179,7.370518890301179,60,2.5655915671340286,Up,42.912973059094334
5m,300,btc-up-or-down-5m,btc-updown-5m,btc-updown-5m-1780597800,0x51dcfba27586c391de127ab5a8e9baa4680d301a39f09db459e9b05f49102973,1780597800,1780598100,2026-06-04T18:30:00Z,2026-06-04T18:35:00Z,True,63810.49560696091,63763.48128875824,gamma_finalPrice,63810.4956069609,0,63763.48128875823,0,63763.48128875823,0,7.275957614183426e-12,1.140244648623245e-12,Down,-47.01431820267317,47.01431820267317,7.367803330075453,144955.09739,0.01,0.5,0.51,3460,3460,0,truncated_http_400_at_offset_3500,63740.4784418249,0,-70.01716513601423,10.972672202278938,Down,0,-3.608177696051518,8,185.2984,0.0,185.2984,-185.2984,0.0,0.0,-1.0,-167.1715,63720.017208682635,0,-90.47839827827556,14.17923453150637,Down,0,-6.818777688401017,126,5908.817744999997,5525.383244999995,383.43449999999996,5141.948744999996,0.9351080848069039,0.6984126984126984,0.8702161696138081,2997.873144,63728.63332179352,0,-81.86228516739357,12.828968712548825,Down,0,-5.466685989015732,301,9744.28028099998,7734.623481999988,2009.6567990000003,5724.96668299999,0.7937603659740219,0.7906976744186046,0.587520731948043,2997.873144,63773.97385897195,0,-36.52174798896158,5.7234703541430445,Down,0,1.6454100052776743,615,13331.361081999954,10425.087519999965,2906.2735620000035,7518.813957999994,0.7819972361318719,0.7382113821138211,0.5639944722637451,2997.873144,63735.38766049674,0,-75.10794646417344,11.770469066217395,Down,0,-4.406882813579929,1131,19282.43338299989,14860.02161599995,4422.4117670000005,10437.609848999986,0.770650743131886,0.6472148541114059,0.5413014862637705,2997.873144,63754.94391595963,0,1.339002234015454,-1.339002234015454,63800.12120889026,0,-5.7445729694415535,5.7445729694415535,63874.31870953279,0,-17.367495935519745,17.367495935519745,60,11.770469066217395,Down,-4.406882813579929
5m,300,btc-up-or-down-5m,btc-updown-5m,btc-updown-5m-1780598100,0x9374a51a047c41b1d2edc14fde3cf50a058b6c76df18dc47c0010e18001027ac,1780598100,1780598400,2026-06-04T18:35:00Z,2026-06-04T18:40:00Z,True,63763.48128875824,63874.31870953279,gamma_finalPrice,63763.48128875823,0,63874.31870953279,0,63874.31870953279,0,0.0,0.0,Up,110.83742077455099,110.83742077455099,17.382586165992805,79380.57589699981,0.99,0.5,0.51,3088,3088,0,ok,63903.05902668655,0,139.57773792830994,21.889918038856838,Up,0,-4.49849858364764,1,135.2043,0.0,135.2043,-135.2043,0.0,0.0,-1.0,-135.2043,63901.078754783084,0,137.59746602484665,21.579352827635784,Up,0,-4.1886069106552295,1,135.2043,0.0,135.2043,-135.2043,0.0,0.0,-1.0,-135.2043,63882.992573464726,0,119.51128470648837,18.742904604795896,Up,0,-1.3578657625400368,4,138.37239999999997,0.0,138.37239999999997,-138.37239999999997,0.0,0.0,-1.0,-135.2043,63894.41144992559,0,130.9301611673509,20.533722206041844,Up,0,-3.1451733978034224,17,219.18069999999994,0.0,219.18069999999994,-219.18069999999994,0.0,0.0,-1.0,-135.2043,63950.169071359625,0,186.68778260138788,29.278166566213145,Up,0,-11.867893554104658,53,493.45849999999996,0.0,493.45849999999996,-493.45849999999996,0.0,0.0,-1.0,-135.2043,63851.982971355465,0,-3.497437585064516,3.497437585064516,63960.34201616469,0,13.458528247065713,-13.458528247065713,63842.97672070311,0,-4.908025863413035,4.908025863413035,60,29.278166566213145,Up,-11.867893554104658
5m,300,btc-up-or-down-5m,btc-updown-5m,btc-updown-5m-1780598400,0xc7259071fe8fb7c4ae2ada176c6ac6c83e69b8fed762156ca24a99a2264bc4a6,1780598400,1780598700,2026-06-04T18:40:00Z,2026-06-04T18:45:00Z,True,63874.31870953279,63842.97672070311,gamma_finalPrice,63874.31870953279,0,63842.97672070311,0,63842.97672070311,0,0.0,0.0,Down,-31.341988829677575,31.341988829677575,4.906821624541258,95060.74899099988,0.01,0.45,0.46,3403,3403,0,truncated_http_400_at_offset_3500,63851.394551245176,0,-22.924158287612954,3.5889476006562377,Down,0,1.3184340813788535,104,2574.4410320000006,2493.0211340000005,81.41989799999999,2411.6012359999995,0.9683737568707302,0.7788461538461539,0.9367475137414601,1338.4042919999997,63858.28740643912,0,-16.031303093666793,2.5098198176592423,Down,0,2.397891033267766,167,3251.446259000001,3085.891665,165.55459399999998,2920.337070999998,0.9490827832255427,0.7784431137724551,0.8981655664510853,1338.4042919999997,63839.726702993736,0,-34.59200653905282,5.415636086289904,Down,0,-0.5090772082560838,333,5081.671921999995,4433.276440999996,648.3954809999999,3784.8809599999963,0.8724050881378408,0.6846846846846847,0.7448101762756812,1338.4042919999997,63822.3786656678,0,-51.94004386499,8.131600448246866,Down,0,-3.226882524505503,617,8663.367499999997,7639.202323999994,1024.1651760000002,6615.037147999993,0.8817820927024044,0.7017828200972447,0.7635641854048089,1338.4042919999997,63864.0284115944,0,-10.290297938387084,1.6110227312454029,Down,0,3.296873348515468,1108,13284.84528999998,10511.861067999987,2772.984222,7738.876846000001,0.7912671046242951,0.6633574007220217,0.5825342092485906,1338.4042919999997,63834.54249459478,0,1.321176378180537,-1.321176378180537,63808.67458607827,0,5.374334777392446,-5.374334777392446,63931.34791465237,0,-13.832388986107869,13.832388986107869,60,1.6110227312454029,Down,3.296873348515468
5m,300,btc-up-or-down-5m,btc-updown-5m,btc-updown-5m-1780598700,0x82ea9af8419a69f3a1af47422aa51a76849d7397791194318b3978af649b59a6,1780598700,1780599000,2026-06-04T18:45:00Z,2026-06-04T18:50:00Z,True,63842.97672070311,63931.34791465237,gamma_finalPrice,63842.97672070311,0,63931.34791465237,0,63931.34791465237,0,0.0,0.0,Up,88.37119394925685,88.37119394925685,13.841960147920183,86017.86052099976,0.99,0.5,0.51,3293,3293,0,ok,63915.584953958605,0,72.60823325549427,11.372939825963465,Up,0,2.465911448941462,4,125.27339999999998,0.0,125.27339999999998,-125.27339999999998,0.0,0.0,-1.0,-112.49369999999999,63916.2722587549,0,73.29553805178875,11.480595331956124,Up,0,2.3583788179866296,14,314.707698,175.554298,139.15339999999998,36.400898,0.5578328687720883,0.5,0.11566573754417663,163.674298,63894.37418424326,0,51.39746354014642,8.05060574869454,Up,0,5.785022111849393,91,1050.570516,875.0201170000003,175.55039899999997,699.469718,0.8328999373898289,0.7912087912087912,0.6657998747796573,350.698924,63930.38670039418,0,87.40997969106684,13.69140102496527,Up,0,0.15035213797279973,154,2084.4414110000002,1166.5270120000005,917.914399,248.61261299999984,0.5596353084543475,0.6038961038961039,0.11927061690869459,-433.7487,63950.742184040886,0,107.76546333777515,16.879767967151942,Up,0,-3.03314866409166,632,11061.650469999955,9485.848672999968,1575.8017969999996,7910.046875999977,0.8575437000767939,0.7705696202531646,0.7150874001535875,1062.0464370000004,63938.77289482525,0,1.161331534563543,-1.161331534563543,63961.035512382194,0,4.642590507353882,-4.642590507353882,63850.98904508313,0,-12.577462906792803,12.577462906792803,60,16.879767967151942,Up,-3.03314866409166
5m,300,btc-up-or-down-5m,btc-updown-5m,btc-updown-5m-1780599000,0xe67bceb93cd5c3b30edec7cdd9b8e27bd153efe9f0872531bcbd77b5956a8034,1780599000,1780599300,2026-06-04T18:50:00Z,2026-06-04T18:55:00Z,True,63931.34791465237,63850.98904508314,gamma_finalPrice,63931.34791465237,0,63850.98904508313,0,63850.98904508313,0,7.275957614183426e-12,1.1380891927848523e-12,Down,-80.35886956923059,80.35886956923059,12.569556593192559,95550.11415799992,0.01,0.5,0.51,3465,3465,0,truncated_http_400_at_offset_3500,63857.940708446855,0,-73.40720620551292,11.482192789601545,Down,0,1.0886730292076283,9,721.3933000000001,0.0,721.3933000000001,-721.3933000000001,0.0,0.0,-1.0,-656.0136,63859.93242323067,0,-71.4154914216997,11.170653169559099,Down,0,1.400565912347238,37,3629.6268149999996,2787.7913149999995,841.8355000000003,1945.955815,0.7680655497361372,0.32432432432432434,0.5361310994722746,2692.732815,63863.32761242267,0,-68.02030222969915,10.639585187614923,Down,0,1.9322136626244384,177,7127.010542999991,5920.54904399999,1206.4614990000007,4714.087544999995,0.8307198380413562,0.7288135593220338,0.661439676082713,2692.732815,63891.025344664224,0,-40.322569988144096,6.307167188461953,Down,0,6.26830586369869,369,9133.574094999993,7753.841002999984,1379.733092,6374.107910999993,0.848938315094491,0.7181571815718157,0.6978766301889838,2692.732815,63891.64178347626,0,-39.70613117610628,6.2107451932835085,Down,0,6.3647882467788675,796,13634.634733999992,11369.726969999972,2264.9077639999987,9104.819205999986,0.8338857029772764,0.6871859296482412,0.6677714059545551,2692.732815,63868.33574075033,0,-2.7163776199013756,2.7163776199013756,63925.47173106454,0,-11.65828102689685,11.65828102689685,63740.06714121807,0,17.387101435577677,-17.387101435577677,60,6.2107451932835085,Down,6.3647882467788675
5m,300,btc-up-or-down-5m,btc-updown-5m,btc-updown-5m-1780599300,0xf74af914461cf4ceab9f78f478ea4d2135a31a07016af25dba8d032ef526ef84,1780599300,1780599600,2026-06-04T18:55:00Z,2026-06-04T19:00:00Z,True,63850.98904508314,63740.06714121807,gamma_finalPrice,63850.98904508313,0,63740.06714121807,0,63740.06714121807,0,0.0,0.0,Down,-110.92190386506991,110.92190386506991,17.37199462748361,80562.17653299983,0.01,0.07,0.08,3220,3220,0,ok,63754.12027457322,0,-96.86877050991461,15.171068132009463,Down,0,2.204513585586161,3,33.5214,0.0,33.5214,-33.5214,0.0,0.0,-1.0,-27.4923,63758.66892171463,0,-92.3201233685104,14.458683373459746,Down,0,2.9179552994723172,4,98.9901,0.0,98.9901,-98.9901,0.0,0.0,-1.0,-65.4687,63763.96499932436,0,-87.02404575877881,13.629240057242328,Down,0,3.748565121420673,8,117.2701,0.0,117.2701,-117.2701,0.0,0.0,-1.0,-65.4687,63774.5525215096,-1,-76.43652357353858,11.971079025818879,Down,0,5.408851349513779,61,1505.6761149999998,1099.366216,406.3098989999999,693.056317,0.7301478751291741,0.47540983606557374,0.46029575025834835,715.1462,63739.460900693084,0,-111.52814439005306,17.466940772257516,Down,0,-0.09511182451117867,343,5656.654557,5014.794260999997,641.8602959999996,4372.933964999998,0.8865300524307759,0.7638483965014577,0.7730601048615524,715.1462,63706.167078376755,0,5.319900403242535,-5.319900403242535,63702.70004796127,0,5.86413731461871,-5.86413731461871,63630.591978508724,0,17.19001698254424,-17.19001698254424,60,17.466940772257516,Down,-0.09511182451117867
5m,300,btc-up-or-down-5m,btc-updown-5m,btc-updown-5m-1780599600,0xe483bdb375db00ab7c543e0d516159e1e46130e9ec970acc2ad4c64bcadea79d,1780599600,1780599900,2026-06-04T19:00:00Z,2026-06-04T19:05:00Z,True,63740.06714121807,63630.59197850873,gamma_finalPrice,63740.06714121807,0,63630.591978508724,0,63630.591978508724,0,7.275957614183426e-12,1.1415045418862392e-12,Down,-109.47516270933556,109.47516270933556,17.17525061070143,68614.72013099988,0.01,0.46,0.47,2845,2845,0,ok,63617.780969723164,0,-122.2861714949031,19.18513377527111,Down,0,-2.013543832748264,2,21.0276,0.0,21.0276,-21.0276,0.0,0.0,-1.0,-18.4041,63617.92601962797,0,-122.14112159009528,19.162377303351107,Down,0,-1.990743644303191,2,21.0276,0.0,21.0276,-21.0276,0.0,0.0,-1.0,-18.4041,63614.98550045974,0,-125.0816407583261,19.623707091679698,Down,0,-2.452969829906131,5,25.1065,0.0,25.1065,-25.1065,0.0,0.0,-1.0,-18.4041,63621.77689527989,0,-118.2902459381803,18.558224244744622,Down,0,-1.3854489815727011,11,74.35789999999999,0.0,74.35789999999999,-74.35789999999999,0.0,0.0,-1.0,-39.1644,63666.565237233786,0,-73.50190398428094,11.531507147840813,Down,0,5.651855936056724,260,8495.67609799999,7805.153100999994,690.5229970000001,7114.630103999997,0.9187206540086249,0.7538461538461538,0.8374413080172498,2528.1653530000003,63620.18278295452,0,1.636012919676236,-1.636012919676236,63611.77915471084,0,2.957006187077757,-2.957006187077757,63603.250291608434,0,4.297863969732542,-4.297863969732542,60,11.531507147840813,Down,5.651855936056724
5m,300,btc-up-or-down-5m,btc-updown-5m,btc-updown-5m-1780599900,0x32b21fb1d6f04d00162cf2270aaceccc12160c2b4e541d52df7492630f783ff3,1780599900,1780600200,2026-06-04T19:05:00Z,2026-06-04T19:10:00Z,True,63630.59197850873,63603.250291608434,gamma_finalPrice,63630.591978508724,0,63603.250291608434,0,63603.250291608434,0,0.0,0.0,Down,-27.341686900297645,27.341686900297645,4.296940520297582,91604.21836499988,0.01,0.21,0.22,3446,3446,0,truncated_http_400_at_offset_3500,63604.56709749026,0,-26.024881018471206,4.089995112297733,Down,0,0.20703222630478857,133,3287.5419439999996,3203.187343999999,84.35459999999999,3118.8327439999994,0.9743411334556648,0.9323308270676691,0.9486822669113297,1556.9443510000003,63612.827403680276,0,-17.764574828455807,2.791829256351379,Down,0,1.5056449253019497,207,4017.2405809999977,3925.2667809999975,91.9738,3833.2929809999982,0.9771052297850915,0.9227053140096618,0.9542104595701834,1556.9443510000003,63613.498937317745,0,-17.093041190986696,2.6862929700166673,Down,0,1.6112101265915835,274,5567.096389,5318.913396999999,248.182992,5070.730405,0.9554196703886096,0.8832116788321168,0.9108393407772196,1556.9443510000003,63598.530240320615,0,-32.06173818811658,5.038730143976258,Down,0,-0.7421360409023624,508,7118.661397999985,6373.131626999991,745.5297710000001,5627.601855999998,0.8952710728439123,0.7696850393700787,0.7905421456878248,1556.9443510000003,63548.36597918588,0,-82.22599932285084,12.922400494187247,Down,0,-8.632893146130106,886,11923.026997999948,10481.297634999966,1441.7293629999992,9039.568271999984,0.8790802567802767,0.7381489841986456,0.7581605135605534,1556.9443510000003,63559.700366487734,0,6.849467804569045,-6.849467804569045,63539.40605353321,0,10.042930559519629,-10.042930559519629,63801.06641481007,0,-31.05330922507249,31.05330922507249,60,12.922400494187247,Down,-8.632893146130106
5m,300,btc-up-or-down-5m,btc-updown-5m,btc-updown-5m-1780600200,0x01cea4bf7c773497ea611f4eb224aba8a024449e59a8d9be06261960e5473214,1780600200,1780600500,2026-06-04T19:10:00Z,2026-06-04T19:15:00Z,True,63603.250291608434,63801.06641481006,gamma_finalPrice,63603.250291608434,0,63801.06641481007,0,63801.06641481007,0,-7.275957614183426e-12,-1.1439600304740066e-12,Up,197.81612320162822,197.81612320162822,31.10157457278992,77424.0474199999,0.99,0.5,0.51,2999,2999,0,ok,63762.84140311438,0,159.59111150594254,25.091659746042627,Up,0,5.993076489056471,0,0.0,0.0,0.0,0.0,,,,0.0,63743.651664248086,0,140.40137263965153,22.074559396876538,Up,0,9.003078340654625,1,0.05,0.0,0.05,-0.05,0.0,0.0,-1.0,-0.05,63732.59953245603,0,129.34924084759405,20.336891629681368,Up,0,10.73706905908134,4,10.1188,0.0,10.1188,-10.1188,0.0,0.0,-1.0,-5.0,63714.877338964034,0,111.62704735559964,17.550525616821705,Up,0,13.51816665964198,13,53.48949999999999,0.0,53.48949999999999,-53.48949999999999,0.0,0.0,-1.0,-33.3829,63685.214106498715,0,81.96381489028136,12.886733699063072,Up,0,18.17487179458969,298,6855.395661999986,5729.787866999995,1125.6077950000006,4604.180072000001,0.8358070269759443,0.6610738255033557,0.6716140539518884,1829.4705,63843.064421221985,0,6.580483983458286,-6.580483983458286,63859.218544731666,0,9.110450280169072,-9.110450280169072,63893.264021157,0,14.440362708875874,-14.440362708875874,60,12.886733699063072,Up,18.17487179458969
5m,300,btc-up-or-down-5m,btc-updown-5m,btc-updown-5m-1780600500,0xe66768662542ad96ff572002d82e1bdb13664d398c3076171944742881c78f85,1780600500,1780600800,2026-06-04T19:15:00Z,2026-06-04T19:20:00Z,True,63801.06641481006,63893.264021157,gamma_finalPrice,63801.06641481007,0,63893.264021157,0,63893.264021157,0,0.0,0.0,Up,92.19760634694103,92.19760634694103,14.450793933052397,84793.15036899975,0.99,0.87,0.88,3478,3478,0,truncated_http_400_at_offset_3500,63890.1037023413,0,89.03728753123869,13.955454435879238,Up,0,0.49463695825907134,4,71.983,0.0,71.983,-71.983,0.0,0.0,-1.0,-58.548700000000004,63899.76550556349,0,98.6990907534273,15.469818343117286,Up,0,-1.017502196507928,6,199.9009,0.0,199.9009,-199.9009,0.0,0.0,-1.0,-127.9179,63897.128240317856,0,96.0618255077934,15.056460793811228,Up,0,-0.6047745990365919,13,213.8401,0.0,213.8401,-213.8401,0.0,0.0,-1.0,-127.9179,63912.064992265776,0,110.99857745571353,17.39760535255686,Up,0,-2.9421263400396045,228,5514.646684999997,4536.1931849999955,978.4535000000002,3557.739685,0.822571860739252,0.7456140350877193,0.6451437214785052,2813.7070819999994,63844.07898778075,0,43.01257297068514,6.7416699105049265,Up,0,7.700964283180962,638,13173.466222999981,11635.536935999993,1537.9292869999995,10097.607649000001,0.883255533436229,0.7789968652037618,0.7665110668724577,2813.7070819999994,63904.61186489635,0,1.775904910858714,-1.775904910858714,63945.290848164965,0,8.139458386945627,-8.139458386945627,63932.92627345102,0,6.205653704524897,-6.205653704524897,60,6.7416699105049265,Up,7.700964283180962
5m,300,btc-up-or-down-5m,btc-updown-5m,btc-updown-5m-1780600800,0xfe603bcc5a2b0a9f5d6b0f0f98c6ededa0d69cd60eea75b3354ee51faee5eac7,1780600800,1780601100,2026-06-04T19:20:00Z,2026-06-04T19:25:00Z,True,63893.264021157,63932.92627345102,gamma_finalPrice,63893.264021157,0,63932.92627345102,0,63932.92627345102,0,0.0,0.0,Up,39.66225229401607,39.66225229401607,6.207579609782134,90229.001939,0.99,0.5,0.51,3452,3452,0,truncated_http_400_at_offset_3500,63933.66718310136,0,40.403161944355816,6.3235401357766134,Up,0,-0.1158879157286956,111,2492.1306529999993,2371.839353,120.29129999999998,2251.5480529999995,0.9517315435066801,0.7927927927927928,0.9034630870133598,943.2549890000001,63925.97049121372,0,32.70647005671344,5.118923028550135,Up,0,1.0880403976842472,266,5001.551471999998,4689.352074999999,312.199397,4377.1526779999995,0.9375794893349046,0.8383458646616542,0.8751589786698092,1055.6961159999994,63904.180584757814,0,10.91656360081106,1.7085625171999748,Up,0,4.497237129995311,389,6757.268172999994,6227.342979999995,529.9251929999999,5697.417786999996,0.9215770072412665,0.8457583547557841,0.8431540144825329,1055.6961159999994,63889.09668604682,0,-4.167335110185377,0.6522338737938705,Down,1,6.857908849694692,732,11201.725278999966,9354.011230999984,1847.7140479999985,7506.297182999992,0.835050940638232,0.7650273224043715,0.6701018812764633,1055.6961159999994,63877.295497146915,0,-15.968524010088004,2.4992499999374487,Down,1,8.70521606903638,1251,18535.203564999923,11321.369998999988,7213.833565999994,4107.536432999984,0.6108036504318821,0.592326139088729,0.2216073008637605,-1175.9599729999998,63946.406013131505,0,2.1081967647763062,-2.1081967647763062,63915.79134473495,0,-2.680500694553446,2.680500694553446,64039.05694392437,0,16.58655154616896,-16.58655154616896,60,2.4992499999374487,Down,8.70521606903638
5m,300,btc-up-or-down-5m,btc-updown-5m,btc-updown-5m-1780601100,0xde056189e7d9879d5e15e5aa3dbf8f7379d91387ad3a8ee57fd8501de02ce7b7,1780601100,1780601400,2026-06-04T19:25:00Z,2026-06-04T19:30:00Z,True,63932.92627345102,64039.05694392437,gamma_finalPrice,63932.92627345102,0,64039.05694392437,0,64039.05694392437,0,0.0,0.0,Up,106.13067047335062,106.13067047335062,16.6003148392447,99030.5850269998,0.99,0.58,0.59,3479,3479,0,ok,64054.65728843334,0,121.73101498232427,19.040425971065655,Up,0,-2.4357705106127647,4,43.2853,0.0,43.2853,-43.2853,0.0,0.0,-1.0,-33.4422,64038.05032115241,0,105.12404770139256,16.442865019467547,Up,0,0.1571901167160787,9,119.1194,0.0,119.1194,-119.1194,0.0,0.0,-1.0,-35.3529,64018.77405597934,0,85.84778252831893,13.427788704858381,Up,0,3.167770054554896,14,292.68980000000005,0.0,292.68980000000005,-292.68980000000005,0.0,0.0,-1.0,-138.4625,64028.91958540479,0,95.99331195376726,15.014690793784256,Up,0,1.5831215289685405,53,1719.7038000000002,0.0,1719.7038000000002,-1719.7038000000002,0.0,0.0,-1.0,-1156.5019,63986.76521306487,0,53.838939613851835,8.421159917438217,Up,0,8.168935436054822,776,15679.189186999978,12638.827501999982,3040.3616849999994,9598.465817000008,0.8060893552122683,0.6894329896907216,0.6121787104245381,2611.4748219999988,64045.06515836795,0,0.9381669405024466,-0.9381669405024466,63943.34333161642,0,-14.957311309395491,14.957311309395491,63872.7897997568,0,-25.997160082302734,25.997160082302734,60,8.421159917438217,Up,8.168935436054822
5m,300,btc-up-or-down-5m,btc-updown-5m,btc-updown-5m-1780601400,0x690241e71d1febce77d521fe0cea85bab82e90039048a9cdd7fe68c22a7d8312,1780601400,1780601700,2026-06-04T19:30:00Z,2026-06-04T19:35:00Z,True,64039.05694392437,63872.78979975681,gamma_finalPrice,64039.05694392437,0,63872.7897997568,0,63872.7897997568,0,7.275957614183426e-12,1.136175009659277e-12,Down,-166.26714416756295,166.26714416756295,25.963396730397562,79919.17565199967,0.01,0.48,0.49,2036,2036,0,ok,63844.00162501975,0,-195.05531890461862,30.45880564347134,Down,0,-4.508126911655445,2,19.8322,0.0,19.8322,-19.8322,0.0,0.0,-1.0,-19.5822,63843.221272516756,0,-195.83567140761443,30.58066135781753,Down,0,-4.630355664900457,3,20.0302,0.0,20.0302,-20.0302,0.0,0.0,-1.0,-19.5822,63824.70649249458,0,-214.35045142978925,33.471831357148915,Down,0,-7.530814766272737,6,20.7802,0.0,20.7802,-20.7802,0.0,0.0,-1.0,-19.5822,63836.20435640663,-1,-202.85258751773654,31.676385818011635,Down,0,-5.729501605230855,6,20.7802,0.0,20.7802,-20.7802,0.0,0.0,-1.0,-19.5822,63837.57435559979,0,-201.4825883245794,31.46245399912855,Down,0,-5.514892277140354,20,101.6608,0.0,101.6608,-101.6608,0.0,0.0,-1.0,-25.0,63858.92006308672,0,2.171698279070954,-2.171698279070954,63815.28342419623,0,9.00732198342686,-9.00732198342686,63865.52673418907,0,1.1371788469802786,-1.1371788469802786,60,31.46245399912855,Down,-5.514892277140354
5m,300,btc-up-or-down-5m,btc-updown-5m,btc-updown-5m-1780601700,0x2165d68999e27128db7249c2e3bd9b73da91fb41fe3c5e9f4fe58d2ea60bf52e,1780601700,1780602000,2026-06-04T19:35:00Z,2026-06-04T19:40:00Z,True,63872.78979975681,63865.52673418907,gamma_finalPrice,63872.7897997568,0,63865.52673418907,0,63865.52673418907,0,0.0,0.0,Down,-7.263065567734884,7.263065567734884,1.1371141906443762,106004.54241000004,0.01,0.21,0.22,2405,2405,0,ok,63832.16047972973,0,-40.629320027073845,6.36097470526151,Down,0,-5.225819816576906,74,906.5556130000002,518.4806140000001,388.074999,130.405615,0.5719236708316536,0.2972972972972973,0.1438473416633073,389.88501499999995,63823.61379039666,0,-49.17600936014787,7.699054560528231,Down,0,-6.564841007699199,80,935.8127130000003,518.4806140000001,417.33209899999997,101.14851500000002,0.5540431400401374,0.275,0.10808628008027499,389.88501499999995,63805.24947466884,0,-67.54032508796809,10.574193690256697,Down,0,-9.44260946614375,119,1753.122551,1312.230052,440.892499,871.3375530000003,0.7485101661897451,0.4789915966386555,0.4970203323794905,389.88501499999995,63804.687751192214,0,-68.10204856459313,10.662137786386847,Down,0,-9.530647042030468,205,3587.182932999998,3079.502334999998,507.680598,2571.821736999998,0.8584737362208006,0.624390243902439,0.7169474724416012,981.3074340000001,63728.121164096716,0,-144.66863566009124,22.64949380066722,Down,0,-21.538003728672244,514,6768.43906399999,5751.683865999996,1016.7551980000003,4734.928667999996,0.8497799583647111,0.603112840466926,0.6995599167294214,1018.0338189999998,63827.26908108674,0,5.992139807542455,-5.992139807542455,63804.29358332307,0,9.592424491394645,-9.592424491394645,63700.901861527556,0,25.810076500925938,-25.810076500925938,60,22.64949380066722,Down,-21.538003728672244
5m,300,btc-up-or-down-5m,btc-updown-5m,btc-updown-5m-1780602000,0x6e9ed919482b6e627318969a541ada6ac208a42bf0b0e40327fa2f7be60c198d,1780602000,1780602300,2026-06-04T19:40:00Z,2026-06-04T19:45:00Z,True,63865.52673418907,63700.901861527556,gamma_finalPrice,63865.52673418907,0,63700.901861527556,0,63700.901861527556,0,0.0,0.0,Down,-164.62487266151584,164.62487266151584,25.776797136065483,70212.19958799986,0.01,0.5,0.51,2189,2189,0,ok,63709.361538489895,0,-156.16519569917727,24.45218941811021,Down,0,1.3279427809065378,0,0.0,0.0,0.0,0.0,,,,0.0,63712.734510226845,0,-152.79222396222758,23.924052892909668,Down,0,1.8573598666918827,1,0.2079,0.0,0.2079,-0.2079,0.0,0.0,-1.0,-0.2079,63711.16793720132,0,-154.35879698775534,24.169345323057144,Down,0,1.6114761673978841,2,2.1879,0.0,2.1879,-2.1879,0.0,0.0,-1.0,-1.98,63702.350896471464,0,-163.17583771760837,25.549908700628567,Down,0,0.22747220539531576,7,65.05290000000001,0.0,65.05290000000001,-65.05290000000001,0.0,0.0,-1.0,-42.1047,63722.306293613445,0,-143.22044057562744,22.425312668556977,Down,0,3.3595814447162833,28,356.3922,0.0,356.3922,-356.3922,0.0,0.0,-1.0,-105.0,63679.79275528487,0,3.3143336985907643,-3.3143336985907643,63640.84008659091,0,9.43316440808912,-9.43316440808912,,,,,60,22.425312668556977,Down,3.3595814447162833
5m,300,btc-up-or-down-5m,btc-updown-5m,btc-updown-5m-1780602300,0x25dd1fa49c638046d59e0925c5f92fb733b1128587242de7a14fe63cab643a82,1780602300,1780602600,2026-06-04T19:45:00Z,2026-06-04T19:50:00Z,True,63700.901861527556,63639.93556942826,gamma_finalPrice,63700.901861527556,0,,,,,,,Down,-60.96629209929961,60.96629209929961,9.570710981742076,79700.08288399983,0.01,0.37,0.38,3178,3178,0,ok,,,,,,,,52,2656.877489999999,2529.9855899999984,126.8919,2403.093689999999,0.9522402141319657,0.6730769230769231,0.9044804282639316,1745.9937,,,,,,,,111,3978.7041369999974,3827.890036999997,150.8141,3677.0759369999973,0.9620946683123525,0.7837837837837838,0.924189336624705,1745.9937,,,,,,,,203,8090.284583999997,7525.054387999998,565.2301960000001,6959.824191999998,0.9301346954941678,0.7733990147783252,0.8602693909883357,1745.9937,,,,,,,,450,10835.102671999988,9910.383983999991,924.7186880000002,8985.665295999994,0.9146552906794644,0.7977777777777778,0.8293105813589289,1745.9937,,,,,,,,807,14881.849434999986,12986.66127699999,1895.188157999999,11091.473118999991,0.8726510326369259,0.6852540272614622,0.7453020652738517,1745.9937,,,,,,,,,63565.004201318145,0,11.781205495953433,-11.781205495953433,60,,,
5m,300,btc-up-or-down-5m,btc-updown-5m,btc-updown-5m-1780602600,0x2cda9a07728d292899f1ede384e8a4c4da0518fa21ac0f964613a290b0da4a84,1780602600,1780602900,2026-06-04T19:50:00Z,2026-06-04T19:55:00Z,True,63639.93556942826,63565.004201318145,gamma_finalPrice,,,63565.004201318145,0,63565.004201318145,0,0.0,0.0,Down,-74.93136811011209,74.93136811011209,11.77426838032628,83076.50759199982,0.01,0.5,0.51,3424,3424,0,ok,63565.42356175815,0,-74.51200767010596,11.708372581367053,Down,0,0.06597326027861772,1,2.0592,0.0,2.0592,-2.0592,0.0,0.0,-1.0,-2.0592,63573.396891090015,0,-66.53867833824188,10.455491153923502,Down,0,1.3202446643894754,3,3.1092,0.0,3.1092,-3.1092,0.0,0.0,-1.0,-2.0592,63572.79918415607,0,-67.13638527218427,10.549411257486511,Down,0,1.2262258179910426,22,126.764,0.0,126.764,-126.764,0.0,0.0,-1.0,-78.70819999999999,63552.49009667612,0,-87.445472752137,13.740660164047148,Down,0,-1.9689036118224474,56,208.55199300000007,7.920692999999999,200.63130000000004,-192.710607,0.037979464430244005,0.14285714285714285,-0.9240410711395117,-78.70819999999999,63529.87590444283,0,-110.05966498542693,17.294119486553672,Down,0,-5.527885582898802,272,6996.1780389999985,6074.761440999996,921.4165980000001,5153.344842999999,0.8682971484053734,0.5551470588235294,0.7365942968107476,3525.2276309999984,63537.14732456715,0,4.383384051741387,-4.383384051741387,63472.48437595613,0,14.56575421251845,-14.56575421251845,63542.741850282815,0,3.502910240251495,-3.502910240251495,60,17.294119486553672,Down,-5.527885582898802
5m,300,btc-up-or-down-5m,btc-updown-5m,btc-updown-5m-1780602900,0xceae3ec88a2c3ce768a17eca36b23e5494889a10faa6888f9c62a694f9c6c59f,1780602900,1780603200,2026-06-04T19:55:00Z,2026-06-04T20:00:00Z,True,63565.004201318145,63542.74185028281,gamma_finalPrice,63565.004201318145,0,63542.741850282815,0,63542.741850282815,0,-7.275957614183426e-12,-1.1446483337182795e-12,Down,-22.262351035336906,22.262351035336906,3.5022967928751045,134574.8745029998,0.01,0.27,0.28,3250,3250,0,truncated_http_400_at_offset_3500,63567.10874913383,0,2.10454781568842,0.33108592410740034,Up,1,3.833990683585928,183,2600.7908089999996,1531.1570500000003,1069.633759,461.5232909999999,0.5887274919234,0.5792349726775956,0.17745498384679964,970.453775,63574.945357183955,0,9.941155865810288,1.563935374616736,Up,1,5.066723332925617,337,4161.766964,2060.9260319999994,2100.8409319999987,-39.914899999999925,0.49520457291995534,0.5074183976261127,-0.009590854160088893,970.453775,63575.773396274046,0,10.769194955901185,1.694201879039263,Up,1,5.196968619498346,578,7000.490690999988,3178.0424149999994,3822.4482759999983,-644.4058610000002,0.4539742362754332,0.48961937716262977,-0.0920515274491351,970.453775,63600.72790860898,0,35.72370729083195,5.620027519811154,Up,1,9.121359116037798,941,13267.541485999982,5049.0003050000005,8218.541180999991,-3169.540876000001,0.38055281834450994,0.4303931987247609,-0.23889436331098166,970.453775,63568.61285204489,0,3.6086507267464185,0.5677102946957071,Up,1,4.070604420808496,1843,24847.177482999945,9293.42242499999,15553.755057999939,-6260.332632999982,0.37402326406524067,0.3760173629951167,-0.2519534718695194,970.453775,63539.557263355135,0,0.5011849723443388,-0.5011849723443388,,,,,63318.55867267417,0,35.343073111592616,-35.343073111592616,60,0.5677102946957071,Up,4.070604420808496
5m,300,btc-up-or-down-5m,btc-updown-5m,btc-updown-5m-1780603200,0xe5e7ef1c96bf6bd51f8fe29540b812aa48e58ff4672ebd3d174e94297d053dff,1780603200,1780603500,2026-06-04T20:00:00Z,2026-06-04T20:05:00Z,True,63542.74185028281,63318.55867267417,gamma_finalPrice,63542.741850282815,0,63318.55867267417,0,63318.55867267417,0,0.0,0.0,Down,-224.1831776086401,224.1831776086401,35.28068998609671,69747.03809299997,0.01,0.5,0.51,2405,2405,0,ok,63323.58073001021,0,-219.16112027259805,34.490346795071865,Down,0,0.7931099967768467,0,0.0,0.0,0.0,0.0,,,,0.0,63323.61085617014,0,-219.1309941126674,34.48560570914239,Down,0,0.7978674903390952,2,2.2871,0.0,2.2871,-2.2871,0.0,0.0,-1.0,-2.0,63321.02881187561,0,-221.71303840720066,34.89195334529209,Down,0,0.3901053771283671,7,6.305100000000001,0.0,6.305100000000001,-6.305100000000001,0.0,0.0,-1.0,-2.23,63335.37265392112,0,-207.3691963616875,32.63460000676137,Down,0,2.6551061099507813,10,17.6213,0.0,17.6213,-17.6213,0.0,0.0,-1.0,-5.0,63402.34298119286,0,-140.39886908994959,22.095185854704305,Down,0,13.223441379272131,23,639.1163,0.0,639.1163,-639.1163,0.0,0.0,-1.0,-396.7326,63303.36373636923,0,2.4000482837068464,-2.4000482837068464,63296.34923181325,0,3.5081873779755557,-3.5081873779755557,63277.806737524195,0,6.438089502100835,-6.438089502100835,60,22.095185854704305,Down,13.223441379272131
5m,300,btc-up-or-down-5m,btc-updown-5m,btc-updown-5m-1780603500,0xd6fd9d048b24c2e716ef58c1088f8d187e8ab93c10cb85a9c33a8ca47a6b6c63,1780603500,1780603800,2026-06-04T20:05:00Z,2026-06-04T20:10:00Z,True,63318.55867267417,63277.80673752419,gamma_finalPrice,63318.55867267417,0,63277.806737524195,0,63277.806737524195,0,-7.275957614183426e-12,-1.1491034803550332e-12,Down,-40.751935149979545,40.751935149979545,6.436017496962782,97913.30293199995,0.01,0.28,0.29,3480,3480,0,truncated_http_400_at_offset_3500,63281.736503425935,0,-36.82216924823297,5.815383359969624,Down,0,0.6210145521035988,29,439.3805190000001,400.425419,38.9551,361.470319,0.9113408576041121,0.6551724137931034,0.8226817152082246,389.01441900000003,63284.04279127701,0,-34.5158813971575,5.451147676242545,Down,0,0.9854555351526291,93,1511.0029370000002,1382.4759380000003,128.526999,1253.948939,0.9149392791683237,0.6129032258064516,0.8298785583366474,642.3003339999999,63280.39666699321,0,-38.16200568095519,6.026985844424225,Down,0,0.40928669967091563,260,3050.8857699999967,2480.1518749999977,570.733895,1909.4179799999995,0.8129284614284331,0.5653846153846154,0.6258569228568664,642.3003339999999,63229.267750877414,0,-89.29092179675354,14.101856338572663,Down,0,-7.6737193117396,299,3256.4645699999965,2480.1518749999977,776.3126950000001,1703.8391799999993,0.7616087390749657,0.4916387959866221,0.5232174781499315,642.3003339999999,63207.31841538888,0,-111.24025728528795,17.568349567201206,Down,0,-11.145710508995665,585,9253.710304999979,7857.150709999992,1396.5595950000006,6460.591114999994,0.8490811200081122,0.6581196581196581,0.6981622400162233,1256.8223469999998,63298.79476643574,0,-3.3162573263188575,3.3162573263188575,63344.24569690275,0,-10.494059162426957,10.494059162426957,63432.27094330388,0,-24.38074147230593,24.38074147230593,60,17.568349567201206,Down,-11.145710508995665
5m,300,btc-up-or-down-5m,btc-updown-5m,btc-updown-5m-1780603800,0xab37fa7306a39b2bbca651e0be49dee49a5304b31d290037fdb03020623b56c5,1780603800,1780604100,2026-06-04T20:10:00Z,2026-06-04T20:15:00Z,True,63277.80673752419,63432.27094330388,gamma_finalPrice,63277.806737524195,0,63432.27094330388,0,63432.27094330388,0,0.0,0.0,Up,154.46420577969548,154.46420577969548,24.410486668795542,71198.76140899991,0.99,0.5,0.51,2463,2463,0,ok,63430.23718,0,152.43044247580838,24.08908436224545,Up,0,0.32062479831821966,0,0.0,0.0,0.0,0.0,,,,0.0,63433.651545,0,155.84480747581256,24.628667697389623,Up,0,-0.217647366462354,0,0.0,0.0,0.0,0.0,,,,0.0,63426.56415,0,148.75741247581027,23.50862334607373,Up,0,0.8997076638039941,2,2.2374,0.0,2.2374,-2.2374,0.0,0.0,-1.0,-1.98,63410.53352055323,0,132.72678302904387,20.97525022945145,Up,0,3.4274585862926554,5,31.9572,0.0,31.9572,-31.9572,0.0,0.0,-1.0,-25.0569,63409.581385,-1,131.77464747580962,20.824781115187786,Up,0,3.577613875768734,106,2741.682591999999,2433.272591999999,308.40999999999997,2124.862591999999,0.887510683804203,0.7452830188679245,0.7750213676084061,1506.7137719999998,63456.29870632641,0,3.7872226593880267,-3.7872226593880267,63397.67328775698,0,-5.455755202737298,5.455755202737298,63298.96293,0,-21.037917551551356,21.037917551551356,60,20.824781115187786,Up,3.577613875768734
5m,300,btc-up-or-down-5m,btc-updown-5m,btc-updown-5m-1780604100,0x4d60064b9194b64e058976b3eb4a817b362b0b894a9212b8795d255e055187e3,1780604100,1780604400,2026-06-04T20:15:00Z,2026-06-04T20:20:00Z,True,63432.27094330388,63298.96293,gamma_finalPrice,63432.27094330388,0,63298.96293,0,63298.96293,0,0.0,0.0,Down,-133.30801330388203,133.30801330388203,21.01580336340685,77507.24967799989,0.01,0.39,0.4,3156,3156,0,ok,63299.16477372373,0,-133.10616958015453,20.98398301065487,Down,0,0.031887315774074214,0,0.0,0.0,0.0,0.0,,,,0.0,63292.59270973198,0,-139.67823357190355,22.020058795742745,Down,0,-1.0064210430487304,2,1.881,0.0,1.881,-1.881,0.0,0.0,-1.0,-1.7919,63297.26769109116,0,-135.00325221272215,21.283055171300553,Down,0,-0.2678182281769207,4,9.3555,0.0,9.3555,-9.3555,0.0,0.0,-1.0,-5.4944999999999995,63301.24796857899,0,-131.0229747248959,20.65557054421163,Down,0,0.36098495618841525,20,110.207,0.0,110.207,-110.207,0.0,0.0,-1.0,-51.0543,63357.23852639577,0,-75.0324169081141,11.828745178487853,Down,0,9.20217089064444,352,12632.637311999992,11779.823513999987,852.8137979999998,10927.00971599998,0.932491230695755,0.7528409090909091,0.8649824613915099,2768.1092999999996,63329.8498,0,-4.8783321815388625,4.8783321815388625,63314.34520060122,0,-2.4298031390247905,2.4298031390247905,63260.32729361386,0,6.105539548789109,-6.105539548789109,60,11.828745178487853,Down,9.20217089064444
5m,300,btc-up-or-down-5m,btc-updown-5m,btc-updown-5m-1780604400,0xd091adbfa01dd8323a947b6cf7b51c68fed551791e2f313f90e7a4071bb4ac2c,1780604400,1780604700,2026-06-04T20:20:00Z,2026-06-04T20:25:00Z,True,63298.96293,63260.32729361386,gamma_finalPrice,63298.96293,0,63260.32729361386,0,63260.32729361386,0,0.0,0.0,Down,-38.635636386141414,38.635636386141414,6.103676047404939,82364.46577400004,0.01,0.5,0.51,3459,3459,0,ok,63248.121205,0,-50.841724999998405,8.031999680029893,Down,0,-1.9296875104540199,0,0.0,0.0,0.0,0.0,,,,0.0,63252.509065,0,-46.453865000003134,7.338803488988399,Down,0,-1.2359581602706877,38,2330.072994,2123.374195,206.698799,1916.6753960000005,0.9112908481698835,0.6578947368421053,0.8225816963397673,1404.0526980000002,63254.83097484129,0,-44.131955158714845,6.971987077816544,Down,0,-0.8688790894712931,94,6204.806980999999,5575.366381999998,629.440599,4945.925782999999,0.8985559742748748,0.7659574468085106,0.7971119485497496,1498.744094,63250.493960371445,0,-48.468969628556806,7.657150668038094,Down,0,-1.5545442144395194,270,8723.022979000001,7705.715183999997,1017.307795,6688.407388999998,0.8833766920654579,0.7703703703703704,0.7667533841309163,1498.744094,63246.31129,0,-52.65164000000368,8.317930904844237,Down,0,-2.215852674316697,668,15629.588784999969,13871.119810999975,1758.4689739999992,12112.650836999994,0.887491027551049,0.687125748502994,0.7749820551020989,1883.6305229999998,63268.65811753738,0,-1.3168245850526363,1.3168245850526363,63254.429635,0,0.9323273839838871,-0.9323273839838871,63264.15171938488,0,-0.6045353123790806,0.6045353123790806,60,8.317930904844237,Down,-2.215852674316697
5m,300,btc-up-or-down-5m,btc-updown-5m,btc-updown-5m-1780604700,0x880e06b0fb52bdade32c726755a2d1eab6462799dc97089b86a2908a7c0a66d2,1780604700,1780605000,2026-06-04T20:25:00Z,2026-06-04T20:30:00Z,True,63260.32729361386,63264.15171938488,gamma_finalPrice,63260.32729361386,0,63264.15171938488,0,63264.15171938488,0,0.0,0.0,Up,3.824425771017559,3.824425771017559,0.6045535858938933,108848.51023599991,0.99,0.18,0.19,3061,3061,0,ok,63256.41267946698,0,-3.914614146880922,0.618810289853828,Down,1,1.223364749331615,283,3299.824885,1638.290660999999,1661.5342239999975,-23.243562999999973,0.4964780611380834,0.5618374558303887,-0.007043877723832601,-389.0120119999999,63232.47069064827,0,-27.856602965592174,4.403487012689594,Down,1,5.008992144676989,374,4283.971715999999,1788.7684529999985,2495.2032629999976,-706.4348099999999,0.4175490809893104,0.5374331550802139,-0.16490183802137875,-389.0120119999999,63197.26963640944,0,-63.05765720442287,9.967962529145586,Down,1,10.577469159241389,555,7146.404795999987,2245.5837519999977,4900.821043999991,-2655.2372920000016,0.3142256583697728,0.4756756756756757,-0.3715486832604558,-1212.7689359999997,63148.17230534154,0,-112.15498827231932,17.729119192154634,Down,1,18.349389188121467,561,7332.2255959999875,2431.404551999998,4900.821043999991,-2469.416492000001,0.331605256844037,0.48128342245989303,-0.33678948631192734,-1212.7689359999997,63150.54326181172,0,-109.78403180214082,17.354325609571028,Down,1,17.97393699768426,735,14111.469574999977,2708.4282519999965,11403.041322999987,-8694.613070999998,0.19193098476421447,0.40408163265306124,-0.616138030471572,-2832.218828,63290.66415020052,0,4.189873142532078,-4.189873142532078,63342.867712747924,0,12.434698148456134,-12.434698148456134,63479.73865379914,0,34.01933484885223,-34.01933484885223,60,17.354325609571028,Down,17.97393699768426
5m,300,btc-up-or-down-5m,btc-updown-5m,btc-updown-5m-1780605000,0x3bae6288206b0f878e456b56a86121144dcb2f45e13dc9bb6ad95a438ceb3e58,1780605000,1780605300,2026-06-04T20:30:00Z,2026-06-04T20:35:00Z,True,63264.15171938488,63479.73865379913,gamma_finalPrice,63264.15171938488,0,63479.73865379914,0,63479.73865379914,0,-7.275957614183426e-12,-1.1500917054032019e-12,Up,215.58693441425567,215.58693441425567,34.07726628035974,87439.086215,0.99,0.52,0.53,2026,2026,0,ok,63478.10127,0,213.94955061512155,33.81844927979409,Up,0,0.2579413449711297,0,0.0,0.0,0.0,0.0,,,,0.0,63478.13867,0,213.98695061512262,33.82436100056875,Up,0,0.25204955106964055,1,5.0,0.0,5.0,-5.0,0.0,0.0,-1.0,-5.0,63477.2326,0,213.08088061512535,33.681140871100126,Up,0,0.3947878993498735,2,14.998999999999999,0.0,14.998999999999999,-14.998999999999999,0.0,0.0,-1.0,-9.998999999999999,63479.793093732886,0,215.64137434800796,34.085871459165226,Up,0,-0.008575950619935963,4,17.999,0.0,17.999,-17.999,0.0,0.0,-1.0,-9.998999999999999,63451.43114708558,0,187.27942770070513,29.60277228269869,Up,0,4.460292491948096,10,119.3218,0.0,119.3218,-119.3218,0.0,0.0,-1.0,-59.4099,63461.168285,0,-2.9258289355953266,2.9258289355953266,63406.07688090231,0,-11.610719584632632,11.610719584632632,63440.8394576325,0,-6.129691175918319,6.129691175918319,60,29.60277228269869,Up,4.460292491948096
5m,300,btc-up-or-down-5m,btc-updown-5m,btc-updown-5m-1780605300,0xe2f4aa13f5b7f25e4f83ef283430d0f7b3244301f3f3fd8f6e230b348582b2fa,1780605300,1780605600,2026-06-04T20:35:00Z,2026-06-04T20:40:00Z,True,63479.73865379913,63440.8394576325,gamma_finalPrice,63479.73865379914,0,63440.8394576325,0,63440.8394576325,0,0.0,0.0,Down,-38.899196166632464,38.899196166632464,6.127812904016174,77532.81931100001,0.01,0.13,0.14,2647,2647,0,ok,63438.62054,0,-41.11811379912979,6.477360283944545,Down,0,-0.34976782416504953,43,3477.999183999998,3276.5934839999986,201.40569999999997,3075.1877839999993,0.9420915045275067,0.5813953488372093,0.8841830090550133,2394.7383910000003,63438.23081143789,0,-41.50784236124309,6.538754450079787,Down,0,-0.4112019719963313,102,7049.038379999994,6730.902879999995,318.1355,6412.767379999996,0.9548682411912193,0.7843137254901961,0.9097364823824383,2586.7699009999988,63436.347325,0,-43.39132879913086,6.835461159626872,Down,0,-0.7081072253078573,157,9411.233574999982,8788.303675999985,622.9298989999999,8165.373776999995,0.9338099629516423,0.802547770700637,0.8676199259032853,2586.7699009999988,63455.76593306521,0,-23.97272073392378,3.776436583122111,Down,0,2.3525413395564683,409,12179.222411999954,11141.699629999965,1037.5227819999996,10104.176847999985,0.9148120670677844,0.7041564792176039,0.8296241341355696,2586.7699009999988,63410.14848255932,0,-69.59017123981175,10.962579984668372,Down,0,-4.838902111902564,724,17715.10218399995,15889.938411999969,1825.1637719999994,14064.774639999978,0.8969713099567417,0.6312154696132597,0.7939426199134827,2586.7699009999988,63458.07486,0,-2.716398728257224,2.716398728257224,63534.67275626833,0,-14.779749903057239,14.779749903057239,63495.860635,0,-8.669073762462123,8.669073762462123,60,10.962579984668372,Down,-4.838902111902564
5m,300,btc-up-or-down-5m,btc-updown-5m,btc-updown-5m-1780605600,0x79a4edea4176382f3bceadb44269c78f4aa68fa2c834afa285cb08acca357f7a,1780605600,1780605900,2026-06-04T20:40:00Z,2026-06-04T20:45:00Z,True,63440.8394576325,63495.860635,gamma_finalPrice,63440.8394576325,0,63495.860635,0,63495.860635,0,0.0,0.0,Up,55.02117736749642,55.02117736749642,8.672832490534908,74404.3880989999,0.99,0.99,1.0,2280,2280,0,ok,63508.218606351125,0,67.37914871862449,10.620784544255928,Up,0,-1.94607471885184,1,1.86,0.0,1.86,-1.86,0.0,0.0,-1.0,-1.86,63506.74816403167,0,65.9087063991683,10.389002882470354,Up,0,-1.7145362857189181,5,43.6418,0.0,43.6418,-43.6418,0.0,0.0,-1.0,-30.1752,63518.29308712268,0,77.45362949017726,12.208796439697629,Up,0,-3.532276002089855,14,1677.9359000000002,0.0,1677.9359000000002,-1677.9359000000002,0.0,0.0,-1.0,-1537.975,63520.676372456146,0,79.8369148236452,12.584466962635707,Up,0,-3.9074813967637616,157,5158.882053999998,3459.230154,1699.6519000000003,1759.5782539999989,0.6705387170691073,0.8343949044585988,0.34107743413821406,-1537.975,63534.52234080028,0,93.68288316777762,14.766967771657809,Up,0,-6.087001564244839,374,7689.851364999985,5493.985864999993,2195.8655000000003,3298.120364999997,0.7144463012647585,0.8502673796791443,0.42889260252951633,-1537.975,63496.1770867619,-1,0.04983804773540702,-0.04983804773540702,63539.43573127857,0,6.860313508767435,-6.860313508767435,63474.2212327656,0,-3.408582892219657,3.408582892219657,60,14.766967771657809,Up,-6.087001564244839
5m,300,btc-up-or-down-5m,btc-updown-5m,btc-updown-5m-1780605900,0x9695b3370669729d7201492de637f9876d874b6360bd79795dacd033ee03ea6b,1780605900,1780606200,2026-06-04T20:45:00Z,2026-06-04T20:50:00Z,True,63495.860635,63474.2212327656,gamma_finalPrice,63495.860635,0,63474.2212327656,0,63474.2212327656,0,0.0,0.0,Down,-21.639402234395675,21.639402234395675,3.408002036351275,99443.12380899994,0.01,0.56,0.57,3325,3325,0,ok,63488.64317728326,0,-7.217457716738863,1.136681611141196,Down,0,2.271836673927655,85,1353.8251760000003,1214.87878,138.946396,1075.932384,0.8973675490283538,0.7529411764705882,0.7947350980567078,526.596759,63491.462427958155,0,-4.398207041842397,0.692676183590152,Down,0,2.7158827175063176,137,1752.1598209999993,1575.351327999999,176.80849299999997,1398.542834999999,0.8990911155016148,0.7664233576642335,0.7981822310032297,526.596759,63498.88300818783,0,3.0223731878359104,0.47599531018403535,Up,1,3.8845668741866812,258,3361.158265000002,2816.7065009999997,544.4517639999999,2272.254736999998,0.8380166237128969,0.6666666666666666,0.6760332474257937,581.131101,63469.93570059186,0,-25.92493440813996,4.082932989469505,Down,0,-0.6751838412891832,706,7269.32365299999,4723.868363000001,2545.455290000001,2178.413072999995,0.6498360216841493,0.5169971671388102,0.2996720433682963,-668.9322920000001,63445.41464284772,0,-50.44599215227936,7.944768627086325,Down,0,-4.539343374853254,1062,10781.887699999976,7588.811936999998,3193.0757630000044,4395.736173999987,0.7038481709469127,0.5527306967984934,0.40769634189382226,-668.9322920000001,63473.23044831485,0,0.1560936336501659,-0.1560936336501659,63476.18562816532,0,-0.30947445517598793,0.30947445517598793,63503.00734720149,0,-4.534059413795059,4.534059413795059,60,7.944768627086325,Down,-4.539343374853254
5m,300,btc-up-or-down-5m,btc-updown-5m,btc-updown-5m-1780606200,0x3e58336da2c1551f24d346f748f77cbd0e8098f4d65afc05a51ce860f0350f0b,1780606200,1780606500,2026-06-04T20:50:00Z,2026-06-04T20:55:00Z,True,63474.2212327656,63503.00734720149,gamma_finalPrice,63474.2212327656,0,63503.00734720149,0,63503.00734720149,0,0.0,0.0,Up,28.78611443589034,28.78611443589034,4.535087453901814,78594.8954669999,0.99,0.78,0.82,3412,3412,0,ok,63503.01258369651,0,28.791350930907356,4.535912433699173,Up,0,-0.0008246057976705614,154,3815.697988000001,3597.9464910000015,217.751497,3380.1949940000013,0.9429327222215158,0.8506493506493507,0.8858654444430314,1459.5311339999998,63482.51424573227,0,8.293012966671085,1.3065166938023345,Up,0,3.227628061853213,269,5877.011471999999,5321.116976999999,555.8944950000001,4765.222481999998,0.9054120452804179,0.8364312267657993,0.8108240905608358,1459.5311339999998,63482.65338031413,0,8.4321475485267,1.328436550265858,Up,0,3.205711092899192,340,6948.403816999995,6131.244826999997,817.1589900000002,5314.085836999999,0.8823961572295592,0.8,0.7647923144591184,1459.5311339999998,63480.01418762427,0,5.792954858668963,0.9126468582301599,Up,0,3.6214541992473883,545,8765.344024999984,7385.547550999993,1379.7964739999998,6005.751077,0.8425850177626094,0.7155963302752294,0.6851700355252184,1459.5311339999998,63431.12254851019,0,-43.09868425541208,6.789950852231078,Down,1,11.326316481654127,1020,13244.835441999958,9984.890880999985,3259.944561000001,6724.946320000007,0.7538705123762772,0.6676470588235294,0.5077410247525541,1459.5311339999998,63501.671115,0,-0.2104225163550974,0.2104225163550974,63528.9288343616,0,4.08109776156426,-4.08109776156426,63571.633915,0,10.8009865365073,-10.8009865365073,60,6.789950852231078,Down,11.326316481654127
5m,300,btc-up-or-down-5m,btc-updown-5m,btc-updown-5m-1780606500,0x3407d9c4ec38f2d1edb069748380e50bc2c210b964045d21fd8dc0c5742013fa,1780606500,1780606800,2026-06-04T20:55:00Z,2026-06-04T21:00:00Z,True,63503.00734720149,63571.633915,gamma_finalPrice,63503.00734720149,0,63571.633915,0,63571.633915,0,0.0,0.0,Up,68.62656779850658,68.62656779850658,10.80682170267813,62381.65461999991,0.99,0.5,0.51,2602,2602,0,ok,63573.569175,0,70.56182779850496,11.111572624066369,Up,0,-0.30441730448605886,3,7.6925,0.0,7.6925,-7.6925,0.0,0.0,-1.0,-7.6925,63575.571775,0,72.56442779850477,11.426927767650456,Up,0,-0.6194174665320643,5,15.3056,0.0,15.3056,-15.3056,0.0,0.0,-1.0,-7.6925,63576.50755670894,0,73.5002095074451,11.574287986958492,Up,0,-0.7666084073138332,7,20.1656,0.0,20.1656,-20.1656,0.0,0.0,-1.0,-7.6925,63584.236300137374,0,81.22895293588226,12.791355296256208,Up,0,-1.9821947908995756,42,2874.7484999999992,2397.384,477.36449999999996,1920.0194999999997,0.8339456477671006,0.047619047619047616,0.6678912955342007,2282.7516000000005,63551.81976440316,0,48.81241720166872,7.686630797623136,Up,0,3.117308440544467,431,11175.207217999974,10053.571133999987,1121.6360839999995,8931.935049999996,0.8996317417547872,0.6844547563805105,0.7992634835095742,2282.7516000000005,63546.892365,0,-3.8926741894293158,3.8926741894293158,63615.33867262804,0,6.8725213689843185,-6.8725213689843185,63687.46818762981,0,18.204482462286936,-18.204482462286936,60,7.686630797623136,Up,3.117308440544467
5m,300,btc-up-or-down-5m,btc-updown-5m,btc-updown-5m-1780606800,0xb3ea5e2d42bd48df84385cc0f8863d3b7822aca40db0767c2c7a53e03e5a8434,1780606800,1780607100,2026-06-04T21:00:00Z,2026-06-04T21:05:00Z,True,63571.633915,63687.46818762981,gamma_finalPrice,63571.633915,0,63687.46818762981,0,63687.46818762981,0,0.0,0.0,Up,115.83427262981422,115.83427262981422,18.221062680989647,92580.46768799977,0.99,0.99,1.0,2799,2799,0,ok,63693.834785,0,122.20087000000058,19.222546672843464,Up,0,-0.9996125376200518,0,0.0,0.0,0.0,0.0,,,,0.0,63675.276885,0,103.64297000000079,16.303335877536064,Up,0,1.9144220957384488,1,23.2848,0.0,23.2848,-23.2848,0.0,0.0,-1.0,-23.2848,63675.144725,0,103.51080999999976,16.282546731204267,Up,0,1.9351774255341032,2,30.8286,0.0,30.8286,-30.8286,0.0,0.0,-1.0,-23.2848,63674.591405,0,102.95749000000069,16.195507911226965,Up,0,2.022075132088497,9,213.0487,0.0,213.0487,-213.0487,0.0,0.0,-1.0,-164.8944,63698.94886870237,0,127.31495370237099,20.02700667920547,Up,0,-1.802496901779662,146,2953.3469649999997,2286.392765,666.9542,1619.4385649999995,0.7741700491327135,0.5684931506849316,0.5483400982654266,940.9567890000003,63701.32695600518,0,2.1758222007548147,-2.1758222007548147,63755.47,0,10.671728036240612,-10.671728036240612,,,,,60,20.02700667920547,Up,-1.802496901779662
5m,300,btc-up-or-down-5m,btc-updown-5m,btc-updown-5m-1780607100,0x9090fbde585b24f033789ac3d26d09cc908be7f4d392c73760ec2c6d6508b4d7,1780607100,1780607400,2026-06-04T21:05:00Z,2026-06-04T21:10:00Z,True,63687.46818762981,63782.334582322546,gamma_finalPrice,63687.46818762981,0,,,,,,,Up,94.86639469273359,94.86639469273359,14.895614065430811,74698.45459499987,0.99,0.49,0.5,3031,3031,0,ok,,,,,,,,4,38.1473,0.0,38.1473,-38.1473,0.0,0.0,-1.0,-26.2673,,,,,,,,5,58.5512,0.0,58.5512,-58.5512,0.0,0.0,-1.0,-26.2673,,,,,,,,9,96.94120000000001,0.0,96.94120000000001,-96.94120000000001,0.0,0.0,-1.0,-27.5,,,,,,,,57,685.3456320000004,271.685632,413.6599999999999,-141.974368,0.39642133737273144,0.2631578947368421,-0.20715732525453656,210.35833200000002,,,,,,,,541,10870.05685499998,9436.194859999996,1433.861994999999,8002.332864999992,0.8680906628063826,0.7301293900184843,0.7361813256127634,1339.050792,,,,,,,,,,,,,60,,,
5m,300,btc-up-or-down-5m,btc-updown-5m,btc-updown-5m-1780607400,0x49901f4d30b37f6eb1368a0d0f2e451c2d1df6557d65fa5ef69aaa438f3d10a8,1780607400,1780607700,2026-06-04T21:10:00Z,2026-06-04T21:15:00Z,True,63782.334582322546,63735.505229808055,gamma_finalPrice,,,,,,,,,Down,-46.82935251449089,46.82935251449089,7.342056828297687,85687.11127699963,0.01,0.07,0.08,3476,3476,0,truncated_http_400_at_offset_3500,,,,,,,,47,4099.569227999999,3882.235028,217.33419999999992,3664.9008280000007,0.9469860885588637,0.5531914893617021,0.8939721771177275,3829.0923280000006,,,,,,,,128,6917.099615999993,6659.456015999994,257.64359999999994,6401.812415999995,0.962752654392306,0.7578125,0.925505308784612,3829.0923280000006,,,,,,,,164,7147.781336999992,6878.913337999993,268.86799899999994,6610.045338999995,0.9623844118442428,0.7804878048780488,0.9247688236884858,3829.0923280000006,,,,,,,,382,9106.768255999985,8392.846068999985,713.9221869999998,7678.923881999993,0.9216053195896763,0.7146596858638743,0.8432106391793535,3829.0923280000006,,,,,,,,619,12440.818975999971,11117.070795999975,1323.7481799999991,9793.322615999989,0.8935963795829127,0.7043618739903069,0.7871927591658264,3829.0923280000006,,,,,,,,,,,,,60,,,
5m,300,btc-up-or-down-5m,btc-updown-5m,btc-updown-5m-1780607700,0xdebd7cbd0d959ebaf66c7eb3283de4dc67c82610782f3753650a449c4d3d0cea,1780607700,1780608000,2026-06-04T21:15:00Z,2026-06-04T21:20:00Z,True,63735.505229808055,63615.78482277132,gamma_finalPrice,,,,,,,,,Down,-119.72040703673702,119.72040703673702,18.78394257722864,70533.88153899982,0.01,0.5,0.51,2435,2435,0,ok,,,,,,,,3,11.9399,0.0,11.9399,-11.9399,0.0,0.0,-1.0,-11.682500000000001,,,,,,,,9,14.4399,0.0,14.4399,-14.4399,0.0,0.0,-1.0,-11.682500000000001,,,,,,,,22,38.7731,0.0,38.7731,-38.7731,0.0,0.0,-1.0,-20.333199999999998,,,,,,,,35,58.2913,0.0,58.2913,-58.2913,0.0,0.0,-1.0,-20.333199999999998,,,,,,,,50,112.66210000000001,0.0,112.66210000000001,-112.66210000000001,0.0,0.0,-1.0,-20.333199999999998,,,,,,,,,,,,,60,,,
5m,300,btc-up-or-down-5m,btc-updown-5m,btc-updown-5m-1780608000,0xd2eb5ebab96126336dfee1a0e03d09438c989a93893ca5981db6490a833d080b,1780608000,1780608300,2026-06-04T21:20:00Z,2026-06-04T21:25:00Z,True,63615.78482277132,63500.9709,gamma_finalPrice,,,,,,,,,Down,-114.81392277131818,114.81392277131818,18.048024258630296,74423.53846599988,0.001,,0.01,2022,2022,0,ok,,,,,,,,2,0.6711,0.0,0.6711,-0.6711,0.0,0.0,-1.0,-0.6711,,,,,,,,3,0.9581999999999999,0.0,0.9581999999999999,-0.9581999999999999,0.0,0.0,-1.0,-0.6711,,,,,,,,4,10.957199999999998,0.0,10.957199999999998,-10.957199999999998,0.0,0.0,-1.0,-9.998999999999999,,,,,,,,8,27.422399999999996,0.0,27.422399999999996,-27.422399999999996,0.0,0.0,-1.0,-10.0,,,,,,,,186,1987.8614749999972,1698.7789749999981,289.08250000000027,1409.6964750000006,0.8545761343858231,0.510752688172043,0.7091522687716469,663.9425809999998,,,,,,,,,,,,,60,,,
5m,300,btc-up-or-down-5m,btc-updown-5m,btc-updown-5m-1780608300,0x8c7dc02bcffb90e09ed515600fa1b9889b9bb3bb759e3304afd6560ac03ccfb0,1780608300,1780608600,2026-06-04T21:25:00Z,2026-06-04T21:30:00Z,True,63500.9709,63439.45588,gamma_finalPrice,,,,,,,,,Down,-61.51501999999891,61.51501999999891,9.687256608544061,72288.82200899995,0.01,0.5,0.51,2888,2888,0,ok,,,,,,,,2,24.2649,0.0,24.2649,-24.2649,0.0,0.0,-1.0,-19.3149,,,,,,,,4,27.443,0.0,27.443,-27.443,0.0,0.0,-1.0,-19.3149,,,,,,,,10,51.03489999999999,0.0,51.03489999999999,-51.03489999999999,0.0,0.0,-1.0,-19.3149,,,,,,,,134,849.8890779999999,629.1619780000005,220.72710000000012,408.43487799999974,0.7402871672154853,0.4925373134328358,0.48057433443096886,282.01203599999997,,,,,,,,361,10354.393610000001,9613.024909999991,741.3687000000004,8871.656209999985,0.9284005681140018,0.628808864265928,0.856801136228004,4667.196500000001,,,,,,,,,,,,,60,,,
5m,300,btc-up-or-down-5m,btc-updown-5m,btc-updown-5m-1780608600,0x5930dc841ddc17cb031d6347cec422261309352a9cd8b0a8b3e25b48db481fcf,1780608600,1780608900,2026-06-04T21:30:00Z,2026-06-04T21:35:00Z,True,63439.45588,63367.630463208545,gamma_finalPrice,,,,,,,,,Down,-71.82541679145652,71.82541679145652,11.32188411693176,61384.09888100003,0.01,0.19,0.2,2578,2578,0,ok,,,,,,,,3,36.0707,0.0,36.0707,-36.0707,0.0,0.0,-1.0,-35.5707,,,,,,,,5,188.1743,0.0,188.1743,-188.1743,0.0,0.0,-1.0,-145.5102,,,,,,,,9,201.96509999999998,0.0,201.96509999999998,-201.96509999999998,0.0,0.0,-1.0,-145.5102,,,,,,,,25,412.98150000000004,0.0,412.98150000000004,-412.98150000000004,0.0,0.0,-1.0,-145.5102,,,,,,,,346,11945.687096999989,10238.48930299999,1707.1977939999995,8531.291508999986,0.8570866807294206,0.7023121387283237,0.714173361458841,5022.341310000001,,,,,,,,,,,,,60,,,
5m,300,btc-up-or-down-5m,btc-updown-5m,btc-updown-5m-1780608900,0xd28a4e5bad7235d53335a560a9408a50909cd3ed8d77c93888471cc96a52b61c,1780608900,1780609200,2026-06-04T21:35:00Z,2026-06-04T21:40:00Z,True,63367.630463208545,63248.763999999996,gamma_finalPrice,,,,,,,,,Down,-118.86646320854925,118.86646320854925,18.758230714901593,73999.338739,0.01,0.56,0.57,3185,3185,0,ok,,,,,,,,4,14.8835,0.0,14.8835,-14.8835,0.0,0.0,-1.0,-9.8835,,,,,,,,5,15.1607,0.0,15.1607,-15.1607,0.0,0.0,-1.0,-9.8835,,,,,,,,8,29.763199999999998,0.0,29.763199999999998,-29.763199999999998,0.0,0.0,-1.0,-14.6025,,,,,,,,21,244.35080000000002,0.0,244.35080000000002,-244.35080000000002,0.0,0.0,-1.0,-120.5523,,,,,,,,397,10964.232592999964,9915.56209899997,1048.6704939999995,8866.891604999986,0.9043553221709734,0.7581863979848866,0.8087106443419478,5306.031026999999,,,,,,,,,,,,,60,,,
5m,300,btc-up-or-down-5m,btc-updown-5m,btc-updown-5m-1780609200,0x9ff297bc9dd473cd7a25245ac82b8ccc612268fbd521fb18e634aba1f3857994,1780609200,1780609500,2026-06-04T21:40:00Z,2026-06-04T21:45:00Z,True,63248.763999999996,63435.593715876385,gamma_finalPrice,,,,,,,,,Up,186.82971587638895,186.82971587638895,29.538872234149743,99950.32822099974,0.99,0.41,0.48,3483,3483,0,truncated_http_400_at_offset_3500,,,,,,,,1,10.6524,0.0,10.6524,-10.6524,0.0,0.0,-1.0,-10.6524,,,,,,,,1,10.6524,0.0,10.6524,-10.6524,0.0,0.0,-1.0,-10.6524,,,,,,,,7,564.1769,0.0,564.1769,-564.1769,0.0,0.0,-1.0,-548.2745000000001,,,,,,,,16,629.8042000000002,0.0,629.8042000000002,-629.8042000000002,0.0,0.0,-1.0,-548.2745000000001,,,,,,,,447,10352.664050999989,8508.571455,1844.0925960000009,6664.478859000001,0.8218726516271081,0.7248322147651006,0.6437453032542153,1510.4964599999998,,,,,,,,,,,,,60,,,
5m,300,btc-up-or-down-5m,btc-updown-5m,btc-updown-5m-1780609500,0xe4fb7a6993bebcb54668b26c070e7304b73f723dd35aa310c14c3c7dff66c196,1780609500,1780609800,2026-06-04T21:45:00Z,2026-06-04T21:50:00Z,True,63435.593715876385,63355.32567709508,gamma_finalPrice,,,,,,,,,Down,-80.26803878130158,80.26803878130158,12.653470091383797,85350.02760200002,0.01,0.5,0.51,3485,3485,0,truncated_http_400_at_offset_3500,,,,,,,,3,15.7316,0.0,15.7316,-15.7316,0.0,0.0,-1.0,-10.7316,,,,,,,,6,36.650299999999994,0.0,36.650299999999994,-36.650299999999994,0.0,0.0,-1.0,-10.751399999999999,,,,,,,,79,2282.0822409999996,2128.9202409999994,153.16199999999998,1975.758241,0.9328849779169723,0.7341772151898734,0.865769955833945,952.7576820000002,,,,,,,,310,8993.229394999977,8349.375196999981,643.854198,7705.520998999992,0.9284067858473661,0.8225806451612904,0.8568135716947329,1416.048846,,,,,,,,747,14358.658399999942,13091.680221999954,1266.978177999999,11824.702043999978,0.9117620781339855,0.7898259705488622,0.8235241562679718,1416.048846,,,,,,,,,,,,,60,,,
5m,300,btc-up-or-down-5m,btc-updown-5m,btc-updown-5m-1780609800,0x478ab26f31716d3569fd75c83cd84615c9c6c948be8edf39985d309bb9f775b2,1780609800,1780610100,2026-06-04T21:50:00Z,2026-06-04T21:55:00Z,True,63355.32567709508,63391.45992531168,gamma_finalPrice,,,,,,,,,Up,36.1342482166001,36.1342482166001,5.703427112152586,69867.93859800008,0.99,0.1,0.11,2861,2861,0,ok,,,,,,,,8,65.2095,0.0,65.2095,-65.2095,0.0,0.0,-1.0,-64.2095,,,,,,,,89,5677.394124999996,5166.464924999997,510.9292,4655.535724999996,0.9100063887144704,0.7191011235955056,0.8200127774289405,2333.6515590000004,,,,,,,,167,7021.885472999989,6485.108772999991,536.7767000000001,5948.332072999991,0.9235566142364511,0.7964071856287425,0.8471132284729019,2333.6515590000004,,,,,,,,372,9665.064999999986,8648.644006999992,1016.4209930000001,7632.2230139999865,0.8948355760670005,0.793010752688172,0.7896711521339999,2333.6515590000004,,,,,,,,876,16173.678836999967,12853.747979999976,3319.930857000001,9533.817122999979,0.7947324853882285,0.7385844748858448,0.5894649707764565,2333.6515590000004,,,,,,,,,,,,,60,,,
5m,300,btc-up-or-down-5m,btc-updown-5m,btc-updown-5m-1780610100,0x9b094848d104956a7de322bcea1d41516ed1335860ff2dcfc5816676573c1563,1780610100,1780610400,2026-06-04T21:55:00Z,2026-06-04T22:00:00Z,True,63391.45992531168,63224.71403499806,gamma_finalPrice,,,,,,,,,Down,-166.7458903136212,166.7458903136212,26.30415682334537,57394.93230799993,0.01,0.5,0.51,2035,2035,0,ok,,,,,,,,0,0.0,0.0,0.0,0.0,,,,0.0,,,,,,,,2,31.818600000000004,0.0,31.818600000000004,-31.818600000000004,0.0,0.0,-1.0,-16.968600000000002,,,,,,,,3,32.8186,0.0,32.8186,-32.8186,0.0,0.0,-1.0,-16.968600000000002,,,,,,,,5,37.558600000000006,0.0,37.558600000000006,-37.558600000000006,0.0,0.0,-1.0,-16.968600000000002,,,,,,,,120,3919.940472999997,3835.535472999997,84.405,3751.1304729999974,0.9784677852683301,0.8666666666666667,0.9569355705366601,2426.6063830000003,,,,,,,,,,,,,60,,,
5m,300,btc-up-or-down-5m,btc-updown-5m,btc-updown-5m-1780610400,0x9c76ef6516d476e9392b6085fc23d021112bd8ca188924ea001d4c29eb12cac5,1780610400,1780610700,2026-06-04T22:00:00Z,2026-06-04T22:05:00Z,True,63224.71403499806,63244.63510591477,gamma_finalPrice,,,,,,,,,Up,19.92107091670914,19.92107091670914,3.1508360647834364,115080.81882899959,0.99,0.61,0.62,3466,3466,0,truncated_http_400_at_offset_3500,,,,,,,,8,406.4663,0.0,406.4663,-406.4663,0.0,0.0,-1.0,-211.86,,,,,,,,42,718.0379780000002,266.886379,451.151599,-184.26521999999989,0.37168838860498254,0.5714285714285714,-0.2566232227900344,-211.86,,,,,,,,171,3065.487125000002,2249.247531,816.2395939999999,1433.007937,0.7337324996920346,0.6374269005847953,0.4674649993840699,917.4780079999999,,,,,,,,605,7562.149996999995,5530.675419999996,2031.4745769999993,3499.2008429999983,0.7313628296442266,0.6016528925619835,0.4627256592884534,1187.2227960000002,,,,,,,,620,7623.971096999994,5530.675419999996,2093.295676999999,3437.3797429999986,0.7254323697759423,0.5870967741935483,0.45086473955188466,1187.2227960000002,,,,,,,,,,,,,60,,,
5m,300,btc-up-or-down-5m,btc-updown-5m,btc-updown-5m-1780610700,0x7929b5075780e8db4c57d83ac6ba49420eb3bcce0c089e001ddea0e66c417469,1780610700,1780611000,2026-06-04T22:05:00Z,2026-06-04T22:10:00Z,True,63244.63510591477,63232.663408855544,gamma_finalPrice,,,,,,,,,Down,-11.971697059227154,11.971697059227154,1.892918986595202,230097.89649800002,0.01,0.5,0.51,3240,3240,0,truncated_http_400_at_offset_3500,,,,,,,,179,2423.2837979999995,1534.0162560000003,889.2675420000003,644.7487139999997,0.6330320275594896,0.4972067039106145,0.2660640551189786,462.15417499999995,,,,,,,,261,3232.2533549999966,1678.6623520000007,1553.5910030000011,125.07134899999997,0.5193473925561143,0.4444444444444444,0.0386947851122271,462.15417499999995,,,,,,,,377,4307.909776999997,2039.9663400000002,2267.9434369999994,-227.97709700000007,0.4735397084895823,0.4270557029177719,-0.052920583020836146,462.15417499999995,,,,,,,,766,9012.946991999968,3783.2427090000056,5229.704283,-1446.461574000001,0.4197564583879247,0.39033942558746737,-0.16048708322415553,462.15417499999995,,,,,,,,1531,18596.502693999963,7157.577663999999,11438.925029999988,-4281.347365999998,0.3848883729255901,0.40431090790333113,-0.23022325414882155,-757.7971920000001,,,,,,,,,,,,,60,,,
5m,300,btc-up-or-down-5m,btc-updown-5m,btc-updown-5m-1780611000,0x3fdcd5075ea2dd7ea857024f7b8d64d627430f4161e39485f3b144b079d1d35c,1780611000,1780611300,2026-06-04T22:10:00Z,2026-06-04T22:15:00Z,True,63232.663408855544,63230.818627130226,gamma_finalPrice,,,,,,,,,Down,-1.844781725318171,1.844781725318171,0.2917450611545512,138961.12193500003,0.01,0.39,0.4,3265,3265,0,truncated_http_400_at_offset_3500,,,,,,,,208,2952.4674089999976,889.3759859999999,2063.091422999999,-1173.7154369999998,0.3012314321536345,0.46153846153846156,-0.39753713569273164,-474.491681,,,,,,,,342,4288.011948999996,1010.3809819999997,3277.630966999997,-2267.2499849999995,0.2356292365826149,0.3538011695906433,-0.5287415268347708,-474.491681,,,,,,,,516,6196.667492999993,1288.4133689999992,4908.254123999991,-3619.8407549999956,0.20792036533434194,0.31589147286821706,-0.5841592693313163,-474.491681,,,,,,,,764,8464.447474999979,2560.1718929999975,5904.275581999987,-3344.1036889999996,0.3024617850794808,0.36518324607329844,-0.39507642984104024,-474.491681,,,,,,,,1368,15947.54195599997,6914.8029229999975,9032.739032999983,-2117.936110000006,0.43359678513957006,0.472953216374269,-0.13280642972086187,-563.0978319999999,,,,,,,,,,,,,60,,,
5m,300,btc-up-or-down-5m,btc-updown-5m,btc-updown-5m-1780611300,0x3416239eda86511e17af0f83710f945de82dbacc49c2133e3ba4bca3d0d0b13e,1780611300,1780611600,2026-06-04T22:15:00Z,2026-06-04T22:20:00Z,True,63230.818627130226,63323.89947,gamma_finalPrice,,,,,,,,,Up,93.080842869771,93.080842869771,14.720803065774817,82438.08649899966,0.999,0.99,1.0,3478,3478,0,truncated_http_400_at_offset_3500,,,,,,,,2,11.0979,0.0,11.0979,-11.0979,0.0,0.0,-1.0,-11.0979,,,,,,,,2,11.0979,0.0,11.0979,-11.0979,0.0,0.0,-1.0,-11.0979,,,,,,,,36,2480.1843720000006,2396.8818720000004,83.30250000000001,2313.5793720000006,0.9664127792512354,0.6111111111111112,0.9328255585024708,1495.6706760000002,,,,,,,,340,8624.16362299998,8259.322631999983,364.840991,7894.481640999985,0.9576954929255986,0.7764705882352941,0.9153909858511973,1744.477837,,,,,,,,721,12917.146256999953,11675.125483999964,1242.0207729999988,10433.10471099998,0.9038471231734391,0.7184466019417476,0.8076942463468785,1744.477837,,,,,,,,,,,,,60,,,
5m,300,btc-up-or-down-5m,btc-updown-5m,btc-updown-5m-1780611600,0xf77e441f01ef5b0aece0b713408d7b11fd6f67b27b15f125a6742bb5aef802a7,1780611600,1780611900,2026-06-04T22:20:00Z,2026-06-04T22:25:00Z,True,63323.89947,63317.241610000005,gamma_finalPrice,,,,,,,,,Down,-6.65785999999207,6.65785999999207,1.0513976643441332,110126.10307399971,0.01,0.44,0.45,3303,3303,0,truncated_http_400_at_offset_3500,,,,,,,,121,1348.673868999999,855.719582,492.9542870000001,362.765295,0.6344896284188335,0.5867768595041323,0.2689792568376664,286.559042,,,,,,,,209,2425.4817310000003,1587.1697589999987,838.3119720000003,748.8577869999997,0.6543730009236662,0.5789473684210527,0.3087460018473335,441.9271850000001,,,,,,,,402,4261.139740000003,2305.0235349999984,1956.1162049999975,348.90732999999915,0.540940611114527,0.4975124378109453,0.08188122222905529,-488.73858100000007,,,,,,,,747,8178.369844999999,3510.2405239999975,4668.129320999995,-1157.8887970000003,0.4292102938027496,0.4444444444444444,-0.14157941239450028,-488.73858100000007,,,,,,,,1182,12159.535895999996,5045.3615919999975,7114.174303999991,-2068.8127119999945,0.41493044102610205,0.42216582064297803,-0.17013911794779532,-488.73858100000007,,,,,,,,,,,,,60,,,
5m,300,btc-up-or-down-5m,btc-updown-5m,btc-updown-5m-1780611900,0x764dcc8c8bb16276eccef81a9fc6d45e06681da9ddc6058f8130df9286ed118c,1780611900,1780612200,2026-06-04T22:25:00Z,2026-06-04T22:30:00Z,True,63317.241610000005,63288.82907228539,gamma_finalPrice,,,,,,,,,Down,-28.41253771461197,28.41253771461197,4.487330305640579,75995.63238299993,0.01,0.5,0.51,3292,3292,0,ok,,,,,,,,146,4787.265735,4200.770335000002,586.4954,3614.274935000001,0.8774884386065948,0.910958904109589,0.7549768772131887,2064.7432459999995,,,,,,,,231,5462.159742,4567.572943000003,894.5867990000002,3672.9861440000022,0.8362210478537856,0.7619047619047619,0.6724420957075704,2064.7432459999995,,,,,,,,331,6922.456820000002,5931.804426000005,990.6523940000002,4941.1520320000045,0.8568929471487846,0.7885196374622356,0.7137858942975687,2064.7432459999995,,,,,,,,512,8450.119569999995,7106.767401000001,1343.352168999999,5763.415232000005,0.8410256614865871,0.71484375,0.682051322973174,2064.7432459999995,,,,,,,,856,13765.881507000004,11603.252567000007,2162.6289399999973,9440.623627000006,0.8428993494604547,0.669392523364486,0.6857986989209092,2064.7432459999995,,,,,,,,,,,,,60,,,
5m,300,btc-up-or-down-5m,btc-updown-5m,btc-updown-5m-1780612200,0xd70352c38be843162110c2a4de2621497fbd39480d701e687c7223f27689fce4,1780612200,1780612500,2026-06-04T22:30:00Z,2026-06-04T22:35:00Z,True,63288.82907228539,63180.533056306725,gamma_finalPrice,,,,,,,,,Down,-108.29601597866713,108.29601597866713,17.11139510180805,133726.59341999984,0.01,0.38,0.39,3474,3474,0,truncated_http_400_at_offset_3500,,,,,,,,7,132.8382,0.0,132.8382,-132.8382,0.0,0.0,-1.0,-124.7202,,,,,,,,108,7049.660634999993,6738.016534999996,311.6440999999998,6426.372435,0.9557930351352301,0.5462962962962963,0.9115860702704601,4050.6429419999954,,,,,,,,244,8756.720058999983,8098.423159999992,658.2968989999999,7440.126260999998,0.9248238045107533,0.6229508196721312,0.8496476090215062,4050.6429419999954,,,,,,,,546,12250.96100699996,11177.391312999971,1073.5696939999998,10103.82161899997,0.9123685322819515,0.7087912087912088,0.8247370645639018,4050.6429419999954,,,,,,,,988,16705.34969899994,14412.363435999961,2292.9862629999966,12119.377172999968,0.8627394035853528,0.6983805668016194,0.7254788071707048,4050.6429419999954,,,,,,,,,,,,,60,,,
5m,300,btc-up-or-down-5m,btc-updown-5m,btc-updown-5m-1780612500,0xb7c7dedb8415c2cdafb819d03edb287768300bf98083c300d23b090eab764a70,1780612500,1780612800,2026-06-04T22:35:00Z,2026-06-04T22:40:00Z,True,63180.533056306725,63398.46519273846,gamma_finalPrice,,,,,,,,,Up,217.93213643173658,217.93213643173658,34.493557728852124,84952.86402699984,0.99,0.5,0.51,2631,2631,0,ok,,,,,,,,0,0.0,0.0,0.0,0.0,,,,0.0,,,,,,,,1,0.198,0.0,0.198,-0.198,0.0,0.0,-1.0,-0.198,,,,,,,,1,0.198,0.0,0.198,-0.198,0.0,0.0,-1.0,-0.198,,,,,,,,4,565.5574999999999,0.0,565.5574999999999,-565.5574999999999,0.0,0.0,-1.0,-563.3594999999999,,,,,,,,185,6843.693465999995,5281.811765999999,1561.8816999999995,3719.930065999999,0.7717779576540728,0.4918918918918919,0.5435559153081451,4153.5765809999975,,,,,,,,,,,,,60,,,
5m,300,btc-up-or-down-5m,btc-updown-5m,btc-updown-5m-1780612800,0x4e65841b93e88febcffa9b26da8be917974ed6ae80241dc51d4ded41f2b376b9,1780612800,1780613100,2026-06-04T22:40:00Z,2026-06-04T22:45:00Z,True,63398.46519273846,63440.33156602565,gamma_finalPrice,,,,,,,,,Up,41.866373287186434,41.866373287186434,6.603688773838286,67727.02802699982,0.99,0.59,0.6,3113,3113,0,ok,,,,,,,,72,3998.5642739999985,3795.470473999999,203.09379999999996,3592.3766739999983,0.9492083192658466,0.75,0.8984166385316931,2922.7453849999984,,,,,,,,104,5057.402853999995,4832.394653999996,225.00819999999996,4607.386453999995,0.9555091404628689,0.7788461538461539,0.9110182809257377,2922.7453849999984,,,,,,,,214,6553.388855999993,5917.449657999995,635.9391980000001,5281.510459999995,0.9029602527831443,0.7336448598130841,0.8059205055662884,2922.7453849999984,,,,,,,,485,10098.468216999992,8811.402624999993,1287.0655920000002,7524.337032999986,0.8725484336492416,0.7793814432989691,0.7450968672984825,2922.7453849999984,,,,,,,,900,14090.948900999972,11452.962052999996,2637.9868479999996,8814.975204999992,0.8127885590577388,0.6777777777777778,0.6255771181154757,2922.7453849999984,,,,,,,,,,,,,60,,,
5m,300,btc-up-or-down-5m,btc-updown-5m,btc-updown-5m-1780613100,0x03b7a6f008fe6a7617bd1919ac7fbfeb7f321c84af9b5209b6a656ab7b7dc885,1780613100,1780613400,2026-06-04T22:45:00Z,2026-06-04T22:50:00Z,True,63440.33156602565,63541.91598399112,gamma_finalPrice,,,,,,,,,Up,101.58441796547413,101.58441796547413,16.012592535042153,84943.90888700003,0.99,0.5,0.51,3165,3165,0,ok,,,,,,,,1,1.0,0.0,1.0,-1.0,0.0,0.0,-1.0,-1.0,,,,,,,,2,1.2248999999999999,0.0,1.2248999999999999,-1.2248999999999999,0.0,0.0,-1.0,-1.0,,,,,,,,6,23.3149,0.0,23.3149,-23.3149,0.0,0.0,-1.0,-17.09,,,,,,,,11,861.9553,0.0,861.9553,-861.9553,0.0,0.0,-1.0,-787.05,,,,,,,,233,4578.0583919999945,3163.4351949999973,1414.6231969999997,1748.8119980000004,0.6909993110896085,0.6609442060085837,0.38199862217921715,-787.05,,,,,,,,,,,,,60,,,
5m,300,btc-up-or-down-5m,btc-updown-5m,btc-updown-5m-1780613400,0xccf1f4a81a1e61383b2afbb0e02033be8a28179f80e98156f178f4756077dc1e,1780613400,1780613700,2026-06-04T22:50:00Z,2026-06-04T22:55:00Z,True,63541.91598399112,63575.50895,gamma_finalPrice,,,,,,,,,Up,33.59296600888047,33.59296600888047,5.286741120199137,86008.27104799965,0.99,0.44,0.45,3409,3409,0,truncated_http_400_at_offset_3500,,,,,,,,95,1840.982166000001,1797.7935660000007,43.188599999999994,1754.6049660000006,0.9765404571550856,0.9368421052631579,0.9530809143101714,1258.825874,,,,,,,,137,2388.3755080000014,2236.2684080000013,152.10709999999997,2084.1613080000016,0.9363135740211249,0.9124087591240876,0.8726271480422501,1258.825874,,,,,,,,205,3588.779812000001,3362.5801150000007,226.19969699999996,3136.3804180000006,0.9369703049923419,0.848780487804878,0.873940609984684,1258.825874,,,,,,,,361,5358.049738999997,4697.75785,660.291889,4037.4659609999967,0.8767663756097883,0.7673130193905817,0.7535327512195755,1258.825874,,,,,,,,717,8782.49885199998,7451.3955889999825,1331.1032629999986,6120.292325999984,0.8484368417882714,0.7461645746164575,0.6968736835765428,1258.825874,,,,,,,,,,,,,60,,,
5m,300,btc-up-or-down-5m,btc-updown-5m,btc-updown-5m-1780613700,0xea482af62156eedc2423d500f82b2d6e66b4ba7df6c13ac48243efbc33db146e,1780613700,1780614000,2026-06-04T22:55:00Z,2026-06-04T23:00:00Z,True,63575.50895,63676.38033450572,gamma_finalPrice,,,,,,,,,Up,100.87138450571365,100.87138450571365,15.866390402795767,72382.6914449997,0.999,0.98,0.99,2522,2522,0,ok,,,,,,,,2,2.0,0.0,2.0,-2.0,0.0,0.0,-1.0,-1.0,,,,,,,,3,3.0,0.0,3.0,-3.0,0.0,0.0,-1.0,-1.0,,,,,,,,4,3.015,0.0,3.015,-3.015,0.0,0.0,-1.0,-1.0,,,,,,,,7,8.0938,0.0,8.0938,-8.0938,0.0,0.0,-1.0,-2.1384000000000003,,,,,,,,231,5671.045813999989,5495.80271499999,175.24309899999997,5320.559615999991,0.969098627528739,0.8528138528138528,0.9381972550574781,1727.1798389999992,,,,,,,,,,,,,60,,,
5m,300,btc-up-or-down-5m,btc-updown-5m,btc-updown-5m-1780614000,0x65c70dcabcc4f089d904ad48369f86524e483f4f26d70abfcde95d0a6e10f3ac,1780614000,1780614300,2026-06-04T23:00:00Z,2026-06-04T23:05:00Z,True,63676.38033450572,63770.56034031068,gamma_finalPrice,,,,,,,,,Up,94.180005804963,94.180005804963,14.790414484965254,79124.76657500007,0.99,0.45,0.46,3446,3446,0,ok,,,,,,,,2,7.296799999999999,0.0,7.296799999999999,-7.296799999999999,0.0,0.0,-1.0,-7.296799999999999,,,,,,,,4,23.016799999999996,0.0,23.016799999999996,-23.016799999999996,0.0,0.0,-1.0,-15.719999999999999,,,,,,,,13,141.23270000000002,0.0,141.23270000000002,-141.23270000000002,0.0,0.0,-1.0,-60.0424,,,,,,,,296,7031.174978999997,6295.820281999995,735.3546969999998,5560.465584999998,0.8954151049865371,0.8175675675675675,0.790830209973075,1265.6021309999999,,,,,,,,933,15004.021531999984,12217.096592999993,2786.924938999999,9430.171654,0.8142548027503062,0.7416934619506966,0.6285096055006121,1265.6021309999999,,,,,,,,,,,,,60,,,
5m,300,btc-up-or-down-5m,btc-updown-5m,btc-updown-5m-1780614300,0xcf000e3ffec06df10961e6ffabb9bde6317a9246ee0ead7abbad0d16b7a244f4,1780614300,1780614600,2026-06-04T23:05:00Z,2026-06-04T23:10:00Z,True,63770.56034031068,63705.085329383175,gamma_finalPrice,,,,,,,,,Down,-65.47501092750463,65.47501092750463,10.267278596596638,103703.56703899954,0.01,0.5,0.51,3482,3482,0,truncated_http_400_at_offset_3500,,,,,,,,5,38.1447,0.0,38.1447,-38.1447,0.0,0.0,-1.0,-28.907999999999998,,,,,,,,21,231.10559999999998,0.0,231.10559999999998,-231.10559999999998,0.0,0.0,-1.0,-145.31220000000002,,,,,,,,75,5603.737991999995,5270.283491999995,333.4545,4936.828991999996,0.9404942735588199,0.6133333333333333,0.8809885471176399,4677.353832,,,,,,,,311,11146.21966099999,9030.283161999992,2115.9364990000013,6914.346662999984,0.8101655481989519,0.7909967845659164,0.6203310963979027,4677.353832,63730.81585456188,0,-39.7444857488008,6.232419087538971,Down,0,4.038191010430661,779,19849.720810999926,15656.379428999971,4193.341382000004,11463.038046999984,0.7887455737072044,0.7753530166880617,0.5774911474144071,4677.353832,,,,,,,,,,,,,60,6.232419087538971,Down,4.038191010430661
5m,300,btc-up-or-down-5m,btc-updown-5m,btc-updown-5m-1780614600,0xc80416987ac8afe7b346bc4805fbaa35d0b7e14e6bacec3361bfa23fc7b81c92,1780614600,1780614900,2026-06-04T23:10:00Z,2026-06-04T23:15:00Z,True,63705.085329383175,63539.842945309654,gamma_finalPrice,,,,,,,,,Down,-165.24238407352095,165.24238407352095,25.938648887941284,43589.844715999934,0.01,0.5,0.51,1478,1478,0,ok,,,,,,,,0,0.0,0.0,0.0,0.0,,,,0.0,,,,,,,,1,0.2079,0.0,0.2079,-0.2079,0.0,0.0,-1.0,-0.2079,,,,,,,,2,10.1079,0.0,10.1079,-10.1079,0.0,0.0,-1.0,-9.9,,,,,,,,3,30.947400000000002,0.0,30.947400000000002,-30.947400000000002,0.0,0.0,-1.0,-20.8395,,,,,,,,14,66.3179,0.0,66.3179,-66.3179,0.0,0.0,-1.0,-20.8395,,,,,,,,,,,,,60,,,
5m,300,btc-up-or-down-5m,btc-updown-5m,btc-updown-5m-1780614900,0x5c8de1fd57e181a9a89ec13d8242c5c225c5f81ef275f738dc0b531eabbea021,1780614900,1780615200,2026-06-04T23:15:00Z,2026-06-04T23:20:00Z,True,63539.842945309654,63319.386385507634,gamma_finalPrice,,,,,,,,,Down,-220.4565598020199,220.4565598020199,34.695798664748416,55537.699552999984,0.01,0.5,0.51,1736,1736,0,ok,,,,,,,,1,2.0,0.0,2.0,-2.0,0.0,0.0,-1.0,-2.0,,,,,,,,3,969.2498,0.0,969.2498,-969.2498,0.0,0.0,-1.0,-967.2498,,,,,,,,4,1266.2498,0.0,1266.2498,-1266.2498,0.0,0.0,-1.0,-967.2498,,,,,,,,8,1317.0170999999998,0.0,1317.0170999999998,-1317.0170999999998,0.0,0.0,-1.0,-967.2498,,,,,,,,23,1476.6710999999996,0.0,1476.6710999999996,-1476.6710999999996,0.0,0.0,-1.0,-967.2498,,,,,,,,,,,,,60,,,
5m,300,btc-up-or-down-5m,btc-updown-5m,btc-updown-5m-1780615200,0xef474fbda28f27a33f78b74771956ea74c9f8a1a1e38463bec051cc67158cee0,1780615200,1780615500,2026-06-04T23:20:00Z,2026-06-04T23:25:00Z,True,63319.386385507634,63377.2291916347,gamma_finalPrice,,,,,,,,,Up,57.84280612706789,57.84280612706789,9.135086334365804,75940.21093399989,0.99,0.5,0.51,2695,2695,0,ok,,,,,,,,4,69.0946,0.0,69.0946,-69.0946,0.0,0.0,-1.0,-38.8179,,,,,,,,6,75.0049,0.0,75.0049,-75.0049,0.0,0.0,-1.0,-38.8179,,,,,,,,88,7866.5311619999975,7107.257161999996,759.2740000000001,6347.983161999998,0.9034804560785643,0.6931818181818182,0.806960912157129,5396.966961999997,,,,,,,,219,9994.604128999996,8962.098431000002,1032.5056980000002,7929.592732999997,0.8966936874463981,0.771689497716895,0.793387374892795,5396.966961999997,,,,,,,,572,14776.742248999986,12775.878468999996,2000.8637799999988,10775.014688999998,0.8645937144815936,0.7342657342657343,0.7291874289631868,5396.966961999997,,,,,,,,,,,,,60,,,
5m,300,btc-up-or-down-5m,btc-updown-5m,btc-updown-5m-1780615500,0x92d40861e27899cdcd550d84213518aa5a894828bfa25e5a60ec61549ba00b86,1780615500,1780615800,2026-06-04T23:25:00Z,2026-06-04T23:30:00Z,True,63377.2291916347,63394.994885587104,gamma_finalPrice,,,,,,,,,Up,17.765693952402216,17.765693952402216,2.803166717605122,86862.3648289997,0.99,0.94,0.95,2768,2768,0,ok,,,,,,,,114,1282.7012239999995,1052.6706299999996,230.03059400000012,822.6400360000001,0.8206670503652689,0.7105263157894737,0.6413341007305381,307.2641580000001,,,,,,,,259,2492.269557999998,1864.7805699999992,627.4889879999998,1237.2915819999994,0.7482258746908791,0.6293436293436293,0.4964517493817578,307.2641580000001,,,,,,,,264,2577.5016579999983,1864.7805699999992,712.7210879999999,1152.0594819999994,0.7234837518773772,0.6174242424242424,0.4469675037547542,307.2641580000001,,,,,,,,379,4006.3893639999983,2960.0659799999976,1046.3233839999998,1913.7425959999996,0.7388363214514562,0.5857519788918206,0.47767264290291295,307.2641580000001,,,,,,,,669,13739.97931599997,12030.790133999968,1709.1891819999994,10321.600951999972,0.8756046757647095,0.6935724962630793,0.7512093515294193,3673.0342499999974,,,,,,,,,,,,,60,,,
5m,300,btc-up-or-down-5m,btc-updown-5m,btc-updown-5m-1780615800,0xe2d52e1025a9d3a88ee610cef02d9d728bd997f83515272ba05a8a669655229f,1780615800,1780616100,2026-06-04T23:30:00Z,2026-06-04T23:35:00Z,True,63394.994885587104,63547.49666133087,gamma_finalPrice,,,,,,,,,Up,152.5017757437672,152.5017757437672,24.05580693223442,64897.5549049997,0.99,0.5,0.51,1909,1909,0,ok,,,,,,,,0,0.0,0.0,0.0,0.0,,,,0.0,,,,,,,,0,0.0,0.0,0.0,0.0,,,,0.0,,,,,,,,0,0.0,0.0,0.0,0.0,,,,0.0,,,,,,,,2,257.4099,0.0,257.4099,-257.4099,0.0,0.0,-1.0,-252.45989999999998,,,,,,,,14,432.6038,0.0,432.6038,-432.6038,0.0,0.0,-1.0,-252.45989999999998,,,,,,,,,,,,,60,,,
5m,300,btc-up-or-down-5m,btc-updown-5m,btc-updown-5m-1780616100,0x9cd59f0cd1f8be186404e2c8c0729f30f4969d414895f3708f172cc84cce2c17,1780616100,1780616400,2026-06-04T23:35:00Z,2026-06-04T23:40:00Z,True,63547.49666133087,63641.47373584413,gamma_finalPrice,,,,,,,,,Up,93.9770745132555,93.9770745132555,14.788477823775748,67736.82042900004,0.99,0.84,0.85,2134,2134,0,ok,,,,,,,,0,0.0,0.0,0.0,0.0,,,,0.0,,,,,,,,2,9.5535,0.0,9.5535,-9.5535,0.0,0.0,-1.0,-4.95,,,,,,,,6,134.2676,0.0,134.2676,-134.2676,0.0,0.0,-1.0,-83.3816,,,,,,,,174,9450.84535599999,8862.150855999993,588.6945000000001,8273.456355999992,0.9377098579201428,0.8103448275862069,0.8754197158402852,2998.977722,,,,,,,,439,14328.789440999974,13329.731150999976,999.0582900000003,12330.672860999975,0.9302761552806882,0.7995444191343963,0.860552310561376,2998.977722,,,,,,,,,,,,,60,,,
5m,300,btc-up-or-down-5m,btc-updown-5m,btc-updown-5m-1780616400,0xdf38221f3c0890079b95036b4be93532d3e7ab5a044cdd391af9560e13fe4701,1780616400,1780616700,2026-06-04T23:40:00Z,2026-06-04T23:45:00Z,True,63641.47373584413,63694.48422338337,gamma_finalPrice,,,,,,,,,Up,53.010487539242604,53.010487539242604,8.329550594518375,62563.69650099987,0.99,0.5,0.51,2204,2204,0,ok,,,,,,,,5,111.4971,0.0,111.4971,-111.4971,0.0,0.0,-1.0,-104.8905,,,,,,,,18,227.382,0.0,227.382,-227.382,0.0,0.0,-1.0,-105.3062,,,,,,,,58,4107.1151549999995,3669.7798549999993,437.3352999999999,3232.4445549999996,0.893517643529525,0.4827586206896552,0.7870352870590501,3593.2983549999994,,,,,,,,188,6822.043737999982,5818.904837999984,1003.1388999999999,4815.765937999991,0.852956249105772,0.7925531914893617,0.7059124982115446,3593.2983549999994,,,,,,,,406,10499.17455899998,8170.1906639999725,2328.9838950000003,5841.206768999984,0.7781745715425236,0.7807881773399015,0.5563491430850488,3593.2983549999994,,,,,,,,,,,,,60,,,
5m,300,btc-up-or-down-5m,btc-updown-5m,btc-updown-5m-1780616700,0x8740c8b50debccc4a203742599c6828bfe0b4bb1f25be2b4a105dc2c147b15ac,1780616700,1780617000,2026-06-04T23:45:00Z,2026-06-04T23:50:00Z,True,63694.48422338337,63700.93635151024,gamma_finalPrice,,,,,,,,,Up,6.452128126868047,6.452128126868047,1.0129806694469403,121587.02751800012,0.99,0.2,0.21,2876,2876,0,ok,,,,,,,,156,1610.8303120000003,521.2981809999998,1089.5321310000002,-568.23395,0.3236207917845537,0.532051282051282,-0.3527584164308922,-244.71548500000006,,,,,,,,255,2578.309985999999,643.7868769999998,1934.5231089999995,-1290.7362319999995,0.24969335746892618,0.4117647058823529,-0.5006132850621478,-349.902784,,,,,,,,405,4836.523354999998,829.0484719999998,4007.474882999998,-3178.426410999997,0.17141413597081662,0.37037037037037035,-0.6571717280583664,-1198.845359,,,,,,,,690,8123.768977999984,1445.409653,6678.359324999987,-5232.9496719999925,0.17792352994211436,0.372463768115942,-0.6441529401157723,-1198.845359,,,,,,,,1006,11074.526711999984,2237.489325999999,8837.037385999975,-6599.5480599999955,0.20203927302604552,0.3757455268389662,-0.5959214539479097,-1198.845359,,,,,,,,,63793.28244152412,0,14.48632056220152,-14.48632056220152,60,,,
5m,300,btc-up-or-down-5m,btc-updown-5m,btc-updown-5m-1780617000,0x6ef2be2da943addfddfab6aa70757ea981b1e5a45e9e3faf700f2e9b4f7581cb,1780617000,1780617300,2026-06-04T23:50:00Z,2026-06-04T23:55:00Z,True,63700.93635151024,63793.28244152413,gamma_finalPrice,,,63793.28244152412,0,63793.28244152412,0,7.275957614183426e-12,1.1422057556632642e-12,Up,92.3460900138889,92.3460900138889,14.496818304885018,64779.58206499993,0.99,0.5,0.51,2303,2303,0,ok,63790.63564165089,0,89.69929014065565,14.081314228362835,Up,0,0.414911207208293,0,0.0,0.0,0.0,0.0,,,,0.0,63778.31851,0,77.3821584897596,12.147727007143908,Up,0,2.3459659487142326,1,0.2178,0.0,0.2178,-0.2178,0.0,0.0,-1.0,-0.2178,63778.362362085245,0,77.42601057500724,12.154611063762111,Up,0,2.339090246876029,7,15.1792,0.0,15.1792,-15.1792,0.0,0.0,-1.0,-8.7323,63767.32377800293,0,66.38742649269261,10.421734796229362,Up,0,4.070012623625647,128,6764.33810999999,6518.38790999999,245.95019999999997,6272.437709999991,0.9636401675965308,0.8125,0.9272803351930615,5766.788116999997,,,,,,,,337,9568.266493999981,8870.642102999984,697.6243910000002,8173.017711999987,0.9270897825183423,0.7210682492581603,0.8541795650366846,5766.788116999997,63813.564814647885,0,3.178884790382176,-3.178884790382176,63848.59275143761,0,8.666483987598905,-8.666483987598905,,,,,60,,,
5m,300,btc-up-or-down-5m,btc-updown-5m,btc-updown-5m-1780617300,0x38d487bbd1bab33cb0d8862a48117a06907e2c0a335d9da978cd18e719669458,1780617300,1780617600,2026-06-04T23:55:00Z,2026-06-05T00:00:00Z,True,63793.28244152413,63812.557338512,gamma_finalPrice,63793.28244152412,0,,,,,,,Up,19.274896987873944,19.274896987873944,3.0214618609008257,73805.20971699996,0.99,0.15,0.16,3027,3027,0,ok,,,,,,,,87,5979.371425999997,5873.224325999996,106.1471,5767.077225999997,0.9822477828457948,0.7471264367816092,0.9644955656915901,3437.045313,,,,,,,,136,6586.228413999996,6394.437113999994,191.7913,6202.645813999994,0.9708799501103968,0.8014705882352942,0.941759900220794,3437.045313,,,,,,,,233,7515.428045999993,7184.265549999995,331.1624959999998,6853.103053999998,0.9559356441212612,0.7939914163090128,0.9118712882425227,3437.045313,,,,,,,,413,8827.89868099999,8313.24359799999,514.6550829999999,7798.588514999997,0.9417012925048998,0.7360774818401937,0.8834025850098003,3437.045313,,,,,,,,756,12843.609135999975,10535.444890999988,2308.164245000001,8227.280645999997,0.8202869442258001,0.6455026455026455,0.6405738884515999,3437.045313,,,,,,,,,,,,,60,,,
5m,300,btc-up-or-down-5m,btc-updown-5m,btc-updown-5m-1780617600,0xc0965c397b34f7e3e423e3fd933d82a1f6affbc9c4cc5f53f5970f6587722313,1780617600,1780617900,2026-06-05T00:00:00Z,2026-06-05T00:05:00Z,True,63812.557338512,63671.92062472087,gamma_finalPrice,,,,,,,,,Down,-140.6367137911293,140.6367137911293,22.039034267986086,77399.94176699994,0.01,0.5,0.51,2645,2645,0,ok,,,,,,,,1,14.6817,0.0,14.6817,-14.6817,0.0,0.0,-1.0,-14.6817,,,,,,,,3,30.621699999999997,0.0,30.621699999999997,-30.621699999999997,0.0,0.0,-1.0,-14.6817,,,,,,,,4,30.727999999999998,0.0,30.727999999999998,-30.727999999999998,0.0,0.0,-1.0,-14.6817,,,,,,,,8,149.42409999999998,0.0,149.42409999999998,-149.42409999999998,0.0,0.0,-1.0,-115.1073,,,,,,,,287,9632.34778899999,8883.570190999992,748.7775979999996,8134.792592999993,0.9222642688571635,0.7491289198606271,0.844528537714327,3918.6210940000005,,,,,,,,,63753.48729333964,0,-12.802263079545355,12.802263079545355,60,,,
5m,300,btc-up-or-down-5m,btc-updown-5m,btc-updown-5m-1780617900,0x5518a58af9421683fc2a35605bcadb23fd96f8b121bbe5e0b9dc5d23121d7d84,1780617900,1780618200,2026-06-05T00:05:00Z,2026-06-05T00:10:00Z,True,63671.92062472087,63753.48729333964,gamma_finalPrice,,,63753.48729333964,0,63753.48729333964,0,0.0,0.0,Up,81.56666861876874,81.56666861876874,12.81046147477137,70279.92728699994,0.99,0.72,0.73,2783,2783,0,ok,63744.59250698487,0,72.67188226399594,11.41348989491308,Up,0,1.3952816204178293,1,57.1428,0.0,57.1428,-57.1428,0.0,0.0,-1.0,-57.1428,63755.429030385654,0,83.50840566478291,13.11542118494859,Up,0,-0.3045649045016399,7,85.80380000000001,0.0,85.80380000000001,-85.80380000000001,0.0,0.0,-1.0,-57.1428,63750.709495,0,78.78887027913152,12.374194072691665,Up,0,0.4357187308416244,28,1385.6859000000002,1173.8627999999999,211.82309999999995,962.0396999999999,0.8471348377002319,0.14285714285714285,0.694269675400464,1162.854,63727.62865931809,0,55.70803459722083,8.749231066165132,Up,0,4.056857234572966,230,9561.997322999989,9140.963423999987,421.0338989999999,8719.92952499999,0.9559679965620502,0.7739130434782608,0.9119359931241011,2482.289827,,,,,,,,492,12434.977718999991,11209.892638999989,1225.08508,9984.80755899999,0.9014807177235117,0.7317073170731707,0.8029614354470237,2482.289827,63759.17016911715,0,0.8913430077229008,-0.8913430077229008,,,,,,,,,60,,,
5m,300,btc-up-or-down-5m,btc-updown-5m,btc-updown-5m-1780618200,0x3c0d69078135707961ac75b2d10bb0d173f250109d086b1fe46805205bd02b29,1780618200,1780618500,2026-06-05T00:10:00Z,2026-06-05T00:15:00Z,True,63753.48729333964,63598.23191404904,gamma_finalPrice,63753.48729333964,0,,,,,,,Down,-155.25537929059647,155.25537929059647,24.352452843284084,58521.910352,0.01,0.5,0.51,2153,2153,0,ok,,,,,,,,0,0.0,0.0,0.0,0.0,,,,0.0,,,,,,,,1,22.6611,0.0,22.6611,-22.6611,0.0,0.0,-1.0,-22.6611,,,,,,,,1,22.6611,0.0,22.6611,-22.6611,0.0,0.0,-1.0,-22.6611,,,,,,,,2,24.957900000000002,0.0,24.957900000000002,-24.957900000000002,0.0,0.0,-1.0,-22.6611,,,,,,,,16,1139.08559,999.99999,139.08559999999997,860.91439,0.8778971473074294,0.0625,0.7557942946148587,964.12229,,,,,,,,,,,,,60,,,
5m,300,btc-up-or-down-5m,btc-updown-5m,btc-updown-5m-1780618500,0xb04453213b766e6ebabdc787b4414e5cac664ca40ad5b548052b3ace5dcb6269,1780618500,1780618800,2026-06-05T00:15:00Z,2026-06-05T00:20:00Z,True,63598.23191404904,63616.94512958681,gamma_finalPrice,,,,,,,,,Up,18.71321553776943,18.71321553776943,2.9424112863797434,79137.3884549999,0.99,0.5,0.51,3284,3284,0,ok,,,,,,,,105,1369.0399389999998,1270.7841399999998,98.255799,1172.5283409999997,0.9282301442047265,0.7238095238095238,0.856460288409453,745.7080790000001,,,,,,,,178,2064.113299,1823.1533060000004,240.959993,1582.1933130000004,0.8832622254230242,0.6685393258426966,0.7665244508460485,745.7080790000001,,,,,,,,272,2858.3599010000007,2423.5437119999997,434.81618900000007,1988.7275229999993,0.8478791320687503,0.6875,0.6957582641375009,745.7080790000001,,,,,,,,675,7284.186597999991,5716.411652999992,1567.774944999999,4148.63670799999,0.7847700736509878,0.7318518518518519,0.5695401473019754,745.7080790000001,,,,,,,,999,10321.811691999985,6695.153020999983,3626.658670999996,3068.494349999994,0.6486412677136052,0.6456456456456456,0.2972825354272118,745.7080790000001,,,,,,,,,,,,,60,,,
5m,300,btc-up-or-down-5m,btc-updown-5m,btc-updown-5m-1780618800,0x5d8d3939823681670a552885872626272d7afcddabd1047a753dba2d92c91325,1780618800,1780619100,2026-06-05T00:20:00Z,2026-06-05T00:25:00Z,True,63616.94512958681,63774.20882,gamma_finalPrice,,,,,,,,,Up,157.26369041318685,157.26369041318685,24.720409018830274,76924.50669399991,0.99,0.5,0.51,1763,1763,0,ok,,,,,,,,2,9.0394,0.0,9.0394,-9.0394,0.0,0.0,-1.0,-7.0,,,,,,,,10,23.3928,0.0,23.3928,-23.3928,0.0,0.0,-1.0,-13.0334,,,,,,,,10,23.3928,0.0,23.3928,-23.3928,0.0,0.0,-1.0,-13.0334,,,,,,,,14,59.5928,0.0,59.5928,-59.5928,0.0,0.0,-1.0,-34.95,,,,,,,,21,95.4457,0.0,95.4457,-95.4457,0.0,0.0,-1.0,-34.95,,,,,,,,,,,,,60,,,
5m,300,btc-up-or-down-5m,btc-updown-5m,btc-updown-5m-1780619100,0x716382ef65cc473972c5c38bea0ed4e6439f17aec0d9a374ddcb412391a3abb2,1780619100,1780619400,2026-06-05T00:25:00Z,2026-06-05T00:30:00Z,True,63774.20882,63833.08949312924,gamma_finalPrice,,,,,,,,,Up,58.880673129242496,58.880673129242496,9.232677945943744,81088.91377199999,0.99,0.12,0.13,3480,3480,0,truncated_http_400_at_offset_3500,,,,,,,,7,3482.6683999999996,0.0,3482.6683999999996,-3482.6683999999996,0.0,0.0,-1.0,-3480.2954999999997,,,,,,,,103,10627.498144999996,7087.438744999997,3540.0593999999987,3547.379345000001,0.6668962580185893,0.8155339805825242,0.333792516037179,3714.4209899999996,,,,,,,,252,13478.20354199999,9758.607547999987,3719.595993999999,6039.011553999999,0.7240288008406154,0.8452380952380952,0.44805760168123177,3714.4209899999996,,,,,,,,476,18638.38380599997,14264.30422899998,4374.079576999999,9890.224652000003,0.7653187302864796,0.7521008403361344,0.5306374605729599,3714.4209899999996,,,,,,,,895,23301.06623599993,16744.199209999962,6556.867025999993,10187.332184000003,0.7186022751238024,0.6770949720670391,0.43720455024760496,3714.4209899999996,,,,,,,,,,,,,60,,,
5m,300,btc-up-or-down-5m,btc-updown-5m,btc-updown-5m-1780619400,0x5bfc886a7f938aead3bc33308af1300828e1024fd6bef8b650d415593ace9b36,1780619400,1780619700,2026-06-05T00:30:00Z,2026-06-05T00:35:00Z,True,63833.08949312924,63819.97825220469,gamma_finalPrice,,,,,,,,,Down,-13.111240924554295,13.111240924554295,2.0539881476307893,91701.02524099985,0.01,0.5,0.51,3418,3418,0,truncated_http_400_at_offset_3500,,,,,,,,126,2112.132275,2034.9804759999995,77.15179900000003,1957.8286769999993,0.9634720798913977,0.7777777777777778,0.9269441597827955,1073.504114,,,,,,,,206,2943.142383999997,2769.5364859999972,173.60589800000002,2595.930587999998,0.9410134219316791,0.8155339805825242,0.8820268438633584,1073.504114,,,,,,,,263,3249.0804599999965,2977.7751659999976,271.305294,2706.469871999999,0.9164978222792306,0.7984790874524715,0.8329956445584613,1073.504114,,,,,,,,507,5214.938427999986,4446.344354999995,768.594072999999,3677.7502820000004,0.8526168460833085,0.7080867850098619,0.7052336921666164,1073.504114,,,,,,,,929,8467.34853499998,6196.1608149999865,2271.187719999996,3924.9730949999976,0.7317710838744873,0.6469321851453176,0.46354216774897494,1073.504114,,,,,,,,,,,,,60,,,
5m,300,btc-up-or-down-5m,btc-updown-5m,btc-updown-5m-1780619700,0x6daa55f83a540708c6bed3fe68a4491c984c349429db17f7fcaad8a81e9844d3,1780619700,1780620000,2026-06-05T00:35:00Z,2026-06-05T00:40:00Z,True,63819.97825220469,63776.526091084335,gamma_finalPrice,,,,,,,,,Down,-43.452161120352685,43.452161120352685,6.808551539870137,78204.90483699982,0.01,0.2,0.21,1994,1994,0,ok,,,,,,,,3,11.8065,0.0,11.8065,-11.8065,0.0,0.0,-1.0,-11.49,,,,,,,,3,11.8065,0.0,11.8065,-11.8065,0.0,0.0,-1.0,-11.49,,,,,,,,20,331.859245,308.855745,23.003500000000003,285.852245,0.9306829616875674,0.75,0.8613659233751345,221.76989999999998,,,,,,,,128,1443.3937939999996,1280.6732940000002,162.7205,1117.9527940000005,0.887265345966979,0.5703125,0.774530691933958,328.587987,,,,,,,,263,5487.016873000005,5100.518373000005,386.49850000000004,4714.019873000002,0.9295612700041356,0.7072243346007605,0.8591225400082705,1163.746089,,,,,,,,,,,,,60,,,
5m,300,btc-up-or-down-5m,btc-updown-5m,btc-updown-5m-1780620000,0x17363f2249ed172be57b12db5bdb339e90bc32e8a9b40f4adfdc2aeedaa84e6f,1780620000,1780620300,2026-06-05T00:40:00Z,2026-06-05T00:45:00Z,True,63776.526091084335,63629.86987051617,gamma_finalPrice,,,,,,,,,Down,-146.6562205681621,146.6562205681621,22.995329090002592,70361.71475600009,0.01,,0.01,1670,1670,0,ok,,,,,,,,0,0.0,0.0,0.0,0.0,,,,0.0,,,,,,,,0,0.0,0.0,0.0,0.0,,,,0.0,,,,,,,,0,0.0,0.0,0.0,0.0,,,,0.0,,,,,,,,0,0.0,0.0,0.0,0.0,,,,0.0,,,,,,,,162,3483.1141740000003,3326.844573999999,156.2696,3170.5749739999974,0.9551350911300901,0.8333333333333334,0.9102701822601802,1136.0233810000013,,,,,,,,,,,,,60,,,
5m,300,btc-up-or-down-5m,btc-updown-5m,btc-updown-5m-1780620300,0x227600610ba68565ec777d734b1e385f4d9900d5236da2e434cfea93fdf1d17c,1780620300,1780620600,2026-06-05T00:45:00Z,2026-06-05T00:50:00Z,True,63629.86987051617,63681.51871041636,gamma_finalPrice,,,,,,,,,Up,51.64883990019007,51.64883990019007,8.11707457602743,68001.03730200007,0.99,0.71,0.72,2461,2461,0,ok,,,,,,,,28,5582.152534,5379.086934000001,203.06559999999996,5176.021334000002,0.9636223484107325,0.6071428571428571,0.9272446968214649,4961.1746950000015,,,,,,,,54,6174.699007999997,5965.586807999998,209.11219999999997,5756.4746079999995,0.9661340253623584,0.7777777777777778,0.9322680507247167,4961.1746950000015,,,,,,,,100,6975.843434999994,6760.591234999995,215.25219999999996,6545.339034999996,0.9691432008178379,0.81,0.9382864016356757,4961.1746950000015,,,,,,,,212,8970.179246999987,8304.866347999983,665.312899,7639.553448999987,0.9258305903728163,0.8207547169811321,0.8516611807456336,4961.1746950000015,,,,,,,,470,15559.649632999972,14301.936841999976,1257.712790999999,13044.22405099999,0.9191683090130415,0.7617021276595745,0.8383366180260836,4961.1746950000015,,,,,,,,,,,,,60,,,
5m,300,btc-up-or-down-5m,btc-updown-5m,btc-updown-5m-1780620600,0xd6f4009cac162d7848e7819374e53776e8ad787e6d74a38028dc112bde6e4a9f,1780620600,1780620900,2026-06-05T00:50:00Z,2026-06-05T00:55:00Z,True,63681.51871041636,63456.846883876824,gamma_finalPrice,,,,,,,,,Down,-224.67182653953932,224.67182653953932,35.280538386844384,52345.29710100001,0.01,,0.01,1324,1324,0,ok,,,,,,,,0,0.0,0.0,0.0,0.0,,,,0.0,,,,,,,,4,30.5,0.0,30.5,-30.5,0.0,0.0,-1.0,-25.5,,,,,,,,4,30.5,0.0,30.5,-30.5,0.0,0.0,-1.0,-25.5,,,,,,,,12,73.8943,0.0,73.8943,-73.8943,0.0,0.0,-1.0,-26.7201,,,,,,,,13,74.1443,0.0,74.1443,-74.1443,0.0,0.0,-1.0,-26.7201,,,,,,,,,,,,,60,,,
5m,300,btc-up-or-down-5m,btc-updown-5m,btc-updown-5m-1780620900,0x3fc8b9455ff1b0d6977ef00863eb1dae4747aa84f02719908803a237dcbc77d2,1780620900,1780621200,2026-06-05T00:55:00Z,2026-06-05T01:00:00Z,True,63456.846883876824,63366.17543637461,gamma_finalPrice,,,,,,,,,Down,-90.67144750221632,90.67144750221632,14.288678362500583,77934.50116399996,0.01,0.53,0.54,2319,2319,0,ok,,,,,,,,3,0.75,0.0,0.75,-0.75,0.0,0.0,-1.0,-0.75,,,,,,,,6,1.6529,0.0,1.6529,-1.6529,0.0,0.0,-1.0,-0.75,,,,,,,,6,1.6529,0.0,1.6529,-1.6529,0.0,0.0,-1.0,-0.75,,,,,,,,11,108.65290000000002,0.0,108.65290000000002,-108.65290000000002,0.0,0.0,-1.0,-100.00000000000001,,,,,,,,231,8148.522468999986,7559.513668999987,589.0088000000001,6970.5048689999885,0.9277158770512314,0.7316017316017316,0.8554317541024627,2982.6264599999995,,,,,,,,,,,,,60,,,
5m,300,btc-up-or-down-5m,btc-updown-5m,btc-updown-5m-1780621200,0x9587a47748f05dc5ac6bf1d1f0f43da078227cc42d6795ba7b4871efdf54e7f6,1780621200,1780621500,2026-06-05T01:00:00Z,2026-06-05T01:05:00Z,True,63366.17543637461,63002.64459748823,gamma_finalPrice,,,,,,,,,Down,-363.53083888637775,363.53083888637775,57.36985645463102,104481.93454899981,0.01,,0.01,1856,1856,0,ok,,,,,,,,0,0.0,0.0,0.0,0.0,,,,0.0,,,,,,,,2,72.4482,0.0,72.4482,-72.4482,0.0,0.0,-1.0,-41.7582,,,,,,,,3,79.37819999999999,0.0,79.37819999999999,-79.37819999999999,0.0,0.0,-1.0,-41.7582,,,,,,,,7,99.01499999999999,0.0,99.01499999999999,-99.01499999999999,0.0,0.0,-1.0,-41.7582,,,,,,,,19,208.38569999999999,0.0,208.38569999999999,-208.38569999999999,0.0,0.0,-1.0,-54.8757,,,,,,,,,63145.75757424663,0,-22.68963152800675,22.68963152800675,60,,,
5m,300,btc-up-or-down-5m,btc-updown-5m,btc-updown-5m-1780621500,0x15827f18c29e442f221714526641ed8df5a9d99eea0d7b391541ed0f11a2b8e4,1780621500,1780621800,2026-06-05T01:05:00Z,2026-06-05T01:10:00Z,True,63002.64459748823,63145.75757424663,gamma_finalPrice,,,63145.75757424663,0,63145.75757424663,0,0.0,0.0,Up,143.11297675839887,143.11297675839887,22.715391976435296,94407.41432399965,0.99,0.55,0.56,2981,2981,0,ok,63136.716024627836,0,134.07142713960639,21.28028561279656,Up,0,1.4319563715496977,4,70.2453,0.0,70.2453,-70.2453,0.0,0.0,-1.0,-62.3304,,,,,,,,9,320.30940000000004,0.0,320.30940000000004,-320.30940000000004,0.0,0.0,-1.0,-160.9938,,,,,,,,64,6932.834152999996,6472.080152999996,460.75399999999996,6011.326152999996,0.9335403112447712,0.484375,0.8670806224895424,3239.3861579999993,,,,,,,,219,9240.613532999989,8628.358336999994,612.255196,8016.103140999997,0.9337430145938346,0.730593607305936,0.8674860291876689,3239.3861579999993,,,,,,,,557,13013.397365999966,12119.895685999967,893.5016800000003,11226.394005999971,0.9313398603861551,0.7504488330341114,0.8626797207723105,3239.3861579999993,63158.76793658753,0,2.0601577551226846,-2.0601577551226846,63086.519588309726,0,-9.385553618606275,9.385553618606275,,,,,60,,,
5m,300,btc-up-or-down-5m,btc-updown-5m,btc-updown-5m-1780621800,0x932b209178ec38ad83aa43524e145200d5d6fcd0e7f6fbeb15e17abbba69eaea,1780621800,1780622100,2026-06-05T01:10:00Z,2026-06-05T01:15:00Z,True,63145.75757424663,63291.999026715945,gamma_finalPrice,63145.75757424663,0,,,,,,,Up,146.24145246931585,146.24145246931585,23.159347213051568,57635.79413899999,0.99,0.99,1.0,2939,2939,0,ok,,,,,,,,4,4.0,0.0,4.0,-4.0,0.0,0.0,-1.0,-3.0,,,,,,,,5,7.2966999999999995,0.0,7.2966999999999995,-7.2966999999999995,0.0,0.0,-1.0,-3.2967,,,,,,,,7,17.771,0.0,17.771,-17.771,0.0,0.0,-1.0,-10.4743,,,,,,,,143,4756.1165539999965,4442.031353999999,314.08519999999993,4127.946153999998,0.9339618370504723,0.7272727272727273,0.8679236741009441,2121.9665950000003,,,,,,,,501,10925.632848999961,9886.904954999982,1038.7278939999992,8848.177060999991,0.9049274391373077,0.7724550898203593,0.8098548782746143,2121.9665950000003,,,,,,,,,,,,,60,,,
5m,300,btc-up-or-down-5m,btc-updown-5m,btc-updown-5m-1780622100,0x9190595bff616b49af44c416ae512c726ac823b71e55e9284c2570ee63fb28fb,1780622100,1780622400,2026-06-05T01:15:00Z,2026-06-05T01:20:00Z,True,63291.999026715945,63285.919377355815,gamma_finalPrice,,,,,,,,,Down,-6.079649360130134,6.079649360130134,0.9605715498990443,89373.28797799995,0.01,0.52,0.53,3382,3382,0,truncated_http_400_at_offset_3500,,,,,,,,153,1892.5744059999997,1575.515418,317.05898800000006,1258.4564300000002,0.8324721147053281,0.6209150326797386,0.6649442294106562,551.55755,,,,,,,,268,3110.8223840000014,2498.3387979999993,612.4835860000001,1885.855211999998,0.8031120037099483,0.667910447761194,0.6062240074198968,551.55755,,,,,,,,361,4058.478091000003,3333.8803170000006,724.5977740000003,2609.282542999999,0.821460715629621,0.6814404432132964,0.6429214312592422,551.55755,,,,,,,,658,6757.586612000003,5099.3591019999985,1658.2275099999993,3441.131592,0.7546124666674116,0.6261398176291794,0.509224933334824,589.6324570000002,,,,,,,,1058,9863.697485000008,6159.818362999996,3703.8791219999976,2455.9392410000028,0.6244938444601934,0.5472589792060492,0.24898768892038875,589.6324570000002,,,,,,,,,,,,,60,,,
5m,300,btc-up-or-down-5m,btc-updown-5m,btc-updown-5m-1780622400,0xe9e221c169de1366acb0e13b3f91e01aa786e410fad0a148785c9675ab51ec0c,1780622400,1780622700,2026-06-05T01:20:00Z,2026-06-05T01:25:00Z,True,63285.919377355815,63236.69983967732,gamma_finalPrice,,,,,,,,,Down,-49.21953767849482,49.21953767849482,7.777328379321284,82885.24407800006,0.01,,0.01,2238,2238,0,ok,,,,,,,,0,0.0,0.0,0.0,0.0,,,,0.0,,,,,,,,4,3.05,0.0,3.05,-3.05,0.0,0.0,-1.0,-2.5,,,,,,,,10,17.75,0.0,17.75,-17.75,0.0,0.0,-1.0,-8.7,,,,,,,,110,465.8501109999997,348.07071199999984,117.779399,230.2913129999998,0.7471731867849659,0.7272727272727273,0.4943463735699313,151.88968599999984,,,,,,,,472,7112.258228000007,6703.1023360000045,409.1558920000004,6293.946444000001,0.9424717327628501,0.6694915254237288,0.8849434655257001,2419.5675179999994,,,,,,,,,,,,,60,,,
5m,300,btc-up-or-down-5m,btc-updown-5m,btc-updown-5m-1780622700,0xe302e0db8e64ee68bd3fe578ff316b7bd502c5541fdf9eaa3826370df21dec10,1780622700,1780623000,2026-06-05T01:25:00Z,2026-06-05T01:30:00Z,True,63236.69983967732,63270.39065390692,gamma_finalPrice,,,,,,,,,Up,33.69081422960153,33.69081422960153,5.327731256535705,76909.446245,0.99,0.52,0.53,3461,3461,0,truncated_http_400_at_offset_3500,,,,,,,,97,2053.7521729999994,2006.2840749999998,47.468098000000005,1958.815977,0.9768871343757796,0.8865979381443299,0.9537742687515591,975.4969220000002,,,,,,,,183,2923.984386000001,2603.0687920000005,320.915594,2282.153198,0.8902471587958745,0.7814207650273224,0.780494317591749,975.4969220000002,,,,,,,,302,5404.875254999995,3487.1478650000035,1917.7273899999998,1569.4204750000004,0.6451856334286491,0.7913907284768212,0.2903712668572962,-1328.010942,,,,,,,,482,8811.161392999978,6372.636526999999,2438.5248660000016,3934.111660999999,0.7232459198923238,0.7365145228215768,0.44649183978464535,1930.7210810000001,,,,,,,,848,12554.876738999976,8389.905267999999,4164.971471000002,4224.933797000011,0.6682586728978331,0.625,0.3365173457956654,1930.7210810000001,,,,,,,,,,,,,60,,,
5m,300,btc-up-or-down-5m,btc-updown-5m,btc-updown-5m-1780623000,0xde7288dbf5577fe22cf15ee791825d11551456340f64557c64ebf26108938f30,1780623000,1780623300,2026-06-05T01:30:00Z,2026-06-05T01:35:00Z,True,63270.39065390692,63337.62354645692,gamma_finalPrice,,,,,,,,,Up,67.2328925499969,67.2328925499969,10.626280611694833,63430.04600999977,0.999,0.97,0.98,2519,2519,0,ok,,,,,,,,12,1246.5701999999999,1155.5576999999998,91.01249999999999,1064.5451999999998,0.926989671339809,0.16666666666666666,0.853979342679618,1118.7377999999999,,,,,,,,80,3182.588221999998,3059.113521999998,123.4747,2935.638821999998,0.9612030550649099,0.7875,0.92240611012982,1118.7377999999999,,,,,,,,100,3671.8815679999984,3297.4333689999985,374.448199,2922.985169999999,0.8980228005545521,0.78,0.7960456011091043,1118.7377999999999,,,,,,,,213,5627.040743999998,5154.276648999999,472.76409500000005,4681.512554,0.9159835308631633,0.7605633802816901,0.8319670617263264,1118.7377999999999,,,,,,,,519,9096.875160999996,7972.135983,1124.7391779999994,6847.396805,0.8763598314702654,0.7032755298651252,0.7527196629405304,1118.7377999999999,,,,,,,,,,,,,60,,,
5m,300,btc-up-or-down-5m,btc-updown-5m,btc-updown-5m-1780623300,0x5b0d2ed0a7f2bedc549430feb445cd49ec673df021915a1b4dc0bd09a1ec497a,1780623300,1780623600,2026-06-05T01:35:00Z,2026-06-05T01:40:00Z,True,63337.62354645692,63245.835940284436,gamma_finalPrice,,,,,,,,,Down,-91.7876061724819,91.7876061724819,14.491798244554829,66703.93824499987,0.01,0.5,0.51,2414,2414,0,ok,,,,,,,,6,19.6418,0.0,19.6418,-19.6418,0.0,0.0,-1.0,-18.6418,,,,,,,,7,220.9286,0.0,220.9286,-220.9286,0.0,0.0,-1.0,-201.2868,,,,,,,,10,233.1463,0.0,233.1463,-233.1463,0.0,0.0,-1.0,-201.2868,,,,,,,,20,339.4189,0.0,339.4189,-339.4189,0.0,0.0,-1.0,-201.2868,,,,,,,,280,6878.811840000002,5528.954144000003,1349.8576959999998,4179.096448000003,0.803765864309497,0.7071428571428572,0.6075317286189938,1635.8187779999998,,,,,,,,,,,,,60,,,
5m,300,btc-up-or-down-5m,btc-updown-5m,btc-updown-5m-1780623600,0xd94d892cbaca08dae9fa6128a146a629e027a0243f738575b280317d364946d7,1780623600,1780623900,2026-06-05T01:40:00Z,2026-06-05T01:45:00Z,True,63245.835940284436,63368.07004687842,gamma_finalPrice,,,,,,,,,Up,122.2341065939836,122.2341065939836,19.326822829789904,54298.01166299996,0.99,0.43,0.46,2417,2417,0,ok,,,,,,,,1,5.2965,0.0,5.2965,-5.2965,0.0,0.0,-1.0,-5.2965,,,,,,,,2,10.246500000000001,0.0,10.246500000000001,-10.246500000000001,0.0,0.0,-1.0,-5.2965,,,,,,,,3,14.3451,0.0,14.3451,-14.3451,0.0,0.0,-1.0,-5.2965,,,,,,,,125,8177.015248999995,8044.978948999995,132.03630000000004,7912.942648999995,0.9838527511592757,0.816,0.9677055023185515,3307.2405409999974,,,,,,,,499,13700.515075999998,12508.58989199999,1191.9251839999997,11316.664707999984,0.9130014326185464,0.7154308617234469,0.8260028652370928,3307.2405409999974,,,,,,,,,,,,,60,,,
5m,300,btc-up-or-down-5m,btc-updown-5m,btc-updown-5m-1780623900,0x2955617a28b78c6324a90b7a0e5e245da5a7679d78a6a92c23c96b7fe892053e,1780623900,1780624200,2026-06-05T01:45:00Z,2026-06-05T01:50:00Z,True,63368.07004687842,63248.915967892535,gamma_finalPrice,,,,,,,,,Down,-119.15407898588455,119.15407898588455,18.803488712491443,52093.218638999904,0.01,0.5,0.51,1873,1873,0,ok,,,,,,,,1,1.98,0.0,1.98,-1.98,0.0,0.0,-1.0,-1.98,,,,,,,,1,1.98,0.0,1.98,-1.98,0.0,0.0,-1.0,-1.98,,,,,,,,2,2.98,0.0,2.98,-2.98,0.0,0.0,-1.0,-1.98,,,,,,,,8,33.5875,0.0,33.5875,-33.5875,0.0,0.0,-1.0,-15.5331,,,,,,,,23,101.7786,0.0,101.7786,-101.7786,0.0,0.0,-1.0,-25.74,,,,,,,,,,,,,60,,,
5m,300,btc-up-or-down-5m,btc-updown-5m,btc-updown-5m-1780624200,0x1ea1ce77101040819459b6889432abcce193629db6aeb3c97994326aae4fe270,1780624200,1780624500,2026-06-05T01:50:00Z,2026-06-05T01:55:00Z,True,63248.915967892535,63262.68024688305,gamma_finalPrice,,,,,,,,,Up,13.764278990514867,13.764278990514867,2.1762078890809953,63221.66515099998,0.99,0.42,0.5,2505,2505,0,ok,,,,,,,,196,3296.302790999999,2478.423302,817.8794890000003,1660.5438129999989,0.7518797450182424,0.6887755102040817,0.5037594900364841,1271.3532449999984,,,,,,,,205,3424.0842809999986,2588.0845919999997,835.9996890000003,1752.0849029999988,0.755847222091202,0.6878048780487804,0.5116944441824034,1271.3532449999984,,,,,,,,367,6267.940153999994,5132.616976999995,1135.323177,3997.293799999994,0.8188682168135455,0.6839237057220708,0.6377364336270906,1890.8436659999995,,,,,,,,501,7707.964284999987,5984.3309349999945,1723.6333499999973,4260.697584999997,0.7763828053336659,0.6327345309381237,0.5527656106673312,1890.8436659999995,,,,,,,,728,10053.729382999973,7158.722181999989,2895.0072009999985,4263.7149809999955,0.7120464366292569,0.5851648351648352,0.424092873258513,1890.8436659999995,,,,,,,,,,,,,60,,,
5m,300,btc-up-or-down-5m,btc-updown-5m,btc-updown-5m-1780624500,0xeddcc0593689f6a905b6ce289124f7f7a5369907fff849ce11a5f665d83bbf14,1780624500,1780624800,2026-06-05T01:55:00Z,2026-06-05T02:00:00Z,True,63262.68024688305,63302.1143657311,gamma_finalPrice,,,,,,,,,Up,39.43411884804664,39.43411884804664,6.23339363652547,62335.948395999905,0.99,0.51,0.52,2698,2698,0,ok,,,,,,,,9,101.64330000000001,0.0,101.64330000000001,-101.64330000000001,0.0,0.0,-1.0,-72.5472,,,,,,,,91,4055.1885880000004,3857.9847880000007,197.20380000000003,3660.7809880000004,0.9513700051870436,0.7252747252747253,0.9027400103740872,2519.384438,,,,,,,,162,6195.816515999999,5626.0154159999975,569.8011000000001,5056.214315999999,0.9080345425774707,0.7777777777777778,0.8160690851549419,2519.384438,,,,,,,,315,8004.199152999995,7178.251454999995,825.9476980000002,6352.303756999998,0.8968107012066994,0.7365079365079366,0.7936214024133992,2519.384438,,,,,,,,581,10949.508020999987,9647.845336999995,1301.6626839999992,8346.182653000002,0.8811213543564202,0.7366609294320138,0.7622427087128403,2519.384438,,,,,63283.96295110762,0,-2.867837464059993,2.867837464059993,,,,,60,,,
5m,300,btc-up-or-down-5m,btc-updown-5m,btc-updown-5m-1780624800,0x73bcb7fd4b49320c2013e5980248dca1d8efb6156aa6a6fe76b09095ad903156,1780624800,1780625100,2026-06-05T02:00:00Z,2026-06-05T02:05:00Z,True,63302.1143657311,63239.72745516308,gamma_finalPrice,,,,,,,,,Down,-62.38691056801326,62.38691056801326,9.855422870643752,61718.53146800006,0.01,0.06,0.07,2784,2784,0,ok,,,,,,,,3,114.3649,0.0,114.3649,-114.3649,0.0,0.0,-1.0,-112.2364,,,,,,,,95,5723.755094999996,5041.217894999998,682.5371999999999,4358.680694999999,0.8807535981760941,0.8421052631578947,0.7615071963521881,3088.7524599999983,,,,,,,,180,7039.07862799999,6235.603727999992,803.4748999999999,5432.128827999993,0.8858551037057688,0.8722222222222222,0.7717102074115374,3088.7524599999983,,,,,,,,350,8438.974309999983,7374.549621999991,1064.4246879999998,6310.124933999996,0.8738680023307247,0.7628571428571429,0.747736004661449,3088.7524599999983,,,,,,,,625,11076.851246999982,9729.78017899998,1347.0710679999984,8382.709110999987,0.8783886288655507,0.768,0.7567772577311023,3088.7524599999983,,,,,,,,,,,,,60,,,
5m,300,btc-up-or-down-5m,btc-updown-5m,btc-updown-5m-1780625100,0xf048eda6e4b2f2f7836446aadda0c38680cf0811af1691be6b17b81948737321,1780625100,1780625400,2026-06-05T02:05:00Z,2026-06-05T02:10:00Z,True,63239.72745516308,63153.04845525378,gamma_finalPrice,,,,,,,,,Down,-86.67899990930164,86.67899990930164,13.706415792312985,60696.79775599994,0.01,0.5,0.51,2207,2207,0,ok,,,,,,,,1,5.8212,0.0,5.8212,-5.8212,0.0,0.0,-1.0,-5.8212,,,,,,,,2,6.0712,0.0,6.0712,-6.0712,0.0,0.0,-1.0,-5.8212,,,,,,,,6,1168.0867000000003,0.0,1168.0867000000003,-1168.0867000000003,0.0,0.0,-1.0,-1161.2205000000001,,,,,,,,72,1705.7623639999995,404.588964,1301.1734000000001,-896.5844359999999,0.23718952448407996,0.6527777777777778,-0.5256209510318403,-1161.2205000000001,,,,,,,,293,9526.39931999999,7527.120221999996,1999.2790980000002,5527.841123999997,0.7901327636137768,0.7610921501706485,0.5802655272275531,3081.6992259999997,,,,,,,,,,,,,60,,,
5m,300,btc-up-or-down-5m,btc-updown-5m,btc-updown-5m-1780625400,0xd4b0e8f1c00e921d8cd73ea29d6f5fcc6ccf973da5b0b567fafa3004249ca8de,1780625400,1780625700,2026-06-05T02:10:00Z,2026-06-05T02:15:00Z,True,63153.04845525378,63110.476905204734,gamma_finalPrice,,,,,,,,,Down,-42.5715500490478,42.5715500490478,6.741012681155254,55827.328671999974,0.01,0.54,0.55,2665,2665,0,ok,,,,,,,,48,4767.0350389999985,4717.535838999999,49.4992,4668.036639,0.9896163549050853,0.7083333333333334,0.9792327098101704,3628.0236999999997,,,,,,,,85,5451.954489999997,5349.655189999998,102.2993,5247.355889999998,0.981236215344857,0.788235294117647,0.9624724306897141,3628.0236999999997,,,,,,,,154,6729.584408999998,6364.290508999998,365.2939,5998.996608999997,0.9457182081687742,0.8246753246753247,0.8914364163375484,3628.0236999999997,,,,,,,,409,9548.946083999996,8834.905893,714.0401909999997,8120.865701999996,0.9252231414107127,0.8386308068459658,0.8504462828214248,3628.0236999999997,,,,,,,,707,12716.695362999993,11308.794082999992,1407.9012799999987,9900.892802999988,0.8892871740801169,0.7623762376237624,0.7785743481602339,3628.0236999999997,,,,,,,,,,,,,60,,,
5m,300,btc-up-or-down-5m,btc-updown-5m,btc-updown-5m-1780625700,0x58fbbd286589b12da05cfd904b7d8d9e3a68df1ee46abcd6506c3ef939ef853b,1780625700,1780626000,2026-06-05T02:15:00Z,2026-06-05T02:20:00Z,True,63110.476905204734,62946.7542076766,gamma_finalPrice,,,,,,,,,Down,-163.72269752813736,163.72269752813736,25.942237415517788,69411.9209269998,0.01,0.5,0.51,2958,2958,0,ok,,,,,,,,0,0.0,0.0,0.0,0.0,,,,0.0,,,,,,,,3,2.05,0.0,2.05,-2.05,0.0,0.0,-1.0,-2.0,,,,,,,,5,13.058899999999998,0.0,13.058899999999998,-13.058899999999998,0.0,0.0,-1.0,-10.008899999999999,,,,,,,,43,474.080995,161.56849499999998,312.51249999999993,-150.9440049999999,0.3408035688078996,0.20930232558139536,-0.3183928623842006,118.51879500000003,,,,,,,,614,14612.059525999954,11585.12354099998,3026.9359850000037,8558.18755599999,0.7928467250209323,0.752442996742671,0.5856934500418636,4594.379429999998,,,,,,,,,,,,,60,,,
5m,300,btc-up-or-down-5m,btc-updown-5m,btc-updown-5m-1780626000,0x7adbe130027de14562e7db0beb78fb1d056d8d4e50e5dd8dd0a388fb55ec505c,1780626000,1780626300,2026-06-05T02:20:00Z,2026-06-05T02:25:00Z,True,62946.7542076766,62845.032077387885,gamma_finalPrice,,,,,,,,,Down,-101.72213028871192,101.72213028871192,16.160027878976248,64724.86420999986,0.01,0.49,0.51,2241,2241,0,ok,,,,,,,,4,1.7598,0.0,1.7598,-1.7598,0.0,0.0,-1.0,-1.0098,,,,,,,,4,1.7598,0.0,1.7598,-1.7598,0.0,0.0,-1.0,-1.0098,,,,,,,,8,78.61249999999998,0.0,78.61249999999998,-78.61249999999998,0.0,0.0,-1.0,-71.87399999999998,,,,,,,,11,101.48149999999998,0.0,101.48149999999998,-101.48149999999998,0.0,0.0,-1.0,-71.87399999999998,,,,,,,,129,3834.7489329999985,3384.9107329999993,449.8382,2935.0725329999996,0.8826942238306897,0.689922480620155,0.7653884476613794,1010.0525,,,,,,,,,62633.88099981683,0,33.655260744249965,-33.655260744249965,60,,,
5m,300,btc-up-or-down-5m,btc-updown-5m,btc-updown-5m-1780626300,0x0b39aea47c2bae423623f145a4866102647e098de1a956bacb05d89281333049,1780626300,1780626600,2026-06-05T02:25:00Z,2026-06-05T02:30:00Z,True,62845.032077387885,62633.88099981682,gamma_finalPrice,,,62633.88099981683,0,62633.88099981683,0,-7.275957614183426e-12,-1.1577617790414606e-12,Down,-211.15107757106307,211.15107757106307,33.5986903962512,53866.0541309999,0.01,0.5,0.51,2090,2090,0,ok,62634.36725441488,0,-210.66482297300536,33.5213168025105,Down,0,0.07763413392246953,0,0.0,0.0,0.0,0.0,,,,0.0,62654.40258982847,0,-190.6294875594176,30.333262830493094,Down,0,3.275899327088433,0,0.0,0.0,0.0,0.0,,,,0.0,62671.32662784977,0,-173.70544953811623,27.64028337581464,Down,0,5.976707569708557,2,5.26,0.0,5.26,-5.26,0.0,0.0,-1.0,-5.0,62670.59255594623,0,-174.43952144165814,27.757090047603427,Down,0,5.859576460128034,3,1033.0384000000001,0.0,1033.0384000000001,-1033.0384000000001,0.0,0.0,-1.0,-1027.7784000000001,,,,,,,,24,1236.6387,0.0,1236.6387,-1236.6387,0.0,0.0,-1.0,-1027.7784000000001,62593.86272170877,0,6.3912801238805805,-6.3912801238805805,,,,,,,,,60,,,
5m,300,btc-up-or-down-5m,btc-updown-5m,btc-updown-5m-1780626600,0xdae77a34262404178da813a421f8573ea145433a6fa758c65cb336863fe15077,1780626600,1780626900,2026-06-05T02:30:00Z,2026-06-05T02:35:00Z,True,62633.88099981682,62749.49775391389,gamma_finalPrice,62633.88099981683,0,,,,,,,Up,115.61675409707095,115.61675409707095,18.459139406898494,60545.774931999986,0.99,0.43,0.44,2466,2466,0,ok,,,,,,,,1,39.303000000000004,0.0,39.303000000000004,-39.303000000000004,0.0,0.0,-1.0,-39.303000000000004,,,,,,,,3,51.01480000000001,0.0,51.01480000000001,-51.01480000000001,0.0,0.0,-1.0,-39.303000000000004,,,,,,,,3,51.01480000000001,0.0,51.01480000000001,-51.01480000000001,0.0,0.0,-1.0,-39.303000000000004,,,,,,,,9,176.9232,0.0,176.9232,-176.9232,0.0,0.0,-1.0,-110.1672,,,,,,,,333,11045.636035999976,10339.111435999968,706.5245999999996,9632.586835999971,0.9360358608868425,0.8138138138138138,0.872071721773686,3078.7767609999996,,,,,,,,,,,,,60,,,
5m,300,btc-up-or-down-5m,btc-updown-5m,btc-updown-5m-1780626900,0x4847e42c3bb07d60ccaa120d0d0244816a538dbe2a8d0abdac0a47d98cc5a4ee,1780626900,1780627200,2026-06-05T02:35:00Z,2026-06-05T02:40:00Z,True,62749.49775391389,62830.415924428926,gamma_finalPrice,,,,,,,,,Up,80.91817051503313,80.91817051503313,12.895429192496762,55484.491347999894,0.99,0.51,0.52,2339,2339,0,ok,,,,,,,,0,0.0,0.0,0.0,0.0,,,,0.0,,,,,,,,4,401.6732999999999,0.0,401.6732999999999,-401.6732999999999,0.0,0.0,-1.0,-395.6732999999999,,,,,,,,6,403.6732999999999,0.0,403.6732999999999,-403.6732999999999,0.0,0.0,-1.0,-395.6732999999999,,,,,,,,113,8523.612836999993,7762.193736999993,761.4190999999998,7000.774636999993,0.9106694409329844,0.8495575221238938,0.8213388818659688,3761.8669069999987,,,,,,,,415,12461.749296999966,11392.155498999968,1069.593798,10322.561700999973,0.9141698510772086,0.8674698795180723,0.8283397021544175,3761.8669069999987,,,,,,,,,,,,,60,,,
5m,300,btc-up-or-down-5m,btc-updown-5m,btc-updown-5m-1780627200,0x7d516a74b5a27ad8ba15ef4ae256eaf208dd15dc33c5f3a494b29f388b7ec951,1780627200,1780627500,2026-06-05T02:40:00Z,2026-06-05T02:45:00Z,True,62830.415924428926,62681.642940633596,gamma_finalPrice,,,,,,,,,Down,-148.77298379533022,148.77298379533022,23.67849736571395,76022.42841799995,0.01,0.57,0.6,1979,1979,0,ok,,,,,,,,1,12.840300000000001,0.0,12.840300000000001,-12.840300000000001,0.0,0.0,-1.0,-12.840300000000001,,,,,,,,1,12.840300000000001,0.0,12.840300000000001,-12.840300000000001,0.0,0.0,-1.0,-12.840300000000001,,,,,,,,1,12.840300000000001,0.0,12.840300000000001,-12.840300000000001,0.0,0.0,-1.0,-12.840300000000001,,,,,,,,4,109.6052,0.0,109.6052,-109.6052,0.0,0.0,-1.0,-91.5849,,,,,,,,151,1182.2794930000002,277.7231929999999,904.5563000000008,-626.833107,0.23490485510772524,0.152317880794702,-0.5301902897845492,-251.84609999999998,,,,,,,,,,,,,60,,,
5m,300,btc-up-or-down-5m,btc-updown-5m,btc-updown-5m-1780627500,0xefdc85e3915f1ce43284ef28e1d13cd71c7cf84b9894cc35368fca6ca68dbe29,1780627500,1780627800,2026-06-05T02:45:00Z,2026-06-05T02:50:00Z,True,62681.642940633596,62665.99151345905,gamma_finalPrice,,,,,,,,,Down,-15.65142717454728,15.65142717454728,2.4969714321896284,85607.45638900007,0.01,0.5,0.51,2865,2865,0,ok,,,,,,,,14,139.807386,135.807386,4.0,131.807386,0.9713892082926148,0.9285714285714286,0.9427784165852297,103.430887,,,,,,,,37,268.641075,202.42047700000003,66.220598,136.19987899999998,0.7534978669959538,0.6486486486486487,0.5069957339919071,103.430887,,,,,,,,121,1123.8712030000002,760.8518180000001,363.01938499999994,397.83243300000015,0.6769920040383844,0.5702479338842975,0.353984008076769,310.67536,,,,,,,,241,2197.8844319999985,1665.947155999999,531.937276,1134.0098800000003,0.7579775950658356,0.6390041493775933,0.5159551901316716,318.63647899999995,,,,,,,,639,8368.084675999991,6553.835529999994,1814.249145999998,4739.5863839999965,0.7831942175246699,0.5336463223787168,0.5663884350493398,3694.524452,,,,,,,,,,,,,60,,,
5m,300,btc-up-or-down-5m,btc-updown-5m,btc-updown-5m-1780627800,0xa0b7924a0fc7f8998951e8545a592c2939707da16c32280842800e6597936ce9,1780627800,1780628100,2026-06-05T02:50:00Z,2026-06-05T02:55:00Z,True,62665.99151345905,62564.58348728453,gamma_finalPrice,,,,,,,,,Down,-101.40802617451845,101.40802617451845,16.18230618001769,48948.91440499988,0.01,0.59,0.61,2213,2213,0,ok,,,,,,,,17,1092.2856,961.9236,130.362,831.5616000000001,0.8806520931888143,0.058823529411764705,0.7613041863776289,854.5878,,,,,,,,69,3818.0244960000014,3628.592497000001,189.431999,3439.160498000001,0.9503848130889518,0.5942028985507246,0.9007696261779039,2397.858953,,,,,,,,147,5818.756876999998,5185.524077999998,633.232799,4552.291278999996,0.8911738688545312,0.7074829931972789,0.7823477377090622,2397.858953,,,,,,,,473,9420.549970999995,8343.721885999992,1076.8280849999996,7266.893800999995,0.88569371339095,0.7272727272727273,0.7713874267819006,2397.858953,,,,,,,,800,12501.316832999984,10538.439597999984,1962.8772349999979,8575.562362999992,0.8429863620591911,0.71375,0.6859727241183827,2397.858953,,,,,,,,,,,,,60,,,
5m,300,btc-up-or-down-5m,btc-updown-5m,btc-updown-5m-1780628100,0x9508951c096eb896b659dac3d5e2f86f26b3cd17a7c0d1a0df574aa5b5f94cd9,1780628100,1780628400,2026-06-05T02:55:00Z,2026-06-05T03:00:00Z,True,62564.58348728453,62558.87634938622,gamma_finalPrice,,,,,,,,,Down,-5.707137898309156,5.707137898309156,0.9121994553786266,58188.47363700002,0.01,0.5,0.53,2282,2282,0,ok,,,,,,,,1,2.0,0.0,2.0,-2.0,0.0,0.0,-1.0,-2.0,,,,,,,,24,159.44087700000003,83.77827699999999,75.6626,8.115677000000003,0.5254504276215187,0.5,0.05090085524303784,54.280677000000004,,,,,,,,93,576.6826120000001,336.002819,240.679793,95.32302599999997,0.5826477372617573,0.6021505376344086,0.16529547452351478,76.869385,,,,,,,,263,1767.8405549999964,1080.7376830000003,687.102872,393.634811,0.6113321022890565,0.6045627376425855,0.22266420457811073,93.81689,,,,,,,,695,8099.169728999991,6492.850686999992,1606.319041999999,4886.531644999999,0.8016686776857642,0.6489208633093525,0.6033373553715291,2361.4118660000004,,,,,,,,,,,,,60,,,
5m,300,btc-up-or-down-5m,btc-updown-5m,btc-updown-5m-1780628400,0x97fa4d5d2dbe95d1a57751fe8ecf91311b103a68cb5761cc576df153960b9877,1780628400,1780628700,2026-06-05T03:00:00Z,2026-06-05T03:05:00Z,True,62558.87634938622,62522.67396085301,gamma_finalPrice,,,,,,,,,Down,-36.20238853320916,36.20238853320916,5.78693075160458,64608.14987599991,0.01,0.52,0.53,3038,3038,0,ok,,,,,,,,80,1704.6170110000005,1693.0352110000003,11.5818,1681.4534110000002,0.9932056292262356,0.925,0.986411258452471,1241.2921450000003,,,,,,,,145,2624.4730760000007,2290.0969769999997,334.376099,1955.7208779999992,0.8725930541799923,0.7862068965517242,0.7451861083599848,1241.2921450000003,,,,,,,,189,3059.1244560000023,2698.035558000001,361.08889800000003,2336.9466599999996,0.8819633188536082,0.783068783068783,0.7639266377072166,1241.2921450000003,,,,,,,,340,4676.390399000004,4129.971702999999,546.4186959999998,3583.553006999998,0.8831537469333504,0.7352941176470589,0.7663074938667016,1241.2921450000003,,,,,,,,696,8582.970352999997,7382.543862999998,1200.4264899999996,6182.117372999998,0.860138572006087,0.7887931034482759,0.7202771440121739,1241.2921450000003,,,,,,,,,,,,,60,,,
5m,300,btc-up-or-down-5m,btc-updown-5m,btc-updown-5m-1780628700,0x3fca2d1ea1e0e41420f500a0504d01421638983ea1db5e1c2503976a216d4731,1780628700,1780629000,2026-06-05T03:05:00Z,2026-06-05T03:10:00Z,True,62522.67396085301,62328.248430130996,gamma_finalPrice,,,,,,,,,Down,-194.42553072201554,194.42553072201554,31.096803512234644,63329.205974000026,0.01,0.5,0.51,2124,2124,0,ok,,,,,,,,1,0.244,0.0,0.244,-0.244,0.0,0.0,-1.0,-0.244,,,,,,,,1,0.244,0.0,0.244,-0.244,0.0,0.0,-1.0,-0.244,,,,,,,,1,0.244,0.0,0.244,-0.244,0.0,0.0,-1.0,-0.244,,,,,,,,5,4.261,0.0,4.261,-4.261,0.0,0.0,-1.0,-3.267,,,,,,,,8,5.011,0.0,5.011,-5.011,0.0,0.0,-1.0,-3.267,,,,,,,,,,,,,60,,,
5m,300,btc-up-or-down-5m,btc-updown-5m,btc-updown-5m-1780629000,0x1c9c72b3f8e91b3d2babce828e810383f159511a66c285178f3156902709c728,1780629000,1780629300,2026-06-05T03:10:00Z,2026-06-05T03:15:00Z,True,62328.248430130996,62309.3599798183,gamma_finalPrice,,,,,,,,,Down,-18.888450312697387,18.888450312697387,3.03047988487452,80838.53108499992,0.01,0.57,0.58,3359,3359,0,truncated_http_400_at_offset_3500,,,,,,,,255,2434.0997199999983,2087.6643419999996,346.43537799999973,1741.228963999999,0.8576741227347913,0.5450980392156862,0.7153482454695818,758.3699120000003,,,,,,,,257,2482.3097179999986,2135.87434,346.43537799999973,1789.438961999999,0.8604382944288184,0.5486381322957199,0.7208765888576358,758.3699120000003,,,,,,,,328,3077.8066379999977,2591.8066689999982,485.9999689999997,2105.806699999999,0.8420953535548259,0.5701219512195121,0.684190707109652,758.3699120000003,,,,,,,,543,6900.349025999995,5911.441184999995,988.9078409999995,4922.533343999993,0.8566872722997243,0.6003683241252302,0.7133745445994483,1571.657498,,,,,,,,826,9369.275518999988,7589.789317999983,1779.4862009999977,5810.303116999987,0.8100721664773995,0.5690072639225182,0.6201443329548002,1571.657498,,,,,,,,,,,,,60,,,
5m,300,btc-up-or-down-5m,btc-updown-5m,btc-updown-5m-1780629300,0x9a7bc579944d386d643bd8823776ae5d98f6482b6dff9dc9cda616de04cf2210,1780629300,1780629600,2026-06-05T03:15:00Z,2026-06-05T03:20:00Z,True,62309.3599798183,62706.26319375324,gamma_finalPrice,,,,,,,,,Up,396.9032139349438,396.9032139349438,63.698810911153444,42935.28900599999,0.99,0.5,0.51,1360,1360,0,ok,,,,,,,,0,0.0,0.0,0.0,0.0,,,,0.0,,,,,,,,0,0.0,0.0,0.0,0.0,,,,0.0,,,,,,,,1,20.79,0.0,20.79,-20.79,0.0,0.0,-1.0,-20.79,,,,,,,,3,23.15,0.0,23.15,-23.15,0.0,0.0,-1.0,-20.79,,,,,,,,14,27.884,0.0,27.884,-27.884,0.0,0.0,-1.0,-20.79,,,,,,,,,,,,,60,,,
5m,300,btc-up-or-down-5m,btc-updown-5m,btc-updown-5m-1780629600,0x77d265263f4e2bd86dce958b6915a3ffafa1ee49db1a964ef4818406695ba763,1780629600,1780629900,2026-06-05T03:20:00Z,2026-06-05T03:25:00Z,True,62706.26319375324,62588.98097678599,gamma_finalPrice,,,,,,,,,Down,-117.28221696725086,117.28221696725086,18.70342944928258,56392.665682000086,0.01,0.51,0.52,1858,1858,0,ok,,,,,,,,0,0.0,0.0,0.0,0.0,,,,0.0,,,,,,,,0,0.0,0.0,0.0,0.0,,,,0.0,,,,,,,,4,1.0,0.0,1.0,-1.0,0.0,0.0,-1.0,-0.75,,,,,,,,11,25.276200000000003,0.0,25.276200000000003,-25.276200000000003,0.0,0.0,-1.0,-10.0,,,,,,,,119,5485.993422999997,4846.704322999997,639.2891,4207.415222999995,0.8834688540967286,0.7226890756302521,0.7669377081934569,2949.4476,,,,,,,,,,,,,60,,,
5m,300,btc-up-or-down-5m,btc-updown-5m,btc-updown-5m-1780629900,0xd349ed12e07ff67d622f9fdacbf91bb4b5dd80131d64079f3288fb092024858b,1780629900,1780630200,2026-06-05T03:25:00Z,2026-06-05T03:30:00Z,True,62588.98097678599,62527.97791447121,gamma_finalPrice,,,,,,,,,Down,-61.003062314783165,61.003062314783165,9.746613758963253,59488.276263000036,0.01,0.17,0.18,3034,3034,0,ok,,,,,,,,0,0.0,0.0,0.0,0.0,,,,0.0,,,,,,,,1,7.3260000000000005,0.0,7.3260000000000005,-7.3260000000000005,0.0,0.0,-1.0,-7.3260000000000005,,,,,,,,10,26.9426,0.0,26.9426,-26.9426,0.0,0.0,-1.0,-9.444600000000001,,,,,,,,114,2088.880373000001,1879.7376729999996,209.14270000000008,1670.5949729999988,0.8998780865083071,0.6052631578947368,0.7997561730166145,1289.6411990000001,,,,,,,,426,6219.40357,5531.491771999996,687.9117980000001,4843.579973999988,0.8893926418735351,0.6690140845070423,0.7787852837470697,1289.6411990000001,,,,,,,,,,,,,60,,,
5m,300,btc-up-or-down-5m,btc-updown-5m,btc-updown-5m-1780630200,0x96b6bba02c3d1771a0bc80c304449c115669adc7945aa8c8bca302353b7dc8b1,1780630200,1780630500,2026-06-05T03:30:00Z,2026-06-05T03:35:00Z,True,62527.97791447121,62751.16523681133,gamma_finalPrice,,,,,,,,,Up,223.18732234011986,223.18732234011986,35.69399327856184,57365.827415999964,0.99,0.5,0.51,1592,1592,0,ok,,,,,,,,0,0.0,0.0,0.0,0.0,,,,0.0,,,,,,,,0,0.0,0.0,0.0,0.0,,,,0.0,,,,,,,,1,18.81,0.0,18.81,-18.81,0.0,0.0,-1.0,-18.81,,,,,,,,2,18.91,0.0,18.91,-18.91,0.0,0.0,-1.0,-18.81,,,,,,,,9,44.321400000000004,0.0,44.321400000000004,-44.321400000000004,0.0,0.0,-1.0,-18.81,,,,,,,,,,,,,60,,,
5m,300,btc-up-or-down-5m,btc-updown-5m,btc-updown-5m-1780630500,0x6d2b85eb2bd0e7b45bc82ec502d09804449e3781ad1204d50efd19fa3b5d2fe8,1780630500,1780630800,2026-06-05T03:35:00Z,2026-06-05T03:40:00Z,True,62751.16523681133,62662.491701821804,gamma_finalPrice,,,,,,,,,Down,-88.67353498952434,88.67353498952434,14.130978230425963,50866.38444600001,0.01,0.19,0.2,1621,1621,0,ok,,,,,,,,2,12.0,0.0,12.0,-12.0,0.0,0.0,-1.0,-7.0,,,,,,,,5,22.7069,0.0,22.7069,-22.7069,0.0,0.0,-1.0,-10.706900000000001,,,,,,,,6,23.143900000000002,0.0,23.143900000000002,-23.143900000000002,0.0,0.0,-1.0,-10.706900000000001,,,,,,,,20,117.11729999999999,0.0,117.11729999999999,-117.11729999999999,0.0,0.0,-1.0,-59.546099999999996,,,,,,,,30,208.87999999999997,0.0,208.87999999999997,-208.87999999999997,0.0,0.0,-1.0,-59.546099999999996,,,,,,,,,,,,,60,,,
5m,300,btc-up-or-down-5m,btc-updown-5m,btc-updown-5m-1780630800,0x75e96237dfbfe3c2156ccbaf8d19b2d2f5eb6b95956e9946e7d021f4bcb9d481,1780630800,1780631100,2026-06-05T03:40:00Z,2026-06-05T03:45:00Z,True,62662.491701821804,62598.05466657634,gamma_finalPrice,,,,,,,,,Down,-64.43703524546436,64.43703524546436,10.283190708739557,51946.47759199978,0.01,0.5,0.51,1947,1947,0,ok,,,,,,,,1,2.0196,0.0,2.0196,-2.0196,0.0,0.0,-1.0,-2.0196,,,,,,,,1,2.0196,0.0,2.0196,-2.0196,0.0,0.0,-1.0,-2.0196,,,,,,,,6,7.6503,0.0,7.6503,-7.6503,0.0,0.0,-1.0,-4.71,,,,,,,,94,514.9020429999999,422.5315429999999,92.37050000000002,330.16104299999995,0.8206056836329156,0.7978723404255319,0.6412113672658315,201.10479199999978,,,,,,,,325,3234.062162999998,2655.8724659999993,578.1896970000001,2077.682769,0.8212187435309979,0.7015384615384616,0.6424374870619954,461.414542,,,,,62670.44927683526,0,-11.558311313629279,11.558311313629279,,,,,60,,,
5m,300,btc-up-or-down-5m,btc-updown-5m,btc-updown-5m-1780631100,0x384298321a0f1803ebfd70c3e85c345d147f303590e3c1685118d2baa62e25af,1780631100,1780631400,2026-06-05T03:45:00Z,2026-06-05T03:50:00Z,True,62598.05466657634,62727.16297523024,gamma_finalPrice,,,,,,,,,Up,129.10830865390017,129.10830865390017,20.62497138954006,49437.40401000001,0.99,0.72,0.73,1764,1764,0,ok,,,,,,,,0,0.0,0.0,0.0,0.0,,,,0.0,,,,,,,,0,0.0,0.0,0.0,0.0,,,,0.0,,,,,,,,0,0.0,0.0,0.0,0.0,,,,0.0,,,,,,,,0,0.0,0.0,0.0,0.0,,,,0.0,,,,,,,,12,290.63870000000003,0.0,290.63870000000003,-290.63870000000003,0.0,0.0,-1.0,-222.46290000000002,,,,,,,,,,,,,60,,,
5m,300,btc-up-or-down-5m,btc-updown-5m,btc-updown-5m-1780631400,0xc50a66d3b6dbd3098493581df29eeef71db214a31c3243f7d2320e01072ac4b1,1780631400,1780631700,2026-06-05T03:50:00Z,2026-06-05T03:55:00Z,True,62727.16297523024,62696.79111172184,gamma_finalPrice,,,,,,,,,Down,-30.371863508400565,30.371863508400565,4.841899755675836,53660.373432999964,0.02,0.5,0.51,2349,2349,0,ok,,,,,,,,24,706.494642,605.283642,101.21099999999998,504.072642,0.856742013338581,0.625,0.7134840266771619,328.97944399999994,,,,,,,,64,937.5656909999998,762.0713910000001,175.4943,586.5770910000002,0.8128191958338205,0.59375,0.6256383916676409,328.97944399999994,,,,,,,,99,1760.1915290000002,1470.8806290000002,289.31089999999995,1181.5697290000005,0.8356366933748606,0.6464646464646465,0.6712733867497214,414.06181300000003,,,,,,,,226,3253.666935999997,2893.0751389999973,360.591797,2532.4833419999973,0.8891737218059249,0.7256637168141593,0.7783474436118497,414.06181300000003,,,,,,,,517,8054.869686999981,6872.713391999985,1182.1562950000002,5690.557096999989,0.8532370676451889,0.7330754352030948,0.706474135290378,1297.303321,,,,,,,,,62658.12040947731,0,6.169794705602018,-6.169794705602018,60,,,
5m,300,btc-up-or-down-5m,btc-updown-5m,btc-updown-5m-1780631700,0xef107486fecb7ad95f687cd8bef7dbfd8745259df97020b490abf6271cde7576,1780631700,1780632000,2026-06-05T03:55:00Z,2026-06-05T04:00:00Z,True,62696.79111172184,62658.12040947731,gamma_finalPrice,,,62658.12040947731,0,62658.12040947731,0,0.0,0.0,Down,-38.67070224452618,38.67070224452618,6.167891778642604,69561.04091099984,0.01,0.75,0.76,2616,2616,0,ok,62657.64726852492,0,-39.14384319692181,6.243356717757672,Down,0,-0.07551179890116436,32,1517.8936079999996,1415.7627079999993,102.13090000000001,1313.631807999999,0.9327153764521285,0.625,0.8654307529042571,1114.4826,62638.87732156867,0,-57.91379015317216,9.237121888738027,Down,0,-3.071596033170398,94,2330.2656899999993,2176.914390999999,153.35129899999998,2023.5630919999999,0.9341914959920298,0.6595744680851063,0.8683829919840602,1114.4826,62642.193546412534,0,-54.59756530930463,8.70819133502624,Down,0,-2.542190461894619,149,3395.6324049999944,3218.927505999994,176.70489899999998,3042.2226069999956,0.9479611224289749,0.7651006711409396,0.8959222448579502,1114.4826,62639.47026986427,0,-57.32084185756685,9.142547942433708,Down,0,-2.9769350950260045,283,5507.337281999986,4907.14178299999,600.1954990000003,4306.946283999995,0.8910189319688742,0.7915194346289752,0.7820378639377485,1114.4826,62647.98122726565,0,-48.80988445619005,7.7850689948730905,Down,0,-1.618306227925175,657,12160.518835999972,10521.058646999985,1639.4601890000008,8881.598457999997,0.8651817236492795,0.7397260273972602,0.7303634472985587,1114.4826,62674.95273868867,0,-2.6860155727065806,2.6860155727065806,,,,,,,,,60,7.7850689948730905,Down,-1.618306227925175
5m,300,btc-up-or-down-5m,btc-updown-5m,btc-updown-5m-1780632000,0xda21ba247fa05521dbbea7020e83f0cc1f3e8385c6d51937aa4f4add8606ecc9,1780632000,1780632300,2026-06-05T04:00:00Z,2026-06-05T04:05:00Z,True,62658.12040947731,62559.39717,gamma_finalPrice,62658.12040947731,0,,,,,,,Down,-98.72323947731638,98.72323947731638,15.75585715501036,69332.00601100005,0.01,0.5,0.51,1908,1908,0,ok,,,,,,,,2,6.86,0.0,6.86,-6.86,0.0,0.0,-1.0,-6.86,,,,,,,,2,6.86,0.0,6.86,-6.86,0.0,0.0,-1.0,-6.86,,,,,,,,18,31.678900000000002,0.0,31.678900000000002,-31.678900000000002,0.0,0.0,-1.0,-12.76,,,,,,,,61,222.46290000000002,0.0,222.46290000000002,-222.46290000000002,0.0,0.0,-1.0,-147.6318,,,,,,,,77,476.3126,0.0,476.3126,-476.3126,0.0,0.0,-1.0,-225.4527,,,,,,,,,,,,,60,,,
5m,300,btc-up-or-down-5m,btc-updown-5m,btc-updown-5m-1780632300,0xd2cc839c4111bdc0c23925593040577c35cdca33d8b4b2b04ee2854ae391b86c,1780632300,1780632600,2026-06-05T04:05:00Z,2026-06-05T04:10:00Z,True,62559.39717,62851.765970293745,gamma_finalPrice,,,,,,,,,Up,292.3688002937488,292.3688002937488,46.73459360537965,67535.457827,0.99,0.5,0.51,1506,1506,0,ok,,,,,,,,0,0.0,0.0,0.0,0.0,,,,0.0,,,,,,,,1,1.7325,0.0,1.7325,-1.7325,0.0,0.0,-1.0,-1.7325,,,,,,,,3,26.7325,0.0,26.7325,-26.7325,0.0,0.0,-1.0,-24.75,,,,,,,,4,31.7325,0.0,31.7325,-31.7325,0.0,0.0,-1.0,-24.75,,,,,,,,14,149.4525,0.0,149.4525,-149.4525,0.0,0.0,-1.0,-99.0,,,,,,,,,,,,,60,,,
5m,300,btc-up-or-down-5m,btc-updown-5m,btc-updown-5m-1780632600,0xb58dd93a920ff535a08f2312ea676fffd1005108881504dc468c6e1902ae267d,1780632600,1780632900,2026-06-05T04:10:00Z,2026-06-05T04:15:00Z,True,62851.765970293745,62788.45871220877,gamma_finalPrice,,,,,,,,,Down,-63.30725808497664,63.30725808497664,10.072470853865616,59069.229579999854,0.01,0.5,0.51,2531,2531,0,ok,,,,,,,,0,0.0,0.0,0.0,0.0,,,,0.0,,,,,,,,3,200.6147,0.0,200.6147,-200.6147,0.0,0.0,-1.0,-200.6147,,,,,,,,77,1049.6313370000014,785.7732370000012,263.8580999999999,521.915137,0.7486183094017135,0.7662337662337663,0.4972366188034259,688.264177000001,,,,,,,,202,3617.002729000001,3157.657730000002,459.34499900000003,2698.3127310000013,0.8730039667050528,0.8168316831683168,0.7460079334101051,1024.2649729999998,,,,,,,,457,7189.986853999996,6278.386254999998,911.6005990000002,5366.785655999999,0.8732124804243767,0.8008752735229759,0.7464249608487534,1024.2649729999998,,,,,,,,,62628.26722353901,0,25.545488384945518,-25.545488384945518,60,,,
5m,300,btc-up-or-down-5m,btc-updown-5m,btc-updown-5m-1780632900,0xaca439daf337f96199e785f391b5ad73a38ede5e4197161526d3a7c3bf03e2bf,1780632900,1780633200,2026-06-05T04:15:00Z,2026-06-05T04:20:00Z,True,62788.45871220877,62628.26722353901,gamma_finalPrice,,,62628.26722353901,0,62628.26722353901,0,0.0,0.0,Down,-160.19148866975593,160.19148866975593,25.51288755215261,64248.43149100003,0.01,0.4,0.41,1858,1858,0,ok,62630.24342505703,0,-158.21528715173918,25.198147939403928,Down,0,0.31553967997016763,1,1.8315000000000001,0.0,1.8315000000000001,-1.8315000000000001,0.0,0.0,-1.0,-1.8315000000000001,62617.35958625239,0,-171.0991259563816,27.250091731127746,Down,0,-1.7417993094108382,3,4.0095,0.0,4.0095,-4.0095,0.0,0.0,-1.0,-1.8315000000000001,62625.027804720085,0,-163.43090748868417,26.028813390335092,Down,0,-0.5172588583662838,3,4.0095,0.0,4.0095,-4.0095,0.0,0.0,-1.0,-1.8315000000000001,62633.84965314319,0,-154.60905906558037,24.62380224592418,Down,0,0.8913196977771621,4,4.3095,0.0,4.3095,-4.3095,0.0,0.0,-1.0,-1.8315000000000001,62650.86543440219,0,-137.59327780657622,21.913784894328387,Down,0,3.6076576567595513,22,119.07229999999998,9.9,109.17229999999998,-99.27229999999997,0.08314276284240753,0.045454545454545456,-0.8337144743151849,-49.129,62600.649169064745,0,4.4108111317426095,-4.4108111317426095,62630.98369496205,0,-0.43373585640210705,0.43373585640210705,62745.7755196348,0,-18.745240710676118,18.745240710676118,60,21.913784894328387,Down,3.6076576567595513
5m,300,btc-up-or-down-5m,btc-updown-5m,btc-updown-5m-1780633200,0xbf3c938ec62ecab044a46fd42d8d0ac7c1a7a8acd087bdc8fc2b6098ccd42275,1780633200,1780633500,2026-06-05T04:20:00Z,2026-06-05T04:25:00Z,True,62628.26722353901,62745.77551963479,gamma_finalPrice,62628.26722353901,0,62745.7755196348,0,62745.7755196348,0,-7.275957614183426e-12,-1.1617689482312128e-12,Up,117.50829609578068,117.50829609578068,18.762820896250958,54655.97815799997,0.99,0.99,1.0,2181,2181,0,ok,62739.08517427064,0,110.81795073163084,17.69455800782232,Up,0,1.0663191294134573,0,0.0,0.0,0.0,0.0,,,,0.0,62745.69844273066,0,117.43121919164696,18.75051384904197,Up,0,0.012284006505557147,4,2.8568,0.0,2.8568,-2.8568,0.0,0.0,-1.0,-1.7479999999999998,62747.36410589806,0,119.09688235904468,19.01647413203247,Up,0,-0.253174997149026,6,55.6634,0.0,55.6634,-55.6634,0.0,0.0,-1.0,-52.2126,62754.31592312305,0,126.04869958404015,20.12648683606951,Up,0,-1.3610194866408318,11,69.88730000000001,0.0,69.88730000000001,-69.88730000000001,0.0,0.0,-1.0,-52.2126,62714.06189068068,0,85.79466714166483,13.699032552735016,Up,0,5.055582772017138,213,7100.831733999996,6421.600633999998,679.2310999999999,5742.3695339999995,0.9043448534700909,0.7276995305164319,0.8086897069401818,3583.998000000001,62858.07076794254,0,17.880866159200384,-17.880866159200384,63006.02457278464,0,41.39096609511578,-41.39096609511578,63166.246848231865,0,66.78836280770508,-66.78836280770508,60,13.699032552735016,Up,5.055582772017138
5m,300,btc-up-or-down-5m,btc-updown-5m,btc-updown-5m-1780633500,0x5cfce3af79d438f668d74514dc600a8963cdc37b6dcb336cc828630646f759ed,1780633500,1780633800,2026-06-05T04:25:00Z,2026-06-05T04:30:00Z,True,62745.77551963479,63166.246848231865,gamma_finalPrice,62745.7755196348,0,63166.246848231865,0,63166.246848231865,0,0.0,0.0,Up,420.471328597072,420.471328597072,67.0118944446699,56797.93224100002,0.99,0.86,0.87,996,996,0,ok,63131.84883468209,0,386.0733150472952,61.529770227556234,Up,0,5.447115289317413,0,0.0,0.0,0.0,0.0,,,,0.0,63128.02,0,382.24448036520334,60.91955628878777,Up,0,6.053615948409772,1,1.1285999999999998,0.0,1.1285999999999998,-1.1285999999999998,0.0,0.0,-1.0,-1.1285999999999998,63133.17225474947,0,387.39673511467845,61.740688023443404,Up,0,5.2374895266125785,1,1.1285999999999998,0.0,1.1285999999999998,-1.1285999999999998,0.0,0.0,-1.0,-1.1285999999999998,63135.64135649316,0,389.86583685836376,62.13419686499286,Up,0,4.84640297509083,2,6.0786,0.0,6.0786,-6.0786,0.0,0.0,-1.0,-4.95,63140.70447328062,0,394.92895364582364,62.94112239034165,Up,0,4.044492410305207,4,7.3386,0.0,7.3386,-7.3386,0.0,0.0,-1.0,-4.95,63099.03715471342,-1,-10.645792372262466,10.645792372262466,62988.207278684655,0,-28.22566812738716,28.22566812738716,63024.51457476762,-2,-22.46318691856519,22.46318691856519,60,62.94112239034165,Up,4.044492410305207
5m,300,btc-up-or-down-5m,btc-updown-5m,btc-updown-5m-1780633800,0xb9ead515c7fe23a5cb66b4003de2ffcae073ec2043c69d23a0efb89a0e619bc8,1780633800,1780634100,2026-06-05T04:30:00Z,2026-06-05T04:35:00Z,True,63166.246848231865,63033.395340043884,gamma_finalPrice,63166.246848231865,0,63024.51457476762,-2,63024.51457476762,-2,8.880765276262537,1.405935245385111,Down,-132.85150818798138,132.85150818798138,21.03204081559266,46749.90793600001,0.01,,0.01,1358,1358,0,ok,63008.9791,0,-157.2677482318686,24.897434322753465,Down,0,-3.8742907625728065,2,17.7705,0.0,17.7705,-17.7705,0.0,0.0,-1.0,-8.939699999999998,63008.73644927952,0,-157.51039895234862,24.93584894014605,Down,0,-3.9128013353808946,3,19.037699999999997,0.0,19.037699999999997,-19.037699999999997,0.0,0.0,-1.0,-8.939699999999998,63002.84017387473,0,-163.4066743571384,25.86930243770094,Down,0,-4.848632084760785,4,20.8692,0.0,20.8692,-20.8692,0.0,0.0,-1.0,-8.939699999999998,62995.46298260631,0,-170.78386562555534,27.037203276600227,Down,0,-6.019630596969055,4,20.8692,0.0,20.8692,-20.8692,0.0,0.0,-1.0,-8.939699999999998,,,,,,,,11,95.43889999999999,0.0,95.43889999999999,-95.43889999999999,0.0,0.0,-1.0,-35.7687,63024.42097737801,0,1.4238486661451912,-1.4238486661451912,63085.88489935709,0,-8.323796685837298,8.323796685837298,63041.03972561775,0,-1.2126781419648354,1.2126781419648354,60,,,
5m,300,btc-up-or-down-5m,btc-updown-5m,btc-updown-5m-1780634100,0x17debeb696b91a0d0577fcaaa68c8cb138ac71fc817436471cda7ce00e903991,1780634100,1780634400,2026-06-05T04:35:00Z,2026-06-05T04:40:00Z,True,63033.395340043884,63041.03972561775,gamma_finalPrice,63024.51457476762,-2,63041.03972561775,0,63041.03972561775,0,0.0,0.0,Up,7.644385573868931,7.644385573868931,1.212751674351358,79493.40466199999,0.99,0.46,0.47,2494,2494,0,ok,63031.30715542617,0,-2.0881846177144325,0.3312822681452239,Down,1,1.5439658976283208,23,179.17288500000004,80.901293,98.271592,-17.37029900000001,0.4515264293478334,0.43478260869565216,-0.096947141304333,-90.110294,63023.82286982118,0,-9.572470222701668,1.518634712767958,Down,1,2.7314281789782613,215,1886.0373989999966,594.5620590000002,1291.475339999999,-696.9132810000003,0.3152440451685875,0.37209302325581395,-0.3695119096628272,-360.394867,63021.38987846289,0,-12.005461580993142,1.9046192127566237,Down,1,3.1174787564720066,218,1905.5289959999966,613.3720560000002,1292.156939999999,-678.7848840000004,0.3218906966451647,0.3761467889908257,-0.35621860670967276,-360.394867,63037.73222549861,0,4.3368854547225055,0.6880298025080948,Up,0,0.5246720076222894,277,2635.9113659999966,827.0500410000001,1808.8613249999974,-981.8112840000008,0.31376246245147876,0.34657039711191334,-0.3724750750970441,-360.394867,63079.665649951254,0,46.270309907369665,7.340602494559744,Up,0,-6.125231448101001,567,5523.065422000001,3257.7257239999963,2265.3396979999966,992.3860259999988,0.5898401476512505,0.5044091710758377,0.17968029530250215,867.8384399999998,62999.00407940408,0,-6.670205198789419,6.670205198789419,63029.73725052939,0,-1.7930364815288256,1.7930364815288256,62952.51956023508,0,-14.05154048339653,14.05154048339653,60,7.340602494559744,Up,-6.125231448101001
5m,300,btc-up-or-down-5m,btc-updown-5m,btc-updown-5m-1780634400,0xb80e0141c78f100cd8b13e8d78ae98015a6329ccee177909478b03645b489d5c,1780634400,1780634700,2026-06-05T04:40:00Z,2026-06-05T04:45:00Z,True,63041.03972561775,62952.51956023508,gamma_finalPrice,63041.03972561775,0,62952.51956023508,0,62952.51956023508,0,0.0,0.0,Down,-88.52016538267344,88.52016538267344,14.041672816303794,44128.00123299995,0.01,,0.01,1747,1747,0,ok,62946.50868612788,0,-94.53103948986973,14.995158693655794,Down,0,-0.9548722012384945,1,11.088,0.0,11.088,-11.088,0.0,0.0,-1.0,-11.088,62945.9378321284,0,-95.10189348935091,15.08571145134599,Down,0,-1.0455613593673652,4,18.4451,0.0,18.4451,-18.4451,0.0,0.0,-1.0,-11.088,62931.756561391456,0,-109.28316422629723,17.33524140812802,Down,0,-3.298743841819104,7,19.7201,0.0,19.7201,-19.7201,0.0,0.0,-1.0,-11.088,62935.84351771008,0,-105.19620790767658,16.686940501859837,Down,0,-2.6493382255224014,13,119.2553,0.0,119.2553,-119.2553,0.0,0.0,-1.0,-94.5352,62927.06889771157,0,-113.97082790618151,18.078830616092713,Down,0,-4.043652061795841,72,797.9098500000001,146.31705000000002,651.5927999999999,-505.27575000000036,0.18337541515498273,0.2222222222222222,-0.6332491696900349,-236.11449999999996,62964.07026,0,-1.8346589299800542,1.8346589299800542,62991.95320843412,0,-6.262069088189757,6.262069088189757,62896.20214048411,0,8.950019157798543,-8.950019157798543,60,18.078830616092713,Down,-4.043652061795841
5m,300,btc-up-or-down-5m,btc-updown-5m,btc-updown-5m-1780634700,0x9b3d1c7416e4b31ffcd23bd2a28adb047c109a44769fe0a0c70a707accc1a2b9,1780634700,1780635000,2026-06-05T04:45:00Z,2026-06-05T04:50:00Z,True,62952.51956023508,62896.20214048411,gamma_finalPrice,62952.51956023508,0,62896.20214048411,0,62896.20214048411,0,0.0,0.0,Down,-56.317419750972476,56.317419750972476,8.946015210254783,82562.259134,0.01,0.48,0.49,2128,2128,0,ok,62902.62816157351,0,-49.8913986615662,7.92524254947865,Down,0,1.0216344745915962,1,22.4136,0.0,22.4136,-22.4136,0.0,0.0,-1.0,-22.4136,62903.53384109848,0,-48.98571913660271,7.781375468178289,Down,0,1.1656146279581774,6,32.1095,0.0,32.1095,-32.1095,0.0,0.0,-1.0,-22.4136,62898.062285,0,-54.45727523507958,8.650531482377449,Down,0,0.29574393149417394,53,304.5210000000001,0.0,304.5210000000001,-304.5210000000001,0.0,0.0,-1.0,-111.5145,62824.99986370172,0,-127.51969653335982,20.256488131717223,Down,0,-11.32701298748219,55,307.095,0.0,307.095,-307.095,0.0,0.0,-1.0,-111.5145,62791.410361131864,0,-161.10919910321536,25.592176489308052,Down,0,-16.674961286642773,77,556.0385,0.0,556.0385,-556.0385,0.0,0.0,-1.0,-178.78670000000002,62929.530947689855,0,-5.29761395657571,5.29761395657571,63060.59173353128,0,-26.102551728918854,26.102551728918854,63246.27357230284,0,-55.50427460189907,55.50427460189907,60,25.592176489308052,Down,-16.674961286642773
5m,300,btc-up-or-down-5m,btc-updown-5m,btc-updown-5m-1780635000,0xd8aaea549235a0cdf7a2dece97a84ad2fc98fba6b22466141a113b7b68a0b28b,1780635000,1780635300,2026-06-05T04:50:00Z,2026-06-05T04:55:00Z,True,62896.20214048411,63246.27357230284,gamma_finalPrice,62896.20214048411,0,63246.27357230284,0,63246.27357230284,0,0.0,0.0,Up,350.07143181873107,350.07143181873107,55.65859621171025,68089.99076199988,0.99,0.99,1.0,1621,1621,0,ok,63231.715606933474,0,335.5134664493671,53.343994554705986,Up,0,2.3020551683552255,3,2.06,0.0,2.06,-2.06,0.0,0.0,-1.0,-1.06,63222.536139754564,0,326.33399927045684,51.88453168309935,Up,0,3.753879376435261,3,2.06,0.0,2.06,-2.06,0.0,0.0,-1.0,-1.06,63202.5820882691,0,306.3799477849898,48.71199489925698,Up,0,6.910538738251232,3,2.06,0.0,2.06,-2.06,0.0,0.0,-1.0,-1.06,63164.25659986222,0,268.054459378116,42.61854456321435,Up,0,12.97628984508587,4,3.7727,0.0,3.7727,-3.7727,0.0,0.0,-1.0,-1.7127,63107.22242230427,0,211.0202818201651,33.5505602307804,Up,0,22.009870805441693,14,142.7536,0.0,142.7536,-142.7536,0.0,0.0,-1.0,-108.8109,63209.62694117735,0,-5.7959544794000015,5.7959544794000015,63179.46331283599,0,-10.569092549056526,10.569092549056526,63541.84891,0,46.625167621537535,-46.625167621537535,60,33.5505602307804,Up,22.009870805441693
5m,300,btc-up-or-down-5m,btc-updown-5m,btc-updown-5m-1780635300,0xaa8b08d9b06eb2ef8d6a161825555447e5f8d39cb8bca732fd3a4da4d08ace3c,1780635300,1780635600,2026-06-05T04:55:00Z,2026-06-05T05:00:00Z,True,63246.27357230284,63541.84891,gamma_finalPrice,63246.27357230284,0,63541.84891,0,63541.84891,0,0.0,0.0,Up,295.57533769716247,295.57533769716247,46.73403206265776,69578.44273500002,0.99,0.43,0.44,2113,2113,0,ok,63526.85443821211,0,280.5808659092727,44.36322490818593,Up,0,2.360057427578244,1,0.05,0.0,0.05,-0.05,0.0,0.0,-1.0,-0.05,63522.06286752513,0,275.7892952222901,43.60561969030619,Up,0,3.1143449557000693,3,0.35,0.0,0.35,-0.35,0.0,0.0,-1.0,-0.3,63540.550123779634,0,294.27655147679616,46.52867826914428,Up,0,0.20440064560944005,4,0.6,0.0,0.6,-0.6,0.0,0.0,-1.0,-0.3,63526.04918762563,0,279.77561532278924,44.23590506133948,Up,0,2.4868157406140132,16,72.62029999999999,0.0,72.62029999999999,-72.62029999999999,0.0,0.0,-1.0,-40.4019,63442.905088990046,0,196.6315166872082,31.08981851119181,Up,0,15.583578015094535,313,15555.94561599999,14491.569125999988,1064.37649,13427.192635999989,0.9315775127867995,0.6166134185303515,0.8631550255735991,7538.988795999997,63600.777455,0,9.269676253258918,-9.269676253258918,63439.64036049038,0,-16.09818441565429,16.09818441565429,63350.75100030215,0,-30.119653045471907,30.119653045471907,60,31.08981851119181,Up,15.583578015094535
5m,300,btc-up-or-down-5m,btc-updown-5m,btc-updown-5m-1780635600,0x0283bfdd099a9266b331a391a752d66bdf2b466048c983d9a556da821207a345,1780635600,1780635900,2026-06-05T05:00:00Z,2026-06-05T05:05:00Z,True,63541.84891,63350.75100030216,gamma_finalPrice,63541.84891,0,63350.75100030215,0,63350.75100030215,0,7.275957614183426e-12,1.14506545512848e-12,Down,-191.0979096978408,191.0979096978408,30.074338876810124,80483.39300999999,0.01,,0.01,2370,2370,0,ok,63349.10679262431,0,-192.7421173756884,30.33309868724253,Down,0,-0.25954372902682415,0,0.0,0.0,0.0,0.0,,,,0.0,63349.549692825145,0,-192.29921717485558,30.263396560466184,Down,0,-0.18962977522244712,0,0.0,0.0,0.0,0.0,,,,0.0,63365.84421568221,0,-176.00469431778765,27.69901999028685,Down,0,2.3822002833495244,0,0.0,0.0,0.0,0.0,,,,0.0,63368.70585,0,-173.14306000000215,27.248665717178007,Down,0,2.833795261480939,5,71.66619999999999,0.0,71.66619999999999,-71.66619999999999,0.0,0.0,-1.0,-47.1339,63370.286368948655,0,-171.56254105134576,26.999929022264542,Down,0,3.083208472217155,52,986.9585329999999,201.73833299999998,785.2201999999999,-583.4818669999999,0.20440406182698256,0.23076923076923078,-0.5911918763460349,-208.235202,63356.622185585016,0,-0.9267314347123286,0.9267314347123286,63438.04719015233,0,-13.770333797696415,13.770333797696415,63325.22659196711,0,4.029873566498821,-4.029873566498821,60,26.999929022264542,Down,3.083208472217155
5m,300,btc-up-or-down-5m,btc-updown-5m,btc-updown-5m-1780635900,0xac01e4ab1122de0fec3a3711c0ae0f4c4c1d268d8c737838a44e83bfbe94f91f,1780635900,1780636200,2026-06-05T05:05:00Z,2026-06-05T05:10:00Z,True,63350.75100030216,63325.22659196711,gamma_finalPrice,63350.75100030215,0,63325.22659196711,0,63325.22659196711,0,0.0,0.0,Down,-25.524408335048065,25.524408335048065,4.02906168151445,72134.87011899994,0.01,0.48,0.49,2915,2915,0,ok,63331.742914152,0,-19.008086150162853,3.000451588975195,Down,0,1.0289717519759962,41,728.558585,649.013689,79.54489599999998,569.468793,0.8908188062872117,0.5853658536585366,0.7816376125744232,540.1143549999999,63328.257994961525,0,-22.493005340635136,3.550550701526467,Down,0,0.47869239521954554,65,1081.8520359999998,906.0126410000001,175.839395,730.1732460000003,0.8374644691245008,0.5076923076923077,0.6749289382490014,540.1143549999999,63307.410124305665,-1,-43.340875996495015,6.84141471287188,Down,0,-2.813882462057835,287,4937.255986999995,4598.324092999996,338.9318939999999,4259.392198999997,0.9313521731722193,0.6933797909407665,0.8627043463444387,1224.683778,63337.63426089276,0,-13.116739409400907,2.070494698529832,Down,0,1.9591644909630035,422,6268.329444999994,5703.207865999999,565.1215789999998,5138.086287000004,0.9098449460963206,0.6682464454976303,0.8196898921926412,1224.683778,63330.85477837018,0,-19.896221931980108,3.1406449991232477,Down,0,0.8887352815400206,675,10139.230457999969,7561.870907999994,2577.3595499999997,4984.511358000005,0.7458032381573487,0.6340740740740741,0.4916064763146959,1224.683778,63347.314747651864,0,-3.4874418204653947,3.4874418204653947,,,,,63314.199783347154,0,1.7414495569715958,-1.7414495569715958,60,3.1406449991232477,Down,0.8887352815400206
5m,300,btc-up-or-down-5m,btc-updown-5m,btc-updown-5m-1780636200,0xe470f67d07a4f296a61bbb81c7a0f907406f147e556efec61350366a1d4b7a11,1780636200,1780636500,2026-06-05T05:10:00Z,2026-06-05T05:15:00Z,True,63325.22659196711,63314.199783347154,gamma_finalPrice,63325.22659196711,0,63314.199783347154,0,63314.199783347154,0,0.0,0.0,Down,-11.026808619957592,11.026808619957592,1.7412979334457457,82456.45630099994,0.01,0.23,0.24,2512,2512,0,ok,63313.23414406911,0,-11.992447898002865,1.8937868118934016,Down,0,-0.15251659898826156,93,2436.928149999999,2412.0261499999997,24.901999999999997,2387.12415,0.9897813975352538,0.9139784946236559,0.9795627950705076,2226.5589609999997,63314.57385573714,0,-10.652736229974835,1.6822263106321278,Down,0,0.05908173620190551,118,2654.525294999999,2549.8760949999996,104.6492,2445.226895,0.9605770567727819,0.8813559322033898,0.9211541135455636,2226.5589609999997,63315.77720104362,0,-9.44939092349523,1.4922000965558169,Down,0,0.24913811628292265,170,3141.8732380000006,2940.4426430000003,201.43059500000004,2739.0120479999996,0.9358883762197155,0.8411764705882353,0.8717767524394309,2226.5589609999997,63322.53694553266,0,-2.689646434453607,0.42473538259629257,Down,0,1.3167051541132058,378,5666.639354999996,4597.443001999999,1069.1963529999998,3528.2466489999965,0.8113173812523318,0.6349206349206349,0.6226347625046625,2226.5589609999997,63282.92513236387,0,-42.30145960324444,6.680032884179278,Down,0,-4.940815463278036,596,8677.16156199999,6062.531028999992,2614.6305329999986,3447.900495999994,0.6986767488057056,0.6560402684563759,0.39735349761141137,2226.5589609999997,63344.6106798897,0,-4.802018432938554,4.802018432938554,63287.553631334085,0,4.2094444488856615,-4.2094444488856615,,,,,60,6.680032884179278,Down,-4.940815463278036
5m,300,btc-up-or-down-5m,btc-updown-5m,btc-updown-5m-1780636500,0x2065f9a9124d2a0480f95ca2ced6f770c631e714c8196b148905b8977f5bfc0f,1780636500,1780636800,2026-06-05T05:15:00Z,2026-06-05T05:20:00Z,True,63314.199783347154,63266.84306404359,gamma_finalPrice,63314.199783347154,0,,,,,,,Down,-47.356719303563295,47.356719303563295,7.479636395249683,55447.23896799998,0.01,0.5,0.51,2195,2195,0,ok,,,,,,,,36,3175.955868,3136.038968,39.916900000000005,3096.1220679999997,0.9874315319043973,0.6944444444444444,0.9748630638087946,3135.038968,,,,,,,,78,3827.0972509999997,3766.978551,60.11870000000001,3706.8598510000006,0.9842913059018057,0.782051282051282,0.9685826118036113,3135.038968,,,,,,,,148,5325.502502999997,5024.640002999999,300.8625,4723.777503,0.9435053312188822,0.7972972972972973,0.8870106624377645,3135.038968,,,,,,,,345,7128.957511999994,6649.672018999997,479.28549300000003,6170.386526,0.9327692033241568,0.7478260869565218,0.8655384066483136,3135.038968,,,,,,,,513,10636.734370999991,9616.006278999997,1020.7280919999994,8595.278187000004,0.9040374558207538,0.732943469785575,0.8080749116415075,3135.038968,,,,,,,,,,,,,60,,,
5m,300,btc-up-or-down-5m,btc-updown-5m,btc-updown-5m-1780636800,0x2ee4046e9b22c2c0d2ea268a20ab97597cc3bdc18ebf4cd600a40a6a2aa49cfa,1780636800,1780637100,2026-06-05T05:20:00Z,2026-06-05T05:25:00Z,True,63266.84306404359,63320.08138065772,gamma_finalPrice,,,,,,,,,Up,53.23831661412987,53.23831661412987,8.414884327362111,67340.69032099997,0.99,0.94,0.95,2507,2507,0,ok,,,,,,,,47,2068.2418889999994,1834.1266889999997,234.11519999999996,1600.0114889999998,0.8868047295409943,0.6170212765957447,0.7736094590819885,1023.2443,,,,,,,,116,4044.4532319999958,3651.3894319999963,393.06379999999996,3258.325631999997,0.9028141067647781,0.7931034482758621,0.8056282135295564,1046.024528,,,,,,,,159,5161.603186999992,4089.824286999997,1071.7789,3018.045386999998,0.7923554250161313,0.7924528301886793,0.584710850032262,1046.024528,,,,,,,,287,6932.335540999993,5765.179641999999,1167.1558989999999,4598.023742999999,0.8316359772118544,0.8083623693379791,0.663271954423708,1046.024528,,,,,,,,541,10222.346180999974,8538.725893999996,1683.620287,6855.105607000001,0.8353000126204606,0.7615526802218114,0.6706000252409197,1046.024528,,,,,,,,,,,,,60,,,
5m,300,btc-up-or-down-5m,btc-updown-5m,btc-updown-5m-1780637100,0x4282f70d13f9ad058dc2c5275459dfe8e65c41a8693ea8b14a2bc67709e0e6c6,1780637100,1780637400,2026-06-05T05:25:00Z,2026-06-05T05:30:00Z,True,63320.08138065772,63443.19669999999,gamma_finalPrice,,,,,,,,,Up,123.11531934227241,123.11531934227241,19.443329297406784,57998.25444099994,0.99,0.5,0.51,2015,2015,0,ok,,,,,,,,1,0.2178,0.0,0.2178,-0.2178,0.0,0.0,-1.0,-0.2178,,,,,,,,2,1.4751,0.0,1.4751,-1.4751,0.0,0.0,-1.0,-1.2573,,,,,,,,4,65.9439,0.0,65.9439,-65.9439,0.0,0.0,-1.0,-64.4688,,,,,,,,90,2223.3161310000023,2023.3429309999997,199.97320000000002,1823.3697309999995,0.9100563355738085,0.7333333333333333,0.8201126711476181,1480.421789,,,,,,,,206,5709.284575999997,5199.817575999995,509.467,4690.350575999997,0.9107651767540825,0.7718446601941747,0.821530353508166,1480.421789,,,,,,,,,,,,,60,,,
5m,300,btc-up-or-down-5m,btc-updown-5m,btc-updown-5m-1780637400,0xdc1e93b46a72251bc0850343cbb1cc2c463cb6deaab63a6e4c6be58ea2b628ec,1780637400,1780637700,2026-06-05T05:30:00Z,2026-06-05T05:35:00Z,True,63443.19669999999,63275.5788,gamma_finalPrice,,,,,,,,,Down,-167.6178999999902,167.6178999999902,26.420153573376012,60966.600894999974,0.01,0.23,0.3,2331,2331,0,ok,,,,,,,,0,0.0,0.0,0.0,0.0,,,,0.0,,,,,,,,0,0.0,0.0,0.0,0.0,,,,0.0,,,,,,,,1,4.2273,0.0,4.2273,-4.2273,0.0,0.0,-1.0,-4.2273,,,,,,,,5,718.1566,0.0,718.1566,-718.1566,0.0,0.0,-1.0,-575.7648,,,,,,,,193,6794.8246759999965,4565.522275999999,2229.3024000000005,2336.2198759999965,0.6719117112949039,0.8031088082901554,0.3438234225898072,1604.108384,,,,,,,,,,,,,60,,,
5m,300,btc-up-or-down-5m,btc-updown-5m,btc-updown-5m-1780637700,0xf9d0f69fd4f7c9c272165a23598d9a0982d4f23a2cb8d7512e3c2559f8863c2a,1780637700,1780638000,2026-06-05T05:35:00Z,2026-06-05T05:40:00Z,True,63275.5788,63097.52159632649,gamma_finalPrice,,,,,,,,,Down,-178.05720367351023,178.05720367351023,28.139956528301283,60950.795069,0.01,0.5,0.51,1830,1830,0,ok,,,,,,,,1,9.702,0.0,9.702,-9.702,0.0,0.0,-1.0,-9.702,,,,,,,,3,10.9989,0.0,10.9989,-10.9989,0.0,0.0,-1.0,-9.702,,,,,,,,4,11.2489,0.0,11.2489,-11.2489,0.0,0.0,-1.0,-9.702,,,,,,,,6,13.0235,0.0,13.0235,-13.0235,0.0,0.0,-1.0,-9.702,,,,,,,,20,22.665000000000003,0.0,22.665000000000003,-22.665000000000003,0.0,0.0,-1.0,-9.702,,,,,,,,,,,,,60,,,
5m,300,btc-up-or-down-5m,btc-updown-5m,btc-updown-5m-1780638000,0xecdf67c98fa870a4df4484dff0c6b3e841717281e016bb3343f069070537837f,1780638000,1780638300,2026-06-05T05:40:00Z,2026-06-05T05:45:00Z,True,63097.52159632649,62826.577640712276,gamma_finalPrice,,,,,,,,,Down,-270.943955614217,270.943955614217,42.94050681540418,104468.28614799996,0.001,0.03,0.04,2230,2230,0,ok,,,,,,,,2,37.99197,0.0,37.99197,-37.99197,0.0,0.0,-1.0,-37.99197,,,,,,,,6,160.3703,0.0,160.3703,-160.3703,0.0,0.0,-1.0,-101.0,,,,,,,,6,160.3703,0.0,160.3703,-160.3703,0.0,0.0,-1.0,-101.0,,,,,,,,9,163.84781999999998,0.0,163.84781999999998,-163.84781999999998,0.0,0.0,-1.0,-101.0,,,,,,,,46,2087.229856,1793.3047559999998,293.92510000000004,1499.3796559999998,0.8591793332415804,0.5217391304347826,0.7183586664831608,1282.37401,,,,,,,,,,,,,60,,,
5m,300,btc-up-or-down-5m,btc-updown-5m,btc-updown-5m-1780638300,0x24465ae2d497a78c31ae562b59a9b99b3dad142b837ce8590e1d31c8d7f3ded4,1780638300,1780638600,2026-06-05T05:45:00Z,2026-06-05T05:50:00Z,True,62826.577640712276,62713.91282815139,gamma_finalPrice,,,,,,,,,Down,-112.66481256088446,112.66481256088446,17.93266747795546,75656.80854100006,0.01,0.51,0.52,2988,2988,0,ok,,,,,,,,4,10.8009,0.0,10.8009,-10.8009,0.0,0.0,-1.0,-7.0686,,,,,,,,7,57.3309,0.0,57.3309,-57.3309,0.0,0.0,-1.0,-42.1047,,,,,,,,43,2499.1829159999998,1560.2493159999997,938.9336000000001,621.3157159999998,0.6243037698485931,0.4883720930232558,0.24860753969718632,1278.3177,,,,,,,,266,7829.008402999987,6714.85720399999,1114.1511990000004,5600.706004999994,0.8576893596674303,0.8270676691729323,0.7153787193348606,1803.0450240000005,,,,,,,,629,11959.88941199997,10300.107433999981,1659.7819779999995,8640.325456,0.861220959423367,0.7647058823529411,0.7224419188467345,1803.0450240000005,62717.9543676196,0,-0.6444198846693229,0.6444198846693229,62771.755486809045,0,-9.219007003919534,9.219007003919534,,,,,60,,,
5m,300,btc-up-or-down-5m,btc-updown-5m,btc-updown-5m-1780638600,0x16dff8dd8616466ba42352fb22ea0de08be0daac465c6f0beab59685bbaa4886,1780638600,1780638900,2026-06-05T05:50:00Z,2026-06-05T05:55:00Z,True,62713.91282815139,62655.2826530683,gamma_finalPrice,,,,,,,,,Down,-58.63017508308985,58.63017508308985,9.34883065640446,60587.88826199998,0.01,0.74,0.75,2556,2556,0,ok,,,,,,,,78,4547.659020999998,4447.724521,99.93450000000001,4347.790021000002,0.9780250675042865,0.7435897435897436,0.9560501350085727,3488.612776,,,,,,,,151,6377.851979999997,5828.208779999999,549.6432,5278.56558,0.913820013113569,0.7947019867549668,0.8276400262271378,3488.612776,,,,,,,,277,7398.569493999995,6703.246094999999,695.3233990000002,6007.922696000001,0.9060192109347784,0.7689530685920578,0.8120384218695569,3488.612776,,,,,,,,620,11419.162534999985,9635.211457999998,1783.9510769999986,7851.260381000002,0.8437756646748711,0.7387096774193549,0.6875513293497414,3488.612776,,,,,,,,676,11979.733095999984,10167.461020999996,1812.2720749999987,8355.188946000002,0.8487218320744472,0.75,0.6974436641488939,3488.612776,,,,,,,,,,,,,60,,,
5m,300,btc-up-or-down-5m,btc-updown-5m,btc-updown-5m-1780638900,0x7f5419601c29699ee5c1b9f2ef3f11ebe7cfd1fb2b65a36736df9853ae6b0357,1780638900,1780639200,2026-06-05T05:55:00Z,2026-06-05T06:00:00Z,True,62655.2826530683,62265.186399232174,gamma_finalPrice,,,,,,,,,Down,-390.0962538361273,390.0962538361273,62.26071247593739,67058.16454499999,0.01,,0.01,2275,2275,0,ok,,,,,,,,1,14.3154,0.0,14.3154,-14.3154,0.0,0.0,-1.0,-14.3154,,,,,,,,2,15.632100000000001,0.0,15.632100000000001,-15.632100000000001,0.0,0.0,-1.0,-14.3154,,,,,,,,5,18.1517,0.0,18.1517,-18.1517,0.0,0.0,-1.0,-14.3154,,,,,,,,16,35.60230000000001,0.0,35.60230000000001,-35.60230000000001,0.0,0.0,-1.0,-14.3154,,,,,,,,29,50.922300000000014,0.0,50.922300000000014,-50.922300000000014,0.0,0.0,-1.0,-14.3154,,,,,,,,,,,,,60,,,
5m,300,btc-up-or-down-5m,btc-updown-5m,btc-updown-5m-1780639200,0xd0bc4eeea68d839bd0115977a2b587c2db2e0b5f7f9a788ec677dea1de28c668,1780639200,1780639500,2026-06-05T06:00:00Z,2026-06-05T06:05:00Z,True,62265.186399232174,62112.31936270742,gamma_finalPrice,,,,,,,,,Down,-152.86703652475262,152.86703652475262,24.550964249042657,107251.480098,0.01,0.57,0.58,3187,3187,0,ok,,,,,,,,4,69.9435,0.0,69.9435,-69.9435,0.0,0.0,-1.0,-46.312200000000004,,,,,,,,6,93.34960000000001,0.0,93.34960000000001,-93.34960000000001,0.0,0.0,-1.0,-46.312200000000004,,,,,,,,8,139.86970000000002,0.0,139.86970000000002,-139.86970000000002,0.0,0.0,-1.0,-46.5201,,,,,,,,17,761.6007000000001,587.8749,173.72580000000002,414.14910000000003,0.7718938546143668,0.11764705882352941,0.5437877092287337,565.8355,,,,,,,,329,4121.506382000003,2921.885982000002,1199.6203999999998,1722.2655820000027,0.7089364206157378,0.4072948328267477,0.41787284123147606,816.3131179999999,,,,,,,,,,,,,60,,,
5m,300,btc-up-or-down-5m,btc-updown-5m,btc-updown-5m-1780639500,0x7e10147e941120df996cb710568fb27e731086c999798ffba4b6477a1315f45f,1780639500,1780639800,2026-06-05T06:05:00Z,2026-06-05T06:10:00Z,True,62112.31936270742,62381.114248476246,gamma_finalPrice,,,,,,,,,Up,268.7948857688243,268.7948857688243,43.275615614864684,81900.74676300013,0.999,0.99,1.0,1856,1856,0,ok,,,,,,,,5,8.25,0.0,8.25,-8.25,0.0,0.0,-1.0,-7.75,,,,,,,,5,8.25,0.0,8.25,-8.25,0.0,0.0,-1.0,-7.75,,,,,,,,5,8.25,0.0,8.25,-8.25,0.0,0.0,-1.0,-7.75,,,,,,,,9,11.8942,0.0,11.8942,-11.8942,0.0,0.0,-1.0,-7.75,,,,,,,,19,38.8942,0.0,38.8942,-38.8942,0.0,0.0,-1.0,-20.0,,,,,,,,,,,,,60,,,
5m,300,btc-up-or-down-5m,btc-updown-5m,btc-updown-5m-1780639800,0x0e850e27e2cb4d938b80533800a6b52588eb6a15cd25a478c60ad1d7c4ccb96f,1780639800,1780640100,2026-06-05T06:10:00Z,2026-06-05T06:15:00Z,True,62381.114248476246,62023.6513159727,gamma_finalPrice,,,,,,,,,Down,-357.4629325035494,357.4629325035494,57.303069496274816,61394.63919400015,0.01,0.52,0.53,2724,2724,0,ok,,,,,,,,0,0.0,0.0,0.0,0.0,,,,0.0,,,,,,,,2,2.5244999999999997,0.0,2.5244999999999997,-2.5244999999999997,0.0,0.0,-1.0,-1.3464,,,,,,,,7,45.3,0.0,45.3,-45.3,0.0,0.0,-1.0,-36.63,,,,,,,,10,77.4875,0.0,77.4875,-77.4875,0.0,0.0,-1.0,-36.63,,,,,,,,37,116.37450000000001,0.0,116.37450000000001,-116.37450000000001,0.0,0.0,-1.0,-36.63,,,,,,,,,,,,,60,,,
5m,300,btc-up-or-down-5m,btc-updown-5m,btc-updown-5m-1780640100,0x947c909b686e18d76765f78b5fe319781d5aacffd5c9cb326c508b3dd92ec47e,1780640100,1780640400,2026-06-05T06:15:00Z,2026-06-05T06:20:00Z,True,62023.6513159727,61770.65131630236,gamma_finalPrice,,,,,,,,,Down,-252.99999967033364,252.99999967033364,40.79089094278775,95123.87785399999,0.001,0.01,0.02,3080,3080,0,ok,,,,,,,,0,0.0,0.0,0.0,0.0,,,,0.0,,,,,,,,1,0.005,0.0,0.005,-0.005,0.0,0.0,-1.0,-0.005,,,,,,,,2,6.74825,0.0,6.74825,-6.74825,0.0,0.0,-1.0,-6.74325,,,,,,,,54,2254.3461119999984,2098.3918619999995,155.95425,1942.4376120000004,0.93082062724537,0.8333333333333334,0.8616412544907398,1478.50226,,,,,,,,145,4526.395021999997,3058.5731019999957,1467.8219199999996,1590.7511820000007,0.6757194383464479,0.5724137931034483,0.3514388766928972,1478.50226,,,,,,,,,,,,,60,,,
5m,300,btc-up-or-down-5m,btc-updown-5m,btc-updown-5m-1780640400,0xd03ad138e87a2562f03fd12c1c09f7d76f05539d0f0b9ac5dcaa706a0366e4db,1780640400,1780640700,2026-06-05T06:20:00Z,2026-06-05T06:25:00Z,True,61770.65131630236,61404.1178066375,gamma_finalPrice,,,,,,,,,Down,-366.53350966486323,366.53350966486323,59.33780879013147,92900.92296899988,0.01,0.5,0.51,2402,2402,0,ok,,,,,,,,2,2.23,0.0,2.23,-2.23,0.0,0.0,-1.0,-2.23,,,,,,,,3,7.92,0.0,7.92,-7.92,0.0,0.0,-1.0,-5.69,,,,,,,,3,7.92,0.0,7.92,-7.92,0.0,0.0,-1.0,-5.69,,,,,,,,10,63.89750000000001,0.0,63.89750000000001,-63.89750000000001,0.0,0.0,-1.0,-49.9059,,,,,,,,16,185.14899999999997,0.0,185.14899999999997,-185.14899999999997,0.0,0.0,-1.0,-98.96039999999999,,,,,,,,,,,,,60,,,
5m,300,btc-up-or-down-5m,btc-updown-5m,btc-updown-5m-1780640700,0x81227d533e01a889c94e504de7879d320b5c82bd2b4c9edd876c6592709dfe4f,1780640700,1780641000,2026-06-05T06:25:00Z,2026-06-05T06:30:00Z,True,61404.1178066375,61607.97805247078,gamma_finalPrice,,,,,,,,,Up,203.86024583328253,203.86024583328253,33.199767884499465,141785.25752099976,0.999,0.98,0.99,3491,3491,0,truncated_http_400_at_offset_3500,,,,,,,,1,115.8597,0.0,115.8597,-115.8597,0.0,0.0,-1.0,-115.8597,,,,,,,,2,115.9097,0.0,115.9097,-115.9097,0.0,0.0,-1.0,-115.8597,,,,,,,,4,129.2945,0.0,129.2945,-129.2945,0.0,0.0,-1.0,-115.8597,,,,,,,,41,3198.804238,1537.323338,1661.4809,-124.15756200000033,0.4805931290628732,0.4146341463414634,-0.03881374187425355,628.814472,,,,,,,,323,6944.811716000002,4477.065417000001,2467.746298999999,2009.3191180000015,0.6446633256716502,0.5201238390092879,0.28932665134330054,917.9099310000001,,,,,,,,,,,,,60,,,
5m,300,btc-up-or-down-5m,btc-updown-5m,btc-updown-5m-1780641000,0xfda458761af9cc150422bc2138faf306ef40ed848d381d4e2e1a4cb03910826b,1780641000,1780641300,2026-06-05T06:30:00Z,2026-06-05T06:35:00Z,True,61607.97805247078,61657.751297877556,gamma_finalPrice,,,,,,,,,Up,49.77324540677364,49.77324540677364,8.079025960628405,115975.16150599993,0.99,0.5,0.51,3232,3232,0,ok,,,,,,,,6,10.1431,0.0,10.1431,-10.1431,0.0,0.0,-1.0,-6.8065999999999995,,,,,,,,11,19.6761,0.0,19.6761,-19.6761,0.0,0.0,-1.0,-6.8065999999999995,,,,,,,,51,1480.299806,1341.0646060000001,139.23520000000002,1201.829406,0.9059412158026049,0.47058823529411764,0.8118824316052097,1318.641806,,,,,,,,133,2866.8467360000013,2308.0378380000006,558.8088980000001,1749.2289400000004,0.8050789074341362,0.46616541353383456,0.6101578148682726,1318.641806,,,,,,,,178,3356.736536,2308.0378380000006,1048.6986980000004,1259.3391400000019,0.6875838521275001,0.34831460674157305,0.37516770425500023,1318.641806,,,,,,,,,,,,,60,,,
5m,300,btc-up-or-down-5m,btc-updown-5m,btc-updown-5m-1780641300,0xa5360a03f8d34c3068ef826c784c2c0ed65638edd8d6180e7196846be3eed5e0,1780641300,1780641600,2026-06-05T06:35:00Z,2026-06-05T06:40:00Z,True,61657.751297877556,61749.253702309245,gamma_finalPrice,,,,,,,,,Up,91.50240443168877,91.50240443168877,14.840373271095691,111760.10178699982,0.99,0.72,0.74,3264,3264,0,ok,,,,,,,,15,137.9999,0.0,137.9999,-137.9999,0.0,0.0,-1.0,-106.78999999999999,,,,,,,,19,139.1499,0.0,139.1499,-139.1499,0.0,0.0,-1.0,-106.78999999999999,,,,,,,,23,156.6111,0.0,156.6111,-156.6111,0.0,0.0,-1.0,-106.78999999999999,,,,,,,,59,595.5056999999998,0.0,595.5056999999998,-595.5056999999998,0.0,0.0,-1.0,-154.7123,,,,,,,,572,14316.052753999957,12882.409462999962,1433.643290999999,11448.766171999963,0.899857641234283,0.7307692307692307,0.7997152824685657,6353.418151999999,,,,,,,,,,,,,60,,,
5m,300,btc-up-or-down-5m,btc-updown-5m,btc-updown-5m-1780641600,0xded0b7683eaef2a0c72871d33a895a052d836192d7bb9f4d3d05e398527193ae,1780641600,1780641900,2026-06-05T06:40:00Z,2026-06-05T06:45:00Z,True,61749.253702309245,62092.186725058076,gamma_finalPrice,,,,,,,,,Up,342.9330227488317,342.9330227488317,55.536383387254936,86529.16320300003,0.99,0.53,0.54,3113,3113,0,ok,,,,,,,,3,37.5112,0.0,37.5112,-37.5112,0.0,0.0,-1.0,-37.5112,,,,,,,,6,37.8892,0.0,37.8892,-37.8892,0.0,0.0,-1.0,-37.5112,,,,,,,,14,109.62889999999999,0.0,109.62889999999999,-109.62889999999999,0.0,0.0,-1.0,-37.5112,,,,,,,,37,652.1219,0.0,652.1219,-652.1219,0.0,0.0,-1.0,-195.66609999999997,,,,,,,,574,15402.124914999957,13341.823730999986,2060.301183999999,11281.522546999993,0.8662326662476639,0.686411149825784,0.7324653324953263,3286.929913000001,,,,,,,,,,,,,60,,,
5m,300,btc-up-or-down-5m,btc-updown-5m,btc-updown-5m-1780641900,0xf3fb32ef02ffb251ab47cf46393f07c5eb632673d3966a117efd534e1d08206f,1780641900,1780642200,2026-06-05T06:45:00Z,2026-06-05T06:50:00Z,True,62092.186725058076,61841.24279166701,gamma_finalPrice,,,,,,,,,Down,-250.94393339106318,250.94393339106318,40.4147359960495,105266.85819199981,0.01,0.16,0.17,3064,3064,0,ok,,,,,,,,1,221.2551,0.0,221.2551,-221.2551,0.0,0.0,-1.0,-221.2551,,,,,,,,1,221.2551,0.0,221.2551,-221.2551,0.0,0.0,-1.0,-221.2551,,,,,,,,2,221.5051,0.0,221.5051,-221.5051,0.0,0.0,-1.0,-221.2551,,,,,,,,8,263.7292,0.0,263.7292,-263.7292,0.0,0.0,-1.0,-221.2551,,,,,,,,315,14457.920056999987,13018.76135799998,1439.1586990000003,11579.602658999976,0.9004588008976284,0.7492063492063492,0.8009176017952572,5337.129416999998,,,,,,,,,,,,,60,,,
5m,300,btc-up-or-down-5m,btc-updown-5m,btc-updown-5m-1780642200,0xd7a09f435f5e6a86a719c8285ec7637eb8910f88dd3f8ad6a8ec5fab6b0351f2,1780642200,1780642500,2026-06-05T06:50:00Z,2026-06-05T06:55:00Z,True,61841.24279166701,61927.414235113836,gamma_finalPrice,,,,,,,,,Up,86.1714434468231,86.1714434468231,13.934300081439265,69254.32995200001,0.99,0.5,0.51,3202,3202,0,ok,,,,,,,,46,736.6616880000004,385.0725879999999,351.5890999999999,33.483487999999895,0.5227265029154057,0.6304347826086957,0.04545300583081209,53.62058799999987,,,,,,,,91,1471.3869310000005,1104.3922310000005,366.9946999999999,737.3975310000002,0.7505790677707196,0.7912087912087912,0.501158135541439,246.12608799999998,,,,,,,,151,3126.6940950000003,2449.500195000001,677.1939000000001,1772.3062949999992,0.7834153647832315,0.8079470198675497,0.5668307295664621,618.7515920000001,,,,,,,,371,9165.410824999995,8110.455226999991,1054.955598,7055.499628999989,0.8848981657076997,0.7816711590296496,0.7697963314153997,1914.537891,,,,,,,,949,16340.289658999956,14265.744178999941,2074.5454799999993,12191.198698999933,0.8730410829126649,0.7692307692307693,0.7460821658253302,1914.537891,,,,,,,,,,,,,60,,,
5m,300,btc-up-or-down-5m,btc-updown-5m,btc-updown-5m-1780642500,0x2d54fd7653747410edd4613d7f454a6c182fe0e2273a7fb5ef65cb1614a240a0,1780642500,1780642800,2026-06-05T06:55:00Z,2026-06-05T07:00:00Z,True,61927.414235113836,61884.07669659135,gamma_finalPrice,,,,,,,,,Down,-43.337538522486284,43.337538522486284,6.9981185324403885,81619.66547799984,0.01,0.46,0.48,3475,3475,0,truncated_http_400_at_offset_3500,,,,,,,,39,1064.7240660000007,842.7093660000005,222.01469999999998,620.6946660000003,0.7914814672743576,0.5641025641025641,0.5829629345487152,634.1414660000003,,,,,,,,98,3360.2611209999986,3060.9636209999985,299.29749999999996,2761.666121,0.9109302851110183,0.7959183673469388,0.8218605702220371,1286.596103,,,,,,,,152,7906.226855999997,7365.106555999996,541.1202999999999,6823.986255999998,0.9315577063679438,0.7828947368421053,0.8631154127358879,3432.371783,,,,,,,,317,10355.458595999991,9095.362199999992,1260.0963959999997,7835.265803999999,0.878315732295358,0.7728706624605678,0.7566314645907165,3432.371783,,,,,,,,810,17908.709415999925,14322.15623199995,3586.5531840000017,10735.603047999974,0.7997313429634583,0.7728395061728395,0.5994626859269164,3432.371783,,,,,,,,,,,,,60,,,
5m,300,btc-up-or-down-5m,btc-updown-5m,btc-updown-5m-1780642800,0xc6420fd93c7c473ce8edf0857a6b4c00730df9f7108e06013e4f4cc6f945a4f4,1780642800,1780643100,2026-06-05T07:00:00Z,2026-06-05T07:05:00Z,True,61884.07669659135,61638.96596,gamma_finalPrice,,,,,,,,,Down,-245.11073659134854,245.11073659134854,39.60804615266233,127754.93071699995,0.01,0.5,0.51,2895,2895,0,ok,,,,,,,,0,0.0,0.0,0.0,0.0,,,,0.0,,,,,,,,0,0.0,0.0,0.0,0.0,,,,0.0,,,,,,,,2,46.4434,0.0,46.4434,-46.4434,0.0,0.0,-1.0,-46.1934,,,,,,,,3,46.6934,0.0,46.6934,-46.6934,0.0,0.0,-1.0,-46.1934,,,,,,,,150,6266.6360300000015,6130.1749299999965,136.4611,5993.713829999992,0.978224186094943,0.7,0.9564483721898862,2964.4759599999998,,,,,,,,,,,,,60,,,
5m,300,btc-up-or-down-5m,btc-updown-5m,btc-updown-5m-1780643100,0xe4076487cc6dc6335fbd856e41e5b9b7ffbd1969f069635327c526ed3a8e8de1,1780643100,1780643400,2026-06-05T07:05:00Z,2026-06-05T07:10:00Z,True,61638.96596,61489.50742888919,gamma_finalPrice,,,,,,,,,Down,-149.45853111080942,149.45853111080942,24.24741051103924,97824.93979699966,0.01,0.19,0.2,3478,3478,0,truncated_http_400_at_offset_3500,,,,,,,,3,19.473300000000002,0.0,19.473300000000002,-19.473300000000002,0.0,0.0,-1.0,-18.4734,,,,,,,,47,1114.5808870000005,917.4243870000006,197.15649999999997,720.2678870000002,0.8231115369915725,0.3829787234042553,0.6462230739831445,807.4284870000004,,,,,,,,144,6428.082183999994,6205.864283999995,222.21789999999996,5983.646383999995,0.9654301401819165,0.7708333333333334,0.9308602803638331,4428.8732569999975,,,,,,,,282,8547.567276999991,8217.446077999992,330.1211989999999,7887.3248789999925,0.96137834446904,0.8049645390070922,0.92275668893808,4428.8732569999975,,,,,,,,737,13501.19007199995,12723.796684999948,777.3933869999997,11946.403297999945,0.9424203805105866,0.7951153324287653,0.8848407610211733,4428.8732569999975,,,,,,,,,,,,,60,,,
5m,300,btc-up-or-down-5m,btc-updown-5m,btc-updown-5m-1780643400,0x9a8c654fdfa2089c0eef2c75e1a991fc89e189ac7548346339324c2631e86b9a,1780643400,1780643700,2026-06-05T07:10:00Z,2026-06-05T07:15:00Z,True,61489.50742888919,61435.498006948954,gamma_finalPrice,,,,,,,,,Down,-54.0094219402381,54.0094219402381,8.783518391767638,69140.22702300017,0.01,0.52,0.53,2709,2709,0,ok,,,,,,,,9,44.529590999999996,38.279590999999996,6.25,32.029590999999996,0.8596438938772197,0.6666666666666666,0.7192877877544395,25.242796999999996,,,,,,,,69,489.5577200000001,365.171531,124.386189,240.78534200000004,0.7459213001482236,0.6086956521739131,0.49184260029644716,232.22144900000004,,,,,,,,162,1187.9493319999995,673.1617719999999,514.7875599999999,158.37421200000023,0.5666586561117745,0.4876543209876543,0.13331731222354887,232.22144900000004,,,,,,,,392,3107.0859619999956,2045.5211199999983,1061.564842,983.9562780000007,0.6583406912512069,0.5357142857142857,0.31668138250241373,530.0402380000002,,,,,,,,625,5509.251332999984,3323.7470440000016,2185.504288999997,1138.242755000001,0.6033028524385913,0.5216,0.20660570487717922,530.0402380000002,,,,,,,,,,,,,60,,,
5m,300,btc-up-or-down-5m,btc-updown-5m,btc-updown-5m-1780643700,0x0f0d175ed1331245723f5046db23a9600c229e0ec331317ab792882d2fe467f9,1780643700,1780644000,2026-06-05T07:15:00Z,2026-06-05T07:20:00Z,True,61435.498006948954,61603.476049519384,gamma_finalPrice,,,,,,,,,Up,167.97804257043026,167.97804257043026,27.34217968761811,92459.20208999995,0.999,0.99,1.0,2560,2560,0,ok,,,,,,,,1,0.25,0.0,0.25,-0.25,0.0,0.0,-1.0,-0.25,,,,,,,,1,0.25,0.0,0.25,-0.25,0.0,0.0,-1.0,-0.25,,,,,,,,1,0.25,0.0,0.25,-0.25,0.0,0.0,-1.0,-0.25,,,,,,,,3,0.75,0.0,0.75,-0.75,0.0,0.0,-1.0,-0.25,,,,,,,,58,828.958709,695.6456090000001,133.31309999999996,562.3325090000001,0.8391800477483133,0.3620689655172414,0.6783600954966263,584.1636650000002,,,,,,,,,,,,,60,,,
5m,300,btc-up-or-down-5m,btc-updown-5m,btc-updown-5m-1780644000,0xf63a4b603a95a33ee9483c487cad138ef8c9c422a0738f4f6c61b185613769d3,1780644000,1780644300,2026-06-05T07:20:00Z,2026-06-05T07:25:00Z,True,61603.476049519384,61775.796855,gamma_finalPrice,,,,,,,,,Up,172.3208054806164,172.3208054806164,27.972578258749216,61986.192634000065,0.99,0.5,0.51,2640,2640,0,ok,,,,,,,,0,0.0,0.0,0.0,0.0,,,,0.0,,,,,,,,3,11.7876,0.0,11.7876,-11.7876,0.0,0.0,-1.0,-9.3951,,,,,,,,7,35.958999999999996,0.0,35.958999999999996,-35.958999999999996,0.0,0.0,-1.0,-23.6714,,,,,,,,30,78.38949999999998,0.0,78.38949999999998,-78.38949999999998,0.0,0.0,-1.0,-28.9815,,,,,,,,46,101.97629999999998,0.0,101.97629999999998,-101.97629999999998,0.0,0.0,-1.0,-28.9815,,,,,,,,,,,,,60,,,
5m,300,btc-up-or-down-5m,btc-updown-5m,btc-updown-5m-1780644300,0x95bfd8fc649d2303d4f0007cc6af1719bf6fac36c9bd33bf702af6959d902173,1780644300,1780644600,2026-06-05T07:25:00Z,2026-06-05T07:30:00Z,True,61775.796855,62192.984243964194,gamma_finalPrice,,,,,,,,,Up,417.1873889641938,417.1873889641938,67.53249819559836,65002.729223000024,0.999,0.99,1.0,1525,1525,0,ok,,,,,,,,1,0.005,0.0,0.005,-0.005,0.0,0.0,-1.0,-0.005,,,,,,,,1,0.005,0.0,0.005,-0.005,0.0,0.0,-1.0,-0.005,,,,,,,,1,0.005,0.0,0.005,-0.005,0.0,0.0,-1.0,-0.005,,,,,,,,1,0.005,0.0,0.005,-0.005,0.0,0.0,-1.0,-0.005,,,,,,,,13,282.8596,4.995,277.8646,-272.8696,0.017658937508219626,0.07692307692307693,-0.9646821249835608,-231.8679,,,,,,,,,,,,,60,,,
5m,300,btc-up-or-down-5m,btc-updown-5m,btc-updown-5m-1780644600,0x5a88451f466def2c84657d2e9c7641af19abc869589614fbfc96ff71da5275f4,1780644600,1780644900,2026-06-05T07:30:00Z,2026-06-05T07:35:00Z,True,62192.984243964194,62380.45999332186,gamma_finalPrice,,,,,,,,,Up,187.47574935766897,187.47574935766897,30.14419578617719,85007.19411199994,0.99,0.46,0.47,2880,2880,0,ok,,,,,,,,0,0.0,0.0,0.0,0.0,,,,0.0,,,,,,,,1,0.05,0.0,0.05,-0.05,0.0,0.0,-1.0,-0.05,,,,,,,,2,185.08100000000002,0.0,185.08100000000002,-185.08100000000002,0.0,0.0,-1.0,-185.031,,,,,,,,2,185.08100000000002,0.0,185.08100000000002,-185.08100000000002,0.0,0.0,-1.0,-185.031,,,,,,,,35,1282.5112,0.0,1282.5112,-1282.5112,0.0,0.0,-1.0,-526.9794999999999,,,,,,,,,,,,,60,,,
5m,300,btc-up-or-down-5m,btc-updown-5m,btc-updown-5m-1780644900,0x22e08f6dbe859383c7aa9edbabc27450269cf2228e172047d202c17ec9247310,1780644900,1780645200,2026-06-05T07:35:00Z,2026-06-05T07:40:00Z,True,62380.45999332186,62720.20162892877,gamma_finalPrice,,,,,,,,,Up,339.74163560690795,339.74163560690795,54.462829489118704,70747.52028899998,0.99,0.95,0.96,2180,2180,0,ok,,,,,,,,1,0.05,0.0,0.05,-0.05,0.0,0.0,-1.0,-0.05,,,,,,,,3,1.1296000000000002,0.0,1.1296000000000002,-1.1296000000000002,0.0,0.0,-1.0,-1.0296,,,,,,,,4,621.424,0.0,621.424,-621.424,0.0,0.0,-1.0,-620.2944,,,,,,,,9,636.1727,0.0,636.1727,-636.1727,0.0,0.0,-1.0,-620.2944,,,,,,,,24,662.955,0.0,662.955,-662.955,0.0,0.0,-1.0,-620.2944,,,,,,,,,,,,,60,,,
5m,300,btc-up-or-down-5m,btc-updown-5m,btc-updown-5m-1780645200,0xb690c6497948460d6a589208e338da0cba3a69dea163aafcc7c6cd2492be6531,1780645200,1780645500,2026-06-05T07:40:00Z,2026-06-05T07:45:00Z,True,62720.20162892877,62822.59116655163,gamma_finalPrice,,,,,,,,,Up,102.3895376228611,102.3895376228611,16.324810023511695,90143.47845299987,0.99,0.47,0.48,3476,3476,0,truncated_http_400_at_offset_3500,,,,,,,,2,3.3956999999999997,0.0,3.3956999999999997,-3.3956999999999997,0.0,0.0,-1.0,-2.2473,,,,,,,,16,353.1341,0.0,353.1341,-353.1341,0.0,0.0,-1.0,-319.3146,,,,,,,,102,6026.594802,4723.000202,1303.5946,3419.4056020000003,0.7836930069419326,0.4117647058823529,0.567386013883865,3507.7936760000002,,,,,,,,587,15106.934014999993,12783.151945999994,2323.782068999999,10459.369877000003,0.8461777838777433,0.6115843270868825,0.6923555677554872,4195.339574,,,,,,,,751,17477.72472499997,14950.167258999985,2527.557466,12422.60979299999,0.8553840671043073,0.6338215712383488,0.710768134208614,4195.339574,,,,,,,,,,,,,60,,,
5m,300,btc-up-or-down-5m,btc-updown-5m,btc-updown-5m-1780645500,0x1b5b314df5543de47f835530c4ed8e24fdc3302f75f65c4a06ce16e00198d44d,1780645500,1780645800,2026-06-05T07:45:00Z,2026-06-05T07:50:00Z,True,62822.59116655163,62795.46714816177,gamma_finalPrice,,,,,,,,,Down,-27.124018389862613,27.124018389862613,4.317558044995785,97678.645996,0.01,0.54,0.59,3039,3039,0,ok,,,,,,,,25,657.5348790000002,585.3371890000001,72.19769000000001,513.139499,0.8901994520658727,0.52,0.7803989041317455,513.139499,,,,,,,,25,657.5348790000002,585.3371890000001,72.19769000000001,513.139499,0.8901994520658727,0.52,0.7803989041317455,513.139499,,,,,,,,72,1084.781449,914.7194760000001,170.06197300000002,744.657503,0.8432292761304402,0.6805555555555556,0.6864585522608803,513.139499,,,,,,,,215,2712.2552299999998,1229.2349479999993,1483.020281999999,-253.78533400000015,0.45321507150342905,0.5209302325581395,-0.09356985699314152,513.139499,,,,,,,,551,5712.642380999998,2306.9401209999983,3405.702259999995,-1098.762139000001,0.4038306561378289,0.4047186932849365,-0.19233868772434215,513.139499,,,,,,,,,,,,,60,,,
5m,300,btc-up-or-down-5m,btc-updown-5m,btc-updown-5m-1780645800,0x40fb015d93e589a5c89eb83a32dd5658c71b400ba1aa73fc7ea541925a9ae320,1780645800,1780646100,2026-06-05T07:50:00Z,2026-06-05T07:55:00Z,True,62795.46714816177,62863.52469854988,gamma_finalPrice,,,,,,,,,Up,68.05755038811185,68.05755038811185,10.837971828051623,71986.36804899987,0.99,0.48,0.49,2781,2781,0,ok,,,,,,,,7,191.24309899999997,7.761699,183.48139999999998,-175.719701,0.04058551153262791,0.2857142857142857,-0.9188289769347443,-130.2543,,,,,,,,55,415.35801200000014,180.00161200000002,235.35640000000004,-55.35478799999993,0.43336496901376725,0.5636363636363636,-0.1332700619724651,-130.2543,,,,,,,,66,631.7957120000001,180.00161200000002,451.79410000000007,-271.79248799999993,0.2849047699772929,0.4696969696969697,-0.430190460045414,-168.2307,,,,,,,,266,9796.039447,8521.431846999996,1274.6075999999998,7246.824246999993,0.8698854157441815,0.6278195488721805,0.739770831488363,6384.104662999998,,,,,,,,746,15897.991643999994,12252.505491999993,3645.486152,8607.01934,0.7706951775021323,0.6689008042895442,0.5413903550042654,6384.104662999998,,,,,,,,,,,,,60,,,
5m,300,btc-up-or-down-5m,btc-updown-5m,btc-updown-5m-1780646100,0x9a52c32d6f9e9818cda7a30a915f9b2631e1db863f5e372dbfdbe85f39c79834,1780646100,1780646400,2026-06-05T07:55:00Z,2026-06-05T08:00:00Z,True,62863.52469854988,63052.71372422666,gamma_finalPrice,,,,,,,,,Up,189.18902567678015,189.18902567678015,30.095198540648216,90408.55025700001,0.99,0.39,0.45,2530,2530,0,ok,,,,,,,,1,3.762,0.0,3.762,-3.762,0.0,0.0,-1.0,-3.762,,,,,,,,2,9.1476,0.0,9.1476,-9.1476,0.0,0.0,-1.0,-5.3856,,,,,,,,7,17.5381,0.0,17.5381,-17.5381,0.0,0.0,-1.0,-5.3856,,,,,,,,34,432.430878,238.81987800000002,193.61100000000002,45.208878000000006,0.552272953089164,0.20588235294117646,0.10454590617832801,141.967178,,,,,,,,392,19487.854007999988,17051.412611999996,2436.441396,14614.971216,0.8749764137703513,0.5127551020408163,0.7499528275407024,6053.285164000001,,,,,,,,,,,,,60,,,
5m,300,btc-up-or-down-5m,btc-updown-5m,btc-updown-5m-1780646400,0x3cea9b76cbd8c1d49a4e23e0b4d6e4c2e53147e887d6aa155d16c47e3e9c7323,1780646400,1780646700,2026-06-05T08:00:00Z,2026-06-05T08:05:00Z,True,63052.71372422666,62816.06709787202,gamma_finalPrice,,,,,,,,,Down,-236.646626354639,236.646626354639,37.53155294626321,75916.3036699999,0.01,,0.01,2272,2272,0,ok,,,,,,,,0,0.0,0.0,0.0,0.0,,,,0.0,,,,,,,,0,0.0,0.0,0.0,0.0,,,,0.0,,,,,,,,1,25.0,0.0,25.0,-25.0,0.0,0.0,-1.0,-25.0,,,,,,,,5,95.8051,0.0,95.8051,-95.8051,0.0,0.0,-1.0,-38.3429,,,,,,,,21,167.34260000000003,0.0,167.34260000000003,-167.34260000000003,0.0,0.0,-1.0,-38.3429,,,,,,,,,,,,,60,,,
5m,300,btc-up-or-down-5m,btc-updown-5m,btc-updown-5m-1780646700,0xeabd968be49ff32a8a870a1f970900f0238f9135be97870423ee4206bb6fb235,1780646700,1780647000,2026-06-05T08:05:00Z,2026-06-05T08:10:00Z,True,62816.06709787202,62701.72698894829,gamma_finalPrice,,,,,,,,,Down,-114.34010892373044,114.34010892373044,18.202366720218283,73259.2203349999,0.01,0.43,0.44,2872,2872,0,ok,,,,,,,,1,2.475,0.0,2.475,-2.475,0.0,0.0,-1.0,-2.475,,,,,,,,4,16.9988,0.0,16.9988,-16.9988,0.0,0.0,-1.0,-14.5238,,,,,,,,7,40.39150000000001,0.0,40.39150000000001,-40.39150000000001,0.0,0.0,-1.0,-14.5238,,,,,,,,127,4035.584327,2972.5887269999985,1062.9956000000004,1909.5931269999994,0.736594377947191,0.7086614173228346,0.47318875589438264,2296.8306610000004,,,,,,,,695,12319.097428999963,9742.484536999977,2576.612891999999,7165.8716449999965,0.7908440202823244,0.781294964028777,0.5816880405646492,2296.8306610000004,,,,,,,,,,,,,60,,,
5m,300,btc-up-or-down-5m,btc-updown-5m,btc-updown-5m-1780647000,0x91129bf1a20fe66b118d36dd8542e032768c695542fd3af48745ce3e2833f309,1780647000,1780647300,2026-06-05T08:10:00Z,2026-06-05T08:15:00Z,True,62701.72698894829,62745.92412622988,gamma_finalPrice,,,,,,,,,Up,44.197137281589676,44.197137281589676,7.048791062705464,58940.409482,0.99,0.41,0.52,2600,2600,0,ok,,,,,,,,30,3014.492110999999,2571.0888109999996,443.40330000000006,2127.685511,0.8529094508550865,0.5333333333333333,0.7058189017101729,2223.1414109999996,,,,,,,,126,5711.936878999996,5142.725379999997,569.211499,4573.513880999998,0.9003470257010872,0.7698412698412699,0.8006940514021743,2223.1414109999996,,,,,,,,317,7508.774371999985,6582.77938399999,925.994988,5656.7843959999955,0.8766782776889654,0.7760252365930599,0.7533565553779309,2223.1414109999996,,,,,,,,466,8957.798369999971,7403.699524999987,1554.0988449999975,5849.600680000001,0.8265088383542184,0.703862660944206,0.6530176767084366,2223.1414109999996,,,,,,,,737,10908.14512399996,8510.432103999998,2397.7130199999965,6112.719084000014,0.7801905830236393,0.6824966078697422,0.5603811660472767,2223.1414109999996,,,,,,,,,,,,,60,,,
5m,300,btc-up-or-down-5m,btc-updown-5m,btc-updown-5m-1780647300,0xe8b163200e26b981a3c98ce3f9a280e8f76ee15213a79e553d08eaf8a259970c,1780647300,1780647600,2026-06-05T08:15:00Z,2026-06-05T08:20:00Z,True,62745.92412622988,62590.77981055278,gamma_finalPrice,,,,,,,,,Down,-155.14431567709835,155.14431567709835,24.725799777047648,74431.2477489998,0.01,0.5,0.51,2088,2088,0,ok,,,,,,,,0,0.0,0.0,0.0,0.0,,,,0.0,,,,,,,,0,0.0,0.0,0.0,0.0,,,,0.0,,,,,,,,4,1.7499,0.0,1.7499,-1.7499,0.0,0.0,-1.0,-0.9999,,,,,,,,16,89.411,0.0,89.411,-89.411,0.0,0.0,-1.0,-54.046600000000005,,,,,,,,37,1489.402386,1158.162786,331.23959999999994,826.9231860000001,0.7776023436557058,0.13513513513513514,0.5552046873114115,1062.0238860000002,,,,,,,,,,,,,60,,,
5m,300,btc-up-or-down-5m,btc-updown-5m,btc-updown-5m-1780647600,0xe217b356af9a5d8ab13d0633631d20d17c93533d22b03e14c0980cefdb60860b,1780647600,1780647900,2026-06-05T08:20:00Z,2026-06-05T08:25:00Z,True,62590.77981055278,62647.96956296377,gamma_finalPrice,,,,,,,,,Up,57.18975241098815,57.18975241098815,9.137088974460417,73701.65451999972,0.99,0.5,0.51,2717,2717,0,ok,,,,,,,,3,107.8012,0.0,107.8012,-107.8012,0.0,0.0,-1.0,-98.9901,,,,,,,,54,4475.714415999996,4179.8041159999975,295.9102999999999,3883.893816,0.933885348238001,0.6851851851851852,0.8677706964760021,3735.273797000001,,,,,,,,130,6038.979458999993,5617.484959999994,421.4944989999999,5195.990460999997,0.9302043496154242,0.8153846153846154,0.8604086992308484,3735.273797000001,,,,,,,,335,8392.520901999984,7766.232909999992,626.2879919999998,7139.944918000001,0.9253754623535411,0.764179104477612,0.8507509247070821,3735.273797000001,,,,,,,,689,13292.690595999988,11911.302811,1381.3877850000001,10529.91502600001,0.8960791440210252,0.7822931785195936,0.7921582880420501,3735.273797000001,,,,,,,,,,,,,60,,,
5m,300,btc-up-or-down-5m,btc-updown-5m,btc-updown-5m-1780647900,0x63f0b884afebd9ef0979a7e2ad0f0fb56b4b03a39a4ba613d5e2c27236e2e581,1780647900,1780648200,2026-06-05T08:25:00Z,2026-06-05T08:30:00Z,True,62647.96956296377,62748.55254062173,gamma_finalPrice,,,,,,,,,Up,100.58297765795578,100.58297765795578,16.05526537565847,64167.13793199987,0.99,0.49,0.51,2248,2248,0,ok,,,,,,,,2,42.414100000000005,0.0,42.414100000000005,-42.414100000000005,0.0,0.0,-1.0,-42.414100000000005,,,,,,,,4,42.914100000000005,0.0,42.914100000000005,-42.914100000000005,0.0,0.0,-1.0,-42.414100000000005,,,,,,,,9,61.6747,0.0,61.6747,-61.6747,0.0,0.0,-1.0,-42.414100000000005,,,,,,,,24,211.2042,0.0,211.2042,-211.2042,0.0,0.0,-1.0,-106.1181,,,,,,,,353,8303.252676999999,7817.816379999999,485.4362969999999,7332.380082999999,0.9415366103039767,0.8158640226628895,0.8830732206079533,1562.33177,,,,,,,,,,,,,60,,,
5m,300,btc-up-or-down-5m,btc-updown-5m,btc-updown-5m-1780648200,0xfd933a9b2b766f0bdab5f5033f978a6bc814d49f3d79991516afbdbdbbece87a,1780648200,1780648500,2026-06-05T08:30:00Z,2026-06-05T08:35:00Z,True,62748.55254062173,62645.37488340263,gamma_finalPrice,,,,,,,,,Down,-103.17765721910109,103.17765721910109,16.443033829713706,77358.36915999991,0.01,0.84,0.85,2844,2844,0,ok,,,,,,,,4,21.1959,0.0,21.1959,-21.1959,0.0,0.0,-1.0,-18.1368,,,,,,,,14,42.4039,0.0,42.4039,-42.4039,0.0,0.0,-1.0,-18.1368,,,,,,,,16,84.19210000000001,0.0,84.19210000000001,-84.19210000000001,0.0,0.0,-1.0,-41.7582,,,,,,,,198,10105.221793999994,9876.836393999994,228.38539999999998,9648.45099399999,0.9773992689467139,0.8232323232323232,0.9547985378934273,4352.720867999999,,,,,,,,538,15499.414129999976,14762.55274299998,736.8613869999999,14025.69135599998,0.9524587587105141,0.8420074349442379,0.9049175174210279,4352.720867999999,,,,,,,,,,,,,60,,,
5m,300,btc-up-or-down-5m,btc-updown-5m,btc-updown-5m-1780648500,0x2985166aa193425c03ff03ef164bfa296e749bb3964cd58bab54c5cbf73b2ffc,1780648500,1780648800,2026-06-05T08:35:00Z,2026-06-05T08:40:00Z,True,62645.37488340263,62478.08945084047,gamma_finalPrice,,,,,,,,,Down,-167.28543256215926,167.28543256215926,26.703556786676703,59447.38935399977,0.01,0.5,0.51,2054,2054,0,ok,,,,,,,,0,0.0,0.0,0.0,0.0,,,,0.0,,,,,,,,0,0.0,0.0,0.0,0.0,,,,0.0,,,,,,,,4,14.943,0.0,14.943,-14.943,0.0,0.0,-1.0,-13.86,,,,,,,,6,60.582,0.0,60.582,-60.582,0.0,0.0,-1.0,-43.5204,,,,,,,,51,3118.222194,2694.196494,424.0257,2270.1707939999997,0.8640168424123531,0.2549019607843137,0.7280336848247061,2684.2667939999997,,,,,,,,,,,,,60,,,
5m,300,btc-up-or-down-5m,btc-updown-5m,btc-updown-5m-1780648800,0x7f90c0a856cb5372f5a9886ef109991b45705bf865e801c099d73c03f4c417bd,1780648800,1780649100,2026-06-05T08:40:00Z,2026-06-05T08:45:00Z,True,62478.08945084047,62486.89044750205,gamma_finalPrice,,,,,,,,,Up,8.800996661586396,8.800996661586396,1.4086532957303808,80856.48167299999,0.99,0.94,0.95,2447,2447,0,ok,,,,,,,,111,1396.3381889999994,1089.359496,306.97869299999996,782.3808030000006,0.7801544816160583,0.6216216216216216,0.5603089632321163,844.0836160000005,,,,,,,,170,1917.3567280000004,1574.327536000001,343.029192,1231.298344000001,0.821092660019602,0.6411764705882353,0.6421853200392038,844.0836160000005,,,,,,,,256,6632.955663999999,6172.053671999999,460.90199200000006,5711.151680000002,0.930513331409477,0.6328125,0.8610266628189545,3982.921547,,,,,,,,411,10834.713362999992,10182.893372999986,651.81999,9531.073382999992,0.9398396645890109,0.7104622871046229,0.8796793291780227,3982.921547,,,,,,,,655,13283.946190999968,12157.814010999966,1126.1321799999998,11031.681830999974,0.9152260808792668,0.7175572519083969,0.8304521617585345,3982.921547,,,,,,,,,,,,,60,,,
5m,300,btc-up-or-down-5m,btc-updown-5m,btc-updown-5m-1780649100,0xfd60a89c7897904682cc05b988b75d247de544db611731712c3ea0a3302fc7cf,1780649100,1780649400,2026-06-05T08:45:00Z,2026-06-05T08:50:00Z,True,62486.89044750205,62539.85702712327,gamma_finalPrice,,,,,,,,,Up,52.966579621213896,52.966579621213896,8.476430694805243,64429.20127099997,0.99,0.51,0.52,2421,2421,0,ok,,,,,,,,1,1.0,0.0,1.0,-1.0,0.0,0.0,-1.0,-1.0,,,,,,,,7,69.9247,0.0,69.9247,-69.9247,0.0,0.0,-1.0,-61.301700000000004,,,,,,,,17,420.48350000000005,0.0,420.48350000000005,-420.48350000000005,0.0,0.0,-1.0,-228.6799,,,,,,,,164,7668.856441999988,6881.8206439999885,787.035798,6094.784845999989,0.8973724695523514,0.7073170731707317,0.7947449391047028,4906.529253,,,,,,,,583,13092.734771999963,11473.19529299997,1619.5394789999996,9853.65581399997,0.8763024297671156,0.7375643224699828,0.7526048595342307,4906.529253,,,,,,,,,,,,,60,,,
5m,300,btc-up-or-down-5m,btc-updown-5m,btc-updown-5m-1780649400,0xf409a5671b1f0c89bf9ba7d4cb11956cd2d643b04a41d06a33b19f593caaac26,1780649400,1780649700,2026-06-05T08:50:00Z,2026-06-05T08:55:00Z,True,62539.85702712327,62374.26062546358,gamma_finalPrice,,,,,,,,,Down,-165.5964016596845,165.5964016596845,26.478538572268565,47106.75033099992,0.01,0.32,0.33,1741,1741,0,ok,,,,,,,,0,0.0,0.0,0.0,0.0,,,,0.0,,,,,,,,2,1.25,0.0,1.25,-1.25,0.0,0.0,-1.0,-1.0,,,,,,,,3,1.5,0.0,1.5,-1.5,0.0,0.0,-1.0,-1.0,,,,,,,,19,5.709999999999999,0.0,5.709999999999999,-5.709999999999999,0.0,0.0,-1.0,-1.75,,,,,,,,28,58.6801,0.0,58.6801,-58.6801,0.0,0.0,-1.0,-25.938100000000002,,,,,,,,,,,,,60,,,
5m,300,btc-up-or-down-5m,btc-updown-5m,btc-updown-5m-1780649700,0xd07ea13aaf9271bf6110a0f1918fa9e8cee1fa68405ff5e9cf5f56f93349e990,1780649700,1780650000,2026-06-05T08:55:00Z,2026-06-05T09:00:00Z,True,62374.26062546358,62402.43956187753,gamma_finalPrice,,,,,,,,,Up,28.178936413947667,28.178936413947667,4.517718708226889,71134.31300499992,0.99,0.5,0.51,3194,3194,0,ok,,,,,,,,134,3434.288415,3357.5485149999977,76.7399,3280.8086149999976,0.9776547887868636,0.8805970149253731,0.9553095775737279,1938.4191629999991,,,,,,,,180,3742.1321540000013,3633.2114559999986,108.92069800000002,3524.2907579999983,0.9708934122266163,0.8944444444444445,0.9417868244532331,1938.4191629999991,,,,,,,,258,4340.045701,4154.472408999996,185.57329200000004,3968.8991169999954,0.9572416272120717,0.8643410852713178,0.914483254424144,1938.4191629999991,,,,,,,,448,6675.954355000003,5949.6932689999985,726.2610860000001,5223.432182999999,0.8912123949055965,0.8459821428571429,0.7824247898111936,1938.4191629999991,,,,,,,,823,11261.628591000013,9601.457230999991,1660.171359999999,7941.2858709999955,0.8525815918554812,0.7922235722964763,0.7051631837109648,1938.4191629999991,,,,,,,,,,,,,60,,,
5m,300,btc-up-or-down-5m,btc-updown-5m,btc-updown-5m-1780650000,0xcc45d93759fd2e0f5e2af0241db857c159ef6967b5607b1f39e7c1f657837859,1780650000,1780650300,2026-06-05T09:00:00Z,2026-06-05T09:05:00Z,True,62402.43956187753,62493.63504044622,gamma_finalPrice,,,,,,,,,Up,91.1954785686903,91.1954785686903,14.614088681302585,111405.06245399977,0.99,0.49,0.5,2684,2684,0,ok,,,,,,,,1,4.0788,0.0,4.0788,-4.0788,0.0,0.0,-1.0,-4.0788,,,,,,,,2,6.1578,0.0,6.1578,-6.1578,0.0,0.0,-1.0,-4.0788,,,,,,,,32,1583.9706740000001,1556.916674,27.054,1529.862674,0.9829201383307933,0.78125,0.9658402766615867,1240.1701289999999,,,,,,,,201,3468.790104000002,2946.451113000001,522.3389910000002,2424.112122000001,0.8494175273396707,0.5621890547263682,0.6988350546793417,1240.1701289999999,,,,,,,,426,10252.163963,8599.803571999995,1652.3603909999997,6947.443180999998,0.8388281345320496,0.6126760563380281,0.6776562690640999,2101.285296,,,,,,,,,,,,,60,,,
5m,300,btc-up-or-down-5m,btc-updown-5m,btc-updown-5m-1780650300,0xefb401ed058b3448f5912077db6a0417d3b3eb5499f1fa823aeb68232fddeff3,1780650300,1780650600,2026-06-05T09:05:00Z,2026-06-05T09:10:00Z,True,62493.63504044622,62688.85344542326,gamma_finalPrice,,,,,,,,,Up,195.2184049770367,195.2184049770367,31.238126066869096,79570.8806039999,0.99,0.93,0.94,2504,2504,0,ok,,,,,,,,1,5.0,0.0,5.0,-5.0,0.0,0.0,-1.0,-5.0,,,,,,,,3,5.4777000000000005,0.0,5.4777000000000005,-5.4777000000000005,0.0,0.0,-1.0,-5.0,,,,,,,,14,73.7443,0.0,73.7443,-73.7443,0.0,0.0,-1.0,-46.72,,,,,,,,19,116.4628,0.0,116.4628,-116.4628,0.0,0.0,-1.0,-46.72,62589.940765,0,96.30572455377842,15.41048532245705,Up,0,15.790813058167746,302,7786.702599999989,6603.435299999991,1183.2673000000002,5420.167999999996,0.8480400034797785,0.7417218543046358,0.6960800069595574,1543.714324,,,,,,,,,,,,,60,15.41048532245705,Up,15.790813058167746
5m,300,btc-up-or-down-5m,btc-updown-5m,btc-updown-5m-1780650600,0x0c4f66b1bace32eabad82ebf6b13790f641cbf21f9b24f76eb4a03f68a5601e2,1780650600,1780650900,2026-06-05T09:10:00Z,2026-06-05T09:15:00Z,True,62688.85344542326,63011.77773779993,gamma_finalPrice,,,,,,,,,Up,322.9242923766724,322.9242923766724,51.51223457257986,90227.52927099999,0.99,0.5,0.51,2408,2408,0,ok,,,,,,,,0,0.0,0.0,0.0,0.0,,,,0.0,,,,,,,,3,0.5791999999999999,0.0,0.5791999999999999,-0.5791999999999999,0.0,0.0,-1.0,-0.3292,,,,,,,,5,48.307100000000005,0.0,48.307100000000005,-48.307100000000005,0.0,0.0,-1.0,-24.957900000000002,,,,,,,,14,57.974700000000006,0.0,57.974700000000006,-57.974700000000006,0.0,0.0,-1.0,-24.957900000000002,,,,,,,,48,1747.3343999999997,0.0,1747.3343999999997,-1747.3343999999997,0.0,0.0,-1.0,-1193.893,,,,,,,,,,,,,60,,,
5m,300,btc-up-or-down-5m,btc-updown-5m,btc-updown-5m-1780650900,0xc70df863ea879228e2b505e6be118e9da6e4178eba8f30334543444b05273c82,1780650900,1780651200,2026-06-05T09:15:00Z,2026-06-05T09:20:00Z,True,63011.77773779993,62910.492068678126,gamma_finalPrice,,,,,,,,,Down,-101.28566912180395,101.28566912180395,16.074085315171804,89765.96563399996,0.01,0.14,0.15,3457,3457,0,truncated_http_400_at_offset_3500,,,,,,,,112,4627.358823999995,4005.6612239999977,621.6976000000001,3383.9636239999986,0.8656474192631147,0.6875,0.7312948385262292,3905.9196239999987,,,,,,,,308,7893.441537999994,6711.682847999997,1181.7586899999994,5529.924157999996,0.850286002080225,0.737012987012987,0.7005720041604495,3905.9196239999987,,,,,,,,358,8358.06049299999,7162.201304999994,1195.8591879999992,5966.342116999995,0.856921448582294,0.7513966480446927,0.7138428971645877,3905.9196239999987,,,,,,,,470,9622.535590999982,7860.61871699999,1761.9168739999986,6098.701842999996,0.8168968192076189,0.7127659574468085,0.6337936384152375,3905.9196239999987,,,,,,,,742,13559.330379999996,10713.959837000004,2845.3705429999995,7868.589293999988,0.790154051619178,0.6819407008086253,0.580308103238354,3905.9196239999987,,,,,,,,,,,,,60,,,
5m,300,btc-up-or-down-5m,btc-updown-5m,btc-updown-5m-1780651200,0x749561a95a55e6ccab72cb3283a4f2af052a3f06352d237a80d5100600f1d9e7,1780651200,1780651500,2026-06-05T09:20:00Z,2026-06-05T09:25:00Z,True,62910.492068678126,62988.242225314396,gamma_finalPrice,,,,,,,,,Up,77.75015663626982,77.75015663626982,12.35885367919099,88452.57797099988,0.99,0.47,0.48,2912,2912,0,ok,,,,,,,,0,0.0,0.0,0.0,0.0,,,,0.0,,,,,,,,1,0.53,0.0,0.53,-0.53,0.0,0.0,-1.0,-0.53,,,,,,,,3,6.48,0.0,6.48,-6.48,0.0,0.0,-1.0,-4.95,,,,,,,,77,1532.3021450000008,737.2218449999999,795.0803000000001,-57.858454999999964,0.4811204157127898,0.5974025974025974,-0.03775916857441972,-539.1715,,,,,,,,480,20326.444747999994,18772.569457,1553.8752909999996,17218.694165999987,0.9235540051266031,0.7458333333333333,0.8471080102532051,5247.454557,,,,,,,,,,,,,60,,,
5m,300,btc-up-or-down-5m,btc-updown-5m,btc-updown-5m-1780651500,0x2783b9f0f73e2ce197f6dcadee2692b208210830fe337f73e9e989f120accca4,1780651500,1780651800,2026-06-05T09:25:00Z,2026-06-05T09:30:00Z,True,62988.242225314396,63063.913868944524,gamma_finalPrice,,,,,,,,,Up,75.67164363012853,75.67164363012853,12.013614121734737,72135.43391299997,0.99,0.92,0.93,2424,2424,0,ok,,,,,,,,1,3.1383,0.0,3.1383,-3.1383,0.0,0.0,-1.0,-3.1383,,,,,,,,5,299.4255,0.0,299.4255,-299.4255,0.0,0.0,-1.0,-292.4856,,,,,,,,17,366.707,9.9,356.807,-346.90700000000004,0.02699703032666407,0.11764705882352941,-0.946005939346672,-292.4856,,,,,,,,220,8275.739993999989,7577.254893999991,698.4851000000004,6878.769793999994,0.9155984720996058,0.759090909090909,0.8311969441992119,4405.355286,,,,,,,,554,17838.090225999942,16770.61943299996,1067.4707930000004,15703.148639999983,0.9401577871018901,0.7779783393501805,0.8803155742037805,5174.627358999999,,,,,,,,,,,,,60,,,
5m,300,btc-up-or-down-5m,btc-updown-5m,btc-updown-5m-1780651800,0x493e7182e378cda56bb688336775b0a23714034156723be03530558281f257dc,1780651800,1780652100,2026-06-05T09:30:00Z,2026-06-05T09:35:00Z,True,63063.913868944524,62969.575981263486,gamma_finalPrice,,,,,,,,,Down,-94.33788768103841,94.33788768103841,14.959091799644009,75945.29807699994,0.01,0.5,0.51,2122,2122,0,ok,,,,,,,,1,5.375699999999999,0.0,5.375699999999999,-5.375699999999999,0.0,0.0,-1.0,-5.375699999999999,,,,,,,,3,32.867999999999995,0.0,32.867999999999995,-32.867999999999995,0.0,0.0,-1.0,-27.4923,,,,,,,,9,248.956,0.0,248.956,-248.956,0.0,0.0,-1.0,-187.32799999999997,,,,,,,,29,383.39549999999997,0.0,383.39549999999997,-383.39549999999997,0.0,0.0,-1.0,-187.32799999999997,,,,,,,,234,7213.5513719999935,6115.744874999995,1097.8064969999998,5017.938377999996,0.8478133113099843,0.7008547008547008,0.6956266226199685,1344.7329289999996,,,,,,,,,,,,,60,,,
5m,300,btc-up-or-down-5m,btc-updown-5m,btc-updown-5m-1780652100,0xea3328f6a0e54195de2c38d38ab998b08ccb8be0821d570ad07fda772b53662f,1780652100,1780652400,2026-06-05T09:35:00Z,2026-06-05T09:40:00Z,True,62969.575981263486,62767.02688245595,gamma_finalPrice,,,,,,,,,Down,-202.54909880753257,202.54909880753257,32.16618432809533,58892.90391100001,0.01,0.02,0.03,2014,2014,0,ok,,,,,,,,1,2.5641,0.0,2.5641,-2.5641,0.0,0.0,-1.0,-2.5641,,,,,,,,3,3.8015999999999996,0.0,3.8015999999999996,-3.8015999999999996,0.0,0.0,-1.0,-2.5641,,,,,,,,4,11.6325,0.0,11.6325,-11.6325,0.0,0.0,-1.0,-7.8309,,,,,,,,6,21.3134,0.0,21.3134,-21.3134,0.0,0.0,-1.0,-9.5139,,,,,,,,129,5258.263605999997,4822.373505999995,435.8900999999999,4386.483405999996,0.9171037945867483,0.7364341085271318,0.8342075891734969,2211.487194,,,,,,,,,,,,,60,,,
5m,300,btc-up-or-down-5m,btc-updown-5m,btc-updown-5m-1780652400,0x9277642d542f3d465485d9f262b450740080b6f34fdf18254b08ac52369e0429,1780652400,1780652700,2026-06-05T09:40:00Z,2026-06-05T09:45:00Z,True,62767.02688245595,62772.31913768826,gamma_finalPrice,,,,,,,,,Up,5.29225523230707,5.29225523230707,0.8431585013924423,68401.857818,0.99,0.44,0.45,2424,2424,0,ok,,,,,,,,186,2383.9301119999977,2025.9906349999994,357.939477,1668.0511580000004,0.8498532003105976,0.7150537634408602,0.6997064006211949,1122.750728000001,,,,,,,,210,2538.7530989999977,2124.8819219999996,413.871177,1711.010745,0.836978563546404,0.7428571428571429,0.6739571270928074,1122.750728000001,,,,,,,,293,2904.2895589999985,2207.1943149999993,697.095244,1510.099071000001,0.7599773611278545,0.6382252559726962,0.5199547222557094,1122.750728000001,,,,,,,,441,4430.785072999997,2450.5959009999997,1980.1891719999978,470.40672900000084,0.5530839028806128,0.5351473922902494,0.10616780576122545,1122.750728000001,,,,,,,,691,6346.193035999986,3236.042954000003,3110.1500819999956,125.89287200000068,0.5099187710873172,0.5094066570188133,0.019837542174631222,1122.750728000001,,,,,,,,,,,,,60,,,
5m,300,btc-up-or-down-5m,btc-updown-5m,btc-updown-5m-1780652700,0xd38779f8bc8a4d61c0ceb852094312f8ba2204f7946433d6ba28a0062ebb4807,1780652700,1780653000,2026-06-05T09:45:00Z,2026-06-05T09:50:00Z,True,62772.31913768826,62797.227682749355,gamma_finalPrice,,,,,,,,,Up,24.908545061094628,24.908545061094628,3.968077873060394,61114.646553999926,0.99,0.65,0.66,2520,2520,0,ok,,,,,,,,20,411.23643500000003,221.84563500000002,189.3908,32.45483500000003,0.5394600675399785,0.4,0.07892013507995718,-99.0,,,,,,,,85,3132.5763479999996,2858.9408479999997,273.6354999999999,2585.3053480000003,0.9126484179149527,0.6,0.8252968358299054,1382.9712759999995,,,,,,,,181,6161.393125999996,5779.334529999999,382.0585959999999,5397.275934000001,0.9379915242889182,0.7237569060773481,0.8759830485778363,1382.9712759999995,,,,,,,,345,7584.975285999995,6979.395496999999,605.5797889999999,6373.815708000001,0.9201606114501456,0.7304347826086957,0.8403212229002911,1382.9712759999995,,,,,,,,610,11846.782629000012,10781.88975400001,1064.8928750000002,9716.996879000008,0.9101112168300256,0.7311475409836066,0.8202224336600511,1382.9712759999995,,,,,,,,,,,,,60,,,
5m,300,btc-up-or-down-5m,btc-updown-5m,btc-updown-5m-1780653000,0x0176668b81e27f79c452278464fac0e4165915bc8649fbf2451e3b8a3322915b,1780653000,1780653300,2026-06-05T09:50:00Z,2026-06-05T09:55:00Z,True,62797.227682749355,62812.38119,gamma_finalPrice,,,,,,,,,Up,15.153507250644907,15.153507250644907,2.4130853876544034,66842.22480600003,0.99,0.99,1.0,2761,2761,0,ok,,,,,,,,115,2754.6705879999986,2609.098588999999,145.57199899999998,2463.526589999999,0.9471544802365314,0.8608695652173913,0.8943089604730626,1581.7844359999992,,,,,,,,196,3995.538075999997,3762.5127799999977,233.02529599999997,3529.4874839999984,0.9416786196082794,0.8112244897959183,0.8833572392165587,1581.7844359999992,,,,,,,,279,4774.090696999996,4433.071504999997,341.019192,4092.0523129999974,0.9285687655212975,0.7849462365591398,0.8571375310425948,1581.7844359999992,,,,,,,,474,7095.335752999989,6254.042582999994,841.2931700000003,5412.749412999998,0.8814301113736179,0.7194092827004219,0.7628602227472357,1581.7844359999992,,,,,,,,716,9677.780813999972,8153.251487999985,1524.5293259999976,6628.722162,0.8424711868040462,0.7011173184357542,0.6849423736080926,1581.7844359999992,,,,,,,,,,,,,60,,,
5m,300,btc-up-or-down-5m,btc-updown-5m,btc-updown-5m-1780653300,0x9db9f7ccebf1be96d40a92d389551f549349b314f9cac52ac2323a0db3b8cd7e,1780653300,1780653600,2026-06-05T09:55:00Z,2026-06-05T10:00:00Z,True,62812.38119,62809.168865299966,gamma_finalPrice,,,,,,,,,Down,-3.2123247000345145,3.2123247000345145,0.511415844961778,64520.21958099991,0.01,0.43,0.44,2272,2272,0,ok,,,,,,,,111,993.2931479999997,456.823884,536.469264,-79.64537999999986,0.45990842171801644,0.40540540540540543,-0.08018315656396724,185.656501,,,,,,,,145,1358.0005289999995,601.601277,756.3992519999999,-154.79797499999987,0.4430051860458445,0.42758620689655175,-0.11398962790831131,185.656501,,,,,,,,160,1481.831821999999,601.601277,880.2305450000001,-278.6292679999998,0.40598485473744966,0.3875,-0.18803029052510117,185.656501,,,,,,,,299,2588.3979229999973,1222.34881,1366.049112999999,-143.70030299999976,0.4722414583702327,0.4280936454849498,-0.05551708325953556,185.656501,,,,,,,,629,7120.537251999999,4993.769877,2126.7673749999976,2867.002501999998,0.7013192544702104,0.5310015898251192,0.40263850894042036,604.2210140000002,,,,,,,,,,,,,60,,,
5m,300,btc-up-or-down-5m,btc-updown-5m,btc-updown-5m-1780653600,0x65d3986560cd181166bd33e9032195cbd78341423b2aae20960ebe92131239f2,1780653600,1780653900,2026-06-05T10:00:00Z,2026-06-05T10:05:00Z,True,62809.168865299966,62778.89271512535,gamma_finalPrice,,,,,,,,,Down,-30.276150174613576,30.276150174613576,4.820339246893008,55668.61838699995,0.01,0.5,0.51,2537,2537,0,ok,,,,,,,,99,1430.3906240000001,1282.4441289999997,147.946495,1134.497634,0.8965691661301044,0.8181818181818182,0.7931383322602092,633.924289,,,,,,,,151,1977.6365449999994,1675.6708529999992,301.965692,1373.7051609999994,0.847309813947638,0.8079470198675497,0.6946196278952763,633.924289,,,,,,,,242,2742.1175900000007,2179.3655069999977,562.752083,1616.6134239999974,0.7947746351023542,0.768595041322314,0.5895492702047096,633.924289,,,,,,,,478,5606.136314999996,4154.429665999994,1451.7066489999993,2702.723016999993,0.7410504191423674,0.7259414225941423,0.48210083828473493,633.924289,,,,,,,,665,7957.428814999981,5794.381682999985,2163.0471319999997,3631.334550999995,0.728172606719071,0.724812030075188,0.4563452134381429,633.924289,,,,,,,,,62633.82075263476,0,23.135138884331088,-23.135138884331088,60,,,
5m,300,btc-up-or-down-5m,btc-updown-5m,btc-updown-5m-1780653900,0xabba64aaae524699eb06ba05059aa4321a82d12e07bcd78ad8da3d6c6572fc8a,1780653900,1780654200,2026-06-05T10:05:00Z,2026-06-05T10:10:00Z,True,62778.89271512535,62633.82075263476,gamma_finalPrice,,,62633.82075263476,0,62633.82075263476,0,0.0,0.0,Down,-145.07196249059052,145.07196249059052,23.108397777719688,51398.46811900001,0.01,0.09,0.1,1693,1693,0,ok,62665.22150819672,0,-113.67120692862954,18.10659634352593,Down,0,5.012130284915879,2,2.9998,0.0,2.9998,-2.9998,0.0,0.0,-1.0,-2.9998,62704.48858178355,0,-74.40413334179902,11.851775353768353,Down,0,11.276334747490813,3,13.0978,0.0,13.0978,-13.0978,0.0,0.0,-1.0,-10.097999999999999,62694.79623996185,0,-84.09647516350378,13.39566079081901,Down,0,9.730497886493803,11,22.0035,0.0,22.0035,-22.0035,0.0,0.0,-1.0,-10.097999999999999,62690.89401653081,0,-87.99869859454338,14.0172428643906,Down,0,9.108062674897255,24,133.97680000000003,0.0,133.97680000000003,-133.97680000000003,0.0,0.0,-1.0,-99.0,62664.74131396982,0,-114.15140115553368,18.18308610085299,Down,0,4.9355014858484045,164,2831.7442059999976,2491.0194059999976,340.72479999999996,2150.2946059999995,0.8796767026915565,0.6097560975609756,0.7593534053831137,1254.0380279999997,62655.30577306351,0,-3.4296704327250014,3.4296704327250014,,,,,,,,,60,18.18308610085299,Down,4.9355014858484045
5m,300,btc-up-or-down-5m,btc-updown-5m,btc-updown-5m-1780654200,0x6ef334120c630470d70dd3fdb324938e98bd42618d3cc24c03c78f778a2c2a8d,1780654200,1780654500,2026-06-05T10:10:00Z,2026-06-05T10:15:00Z,True,62633.82075263476,62701.745776800395,gamma_finalPrice,62633.82075263476,0,,,,,,,Up,67.92502416563366,67.92502416563366,10.844783752518612,66846.27580099982,0.99,0.5,0.51,2587,2587,0,ok,,,,,,,,4,68.3298,0.0,68.3298,-68.3298,0.0,0.0,-1.0,-53.2224,,,,,,,,5,121.5027,0.0,121.5027,-121.5027,0.0,0.0,-1.0,-53.2224,,,,,,,,14,242.9511,0.0,242.9511,-242.9511,0.0,0.0,-1.0,-102.0591,,,,,,,,144,6524.1625039999935,5292.337603999996,1231.8248999999996,4060.512703999999,0.8111903406383946,0.6875,0.6223806812767891,3601.755967999999,,,,,,,,483,11494.464705999975,9491.966411999985,2002.4982939999995,7489.468118000005,0.8257858590879217,0.7308488612836439,0.6515717181758444,3601.755967999999,,,,,,,,,,,,,60,,,
5m,300,btc-up-or-down-5m,btc-updown-5m,btc-updown-5m-1780654500,0xe9f7f0a8e3d5e436ac411a6446b45877d5d60551205665a2e6f04f171f46c3f6,1780654500,1780654800,2026-06-05T10:15:00Z,2026-06-05T10:20:00Z,True,62701.745776800395,62519.652027674456,gamma_finalPrice,,,,,,,,,Down,-182.0937491259392,182.0937491259392,29.041256646049206,41237.10530799996,0.01,0.15,0.16,1475,1475,0,ok,,,,,,,,1,1.188,0.0,1.188,-1.188,0.0,0.0,-1.0,-1.188,,,,,,,,4,2.8522,0.0,2.8522,-2.8522,0.0,0.0,-1.0,-1.5642,,,,,,,,5,3.1921999999999997,0.0,3.1921999999999997,-3.1921999999999997,0.0,0.0,-1.0,-1.5642,,,,,,,,8,4.3717,0.0,4.3717,-4.3717,0.0,0.0,-1.0,-1.5642,,,,,,,,12,9.0242,0.0,9.0242,-9.0242,0.0,0.0,-1.0,-2.3265000000000002,,,,,,,,,,,,,60,,,
5m,300,btc-up-or-down-5m,btc-updown-5m,btc-updown-5m-1780654800,0xfea3831ee18e2b0a3fae3d40c85ee25876099d905ec09ab9583668eb23102bf1,1780654800,1780655100,2026-06-05T10:20:00Z,2026-06-05T10:25:00Z,True,62519.652027674456,62494.175027045996,gamma_finalPrice,,,,,,,,,Down,-25.47700062845979,25.47700062845979,4.075038776156711,61754.93941700005,0.01,0.5,0.51,2672,2672,0,ok,,,,,,,,116,2348.352915000002,2256.8971150000016,91.45580000000001,2165.4413150000005,0.9610553424845854,0.9310344827586207,0.9221106849691706,1823.2873070000007,,,,,,,,164,3236.337286000004,3135.6846860000032,100.65260000000002,3035.032086000002,0.9688992243066223,0.9146341463414634,0.9377984486132445,1823.2873070000007,,,,,,,,236,5043.226472000005,3839.585073000003,1203.641399,2635.9436740000024,0.761335048964662,0.902542372881356,0.5226700979293242,1823.2873070000007,,,,,,,,424,6789.4692530000075,5419.199063000004,1370.2701899999993,4048.928872999999,0.7981771271157118,0.8537735849056604,0.5963542542314234,1823.2873070000007,,,,,,,,704,9605.994077999992,6995.8132260000075,2610.1808519999995,4385.632374,0.7282758212418724,0.7386363636363636,0.45655164248374247,1823.2873070000007,,,,,,,,,,,,,60,,,
5m,300,btc-up-or-down-5m,btc-updown-5m,btc-updown-5m-1780655100,0x2fdcda671afad3d5f10eb93beb28c5fb7ac23394e5840975204456730fed6514,1780655100,1780655400,2026-06-05T10:25:00Z,2026-06-05T10:30:00Z,True,62494.175027045996,62533.59999600246,gamma_finalPrice,,,,,,,,,Up,39.42496895646036,39.42496895646036,6.308582990238397,64808.851917999884,0.99,0.6,0.61,2490,2490,0,ok,,,,,,,,6,170.3124,0.0,170.3124,-170.3124,0.0,0.0,-1.0,-168.3124,,,,,,,,8,208.5858,0.0,208.5858,-208.5858,0.0,0.0,-1.0,-168.3124,,,,,,,,51,1381.2220479999999,695.2227480000001,685.9993000000002,9.22344799999999,0.5033388722737796,0.35294117647058826,0.0066777445475587945,665.5717580000002,,,,,,,,344,11521.711730999985,10247.588731999991,1274.1229990000002,8973.465732999992,0.8894154767323439,0.6482558139534884,0.7788309534646873,2623.108146,,,,,,,,713,15615.393463999966,13778.966384999978,1836.4270789999996,11942.539305999984,0.8823963620747871,0.7026647966339411,0.7647927241495738,2623.108146,,,,,,,,,,,,,60,,,
5m,300,btc-up-or-down-5m,btc-updown-5m,btc-updown-5m-1780655400,0x1e77da852592c9c3fa3df16b5bcf89afb454acd661d82cdeb75cb9f017a5ef63,1780655400,1780655700,2026-06-05T10:30:00Z,2026-06-05T10:35:00Z,True,62533.59999600246,62513.64545443817,gamma_finalPrice,,,,,,,,,Down,-19.954541564286046,19.954541564286046,3.1910111628886977,76359.78818799993,0.01,0.5,0.51,2567,2567,0,ok,,,,,,,,2,8.329999,2.0,6.329999,-4.329999,0.24009606723842342,0.5,-0.5198078655231531,-6.329999,,,,,,,,47,509.646689,416.753098,92.893591,323.85950700000006,0.817729432948401,0.574468085106383,0.6354588658968019,313.17570400000005,,,,,,,,82,801.8642710000003,584.8456910000001,217.01858,367.8271110000002,0.7293574637895295,0.524390243902439,0.45871492757905913,313.17570400000005,,,,,,,,218,1887.0868159999986,1156.4790459999995,730.6077699999998,425.87127600000036,0.6128382839594807,0.5504587155963303,0.22567656791896143,313.17570400000005,,,,,,,,547,5599.396878999992,3605.0352770000018,1994.3616019999972,1610.6736750000005,0.6438256396006409,0.5758683729433273,0.28765127920127964,399.869988,,,,,,,,,,,,,60,,,
5m,300,btc-up-or-down-5m,btc-updown-5m,btc-updown-5m-1780655700,0x9383fe44eae9261dc62007febcb49499d153f4fc79a3807a9017df28c7968588,1780655700,1780656000,2026-06-05T10:35:00Z,2026-06-05T10:40:00Z,True,62513.64545443817,62329.69095520472,gamma_finalPrice,,,,,,,,,Down,-183.9544992334486,183.9544992334486,29.42629531459978,47810.821931000006,0.01,0.09,0.1,1736,1736,0,ok,,,,,,,,1,4.95,0.0,4.95,-4.95,0.0,0.0,-1.0,-4.95,,,,,,,,2,56.093399999999995,0.0,56.093399999999995,-56.093399999999995,0.0,0.0,-1.0,-51.14339999999999,,,,,,,,2,56.093399999999995,0.0,56.093399999999995,-56.093399999999995,0.0,0.0,-1.0,-51.14339999999999,,,,,,,,4,61.593399999999995,0.0,61.593399999999995,-61.593399999999995,0.0,0.0,-1.0,-51.14339999999999,,,,,,,,23,104.3902,0.0,104.3902,-104.3902,0.0,0.0,-1.0,-51.14339999999999,,,,,,,,,,,,,60,,,
5m,300,btc-up-or-down-5m,btc-updown-5m,btc-updown-5m-1780656000,0x9950ba7e94cb0df49b6e1e3c9ec44dd3e48f360787ee1289555ca1375ed290aa,1780656000,1780656300,2026-06-05T10:40:00Z,2026-06-05T10:45:00Z,True,62329.69095520472,62630.46512688048,gamma_finalPrice,,,,,,,,,Up,300.77417167575913,300.77417167575913,48.25536065820066,44831.818701999975,0.99,0.5,0.51,1936,1936,0,ok,,,,,,,,1,0.5,0.0,0.5,-0.5,0.0,0.0,-1.0,-0.5,,,,,,,,2,1.5,0.0,1.5,-1.5,0.0,0.0,-1.0,-1.0,,,,,,,,2,1.5,0.0,1.5,-1.5,0.0,0.0,-1.0,-1.0,,,,,,,,5,5.08,0.0,5.08,-5.08,0.0,0.0,-1.0,-2.673,,,,,,,,15,92.07860000000001,0.0,92.07860000000001,-92.07860000000001,0.0,0.0,-1.0,-57.8754,,,,,,,,,,,,,60,,,
5m,300,btc-up-or-down-5m,btc-updown-5m,btc-updown-5m-1780656300,0x1412843bde5a2c380f688dec3cb44d1d35631e99787ea95c9aecf1819a01b6c1,1780656300,1780656600,2026-06-05T10:45:00Z,2026-06-05T10:50:00Z,True,62630.46512688048,62552.62865322649,gamma_finalPrice,,,,,,,,,Down,-77.83647365398792,77.83647365398792,12.42789327786441,52429.93788899985,0.01,0.25,0.26,2075,2075,0,ok,,,,,,,,3,0.808,0.0,0.808,-0.808,0.0,0.0,-1.0,-0.5,,,,,,,,5,34.8047,0.0,34.8047,-34.8047,0.0,0.0,-1.0,-33.9967,,,,,,,,8,49.96169999999999,0.0,49.96169999999999,-49.96169999999999,0.0,0.0,-1.0,-33.9967,,,,,,,,21,119.56969999999998,0.0,119.56969999999998,-119.56969999999998,0.0,0.0,-1.0,-41.2632,,,,,,,,216,4720.577930999999,3649.583530999999,1070.9944,2578.5891309999993,0.7731221863817165,0.6157407407407407,0.5462443727634331,2007.160842,,,,,,,,,,,,,60,,,
5m,300,btc-up-or-down-5m,btc-updown-5m,btc-updown-5m-1780656600,0x5c33199aea25674c148569dc75e2893385d1738d6c03de797526d8a38f96fe9f,1780656600,1780656900,2026-06-05T10:50:00Z,2026-06-05T10:55:00Z,True,62552.62865322649,62487.21398873454,gamma_finalPrice,,,,,,,,,Down,-65.41466449195286,65.41466449195286,10.457540458386275,49217.731511000005,0.01,0.49,0.5,1919,1919,0,ok,,,,,,,,5,1.0667,0.0,1.0667,-1.0667,0.0,0.0,-1.0,-0.75,,,,,,,,6,9.7391,0.0,9.7391,-9.7391,0.0,0.0,-1.0,-8.6724,,,,,,,,8,28.113500000000002,0.0,28.113500000000002,-28.113500000000002,0.0,0.0,-1.0,-13.3749,,,,,,,,14,56.26539999999999,0.0,56.26539999999999,-56.26539999999999,0.0,0.0,-1.0,-13.3749,,,,,,,,260,5413.842377999998,4948.613083,465.229295,4483.383787999997,0.9140667085376313,0.8038461538461539,0.8281334170752614,1097.1654810000005,,,,,,,,,,,,,60,,,
5m,300,btc-up-or-down-5m,btc-updown-5m,btc-updown-5m-1780656900,0x8fe70301b0ec618c8b63f114411bd5af5e3809840e3328215d1cd0535fc76534,1780656900,1780657200,2026-06-05T10:55:00Z,2026-06-05T11:00:00Z,True,62487.21398873454,62491.138121324104,gamma_finalPrice,,,,,,,,,Up,3.924132589563669,3.924132589563669,0.6279896860613963,67896.8349119999,0.99,0.37,0.39,2462,2462,0,ok,,,,,,,,99,1062.555965,896.7681770000002,165.78778800000006,730.9803890000001,0.8439726532427873,0.5757575757575758,0.6879453064855742,312.363997,,,,,,,,162,1483.8876429999978,1058.7710600000003,425.11658300000016,633.654477,0.7135116091805085,0.5493827160493827,0.4270232183610151,312.363997,,,,,,,,227,1825.6006139999947,1149.1188379999985,676.4817759999999,472.63706200000024,0.6294470045571544,0.5198237885462555,0.25889400911430765,312.363997,,,,,,,,412,3042.107444999996,1792.508387999996,1249.5990569999992,542.9093310000005,0.5892324385011978,0.5339805825242718,0.17846487700239702,312.363997,,,,,,,,971,8493.631997999993,5329.784708999993,3163.8472889999985,2165.9374199999993,0.6275036062611383,0.6179196704428425,0.2550072125222773,440.37138000000033,,,,,,,,,,,,,60,,,
5m,300,btc-up-or-down-5m,btc-updown-5m,btc-updown-5m-1780657200,0xfee3ea9fdbd265252e48da212d162310af367b318ea0099f8e02309cbea72215,1780657200,1780657500,2026-06-05T11:00:00Z,2026-06-05T11:05:00Z,True,62491.138121324104,62353.65828691335,gamma_finalPrice,,,,,,,,,Down,-137.47983441075485,137.47983441075485,21.999892871824983,47439.73819100008,0.01,0.5,0.51,1556,1556,0,ok,,,,,,,,2,0.5,0.0,0.5,-0.5,0.0,0.0,-1.0,-0.25,,,,,,,,5,1.25,0.0,1.25,-1.25,0.0,0.0,-1.0,-0.75,,,,,,,,5,1.25,0.0,1.25,-1.25,0.0,0.0,-1.0,-0.75,,,,,,,,6,2.2598000000000003,0.0,2.2598000000000003,-2.2598000000000003,0.0,0.0,-1.0,-1.0098,,,,,,,,21,200.5877,0.0,200.5877,-200.5877,0.0,0.0,-1.0,-178.111,,,,,,,,,62272.66535209898,0,12.997726941137651,-12.997726941137651,60,,,
5m,300,btc-up-or-down-5m,btc-updown-5m,btc-updown-5m-1780657500,0x741b5911593d434f7caee83151cf6b02c67960f1231b29b12ef3796ec9691d3b,1780657500,1780657800,2026-06-05T11:05:00Z,2026-06-05T11:10:00Z,True,62353.65828691335,62272.665352098986,gamma_finalPrice,,,62272.66535209898,0,62272.66535209898,0,7.275957614183426e-12,1.1668854425034575e-12,Down,-80.99293481436325,80.99293481436325,12.989283554412054,68792.37634599989,0.01,0.54,0.55,2698,2698,0,ok,,,,,,,,1,1.0,0.0,1.0,-1.0,0.0,0.0,-1.0,-1.0,,,,,,,,4,30.709899999999998,0.0,30.709899999999998,-30.709899999999998,0.0,0.0,-1.0,-27.5814,,,,,,,,8,63.9987,0.0,63.9987,-63.9987,0.0,0.0,-1.0,-27.5814,,,,,,,,37,1499.7952000000002,0.0,1499.7952000000002,-1499.7952000000002,0.0,0.0,-1.0,-529.4223,,,,,,,,479,13991.591631999978,11756.187757999996,2235.403874,9520.783883999997,0.8402323386220464,0.697286012526096,0.6804646772440915,4783.586745,62236.40678546109,0,5.824245099633946,-5.824245099633946,62258.38799204412,0,2.2929799008391916,-2.2929799008391916,,,,,60,,,
5m,300,btc-up-or-down-5m,btc-updown-5m,btc-updown-5m-1780657800,0x73455491c423401757fbcdf8ed53f2d0194730d1fae58ee3abb7e1466f78944b,1780657800,1780658100,2026-06-05T11:10:00Z,2026-06-05T11:15:00Z,True,62272.665352098986,62271.39621592222,gamma_finalPrice,62272.66535209898,0,,,,,,,Down,-1.2691361767647322,1.2691361767647322,0.2038030923502063,60495.513558999904,0.01,0.5,0.51,2343,2343,0,ok,,,,,,,,4,33.869997999999995,16.619999999999997,17.249997999999998,-0.6299979999999987,0.49069976325360276,0.5,-0.018600473492794384,-17.249997999999998,,,,,,,,23,140.82718500000001,53.716398,87.110787,-33.394389000000004,0.3814348628782148,0.43478260869565216,-0.23713027424357022,-39.69439700000001,,,,,,,,156,963.6623890000004,245.98527800000002,717.6771110000002,-471.6918329999999,0.25526084737545973,0.3333333333333333,-0.48947830524908004,-209.43388299999992,,,,,,,,224,1799.452864999999,495.9794700000001,1303.4733949999998,-807.4939249999996,0.27562793093777443,0.375,-0.4487441381244516,-337.514998,,,,,,,,536,4717.875616,1756.1825279999985,2961.693088,-1205.5105599999972,0.37224010782398687,0.40671641791044777,-0.255519784352025,-337.514998,,,,,,,,,62443.8931318151,0,-27.662530679726732,27.662530679726732,60,,,
5m,300,btc-up-or-down-5m,btc-updown-5m,btc-updown-5m-1780658100,0x2737868a3d30abfb53ec7d872e41da2086dd90c6fdc8dafe1138c65ffe4ea63d,1780658100,1780658400,2026-06-05T11:15:00Z,2026-06-05T11:20:00Z,True,62271.39621592222,62443.8931318151,gamma_finalPrice,,,62443.8931318151,0,62443.8931318151,0,0.0,0.0,Up,172.49691589287977,172.49691589287977,27.700826763986047,58828.022851999965,0.99,0.4,0.41,2198,2198,0,ok,62435.54131401995,0,164.14509809773153,26.35963027528218,Up,0,1.3375809787510788,0,0.0,0.0,0.0,0.0,,,,0.0,62434.85825559555,0,163.46203967332985,26.249939716549044,Up,0,1.4469837558334944,0,0.0,0.0,0.0,0.0,,,,0.0,62414.11935511889,0,142.72313919667067,22.919534147233023,Up,0,4.769221721139893,0,0.0,0.0,0.0,0.0,,,,0.0,62407.89850472547,0,136.5022888032472,21.920544117869774,Up,0,5.765977022046517,2,6.7622,0.0,6.7622,-6.7622,0.0,0.0,-1.0,-5.0,62417.51850640245,0,146.1222904802271,23.465394926035877,Up,0,4.22462399853997,13,54.0895,0.0,54.0895,-54.0895,0.0,0.0,-1.0,-42.045300000000005,62411.68033918279,0,-5.160008872896254,5.160008872896254,62456.52502614337,0,2.022714504505085,-2.022714504505085,62291.93001591568,0,-24.365605204047874,24.365605204047874,60,23.465394926035877,Up,4.22462399853997
5m,300,btc-up-or-down-5m,btc-updown-5m,btc-updown-5m-1780658400,0x55402e472629fea77a4921633b39148aab8ab9b2f94d01b34589f7706a545954,1780658400,1780658700,2026-06-05T11:20:00Z,2026-06-05T11:25:00Z,True,62443.8931318151,62291.93001591567,gamma_finalPrice,62443.8931318151,0,62291.93001591568,0,62291.93001591568,0,-7.275957614183426e-12,-1.1651992291422863e-12,Down,-151.9631158994307,151.9631158994307,24.335945162587187,92022.23764300004,0.01,0.51,0.52,3352,3352,0,ok,62291.284264595975,0,-152.6088672191254,24.439358208652646,Down,0,-0.10366586276066019,2,19.701999999999998,0.0,19.701999999999998,-19.701999999999998,0.0,0.0,-1.0,-19.701999999999998,62280.39517102865,0,-163.49796078645159,26.18317862425998,Down,0,-1.8519113137982008,8,44.1459,0.0,44.1459,-44.1459,0.0,0.0,-1.0,-19.701999999999998,62277.862900939246,0,-166.0302308758546,26.588705884396944,Down,0,-2.2585114267007174,11,101.6155,0.0,101.6155,-101.6155,0.0,0.0,-1.0,-56.46959999999999,62321.481231864396,0,-122.41189995070454,19.60350224997996,Down,0,4.742862940156862,40,4633.586700000001,0.0,4633.586700000001,-4633.586700000001,0.0,0.0,-1.0,-4034.5676000000003,62484.052976235405,0,40.15984442030458,6.431348592492415,Up,1,30.79488657059541,712,18235.183903999994,10050.404163,8184.77974099999,1865.6244219999971,0.5511545271992231,0.5533707865168539,0.10230905439844572,5942.490191000002,62305.1836548031,0,-2.127439159215798,2.127439159215798,62329.847849717065,0,-6.085266254565755,6.085266254565755,62418.07264917583,0,-20.22976081847947,20.22976081847947,60,6.431348592492415,Up,30.79488657059541
5m,300,btc-up-or-down-5m,btc-updown-5m,btc-updown-5m-1780658700,0x340c1c1cb9033d1802378b2c4057ce53ea48ab6e55cc20bdf0acbb62c368c7b7,1780658700,1780659000,2026-06-05T11:25:00Z,2026-06-05T11:30:00Z,True,62291.93001591567,62418.072649175825,gamma_finalPrice,62291.93001591568,0,62418.07264917583,0,62418.07264917583,0,-7.275957614183426e-12,-1.1680417691865397e-12,Up,126.14263326015498,126.14263326015498,20.250236784752914,45561.25772999999,0.99,0.58,0.6,2075,2075,0,ok,62413.44480721311,0,121.51479129744257,19.507308774410326,Up,0,0.7414540909438025,0,0.0,0.0,0.0,0.0,,,,0.0,62412.14306833353,0,120.2130524178574,19.298334854473573,Up,0,0.9500233277126646,1,10.0,0.0,10.0,-10.0,0.0,0.0,-1.0,-10.0,62432.00858,0,140.07856408433145,22.487433612755485,Up,0,-2.232426402106009,2,19.999,0.0,19.999,-19.999,0.0,0.0,-1.0,-10.0,62408.3037974399,0,116.37378152422752,18.681999657819862,Up,0,1.5651903121682906,5,27.1072,0.0,27.1072,-27.1072,0.0,0.0,-1.0,-10.0,62411.74006818669,0,119.81005227102287,19.233639452239036,Up,0,1.0145943275432714,105,1620.2941219999998,1435.6966219999997,184.59749999999994,1251.0991219999996,0.8860716103986458,0.6285714285714286,0.7721432207972916,1135.8388869999999,62433.06267975846,0,2.401264612479342,-2.401264612479342,62461.98693240951,0,7.033033967304048,-7.033033967304048,62296.98681033774,0,-19.418004114325655,19.418004114325655,60,19.233639452239036,Up,1.0145943275432714
5m,300,btc-up-or-down-5m,btc-updown-5m,btc-updown-5m-1780659000,0xd37260dc022dbf9fcf9912bf4ece70c1f777b621a0a7da5b00932146c477a1dd,1780659000,1780659300,2026-06-05T11:30:00Z,2026-06-05T11:35:00Z,True,62418.072649175825,62296.98681033774,gamma_finalPrice,62418.07264917583,0,62296.98681033774,0,62296.98681033774,0,0.0,0.0,Down,-121.08583883808751,121.08583883808751,19.399163367099952,64911.941368999884,0.01,0.5,0.51,2340,2340,0,ok,62296.15987904373,0,-121.91277013209765,19.53164603740891,Down,0,-0.13274105614887538,2,8.029399999999999,0.0,8.029399999999999,-8.029399999999999,0.0,0.0,-1.0,-5.0,62299.503412635495,0,-118.56923654033017,18.995978489556226,Down,0,0.40396038341013923,3,9.029399999999999,0.0,9.029399999999999,-9.029399999999999,0.0,0.0,-1.0,-5.0,62322.60299004448,0,-95.46965913134773,15.295194977893685,Down,0,4.111100045916572,5,15.0094,0.0,15.0094,-15.0094,0.0,0.0,-1.0,-5.0,62310.014815041344,0,-108.0578341344808,17.311946612293806,Down,0,2.091055009933524,6,19.1773,0.0,19.1773,-19.1773,0.0,0.0,-1.0,-5.0,62311.19359645692,0,-106.87905271890486,17.1230940307344,Down,0,2.2802333096202534,274,4896.465789,4375.064390999999,521.4013979999999,3853.662992999998,0.8935147470709713,0.718978102189781,0.7870294941419427,1036.949768,62297.37146541957,0,-0.061745184477946746,0.061745184477946746,62312.65246125894,0,-2.514356207963844,2.514356207963844,62240.07879787786,0,9.139129164947649,-9.139129164947649,60,17.1230940307344,Down,2.2802333096202534
5m,300,btc-up-or-down-5m,btc-updown-5m,btc-updown-5m-1780659300,0xfa8b26b11d703c44b1bed973d4ee0bc96268a072b7ace45597cec6ae38f74664,1780659300,1780659600,2026-06-05T11:35:00Z,2026-06-05T11:40:00Z,True,62296.98681033774,62240.07879787786,gamma_finalPrice,62296.98681033774,0,62240.07879787786,0,62240.07879787786,0,0.0,0.0,Down,-56.90801245987677,56.90801245987677,9.134954252784711,58851.425688999945,0.01,0.37,0.38,2513,2513,0,ok,62241.86221496813,0,-55.12459536960523,8.848677631460934,Down,0,0.2865342676827049,1,1.1186999999999998,0.0,1.1186999999999998,-1.1186999999999998,0.0,0.0,-1.0,-1.1186999999999998,62224.96690173729,0,-72.01990860045044,11.560737089855403,Down,0,-2.4282956118138497,7,9.7858,0.0,9.7858,-9.7858,0.0,0.0,-1.0,-5.4871,62219.192248182706,0,-77.7945621550316,12.487692605723613,Down,0,-3.35636706139802,16,27.117400000000004,0.0,27.117400000000004,-27.117400000000004,0.0,0.0,-1.0,-8.029,62229.389730113224,0,-67.59708022451377,10.850778454231195,Down,0,-1.7175405209532137,150,5156.042130999995,4774.390230999993,381.6519,4392.738330999994,0.925979677763808,0.5666666666666667,0.8519593555276166,2373.9175539999974,62252.583290957176,0,-44.40351938056119,7.127715424784037,Down,0,2.008872316096132,497,9325.913435999973,8582.663049999968,743.250386,7839.41266399997,0.9203026715719982,0.704225352112676,0.840605343143997,2373.9175539999974,62210.385797697,0,4.771858560880603,-4.771858560880603,62184.996520852175,0,8.85388744718787,-8.85388744718787,62062.245039086825,0,28.613122366552545,-28.613122366552545,60,7.127715424784037,Down,2.008872316096132
5m,300,btc-up-or-down-5m,btc-updown-5m,btc-updown-5m-1780659600,0x584498615bb3f81a6e62552be171e0c5657986aab10d1d6366973bddbdacea3a,1780659600,1780659900,2026-06-05T11:40:00Z,2026-06-05T11:45:00Z,True,62240.07879787786,62062.24503908683,gamma_finalPrice,62240.07879787786,0,62062.245039086825,0,62062.245039086825,0,7.275957614183426e-12,1.169014846175212e-12,Down,-177.83375879102823,177.83375879102823,28.57222584317995,46382.50389100002,0.01,0.49,0.5,2071,2071,0,ok,62081.49528543132,0,-158.5835124465375,25.47932385521732,Down,0,3.101283471637141,0,0.0,0.0,0.0,0.0,,,,0.0,62087.9975899259,0,-152.0812079519601,24.434610445439453,Down,0,4.1486106934770515,2,7.1379,0.0,7.1379,-7.1379,0.0,0.0,-1.0,-5.8212,62095.517612651856,0,-144.56118522600445,23.226382102673913,Down,0,5.359725183653756,2,7.1379,0.0,7.1379,-7.1379,0.0,0.0,-1.0,-5.8212,62095.77714241848,0,-144.3016554593778,23.184683928179393,Down,0,5.401520346049971,6,63.944100000000006,0.0,63.944100000000006,-63.944100000000006,0.0,0.0,-1.0,-48.6882,62126.58555463595,0,-113.4932432419082,18.234752499345788,Down,0,10.361724319028417,95,3529.8413109999974,3249.9612109999966,279.88009999999997,2970.0811109999977,0.9207102882705197,0.5578947368421052,0.8414205765410399,986.5398530000002,62063.37234022135,0,-0.181638755697101,0.181638755697101,61982.74813033973,0,12.817433029656769,-12.817433029656769,62133.59926911951,0,-11.490599911955556,11.490599911955556,60,18.234752499345788,Down,10.361724319028417
5m,300,btc-up-or-down-5m,btc-updown-5m,btc-updown-5m-1780659900,0x6f8267319f60d258e81ea784cb6385c7da59cb4946e45216073a70c99513fb52,1780659900,1780660200,2026-06-05T11:45:00Z,2026-06-05T11:50:00Z,True,62062.24503908683,62133.59926911952,gamma_finalPrice,62062.245039086825,0,62133.59926911951,0,62133.59926911951,0,7.275957614183426e-12,1.1723645526521033e-12,Up,71.35423003268806,71.35423003268806,11.497204135581807,79833.30435999995,0.99,0.52,0.53,3447,3447,0,ok,62145.63681198451,0,83.39177289767395,13.436796049700389,Up,0,-1.9371768417978126,1,1.0,0.0,1.0,-1.0,0.0,0.0,-1.0,-1.0,62152.60497732607,0,90.3599382392349,14.559566477546241,Up,0,-3.058377793404022,3,26.403499999999998,0.0,26.403499999999998,-26.403499999999998,0.0,0.0,-1.0,-24.403499999999998,62149.59653036943,0,87.35149128259945,14.07481975999828,Up,0,-2.5743241047758723,7,46.56989999999999,0.0,46.56989999999999,-46.56989999999999,0.0,0.0,-1.0,-24.403499999999998,62103.64629019051,0,41.40125110367808,6.6709238567833875,Up,0,4.8219001273754545,163,3882.134099,3452.6833039999997,429.4507949999999,3023.2325089999995,0.8893776505271617,0.6503067484662577,0.7787553010543234,2150.5343430000003,62192.671774109374,0,130.42673502254183,21.015471635033347,Up,0,-9.50282011027213,684,10690.039748999976,8788.788970999989,1901.2507780000003,6887.538193000002,0.8221474547671496,0.6710526315789473,0.6442949095342992,2150.5343430000003,62155.83607408772,0,3.5782293392919438,-3.5782293392919438,62159.81943278939,0,4.2190752064995465,-4.2190752064995465,61958.73727169882,0,-28.182580493372466,28.182580493372466,60,21.015471635033347,Up,-9.50282011027213
5m,300,btc-up-or-down-5m,btc-updown-5m,btc-updown-5m-1780660200,0x08cbab9cd1f2514c57405b6a02a3432896d3df41f01a795c003c499f39e8b8ca,1780660200,1780660500,2026-06-05T11:50:00Z,2026-06-05T11:55:00Z,True,62133.59926911952,61958.73727169882,gamma_finalPrice,62133.59926911951,0,61958.73727169882,0,61958.73727169882,0,0.0,0.0,Down,-174.86199742070312,174.86199742070312,28.142904881998323,65670.50353599987,0.01,0.5,0.51,2759,2759,0,ok,61977.88150596249,0,-155.71776315703028,25.06176448632394,Down,0,3.089358835951873,3,50.2129,0.0,50.2129,-50.2129,0.0,0.0,-1.0,-49.2129,61962.77480396415,0,-170.82446515536867,27.493090238580248,Down,0,0.6516273404243363,7,54.022,0.0,54.022,-54.022,0.0,0.0,-1.0,-49.2129,61955.896945984976,0,-177.7023231345447,28.600036892255652,Down,0,-0.4584326511981213,8,59.863,0.0,59.863,-59.863,0.0,0.0,-1.0,-49.2129,61976.94164324824,0,-156.6576258712812,25.213029297200276,Down,0,2.9377128264793235,14,145.816,0.0,145.816,-145.816,0.0,0.0,-1.0,-73.953,62056.28765553252,0,-77.31161358700047,12.442803007780114,Down,0,15.73202989080442,364,7713.020815999988,6872.786418999989,840.234397,6032.552021999994,0.8910628640782342,0.8021978021978022,0.7821257281564691,1265.284449,61975.8573501635,0,-2.762760248791552,2.762760248791552,62001.50046775751,0,-6.899502378328561,6.899502378328561,61915.37729509766,0,7.000651996367812,-7.000651996367812,60,12.442803007780114,Down,15.73202989080442
5m,300,btc-up-or-down-5m,btc-updown-5m,btc-updown-5m-1780660500,0x3a642d855643234adb4cfdc50becc477fd84c9c12751af76cf2a7d72a8fca282,1780660500,1780660800,2026-06-05T11:55:00Z,2026-06-05T12:00:00Z,True,61958.73727169882,61915.377295097656,gamma_finalPrice,61958.73727169882,0,61915.37729509766,0,61915.37729509766,0,-7.275957614183426e-12,-1.1743230954299806e-12,Down,-43.35997660116118,43.35997660116118,6.998202111676494,96843.40232700002,0.01,0.5,0.51,3466,3466,0,truncated_http_400_at_offset_3500,61932.535619768656,0,-26.20165193016146,4.228887334366272,Down,0,2.7708702354277452,128,4643.164612999997,3937.113215000001,706.051398,3231.0618170000002,0.8479374614410217,0.8125,0.6958749228820422,2141.5941850000004,61939.615488102245,0,-19.12178359657264,3.0862126051279275,Down,0,3.913963057821999,199,5356.942630999991,4557.899637999999,799.042993,3758.8566450000008,0.8508397330268155,0.7587939698492462,0.7016794660536299,2141.5941850000004,61941.21657270964,0,-17.52069898917398,2.827801172309719,Down,0,4.172450925694724,314,6854.875349999992,5548.033468,1306.8418819999995,4241.191585999999,0.8093558503583885,0.7197452229299363,0.6187117007167758,2141.5941850000004,61945.88015484963,0,-12.857116849190788,2.075109567325478,Down,0,4.925327095268132,597,10671.295537999995,7538.923780999996,3132.3717570000013,4406.552023999995,0.7064675281604031,0.7319932998324958,0.4129350563208061,2141.5941850000004,61981.0828346801,0,22.345562981281546,3.6065233032901776,Up,1,10.606525105466313,1563,21072.412276999887,13556.864478999969,7515.547797999997,6041.316680999989,0.6433465851366724,0.6007677543186181,0.2866931702733419,2141.5941850000004,61893.278906822015,0,3.569764697917625,-3.569764697917625,,,,,61595.72305514252,0,51.761332016183204,-51.761332016183204,60,3.6065233032901776,Up,10.606525105466313
5m,300,btc-up-or-down-5m,btc-updown-5m,btc-updown-5m-1780660800,0xb0d06a90dcf1c572f333282cecf979454e0327d06a3c0394e611e7b22b7b76a9,1780660800,1780661100,2026-06-05T12:00:00Z,2026-06-05T12:05:00Z,True,61915.377295097656,61595.723055142524,gamma_finalPrice,61915.37729509766,0,61595.72305514252,0,61595.72305514252,0,7.275957614183426e-12,1.1751454859921403e-12,Down,-319.65423995513265,319.65423995513265,51.62760107745355,73959.20042399995,0.01,0.5,0.51,2418,2418,0,ok,61610.531325,0,-304.84597009765275,49.23590607301199,Down,0,2.4038178911107786,1,0.25,0.0,0.25,-0.25,0.0,0.0,-1.0,-0.25,61597.396509318845,0,-317.98078577881097,51.357320211951304,Down,0,0.2716798117199199,2,5.2,0.0,5.2,-5.2,0.0,0.0,-1.0,-4.95,61604.00315456348,0,-311.3741405341789,50.290275879306144,Down,0,1.3441749731364774,2,5.2,0.0,5.2,-5.2,0.0,0.0,-1.0,-4.95,61635.97534839581,0,-279.4019467018443,45.12642237003162,Down,0,6.532782588620459,3,11.2,0.0,11.2,-11.2,0.0,0.0,-1.0,-6.0,61631.01956709511,0,-284.35772800254927,45.926834402907566,Down,0,5.72870988338837,16,61.858200000000004,0.0,61.858200000000004,-61.858200000000004,0.0,0.0,-1.0,-14.1176,61673.07353001628,0,-12.549888888150194,12.549888888150194,61763.250605278685,0,-27.16099982927062,27.16099982927062,61993.77341112733,0,-64.41513942966682,64.41513942966682,60,45.926834402907566,Down,5.72870988338837
5m,300,btc-up-or-down-5m,btc-updown-5m,btc-updown-5m-1780661100,0x58822c3e5aa5a3c645c69f033708288f5552545c607ab7e8cff55d85179337e5,1780661100,1780661400,2026-06-05T12:05:00Z,2026-06-05T12:10:00Z,True,61595.723055142524,61993.77341112733,gamma_finalPrice,61595.72305514252,0,61993.77341112733,0,61993.77341112733,0,0.0,0.0,Up,398.05035598480754,398.05035598480754,64.62305112133511,51197.197980000004,0.99,0.5,0.51,1308,1308,0,ok,61982.46137884671,0,386.73832370418677,62.78655473497176,Up,0,1.8248710861688386,0,0.0,0.0,0.0,0.0,,,,0.0,61992.978594397675,-1,397.25553925515123,64.49401347225277,Up,0,0.12820994449946105,0,0.0,0.0,0.0,0.0,,,,0.0,61995.302643173614,0,399.5795880310907,64.8713203144598,Up,0,-0.24667206096339542,2,0.5,0.0,0.5,-0.5,0.0,0.0,-1.0,-0.5,62001.47063298227,0,405.7475778397493,65.87268688712537,Up,0,-1.2415350159867016,6,5.48,0.0,5.48,-5.48,0.0,0.0,-1.0,-3.98,62023.610520072776,0,427.88746493025246,69.46707396342981,Up,0,-4.811762444155245,12,23.93,0.0,23.93,-23.93,0.0,0.0,-1.0,-14.5,61990.99888598794,0,-0.44755901687744176,0.44755901687744176,62133.22455,0,22.469116281357614,-22.469116281357614,62094.58323341886,0,16.248074709935604,-16.248074709935604,60,69.46707396342981,Up,-4.811762444155245
5m,300,btc-up-or-down-5m,btc-updown-5m,btc-updown-5m-1780661400,0x4ac080f7f1e1deb7a64f311431fcf5d8c4068ba818bc74858204bbb8cb1755aa,1780661400,1780661700,2026-06-05T12:10:00Z,2026-06-05T12:15:00Z,True,61993.77341112733,62094.58323341887,gamma_finalPrice,61993.77341112733,0,62094.58323341886,0,62094.58323341886,0,7.275957614183426e-12,1.1736594199438514e-12,Up,100.80982229153597,100.80982229153597,16.26128185858122,66380.28082999992,0.99,0.51,0.52,2484,2484,0,ok,62094.48144500749,0,100.70803388016066,16.244862723920665,Up,0,0.016392491824168937,1,0.24980000000000002,0.0,0.24980000000000002,-0.24980000000000002,0.0,0.0,-1.0,-0.24980000000000002,62094.7650313253,0,100.99162019797222,16.290607046649807,Up,0,-0.029277536113983916,1,0.24980000000000002,0.0,0.24980000000000002,-0.24980000000000002,0.0,0.0,-1.0,-0.24980000000000002,62103.729972608875,0,109.95656148154376,17.736710548709322,Up,0,-1.4729248683712564,3,1.4998,0.0,1.4998,-1.4998,0.0,0.0,-1.0,-1.0,62094.65276217464,0,100.8793510473115,16.27249730038284,Up,0,-0.011197227395861143,7,53.3758,0.0,53.3758,-53.3758,0.0,0.0,-1.0,-24.8589,62126.34563958006,0,132.57222845272918,21.38476513980574,Up,0,-5.113857566765172,232,8685.734360999995,8219.644660999997,466.0896999999998,7753.554960999999,0.9463384809357286,0.728448275862069,0.8926769618714573,4923.287082999998,62132.332896453874,0,6.077533818433152,-6.077533818433152,62187.44791485894,0,14.9441874846843,-14.9441874846843,62283.38796470902,0,30.359857857859396,-30.359857857859396,60,21.38476513980574,Up,-5.113857566765172
5m,300,btc-up-or-down-5m,btc-updown-5m,btc-updown-5m-1780661700,0x7c14f09e71bb182429f08a3f7391d7223fb5483f0913b9681b0f7fe0f0cc208b,1780661700,1780662000,2026-06-05T12:15:00Z,2026-06-05T12:20:00Z,True,62094.58323341887,62283.38796470902,gamma_finalPrice,62094.58323341886,0,62283.38796470902,0,62283.38796470902,0,0.0,0.0,Up,188.80473129015445,188.80473129015445,30.405990580598836,60017.64761799997,0.99,0.5,0.51,2324,2324,0,ok,62292.18232363248,0,197.5990902136109,31.8222749753902,Up,0,-1.4118914194343481,0,0.0,0.0,0.0,0.0,,,,0.0,62293.263634208444,0,198.6804007895771,31.996414251259313,Up,0,-1.5854767957485474,3,32.9374,0.0,32.9374,-32.9374,0.0,0.0,-1.0,-31.9374,62282.9714,0,188.388166581135,30.338905065675007,Up,0,0.06688237677485266,3,32.9374,0.0,32.9374,-32.9374,0.0,0.0,-1.0,-31.9374,62289.90994245994,0,195.32670904107363,31.456320160298645,Up,0,-1.0470908078131769,9,109.9842,0.0,109.9842,-109.9842,0.0,0.0,-1.0,-69.2604,62265.974659509695,0,171.39142609082774,27.60167105825522,Up,0,2.7962094619980125,25,313.9691,0.0,313.9691,-313.9691,0.0,0.0,-1.0,-72.87389999999999,62251.98158021548,0,-5.043769536978301,5.043769536978301,62193.36991148873,0,-14.463434049637943,14.463434049637943,62346.21983620494,0,10.082977540862336,-10.082977540862336,60,27.60167105825522,Up,2.7962094619980125
5m,300,btc-up-or-down-5m,btc-updown-5m,btc-updown-5m-1780662000,0x7c24dc60d97eeca08c07cd6b6bca95b9ba3fcf8d83f0ae5af060c690f65f5cc5,1780662000,1780662300,2026-06-05T12:20:00Z,2026-06-05T12:25:00Z,True,62283.38796470902,62346.21983620494,gamma_finalPrice,62283.38796470902,0,62346.21983620494,0,62346.21983620494,0,0.0,0.0,Up,62.83187149591686,62.83187149591686,10.088062571599126,38898.78605600001,0.18,0.5,0.51,1704,1704,0,ok,62356.24585519291,0,72.85789048388688,11.69780464177215,Up,0,-1.6079905002654138,0,0.0,0.0,0.0,0.0,,,,0.0,62354.4573201234,0,71.06935541437997,11.410643790708567,Up,0,-1.3211610583507503,0,0.0,0.0,0.0,0.0,,,,0.0,62354.758379277715,0,71.37041456869338,11.458980781381586,Up,0,-1.3694428397129592,0,0.0,0.0,0.0,0.0,,,,0.0,62348.55643880295,0,65.16847409393085,10.46321920234278,Up,0,-0.3747715290228146,0,0.0,0.0,0.0,0.0,,,,0.0,62289.22987634023,0,5.84191163120704,0.9379566240868562,Up,0,9.145064902158323,0,0.0,0.0,0.0,0.0,,,,0.0,62236.680365809814,0,-17.584997370442547,17.584997370442547,62243.29889204758,0,-16.521609300576092,16.521609300576092,62156.55444,0,-30.467681387230044,30.467681387230044,60,0.9379566240868562,Up,9.145064902158323
5m,300,btc-up-or-down-5m,btc-updown-5m,btc-updown-5m-1780662300,0xa629e831aaff3b398586f93df388fd73e33dc201c86b609a1c9a51fb9150950a,1780662300,1780662600,2026-06-05T12:25:00Z,2026-06-05T12:30:00Z,True,62346.21983620494,62156.55444,gamma_finalPrice,62346.21983620494,0,62156.55444,0,62156.55444,0,0.0,0.0,Down,-189.6653962049386,189.6653962049386,30.42131450843767,1912.367242,0.51,0.5,0.51,0,0,0,ok,62166.25600512877,0,-179.96383107616566,28.865235382187397,Down,0,1.5607055718467187,0,0.0,0.0,0.0,0.0,,,,0.0,62114.64051703477,0,-231.57931917016685,37.14408343899094,Down,0,-6.745557499313482,0,0.0,0.0,0.0,0.0,,,,0.0,62112.06302024737,0,-234.15681595756905,37.557500129557546,Down,0,-7.160524123136806,0,0.0,0.0,0.0,0.0,,,,0.0,62155.05,0,-191.16983620493556,30.662618633042086,Down,0,-0.2420433726747825,0,0.0,0.0,0.0,0.0,,,,0.0,62146.7234925213,0,-199.4963436836406,31.998145871193863,Down,0,-1.5817680213603882,0,0.0,0.0,0.0,0.0,,,,0.0,62209.70439371569,0,-8.547327458417197,8.547327458417197,62014.72727257039,0,22.843805290461198,-22.843805290461198,61702.36323858811,0,73.34041759212379,-73.34041759212379,60,31.998145871193863,Down,-1.5817680213603882
5m,300,btc-up-or-down-5m,btc-updown-5m,btc-updown-5m-1780662600,0x5be333d6ed6c9c40e1508b1d2ced728d1c63c9c4b91e6afe24287bb94ee1df16,1780662600,1780662900,2026-06-05T12:30:00Z,2026-06-05T12:35:00Z,True,62156.55444,61702.363238588114,gamma_finalPrice,62156.55444,0,61702.36323858811,0,61702.36323858811,0,7.275957614183426e-12,1.1705857378576124e-12,Down,-454.19120141188614,454.19120141188614,73.07213302023023,874.476807,0.5,0.5,0.51,0,0,0,ok,61709.18331187949,0,-447.37112812051055,71.97489181166885,Down,0,1.1052569210820296,0,0.0,0.0,0.0,0.0,,,,0.0,61724.54874152905,0,-432.00569847095176,69.50283881774186,Down,0,3.5949215327423354,0,0.0,0.0,0.0,0.0,,,,0.0,61763.50975476852,0,-393.04468523147807,63.23463209513743,Down,0,9.905007707335313,0,0.0,0.0,0.0,0.0,,,,0.0,61878.87905152534,0,-277.67538847465767,44.67354906918126,Down,0,28.56678403710826,0,0.0,0.0,0.0,0.0,,,,0.0,61834.77151619362,0,-321.7829238063787,51.76974925741696,Down,0,21.43619868970336,0,0.0,0.0,0.0,0.0,,,,0.0,61673.50675361938,0,4.67781673948888,-4.67781673948888,61645.14875078891,0,9.276959215432882,-9.276959215432882,61885.021621615175,0,-29.559411137816735,29.559411137816735,60,51.76974925741696,Down,21.43619868970336
5m,300,btc-up-or-down-5m,btc-updown-5m,btc-updown-5m-1780662900,0xc4d78681904b3ccda56b43c43e108a9a7b7896f3317261053c1770684cd88f58,1780662900,1780663200,2026-06-05T12:35:00Z,2026-06-05T12:40:00Z,True,61702.363238588114,61885.02162161517,gamma_finalPrice,61702.36323858811,0,61885.021621615175,0,61885.021621615175,0,-7.275957614183426e-12,-1.1792024214776114e-12,Up,182.6583830270538,182.6583830270538,29.603142155310646,194.97372200000004,0.51,0.5,0.51,0,0,0,ok,61865.385637604086,0,163.02239901597204,26.420770690030764,Up,0,3.173481948184647,0,0.0,0.0,0.0,0.0,,,,0.0,61888.749737351936,0,186.3864987638226,30.2073517092224,Up,0,-0.6024080379815053,0,0.0,0.0,0.0,0.0,,,,0.0,61911.464539885405,0,209.10130129729077,33.888702202336496,Up,0,-4.271998259771646,0,0.0,0.0,0.0,0.0,,,,0.0,61977.67497645988,0,275.3117378717652,44.61931819486416,Up,0,-14.960657998082734,0,0.0,0.0,0.0,0.0,,,,0.0,61920.89099733855,0,218.5277587504388,35.416432577378735,Up,0,-5.794452941419318,0,0.0,0.0,0.0,0.0,,,,0.0,61879.31926869859,0,-0.9214856039457076,0.9214856039457076,61858.01362354005,0,-4.365174726879905,4.365174726879905,61929.5615002921,0,7.194609790725342,-7.194609790725342,60,35.416432577378735,Up,-5.794452941419318
5m,300,btc-up-or-down-5m,btc-updown-5m,btc-updown-5m-1780663200,0xbef5306cec2fba03daa428ea113b28e2e6b5a01500d0369bc04c8e7f555ce216,1780663200,1780663500,2026-06-05T12:40:00Z,2026-06-05T12:45:00Z,True,61885.02162161517,61929.56150029209,gamma_finalPrice,61885.021621615175,0,61929.5615002921,0,61929.5615002921,0,-7.275957614183426e-12,-1.1757219151785967e-12,Up,44.539878676921944,44.539878676921944,7.197198532021694,133.727056,0.51,0.5,0.51,0,0,0,ok,61926.50083212617,0,41.47921051100275,6.702625194933262,Up,0,0.49422985179805395,0,0.0,0.0,0.0,0.0,,,,0.0,61910.041,-1,25.019378384829906,4.042881092909104,Up,0,3.1525457219902404,0,0.0,0.0,0.0,0.0,,,,0.0,61902.55825172265,0,17.53663010748278,2.8337438766212846,Up,0,4.361267343485821,0,0.0,0.0,0.0,0.0,,,,0.0,61937.8132861053,0,52.79166449013428,8.530604515729092,Up,0,-1.3323582322866023,0,0.0,0.0,0.0,0.0,,,,0.0,62011.639758773155,0,126.6181371579878,20.46022346605478,Up,0,-13.244711144623516,0,0.0,0.0,0.0,0.0,,,,0.0,61937.922743322415,0,1.350030331864307,-1.350030331864307,61966.152882277805,0,5.906803674683849,-5.906803674683849,61915.06976064451,0,-2.3403097197143525,2.3403097197143525,60,20.46022346605478,Up,-13.244711144623516
5m,300,btc-up-or-down-5m,btc-updown-5m,btc-updown-5m-1780663500,0xacbac43898802de76bef702fd1211222fd1ca6fd68a02434b90952c4b387f7d6,1780663500,1780663800,2026-06-05T12:45:00Z,2026-06-05T12:50:00Z,True,61929.56150029209,61915.06976064451,gamma_finalPrice,61929.5615002921,0,61915.06976064451,0,61915.06976064451,0,0.0,0.0,Down,-14.49173964757938,14.49173964757938,2.340035888597569,20603.22496699999,0.01,0.5,0.51,486,486,0,ok,61926.34027285269,0,-3.2212274393968983,0.5201437506354224,Down,0,1.820152441134301,111,1687.6153319999999,1552.5541449999998,135.06118700000002,1417.4929580000005,0.9199692107324372,0.7837837837837838,0.8399384214648749,1075.7605509999999,61927.80810851153,0,-1.7533917805631063,0.28312678760931265,Down,0,2.057178923990526,195,2615.6718010000004,2180.624036999999,435.047764,1745.5762730000013,0.8336764712477774,0.6666666666666666,0.6673529424955562,1075.7605509999999,61932.636890043614,0,3.075389751524199,0.4965947888246704,Up,1,2.836892178628391,394,4267.872291000002,2695.3189060000004,1572.5533849999981,1122.7655210000028,0.6315369163420919,0.5304568527918782,0.2630738326841847,1075.7605509999999,61935.47845337636,0,5.916953084270062,0.9554327434148157,Up,1,3.295696823450079,486,5080.606256999999,3328.7950850000007,1751.8111719999972,1576.983913000004,0.6551964306255039,0.5452674897119342,0.31039286125100807,1075.7605509999999,61942.76936811706,0,13.207867824967252,2.1327242604333563,Up,1,4.472806586840418,486,5080.606256999999,3328.7950850000007,1751.8111719999972,1576.983913000004,0.6551964306255039,0.5452674897119342,0.31039286125100807,1075.7605509999999,61928.09290807487,0,-2.1031677805590827,2.1031677805590827,61839.10977576836,0,12.275948125540319,-12.275948125540319,61877.95698883744,0,5.99593917257598,-5.99593917257598,60,2.1327242604333563,Up,4.472806586840418
5m,300,btc-up-or-down-5m,btc-updown-5m,btc-updown-5m-1780663800,0x1a10d51eac5d030c7510e45edbaae87126adb468f6cc2b5504d70cc1bab6a311,1780663800,1780664100,2026-06-05T12:50:00Z,2026-06-05T12:55:00Z,True,61915.06976064451,61877.956988837446,gamma_finalPrice,61915.06976064451,0,61877.95698883744,0,61877.95698883744,0,7.275957614183426e-12,1.1751513229834543e-12,Down,-37.11277180706384,37.11277180706384,5.99414196746235,69320.13060200003,0.01,0.09,0.1,3279,3279,0,ok,61879.54049618301,0,-35.529264461496496,5.738387213136955,Down,0,0.25590487491052455,114,2314.0462229999985,2285.466422999999,28.5798,2256.8866229999994,0.9876494256182369,0.9473684210526315,0.9752988512364738,1707.8907329999995,61879.06579723553,0,-36.00396340897714,5.815056584473491,Down,0,0.17919118820971655,191,3590.9434369999954,3517.399139999995,73.544297,3443.8548429999964,0.9795195055866873,0.8900523560209425,0.9590390111733751,1707.8907329999995,61884.51851943962,0,-30.551241204891994,4.93437887141193,Down,0,1.0603424957958876,282,4753.435294999993,4608.234001999994,145.20129300000002,4463.032708999997,0.9694533986498707,0.8900709219858156,0.9389067972997419,1707.8907329999995,61872.13098882098,0,-42.93877182353026,6.935108365302,Down,0,-0.9415750915391888,479,6609.656148999991,6036.951762999991,572.7043860000003,5464.247376999993,0.913353376773367,0.81419624217119,0.8267067535467344,1707.8907329999995,61902.123682531004,0,-12.946078113505791,2.090941375589759,Down,0,3.904779164716105,851,11218.400212999955,9678.708956999975,1539.6912559999987,8139.017700999984,0.8627530461771389,0.7414806110458284,0.7255060923542768,1707.8907329999995,61880.74192018426,0,-0.45005827821808425,0.45005827821808425,61920.97970080894,0,-6.950417322452605,6.950417322452605,61911.804448279174,0,-5.468539545159128,5.468539545159128,60,2.090941375589759,Down,3.904779164716105
5m,300,btc-up-or-down-5m,btc-updown-5m,btc-updown-5m-1780664100,0x59dce16a7db16a4196ad73a5ca78008def3815394879f01620c789e6e2976512,1780664100,1780664400,2026-06-05T12:55:00Z,2026-06-05T13:00:00Z,True,61877.956988837446,61911.804448279174,gamma_finalPrice,61877.95698883744,0,61911.804448279174,0,61911.804448279174,0,0.0,0.0,Up,33.84745944172755,33.84745944172755,5.470035063994358,75265.93609599996,0.99,0.5,0.51,3217,3217,0,ok,61914.97922573653,0,37.02223689908715,5.98310589112789,Up,0,-0.5127771817794323,112,5365.885023999992,4834.153225999996,531.7317979999998,4302.421428000001,0.9009051078020271,0.7053571428571429,0.8018102156040545,2417.8781240000003,61909.83703228865,0,31.880043451201345,5.152084038093305,Up,0,0.317782249881876,206,6244.357808999991,5665.167610999993,579.1901979999997,5085.977412999995,0.9072458344451031,0.7524271844660194,0.8144916688902063,2417.8781240000003,61897.84592213786,0,19.888933300411736,3.2142194520093197,Up,0,2.2548365428220283,287,6866.896247999988,6125.8806539999905,741.0155939999997,5384.865059999994,0.8920887155946442,0.7456445993031359,0.7841774311892884,2417.8781240000003,61899.31804951594,0,21.36106067849323,3.4521276586986684,Up,0,2.017007608632591,492,8513.044903999975,7229.86372699999,1283.1811769999993,5946.682549999998,0.8492688348916069,0.6971544715447154,0.6985376697832129,2417.8781240000003,61916.30386386056,0,38.34687502311135,6.197178589789088,Up,0,-0.7267195864805603,816,12345.17133799997,10423.276084999989,1921.8952529999983,8501.38083199999,0.8443200826962888,0.6801470588235294,0.6886401653925762,2417.8781240000003,61944.89236567138,0,5.342935671705685,-5.342935671705685,61976.58780716514,0,10.45834296682522,-10.45834296682522,62022.1080386616,0,17.800393337724753,-17.800393337724753,60,6.197178589789088,Up,-0.7267195864805603
5m,300,btc-up-or-down-5m,btc-updown-5m,btc-updown-5m-1780664400,0xc23161de5e645d78656f1dd3a4bc255eb57e3b214aa437f07b03daea5ab8a241,1780664400,1780664700,2026-06-05T13:00:00Z,2026-06-05T13:05:00Z,True,61911.804448279174,62022.1080386616,gamma_finalPrice,61911.804448279174,0,62022.1080386616,0,62022.1080386616,0,0.0,0.0,Up,110.3035903824275,110.3035903824275,17.81624544226854,96660.86792399938,0.99,0.42,0.44,3486,3486,0,truncated_http_400_at_offset_3500,62023.47391920568,0,111.66947092650662,18.0368625856794,Up,0,-0.22022236061589065,1,0.25,0.0,0.25,-0.25,0.0,0.0,-1.0,-0.25,62013.381808533595,0,101.57736025442136,16.40678399856341,Up,0,1.4070537639102543,2,2.3983,0.0,2.3983,-2.3983,0.0,0.0,-1.0,-2.1483,62004.006753161804,0,92.20230488263041,14.892524245462072,Up,0,2.9189474585575925,10,295.2585,0.0,295.2585,-295.2585,0.0,0.0,-1.0,-205.7302,61977.88989933304,0,66.08545105386293,10.67412776008982,Up,0,7.131958377123765,233,7851.585056000001,7244.610257000002,606.9747989999998,6637.635458000004,0.9226939790283285,0.7124463519313304,0.8453879580566571,3363.287200000001,62011.13658684486,0,99.33213856568909,16.044135597545164,Up,0,1.7691147044462765,631,13097.379619999992,11890.871538,1206.5080819999994,10684.363456000005,0.9078817200840977,0.6862123613312203,0.8157634401681954,3363.287200000001,62056.80219,0,5.59227223685843,-5.59227223685843,62000.299257539154,0,-3.516909858901488,3.516909858901488,61918.14127642031,0,-16.77692068584221,16.77692068584221,60,16.044135597545164,Up,1.7691147044462765
5m,300,btc-up-or-down-5m,btc-updown-5m,btc-updown-5m-1780664700,0x024961cb57eaa78ff05f26e319f3853fc95f9ab8681d2310b60727369eb25a8e,1780664700,1780665000,2026-06-05T13:05:00Z,2026-06-05T13:10:00Z,True,62022.1080386616,61918.14127642031,gamma_finalPrice,62022.1080386616,0,61918.14127642031,0,61918.14127642031,0,0.0,0.0,Down,-103.96676224128896,103.96676224128896,16.762855299352463,84409.33050399985,0.01,0.5,0.51,3482,3482,0,truncated_http_400_at_offset_3500,61919.24844657452,0,-102.85959208707936,16.584343122126974,Down,0,0.17881031838882158,5,7.7964,0.0,7.7964,-7.7964,0.0,0.0,-1.0,-4.8015,61900.81032211823,0,-121.29771654336946,19.557174107619545,Down,0,-2.7994025456551537,6,8.2617,0.0,8.2617,-8.2617,0.0,0.0,-1.0,-4.8015,61889.94767944155,0,-132.16035922004812,21.308588727372136,Down,0,-4.554403141810377,7,10.2417,0.0,10.2417,-10.2417,0.0,0.0,-1.0,-4.8015,61935.37246681845,0,-86.73557184314996,13.984621707647083,Down,0,2.7825113698482573,88,3733.928300999998,3432.7660009999986,301.1623,3131.603700999999,0.9193443805765247,0.5,0.8386887611530495,1463.4611999999997,61902.09666121104,0,-120.01137745055894,19.349774015380067,Down,0,-2.591598201766253,525,10866.500320999972,9898.472028999988,968.0282920000005,8930.443736999992,0.9109162781572621,0.7180952380952381,0.821832556314523,1463.4611999999997,61938.689799808824,0,-3.3181090454987996,3.3181090454987996,61946.56146763121,0,-4.588908878803112,4.588908878803112,61938.37457702748,0,-3.2672162054198863,3.2672162054198863,60,19.349774015380067,Down,-2.591598201766253
5m,300,btc-up-or-down-5m,btc-updown-5m,btc-updown-5m-1780665000,0xe8dfc4214346552b1507e7173701b01a61791d903783def38d5b1614ab50129c,1780665000,1780665300,2026-06-05T13:10:00Z,2026-06-05T13:15:00Z,True,61918.14127642031,61938.37457702748,gamma_finalPrice,61918.14127642031,0,61938.37457702748,0,61938.37457702748,0,0.0,0.0,Up,20.23330060717126,20.23330060717126,3.267749998638365,125540.24877100003,0.99,0.58,0.59,3463,3463,0,truncated_http_400_at_offset_3500,61934.55431673946,0,16.413040319144784,2.650764377094634,Up,0,0.6168030938408636,76,1405.8230620000002,1323.066764,82.75629800000002,1240.3104660000001,0.9411332049978846,0.6447368421052632,0.8822664099957694,510.152132,61941.54683781255,0,23.40556139223918,3.780081396137208,Up,0,-0.5121509199440806,216,2760.827301999998,2279.7884129999984,481.038889,1798.7495239999985,0.8257627745670563,0.5370370370370371,0.6515255491341123,510.152132,61971.146749871834,0,53.00547345152154,8.560572452407758,Up,0,-5.289694166770525,311,6298.903798999997,5640.2028109999965,658.7009879999999,4981.501822999995,0.8954260917424116,0.5466237942122186,0.7908521834848231,2523.3748150000006,61977.87447423861,0,59.73319781829923,9.647123861750488,Up,0,-6.375257296990319,454,8331.586692,6749.655506,1581.9311860000003,5167.7243199999975,0.8101284611826733,0.5682819383259912,0.6202569223653464,2523.3748150000006,62012.54177714967,0,94.40050072935992,15.24601656046635,Up,0,-11.967190103173337,1083,21696.026866999946,19222.52009199996,2473.506775,16749.013316999983,0.8859926386447172,0.6906740535549399,0.7719852772894349,4725.731112999988,61938.71046776949,0,0.054229681282520155,-0.054229681282520155,61889.3513230641,0,-7.91797736222226,7.91797736222226,62023.17791036395,0,13.682201434933312,-13.682201434933312,60,15.24601656046635,Up,-11.967190103173337
5m,300,btc-up-or-down-5m,btc-updown-5m,btc-updown-5m-1780665300,0x1bcce209163be35f6938450111d7d000891669f0ae877a7cff1a437a0397e376,1780665300,1780665600,2026-06-05T13:15:00Z,2026-06-05T13:20:00Z,True,61938.37457702748,62023.17791036395,gamma_finalPrice,61938.37457702748,0,62023.17791036395,0,62023.17791036395,0,0.0,0.0,Up,84.80333333646558,84.80333333646558,13.691565837105218,91052.98314199994,0.99,0.51,0.52,3427,3427,0,ok,62019.436,0,81.0614229725179,13.08743142293938,Up,0,0.6033265902935034,5,20.856900000000003,0.0,20.856900000000003,-20.856900000000003,0.0,0.0,-1.0,-10.4,62027.89361120095,0,89.5190341734633,14.452919500193874,Up,0,-0.760283773679764,10,34.9125,0.0,34.9125,-34.9125,0.0,0.0,-1.0,-10.4,62050.39234583285,0,112.01776880536636,18.08535815967521,Up,0,-4.38682240692148,13,160.3851,0.0,160.3851,-160.3851,0.0,0.0,-1.0,-100.98,62052.976215677925,0,114.6016386504416,18.502526007995463,Up,0,-4.803228484436308,27,823.2794,0.0,823.2794,-823.2794,0.0,0.0,-1.0,-514.899,62042.17844266061,0,103.8038656331264,16.75921693812523,Up,0,-3.0629876064908954,516,10989.09750899999,9460.725214999999,1528.3722939999998,7932.3529210000015,0.8609192162733776,0.7790697674418605,0.7218384325467548,2822.886131000001,62054.82266171388,0,5.1007836828678155,-5.1007836828678155,62241.32837318716,0,35.11069949959321,-35.11069949959321,62082.67709321946,0,9.588457758475306,-9.588457758475306,60,16.75921693812523,Up,-3.0629876064908954
5m,300,btc-up-or-down-5m,btc-updown-5m,btc-updown-5m-1780665600,0x1db8f91cc84b9914c6aa1c7c812b0582a53bb0daa4b8155eea9869506613b846,1780665600,1780665900,2026-06-05T13:20:00Z,2026-06-05T13:25:00Z,True,62023.17791036395,62082.67709321947,gamma_finalPrice,62023.17791036395,0,62082.67709321946,0,62082.67709321946,0,7.275957614183426e-12,1.173103001058517e-12,Up,59.49918285552121,59.49918285552121,9.593056154186355,97297.60864599995,0.99,0.81,0.82,3474,3474,0,truncated_http_400_at_offset_3500,62060.5366534693,0,37.358743105352914,6.02335197324843,Up,0,3.566919095566851,50,2269.3965539999995,2139.5949539999997,129.8016,2009.793354,0.9428034735616331,0.74,0.8856069471232662,1338.0543,62077.179335018176,0,54.00142465422687,8.706652331209126,Up,0,0.8855935183956973,121,3153.6432579999973,2903.7962579999976,249.847,2653.949257999998,0.9207751227516933,0.8264462809917356,0.8415502455033866,1338.0543,62078.01162397972,0,54.83371361577156,8.84084232107832,Up,0,0.751521160222973,178,4930.609403999997,4653.762404999996,276.846999,4376.9154059999955,0.943851362718895,0.8707865168539326,0.8877027254377902,1338.0543,62096.38090031301,0,73.20298994905897,11.802521640353888,Up,0,-2.207104381461473,383,10792.552220999996,9578.621423999992,1213.9307970000004,8364.690627,0.8875214340276293,0.7911227154046997,0.7750428680552597,2421.268376,62055.56249729588,0,32.38458693193388,5.221368530767025,Up,0,4.36845188786782,962,21894.493829999934,19660.621046999906,2233.872783,17426.748263999965,0.8979710241147861,0.7515592515592515,0.7959420482295761,4088.905921,62061.167750461354,0,-3.4652290655942384,3.4652290655942384,62150.81604952145,0,10.969499675311312,-10.969499675311312,62074.59623588182,0,-1.3017130825096648,1.3017130825096648,60,5.221368530767025,Up,4.36845188786782
5m,300,btc-up-or-down-5m,btc-updown-5m,btc-updown-5m-1780665900,0x4144ecc009fd6382da966742f318cbbb9d19d565d6dd441841ea187640dfa18d,1780665900,1780666200,2026-06-05T13:25:00Z,2026-06-05T13:30:00Z,True,62082.67709321947,62074.59623588182,gamma_finalPrice,62082.67709321946,0,62074.59623588182,0,62074.59623588182,0,0.0,0.0,Down,-8.080857337648922,8.080857337648922,1.3016283633380068,107295.87911700005,0.01,0.5,0.51,3222,3222,0,truncated_http_400_at_offset_3500,62092.014611830105,0,9.337518610635016,1.5040457415543438,Up,1,2.805645727723643,98,1454.8902459999995,162.94829800000005,1291.9419479999997,-1128.9936499999997,0.11200040583679885,0.30612244897959184,-0.7759991883264025,-604.3864810000001,62096.365329774904,0,13.688236555433832,2.2048399322214203,Up,1,3.506309984496251,221,2866.622064999998,413.01139299999994,2453.610671999999,-2040.599278999999,0.14407598338220431,0.3665158371040724,-0.7118480332355915,-604.3864810000001,62103.10043873417,0,20.423345514696848,3.28970116479198,Up,1,4.590873259256221,340,3635.4965740000007,641.2154789999998,2994.2810950000003,-2353.0656159999994,0.17637631227210715,0.3911764705882353,-0.6472473754557853,-604.3864810000001,62089.619735804525,0,6.942642585054273,1.1182898209479006,Up,1,2.419940379512353,570,5368.972640999985,1421.7444499999988,3947.2281910000015,-2525.4837410000005,0.26480754234858517,0.4017543859649123,-0.47038491530283205,-604.3864810000001,62121.95301601151,0,39.27592279203964,6.3263900061953455,Up,1,7.626102771787115,905,8360.929474999963,2761.4231170000016,5599.506357999992,-2838.0832409999957,0.3302770493707596,0.4165745856353591,-0.33944590125848517,-604.3864810000001,61945.05099379078,0,20.89109138755932,-20.89109138755932,61883.23865294155,0,30.87464945166077,-30.87464945166077,62140.96820687266,0,-10.686579834848196,10.686579834848196,60,6.3263900061953455,Up,7.626102771787115
5m,300,btc-up-or-down-5m,btc-updown-5m,btc-updown-5m-1780666200,0xda84504142cb98759cbb8cca3cb46da9eb469e67e029ada9d05e10ac98733e2d,1780666200,1780666500,2026-06-05T13:30:00Z,2026-06-05T13:35:00Z,True,62074.59623588182,62140.96820687266,gamma_finalPrice,62074.59623588182,0,62140.96820687266,0,62140.96820687266,0,0.0,0.0,Up,66.37197099084005,66.37197099084005,10.692292018884556,140540.9551449999,0.99,0.65,0.66,3481,3481,0,truncated_http_400_at_offset_3500,62182.95557595416,0,108.35934007234027,17.456310091905817,Up,0,-6.7545118268926965,5,48.5694,0.0,48.5694,-48.5694,0.0,0.0,-1.0,-47.876400000000004,62230.91229039851,0,156.3160545166902,25.181968791660495,Up,0,-14.463735507809643,12,60.39940000000001,0.0,60.39940000000001,-60.39940000000001,0.0,0.0,-1.0,-47.876400000000004,62252.74882215308,0,178.15258627125877,28.699757561738082,Up,0,-17.972072551143036,22,150.80379999999997,0.0,150.80379999999997,-150.80379999999997,0.0,0.0,-1.0,-72.4383,62184.522691448496,0,109.92645556667412,17.70876690827863,Up,0,-7.006525539199218,132,9613.246742,8458.434641999998,1154.8121,7303.622541999997,0.8798728326659233,0.6212121212121212,0.7597456653318467,4501.06277,62162.665300453824,0,88.06906457200239,14.187617787692453,Up,0,-3.490983037150454,743,21453.827122999966,18742.087743999964,2711.739379000002,16030.348364999978,0.8736011358974347,0.7133243606998654,0.7472022717948702,4501.06277,62129.3830082748,0,-1.864515311679897,1.864515311679897,62167.1094855227,0,4.205885815414543,-4.205885815414543,61756.581452635175,0,-62.049328428538736,62.049328428538736,60,14.187617787692453,Up,-3.490983037150454
5m,300,btc-up-or-down-5m,btc-updown-5m,btc-updown-5m-1780666500,0xd52de39016992ef1e555e57d45c1e151bf3862ab4d61c6da34eeaac0b35503e6,1780666500,1780666800,2026-06-05T13:35:00Z,2026-06-05T13:40:00Z,True,62140.96820687266,61756.58145263518,gamma_finalPrice,62140.96820687266,0,61756.581452635175,0,61756.581452635175,0,7.275957614183426e-12,1.1708793448407713e-12,Down,-384.3867542374792,384.3867542374792,61.85722001591967,113069.85103599956,0.01,0.51,0.52,3440,3440,0,ok,61743.39159719048,0,-397.5766096821826,63.97979000884178,Down,0,-2.136009453141418,2,43.4932,0.0,43.4932,-43.4932,0.0,0.0,-1.0,-25.0,61750.2420468375,0,-390.72616003516305,62.877385291841904,Down,0,-1.026567702679254,4,55.8113,0.0,55.8113,-55.8113,0.0,0.0,-1.0,-25.0,61755.22215088899,-1,-385.74605598366907,62.07596487706581,Down,0,-0.22010880038755037,4,55.8113,0.0,55.8113,-55.8113,0.0,0.0,-1.0,-25.0,61803.88155815078,0,-337.0866487218809,54.24547741188877,Down,0,7.656188180837795,11,93.3411,0.0,93.3411,-93.3411,0.0,0.0,-1.0,-30.0,61777.41347385712,0,-363.55473301553866,58.50483883759801,Down,0,3.3726783355145975,27,216.0354,0.0,216.0354,-216.0354,0.0,0.0,-1.0,-101.09899999999999,61806.53715182893,0,-8.08585967718489,8.08585967718489,61721.70973960425,0,5.648233972353492,-5.648233972353492,61792.93297374034,0,-5.884526915852235,5.884526915852235,60,58.50483883759801,Down,3.3726783355145975
5m,300,btc-up-or-down-5m,btc-updown-5m,btc-updown-5m-1780666800,0xeac1de3e35103f6ba3dc0c59f6e0ac56aac7b0c041aab464c4dea28231fd6d7f,1780666800,1780667100,2026-06-05T13:40:00Z,2026-06-05T13:45:00Z,True,61756.58145263518,61792.93297374034,gamma_finalPrice,61756.581452635175,0,61792.93297374034,0,61792.93297374034,0,0.0,0.0,Up,36.35152110515628,36.35152110515628,5.8862586383665745,134326.13333899988,0.99,0.37,0.38,3357,3357,0,truncated_http_400_at_offset_3500,61794.79769731095,0,38.216244675764756,6.188205981750315,Up,0,-0.30176516076863,162,2800.5395869999998,2496.462392999999,304.077194,2192.3851989999994,0.8914219261846839,0.808641975308642,0.7828438523693683,1100.9445200000002,61758.148605,0,1.5671523648197763,0.25376281004506684,Up,0,5.630767325531376,264,3914.6878630000006,2977.209686999999,937.478176,2039.731510999999,0.7605228797778094,0.7272727272727273,0.5210457595556192,1100.9445200000002,61719.595743315826,0,-36.98570931935683,5.988950238076792,Down,1,11.87527124652991,472,11112.406148999995,3569.6362799999997,7542.769869,-3973.133588999998,0.3212298247685296,0.5720338983050848,-0.35754035046294097,-2725.757940999999,61762.87954247976,0,6.298089844574861,1.0198248828596905,Up,0,4.864754031597081,858,15250.291697999972,4381.3282530000015,10868.963444999983,-6487.635191999996,0.28729471801346584,0.42773892773892774,-0.42541056397307003,-2725.757940999999,61779.39988841865,0,22.818435783468885,3.694899433669221,Up,0,2.1903099281749134,1477,23557.725349999946,8943.369801999994,14614.355547999958,-5670.9857459999885,0.3796363897246987,0.48747461069735953,-0.24072722055060386,-2725.757940999999,61765.70662806867,0,-4.407032353232347,4.407032353232347,61715.09029579725,0,-12.605284448676342,12.605284448676342,61223.44426262547,0,-92.58812399077785,92.58812399077785,60,3.694899433669221,Up,2.1903099281749134
5m,300,btc-up-or-down-5m,btc-updown-5m,btc-updown-5m-1780667100,0x279645e00b836ac0aa38f54173bd00609f1024ed1801302cc7ef741ea37b60d8,1780667100,1780667400,2026-06-05T13:45:00Z,2026-06-05T13:50:00Z,True,61792.93297374034,61223.444262625475,gamma_finalPrice,61792.93297374034,0,61223.44426262547,0,61223.44426262547,0,7.275957614183426e-12,1.17747406766975e-12,Down,-569.4887111148637,569.4887111148637,92.1608157613873,82940.35622099962,0.01,,0.01,2942,2942,0,ok,61274.261389851155,0,-518.6715838891832,83.93703922576374,Down,0,8.296829703071905,2,56.779,0.0,56.779,-56.779,0.0,0.0,-1.0,-56.779,61286.28887534722,0,-506.644098393117,81.99062158263658,Down,0,10.259530671474291,2,56.779,0.0,56.779,-56.779,0.0,0.0,-1.0,-56.779,61344.80956625306,0,-448.1234074872773,72.52017114606177,Down,0,19.803715807512784,4,63.085800000000006,0.0,63.085800000000006,-63.085800000000006,0.0,0.0,-1.0,-56.779,61375.37552225085,0,-417.55745148949063,67.57365792410869,Down,0,24.785122347570713,8,63.285799999999995,0.0,63.285799999999995,-63.285799999999995,0.0,0.0,-1.0,-56.779,61508.558284294355,-1,-284.3746894459837,46.02058451681395,Down,0,46.46131874938931,29,351.6246,0.0,351.6246,-351.6246,0.0,0.0,-1.0,-119.4435,61303.647247428904,0,-13.09147148924347,13.09147148924347,61263.86119248994,0,-6.599366551682398,6.599366551682398,61167.67680369386,0,9.112991580624778,-9.112991580624778,60,46.02058451681395,Down,46.46131874938931
5m,300,btc-up-or-down-5m,btc-updown-5m,btc-updown-5m-1780667400,0x746f890097df50454733b9c9c8ad3b2d9df6c82e7db1727c6df23525adcef127,1780667400,1780667700,2026-06-05T13:50:00Z,2026-06-05T13:55:00Z,True,61223.444262625475,61167.67680369386,gamma_finalPrice,61223.44426262547,0,61167.67680369386,0,61167.67680369386,0,0.0,0.0,Down,-55.76745893161569,55.76745893161569,9.108840510898787,142617.98034000004,0.01,0.49,0.5,3471,3471,0,truncated_http_400_at_offset_3500,61159.09850652672,0,-64.34575609875174,10.50998630895915,Down,0,-1.4025215917673435,18,147.341595,48.856995,98.4846,-49.627605,0.3315899695534041,0.1111111111111111,-0.3368200608931918,-23.839199999999998,61162.78132487607,0,-60.66293774940277,9.90844903942053,Down,0,-0.8003695719428197,95,3426.7612999999997,2961.1702999999984,465.591,2495.5792999999976,0.8641308923384884,0.5789473684210527,0.728261784676977,2016.517396,61171.68964990139,0,-51.754612724085746,8.453397770644523,Down,0,0.6560187984121896,159,4792.2550669999955,4191.951468999999,600.303598,3591.6478709999983,0.8747346312733322,0.6289308176100629,0.7494692625466636,2016.517396,61129.829678066795,0,-93.61458455867978,15.29064326356886,Down,0,-6.189353801897718,462,8654.232898999991,7425.176221999993,1229.056677000001,6196.119544999996,0.8579820197418054,0.6060606060606061,0.7159640394836111,2016.517396,61100.65008768648,0,-122.79417493899382,20.05672441626334,Down,0,-10.963873380083886,833,16716.275780999982,14700.640511999965,2015.6352690000006,12685.005242999976,0.8794207935184328,0.6770708283313326,0.7588415870368673,2016.517396,61103.14885916166,0,10.55492185859834,-10.55492185859834,61047.61,0,19.64841640706227,-19.64841640706227,60695.95258204681,-1,77.41876393362944,-77.41876393362944,60,20.05672441626334,Down,-10.963873380083886
5m,300,btc-up-or-down-5m,btc-updown-5m,btc-updown-5m-1780667700,0x8d13064bb97e0fcd4ebbbf0b7e633e0cd3ac4f268a9878f8468d069a7fe5b375,1780667700,1780668000,2026-06-05T13:55:00Z,2026-06-05T14:00:00Z,True,61167.67680369386,60687.967722430956,gamma_finalPrice,61167.67680369386,0,60695.95258204681,-1,60695.95258204681,-1,-7.984859615855385,-1.305405082079754,Down,-479.70908126290306,479.70908126290306,78.425257640966,85183.58298299993,0.01,,0.01,2317,2317,0,ok,60696.75148090831,0,-470.92532278555154,76.98924454772047,Down,0,1.4472593503256717,0,0.0,0.0,0.0,0.0,,,,0.0,60710.14945265383,0,-457.5273510400293,74.7988766204702,Down,0,3.6543780061656053,1,2.80719,0.0,2.80719,-2.80719,0.0,0.0,-1.0,-2.80719,60700.21761488946,0,-467.4591888044015,76.42258350020775,Down,0,2.018300622263572,2,4.80519,0.0,4.80519,-4.80519,0.0,0.0,-1.0,-2.80719,60693.04176761428,0,-474.6350360795768,77.59572716858752,Down,0,0.8360525600506973,3,9.80519,0.0,9.80519,-9.80519,0.0,0.0,-1.0,-5.0,60754.28293386577,0,-413.3938698280908,67.58371274338252,Down,0,10.921276189769097,13,83.78489,0.0,83.78489,-83.78489,0.0,0.0,-1.0,-54.55,60764.099118611695,0,-12.536864646672624,12.536864646672624,60889.07409642777,0,-33.08298251234901,33.08298251234901,60570.25609782986,0,19.415039717410078,-19.415039717410078,60,67.58371274338252,Down,10.921276189769097
5m,300,btc-up-or-down-5m,btc-updown-5m,btc-updown-5m-1780668000,0x3ba12e96443e221abbeebe140507f681248a43a3e866081debff218ce67d3563,1780668000,1780668300,2026-06-05T14:00:00Z,2026-06-05T14:05:00Z,True,60687.967722430956,60570.25609782986,gamma_finalPrice,60695.95258204681,-1,60570.25609782986,0,60570.25609782986,0,0.0,0.0,Down,-117.71162460109917,117.71162460109917,19.396204720427907,156252.79298600022,0.01,0.56,0.57,3489,3489,0,truncated_http_400_at_offset_3500,60566.270435,0,-121.69728743095766,20.05295151545781,Down,0,-0.658044760795332,0,0.0,0.0,0.0,0.0,,,,0.0,60552.17156497484,0,-135.79615745611954,22.376125375825982,Down,0,-2.9861576156238674,7,14.7481,0.0,14.7481,-14.7481,0.0,0.0,-1.0,-11.09,60539.40837791929,0,-148.55934451166831,24.479208991003844,Down,0,-5.09417984290434,17,175.3146,0.0,175.3146,-175.3146,0.0,0.0,-1.0,-132.19469999999998,60552.460359877776,0,-135.50736255318043,22.328538528914255,Down,0,-2.938464162723012,184,10779.633274999987,9879.539174999984,900.0941,8979.445074999985,0.9165004896699508,0.6847826086956522,0.833000979339902,4021.2561749999995,60655.91686689633,0,-32.050855534624134,5.281253720871885,Down,0,14.132390923291094,1109,25453.756480999942,20202.865234999965,5250.891245999996,14951.973988999946,0.79370859268181,0.7303877366997295,0.5874171853636184,4021.2561749999995,60672.3359099205,0,-16.838939933702274,16.838939933702274,60598.73478245749,0,-4.700655662001547,4.700655662001547,61090.57324776122,0,-85.53621163340816,85.53621163340816,60,5.281253720871885,Down,14.132390923291094
5m,300,btc-up-or-down-5m,btc-updown-5m,btc-updown-5m-1780668300,0x00baa8bb82163de353dde6a37b084c62167f114805a41321a61e969efa9dad5a,1780668300,1780668600,2026-06-05T14:05:00Z,2026-06-05T14:10:00Z,True,60570.25609782986,61090.57324776122,gamma_finalPrice,60570.25609782986,0,61090.57324776122,0,61090.57324776122,0,0.0,0.0,Up,520.3171499313612,520.3171499313612,85.90307907745554,179567.90063099968,0.999,0.99,1.0,3495,3495,0,truncated_http_400_at_offset_3500,61081.574613714125,0,511.318515884268,84.41742677435828,Up,0,1.4731072868699444,0,0.0,0.0,0.0,0.0,,,,0.0,61038.951175,0,468.69507717014494,77.3804020925937,Up,0,8.453660337987019,2,3.3215,0.0,3.3215,-3.3215,0.0,0.0,-1.0,-2.8215,61067.599271060775,0,497.3431732309182,82.11013214598862,Up,0,3.76134915865003,3,4.3215,0.0,4.3215,-4.3215,0.0,0.0,-1.0,-2.8215,61150.964805,0,580.7087071701462,95.87357633624933,Up,0,-9.88069409368579,8,34.049,0.0,34.049,-34.049,0.0,0.0,-1.0,-25.5,60985.31,0,415.05390217014065,68.52437630439726,Up,0,17.245547777214433,17,322.22819999999996,0.0,322.22819999999996,-322.22819999999996,0.0,0.0,-1.0,-270.6561,61033.973126012876,0,-9.269246434313391,9.269246434313391,60897.77987346774,0,-31.608515055223286,31.608515055223286,60817.975301274666,0,-44.72178597308547,44.72178597308547,60,68.52437630439726,Up,17.245547777214433
5m,300,btc-up-or-down-5m,btc-updown-5m,btc-updown-5m-1780668600,0x7a2d44a2920ba5c32f6d94c26b9242ef65da2f062d437e70df7224fd2a75240b,1780668600,1780668900,2026-06-05T14:10:00Z,2026-06-05T14:15:00Z,True,61090.57324776122,60817.975301274666,gamma_finalPrice,61090.57324776122,0,60817.975301274666,0,60817.975301274666,0,0.0,0.0,Down,-272.59794648655225,272.59794648655225,44.62193297499334,166087.70056399982,0.01,0.51,0.52,2844,2844,0,ok,60808.72386776408,0,-281.8493799971402,46.13631285698716,Down,0,-1.5212833352594144,2,1.25,0.0,1.25,-1.25,0.0,0.0,-1.0,-1.25,60785.7312414827,0,-304.8420062785153,49.90000749251225,Down,0,-5.303137784915088,5,238.2065,0.0,238.2065,-238.2065,0.0,0.0,-1.0,-226.7199,60789.17373444087,0,-301.3995133203498,49.33650108306933,Down,0,-4.736821412344848,7,238.50650000000002,0.0,238.50650000000002,-238.50650000000002,0.0,0.0,-1.0,-226.7199,60807.5128885557,0,-283.0603592055195,46.334539710002275,Down,0,-1.7204309557939825,92,13194.679283,12685.301883,509.37739999999997,12175.924483,0.9613952420460662,0.7282608695652174,0.9227904840921325,5345.926295,60803.99163149638,0,-286.5816162648407,46.9109391235485,Down,0,-2.2995302892344864,293,53001.15978799998,52264.772387999976,736.3873999999997,51528.384987999954,0.9861062021483021,0.764505119453925,0.972212404296604,23992.161598999995,60855.55397774501,0,-6.176968464358339,6.176968464358339,60912.35038164296,0,-15.505602034196706,15.505602034196706,60754.7066209696,0,10.408372179752769,-10.408372179752769,60,46.9109391235485,Down,-2.2995302892344864
5m,300,btc-up-or-down-5m,btc-updown-5m,btc-updown-5m-1780668900,0xc0323198f2a9c2a6ceabd4500aefb667ed4b6800924443c08ee80e0307d89029,1780668900,1780669200,2026-06-05T14:15:00Z,2026-06-05T14:20:00Z,True,60817.975301274666,60754.70662096959,gamma_finalPrice,60817.975301274666,0,60754.7066209696,0,60754.7066209696,0,-7.275957614183426e-12,-1.1963498584325497e-12,Down,-63.26868030507467,63.26868030507467,10.402957347997845,124998.30161999945,0.01,0.14,0.15,3469,3469,0,truncated_http_400_at_offset_3500,60754.898215894,0,-63.077085380667995,10.371454338656022,Down,0,0.03153576619114428,75,688.6787800000008,567.3623800000003,121.3164,446.0459800000001,0.8238418207106651,0.8666666666666667,0.6476836414213308,297.949892,60774.048131350144,0,-43.92716992452188,7.222728100848372,Down,0,3.1830344321841233,132,2227.1214070000015,1954.4469070000011,272.6744999999999,1681.7724070000008,0.8775663961816519,0.7651515151515151,0.7551327923633037,676.789849,60758.12098525711,0,-59.85431601755408,9.841550252380667,Down,0,0.5619759420760523,214,4694.2389010000015,4319.325602000001,374.9132989999998,3944.4123030000014,0.9201333151322711,0.7429906542056075,0.8402666302645426,1711.0487349999999,60709.772143224625,0,-108.20315805004066,17.791312110282117,Down,0,-7.398785266601325,466,11550.910919000007,9603.16782,1947.7430990000012,7655.424721000004,0.8313775326761305,0.7188841201716738,0.6627550653522618,1740.038239,60663.240361028824,0,-154.73494024584215,25.442303772746463,Down,0,-15.066352135951929,841,18051.386296999965,15332.562413999975,2718.823883,12613.738530999985,0.8493842058295632,0.6896551724137931,0.6987684116591264,2197.398265,60808.332130891744,0,-8.822667473804078,8.822667473804078,60863.60965241413,0,-17.908990008867338,17.908990008867338,60531.648580717236,-1,36.78209166478226,-36.78209166478226,60,25.442303772746463,Down,-15.066352135951929
5m,300,btc-up-or-down-5m,btc-updown-5m,btc-updown-5m-1780669200,0x05e3bb475ae5c3e88e48270d87edcb37a5c90ffc3dee6a2e48e0f32908d02c4c,1780669200,1780669500,2026-06-05T14:20:00Z,2026-06-05T14:25:00Z,True,60754.70662096959,60532.93911873102,gamma_finalPrice,60754.7066209696,0,60531.648580717236,-1,60531.648580717236,-1,1.2905380137817701,0.2124177838324609,Down,-221.7675022385738,221.7675022385738,36.50211063022899,94893.89675599967,0.01,0.5,0.51,3488,3488,0,truncated_http_400_at_offset_3500,60501.83867106371,0,-252.86794990587805,41.62112928689549,Down,0,-5.139092898702947,14,8.54,0.0,8.54,-8.54,0.0,0.0,-1.0,-5.79,60468.7258671217,0,-285.98075384789263,47.0713743433971,Down,0,-10.613615547320483,16,11.52,0.0,11.52,-11.52,0.0,0.0,-1.0,-5.79,60473.73992235042,0,-280.96669861917326,46.246079397937066,Down,0,-9.784451829042444,18,19.100599999999996,0.0,19.100599999999996,-19.100599999999996,0.0,0.0,-1.0,-5.79,60548.39762199847,0,-206.3089989711225,33.957698167851014,Down,0,2.553408108557807,28,247.68280000000001,0.0,247.68280000000001,-247.68280000000001,0.0,0.0,-1.0,-76.3488,60601.62771928718,0,-153.07890168241283,25.19622103311703,Down,0,11.34087646675181,176,7494.420582999998,6318.147182999997,1176.2734000000003,5141.873782999998,0.8430467856757058,0.5397727272727273,0.6860935713514118,3213.8728879999994,60497.712490749866,0,5.821108703856766,-5.821108703856766,60442.15089761587,0,15.009410308690121,-15.009410308690121,60362.13679406404,0,28.25631019634876,-28.25631019634876,60,25.19622103311703,Down,11.34087646675181
5m,300,btc-up-or-down-5m,btc-updown-5m,btc-updown-5m-1780669500,0x0797ab42d5043aaaa7f48618fd03ca638e855b199ab2312358a312ee87139326,1780669500,1780669800,2026-06-05T14:25:00Z,2026-06-05T14:30:00Z,True,60532.93911873102,60362.13679406404,gamma_finalPrice,60531.648580717236,-1,60362.13679406404,0,60362.13679406404,0,0.0,0.0,Down,-170.80232466697635,170.80232466697635,28.216426817135023,108849.16289599963,0.001,0.02,0.03,3408,3408,0,ok,60347.89647334929,0,-185.0426453817272,30.5689180263954,Down,0,-2.3594262043270384,0,0.0,0.0,0.0,0.0,,,,0.0,60347.182607282164,0,-185.75651144885342,30.686848210774194,Down,0,-2.477718693559802,3,202.22777,0.0,202.22777,-202.22777,0.0,0.0,-1.0,-199.8,60350.40579146889,0,-182.5333272621283,30.15438039512707,Down,0,-1.9436261354140045,7,223.20793,0.0,223.20793,-223.20793,0.0,0.0,-1.0,-199.8,60326.27267155572,0,-206.66644717529562,34.141155242757044,Down,0,-5.943258962942669,20,479.78439900000006,146.27646900000002,333.50793000000004,-187.231461,0.3048795861326037,0.35,-0.3902408277347925,-199.8,60358.109180622574,0,-174.82993810844346,28.881785793603555,Down,0,-0.6672639556754877,217,10899.674218999997,10076.190599000003,823.4836200000007,9252.706979,0.924448785949536,0.695852534562212,0.848897571899071,4045.387764999998,60403.39640211448,0,-6.833010804292912,6.833010804292912,60409.86975134891,0,-7.904639681935974,7.904639681935974,60795.56306,0,-71.54776219924666,71.54776219924666,60,28.881785793603555,Down,-0.6672639556754877
5m,300,btc-up-or-down-5m,btc-updown-5m,btc-updown-5m-1780669800,0x1bb65bbdda3010bf259a5563416e96d27c97a002047ad2e3dcbaa1804dc1fb08,1780669800,1780670100,2026-06-05T14:30:00Z,2026-06-05T14:35:00Z,True,60362.13679406404,60795.56306,gamma_finalPrice,60362.13679406404,0,60795.56306,0,60795.56306,0,0.0,0.0,Up,433.42626593595924,433.42626593595924,71.80432783794062,134486.01641700015,0.99,0.5,0.51,3482,3482,0,truncated_http_400_at_offset_3500,60776.02821941559,0,413.8914253515468,68.56805397125181,Up,0,3.2137180318125256,5,5.0,0.0,5.0,-5.0,0.0,0.0,-1.0,-3.0,60771.696095717845,0,409.55930165380414,67.85036504772638,Up,0,3.9265448204659084,12,13.7519,0.0,13.7519,-13.7519,0.0,0.0,-1.0,-4.7124,60644.09601402049,0,281.9592199564504,46.71127215366869,Up,0,24.94524864090727,12,13.7519,0.0,13.7519,-13.7519,0.0,0.0,-1.0,-4.7124,60544.49241,0,182.35561593595776,30.210265179659853,Up,0,41.38303832775197,25,141.379,0.0,141.379,-141.379,0.0,0.0,-1.0,-104.2074,60487.06816114877,-1,124.93136708472593,20.69697557443188,Up,0,50.872175357657284,334,13068.093500999994,9099.526005999987,3968.567495,5130.958510999996,0.6963162610753952,0.5,0.39263252215079164,2079.168062,60721.86331523166,0,-12.129906961203906,12.129906961203906,60920.060304825114,0,20.45707605991294,-20.45707605991294,60861.60174109668,0,10.856522538721178,-10.856522538721178,60,20.69697557443188,Up,50.872175357657284
5m,300,btc-up-or-down-5m,btc-updown-5m,btc-updown-5m-1780670100,0xd47f8cde386bde8c511ef4a55693079da03c60bfd8e00db095a4404fbd29352f,1780670100,1780670400,2026-06-05T14:35:00Z,2026-06-05T14:40:00Z,True,60795.56306,60861.60174109668,gamma_finalPrice,60795.56306,0,60861.60174109668,0,60861.60174109668,0,0.0,0.0,Up,66.0386810966811,66.0386810966811,10.862417876039176,125429.47396699987,0.99,0.94,0.95,3476,3476,0,truncated_http_400_at_offset_3500,60883.05120706247,0,87.48814706246776,14.390548036560574,Up,0,-3.5236810271835015,14,80.75949999999999,0.0,80.75949999999999,-80.75949999999999,0.0,0.0,-1.0,-41.029799999999994,60910.52293765217,0,114.95987765216705,18.90925453535343,Up,0,-8.03487650666765,32,477.6939,0.0,477.6939,-477.6939,0.0,0.0,-1.0,-247.15349999999998,60880.536465103236,0,84.97340510323556,13.976908975968216,Up,0,-3.110627829973301,183,3424.261574,2630.8417770000005,793.419797,1837.4219799999998,0.7682946294102241,0.6557377049180327,0.5365892588204477,978.5396780000003,60850.353538663025,0,54.79047866302426,9.012249563171371,Up,0,1.848331569371276,378,5433.891565,4417.143885,1016.7476800000002,3400.3962049999973,0.8128877494448126,0.6957671957671958,0.6257754988896245,978.5396780000003,60870.461162950225,0,74.89810295022471,12.319665972384648,Up,0,-1.4555609521164488,832,13484.240338999984,11254.660780999999,2229.579558,9025.081223,0.8346529354307449,0.6995192307692307,0.6693058708614886,1717.030524,60856.241004761694,0,-0.880846426049452,0.880846426049452,60913.86351388024,0,8.583301387140605,-8.583301387140605,60808.05319650495,0,-8.802284855110408,8.802284855110408,60,12.319665972384648,Up,-1.4555609521164488
5m,300,btc-up-or-down-5m,btc-updown-5m,btc-updown-5m-1780670400,0x8c00cfdf71677004f34900773fe415335216438c0e64b7ab69625de33bc5d58a,1780670400,1780670700,2026-06-05T14:40:00Z,2026-06-05T14:45:00Z,True,60861.60174109668,60808.05319650496,gamma_finalPrice,60861.60174109668,0,60808.05319650495,0,60808.05319650495,0,7.275957614183426e-12,1.1954922982696245e-12,Down,-53.54854459172202,53.54854459172202,8.798411980597525,133260.04247799944,0.01,0.5,0.51,3471,3471,0,truncated_http_400_at_offset_3500,60756.36540066927,0,-105.23634042741469,17.291089523914724,Down,0,-8.503771012431846,16,105.8976,0.0,105.8976,-105.8976,0.0,0.0,-1.0,-87.50009999999999,60717.80898888588,0,-143.79275221080024,23.626185985457635,Down,0,-14.851855001796915,22,130.2358,0.0,130.2358,-130.2358,0.0,0.0,-1.0,-87.50009999999999,,,,,,,,33,350.07320000000004,0.0,350.07320000000004,-350.07320000000004,0.0,0.0,-1.0,-139.0589,60701.02175109472,0,-160.57999000196287,26.384450196540183,Down,0,-17.61703364761599,110,7022.746075999999,6049.750375999998,972.9957,5076.754675999997,0.861450821449293,0.3,0.7229016428985858,5024.510294999996,60848.510854283115,0,-13.090886813566613,2.150927093449632,Down,0,6.651126404116081,817,19738.097434999956,15450.07965999996,4288.0177749999975,11162.061884999972,0.7827542502958565,0.7246022031823746,0.5655085005917135,5024.510294999996,60878.73560125673,0,-11.617105422756412,11.617105422756412,61049.4893096511,0,-39.62601314682358,39.62601314682358,,,,,60,2.150927093449632,Down,6.651126404116081
5m,300,btc-up-or-down-5m,btc-updown-5m,btc-updown-5m-1780670700,0xfd728e1099c9078b0568c63d765f782372fd78af103724bcfcc166a71cc8a80f,1780670700,1780671000,2026-06-05T14:45:00Z,2026-06-05T14:50:00Z,True,60808.05319650496,60777.62472377211,gamma_finalPrice,60808.05319650495,0,,,,,,,Down,-30.428472732848604,30.428472732848604,5.004020213328838,136899.03276499978,0.01,0.82,0.83,3269,3269,0,truncated_http_400_at_offset_3500,,,,,,,,223,3064.6414870000017,2530.975899,533.6655879999997,1997.3103109999988,0.8258636156092729,0.5695067264573991,0.651727231218546,1616.4105459999996,,,,,,,,371,4858.752426999999,3678.416370000002,1180.3360569999998,2498.080313,0.7570701379142326,0.5363881401617251,0.5141402758284642,1616.4105459999996,,,,,,,,623,7933.670813999995,5606.510469999995,2327.1603439999994,3279.350125999996,0.7066729388502706,0.5810593900481541,0.4133458777005414,1616.4105459999996,,,,,,,,1142,13203.534062999954,7785.066971999983,5418.467091000002,2366.599880999999,0.5896199407563122,0.5788091068301225,0.17923988151262343,1616.4105459999996,,,,,,,,1469,18081.576562999897,8185.557957999984,9896.018605000001,-1710.4606469999997,0.452701562249278,0.5098706603131382,-0.09459687550144791,1616.4105459999996,,,,,,,,,,,,,60,,,
5m,300,btc-up-or-down-5m,btc-updown-5m,btc-updown-5m-1780671000,0x955e45efeb704d264c0cc01660ebdbf5420aea07f82162766ebdc37df761b2a2,1780671000,1780671300,2026-06-05T14:50:00Z,2026-06-05T14:55:00Z,True,60777.62472377211,60728.724079339314,gamma_finalPrice,,,,,,,,,Down,-48.90064443279698,48.90064443279698,8.045830131573132,127103.71772399994,0.01,0.5,0.51,3374,3374,0,truncated_http_400_at_offset_3500,,,,,,,,107,1548.405841,1262.297441,286.1084,976.1890410000002,0.8152238951674169,0.7663551401869159,0.6304477903348339,568.9108780000001,,,,,,,,289,4412.936207,3597.259740999999,815.6764660000002,2781.583275,0.815162416192163,0.6366782006920415,0.6303248323843264,724.1244009999996,,,,,,,,537,6599.115734999994,4974.25307999999,1624.8626549999997,3349.3904249999946,0.7537756996165176,0.6256983240223464,0.5075513992330364,724.1244009999996,,,,,,,,845,9372.553980999974,6357.257785999977,3015.2961949999994,3341.9615909999948,0.6782844674874533,0.6201183431952663,0.356568934974908,724.1244009999996,,,,,,,,1565,19852.17771099994,10578.514679999966,9273.663030999996,1304.8516489999934,0.532864194245979,0.5750798722044729,0.065728388491958,-1559.2254980000002,,,,,,,,,,,,,60,,,
5m,300,btc-up-or-down-5m,btc-updown-5m,btc-updown-5m-1780671300,0x99f86cbdafc37fb90c63389cc65a6bda0e27f3c4d1fcd89bcf287975148c9b10,1780671300,1780671600,2026-06-05T14:55:00Z,2026-06-05T15:00:00Z,True,60728.724079339314,60824.28979236953,gamma_finalPrice,,,,,,,,,Up,95.56571303021337,95.56571303021337,15.736492817692188,104514.56848199983,0.99,0.77,0.78,3486,3486,0,truncated_http_400_at_offset_3500,,,,,,,,7,27.294400000000003,0.0,27.294400000000003,-27.294400000000003,0.0,0.0,-1.0,-24.1461,,,,,,,,12,150.7993,0.0,150.7993,-150.7993,0.0,0.0,-1.0,-113.91929999999999,,,,,,,,17,1145.7593,0.0,1145.7593,-1145.7593,0.0,0.0,-1.0,-856.6272,,,,,,,,186,10032.400369999996,8436.813669999994,1595.5867000000003,6841.226969999995,0.8409566363827242,0.7473118279569892,0.6819132727654487,2607.1562889999996,,,,,,,,618,17260.420792999987,14271.148516000001,2989.2722769999973,11281.876239000008,0.8268134761689997,0.7297734627831716,0.653626952337999,2607.1562889999996,,,,,,,,,,,,,60,,,
5m,300,btc-up-or-down-5m,btc-updown-5m,btc-updown-5m-1780671600,0x906fb0b000f99e326161707e7a87cb3781d796a10a63f8798b6b3ae95af97e62,1780671600,1780671900,2026-06-05T15:00:00Z,2026-06-05T15:05:00Z,True,60824.28979236953,60955.36684234074,gamma_finalPrice,,,,,,,,,Up,131.07704997121618,131.07704997121618,21.550115984693328,129148.06559099979,0.99,0.5,0.51,3475,3475,0,truncated_http_400_at_offset_3500,,,,,,,,133,3878.6721190000067,3591.714319000007,286.9578,3304.7565190000064,0.9260164841997568,0.8270676691729323,0.8520329683995134,2140.4147230000003,,,,,,,,215,4859.312746000008,4288.623548000009,570.689198,3717.9343500000064,0.8825576315354948,0.8186046511627907,0.7651152630709891,2140.4147230000003,,,,,,,,306,6205.373628000006,5469.376935000007,735.9966930000002,4733.380242000007,0.8813936537714634,0.7908496732026143,0.7627873075429266,2140.4147230000003,,,,,,,,530,8335.402921999996,6869.208950000005,1466.1939719999996,5403.014978000012,0.8241004081362161,0.7264150943396226,0.648200816272432,2140.4147230000003,,,,,,,,1011,14388.702957999976,11697.244519999991,2691.4584379999988,9005.786082000017,0.8129464173486491,0.7012858555885262,0.6258928346972991,2140.4147230000003,,,,,,,,,,,,,60,,,
5m,300,btc-up-or-down-5m,btc-updown-5m,btc-updown-5m-1780671900,0x8efd79367185e1cde7449ccb5bb8cd4c0f94bb7670cea0cd4b26db055c87ef99,1780671900,1780672200,2026-06-05T15:05:00Z,2026-06-05T15:10:00Z,True,60955.36684234074,60713.30268880635,gamma_finalPrice,,,,,,,,,Down,-242.0641535343966,242.0641535343966,39.71170482174087,102092.80447699995,0.01,0.09,0.1,2652,2652,0,ok,,,,,,,,1,1.0,0.0,1.0,-1.0,0.0,0.0,-1.0,-1.0,,,,,,,,1,1.0,0.0,1.0,-1.0,0.0,0.0,-1.0,-1.0,,,,,,,,6,60.1066,0.0,60.1066,-60.1066,0.0,0.0,-1.0,-55.4004,,,,,,,,17,94.7195,0.0,94.7195,-94.7195,0.0,0.0,-1.0,-55.4004,,,,,,,,133,10337.659488,7750.988387999995,2586.6710999999996,5164.317287999998,0.749781746728781,0.41353383458646614,0.4995634934575627,5258.807868999999,,,,,,,,,,,,,60,,,
5m,300,btc-up-or-down-5m,btc-updown-5m,btc-updown-5m-1780672200,0x3aec67d783aa839582be025adaa1fe73c8f73728dc9a5aa261211618b6f5ad5e,1780672200,1780672500,2026-06-05T15:10:00Z,2026-06-05T15:15:00Z,True,60713.30268880635,60568.21309371675,gamma_finalPrice,,,,,,,,,Down,-145.0895950895938,145.0895950895938,23.89749670402032,96158.15689099971,0.01,0.5,0.51,3246,3246,0,ok,,,,,,,,0,0.0,0.0,0.0,0.0,,,,0.0,,,,,,,,0,0.0,0.0,0.0,0.0,,,,0.0,,,,,,,,3,111.31889999999999,0.0,111.31889999999999,-111.31889999999999,0.0,0.0,-1.0,-110.31889999999999,,,,,,,,10,156.0614,0.0,156.0614,-156.0614,0.0,0.0,-1.0,-110.31889999999999,,,,,,,,91,3379.335181999997,2410.806481999999,968.5287000000004,1442.277782,0.7133966748374477,0.43956043956043955,0.4267933496748951,805.900488,,,,,,,,,,,,,60,,,
5m,300,btc-up-or-down-5m,btc-updown-5m,btc-updown-5m-1780672500,0x2e252b89c1b87f7208691e43bd7c293b4a82d7dfeec299a6d294e7d1c3734871,1780672500,1780672800,2026-06-05T15:15:00Z,2026-06-05T15:20:00Z,True,60568.21309371675,60815.090859746684,gamma_finalPrice,,,,,,,,,Up,246.87776602993108,246.87776602993108,40.760285539205015,117031.205533,0.999,0.97,0.98,3494,3494,0,truncated_http_400_at_offset_3500,,,,,,,,1,1.0,0.0,1.0,-1.0,0.0,0.0,-1.0,-1.0,,,,,,,,4,4.605,0.0,4.605,-4.605,0.0,0.0,-1.0,-3.0,,,,,,,,10,21.84243,11.988,9.85443,2.133569999999999,0.5488400329084264,0.2,0.09768006581685275,5.638999999999999,,,,,,,,31,205.99143000000007,24.944,181.04743000000008,-156.10343000000006,0.12109241632042649,0.12903225806451613,-0.757815167359147,-114.052,,,,,,,,111,2083.760187,1362.905887,720.8543000000004,642.0515870000002,0.654060815396508,0.34234234234234234,0.30812163079301613,497.86208899999997,,,,,,,,,,,,,60,,,
5m,300,btc-up-or-down-5m,btc-updown-5m,btc-updown-5m-1780672800,0x962682bc90ff484b0faef50c68e810eac346c7fb08799935b1a2f92fea13c154,1780672800,1780673100,2026-06-05T15:20:00Z,2026-06-05T15:25:00Z,True,60815.090859746684,60869.14458190968,gamma_finalPrice,,,,,,,,,Up,54.053722162992926,54.053722162992926,8.888208732213029,109714.58747499977,0.99,0.5,0.51,3469,3469,0,truncated_http_400_at_offset_3500,,,,,,,,38,2609.0953879999993,1772.556989,836.5383990000001,936.0185899999999,0.679376076916357,0.2631578947368421,0.3587521538327138,1615.3822900000002,,,,,,,,155,6580.496799999993,5471.757903999995,1108.7388960000003,4363.0190079999975,0.8315113691720055,0.567741935483871,0.6630227383440112,2545.0161280000007,,,,,,,,253,8606.463311999989,7350.086117999991,1256.3771940000004,6093.708923999995,0.8540193400640852,0.6798418972332015,0.7080386801281705,2545.0161280000007,,,,,,,,525,12525.374046999968,9935.235070999976,2590.1389759999997,7345.096094999993,0.793208652589471,0.72,0.586417305178943,2545.0161280000007,,,,,,,,1155,20068.461389999968,15475.267065999964,4593.194323999999,10882.07274199998,0.7711237431341511,0.6701298701298701,0.5422474862683032,2545.0161280000007,,,,,,,,,,,,,60,,,
5m,300,btc-up-or-down-5m,btc-updown-5m,btc-updown-5m-1780673100,0xab1c3b662920103a30593faaa2f3ae13167a796ed653ef77baf1c2dda5989dd9,1780673100,1780673400,2026-06-05T15:25:00Z,2026-06-05T15:30:00Z,True,60869.14458190968,60751.50471625502,gamma_finalPrice,,,,,,,,,Down,-117.63986565465893,117.63986565465893,19.32668291343485,133551.52191699986,0.01,0.08,0.09,3350,3350,0,ok,,,,,,,,3,18.8789,0.0,18.8789,-18.8789,0.0,0.0,-1.0,-12.9789,,,,,,,,12,29.320900000000005,0.0,29.320900000000005,-29.320900000000005,0.0,0.0,-1.0,-12.9789,,,,,,,,61,314.0847630000001,262.120463,51.96429999999999,210.15616299999996,0.8345532603885017,0.4098360655737705,0.669106520777004,209.619874,,,,,,,,95,914.6039620000003,554.942762,359.66119999999995,195.28156199999987,0.6067574437207608,0.3894736842105263,0.21351488744152172,-217.3292,,,,,,,,396,15271.933754999984,13614.106262999989,1657.827492,11956.278770999987,0.8914461312761243,0.6414141414141414,0.7828922625522481,6227.936435,,,,,,,,,,,,,60,,,
5m,300,btc-up-or-down-5m,btc-updown-5m,btc-updown-5m-1780673400,0xf5d92b62fe6dbaab7694b924d22495456cbfc51a77084b9e64fc20f0e0ce05d7,1780673400,1780673700,2026-06-05T15:30:00Z,2026-06-05T15:35:00Z,True,60751.50471625502,60581.02800749524,gamma_finalPrice,,,,,,,,,Down,-170.47670875977929,170.47670875977929,28.06131462191842,104284.4828919998,0.01,0.5,0.51,3179,3179,0,ok,,,,,,,,2,6.0,0.0,6.0,-6.0,0.0,0.0,-1.0,-5.0,,,,,,,,2,6.0,0.0,6.0,-6.0,0.0,0.0,-1.0,-5.0,,,,,,,,7,16.5713,0.0,16.5713,-16.5713,0.0,0.0,-1.0,-5.0,,,,,,,,15,199.8725,0.0,199.8725,-199.8725,0.0,0.0,-1.0,-166.2062,,,,,,,,56,734.8394999999999,0.0,734.8394999999999,-734.8394999999999,0.0,0.0,-1.0,-335.08529999999996,,,,,,,,,,,,,60,,,
5m,300,btc-up-or-down-5m,btc-updown-5m,btc-updown-5m-1780673700,0x0e24133bae6c6c75df3d8c67e26691fe42638fbf56b504aab73ffe641865a6a5,1780673700,1780674000,2026-06-05T15:35:00Z,2026-06-05T15:40:00Z,True,60581.02800749524,60165.34134742219,gamma_finalPrice,,,,,,,,,Down,-415.68666007305,415.68666007305,68.6166401833954,95684.0335329999,0.01,,0.01,2882,2882,0,ok,,,,,,,,0,0.0,0.0,0.0,0.0,,,,0.0,,,,,,,,1,1.0,0.0,1.0,-1.0,0.0,0.0,-1.0,-1.0,,,,,,,,7,53.73,0.0,53.73,-53.73,0.0,0.0,-1.0,-51.48,,,,,,,,11,100.92389999999999,0.0,100.92389999999999,-100.92389999999999,0.0,0.0,-1.0,-51.48,,,,,,,,21,142.2575,0.0,142.2575,-142.2575,0.0,0.0,-1.0,-51.48,,,,,,,,,,,,,60,,,
5m,300,btc-up-or-down-5m,btc-updown-5m,btc-updown-5m-1780674000,0x637459a4fd8f98848689b6e991931dda94b3be02449b61cf005d62cb9f380468,1780674000,1780674300,2026-06-05T15:40:00Z,2026-06-05T15:45:00Z,True,60165.34134742219,60319.32911480496,gamma_finalPrice,,,,,,,,,Up,153.9877673827723,153.9877673827723,25.59409851821109,151215.4958229997,0.99,0.52,0.53,3485,3485,0,truncated_http_400_at_offset_3500,,,,,,,,4,952.1718,0.0,952.1718,-952.1718,0.0,0.0,-1.0,-890.9802,,,,,,,,7,960.3089,0.0,960.3089,-960.3089,0.0,0.0,-1.0,-890.9802,,,,,,,,9,970.4089,0.0,970.4089,-970.4089,0.0,0.0,-1.0,-890.9802,,,,,,,,34,1187.2117999999998,0.0,1187.2117999999998,-1187.2117999999998,0.0,0.0,-1.0,-890.9802,,,,,,,,108,1696.8359999999982,0.0,1696.8359999999982,-1696.8359999999982,0.0,0.0,-1.0,-890.9802,,,,,,,,,,,,,60,,,
5m,300,btc-up-or-down-5m,btc-updown-5m,btc-updown-5m-1780674300,0x2f474c2a0a08f0d2e95c95bdb63e77c1dab84db628c54a800bf2190130d7db47,1780674300,1780674600,2026-06-05T15:45:00Z,2026-06-05T15:50:00Z,True,60319.32911480496,60547.99313587185,gamma_finalPrice,,,,,,,,,Up,228.66402106689202,228.66402106689202,37.908913182983,123279.04783899972,0.99,0.5,0.51,3379,3379,0,truncated_http_400_at_offset_3500,,,,,,,,41,409.5533000000001,0.0,409.5533000000001,-409.5533000000001,0.0,0.0,-1.0,-301.8114,,,,,,,,98,1478.3128000000004,0.0,1478.3128000000004,-1478.3128000000004,0.0,0.0,-1.0,-820.3588999999998,,,,,,,,306,9621.87882499999,7430.694725999996,2191.184099000002,5239.510626999995,0.7722706615981524,0.24836601307189543,0.5445413231963041,5015.270621999998,,,,,,,,894,16569.298582999956,12556.449863999978,4012.848719000004,8543.60114499998,0.757814206865875,0.4988814317673378,0.5156284137317488,5015.270621999998,,,,,,,,1397,22297.9888009999,13611.90622099998,8686.082580000006,4925.823640999982,0.6104544379531478,0.44667143879742305,0.22090887590629227,5015.270621999998,,,,,,,,,,,,,60,,,
5m,300,btc-up-or-down-5m,btc-updown-5m,btc-updown-5m-1780674600,0x9797cc8a14c157433319dee2e63704c967ec5a6ac01dbbf748a80d396c2cc150,1780674600,1780674900,2026-06-05T15:50:00Z,2026-06-05T15:55:00Z,True,60547.99313587185,60511.53161825352,gamma_finalPrice,,,,,,,,,Down,-36.461517618336075,36.461517618336075,6.021920088501551,106136.98907799968,0.01,0.49,0.5,3410,3410,0,truncated_http_400_at_offset_3500,,,,,,,,150,4117.280516000001,4022.7209160000007,94.5596,3928.161316,0.9770334812912222,0.7933333333333333,0.9540669625824444,2251.978389000001,,,,,,,,209,4564.1572449999985,4439.304546,124.852699,4314.451846999998,0.9726449610962082,0.7990430622009569,0.9452899221924156,2251.978389000001,,,,,,,,301,6046.292146999996,5839.5480529999995,206.74409400000002,5632.803959,0.9658064663477142,0.7840531561461794,0.9316129326954277,2251.978389000001,,,,,,,,605,9422.459239999976,8594.141473999996,828.317766,7765.823708000005,0.9120911277086106,0.7586776859504132,0.82418225541722,2251.978389000001,,,,,,,,1140,14781.175598999933,12012.512916999973,2768.6626819999983,9243.850235000005,0.8126899539582438,0.643859649122807,0.6253799079164872,2251.978389000001,60550.89675073968,0,-6.50327841658002,6.50327841658002,60546.51099519813,0,-5.7789432511788315,5.7789432511788315,,,,,60,,,
5m,300,btc-up-or-down-5m,btc-updown-5m,btc-updown-5m-1780674900,0x6caf5ea0b127008fd192d2dfda980ae9dd57c43dee7f965989c251698f70101b,1780674900,1780675200,2026-06-05T15:55:00Z,2026-06-05T16:00:00Z,True,60511.53161825352,60406.072927097484,gamma_finalPrice,,,,,,,,,Down,-105.45869115603273,105.45869115603273,17.42786677774666,112522.48509499976,0.01,0.31,0.32,3480,3480,0,truncated_http_400_at_offset_3500,,,,,,,,6,75.3984,0.0,75.3984,-75.3984,0.0,0.0,-1.0,-59.1228,,,,,,,,19,920.7174,780.1002,140.6172,639.483,0.8472743102280895,0.05263157894736842,0.694548620456179,724.6998,,,,,,,,93,2200.356205000001,2003.4075080000005,196.948697,1806.4588110000007,0.9104923573044845,0.6666666666666666,0.8209847146089694,724.6998,,,,,,,,292,6111.870499999999,5386.610614999997,725.2598849999999,4661.350729999997,0.8813358553653906,0.6917808219178082,0.7626717107307817,980.6751350000002,,,,,,,,956,19224.77457999997,16306.450122999973,2918.3244570000006,13388.125665999989,0.8481998088010871,0.7290794979079498,0.6963996176021748,2155.008289,,,,,,,,,,,,,60,,,
5m,300,btc-up-or-down-5m,btc-updown-5m,btc-updown-5m-1780675200,0x9d85cf0a26bb4fcd527155c3b232ba996a3ac3c0ff886957723db7662fa35e14,1780675200,1780675500,2026-06-05T16:00:00Z,2026-06-05T16:05:00Z,True,60406.072927097484,60206.303589467636,gamma_finalPrice,,,,,,,,,Down,-199.76933762984845,199.76933762984845,33.071068511761204,82317.58702199979,0.01,0.49,0.5,2401,2401,0,ok,,,,,,,,2,0.631,0.0,0.631,-0.631,0.0,0.0,-1.0,-0.631,,,,,,,,4,12.4318,0.0,12.4318,-12.4318,0.0,0.0,-1.0,-10.7415,,,,,,,,6,19.3718,0.0,19.3718,-19.3718,0.0,0.0,-1.0,-10.7415,,,,,,,,12,58.5623,0.0,58.5623,-58.5623,0.0,0.0,-1.0,-36.6796,,,,,,,,63,5395.815310999999,5055.757310999999,340.05799999999994,4715.699310999999,0.9369774574554559,0.3968253968253968,0.8739549149109118,3010.445699,,,,,,,,,,,,,60,,,
5m,300,btc-up-or-down-5m,btc-updown-5m,btc-updown-5m-1780675500,0x45de06f1199d4c83073f7fbde128e78cd91573eb15da7fb983b41cd5f17d1bf5,1780675500,1780675800,2026-06-05T16:05:00Z,2026-06-05T16:10:00Z,True,60206.303589467636,60016.612337016544,gamma_finalPrice,,,,,,,,,Down,-189.6912524510917,189.6912524510917,31.506875715963385,143261.29216999983,0.01,0.26,0.27,3481,3481,0,truncated_http_400_at_offset_3500,,,,,,,,6,40.2265,0.0,40.2265,-40.2265,0.0,0.0,-1.0,-34.226800000000004,,,,,,,,11,56.6902,0.0,56.6902,-56.6902,0.0,0.0,-1.0,-34.226800000000004,,,,,,,,52,653.3799930000001,235.247193,418.1328,-182.88560699999985,0.36004652043271235,0.46153846153846156,-0.27990695913457486,-307.88,,,,,,,,181,2097.3133820000007,1019.1533820000001,1078.1599999999996,-59.006618000000145,0.48593280849051473,0.36464088397790057,-0.028134383018970373,429.09976100000006,,,,,,,,983,19227.313596999917,15129.674214999966,4097.639382000001,11032.03483299998,0.7868844567740698,0.612410986775178,0.5737689135481379,3027.760449000001,,,,,,,,,,,,,60,,,
5m,300,btc-up-or-down-5m,btc-updown-5m,btc-updown-5m-1780675800,0xe185564af2f8498e89dd3012f28d77e23e8db1afa7240ed8497c9fccb3d1bcd0,1780675800,1780676100,2026-06-05T16:10:00Z,2026-06-05T16:15:00Z,True,60016.612337016544,60865.99889754711,gamma_finalPrice,,,,,,,,,Up,849.3865605305691,849.3865605305691,141.5252423380604,161246.41273999983,0.99,0.5,0.51,3481,3481,0,truncated_http_400_at_offset_3500,,,,,,,,2,2.88,0.0,2.88,-2.88,0.0,0.0,-1.0,-1.44,,,,,,,,2,2.88,0.0,2.88,-2.88,0.0,0.0,-1.0,-1.44,,,,,,,,5,5.13,0.0,5.13,-5.13,0.0,0.0,-1.0,-1.44,,,,,,,,11,28.021399999999996,0.0,28.021399999999996,-28.021399999999996,0.0,0.0,-1.0,-11.5241,,,,,,,,31,159.48899999999998,0.0,159.48899999999998,-159.48899999999998,0.0,0.0,-1.0,-30.0762,,,,,,,,,,,,,60,,,
5m,300,btc-up-or-down-5m,btc-updown-5m,btc-updown-5m-1780676100,0xba20463d2d5a8d81dc0d23014bd50a43054fd7ea56ac07e2db7e9b393cfe8603,1780676100,1780676400,2026-06-05T16:15:00Z,2026-06-05T16:20:00Z,True,60865.99889754711,60941.734498808284,gamma_finalPrice,,,,,,,,,Up,75.73560126117081,75.73560126117081,12.443006380073218,182944.82065299992,0.99,0.47,0.48,3469,3469,0,truncated_http_400_at_offset_3500,,,,,,,,6,147.0844,0.0,147.0844,-147.0844,0.0,0.0,-1.0,-97.45559999999999,,,,,,,,13,388.8255,0.0,388.8255,-388.8255,0.0,0.0,-1.0,-151.47,,,,,,,,46,940.4549960000003,352.757196,587.6978000000001,-234.94060400000006,0.375092053846668,0.06521739130434782,-0.24981589230666387,299.019196,,,,,,,,409,18296.98325699997,16602.22836399998,1694.7548929999996,14907.473470999987,0.9073751738636139,0.6577017114914425,0.8147503477272275,7343.984578,,,,,,,,901,28758.099997999918,24860.59104999991,3897.508948,20963.082101999957,0.8644726547208935,0.632630410654828,0.7289453094417888,7343.984578,,,,,,,,,,,,,60,,,
5m,300,btc-up-or-down-5m,btc-updown-5m,btc-updown-5m-1780676400,0xc4bbc3d29d8cc9ca0a3cb3b077e4900af3469ed333152f90a13bf459d99488ed,1780676400,1780676700,2026-06-05T16:20:00Z,2026-06-05T16:25:00Z,True,60941.734498808284,61188.558100598035,gamma_finalPrice,,,,,,,,,Up,246.82360178975068,246.82360178975068,40.50157151247104,147898.40205099963,0.99,0.48,0.49,3487,3487,0,truncated_http_400_at_offset_3500,,,,,,,,2,6.346,0.0,6.346,-6.346,0.0,0.0,-1.0,-6.346,,,,,,,,5,9.614,0.0,9.614,-9.614,0.0,0.0,-1.0,-6.346,,,,,,,,10,48.286,0.0,48.286,-48.286,0.0,0.0,-1.0,-31.5934,,,,,,,,110,2188.198124,1729.3543249999998,458.8437989999999,1270.5105260000003,0.7903097557906505,0.5818181818181818,0.5806195115813015,585.176625,,,,,,,,427,9779.438489999991,8722.022405999998,1057.4160839999995,7664.606322,0.8918735380276425,0.629976580796253,0.7837470760552845,1913.912134,,,,,,,,,,,,,60,,,
5m,300,btc-up-or-down-5m,btc-updown-5m,btc-updown-5m-1780676700,0x097eaa279f4dc7ba099e9d1084f617d54e6d76e67929f002b50dbfa505cf4254,1780676700,1780677000,2026-06-05T16:25:00Z,2026-06-05T16:30:00Z,True,61188.558100598035,60889.271590000004,gamma_finalPrice,,,,,,,,,Down,-299.2865105980309,299.2865105980309,48.91216918463483,133142.72501799994,0.01,0.06,0.07,3487,3487,0,truncated_http_400_at_offset_3500,,,,,,,,0,0.0,0.0,0.0,0.0,,,,0.0,,,,,,,,1,1.1384999999999998,0.0,1.1384999999999998,-1.1384999999999998,0.0,0.0,-1.0,-1.1384999999999998,,,,,,,,3,3.1384999999999996,0.0,3.1384999999999996,-3.1384999999999996,0.0,0.0,-1.0,-2.0,,,,,,,,16,145.1061,0.0,145.1061,-145.1061,0.0,0.0,-1.0,-132.8293,,,,,,,,151,4504.068644999996,2719.086144999997,1784.9824999999996,934.103645000001,0.6036955382592752,0.2781456953642384,0.20739107651855113,1647.9925480000004,,,,,,,,,,,,,60,,,
5m,300,btc-up-or-down-5m,btc-updown-5m,btc-updown-5m-1780677000,0xb018924886e91537e9377fb6053e6a114719fad8c96a284e4ab15bf6105ed86a,1780677000,1780677300,2026-06-05T16:30:00Z,2026-06-05T16:35:00Z,True,60889.271590000004,60775.069783787345,gamma_finalPrice,,,,,,,,,Down,-114.201806212659,114.201806212659,18.75565320959015,156985.47616299998,0.01,0.5,0.51,3479,3479,0,truncated_http_400_at_offset_3500,,,,,,,,6,10.269400000000001,0.0,10.269400000000001,-10.269400000000001,0.0,0.0,-1.0,-4.6728,,,,,,,,15,58.0471,0.0,58.0471,-58.0471,0.0,0.0,-1.0,-23.2577,,,,,,,,26,292.2316,0.0,292.2316,-292.2316,0.0,0.0,-1.0,-204.42,,,,,,,,194,3412.3697960000004,2995.7176980000004,416.65209799999997,2579.0656,0.8778994883589691,0.5360824742268041,0.7557989767179383,1018.0851029999999,,,,,,,,595,18074.589522000006,14003.141729,4071.447792999998,9931.693936000003,0.7747418945230083,0.5394957983193277,0.5494837890460171,3589.6973150000003,,,,,,,,,,,,,60,,,
5m,300,btc-up-or-down-5m,btc-updown-5m,btc-updown-5m-1780677300,0x155fa770e74f9f54abb83178ea8ff17c2f823e764d51a9ae8d2a28eb8ba7984e,1780677300,1780677600,2026-06-05T16:35:00Z,2026-06-05T16:40:00Z,True,60775.069783787345,60926.503462582004,gamma_finalPrice,,,,,,,,,Up,151.4336787946595,151.4336787946595,24.917071972668747,114175.13897099973,0.99,0.81,0.82,3474,3474,0,truncated_http_400_at_offset_3500,,,,,,,,8,217.0278,0.0,217.0278,-217.0278,0.0,0.0,-1.0,-134.4024,,,,,,,,62,2501.403762999998,2148.725862999999,352.67789999999985,1796.0479630000004,0.8590080077368145,0.6451612903225806,0.718016015473629,1188.6235630000003,,,,,,,,172,6241.107653999995,5829.120355999998,411.98729799999984,5417.133058000001,0.9339881122326179,0.7790697674418605,0.8679762244652359,2262.0188070000004,,,,,,,,396,8675.723285999988,7887.6591089999965,788.0641769999993,7099.594932000001,0.9091644407018271,0.7323232323232324,0.8183288814036537,2262.0188070000004,,,,,,,,746,13139.51049299998,11883.21483999999,1256.2956529999988,10626.919186999989,0.9043879409610216,0.6943699731903485,0.8087758819220424,2262.0188070000004,,,,,,,,,,,,,60,,,
5m,300,btc-up-or-down-5m,btc-updown-5m,btc-updown-5m-1780677600,0xfee9e0e59982cab1484f7e26e082040331279fd0116b70741ef18cbf5e714a36,1780677600,1780677900,2026-06-05T16:40:00Z,2026-06-05T16:45:00Z,True,60926.503462582004,60791.1257425635,gamma_finalPrice,,,,,,,,,Down,-135.3777200185068,135.3777200185068,22.21984068093601,97637.50678599997,0.01,0.5,0.51,3358,3358,0,ok,,,,,,,,1,5.0,0.0,5.0,-5.0,0.0,0.0,-1.0,-5.0,,,,,,,,3,7.743,0.0,7.743,-7.743,0.0,0.0,-1.0,-5.0,,,,,,,,7,50.2541,0.0,50.2541,-50.2541,0.0,0.0,-1.0,-37.5111,,,,,,,,49,547.4141,0.0,547.4141,-547.4141,0.0,0.0,-1.0,-321.2196,,,,,,,,353,9844.62767299999,8351.46937599999,1493.158297,6858.3110789999955,0.8483276009416633,0.49291784702549574,0.696655201883327,4354.085829000001,,,,,,,,,61103.9405364113,0,-51.32537191236799,51.32537191236799,60,,,
5m,300,btc-up-or-down-5m,btc-updown-5m,btc-updown-5m-1780677900,0x696d16375417fa7500f8f7328ddd22e5f07fe80607ed0df99fc2aaaeef91524c,1780677900,1780678200,2026-06-05T16:45:00Z,2026-06-05T16:50:00Z,True,60791.1257425635,61103.9405364113,gamma_finalPrice,,,61103.9405364113,0,61103.9405364113,0,0.0,0.0,Up,312.8147938477996,312.8147938477996,51.45731223542374,106559.42498499963,0.99,0.5,0.51,3442,3442,0,ok,61074.04144393314,0,282.91570136964583,46.538980470229994,Up,0,4.89435045339385,0,0.0,0.0,0.0,0.0,,,,0.0,61069.361373294814,0,278.23563073131663,45.769119642492036,Up,0,5.660674386192569,1,1.0494,0.0,1.0494,-1.0494,0.0,0.0,-1.0,-1.0494,61037.34654692836,0,246.2208043648643,40.50275453156651,Up,0,10.904420228716253,2,10.3894,0.0,10.3894,-10.3894,0.0,0.0,-1.0,-9.34,60993.802571783715,0,202.67682922021777,33.33987103290499,Up,0,18.040955008104504,12,83.8236,0.0,83.8236,-83.8236,0.0,0.0,-1.0,-28.336399999999998,,,,,,,,70,791.3383,0.0,791.3383,-791.3383,0.0,0.0,-1.0,-210.7683,61069.37898972077,0,-5.657789727991303,5.657789727991303,,,,,,,,,60,,,
5m,300,btc-up-or-down-5m,btc-updown-5m,btc-updown-5m-1780678200,0xaa5618f8a5be95178936195d307698050999ff0d35626e0c974259275188edef,1780678200,1780678500,2026-06-05T16:50:00Z,2026-06-05T16:55:00Z,True,61103.9405364113,61341.94498885694,gamma_finalPrice,61103.9405364113,0,,,,,,,Up,238.00445244564617,238.00445244564617,38.95075347944564,101307.98120499952,0.99,0.5,0.51,3246,3246,0,ok,,,,,,,,0,0.0,0.0,0.0,0.0,,,,0.0,,,,,,,,2,1.3093000000000001,0.0,1.3093000000000001,-1.3093000000000001,0.0,0.0,-1.0,-1.3093000000000001,,,,,,,,5,43.4447,0.0,43.4447,-43.4447,0.0,0.0,-1.0,-32.1354,,,,,,,,11,92.088,0.0,92.088,-92.088,0.0,0.0,-1.0,-40.2732,,,,,,,,220,11274.135432,8930.764932999993,2343.370498999999,6587.394434,0.7921463234911399,0.6045454545454545,0.5842926469822809,3725.007347,,,,,,,,,,,,,60,,,
5m,300,btc-up-or-down-5m,btc-updown-5m,btc-updown-5m-1780678500,0x6cf55c86b18fb78824a9c6bf9e657be1bf854169430bc609f3053b5f4e22b28a,1780678500,1780678800,2026-06-05T16:55:00Z,2026-06-05T17:00:00Z,True,61341.94498885694,61350.39747695789,gamma_finalPrice,,,,,,,,,Up,8.452488100949267,8.452488100949267,1.3779295883892666,114706.53942099983,0.99,0.5,0.51,3301,3301,0,truncated_http_400_at_offset_3500,,,,,,,,109,1327.4601039999995,1106.5416090000003,220.91849500000004,885.6231140000004,0.833578053054618,0.6697247706422018,0.6671561061092355,512.5585699999999,,,,,,,,193,2379.708849999998,1661.2321679999993,718.4766820000002,942.7554860000002,0.6980821069770785,0.5699481865284974,0.396164213954157,512.5585699999999,,,,,,,,280,3210.9542479999977,2346.043271999997,864.9109760000002,1481.1322960000007,0.7306374027164273,0.6142857142857143,0.46127480543285576,512.5585699999999,,,,,,,,530,6112.622386999995,4753.3986279999945,1359.2237589999997,3394.1748689999968,0.7776365571197844,0.6622641509433962,0.5552731142395693,512.5585699999999,,,,,,,,990,10985.580812999982,8800.312583999988,2185.2682289999984,6615.04435499999,0.8010784986066446,0.6626262626262627,0.6021569972132889,512.5585699999999,,,,,,,,,,,,,60,,,
5m,300,btc-up-or-down-5m,btc-updown-5m,btc-updown-5m-1780678800,0xe51c1cd1e79e553bdeaa7d7983935dca5407565edfa418a594c982421ca75a1c,1780678800,1780679100,2026-06-05T17:00:00Z,2026-06-05T17:05:00Z,True,61350.39747695789,61334.98294158574,gamma_finalPrice,,,,,,,,,Down,-15.414535372154205,15.414535372154205,2.512540424525143,114211.95679799924,0.01,0.48,0.49,3329,3329,0,truncated_http_400_at_offset_3500,,,,,,,,110,1291.0133999999996,1026.593007,264.420393,762.172614,0.7951838509189759,0.6454545454545455,0.5903677018379516,560.2724129999999,,,,,,,,212,2573.2343080000005,2125.491128999999,447.7431789999997,1677.74795,0.825999840897504,0.6273584905660378,0.6519996817950088,689.84939,,,,,,,,372,4486.874851000004,3543.1341820000007,943.7406689999998,2599.3935130000013,0.7896663712852011,0.6048387096774194,0.5793327425704031,689.84939,,,,,,,,1020,10511.42957199999,6460.708566999994,4050.7210049999985,2409.9875620000003,0.614636527100921,0.49117647058823527,0.22927305420184216,689.84939,,,,,,,,1342,14826.066040999984,10013.776258999995,4812.289781999995,5201.486477000001,0.6754169468359247,0.526080476900149,0.35083389367184914,689.84939,,,,,,,,,,,,,60,,,
5m,300,btc-up-or-down-5m,btc-updown-5m,btc-updown-5m-1780679100,0x838493d038a03c72ecf12dca4a5bc86168c4712877cc3faf79326cc5b065555f,1780679100,1780679400,2026-06-05T17:05:00Z,2026-06-05T17:10:00Z,True,61334.98294158574,61321.38,gamma_finalPrice,,,,,,,,,Down,-13.602941585741064,13.602941585741064,2.217811260939983,131744.9627079998,0.01,0.5,0.51,3214,3214,0,truncated_http_400_at_offset_3500,,,,,,,,295,4441.833293999998,3269.616832000001,1172.2164619999992,2097.4003700000007,0.736096250261481,0.7220338983050848,0.47219250052296124,918.3288660000003,,,,,,,,394,5417.948008999998,3468.8226240000013,1949.125384999998,1519.697239000002,0.6402465690401207,0.6192893401015228,0.28049313808024073,918.3288660000003,,,,,,,,485,6115.87245299999,3700.4382140000034,2415.434238999999,1285.0039750000024,0.6050548376274337,0.5793814432989691,0.21010967525486499,918.3288660000003,,,,,,,,889,12766.62704199999,6434.550883999998,6332.076157999989,102.47472600000148,0.5040133829265507,0.484814398200225,0.008026765853101012,918.3288660000003,,,,,,,,1439,18836.982493999953,8967.805074999993,9869.177418999972,-901.3723439999977,0.4760743966214579,0.4697706740792217,-0.04785120675708581,918.3288660000003,,,,,,,,,,,,,60,,,
5m,300,btc-up-or-down-5m,btc-updown-5m,btc-updown-5m-1780679400,0x7db5f3449493320a65a33480c20597742f6fb9eb55aa54bc3a0d3b428e077e2c,1780679400,1780679700,2026-06-05T17:10:00Z,2026-06-05T17:15:00Z,True,61321.38,61004.51221097234,gamma_finalPrice,,,,,,,,,Down,-316.86778902765946,316.86778902765946,51.67329714818216,81436.64901099994,0.01,0.5,0.51,1587,1587,0,ok,,,,,,,,1,3.0,0.0,3.0,-3.0,0.0,0.0,-1.0,-3.0,,,,,,,,1,3.0,0.0,3.0,-3.0,0.0,0.0,-1.0,-3.0,,,,,,,,3,5.0,0.0,5.0,-5.0,0.0,0.0,-1.0,-3.0,,,,,,,,6,45.3635,0.0,45.3635,-45.3635,0.0,0.0,-1.0,-38.2635,,,,,,,,13,66.8257,0.0,66.8257,-66.8257,0.0,0.0,-1.0,-38.2635,,,,,,,,,,,,,60,,,
5m,300,btc-up-or-down-5m,btc-updown-5m,btc-updown-5m-1780679700,0xaf28afbc1da97debe4f94044b0a514df9647c2947e530d36a615c264ae00cc38,1780679700,1780680000,2026-06-05T17:15:00Z,2026-06-05T17:20:00Z,True,61004.51221097234,60793.38419481567,gamma_finalPrice,,,,,,,,,Down,-211.1280161566683,211.1280161566683,34.60859016895714,92677.63695699954,0.01,0.5,0.51,2489,2489,0,ok,,,,,,,,4,1.888,0.0,1.888,-1.888,0.0,0.0,-1.0,-1.638,,,,,,,,5,3.8284,0.0,3.8284,-3.8284,0.0,0.0,-1.0,-1.9404,,,,,,,,5,3.8284,0.0,3.8284,-3.8284,0.0,0.0,-1.0,-1.9404,,,,,,,,27,214.9764,0.0,214.9764,-214.9764,0.0,0.0,-1.0,-97.8024,,,,,,,,43,410.32259999999997,0.0,410.32259999999997,-410.32259999999997,0.0,0.0,-1.0,-100.05,,,,,,,,,,,,,60,,,
5m,300,btc-up-or-down-5m,btc-updown-5m,btc-updown-5m-1780680000,0x27d0b54c9eedf995ee2f3f082ebf0f1b9b919572dc78609549450176fdf62885,1780680000,1780680300,2026-06-05T17:20:00Z,2026-06-05T17:25:00Z,True,60793.38419481567,60769.45230177192,gamma_finalPrice,,,,,,,,,Down,-23.931893043751188,23.931893043751188,3.9365949701138776,110722.84599599955,0.01,0.51,0.52,3461,3461,0,truncated_http_400_at_offset_3500,,,,,,,,12,259.83840000000004,0.0,259.83840000000004,-259.83840000000004,0.0,0.0,-1.0,-163.3273,,,,,,,,70,1739.4190150000009,1342.2995160000003,397.11949899999996,945.1800169999999,0.7716941716887001,0.5142857142857142,0.5433883433774003,997.1293449999996,,,,,,,,188,3909.4369319999996,3251.5162330000016,657.920699,2593.595534000002,0.8317096015503651,0.675531914893617,0.6634192031007299,997.1293449999996,,,,,,,,482,11905.439949,10190.308953999996,1715.1309950000004,8475.177958999997,0.8559372016198304,0.6825726141078838,0.7118744032396612,1795.5654729999999,,,,,,,,1095,21675.444449999915,17102.600296999964,4572.844153000002,12529.75614399999,0.7890311239731018,0.7050228310502283,0.5780622479462025,1795.5654729999999,,,,,,,,,,,,,60,,,
5m,300,btc-up-or-down-5m,btc-updown-5m,btc-updown-5m-1780680300,0x54a6441dfd1d0431610794fdbb0f31b66d1c6e7fc4ef81ccce27e9edc4b43247,1780680300,1780680600,2026-06-05T17:25:00Z,2026-06-05T17:30:00Z,True,60769.45230177192,60650.01462904681,gamma_finalPrice,,,,,,,,,Down,-119.4376727251074,119.4376727251074,19.654228926072587,93258.1156329996,0.01,0.34,0.35,3255,3255,0,ok,,,,,,,,1,3.1581,0.0,3.1581,-3.1581,0.0,0.0,-1.0,-3.1581,,,,,,,,3,3.6581,0.0,3.6581,-3.6581,0.0,0.0,-1.0,-3.1581,,,,,,,,8,100.3762,0.0,100.3762,-100.3762,0.0,0.0,-1.0,-85.3925,,,,,,,,21,409.9676,0.0,409.9676,-409.9676,0.0,0.0,-1.0,-128.8881,,,,,,,,536,10463.712021999992,9168.67492399999,1295.0370980000007,7873.637825999994,0.8762354033370584,0.7761194029850746,0.7524708066741174,2027.921939,,,,,,,,,,,,,60,,,
5m,300,btc-up-or-down-5m,btc-updown-5m,btc-updown-5m-1780680600,0x81b97a7c1b36e9439006ba1fc89bba52f7d3a297044b22e4689a2f7f6e301d37,1780680600,1780680900,2026-06-05T17:30:00Z,2026-06-05T17:35:00Z,True,60650.01462904681,60829.442352541344,gamma_finalPrice,,,,,,,,,Up,179.42772349453298,179.42772349453298,29.58411874951149,86346.79864500005,0.99,0.51,0.52,2842,2842,0,ok,,,,,,,,1,1.2474,0.0,1.2474,-1.2474,0.0,0.0,-1.0,-1.2474,,,,,,,,1,1.2474,0.0,1.2474,-1.2474,0.0,0.0,-1.0,-1.2474,,,,,,,,3,1.7474,0.0,1.7474,-1.7474,0.0,0.0,-1.0,-1.2474,,,,,,,,16,294.92369999999994,0.0,294.92369999999994,-294.92369999999994,0.0,0.0,-1.0,-227.6406,,,,,,,,279,5296.345839999996,4207.348441000003,1088.9973990000003,3118.351042000004,0.7943870298696366,0.6774193548387096,0.5887740597392722,1271.6937759999994,,,,,,,,,60846.72357474818,0,2.840527097699959,-2.840527097699959,60,,,
5m,300,btc-up-or-down-5m,btc-updown-5m,btc-updown-5m-1780680900,0x8cc7b180b1da9f7c0ceaa51446a423a1a36b9d845144cf9480d2ac8dda69a51d,1780680900,1780681200,2026-06-05T17:35:00Z,2026-06-05T17:40:00Z,True,60829.442352541344,60846.72357474818,gamma_finalPrice,,,60846.72357474818,0,60846.72357474818,0,0.0,0.0,Up,17.28122220683872,17.28122220683872,2.8409305656106745,120843.12345999965,0.99,0.5,0.51,3379,3379,0,truncated_http_400_at_offset_3500,60858.76459447715,0,29.322241935806233,4.820402884160453,Up,0,-1.9787143454882326,157,5162.125296999999,4293.6998,868.4254970000001,3425.2743029999992,0.8317697756184474,0.8280254777070064,0.6635395512368943,3011.060625,60852.68033444604,0,23.237981904698245,3.8201865751161868,Up,0,-0.9789299719266747,266,6846.446579999995,5424.066988999999,1422.3795909999997,4001.6873979999955,0.792245572300953,0.7819548872180451,0.5844911446019051,3011.060625,60808.1562027396,0,-21.286149801744614,3.4993169390538257,Down,1,6.340456440576951,466,8684.830434999987,6601.6522190000005,2083.1782159999975,4518.474003,0.7601359944110423,0.6995708154506438,0.520271988822083,3011.060625,60791.0533403879,0,-38.38901215344231,6.310926200992617,Down,1,9.153445526398652,699,11651.168063999981,7042.296298999998,4608.871764999998,2433.424533999999,0.6044283509015229,0.5522174535050072,0.20885670180304444,3011.060625,,,,,,,,1117,16768.06728699997,8703.215761999987,8064.851524999985,638.3642370000013,0.5190351167511988,0.5004476275738585,0.038070233502397466,3011.060625,60876.291929522595,0,4.858301486125673,-4.858301486125673,,,,,,,,,60,,,
5m,300,btc-up-or-down-5m,btc-updown-5m,btc-updown-5m-1780681200,0x2927141141c40783b62423d846d52ac2e425e81168abced7a12db325ffd278f2,1780681200,1780681500,2026-06-05T17:40:00Z,2026-06-05T17:45:00Z,True,60846.72357474818,60707.77195829398,gamma_finalPrice,60846.72357474818,0,,,,,,,Down,-138.95161645420012,138.95161645420012,22.83633502196756,126345.0437010001,0.01,0.5,0.51,3468,3468,0,truncated_http_400_at_offset_3500,,,,,,,,7,258.98150000000004,0.0,258.98150000000004,-258.98150000000004,0.0,0.0,-1.0,-133.4891,,,,,,,,17,1544.2205,0.0,1544.2205,-1544.2205,0.0,0.0,-1.0,-1244.0022,,,,,,,,47,2171.7846000000004,0.0,2171.7846000000004,-2171.7846000000004,0.0,0.0,-1.0,-1244.0022,,,,,,,,448,12011.927937999975,7998.107352999989,4013.8205850000036,3984.286767999998,0.6658470975086203,0.7098214285714286,0.33169419501724007,3869.8635969999987,,,,,,,,1061,18830.873931999915,11470.986713999971,7359.88721799999,4111.099495999993,0.6091584891610873,0.651272384542884,0.21831697832217276,3869.8635969999987,,,,,,,,,60622.89452738989,0,13.991095113581766,-13.991095113581766,60,,,
5m,300,btc-up-or-down-5m,btc-updown-5m,btc-updown-5m-1780681500,0x81f7312adbd36cd5691bc95dac968037c09b37b8465783d0cf1685d3413b3312,1780681500,1780681800,2026-06-05T17:45:00Z,2026-06-05T17:50:00Z,True,60707.77195829398,60622.894527389886,gamma_finalPrice,,,60622.89452738989,0,60622.89452738989,0,-7.275957614183426e-12,-1.1985216026676094e-12,Down,-84.8774309040964,84.8774309040964,13.981312139474808,108685.43902999989,0.01,0.42,0.43,3466,3466,0,truncated_http_400_at_offset_3500,,,,,,,,18,347.1189999999999,0.0,347.1189999999999,-347.1189999999999,0.0,0.0,-1.0,-270.7935,,,,,,,,122,5324.608284999995,4664.268185999995,660.3400989999998,4003.9280869999975,0.8759833468200373,0.5245901639344263,0.7519666936400753,2540.267900000001,,,,,,,,268,9422.769731999986,7769.743939999992,1653.0257919999992,6116.718147999996,0.8245711357684702,0.6417910447761194,0.6491422715369403,2540.267900000001,,,,,,,,583,13975.761166999979,11536.431012999996,2439.330154,9097.100859000006,0.8254599427643478,0.6123499142367067,0.650919885528695,2540.267900000001,,,,,,,,1142,20509.42479499991,15887.252511999968,4622.172282999997,11265.080228999997,0.7746317934705412,0.6085814360770578,0.549263586941081,2540.267900000001,60676.0873369633,0,-8.770529177672493,8.770529177672493,60731.208254767036,0,-17.850860194430528,17.850860194430528,,,,,60,,,
5m,300,btc-up-or-down-5m,btc-updown-5m,btc-updown-5m-1780681800,0xa9059bf24a7041a6a820acc698e2a659859138cc0a17aca713bf1e4e73bbccfd,1780681800,1780682100,2026-06-05T17:50:00Z,2026-06-05T17:55:00Z,True,60622.894527389886,60745.68327799259,gamma_finalPrice,60622.89452738989,0,,,,,,,Up,122.78875060270366,122.78875060270366,20.254517960574574,93544.282596,0.99,0.5,0.51,2910,2910,0,ok,,,,,,,,1,5.0,0.0,5.0,-5.0,0.0,0.0,-1.0,-5.0,,,,,,,,6,24.4633,0.0,24.4633,-24.4633,0.0,0.0,-1.0,-18.4633,,,,,,,,12,83.2904,0.0,83.2904,-83.2904,0.0,0.0,-1.0,-53.787099999999995,,,,,,,,137,4945.911105999999,4374.660108,571.2509979999999,3803.4091099999987,0.8845003507428589,0.6934306569343066,0.7690007014857173,1876.4596730000003,,,,,,,,439,9761.195959999995,8556.343864999999,1204.8520949999997,7351.491770000002,0.8765671645219182,0.7129840546697038,0.7531343290438364,1876.4596730000003,,,,,,,,,,,,,60,,,
5m,300,btc-up-or-down-5m,btc-updown-5m,btc-updown-5m-1780682100,0x7fcba4126ca6632d2cbb36e25635e783ffe02350fd61c6531bb2c7936a69cc70,1780682100,1780682400,2026-06-05T17:55:00Z,2026-06-05T18:00:00Z,True,60745.68327799259,60765.65378199052,gamma_finalPrice,,,,,,,,,Up,19.97050399793079,19.97050399793079,3.287559365583078,109603.03919999966,0.99,0.57,0.58,3329,3329,0,truncated_http_400_at_offset_3500,,,,,,,,115,1711.925404999999,1480.2028129999994,231.72259200000002,1248.4802210000003,0.8646421208989536,0.7913043478260869,0.7292842417979076,977.4155840000003,,,,,,,,255,3135.1946210000015,2486.869655000002,648.3249659999999,1838.5446889999994,0.7932106154886136,0.7176470588235294,0.5864212309772263,977.4155840000003,,,,,,,,368,3768.3221930000086,2820.3348460000007,947.987346999999,1872.347499000001,0.7484325122833239,0.5842391304347826,0.4968650245666498,977.4155840000003,,,,,,,,706,8781.632958,3967.1120150000033,4814.520942999996,-847.4089279999979,0.45175106201472415,0.5127478753541076,-0.09649787597055225,-1079.1113719999996,,,,,,,,1094,13951.664006999972,6223.711428999996,7727.952577999983,-1504.241148999997,0.44609097709616374,0.47989031078610606,-0.10781804580767382,-1148.501301,,,,,,,,,,,,,60,,,
5m,300,btc-up-or-down-5m,btc-updown-5m,btc-updown-5m-1780682400,0xc888f931def82f86d5a0e90bf4df319c5891ead548854ef0a6067c479efb5e42,1780682400,1780682700,2026-06-05T18:00:00Z,2026-06-05T18:05:00Z,True,60765.65378199052,60707.96807565765,gamma_finalPrice,,,,,,,,,Down,-57.68570633287163,57.68570633287163,9.493143370074016,97940.76978999977,0.01,0.5,0.51,3483,3483,0,truncated_http_400_at_offset_3500,,,,,,,,5,20.3151,0.0,20.3151,-20.3151,0.0,0.0,-1.0,-13.2067,,,,,,,,74,2033.527235,1868.1704350000002,165.3568,1702.813635,0.9186847379499199,0.7162162162162162,0.8373694758998396,1221.0443400000004,,,,,,,,155,3218.059778,2945.03488,273.02489799999995,2672.009982,0.9151585374931467,0.6580645161290323,0.8303170749862933,1221.0443400000004,,,,,,,,329,8774.630829999991,8267.088334999995,507.5424949999999,7759.545839999993,0.9421579659779263,0.7355623100303952,0.884315931955852,2031.769792,,,,,,,,752,16893.795663999987,14397.871200999978,2495.9244630000017,11901.946737999988,0.8522579228113475,0.7074468085106383,0.7045158456226961,2031.769792,,,,,,,,,,,,,60,,,
5m,300,btc-up-or-down-5m,btc-updown-5m,btc-updown-5m-1780682700,0xa1bff5ffc0de13e6c6b9544cb0a75e50ce03cefd0d14a15c10cee8ef4400446e,1780682700,1780683000,2026-06-05T18:05:00Z,2026-06-05T18:10:00Z,True,60707.96807565765,60685.51826020101,gamma_finalPrice,,,,,,,,,Down,-22.449815456639044,22.449815456639044,3.698001459818394,98094.26236100006,0.01,0.83,0.84,3359,3359,0,truncated_http_400_at_offset_3500,,,,,,,,113,2610.141166999999,1795.401567999999,814.739599,980.6619690000002,0.687856117017444,0.7876106194690266,0.37571223403488835,874.587218,,,,,,,,200,3422.999894,2401.259199999998,1021.7406940000001,1379.5185059999992,0.7015072376160576,0.75,0.40301447523211614,874.587218,,,,,,,,463,5894.278811999996,4186.984746999995,1707.2940649999982,2479.690681999998,0.7103472503668864,0.7300215982721382,0.4206945007337735,874.587218,,,,,,,,846,10595.34725799997,6074.8649899999855,4520.482267999995,1554.3827220000007,0.5733521367516469,0.6513002364066194,0.1467042735032937,874.587218,,,,,,,,1192,14275.722320999947,6625.956758999981,7649.765561999981,-1023.8088029999989,0.4641416111921028,0.5637583892617449,-0.07171677761579534,874.587218,,,,,,,,,,,,,60,,,
5m,300,btc-up-or-down-5m,btc-updown-5m,btc-updown-5m-1780683000,0xade8861ccac6ebab952cce9e6b735a2fac45b2e56274d4cf5159e005f4acbe82,1780683000,1780683300,2026-06-05T18:10:00Z,2026-06-05T18:15:00Z,True,60685.51826020101,60572.416749957505,gamma_finalPrice,,,,,,,,,Down,-113.10151024350489,113.10151024350489,18.63731471461776,77849.35871299975,0.01,0.5,0.51,3421,3421,0,ok,,,,,,,,2,140.147,0.0,140.147,-140.147,0.0,0.0,-1.0,-140.1345,,,,,,,,11,195.9639,0.0,195.9639,-195.9639,0.0,0.0,-1.0,-140.1345,,,,,,,,134,6930.369426999994,6419.471026999994,510.8983999999997,5908.572626999995,0.9262812169854043,0.7388059701492538,0.8525624339708089,2695.588827,,,,,,,,444,11781.41605799998,10558.985075999984,1222.4309819999992,9336.554093999986,0.8962407425404585,0.7252252252252253,0.7924814850809169,2695.588827,,,,,,,,893,16659.647973999938,13777.340940999955,2882.3070329999982,10895.033907999974,0.826988719239549,0.6685330347144457,0.653977438479098,2695.588827,,,,,,,,,,,,,60,,,
5m,300,btc-up-or-down-5m,btc-updown-5m,btc-updown-5m-1780683300,0x2866d14ddadaa9ebe2393f0f9a6d1a33f3ccc8881bb83b47cc588e9c63a2d215,1780683300,1780683600,2026-06-05T18:15:00Z,2026-06-05T18:20:00Z,True,60572.416749957505,60398.25003254216,gamma_finalPrice,,,,,,,,,Down,-174.1667174153481,174.1667174153481,28.753470104108118,105759.7384589998,0.01,0.4,0.41,3291,3291,0,ok,,,,,,,,3,35.313900000000004,0.0,35.313900000000004,-35.313900000000004,0.0,0.0,-1.0,-34.313900000000004,,,,,,,,5,44.016200000000005,0.0,44.016200000000005,-44.016200000000005,0.0,0.0,-1.0,-34.313900000000004,,,,,,,,10,60.98620000000001,0.0,60.98620000000001,-60.98620000000001,0.0,0.0,-1.0,-34.313900000000004,,,,,,,,32,901.9677999999999,679.5261,222.4417,457.0844000000001,0.7533817726087341,0.21875,0.506763545217468,669.5273000000001,,,,,,,,364,7962.8883189999915,6527.883826999992,1435.0044919999998,5092.879334999992,0.8197884442789457,0.695054945054945,0.6395768885578913,863.936626,,,,,,,,,,,,,60,,,
5m,300,btc-up-or-down-5m,btc-updown-5m,btc-updown-5m-1780683600,0xae08f0f642b6052357974f08dc327ae6e5b4f1ba3fb885f7e4e66650de325237,1780683600,1780683900,2026-06-05T18:20:00Z,2026-06-05T18:25:00Z,True,60398.25003254216,60272.07919419505,gamma_finalPrice,,,,,,,,,Down,-126.17083834710502,126.17083834710502,20.88981688693382,110514.6243760003,0.01,0.5,0.51,3491,3491,0,truncated_http_400_at_offset_3500,,,,,,,,4,37.4875,0.0,37.4875,-37.4875,0.0,0.0,-1.0,-35.6075,,,,,,,,4,37.4875,0.0,37.4875,-37.4875,0.0,0.0,-1.0,-35.6075,,,,,,,,9,114.2225,0.0,114.2225,-114.2225,0.0,0.0,-1.0,-39.6694,,,,,,,,98,1557.9065070000001,1088.6497070000003,469.2568000000001,619.3929070000003,0.6987901405562331,0.20408163265306123,0.3975802811124661,682.3132189999999,,,,,,,,665,12401.279442999965,10430.875048999978,1970.4043940000008,8460.470654999985,0.8411128139595143,0.7203007518796992,0.682225627919028,2037.9416130000002,,,,,,,,,,,,,60,,,
5m,300,btc-up-or-down-5m,btc-updown-5m,btc-updown-5m-1780683900,0x5901dcdaccff6c11f2e8e26017871d3e4680a44c2ba21975a913f1f90b5d56b9,1780683900,1780684200,2026-06-05T18:25:00Z,2026-06-05T18:30:00Z,True,60272.07919419505,60108.55566724707,gamma_finalPrice,,,,,,,,,Down,-163.52352694798174,163.52352694798174,27.130891970909655,98319.81935199993,0.01,0.5,0.51,3134,3134,0,ok,,,,,,,,2,4.0,0.0,4.0,-4.0,0.0,0.0,-1.0,-4.0,,,,,,,,9,58.77,0.0,58.77,-58.77,0.0,0.0,-1.0,-47.07,,,,,,,,21,119.86560000000001,0.0,119.86560000000001,-119.86560000000001,0.0,0.0,-1.0,-47.07,,,,,,,,35,243.51140000000004,0.0,243.51140000000004,-243.51140000000004,0.0,0.0,-1.0,-52.054199999999994,,,,,,,,293,6928.910895999991,6321.187196999993,607.723699,5713.463497999998,0.9122915984746127,0.6655290102389079,0.8245831969492259,1700.8093060000006,,,,,,,,,,,,,60,,,
5m,300,btc-up-or-down-5m,btc-updown-5m,btc-updown-5m-1780684200,0x6936fa6a2aef34e5ce0533fee79468a973aecf78a52b3d90df991870b8efa66a,1780684200,1780684500,2026-06-05T18:30:00Z,2026-06-05T18:35:00Z,True,60108.55566724707,60196.3824776329,gamma_finalPrice,,,,,,,,,Up,87.82681038582814,87.82681038582814,14.611365954628093,129397.4727429996,0.99,0.51,0.52,3477,3477,0,truncated_http_400_at_offset_3500,,,,,,,,68,2151.9138020000005,1855.0235019999996,296.8902999999999,1558.1332019999998,0.8620342972269291,0.5441176470588235,0.7240685944538588,1798.6835019999992,,,,,,,,182,4698.720941999994,4108.986646999999,589.7342950000003,3519.252351999999,0.874490461919414,0.6483516483516484,0.7489809238388271,1798.6835019999992,,,,,,,,275,6223.251193999992,5500.3530999999975,722.8980940000005,4777.455005999998,0.8838391587508213,0.7090909090909091,0.767678317501642,1798.6835019999992,,,,,,,,460,8896.577611999986,7547.173024999997,1349.4045870000007,6197.768437999999,0.8483231815816602,0.7239130434782609,0.6966463631633194,1798.6835019999992,,,,,,,,866,13740.631613999987,10947.280852999993,2793.350761000003,8153.930092000008,0.7967087074691734,0.6859122401847575,0.5934174149383477,1798.6835019999992,,,,,,,,,60263.13740952698,0,11.083381170730622,-11.083381170730622,60,,,
5m,300,btc-up-or-down-5m,btc-updown-5m,btc-updown-5m-1780684500,0x5587aeb0e8c6e3c7a17737aa5ad0662a7bd14f0a4cd7f747be3cca465e9928a6,1780684500,1780684800,2026-06-05T18:35:00Z,2026-06-05T18:40:00Z,True,60196.3824776329,60263.13740952698,gamma_finalPrice,,,60263.13740952698,0,60263.13740952698,0,0.0,0.0,Up,66.75493189408007,66.75493189408007,11.089525507431302,161236.90990899992,0.99,0.5,0.51,3461,3461,0,truncated_http_400_at_offset_3500,60256.36126849125,0,59.97879085835302,9.963853040610749,Up,0,1.124488753636519,79,3127.6031949999997,2471.7732949999986,655.8298999999998,1815.9433950000002,0.7903091092091044,0.5443037974683544,0.5806182184182097,1936.8588949999998,60270.80757926149,0,74.42510162859253,12.363716649625344,Up,0,-1.272698698375513,211,7029.005697999998,6168.999097999999,860.0065999999999,5308.992498,0.8776488970204276,0.6540284360189573,0.7552977940408551,2246.611553,60244.97197578842,0,48.58949815552478,8.0718302588331,Up,0,3.01480688209225,355,8588.614616999992,7486.073131,1102.5414859999996,6383.531645000005,0.8716275516871299,0.6901408450704225,0.7432551033742594,2246.611553,60225.03118407015,0,28.64870643724862,4.759207324110148,Up,0,6.325305990145732,816,16553.176930999987,10562.773066999995,5990.403863999998,4572.369203000002,0.6381115305557173,0.7083333333333334,0.2762230611114348,2246.611553,,,,,,,,1664,29527.577997999935,14697.751727999976,14829.826269999976,-132.07454199999364,0.4977635391902287,0.6364182692307693,-0.004472921619542916,-3680.9038950000004,60268.94479582334,0,0.9636249859117612,-0.9636249859117612,,,,,,,,,60,,,
5m,300,btc-up-or-down-5m,btc-updown-5m,btc-updown-5m-1780684800,0x625a95a9fd6838b0d66b1f7f00b55247869bbaf167c256001e3eee66005436fe,1780684800,1780685100,2026-06-05T18:40:00Z,2026-06-05T18:45:00Z,True,60263.13740952698,59903.17459164592,gamma_finalPrice,60263.13740952698,0,,,,,,,Down,-359.9628178810599,359.9628178810599,59.73184161237405,165998.5033259997,0.01,0.49,0.5,2419,2419,0,ok,,,,,,,,0,0.0,0.0,0.0,0.0,,,,0.0,,,,,,,,5,15.275799999999998,0.0,15.275799999999998,-15.275799999999998,0.0,0.0,-1.0,-12.414599999999998,,,,,,,,8,16.775799999999997,0.0,16.775799999999997,-16.775799999999997,0.0,0.0,-1.0,-12.414599999999998,,,,,,,,16,67.9941,0.0,67.9941,-67.9941,0.0,0.0,-1.0,-34.7688,,,,,,,,66,699.8926,0.0,699.8926,-699.8926,0.0,0.0,-1.0,-224.86270000000002,,,,,,,,,,,,,60,,,
5m,300,btc-up-or-down-5m,btc-updown-5m,btc-updown-5m-1780685100,0x21d3a20c81adaca37c946733ae66fba5a8b21bb53b24f2922709114a3fd393fa,1780685100,1780685400,2026-06-05T18:45:00Z,2026-06-05T18:50:00Z,True,59903.17459164592,59734.27210383146,gamma_finalPrice,,,,,,,,,Down,-168.90248781445553,168.90248781445553,28.195915987065337,176233.0537479998,0.001,0.01,0.02,3481,3481,0,ok,,,,,,,,3,2.0549999999999997,0.0,2.0549999999999997,-2.0549999999999997,0.0,0.0,-1.0,-2.0,,,,,,,,8,23.50527,0.0,23.50527,-23.50527,0.0,0.0,-1.0,-18.69,,,,,,,,12,24.63119,0.0,24.63119,-24.63119,0.0,0.0,-1.0,-18.69,,,,,,,,39,228.683433,154.982993,73.70044,81.28255300000002,0.677718499179606,0.4358974358974359,0.3554369983592122,81.975942,,,,,,,,116,785.8646330000001,159.977993,625.88664,-465.9086470000001,0.2035694015002199,0.15517241379310345,-0.5928611969995601,-131.91719999999998,,,,,,,,,,,,,60,,,
5m,300,btc-up-or-down-5m,btc-updown-5m,btc-updown-5m-1780685400,0x25acbddd59bc01bab31d1ea3379d8ec8e5891f9918796258768a33489fc11f89,1780685400,1780685700,2026-06-05T18:50:00Z,2026-06-05T18:55:00Z,True,59734.27210383146,59163.737008580494,gamma_finalPrice,,,,,,,,,Down,-570.5350952509689,570.5350952509689,95.51218674921692,127690.97320399975,0.01,0.49,0.5,3160,3160,0,ok,,,,,,,,2,0.5,0.0,0.5,-0.5,0.0,0.0,-1.0,-0.5,,,,,,,,3,1.5,0.0,1.5,-1.5,0.0,0.0,-1.0,-1.0,,,,,,,,4,6.5,0.0,6.5,-6.5,0.0,0.0,-1.0,-5.0,,,,,,,,6,82.9478,0.0,82.9478,-82.9478,0.0,0.0,-1.0,-41.372099999999996,,,,,,,,16,402.6364,0.0,402.6364,-402.6364,0.0,0.0,-1.0,-289.377,,,,,59355.827939135976,0,-32.41508671380406,32.41508671380406,,,,,60,,,
5m,300,btc-up-or-down-5m,btc-updown-5m,btc-updown-5m-1780685700,0x8bc42ded9d17d64e7c2bcf5b714c9ada1ece3b3f0fe0e0e37cdebeaca2e01ab9,1780685700,1780686000,2026-06-05T18:55:00Z,2026-06-05T19:00:00Z,True,59163.737008580494,59349.377306576964,gamma_finalPrice,,,,,,,,,Up,185.6402979964696,185.6402979964696,31.377378675310226,163034.89918599988,0.99,0.5,0.51,3460,3460,0,ok,,,,,,,,3,0.6420000000000001,0.0,0.6420000000000001,-0.6420000000000001,0.0,0.0,-1.0,-0.392,,,,,,,,5,38.314,0.0,38.314,-38.314,0.0,0.0,-1.0,-25.0,,,,,,,,5,38.314,0.0,38.314,-38.314,0.0,0.0,-1.0,-25.0,,,,,,,,18,534.5773,0.0,534.5773,-534.5773,0.0,0.0,-1.0,-275.23,,,,,,,,272,7530.387914,5393.202817999997,2137.1850959999997,3256.0177219999973,0.7161918986900144,0.6433823529411765,0.4323837973800293,2890.1386669999983,,,,,,,,,,,,,60,,,
5m,300,btc-up-or-down-5m,btc-updown-5m,btc-updown-5m-1780686000,0x6bad2e962abd8843bd19f5e1d2e3fb0496b93b670d1af4763282dbf38f7080a3,1780686000,1780686300,2026-06-05T19:00:00Z,2026-06-05T19:05:00Z,True,59349.377306576964,59364.139162013285,gamma_finalPrice,,,,,,,,,Up,14.761855436321639,14.761855436321639,2.4872805926955803,189056.5770509997,0.99,0.5,0.51,3153,3153,0,truncated_http_400_at_offset_3500,,,,,,,,137,1820.8262009999978,537.9933740000001,1282.8328269999997,-744.8394529999997,0.29546662592208645,0.4233576642335766,-0.4090667481558283,-576.5585580000002,,,,,,,,249,3502.3318459999987,1395.7053459999988,2106.6265,-710.9211539999999,0.39850745371088386,0.46184738955823296,-0.202985092578232,-576.5585580000002,,,,,,,,383,4840.768597999998,2246.0233239999975,2594.7452740000026,-348.7219499999999,0.4639807250707997,0.4960835509138381,-0.0720385498584,-576.5585580000002,,,,,,,,751,8402.745692999979,3554.002904999998,4848.742787999999,-1294.7398830000004,0.42295733262053953,0.40612516644474034,-0.15408533475892303,-576.5585580000002,,,,,,,,1464,18159.13858399994,8686.434035999984,9472.704547999987,-786.2705119999966,0.478350555882294,0.44330601092896177,-0.04329888823541341,1445.6598740000004,,,,,,,,,,,,,60,,,
5m,300,btc-up-or-down-5m,btc-updown-5m,btc-updown-5m-1780686300,0x5dfe02f0c6ced37875cd3919fd4affa036cab4eb3653dc0f341c99c167153d53,1780686300,1780686600,2026-06-05T19:05:00Z,2026-06-05T19:10:00Z,True,59364.139162013285,59363.40913349116,gamma_finalPrice,,,,,,,,,Down,-0.7300285221281229,0.7300285221281229,0.12297466659724819,139012.27923899982,0.01,0.5,0.51,3221,3221,0,truncated_http_400_at_offset_3500,,,,,,,,106,3222.2895649999996,3019.220573999999,203.06899099999998,2816.1515829999994,0.936979906087366,0.6792452830188679,0.8739598121747323,1890.6758699999998,,,,,,,,200,4316.9231690000015,3653.903685999998,663.019483,2990.8842029999973,0.8464138792737446,0.655,0.6928277585474898,1890.6758699999998,,,,,,,,353,5353.775417999996,4152.353959999998,1201.4214579999996,2950.9325019999956,0.7755936018607199,0.6147308781869688,0.5511872037214389,1890.6758699999998,,,,,,,,861,10383.439054999972,6999.150350999989,3384.2887039999973,3614.861647,0.674068611943137,0.5261324041811847,0.3481372238862734,1890.6758699999998,,,,,,,,1339,16481.347437999924,12118.46577099996,4362.881666999997,7755.584103999999,0.7352836785091512,0.5870052277819268,0.4705673570183027,1890.6758699999998,,,,,,,,,,,,,60,,,
5m,300,btc-up-or-down-5m,btc-updown-5m,btc-updown-5m-1780686600,0x2233eecd768a31ac3b5801cea8e8ed8c6a5d9f5183904a9015ee2cdbd33e2edf,1780686600,1780686900,2026-06-05T19:10:00Z,2026-06-05T19:15:00Z,True,59363.40913349116,59361.28821947262,gamma_finalPrice,,,,,,,,,Down,-2.120914018538315,2.120914018538315,0.35727631709442287,157786.97083199938,0.01,0.49,0.5,3200,3200,0,truncated_http_400_at_offset_3500,,,,,,,,252,4326.182667999998,3070.7936099999997,1255.3890579999986,1815.404552,0.7098159845893963,0.45634920634920634,0.4196319691787922,1753.9261690000008,,,,,,,,360,5030.521231999997,3597.152681999998,1433.3685499999983,2163.784131999998,0.715065599786738,0.5027777777777778,0.43013119957347573,1753.9261690000008,,,,,,,,508,7776.870426999998,5683.118896999995,2093.7515299999977,3589.3673669999953,0.7307719667373077,0.5196850393700787,0.461543933474616,1753.9261690000008,,,,,,,,768,10344.171394999976,7487.727591999994,2856.443802999998,4631.283788999996,0.7238595829550262,0.5416666666666666,0.44771916591005084,1753.9261690000008,,,,,,,,1275,16758.077491999953,11466.06773999997,5292.0097519999945,6174.057988,0.6842114046479194,0.5576470588235294,0.36842280929583954,1753.9261690000008,,,,,,,,,,,,,60,,,
5m,300,btc-up-or-down-5m,btc-updown-5m,btc-updown-5m-1780686900,0x3dd3ce211bc5ab88667d1fb07889f0a8b2ab98bf570b56d522208593269e98c0,1780686900,1780687200,2026-06-05T19:15:00Z,2026-06-05T19:20:00Z,True,59361.28821947262,59200.57042588413,gamma_finalPrice,,,,,,,,,Down,-160.71779358849017,160.71779358849017,27.074512432122223,128271.05389299952,0.01,0.5,0.51,3484,3484,0,truncated_http_400_at_offset_3500,,,,,,,,4,9.9323,0.0,9.9323,-9.9323,0.0,0.0,-1.0,-5.9326,,,,,,,,6,15.9323,0.0,15.9323,-15.9323,0.0,0.0,-1.0,-6.0,,,,,,,,7,17.932299999999998,0.0,17.932299999999998,-17.932299999999998,0.0,0.0,-1.0,-6.0,,,,,,,,26,200.789,0.0,200.789,-200.789,0.0,0.0,-1.0,-105.9999,,,,,,,,414,8876.188301000002,7692.137019000002,1184.051282,6508.085737000008,0.8666036318915628,0.6473429951690821,0.7332072637831263,2169.4865569999997,,,,,,,,,,,,,60,,,
5m,300,btc-up-or-down-5m,btc-updown-5m,btc-updown-5m-1780687200,0x212c7e73d0ebccd2a45900ff49f7c58922524628db108aa4fc127a866e6330ce,1780687200,1780687500,2026-06-05T19:20:00Z,2026-06-05T19:25:00Z,True,59200.57042588413,59565.52778104159,gamma_finalPrice,,,,,,,,,Up,364.95735515745764,364.95735515745764,61.64760787471875,115025.38873599963,0.99,0.51,0.52,2870,2870,0,ok,,,,,,,,0,0.0,0.0,0.0,0.0,,,,0.0,,,,,,,,0,0.0,0.0,0.0,0.0,,,,0.0,,,,,,,,0,0.0,0.0,0.0,0.0,,,,0.0,,,,,,,,1,37.8279,0.0,37.8279,-37.8279,0.0,0.0,-1.0,-37.8279,,,,,,,,11,60.486999999999995,0.0,60.486999999999995,-60.486999999999995,0.0,0.0,-1.0,-37.8279,,,,,,,,,,,,,60,,,
5m,300,btc-up-or-down-5m,btc-updown-5m,btc-updown-5m-1780687500,0xbfd218fbd09000186b3860b1e56de9201ae479177e4ce2bb8482f0af65af6231,1780687500,1780687800,2026-06-05T19:25:00Z,2026-06-05T19:30:00Z,True,59565.52778104159,59818.10483071465,gamma_finalPrice,,,,,,,,,Up,252.577049673062,252.577049673062,42.40322533555251,96102.97435999986,0.99,0.5,0.51,3122,3122,0,ok,,,,,,,,1,1.69,0.0,1.69,-1.69,0.0,0.0,-1.0,-1.69,,,,,,,,2,26.69,0.0,26.69,-26.69,0.0,0.0,-1.0,-25.0,,,,,,,,4,31.89,0.0,31.89,-31.89,0.0,0.0,-1.0,-25.0,,,,,,,,10,93.0943,0.0,93.0943,-93.0943,0.0,0.0,-1.0,-26.8785,,,,,,,,44,828.378,472.2619,356.11609999999996,116.14579999999997,0.5701043484979079,0.18181818181818182,0.14020869699581587,462.36190000000005,,,,,,,,,,,,,60,,,
5m,300,btc-up-or-down-5m,btc-updown-5m,btc-updown-5m-1780687800,0x0b26c308824f6918e0583c81547638295f5338354cdc2bcdc4521c1526eda351,1780687800,1780688100,2026-06-05T19:30:00Z,2026-06-05T19:35:00Z,True,59818.10483071465,59667.361734601174,gamma_finalPrice,,,,,,,,,Down,-150.74309611347417,150.74309611347417,25.200246069325903,86436.68637699976,0.01,0.5,0.51,2550,2550,0,ok,,,,,,,,0,0.0,0.0,0.0,0.0,,,,0.0,,,,,,,,2,7.870500000000001,0.0,7.870500000000001,-7.870500000000001,0.0,0.0,-1.0,-7.7121,,,,,,,,4,50.8093,0.0,50.8093,-50.8093,0.0,0.0,-1.0,-42.6888,,,,,,,,18,111.60690000000001,0.0,111.60690000000001,-111.60690000000001,0.0,0.0,-1.0,-42.6888,,,,,,,,39,296.6012999999999,0.0,296.6012999999999,-296.6012999999999,0.0,0.0,-1.0,-105.0591,,,,,,,,,,,,,60,,,
5m,300,btc-up-or-down-5m,btc-updown-5m,btc-updown-5m-1780688100,0xb2eeb2999880bf0476b510c03cbe5f7cde339242d39b67e6b1f06496f345e202,1780688100,1780688400,2026-06-05T19:35:00Z,2026-06-05T19:40:00Z,True,59667.361734601174,59773.62954066959,gamma_finalPrice,,,,,,,,,Up,106.2678060684193,106.2678060684193,17.81003935469707,109343.5927339999,0.99,0.5,0.51,3469,3469,0,truncated_http_400_at_offset_3500,,,,,,,,6,27.6217,0.0,27.6217,-27.6217,0.0,0.0,-1.0,-17.3349,,,,,,,,32,686.8810960000002,220.938696,465.9424,-245.00370400000006,0.3216549374944509,0.34375,-0.356690125011098,-136.24160400000005,,,,,,,,154,3737.9862550000003,2842.3749550000007,895.6113000000005,1946.7636550000007,0.7604027305338501,0.6168831168831169,0.5208054610677001,1115.9478990000005,,,,,,,,524,12781.06528399998,11405.493892999986,1375.5713909999995,10029.922501999992,0.8923742770704718,0.7805343511450382,0.7847485541409435,2686.4745189999985,,,,,,,,969,18060.224252999935,15220.334386999977,2839.889866,12380.444520999987,0.8427544516492794,0.739938080495356,0.6855089032985571,2686.4745189999985,,,,,,,,,,,,,60,,,
5m,300,btc-up-or-down-5m,btc-updown-5m,btc-updown-5m-1780688400,0xca148b6fa92b21f72bce447c0134096129dc9fc9ae447dfba983e14b4849030c,1780688400,1780688700,2026-06-05T19:40:00Z,2026-06-05T19:45:00Z,True,59773.62954066959,59710.72823969853,gamma_finalPrice,,,,,,,,,Down,-62.90130097106157,62.90130097106157,10.523252721045479,118351.85088599959,0.01,0.5,0.51,3252,3252,0,ok,,,,,,,,12,54.34290000000001,0.1,54.242900000000006,-54.142900000000004,0.0018401667927180918,0.08333333333333333,-0.9963196664145637,-24.334400000000002,,,,,,,,75,579.2085400000003,475.08094100000005,104.12759900000005,370.953342,0.8202243375071779,0.49333333333333335,0.6404486750143563,286.44613100000004,,,,,,,,198,3804.8357330000003,3597.2304370000006,207.605296,3389.6251410000004,0.9454364628150953,0.6565656565656566,0.8908729256301905,1988.5944279999997,59652.799930875015,0,-120.82960979457857,20.214534523517077,Down,0,-9.706199918722273,395,6132.880068999994,5481.018791999997,651.8612769999999,4829.157514999998,0.8937104150633933,0.6075949367088608,0.7874208301267863,1988.5944279999997,59585.90777160021,0,-187.72176906938694,31.405449277872986,Down,0,-20.926074333837267,683,12144.756641999975,10499.17516899999,1645.5814730000004,8853.593695999994,0.8645027215029486,0.5900439238653001,0.7290054430058964,2588.3587730000004,,,,,,,,,,,,,60,31.405449277872986,Down,-20.926074333837267
5m,300,btc-up-or-down-5m,btc-updown-5m,btc-updown-5m-1780688700,0xd6d691f75d1a2ea3d91345c04a05f7ce87825c93b767f252616fef47e0f5ef48,1780688700,1780689000,2026-06-05T19:45:00Z,2026-06-05T19:50:00Z,True,59710.72823969853,60181.27129042508,gamma_finalPrice,,,,,,,,,Up,470.54305072654824,470.54305072654824,78.80377020987474,83368.58135400011,0.999,0.99,1.0,1998,1998,0,ok,,,,,,,,5,11.0,0.0,11.0,-11.0,0.0,0.0,-1.0,-10.5,,,,,,,,5,11.0,0.0,11.0,-11.0,0.0,0.0,-1.0,-10.5,,,,,,,,6,11.25,0.0,11.25,-11.25,0.0,0.0,-1.0,-10.5,,,,,,,,8,18.925,0.0,18.925,-18.925,0.0,0.0,-1.0,-10.5,,,,,,,,18,87.0643,0.0,87.0643,-87.0643,0.0,0.0,-1.0,-35.7514,,,,,,,,,,,,,60,,,
5m,300,btc-up-or-down-5m,btc-updown-5m,btc-updown-5m-1780689000,0xf1aa7da3ddbfd4256fb8ed5244808099591480c85f3ce11bf1d1e87451eaf879,1780689000,1780689300,2026-06-05T19:50:00Z,2026-06-05T19:55:00Z,True,60181.27129042508,60189.13012892037,gamma_finalPrice,,,,,,,,,Up,7.858838495289092,7.858838495289092,1.3058611635775534,126971.90258899999,0.99,0.5,0.51,3183,3183,0,truncated_http_400_at_offset_3500,,,,,,,,151,1867.1223169999996,902.4833780000001,964.6389389999999,-62.15556100000002,0.48335525197409995,0.6026490066225165,-0.03328949605180046,-82.90236600000004,,,,,,,,276,2903.1513560000008,1380.0385409999988,1523.1128149999988,-143.0742739999999,0.47535879868882674,0.5652173913043478,-0.049282402622345345,-82.90236600000004,,,,,,,,443,4624.61216,2428.4102529999973,2196.2019069999983,232.20834600000018,0.5251057102699824,0.6162528216704289,0.050211420539965926,387.910482,,,,,,,,865,9819.301315999972,5241.039138999995,4578.262176999993,662.7769620000005,0.5337486823487156,0.5734104046242775,0.06749736469742959,644.311359,,,,,,,,1409,16472.719767999926,7572.123159999979,8900.596607999983,-1328.4734479999993,0.4596765601943683,0.5408090844570618,-0.08064687961126525,-845.2447989999998,,,,,,,,,,,,,60,,,
5m,300,btc-up-or-down-5m,btc-updown-5m,btc-updown-5m-1780689300,0x1a5a74155de1891e092da41012334716ed2c3d4f5b00fcbea05c1aee38a01163,1780689300,1780689600,2026-06-05T19:55:00Z,2026-06-05T20:00:00Z,True,60189.13012892037,60277.32125053511,gamma_finalPrice,,,,,,,,,Up,88.19112161474186,88.19112161474186,14.652333639951836,106173.92307199987,0.99,0.5,0.51,3286,3286,0,ok,,,,,,,,11,135.0603,0.0,135.0603,-135.0603,0.0,0.0,-1.0,-54.7,,,,,,,,12,135.3103,0.0,135.3103,-135.3103,0.0,0.0,-1.0,-54.7,,,,,,,,15,183.4461,0.0,183.4461,-183.4461,0.0,0.0,-1.0,-54.7,,,,,,,,76,1113.8322619999992,251.48356200000003,862.3487000000001,-610.8651380000001,0.22578225696967666,0.3026315789473684,-0.5484354860606475,-221.02390899999995,,,,,,,,453,10596.345737999996,7784.602739999995,2811.742998000001,4972.8597419999915,0.734649749307755,0.6203090507726269,0.4692994986155097,3013.512977999999,,,,,,,,,,,,,60,,,
5m,300,btc-up-or-down-5m,btc-updown-5m,btc-updown-5m-1780689600,0x8e8572f6ef8085ec62dd3473a1dd433534e56feffb19081b3c9b59b543840014,1780689600,1780689900,2026-06-05T20:00:00Z,2026-06-05T20:05:00Z,True,60277.32125053511,60041.517034720775,gamma_finalPrice,,,,,,,,,Down,-235.8042158143362,235.8042158143362,39.11988969022787,94069.69985799982,0.01,0.5,0.51,3143,3143,0,ok,,,,,,,,2,6.1875,0.0,6.1875,-6.1875,0.0,0.0,-1.0,-4.2075,,,,,,,,4,32.1875,0.0,32.1875,-32.1875,0.0,0.0,-1.0,-25.0,,,,,,,,7,37.1005,0.0,37.1005,-37.1005,0.0,0.0,-1.0,-25.0,,,,,,,,9,75.37389999999999,0.0,75.37389999999999,-75.37389999999999,0.0,0.0,-1.0,-38.2536,,,,,,,,51,714.9675980000001,2.989998,711.9776,-708.987602,0.004182004902549444,0.0392156862745098,-0.9916359901949011,-198.20499999999998,,,,,,,,,,,,,60,,,
5m,300,btc-up-or-down-5m,btc-updown-5m,btc-updown-5m-1780689900,0xd50e912bb99f271cdb3d67afbe676d5a3ab1c2a61d6345623f2bc326bb6054c7,1780689900,1780690200,2026-06-05T20:05:00Z,2026-06-05T20:10:00Z,True,60041.517034720775,60860.66633330629,gamma_finalPrice,,,,,,,,,Up,819.1492985855148,819.1492985855148,136.4304799480362,80191.39615400006,0.99,0.99,1.0,2868,2868,0,ok,,,,,,,,1,131.65019999999998,0.0,131.65019999999998,-131.65019999999998,0.0,0.0,-1.0,-131.65019999999998,,,,,,,,3,132.90019999999998,0.0,132.90019999999998,-132.90019999999998,0.0,0.0,-1.0,-131.65019999999998,,,,,,,,5,144.8302,0.0,144.8302,-144.8302,0.0,0.0,-1.0,-131.65019999999998,,,,,,,,11,223.66709999999998,0.0,223.66709999999998,-223.66709999999998,0.0,0.0,-1.0,-131.65019999999998,,,,,,,,48,825.4638,0.0,825.4638,-825.4638,0.0,0.0,-1.0,-337.59,,,,,,,,,,,,,60,,,
5m,300,btc-up-or-down-5m,btc-updown-5m,btc-updown-5m-1780690200,0x6d8f2f54b97626e78ebe2d1c35c13adeb4d34a9e80435ee1681dc997f841aea0,1780690200,1780690500,2026-06-05T20:10:00Z,2026-06-05T20:15:00Z,True,60860.66633330629,60817.40372802937,gamma_finalPrice,,,,,,,,,Down,-43.2626052769192,43.2626052769192,7.108467238920705,108355.19753799983,0.01,0.5,0.51,3457,3457,0,truncated_http_400_at_offset_3500,,,,,,,,42,467.2333320000002,395.581032,71.6523,323.9287319999999,0.846645572794879,0.47619047619047616,0.6932911455897581,186.3576,,,,,,,,97,2430.132985,2171.953985,258.1789999999999,1913.7749849999998,0.8937593121061232,0.4329896907216495,0.7875186242122464,1657.467353,,,,,,,,224,11290.25928799998,10474.98308799998,815.2762,9659.706887999982,0.9277894174789655,0.6919642857142857,0.8555788349579311,5136.787921999998,,,,,,,,461,15599.414960999984,14524.342165999988,1075.0727950000003,13449.269370999991,0.931082492664771,0.7570498915401301,0.8621649853295421,5136.787921999998,,,,,,,,835,19540.475121999974,17813.756445999985,1726.7186759999986,16087.037769999975,0.91163374149199,0.7365269461077845,0.8232674829839788,5136.787921999998,,,,,,,,,,,,,60,,,
5m,300,btc-up-or-down-5m,btc-updown-5m,btc-updown-5m-1780690500,0x57e155f04c904b5dda0e4e729509d8fd55ed3c94c539c5f7e075c6da92438220,1780690500,1780690800,2026-06-05T20:15:00Z,2026-06-05T20:20:00Z,True,60817.40372802937,60934.38444195201,gamma_finalPrice,,,,,,,,,Up,116.98071392263955,116.98071392263955,19.234743141250828,130177.38781000023,0.99,0.5,0.51,3467,3467,0,truncated_http_400_at_offset_3500,,,,,,,,6,320.53760000000005,0.0,320.53760000000005,-320.53760000000005,0.0,0.0,-1.0,-315.99350000000004,,,,,,,,129,6031.8239229999945,5467.359222999996,564.4647000000001,4902.894522999996,0.9064189029378603,0.689922480620155,0.8128378058757205,2175.2039969999996,,,,,,,,293,8882.700693999983,7920.089997999993,962.6106960000001,6957.479301999994,0.8916308531424225,0.7679180887372014,0.7832617062848439,2175.2039969999996,,,,,,,,551,12583.561306999973,10987.631129999987,1595.9301770000004,9391.700953000003,0.873173409493209,0.7313974591651543,0.7463468189864181,2175.2039969999996,,,,,,,,863,15123.261933999946,12856.181592999972,2267.080340999998,10589.101252,0.8500931643653444,0.7068366164542295,0.700186328730689,2175.2039969999996,,,,,,,,,,,,,60,,,
5m,300,btc-up-or-down-5m,btc-updown-5m,btc-updown-5m-1780690800,0xd2b2060fe80e256379504e52fd9ffbe6262e3596c1476123e5fadc60ea3413b9,1780690800,1780691100,2026-06-05T20:20:00Z,2026-06-05T20:25:00Z,True,60934.38444195201,60859.194714994665,gamma_finalPrice,,,,,,,,,Down,-75.18972695734556,75.18972695734556,12.339457868647813,113921.21459199986,0.01,0.5,0.51,3468,3468,0,truncated_http_400_at_offset_3500,,,,,,,,8,33.3341,0.0,33.3341,-33.3341,0.0,0.0,-1.0,-23.354100000000003,,,,,,,,9,45.1547,0.0,45.1547,-45.1547,0.0,0.0,-1.0,-23.354100000000003,,,,,,,,13,58.0456,0.0,58.0456,-58.0456,0.0,0.0,-1.0,-23.354100000000003,,,,,,,,268,6165.633915999995,5647.819115999998,517.8148,5130.004316000001,0.9160159673677263,0.7350746268656716,0.8320319347354527,1542.0015989999995,,,,,,,,660,12837.614046999983,11810.667457999994,1026.9465889999997,10783.720868999995,0.9200048712135901,0.7545454545454545,0.8400097424271794,1542.0015989999995,,,,,,,,,,,,,60,,,
5m,300,btc-up-or-down-5m,btc-updown-5m,btc-updown-5m-1780691100,0x3aab90b90af108cbbe5c2c52d45a49a24dfbe8dcf11162b7eddcf39bac7bc295,1780691100,1780691400,2026-06-05T20:25:00Z,2026-06-05T20:30:00Z,True,60859.194714994665,60921.26435273838,gamma_finalPrice,,,,,,,,,Up,62.06963774371252,62.06963774371252,10.198892383375494,92757.68615700012,0.99,0.92,0.93,3474,3474,0,truncated_http_400_at_offset_3500,,,,,,,,68,2281.827592000001,2044.3522930000006,237.47529899999998,1806.8769940000002,0.8959275889937611,0.6617647058823529,0.7918551779875223,1530.213764,,,,,,,,122,3637.2337270000003,3252.2099299999995,385.023797,2867.1861329999997,0.8941437845630092,0.7704918032786885,0.7882875691260188,1530.213764,,,,,,,,232,4841.625211999996,4295.337718000002,546.2874940000002,3749.0502240000005,0.8871685704531573,0.7241379310344828,0.7743371409063133,1530.213764,,,,,,,,397,9835.19416599998,9066.503474999987,768.6906910000005,8297.812783999992,0.9218428555627974,0.7506297229219143,0.8436857111255947,2108.6447809999995,60978.65499079818,0,119.46027580351802,19.628960975075973,Up,0,-9.416026295859437,728,14847.244329999956,13434.069851999966,1413.1744779999997,12020.895373999974,0.9048190730488238,0.739010989010989,0.8096381460976476,2108.6447809999995,,,,,,,,,,,,,60,19.628960975075973,Up,-9.416026295859437
5m,300,btc-up-or-down-5m,btc-updown-5m,btc-updown-5m-1780691400,0x747ed2662f04a820e64368d6ba6e2d3d900eff056bffcec9795d5b08b98952ac,1780691400,1780691700,2026-06-05T20:30:00Z,2026-06-05T20:35:00Z,True,60921.26435273838,61029.91810967563,gamma_finalPrice,,,,,,,,,Up,108.65375693725218,108.65375693725218,17.835111941889345,102350.61487599983,0.99,0.5,0.51,3468,3468,0,truncated_http_400_at_offset_3500,,,,,,,,13,622.8802999999999,0.0,622.8802999999999,-622.8802999999999,0.0,0.0,-1.0,-296.9312,,,,,,,,59,3146.800378999999,2450.862578999999,695.9378,1754.9247790000002,0.7788427239794736,0.559322033898305,0.5576854479589475,2342.2046789999995,,,,,,,,230,8170.718819999989,6973.021323999993,1197.697496,5775.323827999993,0.8534158961548994,0.7521739130434782,0.7068317923097984,2342.2046789999995,,,,,,,,514,11184.376092999975,9253.916516999981,1930.459575999999,7323.45694099999,0.8273967577674519,0.6712062256809338,0.6547935155349042,2342.2046789999995,,,,,,,,866,16020.921070999955,13429.69731199996,2591.2237589999995,10838.473552999985,0.838260000937745,0.6882217090069284,0.6765200018754911,2342.2046789999995,,,,,,,,,,,,,60,,,
5m,300,btc-up-or-down-5m,btc-updown-5m,btc-updown-5m-1780691700,0xcc468e0be0decdd2a1cbc2e97aee5e9461be521d96c644fd78d2b841b7ea8c7d,1780691700,1780692000,2026-06-05T20:35:00Z,2026-06-05T20:40:00Z,True,61029.91810967563,61202.485705,gamma_finalPrice,,,,,,,,,Up,172.5675953243699,172.5675953243699,28.275901503628464,107214.84367699985,0.99,0.5,0.51,2858,2858,0,ok,,,,,,,,3,232.9967,0.0,232.9967,-232.9967,0.0,0.0,-1.0,-198.0,,,,,,,,6,250.80689999999998,0.0,250.80689999999998,-250.80689999999998,0.0,0.0,-1.0,-198.0,,,,,,,,7,289.1793,0.0,289.1793,-289.1793,0.0,0.0,-1.0,-198.0,,,,,,,,19,358.02880000000005,0.0,358.02880000000005,-358.02880000000005,0.0,0.0,-1.0,-198.0,,,,,,,,320,9292.976475999994,7491.905976999994,1801.0704990000002,5690.835477999997,0.8061901368575033,0.696875,0.6123802737150069,2166.7834980000002,,,,,,,,,,,,,60,,,
5m,300,btc-up-or-down-5m,btc-updown-5m,btc-updown-5m-1780692000,0x76c25d2f607cc0ae03ba53614e0f491e6f5a4b38cbe38d017a64a1e9eeeb5a07,1780692000,1780692300,2026-06-05T20:40:00Z,2026-06-05T20:45:00Z,True,61202.485705,61245.88636507297,gamma_finalPrice,,,,,,,,,Up,43.40066007296991,43.40066007296991,7.0913231011831686,96040.30808900004,0.99,0.47,0.48,3479,3479,0,truncated_http_400_at_offset_3500,,,,,,,,21,479.520476,246.45417600000002,233.0663,13.387875999999999,0.5139596499733204,0.6666666666666666,0.027919299946640858,-218.3546,,,,,,,,72,2225.416258,1809.5450580000004,415.87120000000004,1393.673858,0.8131265562094228,0.625,0.6262531124188453,1217.083081,,,,,,,,270,7391.733945999998,6585.447546999997,806.286399,5779.161147999998,0.8909205330048008,0.5962962962962963,0.7818410660096018,2042.480132,,,,,,,,525,11820.81403899998,10000.148746999992,1820.6652919999995,8179.483454999994,0.8459780108211554,0.6933333333333334,0.6919560216423102,2042.480132,,,,,,,,1132,19137.83181899993,15130.841893999966,4006.989925000002,11123.851968999965,0.7906246662162718,0.661660777385159,0.5812493324325417,2042.480132,,,,,,,,,,,,,60,,,
5m,300,btc-up-or-down-5m,btc-updown-5m,btc-updown-5m-1780692300,0x7e8fec8dd259ae832c46de8759303df8c3bbcbbcc6f87ccc47703c6e37d26be7,1780692300,1780692600,2026-06-05T20:45:00Z,2026-06-05T20:50:00Z,True,61245.88636507297,61425.23719265784,gamma_finalPrice,,,,,,,,,Up,179.3508275848726,179.3508275848726,29.283734505171928,110834.98219400005,0.99,0.58,0.59,3476,3476,0,truncated_http_400_at_offset_3500,,,,,,,,2,4.1283,0.0,4.1283,-4.1283,0.0,0.0,-1.0,-4.1283,,,,,,,,4,15.028300000000002,0.0,15.028300000000002,-15.028300000000002,0.0,0.0,-1.0,-10.9,,,,,,,,12,80.5668,0.0,80.5668,-80.5668,0.0,0.0,-1.0,-37.369699999999995,,,,,,,,104,3934.530056999998,3446.8668569999986,487.66319999999985,2959.2036569999987,0.876055540830756,0.7115384615384616,0.7521110816615119,1325.884139,,,,,,,,592,16743.500406999985,14150.580516999978,2592.919890000001,11557.660626999972,0.8451387208784622,0.7550675675675675,0.6902774417569244,2935.9978109999997,,,,,,,,,,,,,60,,,
5m,300,btc-up-or-down-5m,btc-updown-5m,btc-updown-5m-1780692600,0x13aab5a2884383cce45e50eb17a2b8aefd620b241858cb72540f69e1bb2e1561,1780692600,1780692900,2026-06-05T20:50:00Z,2026-06-05T20:55:00Z,True,61425.23719265784,61487.90062,gamma_finalPrice,,,,,,,,,Up,62.663427342158684,62.663427342158684,10.201576779527493,125634.25479799951,0.99,0.48,0.49,3477,3477,0,truncated_http_400_at_offset_3500,,,,,,,,69,4893.343464999998,4592.425364999999,300.9181,4291.507265,0.9385046028033107,0.5507246376811594,0.8770092056066213,3443.6416640000007,,,,,,,,137,6219.610736999995,5883.911137999997,335.69959900000003,5548.211538999998,0.946025625526217,0.7372262773722628,0.8920512510524342,3443.6416640000007,,,,,,,,227,7594.013491999994,7200.089193999995,393.92429800000014,6806.164895999996,0.9481269952423731,0.7180616740088106,0.8962539904847461,3443.6416640000007,,,,,,,,434,10598.189750999984,9714.405155999992,883.784595,8830.620560999996,0.9166098535915906,0.7142857142857143,0.833219707183181,3443.6416640000007,61480.109414683604,0,54.87222202576231,8.933172183553438,Up,0,1.2671922274131264,901,17079.904613999955,14442.43324899998,2637.4713650000012,11804.961883999978,0.8455804394341812,0.6825749167591565,0.6911608788683608,3443.6416640000007,,,,,,,,,,,,,60,8.933172183553438,Up,1.2671922274131264
5m,300,btc-up-or-down-5m,btc-updown-5m,btc-updown-5m-1780692900,0x9b1be339dcdb1479a8cc10c95d8c2fea95c8847fab4547a28aeb9f5c9c83783a,1780692900,1780693200,2026-06-05T20:55:00Z,2026-06-05T21:00:00Z,True,61487.90062,61598.971633932524,gamma_finalPrice,,,,,,,,,Up,111.07101393252378,111.07101393252378,18.063881318529848,103976.20985499989,0.99,0.5,0.51,3044,3044,0,ok,,,,,,,,0,0.0,0.0,0.0,0.0,,,,0.0,,,,,,,,0,0.0,0.0,0.0,0.0,,,,0.0,,,,,,,,3,10.692,0.0,10.692,-10.692,0.0,0.0,-1.0,-7.6922999999999995,,,,,,,,110,5123.8778349999975,4777.982634999998,345.8951999999999,4432.087434999998,0.9324934724951341,0.7,0.8649869449902683,1917.910398,,,,,,,,410,15066.595616999997,13096.315417999993,1970.280199,11126.035218999985,0.8692285736548945,0.7878048780487805,0.7384571473097887,1917.910398,,,,,,,,,,,,,60,,,
5m,300,btc-up-or-down-5m,btc-updown-5m,btc-updown-5m-1780693200,0xca8679fd1092a932f1e340e217889befabd9b940414e76f16daf80125e5ab7fa,1780693200,1780693500,2026-06-05T21:00:00Z,2026-06-05T21:05:00Z,True,61598.971633932524,61806.27355329776,gamma_finalPrice,,,,,,,,,Up,207.30191936523624,207.30191936523624,33.65347080746418,105223.42339999999,0.99,0.44,0.45,3482,3482,0,truncated_http_400_at_offset_3500,,,,,,,,3,8.3482,0.0,8.3482,-8.3482,0.0,0.0,-1.0,-7.92,,,,,,,,7,17.3821,0.0,17.3821,-17.3821,0.0,0.0,-1.0,-7.92,,,,,,,,10,23.6321,0.0,23.6321,-23.6321,0.0,0.0,-1.0,-7.92,,,,,,,,23,499.68309999999997,0.0,499.68309999999997,-499.68309999999997,0.0,0.0,-1.0,-447.84929999999997,,,,,,,,228,5502.023965999997,2637.0919659999986,2864.931999999999,-227.8400340000002,0.4792948889892204,0.6666666666666666,-0.04141022202155931,1208.132709,,,,,,,,,,,,,60,,,
5m,300,btc-up-or-down-5m,btc-updown-5m,btc-updown-5m-1780693500,0x82291396b335c22ab23c148bd95223bb63cbbb5b15a3ff347c1657a1edba0555,1780693500,1780693800,2026-06-05T21:05:00Z,2026-06-05T21:10:00Z,True,61806.27355329776,61800.72726605809,gamma_finalPrice,,,,,,,,,Down,-5.546287239667436,5.546287239667436,0.8973663870682438,121493.45342699993,0.01,0.59,0.6,3223,3223,0,truncated_http_400_at_offset_3500,,,,,,,,111,1176.8511640000008,1006.6409680000005,170.210196,836.4307720000005,0.8553681202799913,0.6306306306306306,0.710736240559983,600.670105,,,,,,,,198,2792.7964100000004,2378.788714000001,414.00769599999995,1964.7810180000001,0.8517587266592056,0.6868686868686869,0.7035174533184106,600.670105,,,,,,,,397,5991.893209000001,5232.178818999996,759.7143900000001,4472.464428999995,0.873209624487484,0.783375314861461,0.7464192489749686,988.8053190000003,,,,,,,,572,7532.737811999992,5986.454251999993,1546.2835599999983,4440.170691999998,0.7947248930479567,0.7185314685314685,0.5894497860959139,988.8053190000003,,,,,,,,1066,13264.41480599995,8883.063478999986,4381.351327000001,4501.712152000009,0.6696913213979008,0.6097560975609756,0.33938264279580055,988.8053190000003,,,,,,,,,,,,,60,,,
5m,300,btc-up-or-down-5m,btc-updown-5m,btc-updown-5m-1780693800,0x7589d6fca9a1a1f06a8c37573c8535749569b7a85455b3c2a5b75e154f234cfe,1780693800,1780694100,2026-06-05T21:10:00Z,2026-06-05T21:15:00Z,True,61800.72726605809,61834.03917710156,gamma_finalPrice,,,,,,,,,Up,33.311911043463624,33.311911043463624,5.390213435523604,106966.8704859999,0.99,0.45,0.46,3328,3328,0,truncated_http_400_at_offset_3500,,,,,,,,114,1573.85904,1403.991943,169.8670970000001,1234.1248459999997,0.892069688146913,0.7807017543859649,0.7841393762938259,771.8363939999999,,,,,,,,218,2421.1772139999994,1908.1743209999993,513.0028930000001,1395.171427999999,0.7881184037113608,0.7293577981651376,0.5762368074227215,771.8363939999999,,,,,,,,351,3870.8497189999985,3060.349342999999,810.5003759999998,2249.848967,0.7906143521868926,0.7321937321937322,0.5812287043737853,771.8363939999999,,,,,,,,684,8338.096745999985,4729.820132999995,3608.2766129999995,1121.5435199999984,0.5672541680772678,0.6695906432748538,0.13450833615453475,-1062.724627,,,,,,,,1258,15521.104309999959,8064.987927999987,7456.116381999992,608.8715459999986,0.5196143113865851,0.6081081081081081,0.03922862277316917,-1062.724627,,,,,,,,,,,,,60,,,
5m,300,btc-up-or-down-5m,btc-updown-5m,btc-updown-5m-1780694100,0x39a1353b98312956d3e1262faf660144c159c1cff0f6f61f9a94629d1362dc72,1780694100,1780694400,2026-06-05T21:15:00Z,2026-06-05T21:20:00Z,True,61834.03917710156,61715.521164573256,gamma_finalPrice,,,,,,,,,Down,-118.51801252830046,118.51801252830046,19.167114764870508,95977.392235,0.01,0.38,0.39,3489,3489,0,truncated_http_400_at_offset_3500,,,,,,,,8,36.307,0.0,36.307,-36.307,0.0,0.0,-1.0,-31.357,,,,,,,,9,42.4153,0.0,42.4153,-42.4153,0.0,0.0,-1.0,-31.357,,,,,,,,12,61.71040000000001,0.0,61.71040000000001,-61.71040000000001,0.0,0.0,-1.0,-31.357,,,,,,,,184,6427.988906999989,5254.8402069999975,1173.1487,4081.6915070000014,0.8174936645079693,0.6467391304347826,0.6349873290159379,3339.019095,,,,,,,,627,13893.494233999969,11714.763451999985,2178.7307819999996,9536.03266999999,0.8431833817105402,0.7464114832535885,0.6863667634210796,3339.019095,,,,,,,,,,,,,60,,,
5m,300,btc-up-or-down-5m,btc-updown-5m,btc-updown-5m-1780694400,0x7287f374cd310d42ee7d7f04428010ea09025a74e1e04d1875d16ee57280f884,1780694400,1780694700,2026-06-05T21:20:00Z,2026-06-05T21:25:00Z,True,61715.521164573256,61556.96784483952,gamma_finalPrice,,,,,,,,,Down,-158.5533197337354,158.5533197337354,25.690995837324344,73506.83130999994,0.01,0.46,0.47,2577,2577,0,ok,,,,,,,,2,32.759100000000004,0.0,32.759100000000004,-32.759100000000004,0.0,0.0,-1.0,-32.67,,,,,,,,3,39.352500000000006,0.0,39.352500000000006,-39.352500000000006,0.0,0.0,-1.0,-32.67,,,,,,,,3,39.352500000000006,0.0,39.352500000000006,-39.352500000000006,0.0,0.0,-1.0,-32.67,,,,,,,,17,132.51770000000002,0.0,132.51770000000002,-132.51770000000002,0.0,0.0,-1.0,-50.7896,,,,,,,,363,9543.435669999992,8630.101888999996,913.3337809999998,7716.768108000001,0.904297172152469,0.6225895316804407,0.8085943443049382,5517.221093,,,,,,,,,,,,,60,,,
5m,300,btc-up-or-down-5m,btc-updown-5m,btc-updown-5m-1780694700,0x2f5b78b128baf68d0670e46eb5f81610121ac6045657caf2bf05ee526776fd0d,1780694700,1780695000,2026-06-05T21:25:00Z,2026-06-05T21:30:00Z,True,61556.96784483952,61553.21410714132,gamma_finalPrice,,,,,,,,,Down,-3.753737698199984,3.753737698199984,0.609798992643961,127646.22501499961,0.01,0.5,0.51,3236,3236,0,truncated_http_400_at_offset_3500,,,,,,,,122,1794.1475139999993,900.8646769999995,893.2828369999999,7.581839999999647,0.5021129366289108,0.5245901639344263,0.004225873257821569,-550.1772780000001,,,,,,,,233,3950.2870609999995,2091.576039999999,1858.7110209999987,232.86501899999982,0.5294744426675981,0.5150214592274678,0.05894888533519662,824.381485,,,,,,,,333,5214.417925999996,2955.1872129999983,2259.230712999998,695.9564999999998,0.5667338627126376,0.5435435435435435,0.13346772542527507,824.381485,,,,,,,,544,7989.981024999988,4429.2480799999985,3560.7329449999997,868.5151350000006,0.5543502626778772,0.5496323529411765,0.1087005253557535,824.381485,,,,,,,,850,11292.48945699997,5591.304428999988,5701.185027999996,-109.8805989999994,0.4951347929339052,0.46941176470588236,-0.009730414132190028,824.381485,,,,,,,,,,,,,60,,,
5m,300,btc-up-or-down-5m,btc-updown-5m,btc-updown-5m-1780695000,0x6423b5f02f1fa10ff1fd576163ed222a10597623b69fed2aa4ae64de0c5a4fac,1780695000,1780695300,2026-06-05T21:30:00Z,2026-06-05T21:35:00Z,True,61553.21410714132,61481.82425305898,gamma_finalPrice,,,,,,,,,Down,-71.38985408234294,71.38985408234294,11.59807089164827,82078.46131399991,0.01,0.5,0.51,3100,3100,0,ok,,,,,,,,2,2.9701,0.0,2.9701,-2.9701,0.0,0.0,-1.0,-2.9701,,,,,,,,5,11.216999999999999,0.0,11.216999999999999,-11.216999999999999,0.0,0.0,-1.0,-6.246899999999999,,,,,,,,30,1173.353425,882.351925,291.0015,591.350425,0.7519916047460296,0.4666666666666667,0.503983209492059,504.152125,,,,,,,,241,5942.282193000002,5470.507292999999,471.7749,4998.732392999996,0.920607119507762,0.8547717842323651,0.8412142390155241,1560.2640910000002,,,,,,,,651,10476.237412000002,9261.855440000001,1214.3819719999995,8047.473467999992,0.884082240193508,0.7296466973886329,0.7681644803870153,1560.2640910000002,,,,,,,,,,,,,60,,,
5m,300,btc-up-or-down-5m,btc-updown-5m,btc-updown-5m-1780695300,0x8bbb073a00e540933b9626b57e07181ed35473133080a788f2ce51f018302012,1780695300,1780695600,2026-06-05T21:35:00Z,2026-06-05T21:40:00Z,True,61481.82425305898,61805.596144980664,gamma_finalPrice,,,,,,,,,Up,323.7718919216859,323.7718919216859,52.66139966651639,64566.59864400006,0.99,0.99,1.0,1814,1814,0,ok,,,,,,,,2,2.725,0.0,2.725,-2.725,0.0,0.0,-1.0,-2.475,,,,,,,,4,26.8315,0.0,26.8315,-26.8315,0.0,0.0,-1.0,-19.8,,,,,,,,4,26.8315,0.0,26.8315,-26.8315,0.0,0.0,-1.0,-19.8,,,,,,,,7,35.815799999999996,0.0,35.815799999999996,-35.815799999999996,0.0,0.0,-1.0,-19.8,,,,,,,,13,41.3454,0.0,41.3454,-41.3454,0.0,0.0,-1.0,-19.8,,,,,,,,,61847.27426877526,0,6.74114967706863,-6.74114967706863,60,,,
5m,300,btc-up-or-down-5m,btc-updown-5m,btc-updown-5m-1780695600,0xc4e57d6391fe4205ca8f24e554184dcc580cc29832d0a84a15a4cedd2b3568f5,1780695600,1780695900,2026-06-05T21:40:00Z,2026-06-05T21:45:00Z,True,61805.596144980664,61847.27426877526,gamma_finalPrice,,,61847.27426877526,0,61847.27426877526,0,0.0,0.0,Up,41.67812379459792,41.67812379459792,6.7434223426680235,83495.53409599989,0.99,0.5,0.51,3096,3096,0,ok,,,,,,,,116,3434.2641550000008,3385.635955,48.6282,3337.0077550000005,0.9858402854861348,0.9137931034482759,0.9716805709722698,1342.6965249999998,,,,,,,,230,4682.211367000001,4517.000572000002,165.21079499999996,4351.789777000004,0.9647152206403161,0.8478260869565217,0.9294304412806323,1342.6965249999998,,,,,,,,352,6236.518817000005,5224.800530000005,1011.7182869999999,4213.082243000006,0.8377751568323378,0.7755681818181818,0.6755503136646759,1342.6965249999998,,,,,,,,535,8364.826002000002,7009.850322000003,1354.9756800000002,5654.874642000004,0.838015078893927,0.7214953271028037,0.6760301577878539,1342.6965249999998,,,,,,,,926,14395.88581099998,12523.29813899998,1872.5876720000006,10650.710467,0.8699220251824209,0.7213822894168467,0.7398440503648432,1342.6965249999998,61821.09269779503,0,-4.234158178617267,4.234158178617267,,,,,,,,,60,,,
5m,300,btc-up-or-down-5m,btc-updown-5m,btc-updown-5m-1780695900,0x1169626292049a0715aedaa25f2c9f0ef4390f2316b1c12070ddad9cee45d734,1780695900,1780696200,2026-06-05T21:45:00Z,2026-06-05T21:50:00Z,True,61847.27426877526,61771.84763237826,gamma_finalPrice,61847.27426877526,0,,,,,,,Down,-75.42663639700186,75.42663639700186,12.195628229178467,80787.03938399989,0.01,0.56,0.57,3184,3184,0,ok,,,,,,,,7,37.0018,0.0,37.0018,-37.0018,0.0,0.0,-1.0,-25.725400000000004,,,,,,,,76,4434.825310999998,4208.369612999999,226.4556979999999,3981.9139149999996,0.9489369519384889,0.5789473684210527,0.8978739038769776,3062.3239850000004,,,,,,,,165,6533.679254999991,5963.580057999992,570.0991969999999,5393.4808609999955,0.9127445387583539,0.703030303030303,0.8254890775167082,3062.3239850000004,,,,,,,,355,8719.11584599998,7731.242052999985,987.8737929999996,6743.3682599999875,0.8867002330915013,0.7577464788732394,0.7734004661830023,3062.3239850000004,,,,,,,,725,12507.70341499996,10605.102147999973,1902.6012669999986,8702.500880999985,0.8478856426417756,0.7186206896551725,0.6957712852835513,3062.3239850000004,,,,,,,,,61710.82516451958,0,9.883568511110475,-9.883568511110475,60,,,
5m,300,btc-up-or-down-5m,btc-updown-5m,btc-updown-5m-1780696200,0x340e61ce90e3135ee5f89a50bbcaa2d36880304130c134dbb979d3ee19c220a2,1780696200,1780696500,2026-06-05T21:50:00Z,2026-06-05T21:55:00Z,True,61771.84763237826,61710.82516451958,gamma_finalPrice,,,61710.82516451958,0,61710.82516451958,0,0.0,0.0,Down,-61.02246785868192,61.02246785868192,9.878685873513755,76672.18612500002,0.01,0.48,0.49,2368,2368,0,ok,61711.15198699222,0,-60.69564538604027,9.825777876559114,Down,0,0.05296017454674851,6,18.1673,0.0,18.1673,-18.1673,0.0,0.0,-1.0,-16.4051,61710.654079214364,0,-61.19355316389556,9.906382196640077,Down,0,-0.027723748939911322,7,18.3653,0.0,18.3653,-18.3653,0.0,0.0,-1.0,-16.4051,61710.54408580064,0,-61.30354657761927,9.924188595175915,Down,0,-0.045547820550775414,14,123.37469999999999,0.0,123.37469999999999,-123.37469999999999,0.0,0.0,-1.0,-50.381099999999996,61711.93194785476,0,-59.915684523497475,9.699513098599974,Down,0,0.1793483407934951,113,2116.744161000001,1524.0964610000005,592.6477000000001,931.448761,0.7200192111454701,0.6017699115044248,0.44003842229094003,379.853741,,,,,,,,365,12477.213738999999,9747.260241000004,2729.9534979999985,7017.3067429999965,0.7812048783401869,0.589041095890411,0.562409756680373,4713.748069999997,61719.44425958212,0,-1.3965934153373176,1.3965934153373176,,,,,,,,,60,,,
5m,300,btc-up-or-down-5m,btc-updown-5m,btc-updown-5m-1780696500,0x7fc4a28d7140091c1f42aee7da9983746040d4ce1c9a68823e1375aae86af3a4,1780696500,1780696800,2026-06-05T21:55:00Z,2026-06-05T22:00:00Z,True,61710.82516451958,61658.7722,gamma_finalPrice,61710.82516451958,0,,,,,,,Down,-52.05296451957838,52.05296451957838,8.434981120541886,63468.45423800002,0.01,0.5,0.51,2130,2130,0,ok,,,,,,,,2,3.1088,0.0,3.1088,-3.1088,0.0,0.0,-1.0,-3.1088,,,,,,,,8,27.839100000000002,0.0,27.839100000000002,-27.839100000000002,0.0,0.0,-1.0,-14.0086,,,,,,,,41,1431.6552990000005,1323.2598000000007,108.395499,1214.864301000001,0.92428659393381,0.4878048780487805,0.8485731878676199,1116.4200830000002,,,,,,,,147,2690.2167899999995,2331.0361950000006,359.1805949999999,1971.8556000000012,0.8664863752485914,0.7414965986394558,0.7329727504971827,1116.4200830000002,,,,,,,,380,5187.099126999994,4497.381738999999,689.7173880000001,3807.6643510000026,0.8670321559096751,0.6789473684210526,0.7340643118193502,1116.4200830000002,,,,,,,,,,,,,60,,,
5m,300,btc-up-or-down-5m,btc-updown-5m,btc-updown-5m-1780696800,0xb7ebfd88a2c90f2d14da30f27b13d810db0afc94541691d09dd84b6d352694e9,1780696800,1780697100,2026-06-05T22:00:00Z,2026-06-05T22:05:00Z,True,61658.7722,61407.8256960715,gamma_finalPrice,,,,,,,,,Down,-250.94650392849871,250.94650392849871,40.69923791451993,54290.1856909999,0.01,0.5,0.51,1770,1770,0,ok,,,,,,,,1,0.0151,0.0,0.0151,-0.0151,0.0,0.0,-1.0,-0.0151,,,,,,,,2,6.1234,0.0,6.1234,-6.1234,0.0,0.0,-1.0,-6.1083,,,,,,,,3,41.803,0.0,41.803,-41.803,0.0,0.0,-1.0,-35.6796,,,,,,,,8,49.532999999999994,0.0,49.532999999999994,-49.532999999999994,0.0,0.0,-1.0,-35.6796,,,,,,,,13,179.8233,0.0,179.8233,-179.8233,0.0,0.0,-1.0,-112.49369999999999,,,,,,,,,,,,,60,,,
5m,300,btc-up-or-down-5m,btc-updown-5m,btc-updown-5m-1780697100,0x0a84265862d8341a13502e08dcbf5ffaf861638c6983b72622975d9419577fe3,1780697100,1780697400,2026-06-05T22:05:00Z,2026-06-05T22:10:00Z,True,61407.8256960715,61383.738940390984,gamma_finalPrice,,,,,,,,,Down,-24.086755680516944,24.086755680516944,3.922424447940984,108283.24525999991,0.01,0.48,0.49,3385,3385,0,truncated_http_400_at_offset_3500,,,,,,,,105,4408.151043,4255.041743999997,153.10929900000002,4101.932444999997,0.9652667756829396,0.819047619047619,0.9305335513658798,2167.5476249999983,,,,,,,,168,4925.997396999996,4715.269903999995,210.727493,4504.542410999996,0.9572213551861929,0.8095238095238095,0.9144427103723861,2167.5476249999983,,,,,,,,263,5861.791662999998,5356.991880999996,504.799782,4852.192098999996,0.9138830222871396,0.7300380228136882,0.8277660445742795,2167.5476249999983,,,,,,,,619,9801.627500999984,7134.575250999995,2667.052250000001,4467.523001000005,0.7278969997862201,0.5638126009693053,0.4557939995724402,2167.5476249999983,,,,,,,,1136,14578.944816999967,9626.426288999988,4952.518527999995,4673.907761000015,0.6602965036108079,0.5184859154929577,0.3205930072216162,2167.5476249999983,,,,,,,,,,,,,60,,,
5m,300,btc-up-or-down-5m,btc-updown-5m,btc-updown-5m-1780697400,0x1f99ce892dc74417ddcf2909935fd9890ef49c4e1e19c43e7139b0e0ef833782,1780697400,1780697700,2026-06-05T22:10:00Z,2026-06-05T22:15:00Z,True,61383.738940390984,61378.49627424158,gamma_finalPrice,,,,,,,,,Down,-5.242666149402794,5.242666149402794,0.8540806148178567,100436.82830400021,0.01,0.5,0.51,3284,3284,0,truncated_http_400_at_offset_3500,,,,,,,,121,4549.8102979999985,4433.247503999999,116.56279400000001,4316.6847099999995,0.974380735378959,0.7272727272727273,0.948761470757918,2097.2280659999997,,,,,,,,210,5400.622990999991,5204.7865989999955,195.83639200000007,5008.950207,0.9637381849600773,0.7047619047619048,0.9274763699201547,2097.2280659999997,,,,,,,,299,6066.689476999985,5732.5703919999905,334.11908500000004,5398.451306999996,0.9449256326260466,0.7090301003344481,0.889851265252093,2097.2280659999997,,,,,,,,640,9081.457112999984,7702.749882999991,1378.7072299999984,6324.042653000006,0.8481843593109754,0.5546875,0.6963687186219515,2097.2280659999997,,,,,,,,1102,14322.577293999962,11567.38880899999,2755.1884849999983,8812.200324000005,0.8076331913981584,0.5499092558983666,0.6152663827963161,2097.2280659999997,,,,,,,,,,,,,60,,,
5m,300,btc-up-or-down-5m,btc-updown-5m,btc-updown-5m-1780697700,0xd96f92b60c7b38c16a32f37de985f2c433f831382ebe83430bfbd56524bdf5b8,1780697700,1780698000,2026-06-05T22:15:00Z,2026-06-05T22:20:00Z,True,61378.49627424158,61615.18515039252,gamma_finalPrice,,,,,,,,,Up,236.6888761509399,236.6888761509399,38.56218228178881,94441.46726399982,0.99,0.98,0.99,3488,3488,0,truncated_http_400_at_offset_3500,,,,,,,,1,1.0,0.0,1.0,-1.0,0.0,0.0,-1.0,-1.0,,,,,,,,4,18.9685,0.0,18.9685,-18.9685,0.0,0.0,-1.0,-10.3851,,,,,,,,9,172.7749,0.0,172.7749,-172.7749,0.0,0.0,-1.0,-103.2966,,,,,,,,128,1401.2966849999991,1063.9924879999999,337.3041969999998,726.688291,0.7592913759015997,0.625,0.518582751803199,306.4887640000001,,,,,,,,465,5917.557273999998,4894.125385000003,1023.4318890000008,3870.693496000001,0.8270516293105176,0.6516129032258065,0.6541032586210339,646.5897909999999,,,,,,,,,,,,,60,,,
5m,300,btc-up-or-down-5m,btc-updown-5m,btc-updown-5m-1780698000,0x38a17dda8b9d78c033b29d46ac778525d94be164d8ab8b7cdac94ad78edc5945,1780698000,1780698300,2026-06-05T22:20:00Z,2026-06-05T22:25:00Z,True,61615.18515039252,61517.50370585943,gamma_finalPrice,,,,,,,,,Down,-97.68144453308923,97.68144453308923,15.853469285966586,76724.61598300011,0.01,0.5,0.51,3493,3493,0,truncated_http_400_at_offset_3500,,,,,,,,6,1342.5836000000002,0.0,1342.5836000000002,-1342.5836000000002,0.0,0.0,-1.0,-1330.7605,,,,,,,,9,1344.2815,0.0,1344.2815,-1344.2815,0.0,0.0,-1.0,-1330.7605,,,,,,,,12,1362.9728,0.0,1362.9728,-1362.9728,0.0,0.0,-1.0,-1330.7605,,,,,,,,17,1416.1796,0.0,1416.1796,-1416.1796,0.0,0.0,-1.0,-1330.7605,,,,,,,,378,13998.10042299999,11946.443626999997,2051.656796,9894.786831000003,0.8534331992197343,0.701058201058201,0.7068663984394684,2764.7636749999983,,,,,,,,,,,,,60,,,
5m,300,btc-up-or-down-5m,btc-updown-5m,btc-updown-5m-1780698300,0xa9d66c69a053effec14bf30aad0e2eeb69c78bbea178e707dc7a22cab328a147,1780698300,1780698600,2026-06-05T22:25:00Z,2026-06-05T22:30:00Z,True,61517.50370585943,61467.69883376116,gamma_finalPrice,,,,,,,,,Down,-49.8048720982697,49.8048720982697,8.096048945094935,98163.84982799977,0.01,0.71,0.72,3457,3457,0,truncated_http_400_at_offset_3500,,,,,,,,117,3276.641827000001,3231.8446270000004,44.7972,3187.0474270000004,0.9863283195523951,0.9316239316239316,0.9726566391047903,1659.2202829999999,,,,,,,,175,4585.100393000001,4483.604595000001,101.495798,4382.108797000001,0.9778639965757452,0.8971428571428571,0.9557279931514905,1659.2202829999999,,,,,,,,299,10441.28174799999,10041.379852999993,399.901895,9641.477957999996,0.9616999229930178,0.8361204013377926,0.9233998459860356,2337.830714,,,,,,,,600,13217.697263999995,12271.575983999985,946.1212800000001,11325.454703999974,0.92842011273954,0.765,0.85684022547908,2337.830714,,,,,,,,1179,18250.624368999965,15789.72224099997,2460.902127999999,13328.820112999967,0.8651606609042911,0.6675148430873622,0.7303213218085818,2337.830714,,,,,,,,,,,,,60,,,
5m,300,btc-up-or-down-5m,btc-updown-5m,btc-updown-5m-1780698600,0x05dd2487d2291c4afaa35bc7142d5e32631dc67f099f55dfd328e9d75d567935,1780698600,1780698900,2026-06-05T22:30:00Z,2026-06-05T22:35:00Z,True,61467.69883376116,61613.829123189294,gamma_finalPrice,,,,,,,,,Up,146.13028942813253,146.13028942813253,23.77350904632701,86025.3023940002,0.99,0.5,0.51,3479,3479,0,truncated_http_400_at_offset_3500,,,,,,,,0,0.0,0.0,0.0,0.0,,,,0.0,,,,,,,,3,44.1441,0.0,44.1441,-44.1441,0.0,0.0,-1.0,-38.6694,,,,,,,,4,94.6143,0.0,94.6143,-94.6143,0.0,0.0,-1.0,-50.4702,,,,,,,,26,552.7094959999998,100.980396,451.72909999999996,-350.7487039999999,0.1827006713848825,0.34615384615384615,-0.6345986572302351,-158.12529999999998,,,,,,,,476,14652.917312999974,13024.726714999977,1628.190598000001,11396.536116999998,0.8888828372384605,0.7457983193277311,0.7777656744769224,4557.746098999999,,,,,,,,,,,,,60,,,
5m,300,btc-up-or-down-5m,btc-updown-5m,btc-updown-5m-1780698900,0xda7a45d38c871a05fc20edc6e907357aa1cfeeca2fa80b4b8e2a9f6135d3e5c9,1780698900,1780699200,2026-06-05T22:35:00Z,2026-06-05T22:40:00Z,True,61613.829123189294,61811.180215,gamma_finalPrice,,,,,,,,,Up,197.35109181070584,197.35109181070584,32.030324136506195,85064.593563,0.99,0.5,0.51,3354,3354,0,ok,,,,,,,,0,0.0,0.0,0.0,0.0,,,,0.0,,,,,,,,1,8.2368,0.0,8.2368,-8.2368,0.0,0.0,-1.0,-8.2368,,,,,,,,6,53.49,0.0,53.49,-53.49,0.0,0.0,-1.0,-36.2142,,,,,,,,67,821.8248520000005,571.2092530000002,250.61559900000003,320.593654,0.6950498656859794,0.5373134328358209,0.3900997313719588,191.508168,,,,,,,,656,13960.452683999987,12226.994189999992,1733.4584940000007,10493.53569599999,0.8758307819067569,0.600609756097561,0.7516615638135133,3186.787700000001,,,,,,,,,,,,,60,,,
5m,300,btc-up-or-down-5m,btc-updown-5m,btc-updown-5m-1780699200,0x0543fbd7858a90762deeac14a7e2588b3fbd10168661b7d28f01fa10fe55e467,1780699200,1780699500,2026-06-05T22:40:00Z,2026-06-05T22:45:00Z,True,61811.180215,61738.59096755525,gamma_finalPrice,,,,,,,,,Down,-72.58924744475371,72.58924744475371,11.743708369952488,78851.72364399991,0.01,0.5,0.51,3486,3486,0,truncated_http_400_at_offset_3500,,,,,,,,76,2542.5782,2371.9646,170.61360000000002,2201.3510000000006,0.9328974031162541,0.7631578947368421,0.8657948062325087,1822.5609549999995,,,,,,,,144,3685.157818999997,3492.880618999997,192.27720000000002,3300.6034189999978,0.9478238899271413,0.8263888888888888,0.8956477798542827,1822.5609549999995,,,,,,,,264,10751.22462899999,9994.985929999986,756.2386989999998,9238.747230999994,0.9296602270814666,0.7689393939393939,0.8593204541629341,4815.496707999998,,,,,,,,507,13894.840556999985,12644.922771999985,1249.917784999999,11395.004986999997,0.910044467234256,0.757396449704142,0.8200889344685129,4815.496707999998,,,,,,,,694,15926.430481999978,14013.852113999981,1912.578367999998,12101.273745999995,0.8799116744859063,0.707492795389049,0.7598233489718134,4815.496707999998,,,,,,,,,,,,,60,,,
5m,300,btc-up-or-down-5m,btc-updown-5m,btc-updown-5m-1780699500,0x790d2ed8423f41c901de8c60899d95acda1c6d67f6875dc347874243b0c3d013,1780699500,1780699800,2026-06-05T22:45:00Z,2026-06-05T22:50:00Z,True,61738.59096755525,61818.1855481554,gamma_finalPrice,,,,,,,,,Up,79.59458060015459,79.59458060015459,12.892192606401235,80505.56050400014,0.99,0.39,0.4,3489,3489,0,truncated_http_400_at_offset_3500,,,,,,,,1,0.25,0.0,0.25,-0.25,0.0,0.0,-1.0,-0.25,,,,,,,,47,986.5836750000001,284.727375,701.8562999999999,-417.12892500000004,0.28859931723480015,0.7021276595744681,-0.42280136553039965,-177.30899999999997,,,,,,,,169,5155.8231579999965,4164.874858999999,990.9482989999999,3173.9265600000003,0.8078001768810864,0.8520710059171598,0.6156003537621727,1742.7208540000006,,,,,,,,416,9967.03156199999,8434.813868999998,1532.2176929999998,6902.596176000004,0.8462714115563074,0.8413461538461539,0.6925428231126144,1742.7208540000006,,,,,,,,1062,21298.078348999952,18267.336098999964,3030.7422499999975,15236.593848999993,0.8576987932743567,0.7382297551789078,0.7153975865487144,5205.294302000001,,,,,,,,,61942.45730196913,0,20.082603438157577,-20.082603438157577,60,,,
5m,300,btc-up-or-down-5m,btc-updown-5m,btc-updown-5m-1780699800,0xf2a371bc53febaa7befbf92188752b586c02eb5cf8a28cdc9d5085a8450c01bc,1780699800,1780700100,2026-06-05T22:50:00Z,2026-06-05T22:55:00Z,True,61818.1855481554,61942.45730196913,gamma_finalPrice,,,61942.45730196913,0,61942.45730196913,0,0.0,0.0,Up,124.27175381372945,124.27175381372945,20.102782492204287,87536.96046099994,0.99,0.49,0.5,3489,3489,0,truncated_http_400_at_offset_3500,61945.970788185856,0,127.78524003045459,20.671140522381055,Up,0,-0.5672016784510219,9,231.0734,0.0,231.0734,-231.0734,0.0,0.0,-1.0,-110.8279,61945.88324478694,0,127.69769663154148,20.6569790910584,Up,0,-0.5530694500494393,16,675.3953,0.0,675.3953,-675.3953,0.0,0.0,-1.0,-363.60720000000003,,,,,,,,48,4258.320049999998,3281.498549999999,976.8215000000004,2304.6770499999984,0.7706087169281699,0.20833333333333334,0.5412174338563395,3147.917649999999,,,,,,,,335,9863.965362999992,8287.193773999998,1576.7715889999995,6710.422185000001,0.8401483043609917,0.6865671641791045,0.6802966087219833,3147.917649999999,,,,,,,,810,15242.954504999976,11907.60455099999,3335.3499540000016,8572.254597000005,0.7811874362738582,0.6407407407407407,0.5623748725477167,3147.917649999999,61817.91644445444,0,-20.126135011319725,20.126135011319725,61744.547314719566,0,-32.00177039855414,32.00177039855414,,,,,60,,,
5m,300,btc-up-or-down-5m,btc-updown-5m,btc-updown-5m-1780700100,0x31514e27bee2a12f254cbdec54137af9cdb9059530cff172a48569b3df4c8a25,1780700100,1780700400,2026-06-05T22:55:00Z,2026-06-05T23:00:00Z,True,61942.45730196913,61567.698805811924,gamma_finalPrice,61942.45730196913,0,,,,,,,Down,-374.75849615720654,374.75849615720654,60.50107026433597,74647.75840299994,0.01,0.5,0.51,1910,1910,0,ok,,,,,,,,0,0.0,0.0,0.0,0.0,,,,0.0,,,,,,,,1,6.0192,0.0,6.0192,-6.0192,0.0,0.0,-1.0,-6.0192,,,,,,,,5,8.0192,0.0,8.0192,-8.0192,0.0,0.0,-1.0,-6.0192,,,,,,,,11,48.099199999999996,0.0,48.099199999999996,-48.099199999999996,0.0,0.0,-1.0,-30.0,,,,,,,,17,60.623,0.0,60.623,-60.623,0.0,0.0,-1.0,-30.0,,,,,,,,,,,,,60,,,
5m,300,btc-up-or-down-5m,btc-updown-5m,btc-updown-5m-1780700400,0xd2ddfe448541e0a10a629bef21a5ecd092c4b64110f1194b05172230e178114b,1780700400,1780700700,2026-06-05T23:00:00Z,2026-06-05T23:05:00Z,True,61567.698805811924,61608.06245425846,gamma_finalPrice,,,,,,,,,Up,40.36364844653872,40.36364844653872,6.555978090694603,115699.84465699962,0.99,0.45,0.46,3352,3352,0,truncated_http_400_at_offset_3500,,,,,,,,99,1598.5323339999993,1185.4263369999999,413.1059969999999,772.3203400000001,0.74157169785469,0.7474747474747475,0.48314339570937975,525.67896,,,,,,,,140,1971.1087029999992,1392.2851079999998,578.823595,813.4615130000001,0.7063461826742289,0.7642857142857142,0.4126923653484576,525.67896,,,,,,,,248,2936.410354,1998.1282729999987,938.2820809999997,1059.8461920000002,0.6804662945960988,0.7096774193548387,0.3609325891921985,525.67896,,,,,,,,545,6026.53932499999,3461.5614119999996,2564.9779129999974,896.5834990000014,0.5743862647075659,0.5761467889908257,0.14877252941513047,525.67896,,,,,,,,1178,13026.467556999969,5820.477393999993,7205.990162999995,-1385.512768999997,0.44681932139555913,0.5297113752122241,-0.10636135720888283,525.67896,,,,,,,,,,,,,60,,,
5m,300,btc-up-or-down-5m,btc-updown-5m,btc-updown-5m-1780700700,0x34f9cd1713a6215db392a3505b6db987972f4a18e4b9975b3ada516e49ac34a0,1780700700,1780701000,2026-06-05T23:05:00Z,2026-06-05T23:10:00Z,True,61608.06245425846,61396.32020675822,gamma_finalPrice,,,,,,,,,Down,-211.74224750024587,211.74224750024587,34.36924309337857,62991.69091899993,0.01,0.5,0.51,2678,2678,0,ok,,,,,,,,0,0.0,0.0,0.0,0.0,,,,0.0,,,,,,,,3,13.9095,0.0,13.9095,-13.9095,0.0,0.0,-1.0,-13.9095,,,,,,,,5,66.3696,0.0,66.3696,-66.3696,0.0,0.0,-1.0,-34.1352,,,,,,,,15,198.2881,0.0,198.2881,-198.2881,0.0,0.0,-1.0,-109.732,,,,,,,,286,13042.90049599998,11705.131700999998,1337.7687950000002,10367.362906000006,0.8974331824880324,0.7377622377622378,0.794866364976064,4207.928486999999,,,,,,,,,,,,,60,,,
5m,300,btc-up-or-down-5m,btc-updown-5m,btc-updown-5m-1780701000,0xa30deb6f116b7f58341a520ad2383401d80adf1bdd8966e6ec5e6f0a5dc576b6,1780701000,1780701300,2026-06-05T23:10:00Z,2026-06-05T23:15:00Z,True,61396.32020675822,61289.032176598834,gamma_finalPrice,,,,,,,,,Down,-107.2880301593832,107.2880301593832,17.474667829941612,72026.0502109999,0.01,0.43,0.44,3212,3212,0,ok,,,,,,,,4,42.0849,0.0,42.0849,-42.0849,0.0,0.0,-1.0,-28.1556,,,,,,,,23,4850.595498999999,4707.732898999999,142.86260000000001,4564.870298999998,0.970547410100584,0.391304347826087,0.9410948202011679,4672.1603989999985,,,,,,,,145,7736.518101999995,7110.9889049999965,625.5291969999998,6485.459707999998,0.9191459014568465,0.7241379310344828,0.8382918029136929,4672.1603989999985,,,,,,,,666,14179.766438000002,11616.694098999991,2563.0723390000003,9053.621759999995,0.819244389517496,0.6741741741741741,0.6384887790349931,4672.1603989999985,,,,,,,,948,17242.433921999986,12457.231966999972,4785.201954999993,7672.030011999988,0.722475262097744,0.6023206751054853,0.4449505241954898,4672.1603989999985,,,,,,,,,,,,,60,,,
5m,300,btc-up-or-down-5m,btc-updown-5m,btc-updown-5m-1780701300,0xc7b2ca928b529982321e663157be7113c2ef05b93fc5bcbc04efbb96c87745c9,1780701300,1780701600,2026-06-05T23:15:00Z,2026-06-05T23:20:00Z,True,61289.032176598834,61135.669251789455,gamma_finalPrice,,,,,,,,,Down,-153.36292480937846,153.36292480937846,25.022898773711578,73151.37628099984,0.01,0.13,0.14,2855,2855,0,ok,,,,,,,,5,33.244299999999996,0.0,33.244299999999996,-33.244299999999996,0.0,0.0,-1.0,-20.6193,,,,,,,,9,86.12029999999999,0.0,86.12029999999999,-86.12029999999999,0.0,0.0,-1.0,-45.6291,,,,,,,,12,95.09219999999999,0.0,95.09219999999999,-95.09219999999999,0.0,0.0,-1.0,-45.6291,,,,,,,,23,220.4868,0.0,220.4868,-220.4868,0.0,0.0,-1.0,-71.7354,,,,,,,,446,17772.003141999998,16747.175445999983,1024.827696,15722.34774999998,0.9423347110727168,0.8340807174887892,0.8846694221454343,7943.911767999998,,,,,,,,,,,,,60,,,
5m,300,btc-up-or-down-5m,btc-updown-5m,btc-updown-5m-1780701600,0xda1fb60706e65abc9a6126d6af1935232bda625589824070702c687cca3e177d,1780701600,1780701900,2026-06-05T23:20:00Z,2026-06-05T23:25:00Z,True,61135.669251789455,60945.582699685554,gamma_finalPrice,,,,,,,,,Down,-190.08655210390134,190.08655210390134,31.09257728430567,87912.47703499986,0.01,0.5,0.51,3354,3354,0,ok,,,,,,,,2,12.129999999999999,0.0,12.129999999999999,-12.129999999999999,0.0,0.0,-1.0,-11.879999999999999,,,,,,,,10,44.69369999999999,0.0,44.69369999999999,-44.69369999999999,0.0,0.0,-1.0,-21.05,,,,,,,,11,45.043699999999994,0.0,45.043699999999994,-45.043699999999994,0.0,0.0,-1.0,-21.05,,,,,,,,53,2839.6486839999993,2565.7948839999995,273.8537999999999,2291.9410840000005,0.9035606758177415,0.4716981132075472,0.8071213516354832,1623.436798,,,,,,,,419,13207.230287999966,12102.500788999967,1104.7294989999998,10997.771289999977,0.9163541882052476,0.8496420047732697,0.8327083764104958,1878.2636249999987,,,,,,,,,,,,,60,,,
5m,300,btc-up-or-down-5m,btc-updown-5m,btc-updown-5m-1780701900,0x8ba58844d75993d3e114407882542798983e0b30b3fdf5b08ac048f7e8869868,1780701900,1780702200,2026-06-05T23:25:00Z,2026-06-05T23:30:00Z,True,60945.582699685554,60926.25142041279,gamma_finalPrice,,,,,,,,,Down,-19.33127927276655,19.33127927276655,3.171891778937129,103816.78892399983,0.01,0.64,0.65,3376,3376,0,truncated_http_400_at_offset_3500,,,,,,,,104,1951.899810999999,1621.733711999999,330.166099,1291.567612999999,0.8308488493418886,0.7788461538461539,0.6616976986837771,534.6727740000001,,,,,,,,340,4516.6300169999995,3263.9289509999985,1252.7010659999996,2011.2278849999964,0.7226469599491214,0.6882352941176471,0.4452939198982427,534.6727740000001,,,,,,,,464,5665.108511999991,3717.1044449999995,1948.0040669999985,1769.1003779999974,0.6561400257605525,0.5905172413793104,0.3122800515211032,534.6727740000001,,,,,,,,768,12429.640130999964,4372.735233,8056.90489799999,-3684.1696650000026,0.3517990212841515,0.4518229166666667,-0.2964019574317001,-1964.8473089999998,,,,,,,,1139,17649.447411999943,5153.56259999999,12495.88481199997,-7342.322212000005,0.2919956914059563,0.3933274802458297,-0.4160086171880897,-1964.8473089999998,,,,,,,,,,,,,60,,,
5m,300,btc-up-or-down-5m,btc-updown-5m,btc-updown-5m-1780702200,0x72e0879853dda2c0608f7d167d59fa272c61b9523073e2421f6f11f9bf1503ad,1780702200,1780702500,2026-06-05T23:30:00Z,2026-06-05T23:35:00Z,True,60926.25142041279,60551.076723604754,gamma_finalPrice,,,,,,,,,Down,-375.17469680803333,375.17469680803333,61.57849663508667,112382.65140000003,0.01,0.5,0.51,2013,2013,0,ok,,,,,,,,1,15.147,0.0,15.147,-15.147,0.0,0.0,-1.0,-15.147,,,,,,,,2,22.473,0.0,22.473,-22.473,0.0,0.0,-1.0,-15.147,,,,,,,,2,22.473,0.0,22.473,-22.473,0.0,0.0,-1.0,-15.147,,,,,,,,4,28.217499999999998,0.0,28.217499999999998,-28.217499999999998,0.0,0.0,-1.0,-15.147,,,,,,,,26,98.3291,0.0,98.3291,-98.3291,0.0,0.0,-1.0,-36.669599999999996,,,,,,,,,,,,,60,,,
5m,300,btc-up-or-down-5m,btc-updown-5m,btc-updown-5m-1780702500,0xcb8137220d926f8e3025be9d982614574a8bb0507cd067d6e17fab3e47ecf9c4,1780702500,1780702800,2026-06-05T23:35:00Z,2026-06-05T23:40:00Z,True,60551.076723604754,60724.92089338974,gamma_finalPrice,,,,,,,,,Up,173.84416978498484,173.84416978498484,28.71033500833104,71666.22035499995,0.99,0.5,0.51,1565,1565,0,ok,,,,,,,,5,12.5837,0.0,12.5837,-12.5837,0.0,0.0,-1.0,-7.0,,,,,,,,6,13.5837,0.0,13.5837,-13.5837,0.0,0.0,-1.0,-7.0,,,,,,,,10,16.0837,0.0,16.0837,-16.0837,0.0,0.0,-1.0,-7.0,,,,,,,,19,34.7834,0.0,34.7834,-34.7834,0.0,0.0,-1.0,-7.0,,,,,,,,47,105.0173,0.0,105.0173,-105.0173,0.0,0.0,-1.0,-27.5,,,,,,,,,,,,,60,,,
5m,300,btc-up-or-down-5m,btc-updown-5m,btc-updown-5m-1780702800,0xae7e74be3ec0782e9607b934f062acff8772ef2f1fffb385e986a311cd7c96ba,1780702800,1780703100,2026-06-05T23:40:00Z,2026-06-05T23:45:00Z,True,60724.92089338974,60784.61096098436,gamma_finalPrice,,,,,,,,,Up,59.69006759462354,59.69006759462354,9.82958342579268,74206.00500599986,0.99,0.49,0.5,3095,3095,0,ok,,,,,,,,9,46.15880000000001,0.0,46.15880000000001,-46.15880000000001,0.0,0.0,-1.0,-21.781,,,,,,,,103,3859.2559559999972,3686.164755999998,173.09119999999996,3513.073555999999,0.9551490748544693,0.6990291262135923,0.9102981497089387,2950.991062999998,,,,,,,,226,5969.512877999995,5570.048677999997,399.46419999999995,5170.584478000001,0.9330826135793793,0.7964601769911505,0.8661652271587587,2950.991062999998,,,,,,,,400,8145.990981999989,7060.6827929999945,1085.308189,5975.3746040000005,0.8667678135909829,0.745,0.7335356271819659,2950.991062999998,,,,,,,,752,11141.236853999964,9074.013196999977,2067.2236569999977,7006.789539999998,0.8144529477211674,0.6821808510638298,0.6289058954423357,2950.991062999998,,,,,,,,,,,,,60,,,
5m,300,btc-up-or-down-5m,btc-updown-5m,btc-updown-5m-1780703100,0xe9d4ef43c9ef252fae74d9355bd9dad6e2a489f4f4efe3531caa3624f5322ebc,1780703100,1780703400,2026-06-05T23:45:00Z,2026-06-05T23:50:00Z,True,60784.61096098436,60799.58293008376,gamma_finalPrice,,,,,,,,,Up,14.97196909939521,14.97196909939521,2.4631183555662175,85917.61766300004,0.99,0.5,0.51,3119,3119,0,ok,,,,,,,,126,1894.6063509999994,1588.855956,305.750395,1283.1055610000003,0.8386206217251304,0.7142857142857143,0.6772412434502605,507.8623420000003,,,,,,,,214,2984.6120180000025,2037.1772429999996,947.4347749999998,1089.7424680000013,0.6825601554620551,0.6308411214953271,0.3651203109241117,507.8623420000003,,,,,,,,302,3625.0378030000015,2322.8105409999994,1302.2272619999987,1020.5832790000013,0.6407686394546541,0.5397350993377483,0.2815372789093093,507.8623420000003,,,,,,,,524,5760.357481000001,2998.392418999999,2761.965061999997,236.4273570000011,0.5205219344267982,0.41030534351145037,0.04104386885359712,507.8623420000003,,,,,,,,854,8256.029245999986,4670.078119999997,3585.951126000002,1084.1269940000016,0.565656683236997,0.4812646370023419,0.13131336647399316,507.8623420000003,,,,,,,,,,,,,60,,,
5m,300,btc-up-or-down-5m,btc-updown-5m,btc-updown-5m-1780703400,0x7a9f71f654af6201e81eebd502173c3543c2646eb858ea3b88955fe77e8859b1,1780703400,1780703700,2026-06-05T23:50:00Z,2026-06-05T23:55:00Z,True,60799.58293008376,60991.79185,gamma_finalPrice,,,,,,,,,Up,192.20891991624376,192.20891991624376,31.613526056136543,54520.12570199997,0.99,0.5,0.51,1634,1634,0,ok,,,,,,,,0,0.0,0.0,0.0,0.0,,,,0.0,,,,,,,,2,11.9988,0.0,11.9988,-11.9988,0.0,0.0,-1.0,-11.9988,,,,,,,,2,11.9988,0.0,11.9988,-11.9988,0.0,0.0,-1.0,-11.9988,,,,,,,,2,11.9988,0.0,11.9988,-11.9988,0.0,0.0,-1.0,-11.9988,,,,,,,,20,275.2381,0.0,275.2381,-275.2381,0.0,0.0,-1.0,-142.4136,,,,,60952.53912493698,0,-6.437810778886635,6.437810778886635,,,,,60,,,
5m,300,btc-up-or-down-5m,btc-updown-5m,btc-updown-5m-1780703700,0xd3e3e5bc013a41e8b57441abfcbfc437c25eb8b1a69bbc6aa35eae7528454e98,1780703700,1780704000,2026-06-05T23:55:00Z,2026-06-06T00:00:00Z,True,60991.79185,61035.057155475726,gamma_finalPrice,,,,,,,,,Up,43.265305475724745,43.265305475724745,7.093627546167058,71120.7284269999,0.99,0.5,0.51,2626,2626,0,ok,,,,,,,,113,3002.6267,1943.8737009999995,1058.752999,885.1207020000003,0.6473910662953872,0.8141592920353983,0.29478213259077474,1039.6181819999995,,,,,,,,223,4887.963745000003,3572.397052000001,1315.5666929999993,2256.8303589999987,0.7308558815834668,0.8116591928251121,0.4617117631669335,1039.6181819999995,,,,,,,,575,9118.553450999994,6664.6306730000015,2453.922777999999,4210.707895,0.730886835155758,0.7460869565217392,0.4617736703115151,1064.159183,,,,,,,,725,10119.601959999995,6854.623966000002,3264.9779940000008,3589.645972000001,0.677361025966678,0.6551724137931034,0.3547220519333552,1064.159183,,,,,,,,996,13484.142833999982,7101.769854000002,6382.372979999995,719.3968740000043,0.526675662029702,0.5642570281124498,0.05335132405940259,1064.159183,,,,,,,,,,,,,60,,,
5m,300,btc-up-or-down-5m,btc-updown-5m,btc-updown-5m-1780704000,0xb0848568cf834bd4cda94f7ac3ad01633b7837f70c39eaf3b43c3b59871d82b2,1780704000,1780704300,2026-06-06T00:00:00Z,2026-06-06T00:05:00Z,True,61035.057155475726,61367.31273,gamma_finalPrice,,,,,,,,,Up,332.25557452427165,332.25557452427165,54.43684171179047,54711.05772899995,0.99,0.5,0.51,1946,1946,0,ok,,,,,,,,0,0.0,0.0,0.0,0.0,,,,0.0,,,,,,,,3,15.523299999999999,0.0,15.523299999999999,-15.523299999999999,0.0,0.0,-1.0,-14.523299999999999,,,,,,,,5,16.2713,0.0,16.2713,-16.2713,0.0,0.0,-1.0,-14.523299999999999,,,,,,,,6,20.0729,0.0,20.0729,-20.0729,0.0,0.0,-1.0,-14.523299999999999,,,,,,,,11,80.0893,0.0,80.0893,-80.0893,0.0,0.0,-1.0,-52.47,,,,,,,,,,,,,60,,,
5m,300,btc-up-or-down-5m,btc-updown-5m,btc-updown-5m-1780704300,0x315610fdc71d9723cb7e85c259b98794362336eee7cfd5cc0301ce952933938d,1780704300,1780704600,2026-06-06T00:05:00Z,2026-06-06T00:10:00Z,True,61367.31273,61421.822421618905,gamma_finalPrice,,,,,,,,,Up,54.5096916189068,54.5096916189068,8.882528693856138,66628.18595700001,0.99,0.5,0.51,3192,3192,0,ok,,,,,,,,36,2914.8920350000008,2734.9210350000003,179.97099999999998,2554.950035,0.9382580905779584,0.4722222222222222,0.8765161811559169,2166.3814979999997,,,,,,,,107,4052.532394000001,3855.1595940000007,197.37279999999996,3657.786794,0.9512964287978989,0.7850467289719626,0.9025928575957977,2166.3814979999997,,,,,,,,208,5735.431149999994,5429.405950999996,306.025199,5123.380751999996,0.9466430350227466,0.8221153846153846,0.8932860700454929,2166.3814979999997,,,,,,,,369,8652.598559999986,7855.123476999993,797.4750829999997,7057.648394,0.9078340365070636,0.7262872628726287,0.8156680730141271,2166.3814979999997,,,,,,,,694,11540.035513999966,9963.80174399998,1576.233769999997,8387.567974000005,0.8634117054416554,0.6527377521613833,0.7268234108833116,2166.3814979999997,,,,,,,,,,,,,60,,,
5m,300,btc-up-or-down-5m,btc-updown-5m,btc-updown-5m-1780704600,0xa5f512664b78606f7650ecb42027ad8ff454598dab77fc7f3fb4d4e4f648467e,1780704600,1780704900,2026-06-06T00:10:00Z,2026-06-06T00:15:00Z,True,61421.822421618905,61402.44620633414,gamma_finalPrice,,,,,,,,,Down,-19.37621528476302,19.37621528476302,3.1546141942449255,52150.76562100001,0.01,0.5,0.51,2183,2183,0,ok,,,,,,,,69,1115.4718599999997,1096.4744609999996,18.997399,1077.4770619999997,0.9829691813113062,0.8840579710144928,0.9659383626226125,610.6785950000001,,,,,,,,149,1748.7923919999982,1626.061293999998,122.731098,1503.3301959999978,0.9298195151343039,0.7651006711409396,0.859639030268608,610.6785950000001,,,,,,,,199,2066.844455999997,1907.5893599999974,159.255096,1748.3342639999973,0.9229477111653535,0.7738693467336684,0.8458954223307067,610.6785950000001,,,,,,,,303,2719.707416999997,2393.298931999996,326.40848500000004,2066.890446999996,0.8799839707169497,0.7227722772277227,0.7599679414338997,610.6785950000001,,,,,,,,548,6042.734172999994,5046.034207999994,996.6999650000005,4049.3342429999975,0.8350581150080318,0.635036496350365,0.6701162300160645,1326.6659960000002,,,,,,,,,,,,,60,,,
5m,300,btc-up-or-down-5m,btc-updown-5m,btc-updown-5m-1780704900,0x403b1289726fe304a8d6f5c5cf442bea4d4c8723b996345515cd786c165a0b34,1780704900,1780705200,2026-06-06T00:15:00Z,2026-06-06T00:20:00Z,True,61402.44620633414,61272.40151370467,gamma_finalPrice,,,,,,,,,Down,-130.04469262946805,130.04469262946805,21.179073581608044,78344.87744499995,0.01,0.15,0.16,2551,2551,0,ok,,,,,,,,3,32.4646,0.0,32.4646,-32.4646,0.0,0.0,-1.0,-28.7323,,,,,,,,4,53.7496,0.0,53.7496,-53.7496,0.0,0.0,-1.0,-28.7323,,,,,,,,8,229.0593,0.0,229.0593,-229.0593,0.0,0.0,-1.0,-175.30970000000002,,,,,,,,48,2190.2781189999996,1674.075319,516.2027999999999,1157.8725190000002,0.7643208889674346,0.3125,0.528641777934869,1082.527192,,,,,,,,358,10184.667817999994,9013.186021999998,1171.481796,7841.704225999995,0.8849759445340413,0.7374301675977654,0.7699518890680819,2908.887696,,,,,,,,,,,,,60,,,
5m,300,btc-up-or-down-5m,btc-updown-5m,btc-updown-5m-1780705200,0x0e6d8d65464ac100093a3e0655a030d95a42db7ec2567958d3052d05dbbbd2c2,1780705200,1780705500,2026-06-06T00:20:00Z,2026-06-06T00:25:00Z,True,61272.40151370467,61136.87796118998,gamma_finalPrice,,,,,,,,,Down,-135.5235525146927,135.5235525146927,22.11820479802484,68306.72534600008,0.01,0.47,0.48,2558,2558,0,ok,,,,,,,,0,0.0,0.0,0.0,0.0,,,,0.0,,,,,,,,0,0.0,0.0,0.0,0.0,,,,0.0,,,,,,,,4,37.8478,0.0,37.8478,-37.8478,0.0,0.0,-1.0,-30.4029,,,,,,,,19,302.41639999999995,0.0,302.41639999999995,-302.41639999999995,0.0,0.0,-1.0,-142.46129999999997,,,,,,,,325,9806.639715999976,9222.983223999978,583.656492,8639.326731999981,0.9404835388162842,0.803076923076923,0.8809670776325687,2830.5199889999994,,,,,,,,,61289.82581858661,0,-24.986041810478756,24.986041810478756,60,,,
5m,300,btc-up-or-down-5m,btc-updown-5m,btc-updown-5m-1780705500,0xffb8070148487efc624c567e04ec9a55f85235d12b62017eab3d277e65a98004,1780705500,1780705800,2026-06-06T00:25:00Z,2026-06-06T00:30:00Z,True,61136.87796118998,61289.82581858661,gamma_finalPrice,,,61289.82581858661,0,61289.82581858661,0,0.0,0.0,Up,152.9478573966262,152.9478573966262,25.01728293906639,63474.12530099999,0.99,0.5,0.51,2216,2216,0,ok,61290.25689863295,0,153.3789374429689,25.087793580224144,Up,0,-0.07033443554407923,0,0.0,0.0,0.0,0.0,,,,0.0,61296.541903555866,0,159.6639423658853,26.11581547674725,Up,0,-1.0957311323882215,2,2.5047,0.0,2.5047,-2.5047,0.0,0.0,-1.0,-1.4553,,,,,,,,3,12.4047,0.0,12.4047,-12.4047,0.0,0.0,-1.0,-9.9,,,,,,,,7,39.4887,0.0,39.4887,-39.4887,0.0,0.0,-1.0,-19.404,,,,,,,,216,2812.9710919999948,2549.552192999995,263.41889900000007,2286.1332939999957,0.9063556323955283,0.8425925925925926,0.8127112647910567,606.3394540000002,61293.51,0,0.6010900894314047,-0.6010900894314047,,,,,,,,,60,,,
5m,300,btc-up-or-down-5m,btc-updown-5m,btc-updown-5m-1780705800,0x4221d71a5462141ce60f0bec969ac04bd0a70f4549a24aa5d5622daffa8dec28,1780705800,1780706100,2026-06-06T00:30:00Z,2026-06-06T00:35:00Z,True,61289.82581858661,61332.691665031416,gamma_finalPrice,61289.82581858661,0,,,,,,,Up,42.865846444808994,42.865846444808994,6.993957948532724,68543.82826300009,0.99,0.5,0.51,2943,2943,0,ok,,,,,,,,104,5342.360764,5322.397766,19.962998,5302.434767999999,0.9962632628379344,0.9230769230769231,0.9925265256758686,2544.28331,,,,,,,,163,6573.039391000001,6544.549194000001,28.490197,6516.058997,0.9956655977082672,0.9386503067484663,0.9913311954165344,2544.28331,,,,,,,,231,7432.163393000004,7327.446998000003,104.716395,7222.730603000001,0.9859103750196573,0.8874458874458875,0.9718207500393146,2544.28331,,,,,,,,436,9554.875969999996,9020.682985999994,534.1929839999999,8486.490001999997,0.9440921069329169,0.7912844036697247,0.8881842138658342,2544.28331,,,,,,,,709,12987.510081999992,11971.272607999988,1016.2374739999998,10955.035133999989,0.9217527095198598,0.7390691114245416,0.8435054190397199,2544.28331,,,,,,,,,,,,,60,,,
5m,300,btc-up-or-down-5m,btc-updown-5m,btc-updown-5m-1780706100,0x9ca25d71c4dab8476745903e8dc37bac22858983169fed671c2d19815ecc7503,1780706100,1780706400,2026-06-06T00:35:00Z,2026-06-06T00:40:00Z,True,61332.691665031416,61286.85747465657,gamma_finalPrice,,,,,,,,,Down,-45.834190374844184,45.834190374844184,7.473044004846172,55332.46892999982,0.01,0.5,0.51,1964,1964,0,ok,,,,,,,,3,9.249099999999999,0.0,9.249099999999999,-9.249099999999999,0.0,0.0,-1.0,-8.999099999999999,,,,,,,,10,995.6085999999999,0.0,995.6085999999999,-995.6085999999999,0.0,0.0,-1.0,-980.5355999999999,,,,,,,,14,1020.6853,0.0,1020.6853,-1020.6853,0.0,0.0,-1.0,-980.5355999999999,,,,,,,,140,5191.196649999999,4133.537949999998,1057.6586999999997,3075.879250000002,0.7962591727285074,0.8285714285714286,0.5925183454570156,2739.3137880000004,,,,,,,,351,13105.139839999983,11013.595544999986,2091.5442949999992,8922.05124999999,0.8404027488042431,0.8034188034188035,0.6808054976084865,3734.364634,,,,,,,,,,,,,60,,,
5m,300,btc-up-or-down-5m,btc-updown-5m,btc-updown-5m-1780706400,0xd56c389a9e681e014344351fbf4d00179e579929d2ee4a259caede70c161dddf,1780706400,1780706700,2026-06-06T00:40:00Z,2026-06-06T00:45:00Z,True,61286.85747465657,61180.02329419804,gamma_finalPrice,,,,,,,,,Down,-106.83418045852886,106.83418045852886,17.43182549418643,42517.998108999986,0.01,0.5,0.51,1673,1673,0,ok,,,,,,,,0,0.0,0.0,0.0,0.0,,,,0.0,,,,,,,,1,19.8,0.0,19.8,-19.8,0.0,0.0,-1.0,-19.8,,,,,,,,6,35.5796,0.0,35.5796,-35.5796,0.0,0.0,-1.0,-19.8,,,,,,,,125,8441.416822000001,8334.673323,106.743499,8227.929823999999,0.9873547887456753,0.84,0.9747095774913505,6359.738418,,,,,,,,341,11150.062870000016,10912.688972000013,237.3738979999999,10675.315074000007,0.9787109812054358,0.8328445747800587,0.9574219624108713,6359.738418,,,,,,,,,61228.20156687758,0,-7.871738230333783,7.871738230333783,60,,,
5m,300,btc-up-or-down-5m,btc-updown-5m,btc-updown-5m-1780706700,0x920dcad3c6c9eddd814241b128e656203f91aeb91f04c18ace42d93cdbe1f7fd,1780706700,1780707000,2026-06-06T00:45:00Z,2026-06-06T00:50:00Z,True,61180.02329419804,61228.20156687757,gamma_finalPrice,,,61228.20156687758,0,61228.20156687758,0,-7.275957614183426e-12,-1.1892701608162734e-12,Up,48.17827267952816,48.17827267952816,7.8748372565750735,45304.95870899988,0.99,0.94,0.95,1718,1718,0,ok,61235.671841402815,0,55.6485472047716,9.095868914134426,Up,0,-1.2199964490109405,2,5.3762,0.0,5.3762,-5.3762,0.0,0.0,-1.0,-5.3762,61234.762399192776,0,54.73910499473277,8.947218723913743,Up,0,-1.07148024333275,15,225.527429,190.17692899999997,35.3505,154.82642899999996,0.8432540992608042,0.4666666666666667,0.6865081985216085,181.86392899999996,61213.84481133906,0,33.821517141019285,5.52819618560471,Up,0,2.3450695294583355,59,649.754565,540.129865,109.6247,430.5051649999999,0.8312829091089188,0.6101694915254238,0.6625658182178373,181.86392899999996,61266.43728268894,0,86.41398849089455,14.124543247614218,Up,0,-6.242839264194704,264,3257.503739000001,2816.06465,441.43908900000014,2374.6255609999994,0.8644854697433085,0.6893939393939394,0.7289709394866173,499.4639900000002,61277.78145645067,0,97.75816225262679,15.978771662530178,Up,0,-8.09428095779035,459,10735.902847999989,10177.964858999985,557.937989,9620.02686999999,0.9480306410276483,0.7821350762527233,0.8960612820552976,3804.8799619999995,61235.66605865287,0,1.2190521056155195,-1.2190521056155195,,,,,,,,,60,15.978771662530178,Up,-8.09428095779035
5m,300,btc-up-or-down-5m,btc-updown-5m,btc-updown-5m-1780707000,0x8eb778088a2260bcb576b277de33f49e77366adcd762b1364229fe74608faea2,1780707000,1780707300,2026-06-06T00:50:00Z,2026-06-06T00:55:00Z,True,61228.20156687757,61309.441846354144,gamma_finalPrice,61228.20156687758,0,,,,,,,Up,81.24027947657305,81.24027947657305,13.268441240730702,39857.34853900001,0.99,0.5,0.51,1650,1650,0,ok,,,,,,,,2,51.4107,0.0,51.4107,-51.4107,0.0,0.0,-1.0,-51.183,,,,,,,,2,51.4107,0.0,51.4107,-51.4107,0.0,0.0,-1.0,-51.183,,,,,,,,6,93.38869999999997,0.0,93.38869999999997,-93.38869999999997,0.0,0.0,-1.0,-51.183,,,,,,,,40,2184.6592950000004,1903.6435949999998,281.01569999999987,1622.627895,0.8713686382846253,0.45,0.7427372765692509,1778.9607,,,,,,,,314,10234.912422999978,8894.079141999984,1340.8332809999988,7553.245860999996,0.8689941617881495,0.6751592356687898,0.7379883235762995,4011.9988259999996,,,,,,,,,,,,,60,,,
5m,300,btc-up-or-down-5m,btc-updown-5m,btc-updown-5m-1780707300,0x580210b948a02dc2e2a502f6e3c4120f88d0c01b76558fe356be473219808325,1780707300,1780707600,2026-06-06T00:55:00Z,2026-06-06T01:00:00Z,True,61309.441846354144,61249.17785900853,gamma_finalPrice,,,,,,,,,Down,-60.263987345613714,60.263987345613714,9.829479037933437,45207.60468599995,0.01,0.5,0.51,1800,1800,0,ok,,,,,,,,2,10.206900000000001,0.0,10.206900000000001,-10.206900000000001,0.0,0.0,-1.0,-10.206900000000001,,,,,,,,26,5644.831898999998,5609.795698999998,35.03620000000001,5574.759498999999,0.9937932252674865,0.7692307692307693,0.987586450534973,4918.647825,,,,,,,,71,7224.692056999996,7188.467956999996,36.22410000000001,7152.243856999997,0.9949860700339606,0.8873239436619719,0.9899721400679211,4918.647825,,,,,,,,173,8172.322727999995,8088.723129999996,83.59959800000003,8005.123531999997,0.989770399336584,0.838150289017341,0.9795407986731679,4918.647825,,,,,,,,320,9918.256532999996,9592.172737999992,326.08379499999995,9266.088942999992,0.9671228714527539,0.784375,0.9342457429055082,4918.647825,,,,,,,,,,,,,60,,,
5m,300,btc-up-or-down-5m,btc-updown-5m,btc-updown-5m-1780707600,0xc9e63b14883da6e4434f3971e853c6d806161e08d50552a4974792ab84d483f6,1780707600,1780707900,2026-06-06T01:00:00Z,2026-06-06T01:05:00Z,True,61249.17785900853,61344.48378195561,gamma_finalPrice,,,,,,,,,Up,95.30592294708185,95.30592294708185,15.560359547432563,36757.43609099998,0.99,0.5,0.51,1323,1323,0,ok,,,,,,,,0,0.0,0.0,0.0,0.0,,,,0.0,,,,,,,,0,0.0,0.0,0.0,0.0,,,,0.0,,,,,,,,6,29.749999999999996,0.0,29.749999999999996,-29.749999999999996,0.0,0.0,-1.0,-14.850000000000001,,,,,,,,115,3765.256688000001,3371.8335880000004,393.42309999999986,2978.4104879999995,0.8955122764262387,0.5043478260869565,0.7910245528524771,2224.5894000000003,,,,,,,,217,6002.272860000002,5451.938360000004,550.3344999999998,4901.603860000001,0.9083123155450821,0.6359447004608295,0.8166246310901634,2224.5894000000003,,,,,,,,,,,,,60,,,
5m,300,btc-up-or-down-5m,btc-updown-5m,btc-updown-5m-1780707900,0xc6bd7683eb3715bf364bb7ae5557dbbe462d3334f6b66877a16b39be79fa6b3b,1780707900,1780708200,2026-06-06T01:05:00Z,2026-06-06T01:10:00Z,True,61344.48378195561,61303.576345910544,gamma_finalPrice,,,,,,,,,Down,-40.90743604506861,40.90743604506861,6.668478324876126,41399.77316300005,0.01,0.5,0.51,1910,1910,0,ok,,,,,,,,41,4801.896511,4725.2316120000005,76.66489899999999,4648.566713000001,0.9840344541319501,0.7560975609756098,0.9680689082639001,4621.318198,,,,,,,,68,5476.722333999998,5278.546734999999,198.17559899999995,5080.371136,0.9638149267181747,0.7352941176470589,0.9276298534363494,4621.318198,,,,,,,,115,6853.437575999995,6020.630076999996,832.8074989999999,5187.8225779999975,0.8784832443916318,0.7565217391304347,0.7569664887832637,4621.318198,,,,,,,,238,8037.082075999996,7044.487378999997,992.5946969999999,6051.892681999999,0.8764981261092202,0.7647058823529411,0.7529962522184404,4621.318198,,,,,,,,485,11593.320989000002,10195.409611000003,1397.9113779999986,8797.498233000008,0.8794209718400475,0.7360824742268042,0.7588419436800954,4621.318198,,,,,,,,,,,,,60,,,
5m,300,btc-up-or-down-5m,btc-updown-5m,btc-updown-5m-1780708200,0xf0fdd2bb09b398f98b0a39709cc36542e25f2ca325886fdca1229b5aaac78c98,1780708200,1780708500,2026-06-06T01:10:00Z,2026-06-06T01:15:00Z,True,61303.576345910544,61124.51634434445,gamma_finalPrice,,,,,,,,,Down,-179.06000156609662,179.06000156609662,29.208736625043798,109974.06866299988,0.01,0.5,0.51,1831,1831,0,ok,,,,,,,,1,5.0,0.0,5.0,-5.0,0.0,0.0,-1.0,-5.0,,,,,,,,1,5.0,0.0,5.0,-5.0,0.0,0.0,-1.0,-5.0,,,,,,,,2,8.030000000000001,0.0,8.030000000000001,-8.030000000000001,0.0,0.0,-1.0,-5.0,,,,,,,,2,8.030000000000001,0.0,8.030000000000001,-8.030000000000001,0.0,0.0,-1.0,-5.0,,,,,,,,198,35425.15185300001,34338.522155000006,1086.6296980000022,33251.89245700001,0.9693260398005046,0.3888888888888889,0.9386520796010094,24389.567898000005,,,,,,,,,,,,,60,,,
5m,300,btc-up-or-down-5m,btc-updown-5m,btc-updown-5m-1780708500,0x5ab77030dd550dc49198e11cd44e2f3aca45ddaa8344687d08d2b87bd2d36a2f,1780708500,1780708800,2026-06-06T01:15:00Z,2026-06-06T01:20:00Z,True,61124.51634434445,61079.30762890915,gamma_finalPrice,,,,,,,,,Down,-45.20871543529938,45.20871543529938,7.396167387340371,53841.94825699991,0.01,0.5,0.51,2194,2194,0,ok,,,,,,,,84,7035.084524999995,6992.911724999994,42.172799999999995,6950.738924999992,0.9940053598716355,0.9047619047619048,0.9880107197432709,6183.763703999999,,,,,,,,164,8555.972962999984,8274.567465999988,281.4054969999999,7993.161968999991,0.9671100530334861,0.8719512195121951,0.9342201060669721,6183.763703999999,,,,,,,,265,10168.888587999976,9679.15979499998,489.72879300000005,9189.431001999981,0.9518404800326054,0.8339622641509434,0.9036809600652105,6183.763703999999,,,,,,,,443,11730.556401999966,10785.68183899997,944.8745630000003,9840.807275999972,0.9194518545736754,0.7471783295711061,0.8389037091473507,6183.763703999999,,,,,,,,640,13075.212120999964,11303.258492999965,1771.9536280000007,9531.304864999964,0.8644799325929036,0.6828125,0.728959865185807,6183.763703999999,,,,,,,,,,,,,60,,,
5m,300,btc-up-or-down-5m,btc-updown-5m,btc-updown-5m-1780708800,0x4032bbcaf26bb76c91694cb8d7230a14d7494c7e153ef203e4065b306449f959,1780708800,1780709100,2026-06-06T01:20:00Z,2026-06-06T01:25:00Z,True,61079.30762890915,60976.481271740064,gamma_finalPrice,,,,,,,,,Down,-102.82635716908408,102.82635716908408,16.834892398226177,35260.41298399998,0.01,0.5,0.51,1105,1105,0,ok,,,,,,,,0,0.0,0.0,0.0,0.0,,,,0.0,,,,,,,,2,122.5719,0.0,122.5719,-122.5719,0.0,0.0,-1.0,-122.5719,,,,,,,,6,142.2434,0.0,142.2434,-142.2434,0.0,0.0,-1.0,-122.5719,,,,,,,,33,8424.442017999998,8243.944517999997,180.4975,8063.447017999998,0.9785745453984557,0.5757575757575758,0.9571490907969117,8153.906300000001,,,,,,,,147,10953.49283899999,10704.993240999986,248.499598,10456.493642999987,0.9773132094344171,0.7891156462585034,0.9546264188688348,8153.906300000001,,,,,,,,,,,,,60,,,
5m,300,btc-up-or-down-5m,btc-updown-5m,btc-updown-5m-1780709100,0xcf88903552fd1600b4ad4e28f1e8dd32e79cd094747bb9efb9e9f1b967c82c71,1780709100,1780709400,2026-06-06T01:25:00Z,2026-06-06T01:30:00Z,True,60976.481271740064,61273.65033182503,gamma_finalPrice,,,,,,,,,Up,297.1690600849688,297.1690600849688,48.7350292911529,32159.609388999976,0.99,0.5,0.51,991,991,0,ok,,,,,,,,0,0.0,0.0,0.0,0.0,,,,0.0,,,,,,,,0,0.0,0.0,0.0,0.0,,,,0.0,,,,,,,,0,0.0,0.0,0.0,0.0,,,,0.0,,,,,,,,1,1.0,0.0,1.0,-1.0,0.0,0.0,-1.0,-1.0,,,,,,,,4,3.591,0.0,3.591,-3.591,0.0,0.0,-1.0,-2.25,,,,,,,,,,,,,60,,,
5m,300,btc-up-or-down-5m,btc-updown-5m,btc-updown-5m-1780709400,0x45dd68115f830cae4130a7fa91c9067760a4f2c5d0417b53b51d8d0df477f556,1780709400,1780709700,2026-06-06T01:30:00Z,2026-06-06T01:35:00Z,True,61273.65033182503,61256.90693999999,gamma_finalPrice,,,,,,,,,Down,-16.743391825038998,16.743391825038998,2.7325598743286585,47115.36960799998,0.01,0.5,0.51,1668,1668,0,ok,,,,,,,,37,368.2231040000001,355.0287050000001,13.194399,341.83430600000014,0.9641673788073875,0.7567567567567568,0.9283347576147749,177.18873300000004,,,,,,,,76,794.0480470000005,669.1207500000003,124.92729699999998,544.1934530000003,0.8426703554375721,0.6973684210526315,0.6853407108751444,215.397964,,,,,,,,117,1060.3909050000002,849.6532120000003,210.737693,638.9155190000001,0.8012641451314599,0.7008547008547008,0.6025282902629197,215.397964,,,,,,,,264,1989.8881369999983,1521.3516559999998,468.53648100000015,1052.8151750000006,0.7645412964236397,0.6818181818181818,0.529082592847279,215.397964,,,,,,,,523,3902.4318160000034,2508.6064030000002,1393.8254129999984,1114.7809900000004,0.6428315781750992,0.5659655831739961,0.2856631563501991,-238.38448500000007,,,,,,,,,,,,,60,,,
5m,300,btc-up-or-down-5m,btc-updown-5m,btc-updown-5m-1780709700,0xe381e89cc3b76420c848f727b2b25df34a0614acc66d4aae2b21f20abe785cf1,1780709700,1780710000,2026-06-06T01:35:00Z,2026-06-06T01:40:00Z,True,61256.90693999999,61106.31680619933,gamma_finalPrice,,,,,,,,,Down,-150.59013380066608,150.59013380066608,24.583372116415593,39130.714866,0.01,0.5,0.51,1099,1099,0,ok,,,,,,,,0,0.0,0.0,0.0,0.0,,,,0.0,,,,,,,,0,0.0,0.0,0.0,0.0,,,,0.0,,,,,,,,1,5.0,0.0,5.0,-5.0,0.0,0.0,-1.0,-5.0,,,,,,,,10,37.185300000000005,0.0,37.185300000000005,-37.185300000000005,0.0,0.0,-1.0,-25.9975,,,,,,,,18,90.0849,0.0,90.0849,-90.0849,0.0,0.0,-1.0,-25.9975,,,,,,,,,,,,,60,,,
5m,300,btc-up-or-down-5m,btc-updown-5m,btc-updown-5m-1780710000,0x4c471c88cae7fd06ea459919b9c36efccf871252f7c8e891b2fb29ed8ff819d1,1780710000,1780710300,2026-06-06T01:40:00Z,2026-06-06T01:45:00Z,True,61106.31680619933,61034.40541845895,gamma_finalPrice,,,,,,,,,Down,-71.91138774037972,71.91138774037972,11.768241239027551,43799.79144000001,0.01,0.5,0.51,1733,1733,0,ok,,,,,,,,1,1.4256,0.0,1.4256,-1.4256,0.0,0.0,-1.0,-1.4256,,,,,,,,1,1.4256,0.0,1.4256,-1.4256,0.0,0.0,-1.0,-1.4256,,,,,,,,2,11.3256,0.0,11.3256,-11.3256,0.0,0.0,-1.0,-9.9,,,,,,,,85,4680.449405999994,4616.353006999993,64.096399,4552.256607999994,0.9863055032882454,0.8588235294117647,0.9726110065764911,3202.2045,,,,,,,,183,6914.708740999986,6745.4120419999845,169.296699,6576.115342999985,0.9755164381695247,0.7868852459016393,0.9510328763390496,3202.2045,,,,,,,,,,,,,60,,,
5m,300,btc-up-or-down-5m,btc-updown-5m,btc-updown-5m-1780710300,0x6172efa1e71d680ee2166171124dac0120fa02e50527813ff77c41145c11fecc,1780710300,1780710600,2026-06-06T01:45:00Z,2026-06-06T01:50:00Z,True,61034.40541845895,61058.0263194383,gamma_finalPrice,,,,,,,,,Up,23.620900979352882,23.620900979352882,3.870096024923197,56817.279143000014,0.99,0.5,0.51,2659,2659,0,ok,,,,,,,,165,2677.0340510000015,2603.679356000002,73.354695,2530.324661000002,0.9725985200029121,0.8545454545454545,0.9451970400058242,1050.0444020000002,,,,,,,,250,3669.8406000000014,3465.2712120000015,204.569388,3260.701824000001,0.9442566012267672,0.824,0.8885132024535344,1050.0444020000002,,,,,,,,317,4221.127573,3696.0090970000015,525.1184760000001,3170.890621000001,0.8755975821818645,0.7350157728706624,0.7511951643637285,1050.0444020000002,,,,,,,,515,5542.317680999988,4367.449047000004,1174.8686339999992,3192.5804130000006,0.7880185327471151,0.6349514563106796,0.5760370654942267,1050.0444020000002,,,,,,,,806,8172.532142999977,6057.367836000001,2115.1643069999986,3942.2035289999963,0.7411861746164341,0.5781637717121588,0.4823723492328646,1050.0444020000002,,,,,,,,,,,,,60,,,
5m,300,btc-up-or-down-5m,btc-updown-5m,btc-updown-5m-1780710600,0x25205b98d63c8b833341a5031a634c54dbb756ea60870a64c643e03956568bed,1780710600,1780710900,2026-06-06T01:50:00Z,2026-06-06T01:55:00Z,True,61058.0263194383,61148.121805,gamma_finalPrice,,,,,,,,,Up,90.09548556170193,90.09548556170193,14.755715340412063,62820.11765800002,0.99,0.5,0.51,2777,2777,0,ok,,,,,,,,0,0.0,0.0,0.0,0.0,,,,0.0,,,,,,,,4,149.1225,0.0,149.1225,-149.1225,0.0,0.0,-1.0,-149.1225,,,,,,,,6,170.9225,0.0,170.9225,-170.9225,0.0,0.0,-1.0,-149.1225,,,,,,,,195,8323.621898999992,7773.686998999992,549.9349000000002,7223.752098999993,0.933930816815926,0.8307692307692308,0.8678616336318522,3086.6252949999994,,,,,,,,458,10783.874747999978,9762.415770999976,1021.4589770000003,8740.956793999974,0.9052790392257248,0.7532751091703057,0.8105580784514498,3086.6252949999994,,,,,,,,,,,,,60,,,
5m,300,btc-up-or-down-5m,btc-updown-5m,btc-updown-5m-1780710900,0xf590c3cd12c2873a2a2c1211229f4e327f1d5bd9757b5d05def60d0eb42c6d81,1780710900,1780711200,2026-06-06T01:55:00Z,2026-06-06T02:00:00Z,True,61148.121805,61037.25833638643,gamma_finalPrice,,,,,,,,,Down,-110.86346861357015,110.86346861357015,18.130314610007368,45357.58056699999,0.01,0.5,0.51,1997,1997,0,ok,,,,,,,,0,0.0,0.0,0.0,0.0,,,,0.0,,,,,,,,0,0.0,0.0,0.0,0.0,,,,0.0,,,,,,,,5,24.7615,0.0,24.7615,-24.7615,0.0,0.0,-1.0,-19.7615,,,,,,,,65,3122.7814059999982,3015.775405999999,107.006,2908.769405999999,0.9657337526749704,0.6461538461538462,0.9314675053499408,2511.6008819999997,61059.45050490588,0,-88.67130009412358,14.50106683192893,Down,0,3.635178863449727,236,7955.185848999984,7651.216750999986,303.96909799999986,7347.247652999988,0.9617898181425631,0.7669491525423728,0.9235796362851262,2511.6008819999997,,,,,,,,,,,,,60,14.50106683192893,Down,3.635178863449727
5m,300,btc-up-or-down-5m,btc-updown-5m,btc-updown-5m-1780711200,0xb2e9098fdb38906ab8d048e05fa3dd9091d9d4a31b360478d8cadb6b65b67fdc,1780711200,1780711500,2026-06-06T02:00:00Z,2026-06-06T02:05:00Z,True,61037.25833638643,60964.67127377181,gamma_finalPrice,,,,,,,,,Down,-72.58706261462066,72.58706261462066,11.892254762588017,49534.94546900002,0.01,0.5,0.51,2149,2149,0,ok,,,,,,,,1,1.0,0.0,1.0,-1.0,0.0,0.0,-1.0,-1.0,,,,,,,,2,2.0,0.0,2.0,-2.0,0.0,0.0,-1.0,-1.0,,,,,,,,3,5.8016,0.0,5.8016,-5.8016,0.0,0.0,-1.0,-3.8015999999999996,,,,,,,,51,3105.548385,2910.065585,195.48279999999997,2714.582784999999,0.9370536936586804,0.5686274509803921,0.8741073873173607,2648.673628,,,,,,,,196,6477.879906999988,5931.50960799999,546.3702989999999,5385.139308999994,0.9156560005983454,0.6989795918367347,0.8313120011966909,2648.673628,,,,,,,,,,,,,60,,,
5m,300,btc-up-or-down-5m,btc-updown-5m,btc-updown-5m-1780711500,0xd6ad806b5a4d7874877862925e43a102f586cb58f0d9b5debd70e8b1c6d6599d,1780711500,1780711800,2026-06-06T02:05:00Z,2026-06-06T02:10:00Z,True,60964.67127377181,61008.84319276898,gamma_finalPrice,,,,,,,,,Up,44.171918997169996,44.171918997169996,7.245494492836479,,,0.5,0.51,3472,3472,0,truncated_http_400_at_offset_3500,,,,,,,,138,5144.140464,5035.462067,108.678397,4926.783670000001,0.9788733613009678,0.8188405797101449,0.9577467226019357,3743.7812160000003,,,,,,,,213,5941.662548999998,5732.7999580000005,208.86259100000004,5523.937367000003,0.9648477864103626,0.784037558685446,0.9296955728207252,3743.7812160000003,,,,,,,,333,6935.753844999997,6568.754557000001,366.999288,6201.755269000005,0.9470858833514446,0.8138138138138138,0.8941717667028892,3743.7812160000003,,,,,,,,607,9348.977155999997,7823.774394999994,1525.2027609999986,6298.5716340000035,0.8368588632157309,0.6836902800658978,0.673717726431463,3743.7812160000003,,,,,,,,861,11534.914737,8522.914368999993,3012.0003679999954,5510.914001000006,0.7388797024794163,0.6155632984901278,0.47775940495883407,3743.7812160000003,,,,,,,,,,,,,60,,,
5m,300,btc-up-or-down-5m,btc-updown-5m,btc-updown-5m-1780711800,0x4bdfdd07d2d9c0eb3c2eb06c1796a3bae50a593ccbe44f05552376f6c6a5e227,1780711800,1780712100,2026-06-06T02:10:00Z,2026-06-06T02:15:00Z,True,61008.84319276898,60864.69117778738,gamma_finalPrice,,,,,,,,,Down,-144.15201498159877,144.15201498159877,23.628052498245737,47900.03636499998,0.01,0.52,0.53,1713,1713,0,ok,,,,,,,,0,0.0,0.0,0.0,0.0,,,,0.0,,,,,,,,1,1.0692000000000002,0.0,1.0692000000000002,-1.0692000000000002,0.0,0.0,-1.0,-1.0692000000000002,,,,,,,,1,1.0692000000000002,0.0,1.0692000000000002,-1.0692000000000002,0.0,0.0,-1.0,-1.0692000000000002,,,,,,,,6,11.8777,0.0,11.8777,-11.8777,0.0,0.0,-1.0,-9.0585,,,,,,,,11,49.5388,0.0,49.5388,-49.5388,0.0,0.0,-1.0,-30.1752,,,,,,,,,,,,,60,,,
5m,300,btc-up-or-down-5m,btc-updown-5m,btc-updown-5m-1780712100,0x9de261b2384a8878db7be9e5067df986c8e78a0d50e7988b7e46f7d8fc51a06d,1780712100,1780712400,2026-06-06T02:15:00Z,2026-06-06T02:20:00Z,True,60864.69117778738,60662.24600273496,gamma_finalPrice,,,,,,,,,Down,-202.44517505242402,202.44517505242402,33.261513553248186,75575.15934999994,0.01,0.5,0.51,2079,2079,0,ok,,,,,,,,1,1.0,0.0,1.0,-1.0,0.0,0.0,-1.0,-1.0,,,,,,,,4,4.0,0.0,4.0,-4.0,0.0,0.0,-1.0,-2.0,,,,,,,,12,100.75469999999999,0.0,100.75469999999999,-100.75469999999999,0.0,0.0,-1.0,-90.6642,,,,,,,,22,170.29149999999996,0.0,170.29149999999996,-170.29149999999996,0.0,0.0,-1.0,-90.6642,,,,,,,,132,3326.7140919999983,2587.3897919999995,739.3243,1848.0654919999993,0.7777613947114036,0.5833333333333334,0.5555227894228069,661.698499,,,,,,,,,,,,,60,,,
5m,300,btc-up-or-down-5m,btc-updown-5m,btc-updown-5m-1780712400,0xc86888376658fd903cf8334fa018c96f9bb08eca4f83598b00499a74ba963a0c,1780712400,1780712700,2026-06-06T02:20:00Z,2026-06-06T02:25:00Z,True,60662.24600273496,60839.46773493319,gamma_finalPrice,,,,,,,,,Up,177.22173219823162,177.22173219823162,29.2145022441539,63029.72073699983,0.99,0.52,0.53,1981,1981,0,ok,,,,,,,,5,1.75,0.0,1.75,-1.75,0.0,0.0,-1.0,-1.25,,,,,,,,5,1.75,0.0,1.75,-1.75,0.0,0.0,-1.0,-1.25,,,,,,,,9,2.75,0.0,2.75,-2.75,0.0,0.0,-1.0,-1.25,,,,,,,,22,30.82,0.0,30.82,-30.82,0.0,0.0,-1.0,-14.920000000000002,,,,,,,,46,349.31,0.0,349.31,-349.31,0.0,0.0,-1.0,-187.0407,,,,,,,,,,,,,60,,,
5m,300,btc-up-or-down-5m,btc-updown-5m,btc-updown-5m-1780712700,0xf22037abb62c2f1c662d10080760ee15516b4c73a4529da0b7f7ab30d9621807,1780712700,1780713000,2026-06-06T02:25:00Z,2026-06-06T02:30:00Z,True,60839.46773493319,60795.80939138837,gamma_finalPrice,,,,,,,,,Down,-43.65834354481922,43.65834354481922,7.175990384240524,50509.10419199996,0.01,0.44,0.45,2690,2690,0,ok,,,,,,,,66,4875.779871999996,4547.817371999997,327.9625,4219.854871999998,0.9327364014353108,0.6818181818181818,0.8654728028706217,4525.040871999997,,,,,,,,128,5401.23323899999,5026.281743999991,374.9514950000001,4651.330248999992,0.9305803918459519,0.765625,0.861160783691904,4525.040871999997,,,,,,,,199,5850.50917199999,5295.687186999992,554.8219849999998,4740.865201999995,0.9051668891221766,0.7085427135678392,0.8103337782443534,4525.040871999997,,,,,,,,363,9073.881138999986,7963.354067999982,1110.527071,6852.826996999984,0.8776127817867369,0.6556473829201102,0.7552255635734743,4525.040871999997,,,,,,,,536,10771.061466999987,8972.804814999983,1798.2566519999998,7174.548162999979,0.8330474060045575,0.628731343283582,0.666094812009115,4525.040871999997,,,,,,,,,,,,,60,,,
5m,300,btc-up-or-down-5m,btc-updown-5m,btc-updown-5m-1780713000,0xbbb579fa5172161bfb34313565a54aa75ed00316554ac8435f411e16d8cd3f7d,1780713000,1780713300,2026-06-06T02:30:00Z,2026-06-06T02:35:00Z,True,60795.80939138837,60951.52525624387,gamma_finalPrice,,,,,,,,,Up,155.71586485549778,155.71586485549778,25.61292734060626,49494.80115400001,0.99,0.5,0.51,1921,1921,0,ok,,,,,,,,0,0.0,0.0,0.0,0.0,,,,0.0,,,,,,,,0,0.0,0.0,0.0,0.0,,,,0.0,,,,,,,,2,14.34,0.0,14.34,-14.34,0.0,0.0,-1.0,-14.34,,,,,,,,3,43.168800000000005,0.0,43.168800000000005,-43.168800000000005,0.0,0.0,-1.0,-28.8288,,,,,,,,11,92.09389999999999,0.0,92.09389999999999,-92.09389999999999,0.0,0.0,-1.0,-28.8288,,,,,,,,,,,,,60,,,
5m,300,btc-up-or-down-5m,btc-updown-5m,btc-updown-5m-1780713300,0xdbb4ce03f24c65657410bd4f569c7616f0bf0abbff2155943ee4bc1e3dd337e1,1780713300,1780713600,2026-06-06T02:35:00Z,2026-06-06T02:40:00Z,True,60951.52525624387,60999.596196562576,gamma_finalPrice,,,,,,,,,Up,48.07094031870656,48.07094031870656,7.886749366256782,58050.72838599996,0.99,0.5,0.51,2685,2685,0,ok,,,,,,,,3,12.0287,0.0,12.0287,-12.0287,0.0,0.0,-1.0,-12.008700000000001,,,,,,,,33,1687.7748640000002,1537.7804640000002,149.99439999999998,1387.786064,0.9111289051642139,0.5757575757575758,0.8222578103284276,1114.644464,,,,,,,,136,4183.456421999998,3996.239621999999,187.21679999999995,3809.0228219999985,0.9552482968352528,0.8676470588235294,0.9104965936705053,1634.406733,,,,,,,,330,10128.91838999999,9513.087893999993,615.8304959999999,8897.25739799999,0.9392007643572299,0.7424242424242424,0.8784015287144593,3384.802532,,,,,,,,849,16286.561020999963,13745.88479799997,2540.6762229999963,11205.208574999971,0.8440016759999834,0.6843345111896348,0.6880033519999665,3384.802532,,,,,,,,,,,,,60,,,
5m,300,btc-up-or-down-5m,btc-updown-5m,btc-updown-5m-1780713600,0x81bdc4a4675f7759b1dc4d32a900f427e3989c38b1eadb5948f00dd3f071d003,1780713600,1780713900,2026-06-06T02:40:00Z,2026-06-06T02:45:00Z,True,60999.596196562576,60922.29230855814,gamma_finalPrice,,,,,,,,,Down,-77.30388800443325,77.30388800443325,12.672852416159017,47253.631835000066,0.01,0.32,0.33,1809,1809,0,ok,,,,,,,,0,0.0,0.0,0.0,0.0,,,,0.0,,,,,,,,0,0.0,0.0,0.0,0.0,,,,0.0,,,,,,,,0,0.0,0.0,0.0,0.0,,,,0.0,,,,,,,,44,917.7406079999998,748.1237089999998,169.616899,578.5068099999997,0.8151799130152471,0.7272727272727273,0.630359826030494,371.07833400000004,,,,,,,,206,10416.306636999998,9844.409537999994,571.897099,9272.512438999995,0.9450959808567314,0.7038834951456311,0.8901919617134632,3072.847907,,,,,,,,,61089.46960827686,-1,-27.403489911242044,27.403489911242044,60,,,
5m,300,btc-up-or-down-5m,btc-updown-5m,btc-updown-5m-1780713900,0x54793822005113df3ae1526755bc67497590c8f5104126326114952b3e83ada6,1780713900,1780714200,2026-06-06T02:45:00Z,2026-06-06T02:50:00Z,True,60922.29230855814,61091.16549591651,gamma_finalPrice,,,61089.46960827686,-1,61089.46960827686,-1,1.6958876396529377,0.2783689804486732,Up,168.87318735836743,168.87318735836743,27.719440775974338,45244.481446999984,0.99,0.5,0.51,1754,1754,0,ok,61081.54181888517,0,159.24951032702666,26.139776474670807,Up,0,1.5754217554419725,0,0.0,0.0,0.0,0.0,,,,0.0,61083.20311713198,0,160.91080857384077,26.41246783014378,Up,0,1.303445049267795,1,1.0,0.0,1.0,-1.0,0.0,0.0,-1.0,-1.0,61084.241592347535,0,161.9492837893922,26.582926815877897,Up,0,1.1334365469119354,1,1.0,0.0,1.0,-1.0,0.0,0.0,-1.0,-1.0,61086.73368997083,0,164.44138141268922,26.99198851215733,Up,0,0.7254676954103514,3,7.8183,0.0,7.8183,-7.8183,0.0,0.0,-1.0,-6.8183,,,,,,,,16,190.8847,0.0,190.8847,-190.8847,0.0,0.0,-1.0,-107.6031,61074.59327013974,0,-2.713072148171916,2.713072148171916,,,,,,,,,60,,,
5m,300,btc-up-or-down-5m,btc-updown-5m,btc-updown-5m-1780714200,0x0f3d69cee7b5d415eba5dc391b30ac243d19e220723f5895e6c3bc088c8b1734,1780714200,1780714500,2026-06-06T02:50:00Z,2026-06-06T02:55:00Z,True,61091.16549591651,61055.64324182391,gamma_finalPrice,61089.46960827686,-1,,,,,,,Down,-35.522254092596995,35.522254092596995,5.814630283157946,56061.282905999935,0.01,0.5,0.51,2710,2710,0,ok,,,,,,,,37,1637.207968,1572.6981679999997,64.50980000000001,1508.1883679999994,0.9605976752734688,0.6756756756756757,0.9211953505469377,1154.6378949999994,,,,,,,,93,9947.063649999996,9824.499449999996,122.5642,9701.935249999995,0.9876783537018987,0.6881720430107527,0.9753567074037973,5288.471955999998,,,,,,,,135,10522.04160499999,10363.000805999991,159.04079900000002,10203.960006999992,0.9848849866812517,0.6962962962962963,0.9697699733625034,5288.471955999998,,,,,,,,272,13108.326373999964,12621.487476999971,486.83889699999986,12134.64857999998,0.9628603314328803,0.7058823529411765,0.9257206628657606,5288.471955999998,,,,,,,,589,16972.364226999947,15269.147965999968,1703.2162609999984,13565.931704999979,0.8996476720496916,0.6723259762308998,0.7992953440993829,5288.471955999998,,,,,,,,,60927.37254305205,0,21.030918972599657,-21.030918972599657,60,,,
5m,300,btc-up-or-down-5m,btc-updown-5m,btc-updown-5m-1780714500,0x7a4086575ee9e898a1ac2d330fe04d00e12d11cca951bd70ada32654279e0ec5,1780714500,1780714800,2026-06-06T02:55:00Z,2026-06-06T03:00:00Z,True,61055.64324182391,60927.37254305205,gamma_finalPrice,,,60927.37254305205,0,60927.37254305205,0,0.0,0.0,Down,-128.27069877186295,128.27069877186295,21.008819490087014,40019.15960600007,0.01,,0.01,1271,1271,0,ok,60931.57593713732,0,-124.06730468659225,20.3203664885156,Down,0,0.6898786079091687,0,0.0,0.0,0.0,0.0,,,,0.0,60955.48736914981,0,-100.15587267410592,16.40403202000791,Down,0,4.613417607145196,2,9.59,0.0,9.59,-9.59,0.0,0.0,-1.0,-5.0,60958.690864270124,0,-96.95237755378912,15.879347494512263,Down,0,5.138950431543536,2,9.59,0.0,9.59,-9.59,0.0,0.0,-1.0,-5.0,60954.01408811586,0,-101.62915370805422,16.64533338966396,Down,0,4.371716834620064,5,23.0248,0.0,23.0248,-23.0248,0.0,0.0,-1.0,-8.4348,,,,,,,,15,56.9218,0.0,56.9218,-56.9218,0.0,0.0,-1.0,-12.1375,60907.89909432347,0,3.196684939049488,-3.196684939049488,,,,,,,,,60,,,
5m,300,btc-up-or-down-5m,btc-updown-5m,btc-updown-5m-1780714800,0x1a47b10d540110d1a808c3d26a2a3fdfaf839322ef2676deb10fc28fb795a4ac,1780714800,1780715100,2026-06-06T03:00:00Z,2026-06-06T03:05:00Z,True,60927.37254305205,60813.1906538041,gamma_finalPrice,60927.37254305205,0,,,,,,,Down,-114.18188924794958,114.18188924794958,18.74065538724277,43796.341770999985,0.01,0.5,0.51,2146,2146,0,ok,,,,,,,,1,2.6037,0.0,2.6037,-2.6037,0.0,0.0,-1.0,-2.6037,,,,,,,,2,3.6037,0.0,3.6037,-3.6037,0.0,0.0,-1.0,-2.6037,,,,,,,,2,3.6037,0.0,3.6037,-3.6037,0.0,0.0,-1.0,-2.6037,,,,,,,,8,36.670300000000005,0.0,36.670300000000005,-36.670300000000005,0.0,0.0,-1.0,-21.5028,,,,,,,,225,7392.1975529999945,6859.450155999996,532.747397,6326.702758999996,0.9279311201871503,0.7733333333333333,0.8558622403743004,2348.205453000001,,,,,,,,,,,,,60,,,
5m,300,btc-up-or-down-5m,btc-updown-5m,btc-updown-5m-1780715100,0x245d09cafec05b2a511e8f8455e2fddd615cce489465d32fc43cb62fce2dfd9f,1780715100,1780715400,2026-06-06T03:05:00Z,2026-06-06T03:10:00Z,True,60813.1906538041,60795.6108256797,gamma_finalPrice,,,,,,,,,Down,-17.579828124398773,17.579828124398773,2.8907919376368203,,,0.5,0.51,3195,3195,0,ok,,,,,,,,91,1582.9573140000005,1531.3544150000002,51.60289900000001,1479.7515160000003,0.9674009535547083,0.8461538461538461,0.9348019071094168,995.587914,60795.43931196269,-1,-17.751341841409157,2.918995311800622,Down,0,-0.028211569325251762,141,2138.6894589999997,2048.4671649999996,90.22229399999998,1958.2448710000003,0.9578142148593252,0.7730496453900709,0.9156284297186507,995.587914,60796.92816477603,0,-16.262489028071286,2.674171319286633,Down,0,0.21668090942341459,212,2445.8094869999995,2258.1103989999983,187.69908799999996,2070.411311000001,0.9232568648549031,0.7075471698113207,0.8465137297098078,995.587914,60792.78091049888,-1,-20.409743305222946,3.356137555980421,Down,0,-0.46549101290438694,438,4602.431841000003,3739.0830699999997,863.348771,2875.7342990000006,0.8124146536383214,0.6461187214611872,0.6248293072766439,995.587914,60786.87264264514,0,-26.31801115896087,4.327681359260267,Down,0,-1.4374082187391513,771,7018.465190999985,5589.790443999994,1428.6747469999987,4161.115696999998,0.7964405738120596,0.6498054474708171,0.5928811476241184,995.587914,,,,,,,,,,,,,60,4.327681359260267,Down,-1.4374082187391513
5m,300,btc-up-or-down-5m,btc-updown-5m,btc-updown-5m-1780715400,0x5a5b3f3d95700aecbf6730584839ce899d748b5038a8a0d75016418da7a8d9ae,1780715400,1780715700,2026-06-06T03:10:00Z,2026-06-06T03:15:00Z,True,60795.6108256797,60853.42676523488,gamma_finalPrice,,,,,,,,,Up,57.815939555177465,57.815939555177465,9.509887106974565,60915.861171999946,0.99,0.5,0.51,2738,2738,0,ok,,,,,,,,6,10.1038,0.0,10.1038,-10.1038,0.0,0.0,-1.0,-9.5838,,,,,,,,41,945.8341049999999,883.822905,62.0112,821.8117050000001,0.9344375512870727,0.6829268292682927,0.8688751025741456,501.86845199999993,,,,,,,,115,2561.238342999999,2483.617742999999,77.6206,2405.9971429999996,0.9696941129230938,0.7913043478260869,0.9393882258461881,557.710267,,,,,,,,171,3282.5267059999987,3113.3112059999976,169.21549999999996,2944.0957059999973,0.9484496197119435,0.7076023391812866,0.8968992394238874,557.710267,,,,,,,,282,5495.637631999994,5090.001635999993,405.635996,4684.365639999994,0.9261894573182803,0.7340425531914894,0.8523789146365608,1317.410106,,,,,,,,,,,,,60,,,
5m,300,btc-up-or-down-5m,btc-updown-5m,btc-updown-5m-1780715700,0x16a28fc79f125166baed0712128ebc5f0157fb3dbaf9f1920ffc2f632399e88f,1780715700,1780716000,2026-06-06T03:15:00Z,2026-06-06T03:20:00Z,True,60853.42676523488,60900.386173350904,gamma_finalPrice,,,,,,,,,Up,46.95940811602486,46.95940811602486,7.7168058747436765,62350.16675900005,0.99,0.5,0.51,2983,2983,0,ok,,,,,,,,2,15.6816,0.0,15.6816,-15.6816,0.0,0.0,-1.0,-8.8308,,,,,,,,9,59.174299999999995,0.0,59.174299999999995,-59.174299999999995,0.0,0.0,-1.0,-35.342999999999996,,,,,,,,57,5302.232504999998,5152.909904999999,149.32260000000002,5003.587304999998,0.9718377872227993,0.543859649122807,0.9436755744455986,5135.586004999998,,,,,,,,342,9586.400147999988,8784.10216499999,802.2979830000003,7981.8041819999935,0.9163087320982128,0.7456140350877193,0.832617464196426,5135.586004999998,,,,,,,,748,14521.665107999983,11745.399172999982,2776.2659349999994,8969.133237999988,0.8088190359471548,0.6270053475935828,0.6176380718943101,5135.586004999998,,,,,,,,,,,,,60,,,
5m,300,btc-up-or-down-5m,btc-updown-5m,btc-updown-5m-1780716000,0x5d0c3f92071135d9935e9bf7a3772f590d8948c7a1c8b4a183c93fa5d7e7c105,1780716000,1780716300,2026-06-06T03:20:00Z,2026-06-06T03:25:00Z,True,60900.386173350904,60742.835546048416,gamma_finalPrice,,,,,,,,,Down,-157.55062730248756,157.55062730248756,25.870218105682447,40299.410157999875,0.01,0.5,0.51,1815,1815,0,ok,,,,,,,,3,3.5,0.0,3.5,-3.5,0.0,0.0,-1.0,-3.0,,,,,,,,3,3.5,0.0,3.5,-3.5,0.0,0.0,-1.0,-3.0,,,,,,,,4,14.8751,0.0,14.8751,-14.8751,0.0,0.0,-1.0,-11.3751,,,,,,,,12,282.43950000000007,0.0,282.43950000000007,-282.43950000000007,0.0,0.0,-1.0,-227.7,,,,,,,,252,5068.530228999998,4336.8360289999955,731.6942000000001,3605.1418289999983,0.8556397679521459,0.8492063492063492,0.7112795359042929,1621.620989,,,,,,,,,,,,,60,,,
5m,300,btc-up-or-down-5m,btc-updown-5m,btc-updown-5m-1780716300,0xfb08a106433b784a5e24123e3d5377be7837e9b4d72833816c5081dbc51a2d06,1780716300,1780716600,2026-06-06T03:25:00Z,2026-06-06T03:30:00Z,True,60742.835546048416,60777.12955641322,gamma_finalPrice,,,,,,,,,Up,34.294010364807036,34.294010364807036,5.645770411690636,54618.50483399995,0.99,0.37,0.38,2712,2712,0,ok,,,,,,,,13,312.7517,0.0,312.7517,-312.7517,0.0,0.0,-1.0,-282.10110000000003,,,,,,,,93,6198.550779999999,5655.023979999999,543.5268000000001,5111.497179999999,0.9123138908930581,0.7419354838709677,0.8246277817861162,4098.173941000001,,,,,,,,198,7417.637897999993,6786.837000999994,630.8008970000002,6156.036103999996,0.9149593299546099,0.7777777777777778,0.8299186599092199,4098.173941000001,,,,,,,,317,8925.741993999987,8058.314503999991,867.4274899999999,7190.8870139999935,0.9028173242534802,0.7886435331230284,0.8056346485069602,4098.173941000001,,,,,,,,618,11766.282252999981,9768.759714999986,1997.5225379999981,7771.237177000002,0.830233331561403,0.6456310679611651,0.6604666631228071,4098.173941000001,,,,,,,,,,,,,60,,,
5m,300,btc-up-or-down-5m,btc-updown-5m,btc-updown-5m-1780716600,0x95cb549925241572c8bc32c36cd9af19560326bbbf961a4f2bfde59a143bb832,1780716600,1780716900,2026-06-06T03:30:00Z,2026-06-06T03:35:00Z,True,60777.12955641322,60530.00162263604,gamma_finalPrice,,,,,,,,,Down,-247.1279337771848,247.1279337771848,40.66133685168548,49875.85034399999,0.01,0.5,0.51,1484,1484,0,ok,,,,,,,,3,0.75,0.0,0.75,-0.75,0.0,0.0,-1.0,-0.75,,,,,,,,3,0.75,0.0,0.75,-0.75,0.0,0.0,-1.0,-0.75,,,,,,,,4,0.8228,0.0,0.8228,-0.8228,0.0,0.0,-1.0,-0.75,,,,,,,,7,36.2318,0.0,36.2318,-36.2318,0.0,0.0,-1.0,-25.0,,,,,,,,14,38.36580000000001,0.0,38.36580000000001,-38.36580000000001,0.0,0.0,-1.0,-25.0,,,,,,,,,,,,,60,,,
5m,300,btc-up-or-down-5m,btc-updown-5m,btc-updown-5m-1780716900,0xe435e66fb6a8186c2f4f2ba2971f6c35eb2f2148aaab487330789c1d7d046545,1780716900,1780717200,2026-06-06T03:35:00Z,2026-06-06T03:40:00Z,True,60530.00162263604,60609.74443979959,gamma_finalPrice,,,,,,,,,Up,79.74281716355472,79.74281716355472,13.174097972225029,77094.87278800007,0.99,0.41,0.42,2103,2103,0,ok,,,,,,,,1,0.02,0.0,0.02,-0.02,0.0,0.0,-1.0,-0.02,,,,,,,,7,85.32149999999999,0.0,85.32149999999999,-85.32149999999999,0.0,0.0,-1.0,-84.30149999999999,,,,,,,,19,97.21809999999998,0.0,97.21809999999998,-97.21809999999998,0.0,0.0,-1.0,-84.30149999999999,,,,,,,,32,165.0827,0.0,165.0827,-165.0827,0.0,0.0,-1.0,-84.30149999999999,,,,,,,,68,396.5356,0.0,396.5356,-396.5356,0.0,0.0,-1.0,-84.30149999999999,,,,,,,,,,,,,60,,,
5m,300,btc-up-or-down-5m,btc-updown-5m,btc-updown-5m-1780717200,0x5ac5709992f84c8eb5cdf71d19f7a1d72b018b19ef04f2c9c28525e525ff3c94,1780717200,1780717500,2026-06-06T03:40:00Z,2026-06-06T03:45:00Z,True,60609.74443979959,60686.66351123855,gamma_finalPrice,,,,,,,,,Up,76.91907143895514,76.91907143895514,12.690875394690822,60161.91320799987,0.99,0.51,0.52,3186,3186,0,ok,,,,,,,,8,669.5373,0.0,669.5373,-669.5373,0.0,0.0,-1.0,-611.3349,,,,,,,,40,1417.633819,548.101719,869.5320999999997,-321.4303809999997,0.38663137945356824,0.225,-0.22673724109286345,-611.3349,,,,,,,,236,7816.267338999993,6725.994148999997,1090.2731899999987,5635.720958999999,0.8605122953561253,0.7245762711864406,0.7210245907122502,4823.347166999996,,,,,,,,387,9175.921605999985,7536.331534999998,1639.590070999997,5896.741464000004,0.8213160332660334,0.6718346253229974,0.642632066532066,4823.347166999996,,,,,,,,768,12821.96534399997,9745.674454999995,3076.290888999997,6669.383566000019,0.7600764932312406,0.6015625,0.5201529864624812,4823.347166999996,,,,,,,,,,,,,60,,,
5m,300,btc-up-or-down-5m,btc-updown-5m,btc-updown-5m-1780717500,0xdf530cdf63c8f2f307faea52054b618ddf4c7b2b7455a6289b0a57fb95ab1d75,1780717500,1780717800,2026-06-06T03:45:00Z,2026-06-06T03:50:00Z,True,60686.66351123855,60629.768225800886,gamma_finalPrice,,,,,,,,,Down,-56.895285437662096,56.895285437662096,9.375253498180152,48620.85142199996,0.01,0.5,0.51,2321,2321,0,ok,,,,,,,,2,12.1374,0.0,12.1374,-12.1374,0.0,0.0,-1.0,-11.1375,,,,,,,,3,17.1374,0.0,17.1374,-17.1374,0.0,0.0,-1.0,-11.1375,,,,,,,,9,38.6323,0.0,38.6323,-38.6323,0.0,0.0,-1.0,-14.861899999999999,,,,,,,,162,4528.807746999999,4406.659346999999,122.14839999999995,4284.510946999998,0.9730285746660554,0.7901234567901234,0.9460571493321107,2568.7883670000006,,,,,,,,399,8877.809748999993,7941.215657999995,936.5940909999996,7004.621566999995,0.8945016713040627,0.7167919799498746,0.7890033426081251,2568.7883670000006,,,,,,,,,,,,,60,,,
5m,300,btc-up-or-down-5m,btc-updown-5m,btc-updown-5m-1780717800,0x8215b744c9c1d03c8ef1532cf781049e1c0154c1f1256c26d8f89b398cdbe951,1780717800,1780718100,2026-06-06T03:50:00Z,2026-06-06T03:55:00Z,True,60629.768225800886,60633.51899302533,gamma_finalPrice,,,,,,,,,Up,3.750767224446463,3.750767224446463,0.6186345971961561,85384.5980180002,0.99,0.5,0.51,3380,3380,0,truncated_http_400_at_offset_3500,,,,,,,,97,966.9682560000002,690.5629700000003,276.405286,414.15768400000024,0.7141526784515252,0.5670103092783505,0.4283053569030503,254.800693,,,,,,,,150,1649.5328399999999,1044.5186680000004,605.0141719999998,439.5044960000002,0.6332208990758865,0.46,0.2664417981517726,267.3756039999999,,,,,,,,255,2759.206520000002,1508.802957,1250.4035629999996,258.3993940000003,0.546824946253026,0.4235294117647059,0.09364989250605284,267.3756039999999,,,,,,,,521,9458.706541999994,7478.805991999995,1979.9005499999992,5498.905441999999,0.7906795668933652,0.5067178502879078,0.5813591337867307,1682.071387,,,,,,,,857,14474.594391999974,11910.099064999979,2564.4953269999987,9345.603738,0.8228278280172481,0.5927654609101517,0.6456556560344974,1682.071387,,,,,,,,,60664.42428,0,5.095764496823949,-5.095764496823949,60,,,
5m,300,btc-up-or-down-5m,btc-updown-5m,btc-updown-5m-1780718100,0xd8af2d618be51b01701e86470c6d1b71b52d0eef6aa3462a7381e1cd731db208,1780718100,1780718400,2026-06-06T03:55:00Z,2026-06-06T04:00:00Z,True,60633.51899302533,60664.42428,gamma_finalPrice,,,60664.42428,0,60664.42428,0,0.0,0.0,Up,30.905286974666524,30.905286974666524,5.097063058177699,46154.91935799998,0.99,0.5,0.51,2316,2316,0,ok,60664.55739686521,0,31.03840383987699,5.119017394231618,Up,0,-0.0219431274160511,78,3912.9030810000013,3674.4132810000015,238.48979999999997,3435.9234810000016,0.9390504198383952,0.6538461538461539,0.8781008396767904,2757.204846,60663.98957948406,0,30.470586458730395,5.025369954568433,Up,0,0.07165683653222735,131,4913.580102,4628.735603,284.84449899999987,4343.891104000001,0.9420291329159246,0.732824427480916,0.8840582658318493,2757.204846,60665.14560582874,0,31.626612803403987,5.216027921295809,Up,0,-0.11890354996361417,203,6440.716912999999,6094.530613999998,346.1862989999999,5748.3443149999985,0.94625034702251,0.7783251231527094,0.8925006940450201,2757.204846,60660.2986154736,0,26.77962244826631,4.416636687596306,Up,0,0.6801028561262621,340,7290.812340999992,6808.756152999997,482.0561879999999,6326.6999650000025,0.9338816903448269,0.7529411764705882,0.8677633806896539,2757.204846,60655.74760630863,0,22.228613283296,3.6660602340848722,Up,0,1.4303760984266911,594,9465.093911999971,8481.100144999991,983.9937670000002,7497.106378000002,0.8960397248935418,0.7003367003367004,0.7920794497870826,2757.204846,60673.53446497338,0,1.5016216004832696,-1.5016216004832696,,,,,,,,,60,3.6660602340848722,Up,1.4303760984266911
5m,300,btc-up-or-down-5m,btc-updown-5m,btc-updown-5m-1780718400,0x5505d501f2e4292deba9f5bd1cf168e546246a2e8485c90df9c91323b02df236,1780718400,1780718700,2026-06-06T04:00:00Z,2026-06-06T04:05:00Z,True,60664.42428,60688.746170566716,gamma_finalPrice,60664.42428,0,,,,,,,Up,24.32189056671632,24.32189056671632,4.009251032278373,116120.7557319997,0.99,0.5,0.51,3351,3351,0,ok,,,,,,,,103,2128.272777999999,1609.2561870000002,519.016591,1090.2395960000003,0.7561324862277596,0.5922330097087378,0.5122649724555189,698.1182509999999,,,,,,,,206,3430.8564220000007,2443.4952590000003,987.361163,1456.1340960000016,0.7122114593112517,0.5776699029126213,0.42442291862250403,698.1182509999999,,,,,,,,303,4409.568471000003,2740.210050000001,1669.3584209999997,1070.851629000001,0.6214236309111162,0.5313531353135313,0.24284726182223287,698.1182509999999,,,,,,,,518,9577.775724999992,6407.070730999999,3170.7049939999997,3236.365737000003,0.6689518438269763,0.42857142857142855,0.3379036876539522,2343.62781,,,,,,,,1131,18205.214659999943,11860.658357000006,6344.5563029999685,5516.102054000022,0.6514978580867797,0.4827586206896552,0.302995716173557,2343.62781,,,,,,,,,,,,,60,,,
5m,300,btc-up-or-down-5m,btc-updown-5m,btc-updown-5m-1780718700,0x3055f23bb9acfad57963704dfa8555543c55e68a55c15fa5f81bfeec15585e37,1780718700,1780719000,2026-06-06T04:05:00Z,2026-06-06T04:10:00Z,True,60688.746170566716,60351.47196118943,gamma_finalPrice,,,,,,,,,Down,-337.2742093772831,337.2742093772831,55.574423704416034,44236.71623199993,0.01,0.49,0.5,1072,1072,0,ok,,,,,,,,0,0.0,0.0,0.0,0.0,,,,0.0,,,,,,,,0,0.0,0.0,0.0,0.0,,,,0.0,,,,,,,,0,0.0,0.0,0.0,0.0,,,,0.0,,,,,,,,1,0.1485,0.0,0.1485,-0.1485,0.0,0.0,-1.0,-0.1485,,,,,,,,8,29.236500000000003,0.0,29.236500000000003,-29.236500000000003,0.0,0.0,-1.0,-9.9,,,,,,,,,,,,,60,,,
5m,300,btc-up-or-down-5m,btc-updown-5m,btc-updown-5m-1780719000,0x102b10fdbfca4697958711dc683fb9ac0a5d2232cf2d96d49befbc5bfd815ba4,1780719000,1780719300,2026-06-06T04:10:00Z,2026-06-06T04:15:00Z,True,60351.47196118943,60107.62859787495,gamma_finalPrice,,,,,,,,,Down,-243.8433633144814,243.8433633144814,40.40388003647884,64935.91904999995,0.01,0.1,0.11,2356,2356,0,ok,,,,,,,,1,63.488699999999994,0.0,63.488699999999994,-63.488699999999994,0.0,0.0,-1.0,-63.488699999999994,,,,,,,,7,167.575,0.0,167.575,-167.575,0.0,0.0,-1.0,-102.33630000000001,,,,,,,,23,180.7241,0.0,180.7241,-180.7241,0.0,0.0,-1.0,-102.33630000000001,,,,,,,,34,197.88410000000002,0.0,197.88410000000002,-197.88410000000002,0.0,0.0,-1.0,-102.33630000000001,,,,,,,,52,300.1363,0.0,300.1363,-300.1363,0.0,0.0,-1.0,-102.33630000000001,,,,,60131.951865,0,-4.045800453261808,4.045800453261808,60015.161147028135,0,15.395491447898742,-15.395491447898742,60,,,
5m,300,btc-up-or-down-5m,btc-updown-5m,btc-updown-5m-1780719300,0x4bb7c9e5aade8dd52b554b6909413011082f88a7de2914ee265bf0eeaffe2752,1780719300,1780719600,2026-06-06T04:15:00Z,2026-06-06T04:20:00Z,True,60107.62859787495,60015.161147028135,gamma_finalPrice,,,60015.161147028135,0,60015.161147028135,0,0.0,0.0,Down,-92.46745084681606,92.46745084681606,15.38364646947412,98415.081993,0.01,0.5,0.51,3483,3483,0,truncated_http_400_at_offset_3500,60037.14611706512,0,-70.48248080983467,11.726045837104696,Down,0,3.6625652240706925,14,266.8752,140.976,125.89920000000001,15.076799999999995,0.5282469109156639,0.07142857142857142,0.05649382183132788,65.35969999999999,60036.13557914107,0,-71.49301873388322,11.894167246586532,Down,0,3.4942450266382488,108,4868.731806999997,4603.582006999997,265.1498,4338.432207,0.9455402740362938,0.7870370370370371,0.8910805480725881,3169.6201239999996,60058.14923330816,0,-49.47936456678872,8.23179448615579,Down,0,7.160306979216152,276,6945.845082999996,6553.339782999996,392.5053,6160.834482999999,0.9434906342842775,0.8043478260869565,0.8869812685685553,3169.6201239999996,60087.49763460415,0,-20.13096327079984,3.349152801465129,Down,0,12.045777679954702,690,11611.240632999972,9583.531853999983,2027.7087790000005,7555.823074999986,0.8253667421862658,0.7260869565217392,0.6507334843725311,3169.6201239999996,60148.85897223677,0,41.23037436181767,6.859424556182762,Up,1,22.25256449409175,1206,16391.929532999937,11258.902897999973,5133.026635000002,6125.876262999982,0.6868564725912073,0.603648424543947,0.373712945182413,3169.6201239999996,59976.920970669795,0,6.373783499384737,-6.373783499384737,60071.96727761674,0,-9.46081991816122,9.46081991816122,60077.7060421805,0,-10.416089193484126,10.416089193484126,60,6.859424556182762,Up,22.25256449409175
5m,300,btc-up-or-down-5m,btc-updown-5m,btc-updown-5m-1780719600,0x5559962e6304b18cbdb5f9e0ecfe04721a2420066ae301287498164b7548a1fa,1780719600,1780719900,2026-06-06T04:20:00Z,2026-06-06T04:25:00Z,True,60015.161147028135,60077.70604218051,gamma_finalPrice,60015.161147028135,0,60077.7060421805,0,60077.7060421805,0,7.275957614183426e-12,1.2123532579306788e-12,Up,62.54489515237219,62.54489515237219,10.421515823167846,85180.9383859999,0.99,0.57,0.58,3227,3227,0,ok,60087.446015720445,0,72.28486869230983,12.044434657972968,Up,0,-1.621097863142875,10,137.1726,0.0,137.1726,-137.1726,0.0,0.0,-1.0,-90.4663,60134.90112,0,119.73997297186725,19.95162067107048,Up,0,-9.515654553280664,29,170.56999999999994,0.0,170.56999999999994,-170.56999999999994,0.0,0.0,-1.0,-90.4663,60155.3456690025,0,140.18452197436272,23.358184714514334,Up,0,-12.914857688214072,39,255.77099999999993,0.0,255.77099999999993,-255.77099999999993,0.0,0.0,-1.0,-90.4663,60153.698715850325,0,138.53756882219022,23.08376186523835,Up,0,-12.641070599189366,59,547.6432,0.0,547.6432,-547.6432,0.0,0.0,-1.0,-156.50279999999998,60052.40078772653,0,37.239640698397125,6.20503885795884,Up,0,4.212974664893523,521,9446.923517999992,7504.841029999984,1942.0824879999986,5562.7585419999905,0.7944216988419986,0.6871401151631478,0.5888433976839988,1310.8429779999994,60164.501468437695,0,14.436767775485865,-14.436767775485865,60134.24866817187,0,9.407155935091678,-9.407155935091678,59956.47094926316,-1,-20.2001025341938,20.2001025341938,60,6.20503885795884,Up,4.212974664893523
5m,300,btc-up-or-down-5m,btc-updown-5m,btc-updown-5m-1780719900,0x7b4e2ba9090f17bff40a521c825428102c4bcb0f29ca6cd1d72e78934d0bab6e,1780719900,1780720200,2026-06-06T04:25:00Z,2026-06-06T04:30:00Z,True,60077.70604218051,59943.931501724204,gamma_finalPrice,60077.7060421805,0,59956.47094926316,-1,59956.47094926316,-1,-12.539447538954846,-2.087204782777643,Down,-133.77454045630293,133.77454045630293,22.266918840473025,104168.96380099986,0.01,0.02,0.03,3484,3484,0,truncated_http_400_at_offset_3500,59944.36916097337,0,-133.33688120713487,22.194069978890198,Down,0,0.07301116902134716,2,19.7604,0.0,19.7604,-19.7604,0.0,0.0,-1.0,-14.1372,59937.59688,0,-140.10916218050988,23.321323567537576,Down,0,-1.056813641869981,3,316.74060000000003,0.0,316.74060000000003,-316.74060000000003,0.0,0.0,-1.0,-296.9802,59947.48411375108,0,-130.22192842942604,21.67558267587603,Down,0,0.5926382651635926,7,344.8866960000001,14.988996,329.89770000000004,-314.908704,0.04346063844689445,0.2857142857142857,-0.9130787231062109,-296.9802,59920.92941392773,0,-156.77662825277366,26.0956415584012,Down,0,-3.838003548849502,86,6463.703159999997,5627.418359999997,836.2848000000002,4791.133559999998,0.8706183159562048,0.627906976744186,0.7412366319124098,2545.4768859999995,59940.80728109065,0,-136.89876108985482,22.78694878824739,Down,0,-0.5212040608300502,403,20093.11836600002,18785.40496600001,1307.713400000001,17477.691565999994,0.9349173495034588,0.7593052109181141,0.8698346990069175,5155.266994,59987.232952447055,0,-7.221050975615286,7.221050975615286,59859.04378710444,0,14.171222145579708,-14.171222145579708,59476.06626462832,0,78.35666381912831,-78.35666381912831,60,22.78694878824739,Down,-0.5212040608300502
5m,300,btc-up-or-down-5m,btc-updown-5m,btc-updown-5m-1780720200,0x5b489cc6f0a6e42a8fffc8bd76e965ba0a80c4881ede0732694657e8f77c654f,1780720200,1780720500,2026-06-06T04:30:00Z,2026-06-06T04:35:00Z,True,59943.931501724204,59476.06626462832,gamma_finalPrice,59956.47094926316,-1,59476.06626462832,0,59476.06626462832,0,0.0,0.0,Down,-467.86523709588073,467.86523709588073,78.0504757320469,61931.66514999994,0.01,0.51,0.52,2282,2282,0,ok,59482.24411359325,0,-461.68738813095115,77.01987116371761,Down,0,1.0386578206835206,0,0.0,0.0,0.0,0.0,,,,0.0,59504.24401756871,0,-439.68748415549635,73.34979090299564,Down,0,4.736540592364169,1,6.0588,0.0,6.0588,-6.0588,0.0,0.0,-1.0,-6.0588,59494.37524174097,0,-449.55625998323376,74.99612533260401,Down,0,3.0779035574489693,2,9.4248,0.0,9.4248,-9.4248,0.0,0.0,-1.0,-6.0588,59511.93374737675,0,-431.9977543474524,72.06697050476687,Down,0,6.028756484884666,2,9.4248,0.0,9.4248,-9.4248,0.0,0.0,-1.0,-6.0588,59638.90445374522,0,-305.0270479789833,50.885392455483114,Down,0,27.34136432662521,15,64.5611,0.0,64.5611,-64.5611,0.0,0.0,-1.0,-15.2305,59575.33246894302,0,-16.676196731030927,16.676196731030927,59681.414,0,-34.46664669330925,34.46664669330925,59677.360972175244,-1,-33.787513076654186,33.787513076654186,60,50.885392455483114,Down,27.34136432662521
5m,300,btc-up-or-down-5m,btc-updown-5m,btc-updown-5m-1780720500,0x0c7c0daaa05afb9cb94b978b4c61d4f079e4c424edb531312fe4adc40d3fc44d,1780720500,1780720800,2026-06-06T04:35:00Z,2026-06-06T04:40:00Z,True,59476.06626462832,59676.30880075148,gamma_finalPrice,59476.06626462832,0,59677.360972175244,-1,59677.360972175244,-1,-1.0521714237620472,-0.17690669370778409,Up,200.24253612315806,200.24253612315806,33.6677505254322,86366.42783199994,0.99,0.5,0.51,2671,2671,0,ok,59715.15191648142,-1,239.0856518531,40.19863230182882,Up,0,-6.506850132677542,1,0.25,0.0,0.25,-0.25,0.0,0.0,-1.0,-0.25,59722.12925295786,0,246.06298832953325,41.37176578469718,Up,0,-7.675218403632101,3,1.185,0.0,1.185,-1.185,0.0,0.0,-1.0,-0.935,59693.152232936656,0,217.08596830833267,36.49971861663593,Up,0,-2.8220672441850123,4,1.4127,0.0,1.4127,-1.4127,0.0,0.0,-1.0,-0.935,59693.30323137597,0,217.23696674764506,36.52510671790015,Up,0,-2.84736298459795,9,19.7714,0.0,19.7714,-19.7714,0.0,0.0,-1.0,-13.167,59611.04472859811,0,134.97846396979003,22.694584972924574,Up,0,10.942329883993839,185,8105.144438999997,6567.192140999998,1537.9522980000002,5029.2398429999985,0.8102498592622551,0.6756756756756757,0.6204997185245104,3748.672087999998,59696.63415971408,0,3.40535445553064,-3.40535445553064,59788.36329421756,0,18.759441492215544,-18.759441492215544,59787.10563174557,0,18.54908689635563,-18.54908689635563,60,22.694584972924574,Up,10.942329883993839
5m,300,btc-up-or-down-5m,btc-updown-5m,btc-updown-5m-1780720800,0x1d052b6098587f7d5f82014f53a674fd298df1667f6de79d4bab915bb1141077,1780720800,1780721100,2026-06-06T04:40:00Z,2026-06-06T04:45:00Z,True,59676.30880075148,59787.10563174558,gamma_finalPrice,59677.360972175244,-1,59787.10563174557,0,59787.10563174557,0,7.275957614183426e-12,1.2192372082657705e-12,Up,110.79683099409885,110.79683099409885,18.566300969456684,71374.3399399999,0.99,0.52,0.53,3134,3134,0,ok,59784.6823,0,108.37349924851878,18.160221606594085,Up,0,0.4053350356024344,1,0.25,0.0,0.25,-0.25,0.0,0.0,-1.0,-0.25,59811.46334330211,0,135.1545425506265,22.647939402868122,Up,0,-4.073244705525447,5,22.901300000000003,0.0,22.901300000000003,-22.901300000000003,0.0,0.0,-1.0,-22.651300000000003,59810.19583313274,0,133.8870323812589,22.435541854353584,Up,0,-3.861324861219377,9,35.712,0.0,35.712,-35.712,0.0,0.0,-1.0,-22.651300000000003,59755.2575289512,0,78.94872819972079,13.229492538373389,Up,0,5.32833762121046,63,943.729226,773.8871260000001,169.84209999999996,604.0450259999999,0.8200308994139385,0.5714285714285714,0.6400617988278768,600.9652980000001,59813.77183676208,0,137.4630360105948,23.034775235438786,Up,0,-4.459198966226318,441,8983.100564999979,8409.75237599999,573.3481889999998,7836.404186999995,0.9361748001314966,0.7346938775510204,0.8723496002629926,2417.7158839999993,59726.456980074436,0,-10.149250938853509,10.149250938853509,59691.59641801833,0,-15.987658458383034,15.987658458383034,59771.09467165983,0,-2.6783541640532005,2.6783541640532005,60,23.034775235438786,Up,-4.459198966226318
5m,300,btc-up-or-down-5m,btc-updown-5m,btc-updown-5m-1780721100,0x782520488e2e24d8fa71aa719d7d157473f22b96e548c119db5c3fade914b757,1780721100,1780721400,2026-06-06T04:45:00Z,2026-06-06T04:50:00Z,True,59787.10563174558,59771.09467165983,gamma_finalPrice,59787.10563174557,0,59771.09467165983,0,59771.09467165983,0,0.0,0.0,Down,-16.01096008575405,16.01096008575405,2.677995517022085,116811.56502299986,0.01,0.5,0.51,3275,3275,0,ok,59766.29696977183,0,-20.80866197375144,3.4804598339181885,Down,0,-0.802711490469977,227,3312.898092000002,2212.8130029999984,1100.085089,1112.7279139999996,0.6679387477518571,0.6828193832599119,0.3358774955037159,744.4042749999998,59808.47255381056,0,21.366922064982646,3.5738344981258465,Up,1,6.251550199640901,459,5691.881942999996,3484.3123509999973,2207.569591999998,1276.742759000001,0.6121547119024636,0.6753812636165577,0.2243094238049276,744.4042749999998,59835.07048547954,0,47.9648537339599,8.022608424866057,Up,1,10.697746196764284,537,6317.230821999999,3728.2059509999963,2589.0248709999973,1139.1810800000019,0.5901645920577061,0.6480446927374302,0.18032918411541338,744.4042749999998,59887.5817476453,0,100.47611589972075,16.80564978652692,Up,1,19.469898258818876,768,9700.985924000002,4335.511847999997,5365.474075999995,-1029.9622279999983,0.4469145591969211,0.578125,-0.10617088160615684,-828.504951,59974.16216,0,187.0565282544194,31.28710217326471,Up,1,33.91661404825967,813,10239.858724,4874.384647999999,5365.474075999995,-491.0894279999982,0.47602069319330576,0.6014760147601476,-0.047958613613388185,-828.504951,59759.15863545209,0,1.997157358436938,-1.997157358436938,59860.258840223905,0,-14.906491058918904,14.906491058918904,60242.11943779565,0,-78.49588700467541,78.49588700467541,60,31.28710217326471,Up,33.91661404825967
5m,300,btc-up-or-down-5m,btc-updown-5m,btc-updown-5m-1780721400,0x41d3b92a3f30caca08b67c68723734f960f92bcca034491bc1dfe109d80e3c4f,1780721400,1780721700,2026-06-06T04:50:00Z,2026-06-06T04:55:00Z,True,59771.09467165983,60242.11943779565,gamma_finalPrice,59771.09467165983,0,60242.11943779565,0,60242.11943779565,0,0.0,0.0,Up,471.0247661358226,471.0247661358226,78.80477490387283,70082.37524300006,0.99,0.48,0.49,1983,1983,0,ok,60243.9286536927,0,472.8339820328765,79.10746567890256,Up,0,-0.300319568256987,0,0.0,0.0,0.0,0.0,,,,0.0,60219.89481106216,0,448.8001394023304,75.08648484149761,Up,0,3.689897952352197,1,111.22649999999999,0.0,111.22649999999999,-111.22649999999999,0.0,0.0,-1.0,-111.22649999999999,60232.0464600029,0,460.95178834307444,77.11951585883075,Up,0,1.6722220471340967,7,112.97649999999999,0.0,112.97649999999999,-112.97649999999999,0.0,0.0,-1.0,-111.22649999999999,60229.204088626066,0,458.1094169662392,76.64397305800885,Up,0,2.1441366859767013,14,116.33609999999999,0.0,116.33609999999999,-116.33609999999999,0.0,0.0,-1.0,-111.22649999999999,60180.72943294294,0,409.63476128311595,68.53392321712694,Up,0,10.19574121463898,20,151.0211,0.0,151.0211,-151.0211,0.0,0.0,-1.0,-111.22649999999999,60213.37962875444,0,-4.771855134763179,4.771855134763179,60190.29097832043,0,-8.60706225105909,8.60706225105909,60077.53670543102,0,-27.35759730208903,27.35759730208903,60,68.53392321712694,Up,10.19574121463898
5m,300,btc-up-or-down-5m,btc-updown-5m,btc-updown-5m-1780721700,0xcf1452170ab03f9b5676c9cdbe6814f62e75973b37562327ffd0613c2bb6408f,1780721700,1780722000,2026-06-06T04:55:00Z,2026-06-06T05:00:00Z,True,60242.11943779565,60077.53670543102,gamma_finalPrice,60242.11943779565,0,60077.53670543102,0,60077.53670543102,0,0.0,0.0,Down,-164.58273236462992,164.58273236462992,27.320209498036256,45562.89572200002,0.01,0.5,0.51,1430,1430,0,ok,60070.106955,0,-172.01248279564606,28.553524411315145,Down,0,-1.236770062921894,0,0.0,0.0,0.0,0.0,,,,0.0,60071.037055,0,-171.0823827956483,28.399130772997328,Down,0,-1.081935512662996,0,0.0,0.0,0.0,0.0,,,,0.0,60069.88206432692,0,-172.23737346872804,28.590855546935995,Down,0,-1.274208167405525,0,0.0,0.0,0.0,0.0,,,,0.0,60077.47759551598,0,-164.64184227967053,27.330021555711557,Down,0,-0.009838942700899635,4,18.8752,0.0,18.8752,-18.8752,0.0,0.0,-1.0,-16.41,60054.10266362772,0,-188.01677416793245,31.21018581726252,Down,0,-3.9013938748565047,22,37.939099999999996,0.0,37.939099999999996,-37.939099999999996,0.0,0.0,-1.0,-16.41,60036.543620398195,0,6.825692127547314,-6.825692127547314,59962.80776571065,0,19.11506921434472,-19.11506921434472,59879.24410132633,0,33.060704594480036,-33.060704594480036,60,31.21018581726252,Down,-3.9013938748565047
5m,300,btc-up-or-down-5m,btc-updown-5m,btc-updown-5m-1780722000,0xb341db80c52da7b0322cf038311a01206f06d9d144433baee04e05762bbdab2f,1780722000,1780722300,2026-06-06T05:00:00Z,2026-06-06T05:05:00Z,True,60077.53670543102,59879.24410132632,gamma_finalPrice,60077.53670543102,0,59879.24410132633,0,59879.24410132633,0,-7.275957614183426e-12,-1.2110945310322082e-12,Down,-198.29260410469578,198.29260410469578,33.006114261467395,66756.52384200002,0.01,0.5,0.51,1363,1363,0,ok,59874.64723448561,0,-202.88947094541072,33.77126994074467,Down,0,-0.7677189929605016,0,0.0,0.0,0.0,0.0,,,,0.0,59871.5815408851,0,-205.95516454592143,34.28155943805583,Down,0,-1.2797507508764612,1,1.86,0.0,1.86,-1.86,0.0,0.0,-1.0,-1.86,59894.65154265256,0,-182.88516277846065,30.441521541599393,Down,0,2.5727544935192816,2,11.86,0.0,11.86,-11.86,0.0,0.0,-1.0,-10.0,59811.414253702496,0,-266.1224517285227,44.29649854543141,Down,0,-11.334193631726379,5,15.3796,0.0,15.3796,-15.3796,0.0,0.0,-1.0,-10.0,59836.8520697561,0,-240.68463567491563,40.062334255651606,Down,0,-7.082094170776459,9,27.8238,0.0,27.8238,-27.8238,0.0,0.0,-1.0,-11.1375,59843.13016621974,0,6.03294687778794,-6.03294687778794,59875.67056898437,0,0.5968076304592984,-0.5968076304592984,60037.46420022732,0,-26.38834787163119,26.38834787163119,60,40.062334255651606,Down,-7.082094170776459
5m,300,btc-up-or-down-5m,btc-updown-5m,btc-updown-5m-1780722300,0x9e98581ba16c6337e1bece99fbbc4e51e2083b4c1f97beba5b697bd3a94a6220,1780722300,1780722600,2026-06-06T05:05:00Z,2026-06-06T05:10:00Z,True,59879.24410132632,60037.46420022732,gamma_finalPrice,59879.24410132633,0,60037.46420022732,0,60037.46420022732,0,0.0,0.0,Up,158.22009890099434,158.22009890099434,26.423195762668247,80285.02515399996,0.99,0.5,0.51,3482,3482,0,truncated_http_400_at_offset_3500,60031.020125,0,151.77602367367945,25.3470173098457,Up,0,1.0733999466581465,2,87.3378,0.0,87.3378,-87.3378,0.0,0.0,-1.0,-85.1697,60010.48336428149,0,131.23926295516867,21.917321256275134,Up,0,4.495010026826171,3,88.7478,0.0,88.7478,-88.7478,0.0,0.0,-1.0,-85.1697,60010.28198603177,0,131.03788470544532,21.883690529510684,Up,0,4.528567261547898,6,93.48049999999999,0.0,93.48049999999999,-93.48049999999999,0.0,0.0,-1.0,-85.1697,60009.1738232434,0,129.92972191707668,21.698624267402657,Up,0,4.713231119741759,66,1345.5360970000004,891.2574970000002,454.2785999999999,436.9788969999999,0.6623809639794449,0.6060606060606061,0.3247619279588898,509.146999,59932.28394033437,0,53.03983900804451,8.85780036205729,Up,0,17.5344682258453,528,11749.530812999996,10490.028621999994,1259.5021909999982,9230.526431,0.8928040437490105,0.7821969696969697,0.7856080874980215,2521.908493999999,60097.544564514006,0,10.002141742577184,-10.002141742577184,60210.328715,0,28.75140236055468,-28.75140236055468,59867.19866771983,0,-28.400171082172356,28.400171082172356,60,8.85780036205729,Up,17.5344682258453
5m,300,btc-up-or-down-5m,btc-updown-5m,btc-updown-5m-1780722600,0x904875945147aebc1f350f1427e97e94870660416d92434e43425e572f9a2e99,1780722600,1780722900,2026-06-06T05:10:00Z,2026-06-06T05:15:00Z,True,60037.46420022732,59867.19866771983,gamma_finalPrice,60037.46420022732,0,59867.19866771983,0,59867.19866771983,0,0.0,0.0,Down,-170.2655325074884,170.2655325074884,28.359880747069216,70591.28106900009,0.01,0.5,0.51,3301,3301,0,ok,59882.06817290043,0,-155.39602732688945,25.88317634612907,Down,0,2.4834398822354102,1,1.01,0.0,1.01,-1.01,0.0,0.0,-1.0,-1.01,59906.94196981613,0,-130.5222304111885,21.740130458523648,Down,0,6.63637465372438,2,4.0691,0.0,4.0691,-4.0691,0.0,0.0,-1.0,-3.0591,59902.57345980959,0,-134.89074041772983,22.46776112459778,Down,0,5.907132073481405,6,24.1859,0.0,24.1859,-24.1859,0.0,0.0,-1.0,-15.8202,59934.9227043233,0,-102.54149590402085,17.079584767611255,Down,0,11.305984074721216,149,5895.620730999993,5733.521630999992,162.09910000000005,5571.422530999994,0.9725051682602884,0.8389261744966443,0.9450103365205771,2544.634581999999,59958.67096657103,0,-78.79323365628807,13.124010933158255,Down,0,15.267540623523047,534,12515.478866999982,11430.157773999983,1085.321093,10344.836680999984,0.9132816966467256,0.7921348314606742,0.8265633932934513,2544.634581999999,59897.09140552946,0,-4.991928464170479,4.991928464170479,59961.59316652418,0,-15.754897781189246,15.754897781189246,,,,,60,13.124010933158255,Down,15.267540623523047
5m,300,btc-up-or-down-5m,btc-updown-5m,btc-updown-5m-1780722900,0xf85c8994d293f3be2a6276ba8ab8332fc43cadff84401a9dcf2bf710affc3128,1780722900,1780723200,2026-06-06T05:15:00Z,2026-06-06T05:20:00Z,True,59867.19866771983,60116.77191663667,gamma_finalPrice,59867.19866771983,0,,,,,,,Up,249.57324891684402,249.57324891684402,41.68781143444632,109639.18774300009,0.99,0.5,0.51,2310,2310,0,ok,,,,,,,,1,100.0,0.0,100.0,-100.0,0.0,0.0,-1.0,-100.0,,,,,,,,2,115.0,0.0,115.0,-115.0,0.0,0.0,-1.0,-100.0,,,,,,,,3,118.0,0.0,118.0,-118.0,0.0,0.0,-1.0,-100.0,,,,,,,,9,285.2848,0.0,285.2848,-285.2848,0.0,0.0,-1.0,-133.375,,,,,,,,63,2811.006960999998,1847.4940609999996,963.5129000000001,883.9811610000004,0.6572356762655491,0.3492063492063492,0.31447135253109787,1677.1090839999997,,,,,,,,,,,,,60,,,
5m,300,btc-up-or-down-5m,btc-updown-5m,btc-updown-5m-1780723200,0x4fe9a35a26b351f728bacf35324e67da9851846426a8a188058233ee41a47e6b,1780723200,1780723500,2026-06-06T05:20:00Z,2026-06-06T05:25:00Z,True,60116.77191663667,60793.37236829944,gamma_finalPrice,,,,,,,,,Up,676.6004516627654,676.6004516627654,112.5477017629956,68194.80933,0.99,0.5,0.51,2256,2256,0,ok,,,,,,,,0,0.0,0.0,0.0,0.0,,,,0.0,,,,,,,,0,0.0,0.0,0.0,0.0,,,,0.0,,,,,,,,2,14.0605,0.0,14.0605,-14.0605,0.0,0.0,-1.0,-13.8105,,,,,,,,6,29.811199999999996,0.0,29.811199999999996,-29.811199999999996,0.0,0.0,-1.0,-13.8105,,,,,,,,13,68.6026,0.0,68.6026,-68.6026,0.0,0.0,-1.0,-14.374799999999999,,,,,,,,,,,,,60,,,
5m,300,btc-up-or-down-5m,btc-updown-5m,btc-updown-5m-1780723500,0x8423731dcf12be47eb4dc099af390a7f892a24e12bc916ec60859bb18f7f8e0c,1780723500,1780723800,2026-06-06T05:25:00Z,2026-06-06T05:30:00Z,True,60793.37236829944,60721.73117764731,gamma_finalPrice,,,,,,,,,Down,-71.64119065213163,71.64119065213163,11.784375148349026,84176.51205999986,0.01,0.5,0.51,3475,3475,0,truncated_http_400_at_offset_3500,,,,,,,,47,2733.450195,2557.833595,175.61659999999992,2382.2169949999998,0.9357527712334998,0.44680851063829785,0.8715055424669993,2514.818195,,,,,,,,234,5846.198008000001,5498.168513999999,348.029494,5150.139019999998,0.9404690888807128,0.6965811965811965,0.8809381777614257,2514.818195,,,,,,,,394,9162.307205999989,8694.460414999989,467.84679100000005,8226.61362399999,0.9489378842598044,0.7538071065989848,0.8978757685196089,2514.818195,,,,,,,,544,10805.563597999975,10246.720712999977,558.8428850000001,9687.87782799998,0.9482819308838796,0.7647058823529411,0.8965638617677593,2514.818195,,,,,,,,933,14603.063074999967,13290.186312999977,1312.8767619999999,11977.309550999988,0.9100957959808036,0.6902465166130761,0.8201915919616073,2514.818195,,,,,,,,,,,,,60,,,
5m,300,btc-up-or-down-5m,btc-updown-5m,btc-updown-5m-1780723800,0x68db3bfa924daca9cee776930ab7e77d48a839b1fc29778dc5b91b962c95174b,1780723800,1780724100,2026-06-06T05:30:00Z,2026-06-06T05:35:00Z,True,60721.73117764731,60586.035879756295,gamma_finalPrice,,,,,,,,,Down,-135.69529789101216,135.69529789101216,22.347073322732257,68048.70281800005,0.01,0.49,0.5,2646,2646,0,ok,,,,,,,,3,21.4939,0.0,21.4939,-21.4939,0.0,0.0,-1.0,-19.9,,,,,,,,4,24.553,0.0,24.553,-24.553,0.0,0.0,-1.0,-19.9,,,,,,,,10,209.89139999999998,0.0,209.89139999999998,-209.89139999999998,0.0,0.0,-1.0,-172.9728,,,,,,,,222,7810.074893999997,7297.085193999995,512.9897,6784.095493999993,0.9343169294837236,0.8333333333333334,0.8686338589674472,3096.579095000003,,,,,,,,556,13136.93359199997,12263.26379999997,873.6697920000001,11389.594007999973,0.933495150456417,0.8363309352517986,0.8669903009128341,3096.579095000003,,,,,,,,,,,,,60,,,
5m,300,btc-up-or-down-5m,btc-updown-5m,btc-updown-5m-1780724100,0xf201e8c44e749a58eb5a56ba671a5a8076ca279f181bfd2451b5c9d5ef790a50,1780724100,1780724400,2026-06-06T05:35:00Z,2026-06-06T05:40:00Z,True,60586.035879756295,60779.673883868636,gamma_finalPrice,,,,,,,,,Up,193.63800411234115,193.63800411234115,31.960830792205982,75104.08018699965,0.99,0.94,0.95,2110,2110,0,ok,,,,,,,,2,0.5,0.0,0.5,-0.5,0.0,0.0,-1.0,-0.25,,,,,,,,4,7.5197,0.0,7.5197,-7.5197,0.0,0.0,-1.0,-7.0197,,,,,,,,5,7.589,0.0,7.589,-7.589,0.0,0.0,-1.0,-7.0197,,,,,,,,10,71.553,0.0,71.553,-71.553,0.0,0.0,-1.0,-25.7796,,,,,,,,220,7499.682093,7154.462997,345.21909600000004,6809.243900999999,0.9539688360494348,0.8727272727272727,0.9079376720988697,1678.2887800000003,,,,,,,,,,,,,60,,,
5m,300,btc-up-or-down-5m,btc-updown-5m,btc-updown-5m-1780724400,0x0aa4325e441c28cf8fe0c1d7ab7bf62ee4a08c796b8e7c6a9ec13d0a1dc40252,1780724400,1780724700,2026-06-06T05:40:00Z,2026-06-06T05:45:00Z,True,60779.673883868636,60787.8305060218,gamma_finalPrice,,,,,,,,,Up,8.156622153161152,8.156622153161152,1.3419983412128802,68368.01861699998,0.99,0.5,0.51,2894,2894,0,ok,,,,,,,,84,1139.941772,942.5030739999997,197.43869800000004,745.0643759999998,0.8267993130442103,0.7380952380952381,0.6535986260884208,408.0125860000001,,,,,,,,152,1941.1547459999979,1499.4865549999984,441.66819100000015,1057.8183639999997,0.7724714158363137,0.6644736842105263,0.5449428316726279,408.0125860000001,,,,,,,,235,2735.2642929999975,1888.5172159999977,846.7470770000002,1041.7701389999997,0.6904331770911615,0.6425531914893617,0.3808663541823235,408.0125860000001,,,,,,,,500,5678.8401699999995,3561.7920580000014,2117.0481119999977,1444.7439459999998,0.6272041387634267,0.63,0.2544082775268528,684.2657889999998,,,,,,,,739,8286.893783999987,4328.8645400000005,3958.0292439999967,370.83529600000253,0.5223748068737172,0.5696887686062246,0.044749613747432956,684.2657889999998,,,,,,,,,60916.39920180119,0,21.128064967846537,-21.128064967846537,60,,,
5m,300,btc-up-or-down-5m,btc-updown-5m,btc-updown-5m-1780724700,0x85c37f7a1b18f720c5ea9ff9027f07de27bca096c9791da93fc2b8fc35226ce8,1780724700,1780725000,2026-06-06T05:45:00Z,2026-06-06T05:50:00Z,True,60787.8305060218,60916.39920180119,gamma_finalPrice,,,60916.39920180119,0,60916.39920180119,0,0.0,0.0,Up,128.56869577939506,128.56869577939506,21.150400451725073,57674.91622000001,0.99,0.88,0.89,2535,2535,0,ok,60900.87879769915,0,113.04829167735443,18.59719136812352,Up,0,2.548144966115578,1,0.014499999999999999,0.0,0.014499999999999999,-0.014499999999999999,0.0,0.0,-1.0,-0.014499999999999999,60891.23351810325,0,103.40301208144956,17.010479107525672,Up,0,4.132037294227379,3,1.4743,0.0,1.4743,-1.4743,0.0,0.0,-1.0,-1.0,,,,,,,,19,26.316799999999997,0.0,26.316799999999997,-26.316799999999997,0.0,0.0,-1.0,-20.842499999999998,,,,,,,,50,372.1829,0.0,372.1829,-372.1829,0.0,0.0,-1.0,-251.2251,,,,,,,,249,8271.961615999991,7502.872717999991,769.0888980000001,6733.7838199999915,0.9070246050812912,0.6184738955823293,0.8140492101625824,2431.0611,60943.67117618504,0,4.47594930063038,-4.47594930063038,60979.68391304456,-2,10.38338809781006,-10.38338809781006,,,,,60,,,
5m,300,btc-up-or-down-5m,btc-updown-5m,btc-updown-5m-1780725000,0x810d65c99abb4ae4ff64ee27719f653d63b1eee4082229b47cfecf0b55c4ac7d,1780725000,1780725300,2026-06-06T05:50:00Z,2026-06-06T05:55:00Z,True,60916.39920180119,60865.746120285636,gamma_finalPrice,60916.39920180119,0,,,,,,,Down,-50.65308151555655,50.65308151555655,8.315179849642004,78636.09050900002,0.01,0.48,0.49,3372,3372,0,ok,,,,,,,,28,1687.3877770000004,917.3025770000002,770.0852000000001,147.21737699999994,0.5436228645859155,0.75,0.08724572917183097,171.65257699999992,,,,,,,,90,4378.300582999996,3442.917983,935.3826,2507.5353829999995,0.7863594373506729,0.8444444444444444,0.5727188747013449,1290.0988220000002,,,,,,,,150,5457.398129999988,4457.006031000001,1000.392099,3456.613932000002,0.8166906508981434,0.82,0.6333813017962847,1290.0988220000002,,,,,,,,392,9159.211638999972,6609.182947999997,2550.028691,4059.154257000005,0.721588626673726,0.7091836734693877,0.44317725334745023,1290.0988220000002,,,,,,,,749,14402.672049999961,11293.240371000002,3109.4316790000003,8183.80869200001,0.7841073053524142,0.7356475300400535,0.5682146107048263,1290.0988220000002,,,,,,,,,,,,,60,,,
5m,300,btc-up-or-down-5m,btc-updown-5m,btc-updown-5m-1780725300,0x4b54953315d400527910bc405ecf4fb103674a06975ea4f4f69feae3c70608f3,1780725300,1780725600,2026-06-06T05:55:00Z,2026-06-06T06:00:00Z,True,60865.746120285636,60913.333355896975,gamma_finalPrice,,,,,,,,,Up,47.587235611339565,47.587235611339565,7.818393537359342,66008.23117699995,0.99,0.69,0.7,3002,3002,0,ok,,,,,,,,5,10.4064,0.0,10.4064,-10.4064,0.0,0.0,-1.0,-5.3073999999999995,,,,,,,,22,685.984298,255.04399800000002,430.9403,-175.896302,0.3717927636880109,0.3181818181818182,-0.2564144726239783,-319.19510199999996,,,,,,,,88,6161.3953349999965,5266.035637999997,895.3596970000003,4370.675940999998,0.8546823165340679,0.4659090909090909,0.709364633068136,4166.919803,,,,,,,,255,9727.627259999992,8671.695567999997,1055.9316919999997,7615.763875999997,0.8914502309990858,0.6941176470588235,0.7829004619981711,4166.919803,,,,,,,,653,15261.014048999987,13523.468376999987,1737.5456719999977,11785.922704999988,0.8861448088298001,0.6722817764165391,0.7722896176596002,4166.919803,,,,,,,,,,,,,60,,,
5m,300,btc-up-or-down-5m,btc-updown-5m,btc-updown-5m-1780725600,0xc60fd39065db820c3cc5b1c1ec9e3d6600ff273008b8cfea2eb3635ded23f4d6,1780725600,1780725900,2026-06-06T06:00:00Z,2026-06-06T06:05:00Z,True,60913.333355896975,61121.40333294864,gamma_finalPrice,,,,,,,,,Up,208.06997705166577,208.06997705166577,34.15836329888236,65310.975516000006,0.99,0.49,0.5,2107,2107,0,ok,,,,,,,,2,0.5,0.0,0.5,-0.5,0.0,0.0,-1.0,-0.25,,,,,,,,6,1.5,0.0,1.5,-1.5,0.0,0.0,-1.0,-0.5,,,,,,,,7,2.5,0.0,2.5,-2.5,0.0,0.0,-1.0,-1.0,,,,,,,,14,31.395999999999997,0.0,31.395999999999997,-31.395999999999997,0.0,0.0,-1.0,-14.6669,,,,,,,,45,272.4559,0.0,272.4559,-272.4559,0.0,0.0,-1.0,-152.09369999999998,,,,,,,,,,,,,60,,,
5m,300,btc-up-or-down-5m,btc-updown-5m,btc-updown-5m-1780725900,0x83b7d412d23739706da0d709c8aeb55455879157e7b88f94e76748d91f32aa36,1780725900,1780726200,2026-06-06T06:05:00Z,2026-06-06T06:10:00Z,True,61121.40333294864,61085.936395679506,gamma_finalPrice,,,,,,,,,Down,-35.46693726913509,35.46693726913509,5.802703363326733,86674.95912599987,0.01,0.25,0.26,3433,3433,0,truncated_http_400_at_offset_3500,,,,,,,,117,2366.5224519999992,2267.630153999999,98.892298,2168.7378559999984,0.9582119755861922,0.8803418803418803,0.9164239511723843,1529.3011519999998,,,,,,,,176,2977.0924819999987,2621.7868959999973,355.30558600000006,2266.4813099999956,0.8806534939212541,0.7727272727272727,0.7613069878425082,1529.3011519999998,,,,,,,,330,4678.384297999997,3794.608236999997,883.7760610000001,2910.8321759999935,0.8110937441847578,0.6060606060606061,0.6221874883695148,1529.3011519999998,,,,,,,,661,9586.648843999988,7944.102793000003,1642.5460510000007,6301.556742000004,0.8286631671057808,0.6354009077155824,0.6573263342115603,1529.3011519999998,,,,,,,,1058,16637.656735999964,14540.086905999993,2097.569829999999,12442.517075999993,0.8739263669587962,0.7022684310018904,0.7478527339175908,1529.3011519999998,,,,,,,,,,,,,60,,,
5m,300,btc-up-or-down-5m,btc-updown-5m,btc-updown-5m-1780726200,0xfc27f93a4468716d2d2c3a98675cae83764c5eea7cba1849c91952ce790e1149,1780726200,1780726500,2026-06-06T06:10:00Z,2026-06-06T06:15:00Z,True,61085.936395679506,61126.296703270666,gamma_finalPrice,,,,,,,,,Up,40.36030759115965,40.36030759115965,6.607135778312185,76092.84460399991,0.99,0.49,0.5,3463,3463,0,truncated_http_400_at_offset_3500,,,,,,,,128,2075.4618989999985,1917.152899999999,158.308999,1758.843900999999,0.9237234858051231,0.84375,0.8474469716102461,733.4594520000002,,,,,,,,200,3345.653992999997,3102.6144959999974,243.03949699999995,2859.5749989999977,0.9273566550789462,0.815,0.8547133101578924,733.4594520000002,,,,,,,,292,4325.295621999993,3858.174829999996,467.1207919999999,3391.054037999996,0.8920025744312008,0.7363013698630136,0.784005148862401,733.4594520000002,,,,,,,,488,6328.8791819999915,5384.733602999989,944.1455789999998,4440.588023999988,0.8508194655247562,0.6721311475409836,0.7016389310495126,733.4594520000002,,,,,,,,929,10434.484580999973,8584.44214099999,1850.0424399999984,6734.399700999991,0.8226992022808004,0.6544671689989235,0.6453984045615994,908.0280709999998,,,,,,,,,,,,,60,,,
5m,300,btc-up-or-down-5m,btc-updown-5m,btc-updown-5m-1780726500,0x395456f66471cbea39906ed9e00eaafae2e0c77a572f55945f55edbd7ce8ff44,1780726500,1780726800,2026-06-06T06:15:00Z,2026-06-06T06:20:00Z,True,61126.296703270666,61005.36778464454,gamma_finalPrice,,,,,,,,,Down,-120.92891862612305,120.92891862612305,19.783452482514377,77097.76056299996,0.01,0.08,0.09,2237,2237,0,ok,,,,,,,,1,5.0,0.0,5.0,-5.0,0.0,0.0,-1.0,-5.0,,,,,,,,1,5.0,0.0,5.0,-5.0,0.0,0.0,-1.0,-5.0,,,,,,,,1,5.0,0.0,5.0,-5.0,0.0,0.0,-1.0,-5.0,,,,,,,,11,40.903000000000006,0.0,40.903000000000006,-40.903000000000006,0.0,0.0,-1.0,-23.1462,,,,,,,,177,8830.832783000003,7589.347484999998,1241.4852979999998,6347.862186999997,0.8594146975141512,0.480225988700565,0.7188293950283029,2027.8111999999999,,,,,,,,,,,,,60,,,
5m,300,btc-up-or-down-5m,btc-updown-5m,btc-updown-5m-1780726800,0x42efb9a37bfaefbc11747adfcb8dee19b490c9231fe211b5c101b7c8a06eeab0,1780726800,1780727100,2026-06-06T06:20:00Z,2026-06-06T06:25:00Z,True,61005.36778464454,61089.257329353844,gamma_finalPrice,,,,,,,,,Up,83.88954470930184,83.88954470930184,13.751174323780964,70551.27903699996,0.99,0.48,0.49,2519,2519,0,ok,,,,,,,,2,128.70999999999998,0.0,128.70999999999998,-128.70999999999998,0.0,0.0,-1.0,-128.70999999999998,,,,,,,,3,130.09599999999998,0.0,130.09599999999998,-130.09599999999998,0.0,0.0,-1.0,-128.70999999999998,,,,,,,,18,342.7878999999999,0.0,342.7878999999999,-342.7878999999999,0.0,0.0,-1.0,-181.70469999999997,,,,,,,,174,8351.984488000002,7557.380890000002,794.6035979999997,6762.777292000004,0.9048605036154374,0.6206896551724138,0.8097210072308749,3820.2206920000012,,,,,,,,380,10327.432341999996,9203.360851999998,1124.0714899999998,8079.2893620000095,0.891156731627417,0.6605263157894737,0.7823134632548351,3820.2206920000012,,,,,,,,,,,,,60,,,
5m,300,btc-up-or-down-5m,btc-updown-5m,btc-updown-5m-1780727100,0x1ebbc7e94cb055da33371472c1d0f06243ef0c5fad7f4c9e5efe27b4547007b2,1780727100,1780727400,2026-06-06T06:25:00Z,2026-06-06T06:30:00Z,True,61089.257329353844,60997.637627379256,gamma_finalPrice,,,,,,,,,Down,-91.61970197458868,91.61970197458868,14.997678148325553,60409.561099999984,0.01,0.21,0.22,1940,1940,0,ok,,,,,,,,0,0.0,0.0,0.0,0.0,,,,0.0,,,,,,,,0,0.0,0.0,0.0,0.0,,,,0.0,,,,,,,,2,30.939999999999998,0.0,30.939999999999998,-30.939999999999998,0.0,0.0,-1.0,-25.0,,,,,,,,18,223.6185,0.0,223.6185,-223.6185,0.0,0.0,-1.0,-54.4006,,,,,,,,205,7946.262905999993,7109.250408999995,837.012497,6272.237911999997,0.8946658942824565,0.7219512195121951,0.7893317885649129,2619.0054,,,,,,,,,,,,,60,,,
5m,300,btc-up-or-down-5m,btc-updown-5m,btc-updown-5m-1780727400,0x1c5b2e864b27b3c1b926cb07c4d421e0d6c880d12cfd2b31e4c3f017e6bae78e,1780727400,1780727700,2026-06-06T06:30:00Z,2026-06-06T06:35:00Z,True,60997.637627379256,60947.85248959153,gamma_finalPrice,,,,,,,,,Down,-49.785137787723215,49.785137787723215,8.161814083989505,83461.26105899998,0.01,,0.01,3301,3301,0,ok,,,,,,,,26,560.5837640000001,483.47996399999994,77.10379999999998,406.37616399999985,0.8624580215277157,0.5384615384615384,0.7249160430554313,444.30556399999983,,,,,,,,119,6573.362344,6455.158147,118.20419699999998,6336.95395,0.9820176964521218,0.7983193277310925,0.9640353929042437,4660.938523,,,,,,,,209,7596.779709999997,7342.684315999998,254.09539399999997,7088.588922000001,0.966552222955008,0.8277511961722488,0.9331044459100162,4660.938523,,,,,,,,435,9693.932949999986,8689.813272999989,1004.1196770000001,7685.693595999997,0.8964177200132173,0.7402298850574712,0.7928354400264351,4660.938523,,,,,,,,755,13296.446525999976,11202.493587999983,2093.9529379999985,9108.540649999994,0.8425178536306327,0.7033112582781457,0.6850357072612657,4660.938523,,,,,,,,,,,,,60,,,
5m,300,btc-up-or-down-5m,btc-updown-5m,btc-updown-5m-1780727700,0x30fa2521b69e1e0aacbb418d02b04717f33643495763e20a2dbe66f7ffed8827,1780727700,1780728000,2026-06-06T06:35:00Z,2026-06-06T06:40:00Z,True,60947.85248959153,60973.22947756899,gamma_finalPrice,,,,,,,,,Up,25.37698797745543,25.37698797745543,4.163721434120951,78289.34200600012,0.99,0.9,0.91,2331,2331,0,ok,,,,,,,,38,499.53555500000004,398.083455,101.4521,296.6313549999999,0.7969071490817105,0.6052631578947368,0.5938142981634208,175.42818999999997,,,,,,,,144,1419.0863230000016,1230.205524000001,188.88079900000002,1041.3247250000002,0.866899711498382,0.8263888888888888,0.7337994229967637,516.8254890000003,,,,,,,,276,2762.925800000002,2247.8731200000007,515.0526800000001,1732.8204399999988,0.8135843242695838,0.6884057971014492,0.6271686485391673,606.8552319999999,,,,,,,,507,4729.660380000003,3232.6832210000016,1496.9771589999998,1735.7060619999988,0.6834916170027412,0.5562130177514792,0.36698323400548216,606.8552319999999,61010.03388564925,0,62.18139605772012,10.202393278473469,Up,0,-6.0343375283348974,713,6808.563249000003,5091.6699,1716.8933489999986,3374.776550999996,0.7478332379078406,0.605890603085554,0.4956664758156812,606.8552319999999,,,,,,,,,,,,,60,10.202393278473469,Up,-6.0343375283348974
5m,300,btc-up-or-down-5m,btc-updown-5m,btc-updown-5m-1780728000,0x8bf0a35c18a5186f3753e889dfdc7795abc9792b7d7892af670b79d60de69baf,1780728000,1780728300,2026-06-06T06:40:00Z,2026-06-06T06:45:00Z,True,60973.22947756899,60784.30226,gamma_finalPrice,,,,,,,,,Down,-188.92721756899118,188.92721756899118,30.985273240036314,78119.63951100002,0.01,,0.01,1925,1925,0,ok,,,,,,,,1,1.98,0.0,1.98,-1.98,0.0,0.0,-1.0,-1.98,,,,,,,,1,1.98,0.0,1.98,-1.98,0.0,0.0,-1.0,-1.98,,,,,,,,4,4.1407,0.0,4.1407,-4.1407,0.0,0.0,-1.0,-2.1508,,,,,,,,9,6.4947,0.0,6.4947,-6.4947,0.0,0.0,-1.0,-2.1508,,,,,,,,30,1412.6668000000002,0.0,1412.6668000000002,-1412.6668000000002,0.0,0.0,-1.0,-1302.1173000000001,,,,,,,,,,,,,60,,,
5m,300,btc-up-or-down-5m,btc-updown-5m,btc-updown-5m-1780728300,0xe43e1da64f2ead5f41a5b9e45dca0719662a581dcd1d79aba5fe94fe0045ef0b,1780728300,1780728600,2026-06-06T06:45:00Z,2026-06-06T06:50:00Z,True,60784.30226,60782.033291849075,gamma_finalPrice,,,,,,,,,Down,-2.2689681509218644,2.2689681509218644,0.3732819274977501,74396.76354799996,0.01,0.67,0.68,2940,2940,0,ok,,,,,,,,259,2660.775691999998,1421.4026579999997,1239.3730340000002,182.0296239999999,0.5342061197693777,0.5173745173745173,0.06841223953875479,-361.861891,,,,,,,,322,3372.074893999998,1468.7018579999994,1903.373036,-434.67117800000034,0.435548409856878,0.4782608695652174,-0.12890318028624442,-371.81716599999993,,,,,,,,383,3922.0475479999964,1532.2577559999993,2389.789791999998,-857.5320360000005,0.3906780163288323,0.4595300261096606,-0.21864396734233607,-371.81716599999993,,,,,,,,493,5001.616210999994,1651.4505449999976,3350.1656659999985,-1698.7151210000013,0.3301833797979106,0.45841784989858014,-0.3396332404041793,-372.431968,,,,,,,,833,8318.49921699999,2118.217428999999,6200.281787999996,-4082.0643589999936,0.25463937349072924,0.4141656662665066,-0.4907212530185418,-372.431968,,,,,,,,,,,,,60,,,
5m,300,btc-up-or-down-5m,btc-updown-5m,btc-updown-5m-1780728600,0x66de15ae2b74a8c27119418705775dcc79190bb692b9da2ef81f8a6ad5e6856d,1780728600,1780728900,2026-06-06T06:50:00Z,2026-06-06T06:55:00Z,True,60782.033291849075,60795.75849923093,gamma_finalPrice,,,,,,,,,Up,13.72520738185267,13.72520738185267,2.258102705440957,93013.57339000006,0.99,0.5,0.51,3303,3303,0,ok,,,,,,,,76,748.5993789999998,456.01728499999996,292.58209400000004,163.43519100000003,0.6091606509334282,0.6578947368421053,0.2183213018668562,122.35579200000001,,,,,,,,139,1334.8495529999989,793.542262,541.3072910000002,252.23497100000012,0.594480674032934,0.5683453237410072,0.18896134806586726,122.35579200000001,,,,,,,,234,1800.0581759999973,1146.359293000001,653.6988830000004,492.66041,0.6368456910361561,0.5854700854700855,0.27369138207230964,122.35579200000001,,,,,,,,501,4067.029733999999,2480.263797,1586.7659369999978,893.4978599999996,0.6098464872939631,0.4930139720558882,0.2196929745879256,-255.65260299999994,,,,,,,,871,8036.871194999988,5686.705288000002,2350.165906999998,3336.5393810000005,0.7075770097619452,0.5258323765786452,0.4151540195238883,593.8790090000001,,,,,,,,,,,,,60,,,
5m,300,btc-up-or-down-5m,btc-updown-5m,btc-updown-5m-1780728900,0x029e7fd473723a65badefde9c1717a657de5d183f1568a07f14cf798e40e6c02,1780728900,1780729200,2026-06-06T06:55:00Z,2026-06-06T07:00:00Z,True,60795.75849923093,60756.708583818414,gamma_finalPrice,,,,,,,,,Down,-39.049915412513656,39.049915412513656,6.423131543462468,53301.07257800011,0.01,0.3,0.31,2267,2267,0,ok,,,,,,,,41,733.1919159999999,721.391616,11.800300000000002,709.591316,0.9839055781406081,0.8536585365853658,0.967811156281216,583.1717160000002,,,,,,,,62,5251.269200000001,5181.0766,70.19260000000001,5110.884,0.9866332124051076,0.7741935483870968,0.9732664248102153,4286.896084,,,,,,,,108,6432.653361999997,6341.027261999996,91.6261,6249.401161999995,0.9857560955264169,0.8240740740740741,0.9715121910528337,4286.896084,,,,,,,,204,8679.879401999988,8452.615006999995,227.264395,8225.350611999995,0.9738171022344357,0.803921568627451,0.9476342044688706,4286.896084,,,,,,,,429,10534.048104999982,10041.053520999993,492.9945840000001,9548.058936999996,0.9531998924738164,0.7202797202797203,0.9063997849476322,4286.896084,,,,,,,,,,,,,60,,,
5m,300,btc-up-or-down-5m,btc-updown-5m,btc-updown-5m-1780729200,0xe94fee623e542ff167b8cc96c5816f88e3fc750932e7f84ee920cd128ad666bc,1780729200,1780729500,2026-06-06T07:00:00Z,2026-06-06T07:05:00Z,True,60756.708583818414,60740.42554594812,gamma_finalPrice,,,,,,,,,Down,-16.2830378702929,16.2830378702929,2.680039496844902,57329.45787899992,0.01,0.5,0.51,2859,2859,0,ok,,,,,,,,156,2130.387039,1968.6021420000002,161.78489699999994,1806.817245,0.9240584485174387,0.8141025641025641,0.8481168970348771,864.220539,,,,,,,,247,3156.7098170000004,2447.3847310000006,709.325086,1738.0596449999994,0.7752960749892077,0.7044534412955465,0.5505921499784151,864.220539,,,,,,,,332,3672.592117,2644.3071270000014,1028.28499,1616.0221370000006,0.7200111100712253,0.6355421686746988,0.44002222014245,864.220539,,,,,,,,441,5028.049922999997,3372.918920000003,1655.1310029999986,1717.7879170000024,0.6708204913740282,0.5510204081632653,0.3416409827480552,864.220539,,,,,,,,828,9055.754503999988,4934.0781910000005,4121.676312999997,812.4018780000038,0.5448555599448489,0.5024154589371981,0.0897111198896967,864.220539,,,,,,,,,,,,,60,,,
5m,300,btc-up-or-down-5m,btc-updown-5m,btc-updown-5m-1780729500,0x095fd76b5dfde145514e59961c4bf660b6c7348a546a8d9e98422f4169c930e0,1780729500,1780729800,2026-06-06T07:05:00Z,2026-06-06T07:10:00Z,True,60740.42554594812,61018.35693944616,gamma_finalPrice,,,,,,,,,Up,277.93139349803823,277.93139349803823,45.757235152689596,47873.802025999954,0.99,0.78,0.79,1680,1680,0,ok,,,,,,,,0,0.0,0.0,0.0,0.0,,,,0.0,,,,,,,,3,0.75,0.0,0.75,-0.75,0.0,0.0,-1.0,-0.75,,,,,,,,3,0.75,0.0,0.75,-0.75,0.0,0.0,-1.0,-0.75,,,,,,,,5,6.9399999999999995,0.0,6.9399999999999995,-6.9399999999999995,0.0,0.0,-1.0,-5.9399999999999995,,,,,,,,17,40.81999999999999,0.0,40.81999999999999,-40.81999999999999,0.0,0.0,-1.0,-11.879999999999999,,,,,,,,,61060.80664633489,0,6.954456002606303,-6.954456002606303,60,,,
5m,300,btc-up-or-down-5m,btc-updown-5m,btc-updown-5m-1780729800,0x19534fa969cbba364943609c6094664fef56b9c902858b8f06d0fdadad309486,1780729800,1780730100,2026-06-06T07:10:00Z,2026-06-06T07:15:00Z,True,61018.35693944616,61060.80664633489,gamma_finalPrice,,,61060.80664633489,0,61060.80664633489,0,0.0,0.0,Up,42.44970688872854,42.44970688872854,6.956874786198372,69131.05637500004,0.99,0.5,0.51,3059,3059,0,ok,61060.92107143606,0,42.56413198990049,6.975627356229961,Up,0,-0.018739515613992404,60,3665.7582639999982,3477.5677649999984,188.190499,3289.3772659999986,0.9486625998096638,0.85,0.8973251996193277,2375.1577129999987,61067.49475,0,49.13781055383879,8.05295537580642,Up,0,-1.0952586084193845,130,5099.291246999995,4745.620347999997,353.670899,4391.949448999998,0.9306431262956261,0.8153846153846154,0.861286252591252,2375.1577129999987,61065.93544681116,0,47.57850736500404,7.797408804734015,Up,0,-0.8399144022657835,210,7135.791774999995,6576.842775999997,558.948999,6017.8937769999975,0.9216696595662647,0.8285714285714286,0.8433393191325291,2375.1577129999987,61089.3722034635,0,71.01526401734009,11.638344193340822,Up,0,-4.677120888128077,526,10552.83495099998,9080.271368999993,1472.5635819999995,7607.707787000003,0.8604580106826698,0.7262357414448669,0.7209160213653395,2375.1577129999987,,,,,,,,955,15082.988859999956,11987.195300999976,3095.7935589999984,8891.401741999998,0.7947493306707919,0.6575916230366492,0.589498661341584,2375.1577129999987,,,,,,,,,,,,,60,,,
5m,300,btc-up-or-down-5m,btc-updown-5m,btc-updown-5m-1780730100,0x322515ff6a1f208cc5541e826d5ecad7b9a3d80c358800086317f0da108b1c82,1780730100,1780730400,2026-06-06T07:15:00Z,2026-06-06T07:20:00Z,True,61060.80664633489,60969.820673894574,gamma_finalPrice,61060.80664633489,0,,,,,,,Down,-90.98597244031407,90.98597244031407,14.900879539195444,64754.11334899999,0.01,0.37,0.38,2854,2854,0,ok,,,,,,,,6,7.41,0.0,7.41,-7.41,0.0,0.0,-1.0,-5.0,,,,,,,,8,12.51,0.0,12.51,-12.51,0.0,0.0,-1.0,-5.0,,,,,,,,15,48.5955,0.0,48.5955,-48.5955,0.0,0.0,-1.0,-17.1567,,,,,,,,222,7758.381474999988,7460.316974999991,298.0644999999999,7162.252474999992,0.9615816132578092,0.7702702702702703,0.9231632265156184,3333.5849479999983,,,,,,,,546,12195.833338999983,11344.114455999985,851.7188830000002,10492.395572999983,0.9301631254441334,0.6941391941391941,0.8603262508882664,3333.5849479999983,,,,,,,,,,,,,60,,,
5m,300,btc-up-or-down-5m,btc-updown-5m,btc-updown-5m-1780730400,0x93dac90b8636aaf380dd7df12e0b1b48d90fd9b61e6c1207d68e3d87b8657eb1,1780730400,1780730700,2026-06-06T07:20:00Z,2026-06-06T07:25:00Z,True,60969.820673894574,60886.88841874255,gamma_finalPrice,,,,,,,,,Down,-82.93225515202357,82.93225515202357,13.60218124891626,54355.1976029999,0.01,0.5,0.51,1969,1969,0,ok,,,,,,,,1,5.6232,0.0,5.6232,-5.6232,0.0,0.0,-1.0,-5.6232,,,,,,,,2,6.6627,0.0,6.6627,-6.6627,0.0,0.0,-1.0,-5.6232,,,,,,,,2,6.6627,0.0,6.6627,-6.6627,0.0,0.0,-1.0,-5.6232,,,,,,,,8,215.29080000000002,181.01160000000002,34.2792,146.7324,0.8407772185341873,0.25,0.6815544370683745,176.6408,,,,,,,,217,5812.888733999994,5603.031434999994,209.85729899999998,5393.174135999994,0.9638979329205926,0.7880184331797235,0.927795865841185,1749.567331,,,,,,,,,,,,,60,,,
5m,300,btc-up-or-down-5m,btc-updown-5m,btc-updown-5m-1780730700,0xd46e6ef0cedfb5ea748a23e4471e4e096ba63d85325eca0f1536dccbd0a33722,1780730700,1780731000,2026-06-06T07:25:00Z,2026-06-06T07:30:00Z,True,60886.88841874255,60855.07820849667,gamma_finalPrice,,,,,,,,,Down,-31.810210245879716,31.810210245879716,5.224476249649787,59583.777568999954,0.01,0.27,0.28,2189,2189,0,ok,,,,,,,,6,101.5741,0.0,101.5741,-101.5741,0.0,0.0,-1.0,-91.36710000000001,,,,,,,,59,2270.3558829999993,1988.9416829999993,281.4142,1707.5274829999996,0.87604841949794,0.6271186440677966,0.7520968389958801,1489.513059,,,,,,,,173,5471.999641999996,5055.190641999997,416.8089999999999,4638.381642,0.9238287596364577,0.7803468208092486,0.8476575192729159,1568.2711689999999,,,,,,,,278,6852.986805999993,6114.727811999996,738.2589940000001,5376.468818000003,0.8922719370547119,0.7014388489208633,0.7845438741094242,1568.2711689999999,,,,,,,,515,11450.861433999988,10381.715958999996,1069.1454750000005,9312.570484000003,0.906631873840908,0.6213592233009708,0.813263747681816,3368.0319950000003,,,,,,,,,,,,,60,,,
5m,300,btc-up-or-down-5m,btc-updown-5m,btc-updown-5m-1780731000,0x3b092826edddf0f281e5e32710cd4bd34118f869dada904f9c5b66a053e81ec7,1780731000,1780731300,2026-06-06T07:30:00Z,2026-06-06T07:35:00Z,True,60855.07820849667,60983.28494671376,gamma_finalPrice,,,,,,,,,Up,128.20673821708624,128.20673821708624,21.067549659181253,54882.419735999916,0.99,0.5,0.51,2126,2126,0,ok,,,,,,,,4,12.4741,0.0,12.4741,-12.4741,0.0,0.0,-1.0,-11.187,,,,,,,,6,25.9679,0.0,25.9679,-25.9679,0.0,0.0,-1.0,-13.493799999999998,,,,,,,,8,237.0359,0.0,237.0359,-237.0359,0.0,0.0,-1.0,-200.4651,,,,,,,,17,285.2208,0.0,285.2208,-285.2208,0.0,0.0,-1.0,-200.4651,,,,,,,,260,8322.901916999996,7467.938017999995,854.9638989999997,6612.974118999997,0.8972757449834068,0.6884615384615385,0.7945514899668137,3050.532217,,,,,,,,,,,,,60,,,
5m,300,btc-up-or-down-5m,btc-updown-5m,btc-updown-5m-1780731300,0xeb07459073897500c9166e10bfc7d395885beec219550ba05279cb0659b40973,1780731300,1780731600,2026-06-06T07:35:00Z,2026-06-06T07:40:00Z,True,60983.28494671376,60974.46773655411,gamma_finalPrice,,,,,,,,,Down,-8.81721015965013,8.81721015965013,1.445840473722344,64492.24626299992,0.01,0.37,0.38,2521,2521,0,ok,,,,,,,,89,2015.3537269999997,1866.3467269999996,149.007,1717.3397269999998,0.926064095843955,0.8202247191011236,0.8521281916879101,981.7973199999998,,,,,,,,145,2517.6436309999995,2259.3225340000004,258.32109700000007,2001.0014370000001,0.8973956862602532,0.7241379310344828,0.7947913725205061,981.7973199999998,,,,,,,,206,2948.7096089999995,2610.8250120000007,337.884597,2272.940415000001,0.885412725631336,0.7038834951456311,0.7708254512626718,981.7973199999998,,,,,,,,373,4185.236732999998,3540.5557509999976,644.6809819999999,2895.8747689999973,0.8459630785239023,0.6729222520107239,0.6919261570478046,981.7973199999998,,,,,,,,573,6359.524245999995,5232.157170999998,1127.367075,4104.790095999997,0.8227277652555398,0.6143106457242583,0.6454555305110791,981.7973199999998,,,,,,,,,,,,,60,,,
5m,300,btc-up-or-down-5m,btc-updown-5m,btc-updown-5m-1780731600,0xb5c1a515c07a7a74cb0c5ce9bf7a4519b4420f875ecf8a28bea2e357e9242a62,1780731600,1780731900,2026-06-06T07:40:00Z,2026-06-06T07:45:00Z,True,60974.46773655411,61013.115035,gamma_finalPrice,,,,,,,,,Up,38.64729844589601,38.64729844589601,6.33827565545554,69906.67291499994,0.99,0.5,0.51,2593,2593,0,ok,,,,,,,,17,620.70939,387.97999000000004,232.7294,155.25059,0.6250589990269038,0.35294117647058826,0.2501179980538074,373.13009,,,,,,,,78,1731.8971790000019,1299.7117790000016,432.1854,867.5263790000014,0.7504555089987823,0.717948717948718,0.5009110179975647,779.617698,,,,,,,,148,3294.199850000003,2779.9076500000033,514.2922,2265.615450000003,0.8438794780468467,0.8108108108108109,0.6877589560936932,1004.504054,,,,,,,,314,8267.246641999998,7654.779141999999,612.4675,7042.311641999999,0.9259163870969462,0.8152866242038217,0.8518327741938923,1122.327125,,,,,,,,544,11569.073556000008,10658.656070000017,910.4174860000005,9748.238584000008,0.921305929848823,0.7610294117647058,0.8426118596976445,1122.327125,,,,,,,,,,,,,60,,,
5m,300,btc-up-or-down-5m,btc-updown-5m,btc-updown-5m-1780731900,0xf1554d8994eb2c898fa70e413ff15ba0b5894b468c299a21f36facdfc66b7e46,1780731900,1780732200,2026-06-06T07:45:00Z,2026-06-06T07:50:00Z,True,61013.115035,61028.24111101868,gamma_finalPrice,,,,,,,,,Up,15.12607601867785,15.12607601867785,2.479151574214957,75207.46398700002,0.99,0.41,0.42,2939,2939,0,ok,,,,,,,,107,1067.726438,758.93205,308.7943880000001,450.1376620000001,0.7107925991058021,0.7009345794392523,0.42158519821160423,281.93713800000006,,,,,,,,215,3353.6831669999992,2275.4101069999992,1078.27306,1197.1370470000008,0.6784809398186062,0.641860465116279,0.35696187963721293,786.478494,,,,,,,,276,4058.7611190000002,2406.222794,1652.5383249999986,753.6844690000008,0.5928466158641152,0.5833333333333334,0.1856932317282309,786.478494,,,,,,,,516,6805.387419999992,3278.694848000002,3526.6925719999995,-247.99772399999932,0.48177930889936105,0.49806201550387597,-0.03644138220127953,786.478494,,,,,,,,866,11240.793835999992,6922.323909,4318.469927,2603.8539819999974,0.6158216234542463,0.5484988452655889,0.23164324690849167,1793.6485669999993,,,,,,,,,,,,,60,,,
5m,300,btc-up-or-down-5m,btc-updown-5m,btc-updown-5m-1780732200,0xb19dc6359744a494bf887544d8dac6c76371ca1a944f0cc2e22a3ef7b28e740e,1780732200,1780732500,2026-06-06T07:50:00Z,2026-06-06T07:55:00Z,True,61028.24111101868,60963.26606,gamma_finalPrice,,,,,,,,,Down,-64.97505101867864,64.97505101867864,10.646718606961025,45030.206386,0.01,0.5,0.51,1455,1455,0,ok,,,,,,,,3,9.4248,0.0,9.4248,-9.4248,0.0,0.0,-1.0,-5.870699999999999,,,,,,,,3,9.4248,0.0,9.4248,-9.4248,0.0,0.0,-1.0,-5.870699999999999,,,,,,,,3,9.4248,0.0,9.4248,-9.4248,0.0,0.0,-1.0,-5.870699999999999,,,,,,,,32,389.725951,291.649951,98.076,193.57395100000005,0.7483462424086816,0.5625,0.4966924848173635,287.919951,,,,,,,,151,4898.804743999995,4336.319743999997,562.485,3773.834743999997,0.8851791346268856,0.6887417218543046,0.7703582692537707,1053.1195,,,,,,,,,,,,,60,,,
5m,300,btc-up-or-down-5m,btc-updown-5m,btc-updown-5m-1780732500,0xfc702a6f81715bf89ee873fad33bf69ed2d7670670fb2f85d617e84a0604ba14,1780732500,1780732800,2026-06-06T07:55:00Z,2026-06-06T08:00:00Z,True,60963.26606,60972.87901516691,gamma_finalPrice,,,,,,,,,Up,9.61295516690734,9.61295516690734,1.5768438583074398,75124.07727000001,0.99,0.63,0.64,2514,2514,0,ok,,,,,,,,86,1375.0054060000004,1180.530111,194.47529500000005,986.0548160000001,0.8585639778931892,0.7093023255813954,0.7171279557863788,635.2196529999999,,,,,,,,165,2195.5446649999985,1755.4183829999984,440.1262820000002,1315.2921009999998,0.799536630242045,0.7272727272727273,0.5990732604840907,635.2196529999999,,,,,,,,218,2833.5822460000004,1946.3183769999982,887.2638690000001,1059.0545079999995,0.6868755546967095,0.6605504587155964,0.3737511093934202,635.2196529999999,,,,,,,,395,4235.4364540000015,2724.971642000001,1510.4648120000002,1214.5068299999998,0.6433744601283068,0.6,0.2867489202566134,635.2196529999999,,,,,,,,716,7879.001018999992,4658.2771870000015,3220.7238319999997,1437.5533550000011,0.591226879621756,0.5041899441340782,0.18245375924351084,635.2196529999999,,,,,,,,,60868.955562079536,0,-17.05875139675627,17.05875139675627,60,,,
5m,300,btc-up-or-down-5m,btc-updown-5m,btc-updown-5m-1780732800,0xc22014246cef38195ef61833767dc8175b5ee9fdec94e7adb83d7c4a5d3a3c95,1780732800,1780733100,2026-06-06T08:00:00Z,2026-06-06T08:05:00Z,True,60972.87901516691,60868.955562079536,gamma_finalPrice,,,60868.955562079536,0,60868.955562079536,0,0.0,0.0,Down,-103.92345308737276,103.92345308737276,17.044209616790766,50966.486458999956,0.01,0.5,0.51,1601,1601,0,ok,,,,,,,,1,1.0,0.0,1.0,-1.0,0.0,0.0,-1.0,-1.0,,,,,,,,2,26.0,0.0,26.0,-26.0,0.0,0.0,-1.0,-25.0,,,,,,,,3,31.939999999999998,0.0,31.939999999999998,-31.939999999999998,0.0,0.0,-1.0,-25.0,,,,,,,,3,31.939999999999998,0.0,31.939999999999998,-31.939999999999998,0.0,0.0,-1.0,-25.0,,,,,,,,19,362.6247,0.0,362.6247,-362.6247,0.0,0.0,-1.0,-154.45989999999998,60890.0880211542,0,-3.471193377501359,3.471193377501359,60966.65399691203,0,-16.037750560273153,16.037750560273153,,,,,60,,,
5m,300,btc-up-or-down-5m,btc-updown-5m,btc-updown-5m-1780733100,0x7deb3156440dcac51f72878b7a5a25aa343c15d65522ba6679ab14f160b2750b,1780733100,1780733400,2026-06-06T08:05:00Z,2026-06-06T08:10:00Z,True,60868.955562079536,61068.73690883918,gamma_finalPrice,60868.955562079536,0,,,,,,,Up,199.78134675964247,199.78134675964247,32.82154998632888,53490.208476000036,0.99,0.75,0.76,1683,1683,0,ok,,,,,,,,0,0.0,0.0,0.0,0.0,,,,0.0,,,,,,,,0,0.0,0.0,0.0,0.0,,,,0.0,,,,,,,,0,0.0,0.0,0.0,0.0,,,,0.0,,,,,,,,4,36.8676,0.0,36.8676,-36.8676,0.0,0.0,-1.0,-22.4334,,,,,,,,37,455.48970299999996,110.859903,344.62979999999993,-233.7698969999999,0.243386189127529,0.10810810810810811,-0.5132276217449419,-114.296,,,,,,,,,,,,,60,,,
5m,300,btc-up-or-down-5m,btc-updown-5m,btc-updown-5m-1780733400,0x2babfd3bd9ee1fc64d30aeabb1d57185b680cd85adb78c0081705123b7f8fb43,1780733400,1780733700,2026-06-06T08:10:00Z,2026-06-06T08:15:00Z,True,61068.73690883918,61111.14335500001,gamma_finalPrice,,,,,,,,,Up,42.40644616082864,42.40644616082864,6.94405162237614,62843.56851199993,0.99,0.5,0.51,2851,2851,0,ok,,,,,,,,20,132.31169999999997,0.0,132.31169999999997,-132.31169999999997,0.0,0.0,-1.0,-53.51939999999999,,,,,,,,84,2184.5212259999985,1854.5469259999998,329.97430000000014,1524.5726259999997,0.8489489156375911,0.5238095238095238,0.6978978312751816,838.7097460000001,,,,,,,,193,6244.27308399999,5832.957784999993,411.31529900000015,5421.642485999995,0.9341291943086328,0.7253886010362695,0.8682583886172656,2356.1374719999994,,,,,,,,285,7933.863172999986,7373.19867599999,560.6644970000001,6812.534178999993,0.9293327242007382,0.7368421052631579,0.8586654484014763,2356.1374719999994,,,,,,,,668,11629.018351999972,10215.529194999977,1413.4891569999995,8802.040037999996,0.8784515498888261,0.6826347305389222,0.7569030997776532,2356.1374719999994,,,,,,,,,,,,,60,,,
5m,300,btc-up-or-down-5m,btc-updown-5m,btc-updown-5m-1780733700,0x2d5b4e53a2278417448f27d1aced4fe52a0baa4974cd6956e8182e659331a91a,1780733700,1780734000,2026-06-06T08:15:00Z,2026-06-06T08:20:00Z,True,61111.14335500001,61053.74448922708,gamma_finalPrice,,,,,,,,,Down,-57.39886577292782,57.39886577292782,9.39253671617511,72431.70926999973,0.01,0.33,0.34,2567,2567,0,ok,,,,,,,,3,11.0,0.0,11.0,-11.0,0.0,0.0,-1.0,-10.0,,,,,,,,5,24.067999999999998,0.0,24.067999999999998,-24.067999999999998,0.0,0.0,-1.0,-10.0,,,,,,,,9,305.584,274.3686,31.215399999999995,243.1532,0.8978500183255668,0.2222222222222222,0.7957000366511335,267.2212,,,,,,,,84,1311.24487,1201.70317,109.5417,1092.16147,0.9164597684946519,0.6904761904761905,0.8329195369893039,267.2212,,,,,,,,416,10131.517439000016,8349.915645999989,1781.6017929999998,6568.31385299998,0.8241525217000591,0.75,0.6483050434001202,2706.959562,,,,,,,,,,,,,60,,,
5m,300,btc-up-or-down-5m,btc-updown-5m,btc-updown-5m-1780734000,0x039d18468316913c8eaed8e59a521837accc6304ae5d757a6d9c9af405819ad0,1780734000,1780734300,2026-06-06T08:20:00Z,2026-06-06T08:25:00Z,True,61053.74448922708,61107.99671739222,gamma_finalPrice,,,,,,,,,Up,54.25222816513997,54.25222816513997,8.885978840284361,65230.82429299991,0.99,0.5,0.51,2540,2540,0,ok,,,,,,,,6,29.3535,0.0,29.3535,-29.3535,0.0,0.0,-1.0,-14.018400000000002,,,,,,,,25,173.68293000000006,126.10473000000003,47.5782,78.52653000000001,0.7260628894273029,0.6,0.4521257788546058,118.60474000000002,,,,,,,,86,1137.74592,802.2885210000002,335.457399,466.8311220000001,0.7051561397820703,0.6511627906976745,0.41031227956414035,318.9922149999999,,,,,,,,287,8962.679319999985,8298.13702199999,664.542298,7633.594723999991,0.9258545046326621,0.7979094076655052,0.8517090092653237,3227.3473000000017,,,,,,,,552,12959.621387999974,11718.605207999975,1241.0161799999998,10477.589027999971,0.9042397811753109,0.7391304347826086,0.8084795623506214,3227.3473000000017,,,,,,,,,,,,,60,,,
5m,300,btc-up-or-down-5m,btc-updown-5m,btc-updown-5m-1780734300,0x8f950956a97fbc4255a2a861136009eabcd1480a058758b4dd63b25f63984c24,1780734300,1780734600,2026-06-06T08:25:00Z,2026-06-06T08:30:00Z,True,61107.99671739222,61376.39466452826,gamma_finalPrice,,,,,,,,,Up,268.3979471360435,268.3979471360435,43.92190246021493,43799.82349200006,0.99,0.74,0.75,1777,1777,0,ok,,,,,,,,0,0.0,0.0,0.0,0.0,,,,0.0,,,,,,,,0,0.0,0.0,0.0,0.0,,,,0.0,,,,,,,,0,0.0,0.0,0.0,0.0,,,,0.0,,,,,,,,0,0.0,0.0,0.0,0.0,,,,0.0,,,,,,,,31,41.6044,0.0,41.6044,-41.6044,0.0,0.0,-1.0,-18.5231,,,,,,,,,,,,,60,,,
5m,300,btc-up-or-down-5m,btc-updown-5m,btc-updown-5m-1780734600,0x4c1bcba1b154bc7af50de10a71968436cd3a2fad7d7eb60ad9b4932fc2d9589d,1780734600,1780734900,2026-06-06T08:30:00Z,2026-06-06T08:35:00Z,True,61376.39466452826,61306.511892537674,gamma_finalPrice,,,,,,,,,Down,-69.88277199058939,69.88277199058939,11.385936298890702,73911.18375199985,0.01,0.5,0.51,3331,3331,0,ok,,,,,,,,3,13.8997,0.0,13.8997,-13.8997,0.0,0.0,-1.0,-11.1375,,,,,,,,11,79.31890000000001,0.0,79.31890000000001,-79.31890000000001,0.0,0.0,-1.0,-30.9078,,,,,,,,75,2787.592527999999,2696.3628279999994,91.22970000000002,2605.1331279999995,0.9672729428409489,0.7866666666666666,0.9345458856818977,1387.0239620000004,,,,,,,,199,5441.905002999999,5106.280604,335.624399,4770.656205,0.9383259357127739,0.7638190954773869,0.8766518714255478,1387.0239620000004,,,,,,,,495,8938.82633999999,8111.262247999994,827.5640919999998,7283.698155999992,0.9074191554324348,0.7616161616161616,0.8148383108648691,1387.0239620000004,,,,,,,,,,,,,60,,,
5m,300,btc-up-or-down-5m,btc-updown-5m,btc-updown-5m-1780734900,0x2796bcfd54e0f3214b13f9e622c1bc1c6af31b04a1ae5f7bae65fb9bd8324398,1780734900,1780735200,2026-06-06T08:35:00Z,2026-06-06T08:40:00Z,True,61306.511892537674,61311.13733046469,gamma_finalPrice,,,,,,,,,Up,4.625437927017629,4.625437927017629,0.7544774256812097,93373.29365200002,0.99,0.36,0.37,2905,2905,0,ok,,,,,,,,55,621.290067,490.9188720000002,130.37119500000003,360.54767700000025,0.7901605032420391,0.7090909090909091,0.5803210064840779,327.0214910000001,,,,,,,,108,1012.4114409999999,771.77775,240.63369100000003,531.1440590000004,0.7623163061429686,0.6759259259259259,0.5246326122859377,327.0214910000001,,,,,,,,203,2011.202394999998,1506.888919,504.31347600000004,1002.5754430000006,0.7492477747372618,0.6847290640394089,0.498495549474523,327.0214910000001,,,,,,,,360,3487.099426000001,2267.5912800000015,1219.5081459999997,1048.0831340000009,0.650280076069159,0.6361111111111111,0.30056015213831777,327.0214910000001,,,,,,,,638,5856.683418999991,3172.9330220000033,2683.7503970000002,489.1826250000018,0.5417627682770961,0.5721003134796239,0.08352553655418993,327.0214910000001,,,,,61300.50349919709,0,-1.734554928440082,1.734554928440082,,,,,60,,,
5m,300,btc-up-or-down-5m,btc-updown-5m,btc-updown-5m-1780735200,0x42ed89f1e2f73fd3d89a2fae20fb86cff471ea7f850bc31cd7730cf71b6ec9d2,1780735200,1780735500,2026-06-06T08:40:00Z,2026-06-06T08:45:00Z,True,61311.13733046469,61330.727795000006,gamma_finalPrice,,,,,,,,,Up,19.590464535314823,19.590464535314823,3.1952538133036037,61108.35268899995,0.99,0.5,0.51,2482,2482,0,ok,,,,,,,,69,1625.1614429999995,1274.140144,351.02129900000006,923.1188450000002,0.7840083515936579,0.7391304347826086,0.5680167031873156,741.8192899999999,,,,,,,,120,2964.1927329999985,2578.7906359999997,385.402097,2193.388539,0.8699807564098772,0.7916666666666666,0.739961512819754,741.8192899999999,,,,,,,,206,3950.8598599999978,3373.5396679999985,577.3201919999997,2796.2194759999975,0.8538747987887377,0.7281553398058253,0.7077495975774749,741.8192899999999,,,,,,,,478,10836.995545999976,9694.941862999975,1142.0536830000003,8552.888179999989,0.8946152853757015,0.6610878661087866,0.7892305707514045,2176.882707999999,,,,,,,,759,13444.007582999977,11769.968417999975,1674.0391649999974,10095.92925299999,0.8754806440962712,0.6824769433465085,0.7509612881925437,2176.882707999999,,,,,,,,,,,,,60,,,
5m,300,btc-up-or-down-5m,btc-updown-5m,btc-updown-5m-1780735500,0xaa8d169eb136ccb50dc711caecaa2ac77881c6633b24aa53aa8aa11106f1b862,1780735500,1780735800,2026-06-06T08:45:00Z,2026-06-06T08:50:00Z,True,61330.727795000006,61329.45020113227,gamma_finalPrice,,,,,,,,,Down,-1.2775938677368686,1.2775938677368686,0.2083121974367023,78696.63451300007,0.01,0.21,0.22,3072,3072,0,ok,,,,,,,,90,969.8414049999999,920.0950059999999,49.746399000000004,870.3486069999999,0.9487066661172298,0.8444444444444444,0.8974133322344595,584.411452,,,,,,,,129,1383.3667859999994,1262.4205909999994,120.94619500000002,1141.4743959999998,0.9125711299244682,0.813953488372093,0.8251422598489366,584.411452,,,,,,,,179,1982.4987559999988,1669.460281,313.03847500000006,1356.4218060000014,0.8420990308051426,0.7039106145251397,0.6841980616102854,584.411452,,,,,,,,239,2958.168530000001,1881.5201689999994,1076.6483609999996,804.8718080000012,0.636042250439328,0.6317991631799164,0.27208450087865715,584.411452,,,,,,,,691,7199.802307999995,3696.964894000001,3502.8374139999987,194.12748,0.5134814451630363,0.5021707670043415,0.026962890326071454,584.411452,,,,,,,,,,,,,60,,,
5m,300,btc-up-or-down-5m,btc-updown-5m,btc-updown-5m-1780735800,0xff133bdddb98dea47f7d6b2710dc86f4caac2bcbeb2bef2f0170b1d97c871dd7,1780735800,1780736100,2026-06-06T08:50:00Z,2026-06-06T08:55:00Z,True,61329.45020113227,61392.48287915771,gamma_finalPrice,,,,,,,,,Up,63.032678025439964,63.032678025439964,10.277717771596173,50074.77117500005,0.99,0.99,1.0,1697,1697,0,ok,,,,,,,,0,0.0,0.0,0.0,0.0,,,,0.0,,,,,,,,2,2.2894,0.0,2.2894,-2.2894,0.0,0.0,-1.0,-2.0394,,,,,,,,5,13.4794,0.0,13.4794,-13.4794,0.0,0.0,-1.0,-10.94,,,,,,,,10,69.0879,0.0,69.0879,-69.0879,0.0,0.0,-1.0,-54.6085,,,,,,,,82,2415.260302999999,2236.182003,179.0783,2057.1037029999998,0.9258554865587093,0.5609756097560976,0.8517109731174183,1521.0656999999997,,,,,,,,,,,,,60,,,
5m,300,btc-up-or-down-5m,btc-updown-5m,btc-updown-5m-1780736100,0xbdff8012c78d1e406b9a0f00d12e7dad79d6d2e66633c77cc5ba59a419916cfc,1780736100,1780736400,2026-06-06T08:55:00Z,2026-06-06T09:00:00Z,True,61392.48287915771,61223.455953394165,gamma_finalPrice,,,,,,,,,Down,-169.02692576354457,169.02692576354457,27.532186000075903,68555.74372299995,0.01,0.31,0.32,2224,2224,0,ok,,,,,,,,2,0.712,0.0,0.712,-0.712,0.0,0.0,-1.0,-0.712,,,,,,,,3,26.313399999999998,0.0,26.313399999999998,-26.313399999999998,0.0,0.0,-1.0,-25.601399999999998,,,,,,,,3,26.313399999999998,0.0,26.313399999999998,-26.313399999999998,0.0,0.0,-1.0,-25.601399999999998,,,,,,,,9,148.15279999999998,0.0,148.15279999999998,-148.15279999999998,0.0,0.0,-1.0,-95.97059999999999,,,,,,,,29,657.9201,0.0,657.9201,-657.9201,0.0,0.0,-1.0,-233.7291,,,,,,,,,,,,,60,,,
5m,300,btc-up-or-down-5m,btc-updown-5m,btc-updown-5m-1780736400,0xb34fc26c0e019b3fdd0b190d8bd433baac1c6a9fe99ca71af559a1189231eb31,1780736400,1780736700,2026-06-06T09:00:00Z,2026-06-06T09:05:00Z,True,61223.455953394165,61173.58310709877,gamma_finalPrice,,,,,,,,,Down,-49.87284629539499,49.87284629539499,8.146035782978386,70662.29275600002,0.01,,0.01,3209,3209,0,ok,,,,,,,,7,14.9343,0.0,14.9343,-14.9343,0.0,0.0,-1.0,-14.4467,,,,,,,,17,27.451300000000003,0.0,27.451300000000003,-27.451300000000003,0.0,0.0,-1.0,-14.4467,,,,,,,,21,53.081100000000006,0.0,53.081100000000006,-53.081100000000006,0.0,0.0,-1.0,-25.0853,,,,,,,,36,114.93889999999999,0.0,114.93889999999999,-114.93889999999999,0.0,0.0,-1.0,-39.4718,,,,,,,,337,8914.279035999982,7558.429038999988,1355.8499970000003,6202.5790419999985,0.8479013286969765,0.7002967359050445,0.6958026573939536,2446.6825,,,,,,,,,,,,,60,,,
5m,300,btc-up-or-down-5m,btc-updown-5m,btc-updown-5m-1780736700,0x4a5393c035df5be8d9f6ca570ed6a1e1aee1480ebda4c0429411ff1a2c5c148f,1780736700,1780737000,2026-06-06T09:05:00Z,2026-06-06T09:10:00Z,True,61173.58310709877,61179.805889691175,gamma_finalPrice,,,,,,,,,Up,6.222782592405565,6.222782592405565,1.0172336286908548,74818.44131999984,0.99,0.5,0.51,2999,2999,0,ok,,,,,,,,86,1014.7760489999997,745.8334619999999,268.94258700000006,476.8908750000001,0.7349734581684043,0.627906976744186,0.46994691633680863,457.73560000000003,,,,,,,,131,1315.6900259999986,914.296042,401.3939840000001,512.9020579999999,0.6949175139524855,0.648854961832061,0.38983502790496977,457.73560000000003,,,,,,,,251,2346.5586639999983,1627.9322289999998,718.6264349999999,909.3057940000002,0.6937530495082482,0.5338645418326693,0.38750609901649613,457.73560000000003,,,,,,,,487,4432.3057649999955,2305.5484849999966,2126.7572799999994,178.79120499999993,0.5201690964567285,0.49691991786447637,0.04033819291345757,457.73560000000003,,,,,,,,832,7151.847755999986,4025.958427999996,3125.8893280000034,900.0691000000003,0.5629256333962717,0.5216346153846154,0.12585126679254247,457.73560000000003,,,,,,,,,,,,,60,,,
5m,300,btc-up-or-down-5m,btc-updown-5m,btc-updown-5m-1780737000,0xcd4f2418c8bc072475e66a8495ae036f3fde9800075e231cc79762601a458764,1780737000,1780737300,2026-06-06T09:10:00Z,2026-06-06T09:15:00Z,True,61179.805889691175,61195.640546769326,gamma_finalPrice,,,,,,,,,Up,15.834657078150485,15.834657078150485,2.5882162991332134,60587.729407000035,0.99,0.98,0.99,2691,2691,0,ok,,,,,,,,65,1141.3547630000003,1119.0660640000006,22.288699,1096.7773650000004,0.9804717168381416,0.8461538461538461,0.9609434336762829,687.3480810000001,,,,,,,,82,1307.5940010000002,1280.2053020000005,27.388699000000003,1252.8166030000004,0.9790541261438537,0.8536585365853658,0.958108252287707,687.3480810000001,,,,,,,,124,1701.4250769999996,1664.916379,36.508698,1628.407681,0.9785422828818459,0.8709677419354839,0.9570845657636914,687.3480810000001,,,,,,,,332,4666.240365999997,4259.8060799999985,406.43428600000004,3853.3717939999988,0.9128989820238508,0.6596385542168675,0.8257979640477014,687.3480810000001,,,,,,,,615,9044.784264999998,8208.648290000001,836.135975,7372.512315000008,0.9075560068098543,0.6845528455284553,0.815112013619709,721.080476,,,,,,,,,,,,,60,,,
5m,300,btc-up-or-down-5m,btc-updown-5m,btc-updown-5m-1780737300,0x5bdc2ad4d51bd9a39e750abf722a6733e08cb0b62f9e8d0f0c2f211545604799,1780737300,1780737600,2026-06-06T09:15:00Z,2026-06-06T09:20:00Z,True,61195.640546769326,61170.11324168284,gamma_finalPrice,,,,,,,,,Down,-25.527305086485285,25.527305086485285,4.1714254248185885,63743.3840729999,0.01,0.5,0.51,2974,2974,0,ok,,,,,,,,93,4580.427125,4246.103227000001,334.32389800000004,3911.7793290000004,0.9270103226454021,0.8387096774193549,0.8540206452908036,3109.3831860000005,,,,,,,,206,6327.649973999992,5952.075278999995,375.5746950000001,5576.500583999995,0.940645469243208,0.8737864077669902,0.8812909384864154,3109.3831860000005,,,,,,,,287,7416.144044999993,6760.470658999995,655.673386,6104.797272999994,0.9115883696404122,0.759581881533101,0.8231767392808239,3109.3831860000005,,,,,,,,504,9986.670518999985,7932.443276999995,2054.227241999999,5878.216034999997,0.79430309249797,0.6825396825396826,0.5886061849959392,3109.3831860000005,,,,,,,,1065,14555.344938999957,10567.505402999988,3987.839536000004,6579.665867000001,0.7260223270068406,0.615962441314554,0.45204465401367977,3109.3831860000005,,,,,,,,,,,,,60,,,
5m,300,btc-up-or-down-5m,btc-updown-5m,btc-updown-5m-1780737600,0x7e4f5926962c1bc331e57b0698c541062a91457625302ad058f4fe546854fd6d,1780737600,1780737900,2026-06-06T09:20:00Z,2026-06-06T09:25:00Z,True,61170.11324168284,61146.840495,gamma_finalPrice,,,,,,,,,Down,-23.272746682843717,23.272746682843717,3.80459434346528,52689.57643399997,0.02,0.09,0.1,2438,2438,0,ok,,,,,,,,102,3059.8857229999994,2901.9409229999997,157.94480000000001,2743.996122999999,0.9483821245960956,0.9019607843137255,0.896764249192191,1936.6455690000005,,,,,,,,140,3581.8256549999983,3285.7952549999986,296.03040000000004,2989.764854999998,0.9173520912200849,0.8785714285714286,0.8347041824401694,1936.6455690000005,,,,,,,,179,3939.778678999999,3633.437178999999,306.34150000000005,3327.095678999998,0.9222439824772705,0.8715083798882681,0.8444879649545408,1936.6455690000005,,,,,,,,250,4678.713068999995,4309.535972999996,369.1770960000002,3940.358876999996,0.9210943072260457,0.844,0.8421886144520909,1936.6455690000005,,,,,,,,540,7695.312061999986,6867.6576969999915,827.654365,6040.0033319999975,0.8924469393402494,0.6592592592592592,0.784893878680499,1936.6455690000005,,,,,,,,,61283.070364445055,0,-22.254353484806185,22.254353484806185,60,,,
5m,300,btc-up-or-down-5m,btc-updown-5m,btc-updown-5m-1780737900,0xfcd68b7795a020fc6b79ccd0815c70d8c3a14da8f3464d51658c65be57ea0da8,1780737900,1780738200,2026-06-06T09:25:00Z,2026-06-06T09:30:00Z,True,61146.840495,61283.070364445055,gamma_finalPrice,,,61283.070364445055,0,61283.070364445055,0,0.0,0.0,Up,136.22986944505828,136.22986944505828,22.279134676827308,66229.19261999986,0.99,0.5,0.51,2229,2229,0,ok,,,,,,,,0,0.0,0.0,0.0,0.0,,,,0.0,,,,,,,,0,0.0,0.0,0.0,0.0,,,,0.0,,,,,,,,3,16.0566,0.0,16.0566,-16.0566,0.0,0.0,-1.0,-10.899899999999999,,,,,,,,11,104.49719999999999,0.0,104.49719999999999,-104.49719999999999,0.0,0.0,-1.0,-39.1929,,,,,,,,49,1480.196917,365.742018,1114.4548989999996,-748.7128809999999,0.24709010929523506,0.40816326530612246,-0.5058197814095298,-738.0054,61257.86895482409,0,-4.113141308734886,4.113141308734886,61252.31605456395,0,-5.019661899413607,5.019661899413607,,,,,60,,,
5m,300,btc-up-or-down-5m,btc-updown-5m,btc-updown-5m-1780738200,0x377dfbe38b57f336081f3079d696a34a1cfb76281bc0028d9db19a5fc3c001df,1780738200,1780738500,2026-06-06T09:30:00Z,2026-06-06T09:35:00Z,True,61283.070364445055,61232.11598560443,gamma_finalPrice,61283.070364445055,0,,,,,,,Down,-50.95437884062267,50.95437884062267,8.31459300873821,64261.92961500003,0.01,0.11,0.12,2510,2510,0,ok,,,,,,,,4,1704.0969,0.0,1704.0969,-1704.0969,0.0,0.0,-1.0,-1640.3409,,,,,,,,5,1709.5914,0.0,1709.5914,-1709.5914,0.0,0.0,-1.0,-1640.3409,,,,,,,,8,1746.162,0.0,1746.162,-1746.162,0.0,0.0,-1.0,-1640.3409,,,,,,,,117,7308.439352999995,4868.163754999995,2440.2755979999997,2427.8881569999985,0.6661016832549473,0.6666666666666666,0.3322033665098952,2178.049506,,,,,,,,512,12425.009226999984,8860.656649999979,3564.352577000001,5296.304072999995,0.7131307903373995,0.65625,0.4262615806748005,2178.049506,,,,,,,,,,,,,60,,,
5m,300,btc-up-or-down-5m,btc-updown-5m,btc-updown-5m-1780738500,0x92af3288a2e72c5ad866fd85bf63aab4687d0c733ced0a3e8ea0358ff3c80fae,1780738500,1780738800,2026-06-06T09:35:00Z,2026-06-06T09:40:00Z,True,61232.11598560443,61223.29222897173,gamma_finalPrice,,,,,,,,,Down,-8.823756632700679,8.823756632700679,1.441034086552738,87107.53823699988,0.01,0.5,0.51,3126,3126,0,ok,,,,,,,,104,1332.4994109999996,1189.689715,142.80969600000003,1046.8800189999997,0.8928256967161994,0.7788461538461539,0.7856513934323983,500.49004,,,,,,,,172,2493.9970579999995,2097.8114749999995,396.1855830000001,1701.6258919999993,0.841144326241623,0.7093023255813954,0.6822886524832459,500.49004,,,,,,,,306,4208.129854,2934.447800000001,1273.6820540000003,1660.7657459999991,0.6973282436165054,0.6405228758169934,0.39465648723301,500.49004,,,,,,,,563,6669.274727000001,4290.338717000001,2378.936009999999,1911.4027070000002,0.6432991431033609,0.5399644760213144,0.28659828620672145,500.49004,,,,,,,,964,11789.533454999977,6455.950420999996,5333.583034,1122.367387,0.5476001612482815,0.524896265560166,0.0952003224965616,-648.09451,,,,,,,,,,,,,60,,,
5m,300,btc-up-or-down-5m,btc-updown-5m,btc-updown-5m-1780738800,0x15c2d100a6fdde14a99c3c06a06988f1bb96d199f1d2f61813540d6c82af295f,1780738800,1780739100,2026-06-06T09:40:00Z,2026-06-06T09:45:00Z,True,61223.29222897173,61071.82640524837,gamma_finalPrice,,,,,,,,,Down,-151.4658237233598,151.4658237233598,24.73990179373007,50758.079205,0.01,0.01,0.02,1444,1444,0,ok,,,,,,,,2,1.022,0.0,1.022,-1.022,0.0,0.0,-1.0,-1.022,,,,,,,,2,1.022,0.0,1.022,-1.022,0.0,0.0,-1.0,-1.022,,,,,,,,2,1.022,0.0,1.022,-1.022,0.0,0.0,-1.0,-1.022,,,,,,,,3,6.022,0.0,6.022,-6.022,0.0,0.0,-1.0,-5.0,,,,,,,,35,47.3098,0.0,47.3098,-47.3098,0.0,0.0,-1.0,-15.0579,,,,,,,,,,,,,60,,,
5m,300,btc-up-or-down-5m,btc-updown-5m,btc-updown-5m-1780739100,0x1e696b1930b2dbf633edfd95f4e9b3fe13024cdb0fd5437c57d3eb7ca9b2406e,1780739100,1780739400,2026-06-06T09:45:00Z,2026-06-06T09:50:00Z,True,61071.82640524837,60869.487196818445,gamma_finalPrice,,,,,,,,,Down,-202.33920842992666,202.33920842992666,33.13135046711786,54138.37401099985,0.01,,0.01,2091,2091,0,ok,,,,,,,,1,460.4589,0.0,460.4589,-460.4589,0.0,0.0,-1.0,-460.4589,,,,,,,,5,461.4589,0.0,461.4589,-461.4589,0.0,0.0,-1.0,-460.4589,,,,,,,,7,461.80890000000005,0.0,461.80890000000005,-461.80890000000005,0.0,0.0,-1.0,-460.4589,,,,,,,,9,483.52950000000004,0.0,483.52950000000004,-483.52950000000004,0.0,0.0,-1.0,-460.4589,,,,,,,,17,490.33420000000007,0.0,490.33420000000007,-490.33420000000007,0.0,0.0,-1.0,-460.4589,,,,,,,,,,,,,60,,,
5m,300,btc-up-or-down-5m,btc-updown-5m,btc-updown-5m-1780739400,0xbf2117f6c728b9d563378569f89c620e1e10eb1fb68b3d59fc9f92776edce865,1780739400,1780739700,2026-06-06T09:50:00Z,2026-06-06T09:55:00Z,True,60869.487196818445,60909.14706443314,gamma_finalPrice,,,,,,,,,Up,39.65986761469685,39.65986761469685,6.515558030981705,58562.67856999991,0.99,0.76,0.77,2565,2565,0,ok,,,,,,,,3,18.8793,0.0,18.8793,-18.8793,0.0,0.0,-1.0,-13.3749,,,,,,,,45,3546.468783,3481.861383,64.6074,3417.253983,0.9817826113937065,0.7333333333333333,0.963565222787413,3279.228975,,,,,,,,117,4721.751204999999,4589.559404999998,132.19179999999997,4457.367604999998,0.9720036498619371,0.7521367521367521,0.9440072997238741,3279.228975,,,,,,,,320,9418.047677,9056.001479999997,362.0461970000001,8693.955282999994,0.9615582539591339,0.740625,0.9231165079182677,3279.228975,,,,,,,,611,12230.442504999985,11190.046429999986,1040.3960749999997,10149.650354999987,0.9149338975613786,0.6955810147299509,0.8298677951227571,3279.228975,,,,,,,,,,,,,60,,,
5m,300,btc-up-or-down-5m,btc-updown-5m,btc-updown-5m-1780739700,0x179ac59d2882a2b790fb0bed16cb37c7c44431605b3e69fd37a04fd14a091561,1780739700,1780740000,2026-06-06T09:55:00Z,2026-06-06T10:00:00Z,True,60909.14706443314,60946.79903067879,gamma_finalPrice,,,,,,,,,Up,37.65196624564851,37.65196624564851,6.181660400829145,65454.89026100004,0.99,0.9,0.91,2337,2337,0,ok,,,,,,,,27,2721.2822919999994,2685.688792,35.593500000000006,2650.0952920000004,0.9869203205765764,0.7037037037037037,0.9738406411531527,2446.3345,,,,,,,,79,6024.023358999995,5859.534058999996,164.4893,5695.044758999998,0.9726944451909787,0.7974683544303798,0.9453888903819575,2860.042769,,,,,,,,123,6659.676268999991,6426.941468999993,232.73480000000004,6194.206668999996,0.9650531361286506,0.7642276422764228,0.9301062722573015,2860.042769,,,,,,,,251,7829.506855999992,7202.930560999995,626.5762949999997,6576.3542659999985,0.9199724444305413,0.6374501992031872,0.8399448888610828,2860.042769,,,,,,,,438,9777.76823999999,8778.279657999992,999.4885819999992,7778.791075999999,0.8977794771294355,0.6118721461187214,0.7955589542588715,2860.042769,,,,,,,,,,,,,60,,,
5m,300,btc-up-or-down-5m,btc-updown-5m,btc-updown-5m-1780740000,0xc625da63222646179874a29040b57b809ba86f8d6911dbb00076f642640da415,1780740000,1780740300,2026-06-06T10:00:00Z,2026-06-06T10:05:00Z,True,60946.79903067879,60812.922574136464,gamma_finalPrice,,,,,,,,,Down,-133.8764565423262,133.8764565423262,21.96611777345957,69613.84719800002,0.01,0.5,0.51,1548,1548,0,ok,,,,,,,,0,0.0,0.0,0.0,0.0,,,,0.0,,,,,,,,0,0.0,0.0,0.0,0.0,,,,0.0,,,,,,,,2,14.26,0.0,14.26,-14.26,0.0,0.0,-1.0,-14.01,,,,,,,,10,25.259999999999998,0.0,25.259999999999998,-25.259999999999998,0.0,0.0,-1.0,-14.01,,,,,,,,36,102.45389999999999,0.0,102.45389999999999,-102.45389999999999,0.0,0.0,-1.0,-43.243399999999994,,,,,,,,,,,,,60,,,
5m,300,btc-up-or-down-5m,btc-updown-5m,btc-updown-5m-1780740300,0x0c491c1cc5d5781a489287affcc5b6c3f115457b4e9d2e0368b82aacdc257780,1780740300,1780740600,2026-06-06T10:05:00Z,2026-06-06T10:10:00Z,True,60812.922574136464,60715.451980000005,gamma_finalPrice,,,,,,,,,Down,-97.47059413645911,97.47059413645911,16.027941103740513,60176.11467499989,0.01,0.01,0.02,2169,2169,0,ok,,,,,,,,0,0.0,0.0,0.0,0.0,,,,0.0,,,,,,,,1,6.2766,0.0,6.2766,-6.2766,0.0,0.0,-1.0,-6.2766,,,,,,,,4,12.4543,0.0,12.4543,-12.4543,0.0,0.0,-1.0,-6.2766,,,,,,,,82,5128.4844729999995,5082.235573,46.248900000000006,5035.986672999999,0.9909819557330266,0.7926829268292683,0.9819639114660531,2232.0246939999997,,,,,,,,225,7094.649516999991,6767.988116999991,326.6614,6441.32671699999,0.953956654346735,0.7866666666666666,0.90791330869347,2232.0246939999997,,,,,,,,,,,,,60,,,
5m,300,btc-up-or-down-5m,btc-updown-5m,btc-updown-5m-1780740600,0xfc6d62c38d1bcd43fcc33d26315b63ac143cbc9093917c8746320aab5fdeb599,1780740600,1780740900,2026-06-06T10:10:00Z,2026-06-06T10:15:00Z,True,60715.451980000005,60590.327590666166,gamma_finalPrice,,,,,,,,,Down,-125.12438933383964,125.12438933383964,20.608327082050923,72060.32860899983,0.01,0.51,0.52,2803,2803,0,ok,,,,,,,,0,0.0,0.0,0.0,0.0,,,,0.0,,,,,,,,2,5.0788,0.0,5.0788,-5.0788,0.0,0.0,-1.0,-4.0788,,,,,,,,3,6.157900000000001,0.0,6.157900000000001,-6.157900000000001,0.0,0.0,-1.0,-4.0788,,,,,,,,38,2585.551272,2319.572772,265.9785,2053.594272,0.8971289013370607,0.4473684210526316,0.7942578026741215,2299.772772,,,,,,,,322,10038.47105499998,8679.817055999985,1358.6539989999999,7321.163056999988,0.8646552854955663,0.7981366459627329,0.7293105709911322,3138.8993459999983,,,,,,,,,,,,,60,,,
5m,300,btc-up-or-down-5m,btc-updown-5m,btc-updown-5m-1780740900,0x097c285b8fb54e99868ad53da811d8335cd55de8d9742e27fbf88c9776f96433,1780740900,1780741200,2026-06-06T10:15:00Z,2026-06-06T10:20:00Z,True,60590.327590666166,60505.15011216699,gamma_finalPrice,,,,,,,,,Down,-85.17747849917214,85.17747849917214,14.05793331810498,95468.61733699973,0.01,0.49,0.5,3483,3483,0,truncated_http_400_at_offset_3500,,,,,,,,2,4.6135,0.0,4.6135,-4.6135,0.0,0.0,-1.0,-4.6135,,,,,,,,4,81.5563,0.0,81.5563,-81.5563,0.0,0.0,-1.0,-60.1128,,,,,,,,14,284.6229,0.0,284.6229,-284.6229,0.0,0.0,-1.0,-196.77020000000002,,,,,,,,156,8110.234546999993,6746.465446999998,1363.7691000000002,5382.696347000001,0.8318459112252853,0.532051282051282,0.6636918224505703,5336.12144,,,,,,,,830,17343.98189399997,14388.709843999992,2955.272050000002,11433.437794000014,0.8296082140732437,0.6518072289156627,0.6592164281464876,5336.12144,,,,,,,,,,,,,60,,,
5m,300,btc-up-or-down-5m,btc-updown-5m,btc-updown-5m-1780741200,0xedc171a3a2fc631fb85ef899f57475fa4e8c63725194d62556c7a028f62ea945,1780741200,1780741500,2026-06-06T10:20:00Z,2026-06-06T10:25:00Z,True,60505.15011216699,60564.16561869483,gamma_finalPrice,,,,,,,,,Up,59.015506527837715,59.015506527837715,9.7537988780182,62969.775912,0.99,0.52,0.53,2530,2530,0,ok,,,,,,,,8,2.75,0.0,2.75,-2.75,0.0,0.0,-1.0,-2.5,,,,,,,,10,3.25,0.0,3.25,-3.25,0.0,0.0,-1.0,-2.5,,,,,,,,15,4.79,0.0,4.79,-4.79,0.0,0.0,-1.0,-2.5,,,,,,,,28,17.496000000000002,0.0,17.496000000000002,-17.496000000000002,0.0,0.0,-1.0,-7.937,,,,,,,,48,374.573,0.0,374.573,-374.573,0.0,0.0,-1.0,-99.0,,,,,,,,,,,,,60,,,
5m,300,btc-up-or-down-5m,btc-updown-5m,btc-updown-5m-1780741500,0x9fa263c384da1878dec32d0a9f65d9579cdcdda79546961bfa54a46ac932c276,1780741500,1780741800,2026-06-06T10:25:00Z,2026-06-06T10:30:00Z,True,60564.16561869483,60497.02994943931,gamma_finalPrice,,,,,,,,,Down,-67.13566925552004,67.13566925552004,11.085048158377788,87545.46497499995,0.01,0.79,0.8,2517,2517,0,ok,,,,,,,,14,3424.6973,0.0,3424.6973,-3424.6973,0.0,0.0,-1.0,-2112.1254999999996,,,,,,,,163,7136.485421999994,2967.7947259999987,4168.690695999999,-1200.89597,0.41586222776424825,0.6012269938650306,-0.168275544471504,-2112.1254999999996,,,,,,,,293,8656.34790599999,3794.9013929999987,4861.446512999997,-1066.5451200000007,0.4383952024813642,0.621160409556314,-0.12320959503727251,-2112.1254999999996,,,,,,,,476,11715.073016999992,4072.905084000001,7642.167932999993,-3569.262848999998,0.3476636533199342,0.5294117647058824,-0.30467269336013225,-2112.1254999999996,,,,,,,,781,15524.45637299999,4750.308366000004,10774.148006999994,-6023.839640999994,0.3059887091609663,0.47247119078104993,-0.38802258167806813,-2112.1254999999996,,,,,,,,,,,,,60,,,
5m,300,btc-up-or-down-5m,btc-updown-5m,btc-updown-5m-1780741800,0xa5e5c1450053f3cf8048b62ff3dc94a362b910db9eb9082de21a2afba2738d46,1780741800,1780742100,2026-06-06T10:30:00Z,2026-06-06T10:35:00Z,True,60497.02994943931,60334.94948385956,gamma_finalPrice,,,,,,,,,Down,-162.08046557975467,162.08046557975467,26.791474840205247,97087.2430179996,0.01,0.5,0.51,2623,2623,0,ok,,,,,,,,0,0.0,0.0,0.0,0.0,,,,0.0,,,,,,,,0,0.0,0.0,0.0,0.0,,,,0.0,,,,,,,,1,9.9,0.0,9.9,-9.9,0.0,0.0,-1.0,-9.9,,,,,,,,4,12.979000000000001,0.0,12.979000000000001,-12.979000000000001,0.0,0.0,-1.0,-9.9,,,,,,,,126,5717.64569899999,5210.284302999994,507.36139600000007,4702.922906999998,0.9112639322704565,0.7142857142857143,0.8225278645409132,3169.317965,,,,,,,,,,,,,60,,,
5m,300,btc-up-or-down-5m,btc-updown-5m,btc-updown-5m-1780742100,0xb6342ea6c13d021c0090900ca2982048017e28bb88246704bc60929d931f5138,1780742100,1780742400,2026-06-06T10:35:00Z,2026-06-06T10:40:00Z,True,60334.94948385956,60279.375323979926,gamma_finalPrice,,,,,,,,,Down,-55.574159879630315,55.574159879630315,9.210939986698287,79870.07947799984,0.01,0.3,0.32,3483,3483,0,truncated_http_400_at_offset_3500,,,,,,,,3,16.1172,0.0,16.1172,-16.1172,0.0,0.0,-1.0,-14.810400000000001,60280.41743088846,-1,-54.532052971095254,9.038219711393534,Down,0,0.17287801923836119,36,2837.348129,2639.7331289999997,197.61499999999998,2442.1181289999995,0.9303522193909818,0.3888888888888889,0.8607044387819637,2205.825969,60274.32937134672,0,-60.620112512835476,10.04726332439413,Down,0,-0.8371294186102218,138,4581.871035999996,4203.160837999996,378.7101980000001,3824.4506399999973,0.9173459499352002,0.7028985507246377,0.8346918998704006,2205.825969,60279.92779,0,-55.021693859554944,9.119373485888808,Down,0,0.0916504999302542,351,6280.259855999992,5537.710464999994,742.5493910000004,4795.161073999998,0.8817645435020357,0.6552706552706553,0.7635290870040718,2205.825969,60293.255875,-1,-41.69360885955393,6.910357796969326,Down,0,2.302438114415664,729,9872.34656299998,8407.550600999986,1464.7959619999988,6942.7546390000025,0.8516263633319133,0.6556927297668038,0.7032527266638277,2205.825969,,,,,,,,,,,,,60,6.910357796969326,Down,2.302438114415664
5m,300,btc-up-or-down-5m,btc-updown-5m,btc-updown-5m-1780742400,0xea1f97e65382614e5e0be438f332434a7c6d0912f1d2b11ff34fe762705e8427,1780742400,1780742700,2026-06-06T10:40:00Z,2026-06-06T10:45:00Z,True,60279.375323979926,60388.567346734206,gamma_finalPrice,,,,,,,,,Up,109.1920227542796,109.1920227542796,18.1143255329724,58998.840603999844,0.99,0.51,0.52,2266,2266,0,ok,,,,,,,,0,0.0,0.0,0.0,0.0,,,,0.0,,,,,,,,2,45.1539,0.0,45.1539,-45.1539,0.0,0.0,-1.0,-44.1441,,,,,,,,3,46.9854,0.0,46.9854,-46.9854,0.0,0.0,-1.0,-44.1441,,,,,,,,10,79.2299,0.0,79.2299,-79.2299,0.0,0.0,-1.0,-44.1441,60372.06982117054,0,92.69449719061231,15.377481384372812,Up,0,2.732268734781039,152,3827.066807000001,3303.385110000001,523.6816970000001,2779.703413,0.8631636907821557,0.8026315789473685,0.7263273815643113,1286.5094890000003,,,,,,,,,,,,,60,15.377481384372812,Up,2.732268734781039
5m,300,btc-up-or-down-5m,btc-updown-5m,btc-updown-5m-1780742700,0x009294cc44f024a40fcd7ca85e17bb0e73ef46dde1571d8bdcfaa1825c491f07,1780742700,1780743000,2026-06-06T10:45:00Z,2026-06-06T10:50:00Z,True,60388.567346734206,60407.91033385118,gamma_finalPrice,,,,,,,,,Up,19.342987116971926,19.342987116971926,3.2030875986691196,89810.36206499985,0.99,0.38,0.39,3369,3369,0,truncated_http_400_at_offset_3500,,,,,,,,130,2089.818388000001,1854.8643969999996,234.953991,1619.9104060000002,0.8875720529835814,0.8461538461538461,0.7751441059671638,855.6179430000001,,,,,,,,208,2772.859844000001,2403.876858999999,368.98298500000016,2034.893874,0.8669305317402108,0.7596153846153846,0.7338610634804228,855.6179430000001,,,,,,,,342,4102.554074999999,3266.6914089999973,835.8626660000001,2430.8287430000005,0.7962579771724272,0.6695906432748538,0.5925159543448555,855.6179430000001,,,,,,,,778,8992.765183999996,5360.147650999998,3632.617532999999,1727.5301180000008,0.5960511078991385,0.5295629820051414,0.19210221579827716,855.6179430000001,,,,,,,,1254,12950.698705999968,6808.68751399999,6142.011191999993,666.6763220000009,0.525739009806905,0.48086124401913877,0.05147801961380929,855.6179430000001,,,,,,,,,,,,,60,,,
5m,300,btc-up-or-down-5m,btc-updown-5m,btc-updown-5m-1780743000,0xfcb4bcb33c6da4ee55a93717d09c545778bf82c27e999a09b1916295b8f277d7,1780743000,1780743300,2026-06-06T10:50:00Z,2026-06-06T10:55:00Z,True,60407.91033385118,60520.6465559157,gamma_finalPrice,,,,,,,,,Up,112.73622206452274,112.73622206452274,18.662493279683602,61417.42143099994,0.99,0.5,0.51,2208,2208,0,ok,,,,,,,,10,3.332,0.0,3.332,-3.332,0.0,0.0,-1.0,-2.4859999999999998,,,,,,,,12,4.582,0.0,4.582,-4.582,0.0,0.0,-1.0,-2.4859999999999998,,,,,,,,13,4.8591999999999995,0.0,4.8591999999999995,-4.8591999999999995,0.0,0.0,-1.0,-2.4859999999999998,,,,,,,,21,206.19629999999998,0.0,206.19629999999998,-206.19629999999998,0.0,0.0,-1.0,-179.3286,,,,,,,,125,4330.239268999998,3893.2802699999984,436.95899899999995,3456.3212709999984,0.8990912575828844,0.44,0.7981825151657688,1408.9176969999999,,,,,,,,,,,,,60,,,
5m,300,btc-up-or-down-5m,btc-updown-5m,btc-updown-5m-1780743300,0x0a98ce8ece4414253f3e3e8b08c9479ff521e817a3692e1023bcc25d7ef2ef0a,1780743300,1780743600,2026-06-06T10:55:00Z,2026-06-06T11:00:00Z,True,60520.6465559157,60577.768395345964,gamma_finalPrice,,,,,,,,,Up,57.12183943026321,57.12183943026321,9.438405351054486,64846.808097999834,0.99,0.51,0.52,2769,2769,0,ok,,,,,,,,12,1328.6989,0.0,1328.6989,-1328.6989,0.0,0.0,-1.0,-1108.8297,,,,,,,,78,5268.361265999994,3662.993466,1605.3678000000002,2057.625666,0.6952813751857851,0.6153846153846154,0.3905627503715692,1535.4748059999993,,,,,,,,185,6872.582402999994,5199.996002999998,1672.5864000000001,3527.4096029999982,0.7566291239709422,0.7405405405405405,0.5132582479418838,1535.4748059999993,,,,,,,,492,11096.66565699998,8399.254777000002,2697.410880000002,5701.843896999998,0.7569169907990874,0.709349593495935,0.5138339815981723,1535.4748059999993,,,,,,,,860,15045.173436999963,10389.532599,4655.640838000002,5733.891760999998,0.6905558545074302,0.6290697674418605,0.3811117090148578,1535.4748059999993,,,,,,,,,,,,,60,,,
5m,300,btc-up-or-down-5m,btc-updown-5m,btc-updown-5m-1780743600,0x9505495f359fa4458d76a2a79a75fdbdd0b328e36004d75c5a7191f4a1c9a8bf,1780743600,1780743900,2026-06-06T11:00:00Z,2026-06-06T11:05:00Z,True,60577.768395345964,60710.171014729254,gamma_finalPrice,,,,,,,,,Up,132.40261938329058,132.40261938329058,21.856635345032412,68705.01798899985,0.99,0.49,0.5,2504,2504,0,ok,,,,,,,,0,0.0,0.0,0.0,0.0,,,,0.0,,,,,,,,1,0.25,0.0,0.25,-0.25,0.0,0.0,-1.0,-0.25,,,,,,,,1,0.25,0.0,0.25,-0.25,0.0,0.0,-1.0,-0.25,,,,,,,,7,25.791900000000002,0.0,25.791900000000002,-25.791900000000002,0.0,0.0,-1.0,-11.3355,,,,,,,,109,2673.5962889999996,2554.11679,119.47949900000003,2434.637290999999,0.9553113162628273,0.6788990825688074,0.9106226325256541,1421.605578,,,,,,,,,,,,,60,,,
5m,300,btc-up-or-down-5m,btc-updown-5m,btc-updown-5m-1780743900,0x87190492615f58c3faf0f29c9e59a0e93016d23059f1c41fa866a67538a98cb3,1780743900,1780744200,2026-06-06T11:05:00Z,2026-06-06T11:10:00Z,True,60710.171014729254,60682.14673,gamma_finalPrice,,,,,,,,,Down,-28.02428472925385,28.02428472925385,4.616077382232166,60260.641609000115,0.01,0.28,0.29,2478,2478,0,ok,,,,,,,,11,195.112344,181.835345,13.276999,168.55834600000003,0.9319520296470837,0.5454545454545454,0.8639040592941676,180.735346,,,,,,,,80,625.7247870000003,477.55748900000015,148.16729800000002,329.39019099999996,0.7632069224708529,0.3625,0.5264138449417056,191.89461100000003,,,,,,,,141,5485.6759489999995,5216.839550999999,268.83639800000003,4948.003153,0.9509930224644408,0.46099290780141844,0.9019860449288818,3200.1398939999995,,,,,,,,408,9148.118871999992,8641.125084999985,506.9937870000003,8134.131297999988,0.9445794491639388,0.6470588235294118,0.8891588983278786,3200.1398939999995,,,,,,,,688,11686.953981999977,10434.576228999982,1252.3777529999993,9182.198475999996,0.8928396779067597,0.5959302325581395,0.7856793558135201,3200.1398939999995,,,,,,,,,,,,,60,,,
5m,300,btc-up-or-down-5m,btc-updown-5m,btc-updown-5m-1780744200,0x524b08e5872105ab0e1fb68804ce1d7ca054ca1e44ef6941ddff922302c1218e,1780744200,1780744500,2026-06-06T11:10:00Z,2026-06-06T11:15:00Z,True,60682.14673,60611.62173556587,gamma_finalPrice,,,,,,,,,Down,-70.52499443413399,70.52499443413399,11.622033536145137,57245.940799999924,0.01,0.5,0.51,2122,2122,0,ok,,,,,,,,2,38.61,0.0,38.61,-38.61,0.0,0.0,-1.0,-38.61,,,,,,,,12,95.45599999999999,0.0,95.45599999999999,-95.45599999999999,0.0,0.0,-1.0,-55.885999999999996,,,,,,,,15,135.268,0.0,135.268,-135.268,0.0,0.0,-1.0,-55.885999999999996,,,,,,,,20,192.6773,0.0,192.6773,-192.6773,0.0,0.0,-1.0,-55.885999999999996,,,,,,,,95,1673.216989,1291.5311889999996,381.68580000000003,909.8453890000004,0.7718850558479475,0.4842105263157895,0.5437701116958957,844.826998,,,,,,,,,,,,,60,,,
5m,300,btc-up-or-down-5m,btc-updown-5m,btc-updown-5m-1780744500,0x690d0536934ec808584aef4b02d3815edf9a155481f33ef855f4377bcf69131c,1780744500,1780744800,2026-06-06T11:15:00Z,2026-06-06T11:20:00Z,True,60611.62173556587,60670.81973076313,gamma_finalPrice,,,,,,,,,Up,59.19799519726075,59.19799519726075,9.766773021769252,77634.91720999993,0.99,0.98,0.99,2170,2170,0,ok,,,,,,,,0,0.0,0.0,0.0,0.0,,,,0.0,,,,,,,,4,890.6181,0.0,890.6181,-890.6181,0.0,0.0,-1.0,-869.4081,,,,,,,,13,1014.9073980000001,114.919299,899.988099,-785.0688,0.11323131472532628,0.3076923076923077,-0.7735373705493473,-869.4081,,,,,,,,123,2704.466887999999,1669.3030909999993,1035.1637970000002,634.1392940000001,0.6172392416438415,0.5528455284552846,0.2344784832876831,-869.4081,,,,,,,,230,3988.9221949999987,2687.946399,1300.9757960000002,1386.9706030000007,0.6738528022354672,0.5956521739130435,0.3477056044709343,-869.4081,,,,,,,,,,,,,60,,,
5m,300,btc-up-or-down-5m,btc-updown-5m,btc-updown-5m-1780744800,0xcefd1279aeda85425a7ca8054ec770806d0f0db090937be774cba36753e19ac2,1780744800,1780745100,2026-06-06T11:20:00Z,2026-06-06T11:25:00Z,True,60670.81973076313,60688.71743078113,gamma_finalPrice,,,,,,,,,Up,17.89770001800207,17.89770001800207,2.9499683863554336,86337.08577999992,0.99,0.47,0.48,2540,2540,0,ok,,,,,,,,30,571.490976,451.80067600000007,119.69030000000001,332.11037600000014,0.7905648469941895,0.5,0.5811296939883791,416.0806760000001,,,,,,,,38,644.2467760000002,451.80067600000007,192.44610000000003,259.3545760000002,0.7012851174904443,0.39473684210526316,0.4025702349808889,416.0806760000001,,,,,,,,69,1121.5645469999997,908.4293479999999,213.13519900000003,695.2941490000003,0.809966176650197,0.5652173913043478,0.6199323533003941,416.0806760000001,,,,,,,,153,2337.5628769999994,1924.5181799999996,413.044697,1511.473483,0.8233011393772233,0.5555555555555556,0.6466022787544466,416.0806760000001,,,,,,,,417,14441.176223999999,13180.173829,1261.002395,11919.171433999998,0.9126800770629527,0.7050359712230215,0.8253601541259052,3010.5792340000003,,,,,,,,,,,,,60,,,
5m,300,btc-up-or-down-5m,btc-updown-5m,btc-updown-5m-1780745100,0x082d5c0f92834f0a02e3a0763d9998f0aaa2dbcc02dfbb0a82619ee43c161b40,1780745100,1780745400,2026-06-06T11:25:00Z,2026-06-06T11:30:00Z,True,60688.71743078113,60774.38578005405,gamma_finalPrice,,,,,,,,,Up,85.66834927292075,85.66834927292075,14.116025663358315,62340.391339999915,0.99,0.79,0.8,2390,2390,0,ok,,,,,,,,0,0.0,0.0,0.0,0.0,,,,0.0,,,,,,,,1,0.4719,0.0,0.4719,-0.4719,0.0,0.0,-1.0,-0.4719,,,,,,,,3,3.0757000000000003,0.0,3.0757000000000003,-3.0757000000000003,0.0,0.0,-1.0,-1.6038000000000001,,,,,,,,13,124.88029999999999,0.0,124.88029999999999,-124.88029999999999,0.0,0.0,-1.0,-72.2799,,,,,,,,194,6671.390945000001,5849.206448000004,822.1844970000001,5027.021951000006,0.876759658701129,0.6494845360824743,0.7535193174022581,3263.622055,,,,,,,,,,,,,60,,,
5m,300,btc-up-or-down-5m,btc-updown-5m,btc-updown-5m-1780745400,0x0b2dfe3445be9f50ed261c1221168fa0a13ef0015859daba6dd7986bb32100d0,1780745400,1780745700,2026-06-06T11:30:00Z,2026-06-06T11:35:00Z,True,60774.38578005405,60808.101709999995,gamma_finalPrice,,,,,,,,,Up,33.71592994594539,33.71592994594539,5.547720394569721,85541.83407900018,0.99,0.5,0.51,3361,3361,0,ok,,,,,,,,43,296.58331000000004,212.14361200000002,84.439698,127.703914,0.7152918078903361,0.7441860465116279,0.43058361578067217,70.35825600000001,,,,,,,,190,2073.603344,1484.8235590000004,588.7797849999996,896.0437740000003,0.7160595893599216,0.5105263157894737,0.4321191787198431,476.31724200000014,,,,,,,,301,6290.551732999995,5411.293947999996,879.2577849999994,4532.036162999996,0.8602256491449795,0.5980066445182725,0.7204512982899587,3101.605717,,,,,,,,610,10223.034434999974,8642.891873999988,1580.1425609999988,7062.749312999994,0.845433117627957,0.6868852459016394,0.6908662352559132,3101.605717,,,,,,,,1367,20436.369891999915,14181.725999999968,6254.643891999999,7927.08210799998,0.6939454548408615,0.648134601316752,0.3878909096817209,3101.605717,,,,,,,,,,,,,60,,,
5m,300,btc-up-or-down-5m,btc-updown-5m,btc-updown-5m-1780745700,0x341cf08ed9d0c5b9553acb05422a5a9cbe6c9a371470a8e6d772357dc1b3e535,1780745700,1780746000,2026-06-06T11:35:00Z,2026-06-06T11:40:00Z,True,60808.101709999995,60817.8893079781,gamma_finalPrice,,,,,,,,,Up,9.787597978101985,9.787597978101985,1.6095878185410282,76317.91544099996,0.99,0.19,0.2,2897,2897,0,ok,,,,,,,,214,3495.2954080000004,2675.9391339999997,819.3562739999998,1856.5828600000004,0.7655831114804588,0.5327102803738317,0.5311662229609179,758.8849890000004,,,,,,,,333,4795.749018999997,3685.396791999999,1110.3522269999994,2575.044565,0.7684715729282415,0.5825825825825826,0.5369431458564828,758.8849890000004,,,,,,,,424,5677.401061999993,4086.6436799999997,1590.7573819999986,2495.886298000002,0.7198088765214672,0.5754716981132075,0.43961775304293366,758.8849890000004,,,,,,,,581,7455.273315999986,4369.9368719999975,3085.336443999996,1284.6004280000034,0.5861538117752899,0.540447504302926,0.17230762355057913,758.8849890000004,,,,,,,,826,10122.492805999967,4983.252051999994,5139.240753999999,-155.98870199999706,0.49229494626523623,0.4963680387409201,-0.015410107469529335,758.8849890000004,,,,,,,,,,,,,60,,,
5m,300,btc-up-or-down-5m,btc-updown-5m,btc-updown-5m-1780746000,0x4898b10df1b537cdccd6f402a3f66bf690232132dede6843ecfa416720bf2019,1780746000,1780746300,2026-06-06T11:40:00Z,2026-06-06T11:45:00Z,True,60817.8893079781,60798.95506,gamma_finalPrice,,,,,,,,,Down,-18.93424797809712,18.93424797809712,3.113269499080318,67833.02992899991,0.01,0.49,0.5,2780,2780,0,ok,,,,,,,,68,3823.5398579999996,3625.5701580000004,197.9697,3427.6004580000003,0.9482234506890815,0.8382352941176471,0.8964469013781629,2094.202901,,,,,,,,123,4935.845702999999,4596.482305,339.3633979999999,4257.118907,0.9312451364122395,0.8130081300813008,0.8624902728244787,2094.202901,,,,,,,,205,5759.582117999999,5355.914822000001,403.6672959999999,4952.247526,0.929913787540515,0.8,0.8598275750810296,2094.202901,,,,,,,,350,7082.593230999999,6232.817055000003,849.7761760000001,5383.040879000006,0.8800190624698611,0.7057142857142857,0.7600381249397219,2094.202901,,,,,,,,592,8868.200859999997,7446.609619000001,1421.5912409999994,6025.018378000008,0.8396978977537506,0.6233108108108109,0.6793957955075016,2094.202901,,,,,,,,,,,,,60,,,
5m,300,btc-up-or-down-5m,btc-updown-5m,btc-updown-5m-1780746300,0xbcb0ff27ac328f26d369cf04d4870dd009dbbc681a8fc431fd639d9989a6e550,1780746300,1780746600,2026-06-06T11:45:00Z,2026-06-06T11:50:00Z,True,60798.95506,60855.78411497852,gamma_finalPrice,,,,,,,,,Up,56.829054978523345,56.829054978523345,9.347044685626763,69338.28124200001,0.99,0.93,0.94,2542,2542,0,ok,,,,,,,,1,5.0489999999999995,0.0,5.0489999999999995,-5.0489999999999995,0.0,0.0,-1.0,-5.0489999999999995,,,,,,,,4,22.628999999999998,0.0,22.628999999999998,-22.628999999999998,0.0,0.0,-1.0,-16.83,,,,,,,,14,41.7047,0.0,41.7047,-41.7047,0.0,0.0,-1.0,-16.83,,,,,,,,28,386.03054899999995,304.964649,81.06589999999998,223.898749,0.7900013348425439,0.14285714285714285,0.5800026696850876,298.569249,,,,,,,,198,6411.576496999998,5940.307697999998,471.26879900000006,5469.0388989999965,0.9264972040463825,0.696969696969697,0.8529944080927649,3215.4966689999997,,,,,,,,,60881.85821792444,0,4.283655054420502,-4.283655054420502,60,,,
5m,300,btc-up-or-down-5m,btc-updown-5m,btc-updown-5m-1780746600,0x9d27e999c555d8e7cdf06cd6a501e8162ccdd2e623edaad093da759d1c31adf5,1780746600,1780746900,2026-06-06T11:50:00Z,2026-06-06T11:55:00Z,True,60855.78411497852,60881.85821792443,gamma_finalPrice,,,60881.85821792444,0,60881.85821792444,0,-7.275957614183426e-12,-1.1956065836628639e-12,Up,26.074102945909544,26.074102945909544,4.284572670470593,50383.594285000065,0.99,0.5,0.51,2166,2166,0,ok,60880.41407754232,0,24.629962563798472,4.047267309425114,Up,0,0.2372065427081877,67,3198.5797280000015,3127.8172280000017,70.76249999999999,3057.054728000002,0.9778768997437979,0.8656716417910447,0.9557537994875958,1904.7006000000001,60875.03703,0,19.25291502147593,3.16369516907386,Up,0,1.1204602281754552,130,4388.125010000002,3992.6618110000036,395.4631989999999,3597.198612000004,0.9098787755365252,0.823076923076923,0.8197575510730499,1904.7006000000001,60870.694675448765,0,14.910560470241762,2.4501467998621687,Up,0,1.8338083665038472,197,4867.245921999998,4403.351829000001,463.8940929999999,3939.457736000003,0.9046906401619874,0.8223350253807107,0.8093812803239746,1904.7006000000001,60867.19109,0,11.406975021476683,1.8744274167801032,Up,0,2.4094032895974746,301,5811.0360179999925,5251.948532999998,559.0874849999999,4692.861048000003,0.9037886732644246,0.8006644518272426,0.8075773465288492,1904.7006000000001,,,,,,,,501,7540.696593999991,6324.686540999996,1216.010053,5108.676488000002,0.8387403553714714,0.6806387225548902,0.6774807107429428,1904.7006000000001,60867.10480418882,0,-2.4235793786840625,2.4235793786840625,,,,,,,,,60,,,
5m,300,btc-up-or-down-5m,btc-updown-5m,btc-updown-5m-1780746900,0xdbb74fb043707318eec82aedbd2376ac378b89d4a580c30ccaf9403a0b3f10eb,1780746900,1780747200,2026-06-06T11:55:00Z,2026-06-06T12:00:00Z,True,60881.85821792443,60771.773349566596,gamma_finalPrice,60881.85821792444,0,,,,,,,Down,-110.08486835783697,110.08486835783697,18.08171951056292,66844.215446,0.01,,0.01,1823,1823,0,ok,,,,,,,,3,7.36499,0.00899,7.356,-7.34701,0.0012206398107804627,0.3333333333333333,-0.9975587203784391,-7.356,,,,,,,,13,31.593987999999996,22.987988,8.606,14.381988,0.7276064041044772,0.5384615384615384,0.4552128082089542,10.739998,,,,,,,,16,49.70128599999999,35.976986,13.7243,22.252685999999997,0.7238642879381432,0.5625,0.44772857587628623,12.988998,,,,,,,,22,90.343586,40.971985999999994,49.3716,-8.399614000000003,0.45351294778137313,0.45454545454545453,-0.09297410443725361,-22.4577,,,,,,,,37,564.112486,40.971985999999994,523.1405,-482.168514,0.07263087950866592,0.2702702702702703,-0.8547382409826682,-405.76140000000004,,,,,,,,,,,,,60,,,
5m,300,btc-up-or-down-5m,btc-updown-5m,btc-updown-5m-1780747200,0xb24631bd9bf1ce4378a75a5821d8be53a91896b621a9a34597fc30c947de242a,1780747200,1780747500,2026-06-06T12:00:00Z,2026-06-06T12:05:00Z,True,60771.773349566596,60900.372711048316,gamma_finalPrice,,,,,,,,,Up,128.59936148171982,128.59936148171982,21.161034867618675,76936.51387600006,0.99,0.64,0.65,2017,2017,0,ok,,,,,,,,0,0.0,0.0,0.0,0.0,,,,0.0,,,,,,,,1,0.5,0.0,0.5,-0.5,0.0,0.0,-1.0,-0.5,,,,,,,,3,1.082,0.0,1.082,-1.082,0.0,0.0,-1.0,-0.5820000000000001,,,,,,,,4,5.752,0.0,5.752,-5.752,0.0,0.0,-1.0,-4.67,,,,,,,,33,202.1125,0.0,202.1125,-202.1125,0.0,0.0,-1.0,-85.437,,,,,,,,,,,,,60,,,
5m,300,btc-up-or-down-5m,btc-updown-5m,btc-updown-5m-1780747500,0x959112377107c4f3ed2183ced0c5f350659d6ef7208161dac2ea3867d4b1c744,1780747500,1780747800,2026-06-06T12:05:00Z,2026-06-06T12:10:00Z,True,60900.372711048316,61036.257114593136,gamma_finalPrice,,,,,,,,,Up,135.8844035448201,135.8844035448201,22.3125733876122,76646.09679199982,0.99,0.99,1.0,2127,2127,0,ok,,,,,,,,1,4.995,4.995,0.0,4.995,1.0,1.0,1.0,4.995,,,,,,,,3,74.18660000000001,4.995,69.19160000000001,-64.19660000000002,0.06733021866482625,0.3333333333333333,-0.8653395626703476,-64.19160000000001,,,,,,,,20,91.24050000000001,4.995,86.2455,-81.25050000000002,0.05474542555115326,0.05,-0.8905091488976935,-64.19160000000001,,,,,,,,21,1221.4344,4.995,1216.4394,-1211.4444,0.004089454169622208,0.047619047619047616,-0.9918210916607556,-1130.1939,,,,,,,,25,1237.5306,4.995,1232.5356,-1227.5406,0.004036263830567099,0.04,-0.9919274723388658,-1130.1939,,,,,,,,,,,,,60,,,
5m,300,btc-up-or-down-5m,btc-updown-5m,btc-updown-5m-1780747800,0x974bf42512c41815eb956bf198d0a75f2b49a58d408e0c1e1174ed08f670c59f,1780747800,1780748100,2026-06-06T12:10:00Z,2026-06-06T12:15:00Z,True,61036.257114593136,61017.896675118915,gamma_finalPrice,,,,,,,,,Down,-18.360439474221494,18.360439474221494,3.008120147300399,72339.85206200005,0.01,0.5,0.51,2676,2676,0,ok,,,,,,,,89,1563.2110720000003,1489.1070730000004,74.103999,1415.0030740000004,0.9525950139892562,0.898876404494382,0.9051900279785122,650.751047,,,,,,,,168,2449.694912999999,2146.7615209999994,302.93339199999986,1843.8281289999998,0.8763383185422814,0.7678571428571429,0.7526766370845628,650.751047,,,,,,,,354,3828.348642999998,2716.9354900000003,1111.4131529999995,1605.5223370000022,0.7096886264441516,0.5141242937853108,0.4193772528883031,650.751047,,,,,,,,612,5679.590641999981,3662.5351260000016,2017.055516,1645.4796099999999,0.644858997216443,0.4738562091503268,0.2897179944328821,650.751047,,,,,,,,866,7454.34383499998,5021.039238000004,2433.3045970000044,2587.7346409999964,0.673572261910564,0.4780600461893764,0.3471445238211236,650.751047,,,,,,,,,,,,,60,,,
5m,300,btc-up-or-down-5m,btc-updown-5m,btc-updown-5m-1780748100,0xaabcb2b6d0f93aa878594a0be594c3566996d00014a42622af9eb1641c2f4ff8,1780748100,1780748400,2026-06-06T12:15:00Z,2026-06-06T12:20:00Z,True,61017.896675118915,60918.96285804301,gamma_finalPrice,,,,,,,,,Down,-98.93381707590743,98.93381707590743,16.213901570987677,68342.35526200027,0.01,0.04,0.05,2516,2516,0,ok,,,,,,,,0,0.0,0.0,0.0,0.0,,,,0.0,,,,,,,,3,61.2613,0.0,61.2613,-61.2613,0.0,0.0,-1.0,-57.073499999999996,,,,,,,,7,68.0378,0.0,68.0378,-68.0378,0.0,0.0,-1.0,-57.073499999999996,,,,,,,,53,738.3007690000003,603.2991690000003,135.0016,468.29756899999995,0.8171455243330514,0.6415094339622641,0.6342910486661023,580.2023690000004,,,,,,,,233,3594.836403000003,3350.3977070000024,244.43869600000002,3105.9590110000017,0.9320028316737838,0.7725321888412017,0.8640056633475677,995.367384000001,,,,,,,,,,,,,60,,,
5m,300,btc-up-or-down-5m,btc-updown-5m,btc-updown-5m-1780748400,0x575e3d9a1d1b7d2b178390c00167defe37c3f33ab92bf855cca963720395c37a,1780748400,1780748700,2026-06-06T12:20:00Z,2026-06-06T12:25:00Z,True,60918.96285804301,60850.02606882429,gamma_finalPrice,,,,,,,,,Down,-68.9367892187147,68.9367892187147,11.316146235016394,57669.5670589999,0.01,0.48,0.49,2171,2171,0,ok,,,,,,,,2,1.05,0.0,1.05,-1.05,0.0,0.0,-1.0,-1.05,,,,,,,,4,7.3069,0.0,7.3069,-7.3069,0.0,0.0,-1.0,-6.2569,,,,,,,,29,275.213521,160.70662099999998,114.50689999999999,46.199721000000004,0.5839343227617075,0.5517241379310345,0.16786864552341527,54.50662099999999,,,,,,,,55,326.97181600000005,170.79721600000002,156.17459999999994,14.622616000000003,0.5223606673181886,0.34545454545454546,0.04472133463637735,54.50662099999999,,,,,,,,111,2730.367992999999,2469.402292999999,260.96569999999997,2208.4365929999994,0.9044210521552214,0.46846846846846846,0.8088421043104428,1413.4029990000001,,,,,,,,,,,,,60,,,
5m,300,btc-up-or-down-5m,btc-updown-5m,btc-updown-5m-1780748700,0x8cfb5e831e7bd0569bac82911eb50f5eb992c778d03fe050bbf0cc9c99609b3d,1780748700,1780749000,2026-06-06T12:25:00Z,2026-06-06T12:30:00Z,True,60850.02606882429,60706.51518316637,gamma_finalPrice,,,,,,,,,Down,-143.51088565792452,143.51088565792452,23.584358944334195,59815.807207999955,0.01,0.04,0.05,2396,2396,0,ok,,,,,,,,1,0.16,0.0,0.16,-0.16,0.0,0.0,-1.0,-0.16,,,,,,,,2,1.9915,0.0,1.9915,-1.9915,0.0,0.0,-1.0,-1.8315000000000001,,,,,,,,5,10.0904,0.0,10.0904,-10.0904,0.0,0.0,-1.0,-5.0,,,,,,,,10,108.88499999999999,0.0,108.88499999999999,-108.88499999999999,0.0,0.0,-1.0,-55.4994,60734.3440346885,0,-115.68203413578885,19.011008147300863,Down,0,4.5831118436563365,56,1914.5043699999997,1610.0032699999997,304.5010999999999,1305.50217,0.8409504283346191,0.2857142857142857,0.6819008566692382,1431.600591,,,,,,,,,,,,,60,19.011008147300863,Down,4.5831118436563365
5m,300,btc-up-or-down-5m,btc-updown-5m,btc-updown-5m-1780749000,0x7b026c70e8bfe39cdf4589c8164c48038aed0f18a636346853ba50f3f89f8dd2,1780749000,1780749300,2026-06-06T12:30:00Z,2026-06-06T12:35:00Z,True,60706.51518316637,60762.21081008865,gamma_finalPrice,,,,,,,,,Up,55.69562692227919,55.69562692227919,9.174571584982582,90954.77206200022,0.99,0.5,0.51,3253,3253,0,ok,,,,,,,,8,27.041999999999998,0.0,27.041999999999998,-27.041999999999998,0.0,0.0,-1.0,-25.742,,,,,,,,14,45.4798,0.0,45.4798,-45.4798,0.0,0.0,-1.0,-25.742,,,,,,,,28,91.1241,0.0,91.1241,-91.1241,0.0,0.0,-1.0,-25.742,,,,,,,,98,4546.699197000001,4096.937898,449.7612990000001,3647.1765989999994,0.9010796009340662,0.2857142857142857,0.8021592018681325,3536.4059559999996,,,,,,,,616,9113.93453300001,7523.030170999996,1590.9043620000002,5932.125808999996,0.8254426388252384,0.564935064935065,0.6508852776504784,3536.4059559999996,,,,,,,,,,,,,60,,,
5m,300,btc-up-or-down-5m,btc-updown-5m,btc-updown-5m-1780749300,0x974b994742eb3236e6aae3820d0734f097a8d3e41d5c60b5902e608c436d03cf,1780749300,1780749600,2026-06-06T12:35:00Z,2026-06-06T12:40:00Z,True,60762.21081008865,60710.23765011623,gamma_finalPrice,,,,,,,,,Down,-51.973159972418216,51.973159972418216,8.553533401682754,74417.29307900004,0.01,0.23,0.24,2844,2844,0,ok,,,,,,,,5,137.84820000000002,0.0,137.84820000000002,-137.84820000000002,0.0,0.0,-1.0,-110.3559,,,,,,,,12,237.39610000000005,0.0,237.39610000000005,-237.39610000000005,0.0,0.0,-1.0,-110.3559,,,,,,,,29,1334.8894,1022.2047000000001,312.6847,709.52,0.7657598449729244,0.2413793103448276,0.5315196899458486,998.129,,,,,,,,288,5407.404185999999,4545.785790999995,861.6183950000003,3684.167395999999,0.8406595169581051,0.7361111111111112,0.6813190339162118,998.129,,,,,,,,557,7828.953451999991,5931.045995999996,1897.907455999999,4033.138539999994,0.7575783956775023,0.6265709156193896,0.5151567913550036,998.129,,,,,,,,,60801.95409186042,-1,-15.09584476202094,15.09584476202094,60,,,
5m,300,btc-up-or-down-5m,btc-updown-5m,btc-updown-5m-1780749600,0xbd5af4ac875e128069a26068ca9545468e077716df536f4d88350230c9198472,1780749600,1780749900,2026-06-06T12:40:00Z,2026-06-06T12:45:00Z,True,60710.23765011623,60803.686735594616,gamma_finalPrice,,,60801.95409186042,-1,60801.95409186042,-1,1.7326437341980636,0.2853956435129762,Up,93.44908547838713,93.44908547838713,15.39264036766758,57713.38878399983,0.99,0.5,0.51,2287,2287,0,ok,60788.563031574544,0,78.32538145831495,12.901511259059452,Up,0,2.487609880896485,1,10.365300000000001,0.0,10.365300000000001,-10.365300000000001,0.0,0.0,-1.0,-10.365300000000001,60790.816130329615,0,80.57848021338577,13.272634621820082,Up,0,2.116971575147687,1,10.365300000000001,0.0,10.365300000000001,-10.365300000000001,0.0,0.0,-1.0,-10.365300000000001,60788.93766808457,0,78.70001796833822,12.963220210386961,Up,0,2.425980630769234,3,83.5857,0.0,83.5857,-83.5857,0.0,0.0,-1.0,-71.28,60809.54846790042,0,99.3108177841932,16.358166534701926,Up,0,-0.9639957855794539,14,195.3781,0.0,195.3781,-195.3781,0.0,0.0,-1.0,-71.28,60801.778142619114,0,91.54049250288517,15.078262916783348,Up,0,0.31389921128454057,217,4745.575113999995,3985.315516000001,760.259598,3225.055918000001,0.8397961090622841,0.7096774193548387,0.6795922181245669,2212.807079,,,,,,,,,,,,,60,15.078262916783348,Up,0.31389921128454057
5m,300,btc-up-or-down-5m,btc-updown-5m,btc-updown-5m-1780749900,0x19469448f721752280622107d52d6b54875be57673620ebd4bee8224f2be1ed4,1780749900,1780750200,2026-06-06T12:45:00Z,2026-06-06T12:50:00Z,True,60803.686735594616,60994.96260064307,gamma_finalPrice,60801.95409186042,-1,,,,,,,Up,191.27586504845385,191.27586504845385,31.457938706943654,95250.37790099991,0.99,0.98,0.99,2342,2342,0,ok,,,,,,,,2,10.0,0.0,10.0,-10.0,0.0,0.0,-1.0,-5.0,,,,,,,,3,15.0,0.0,15.0,-15.0,0.0,0.0,-1.0,-5.0,,,,,,,,6,32.2369,0.0,32.2369,-32.2369,0.0,0.0,-1.0,-7.2368999999999994,,,,,,,,9,50.541999999999994,0.0,50.541999999999994,-50.541999999999994,0.0,0.0,-1.0,-16.1568,,,,,,,,120,1866.0992560000009,1344.361556,521.7377,822.623856,0.7204126745549699,0.49166666666666664,0.4408253491099402,571.017072,,,,,,,,,,,,,60,,,
5m,300,btc-up-or-down-5m,btc-updown-5m,btc-updown-5m-1780750200,0x72156aafca099a34b14633dbf4525b16d0743b6b084c96692eca3ae7bade13e7,1780750200,1780750500,2026-06-06T12:50:00Z,2026-06-06T12:55:00Z,True,60994.96260064307,61090.56483320164,gamma_finalPrice,,,,,,,,,Up,95.60223255857272,95.60223255857272,15.67379148742437,100633.07091199995,0.99,0.5,0.51,3374,3374,0,ok,,,,,,,,4,8.9534,0.0,8.9534,-8.9534,0.0,0.0,-1.0,-8.0228,,,,,,,,8,44.4034,0.0,44.4034,-44.4034,0.0,0.0,-1.0,-29.7,,,,,,,,27,661.4422240000001,389.0923240000001,272.3499,116.742424,0.5882483909887192,0.5555555555555556,0.1764967819774384,166.145824,,,,,,,,101,1842.8994049999992,1256.6753080000003,586.224097,670.4512109999998,0.6819011957953293,0.5544554455445545,0.36380239159065775,262.483297,,,,,,,,354,11074.813979999999,9199.058985999989,1875.7549939999997,7323.3039919999965,0.8306287584254295,0.6412429378531074,0.6612575168508606,4044.744445,,,,,,,,,,,,,60,,,
5m,300,btc-up-or-down-5m,btc-updown-5m,btc-updown-5m-1780750500,0x65f41f19bb1a264b34af5213d2a38ac637d8db8b9f6d1b1f4a4d099d2dff5f59,1780750500,1780750800,2026-06-06T12:55:00Z,2026-06-06T13:00:00Z,True,61090.56483320164,60993.39800759971,gamma_finalPrice,,,,,,,,,Down,-97.16682560193294,97.16682560193294,15.905373582194233,60946.656255999944,0.01,0.08,0.09,2376,2376,0,ok,,,,,,,,4,11.2564,0.0,11.2564,-11.2564,0.0,0.0,-1.0,-7.8111999999999995,,,,,,,,4,11.2564,0.0,11.2564,-11.2564,0.0,0.0,-1.0,-7.8111999999999995,,,,,,,,7,21.0183,0.0,21.0183,-21.0183,0.0,0.0,-1.0,-9.7619,,,,,,,,21,267.47110000000004,0.0,267.47110000000004,-267.47110000000004,0.0,0.0,-1.0,-106.5933,,,,,,,,160,6775.468417999996,6016.690117999995,758.7782999999998,5257.911817999993,0.8880109457843242,0.60625,0.7760218915686482,3677.0579999999995,,,,,,,,,,,,,60,,,
5m,300,btc-up-or-down-5m,btc-updown-5m,btc-updown-5m-1780750800,0x742e5b1c394f6887340fd31d91996268e1edb92def1325b732cc5127a80ad297,1780750800,1780751100,2026-06-06T13:00:00Z,2026-06-06T13:05:00Z,True,60993.39800759971,61058.57479152969,gamma_finalPrice,,,,,,,,,Up,65.17678392997914,65.17678392997914,10.685875202732298,84508.14984999981,0.99,0.47,0.48,3440,3440,0,ok,,,,,,,,4,707.5832,0.0,707.5832,-707.5832,0.0,0.0,-1.0,-674.9919,,,,,,,,10,2377.3781,0.0,2377.3781,-2377.3781,0.0,0.0,-1.0,-1616.373,,,,,,,,94,6583.829048999998,3649.044948999998,2934.7841000000008,714.2608489999998,0.5542435749534297,0.7553191489361702,0.10848714990685962,1935.4921739999997,,,,,,,,369,12035.205527999995,7202.142933999995,4833.062594000002,2369.0803400000004,0.598422928237009,0.7913279132791328,0.19684585647401845,1935.4921739999997,,,,,,,,907,20534.214265999955,11733.231664999972,8800.982600999989,2932.2490640000037,0.571399105561471,0.7001102535832414,0.14279821112294272,1935.4921739999997,,,,,,,,,,,,,60,,,
5m,300,btc-up-or-down-5m,btc-updown-5m,btc-updown-5m-1780751100,0x3cd828fa2055b3298077de59df690d46d0f6941f83b421b5d71bedb96a82540f,1780751100,1780751400,2026-06-06T13:05:00Z,2026-06-06T13:10:00Z,True,61058.57479152969,60995.57297013064,gamma_finalPrice,,,,,,,,,Down,-63.00182139904791,63.00182139904791,10.318259411418133,68852.14878699985,0.01,0.02,0.03,2310,2310,0,ok,,,,,,,,0,0.0,0.0,0.0,0.0,,,,0.0,,,,,,,,3,21.851799999999997,0.0,21.851799999999997,-21.851799999999997,0.0,0.0,-1.0,-20.3346,,,,,,,,9,31.846999999999998,0.0,31.846999999999998,-31.846999999999998,0.0,0.0,-1.0,-20.3346,,,,,,,,18,59.336,0.0,59.336,-59.336,0.0,0.0,-1.0,-24.1065,,,,,,,,142,6313.930204999997,5212.915306999998,1101.014898,4111.900409000001,0.8256213068164571,0.5845070422535211,0.6512426136329144,1582.1289990000002,,,,,,,,,,,,,60,,,
5m,300,btc-up-or-down-5m,btc-updown-5m,btc-updown-5m-1780751400,0x1bd635818c2c5f476b52dcc8975324f60943b0426d42a6ff4c581fe3e7cadc5c,1780751400,1780751700,2026-06-06T13:10:00Z,2026-06-06T13:15:00Z,True,60995.57297013064,60978.76907737958,gamma_finalPrice,,,,,,,,,Down,-16.803892751064268,16.803892751064268,2.7549364540428347,70191.02788999995,0.01,0.5,0.51,2757,2757,0,ok,,,,,,,,70,4068.1246510000005,3895.8417510000004,172.2829,3723.5588510000007,0.9576505356202272,0.8285714285714286,0.9153010712404546,3407.378247,,,,,,,,138,4982.639745999997,4680.084146999999,302.5555990000001,4377.528547999998,0.9392780505066844,0.782608695652174,0.8785561010133686,3407.378247,,,,,,,,221,5697.604875999995,5347.089277999998,350.51559800000007,4996.573679999999,0.9384801849850148,0.8009049773755657,0.8769603699700294,3407.378247,,,,,,,,320,6820.794113999988,6205.147724999995,615.6463890000001,5589.501336,0.9097397782852951,0.75,0.8194795565705899,3407.378247,,,,,,,,576,8974.952636999977,7708.242092999986,1266.7105439999978,6441.5315489999975,0.8588615901127018,0.6840277777777778,0.7177231802254038,3407.378247,,,,,,,,,,,,,60,,,
5m,300,btc-up-or-down-5m,btc-updown-5m,btc-updown-5m-1780751700,0xd62dc5608cb87ace7cdff078cfddd6f96a150c6d19821372aab97845f3c7a3bc,1780751700,1780752000,2026-06-06T13:15:00Z,2026-06-06T13:20:00Z,True,60978.76907737958,60899.67309390115,gamma_finalPrice,,,,,,,,,Down,-79.09598347842984,79.09598347842984,12.971069222151772,61904.701482999844,0.01,0.23,0.24,2434,2434,0,ok,,,,,,,,0,0.0,0.0,0.0,0.0,,,,0.0,,,,,,,,0,0.0,0.0,0.0,0.0,,,,0.0,,,,,,,,1,341.3718,0.0,341.3718,-341.3718,0.0,0.0,-1.0,-341.3718,,,,,,,,10,377.59839999999997,0.0,377.59839999999997,-377.59839999999997,0.0,0.0,-1.0,-341.3718,,,,,,,,289,9679.345454999986,8512.810661999989,1166.5347929999996,7346.275868999994,0.8794820581181542,0.740484429065744,0.7589641162363084,2785.1351240000004,,,,,,,,,,,,,60,,,
5m,300,btc-up-or-down-5m,btc-updown-5m,btc-updown-5m-1780752000,0x2baef3555366c583a058d50e03bedac2a6f31322d36141839f31944306046e9d,1780752000,1780752300,2026-06-06T13:20:00Z,2026-06-06T13:25:00Z,True,60899.67309390115,60899.54759198043,gamma_finalPrice,,,,,,,,,Down,-0.1255019207164878,0.1255019207164878,0.020607979376667016,102729.15674499996,0.01,0.49,0.5,3348,3348,0,truncated_http_400_at_offset_3500,,,,,,,,49,349.10366900000014,87.62439,261.4792790000001,-173.85488900000007,0.25099819274600627,0.3877551020408163,-0.4980036145079873,-72.21569400000001,,,,,,,,117,911.1016510000001,236.62998699999997,674.4716639999999,-437.84167700000006,0.25971853606047296,0.4188034188034188,-0.480562927879054,-206.09609900000004,,,,,,,,276,2633.441960999998,1149.4530210000005,1483.988939999999,-334.5359189999992,0.43648314184358106,0.5036231884057971,-0.1270337163128386,438.590279,,,,,,,,682,7109.049550999992,4388.080879999997,2720.9686709999974,1667.1122089999997,0.6172528195956587,0.5454545454545454,0.2345056391913172,464.2761539999999,,,,,,,,996,10796.410598999953,5730.807891999991,5065.602706999991,665.2051849999992,0.5308067750341787,0.535140562248996,0.06161355006835472,-523.2614930000002,,,,,,,,,,,,,60,,,
5m,300,btc-up-or-down-5m,btc-updown-5m,btc-updown-5m-1780752300,0x5d45dfd1954cd4d521e5d31009eda284fffa71880caef3491929dd8dfe05a246,1780752300,1780752600,2026-06-06T13:25:00Z,2026-06-06T13:30:00Z,True,60899.54759198043,60850.05534837338,gamma_finalPrice,,,,,,,,,Down,-49.492243607048295,49.492243607048295,8.126865562063008,65288.04378699994,0.01,0.13,0.14,2882,2882,0,ok,,,,,,,,1,9.3555,0.0,9.3555,-9.3555,0.0,0.0,-1.0,-9.3555,,,,,,,,9,379.6256,0.0,379.6256,-379.6256,0.0,0.0,-1.0,-344.5299,,,,,,,,103,6181.840279999997,4826.847179999994,1354.9931000000004,3471.8540799999973,0.7808107232430788,0.7572815533980582,0.5616214464861585,1430.7750490000008,,,,,,,,278,10292.271427999978,8167.406530999988,2124.864897,6042.5416339999965,0.7935475262322246,0.7877697841726619,0.587095052464449,1430.7750490000008,,,,,,,,565,12873.262011999976,9936.73895199999,2936.5230600000023,7000.215891999998,0.7718897465721845,0.6831858407079646,0.5437794931443684,1430.7750490000008,,,,,,,,,,,,,60,,,
5m,300,btc-up-or-down-5m,btc-updown-5m,btc-updown-5m-1780752600,0x0416b7a2be32125415e5ef274e47bba1322551629b30928ca8945a07c7b6f184,1780752600,1780752900,2026-06-06T13:30:00Z,2026-06-06T13:35:00Z,True,60850.05534837338,60756.462224999996,gamma_finalPrice,,,,,,,,,Down,-93.59312337338633,93.59312337338633,15.380943014358035,79469.13329000016,0.01,0.53,0.54,2280,2280,0,ok,,,,,,,,1,3.7817999999999996,0.0,3.7817999999999996,-3.7817999999999996,0.0,0.0,-1.0,-3.7817999999999996,,,,,,,,1,3.7817999999999996,0.0,3.7817999999999996,-3.7817999999999996,0.0,0.0,-1.0,-3.7817999999999996,,,,,,,,1,3.7817999999999996,0.0,3.7817999999999996,-3.7817999999999996,0.0,0.0,-1.0,-3.7817999999999996,,,,,,,,7,492.5931,0.0,492.5931,-492.5931,0.0,0.0,-1.0,-475.2,,,,,,,,140,2036.7142720000027,909.2323719999998,1127.4819000000002,-218.2495280000003,0.44642117183533864,0.6357142857142857,-0.1071576563293214,-524.6700000000001,,,,,,,,,,,,,60,,,
5m,300,btc-up-or-down-5m,btc-updown-5m,btc-updown-5m-1780752900,0x4511182d6f43c72a335c9412667328ee6a96ef8e28b7921a7ee00494e2ffd786,1780752900,1780753200,2026-06-06T13:35:00Z,2026-06-06T13:40:00Z,True,60756.462224999996,60786.00501538294,gamma_finalPrice,,,,,,,,,Up,29.542790382947715,29.542790382947715,4.862493519379323,72904.23853999974,0.99,0.87,0.88,3210,3210,0,ok,,,,,,,,30,3614.8266960000005,3390.5708960000006,224.2558,3166.3150960000003,0.9379622264469412,0.5666666666666667,0.8759244528938822,3051.3349349999994,,,,,,,,90,5537.174053999999,5093.822054,443.35200000000015,4650.470053999999,0.9199317204631258,0.7222222222222222,0.8398634409262512,3051.3349349999994,,,,,,,,159,6532.984644999992,5991.398544999994,541.5861000000001,5449.812444999993,0.9170997439256955,0.7861635220125787,0.8341994878513908,3051.3349349999994,,,,,,,,330,8762.210534999982,7558.82963999999,1203.3808949999998,6355.448744999991,0.8626624080540888,0.796969696969697,0.7253248161081767,3051.3349349999994,,,,,,,,662,11779.966728999965,9349.063478999984,2430.9032499999994,6918.16022899999,0.7936409069801891,0.6525679758308157,0.5872818139603772,3051.3349349999994,,,,,,,,,60871.02939471093,0,13.977719181370352,-13.977719181370352,60,,,
5m,300,btc-up-or-down-5m,btc-updown-5m,btc-updown-5m-1780753200,0x0539012b0fe767765f3918ea9acb8aab8e8368860aaf6195b1d62846282bba68,1780753200,1780753500,2026-06-06T13:40:00Z,2026-06-06T13:45:00Z,True,60786.00501538294,60871.02939471093,gamma_finalPrice,,,60871.02939471093,0,60871.02939471093,0,0.0,0.0,Up,85.02437932798784,85.02437932798784,13.987492566170612,61366.77672899982,0.99,0.48,0.49,2600,2600,0,ok,60868.430019881605,0,82.42500449866202,13.55986537983586,Up,0,0.4270389965943762,6,46.490700000000004,0.0,46.490700000000004,-46.490700000000004,0.0,0.0,-1.0,-29.601,60852.183568969114,0,66.17855358617089,10.887136532401376,Up,0,3.0965048380751776,8,51.747600000000006,0.0,51.747600000000006,-51.747600000000006,0.0,0.0,-1.0,-29.601,60840.363499671934,0,54.35848428899044,8.942598592428322,Up,0,5.039116710219033,81,1836.8939609999998,1521.487161,315.40680000000003,1206.0803610000003,0.8282934090390862,0.8148148148148148,0.6565868180781723,773.3851400000002,,,,,,,,214,8691.126658999987,7911.0020609999965,780.1245980000003,7130.877462999999,0.9102389565117956,0.7242990654205608,0.8204779130235904,2933.1322,,,,,,,,437,11274.954831999972,10005.951147999987,1269.003683999999,8736.947464000003,0.8874493332427047,0.6796338672768879,0.7748986664854095,2933.1322,60919.35673392115,0,7.936150509557547,-7.936150509557547,60995.23121562714,0,20.383305977699372,-20.383305977699372,,,,,60,,,
5m,300,btc-up-or-down-5m,btc-updown-5m,btc-updown-5m-1780753500,0x21dfa7c54b314d4b8cc8b7be762401cd21106fb30003c2ade5fb4aad546aa6bd,1780753500,1780753800,2026-06-06T13:45:00Z,2026-06-06T13:50:00Z,True,60871.02939471093,60790.345830000006,gamma_finalPrice,60871.02939471093,0,,,,,,,Down,-80.68356471092557,80.68356471092557,13.254838223244528,89167.69060599979,0.01,0.46,0.47,3306,3306,0,ok,,,,,,,,4,1.75,0.0,1.75,-1.75,0.0,0.0,-1.0,-1.0,,,,,,,,6,17.3722,0.0,17.3722,-17.3722,0.0,0.0,-1.0,-14.6223,,,,,,,,10,19.8919,0.0,19.8919,-19.8919,0.0,0.0,-1.0,-14.6223,,,,,,,,23,183.46719999999996,0.0,183.46719999999996,-183.46719999999996,0.0,0.0,-1.0,-69.3693,,,,,,,,208,7791.495689999994,6084.272590999995,1707.2230989999991,4377.049491999999,0.7808863449425845,0.625,0.5617726898851692,4167.521852999998,,,,,,,,,,,,,60,,,
5m,300,btc-up-or-down-5m,btc-updown-5m,btc-updown-5m-1780753800,0xd8e692fdd46dc71d76534c5ec7c05a7e4c648d2bf78ffc256c6a8a24c92b95f4,1780753800,1780754100,2026-06-06T13:50:00Z,2026-06-06T13:55:00Z,True,60790.345830000006,60753.68238433571,gamma_finalPrice,,,,,,,,,Down,-36.66344566429325,36.66344566429325,6.031129641345099,85715.85923299995,0.01,0.5,0.51,3246,3246,0,ok,,,,,,,,13,325.71999999999997,195.6537,130.06629999999998,65.5874,0.6006806459535797,0.07692307692307693,0.20136129190715954,99.99,,,,,,,,108,3279.9184219999984,3005.9866219999976,273.9318,2732.0548219999973,0.9164821301156127,0.7592592592592593,0.8329642602312256,2266.9262249999997,,,,,,,,175,4794.994805999998,4440.170007999997,354.82479799999993,4085.3452099999963,0.9260010047235073,0.7542857142857143,0.8520020094470147,2266.9262249999997,,,,,,,,345,6849.9928129999935,6242.193120999996,607.7996919999998,5634.393428999998,0.9112700248609737,0.6985507246376812,0.8225400497219475,2266.9262249999997,,,,,,,,609,11155.640160999987,8664.163283999998,2491.4768770000005,6172.686407000003,0.7766621331413891,0.6715927750410509,0.5533242662827774,2266.9262249999997,,,,,,,,,,,,,60,,,
5m,300,btc-up-or-down-5m,btc-updown-5m,btc-updown-5m-1780754100,0x9d2813af0c95d3ce95eb450caf92b8304038b3f1987025f0a548d3f6a7cf6f9e,1780754100,1780754400,2026-06-06T13:55:00Z,2026-06-06T14:00:00Z,True,60753.68238433571,60772.68234834413,gamma_finalPrice,,,,,,,,,Up,18.999964008420648,18.999964008420648,3.1273765248046033,66859.58395599993,0.99,0.45,0.46,2815,2815,0,ok,,,,,,,,102,1059.5652740000003,835.331075,224.234199,611.0968760000001,0.7883715099934465,0.6372549019607843,0.5767430199868931,314.42927199999997,,,,,,,,124,1431.600586,1099.1439880000003,332.456598,766.68739,0.7677727983271447,0.6693548387096774,0.5355455966542891,314.42927199999997,,,,,,,,201,2022.1835419999986,1577.7243479999988,444.4591940000001,1133.2651539999997,0.7802082823993233,0.6616915422885572,0.560416564798647,314.42927199999997,,,,,,,,367,5192.399724999995,4331.1294329999955,861.2702919999999,3469.859140999997,0.8341286615794973,0.6566757493188011,0.6682573231589948,593.1167550000001,,,,,,,,663,8595.039555999989,7089.0796839999875,1505.9598719999985,5583.119811999996,0.8247873250392749,0.6832579185520362,0.6495746500785509,593.1167550000001,,,,,,,,,,,,,60,,,
5m,300,btc-up-or-down-5m,btc-updown-5m,btc-updown-5m-1780754400,0x2844e4ce6b9934f7023929cbdadf78637d1e208c9072e3919080b8d8c1dca17f,1780754400,1780754700,2026-06-06T14:00:00Z,2026-06-06T14:05:00Z,True,60772.68234834413,60919.01638801843,gamma_finalPrice,,,,,,,,,Up,146.3340396742933,146.3340396742933,24.078917372038696,76382.32082800011,0.99,0.5,0.51,2276,2276,0,ok,,,,,,,,1,1.0,0.0,1.0,-1.0,0.0,0.0,-1.0,-1.0,,,,,,,,1,1.0,0.0,1.0,-1.0,0.0,0.0,-1.0,-1.0,,,,,,,,2,1.12,0.0,1.12,-1.12,0.0,0.0,-1.0,-1.0,,,,,,,,9,475.94340000000005,0.0,475.94340000000005,-475.94340000000005,0.0,0.0,-1.0,-471.2598,,,,,,,,153,3268.849537000002,2340.944137000001,927.9053999999999,1413.0387370000012,0.7161370110501968,0.6143790849673203,0.4322740221003939,805.8402990000005,,,,,,,,,,,,,60,,,
5m,300,btc-up-or-down-5m,btc-updown-5m,btc-updown-5m-1780754700,0xab37900d6ecdb7af1ddbc39f9efe7c51b84973f4f4589e5821855de777c3bf8b,1780754700,1780755000,2026-06-06T14:05:00Z,2026-06-06T14:10:00Z,True,60919.01638801843,60862.15435377079,gamma_finalPrice,,,,,,,,,Down,-56.862034247635165,56.862034247635165,9.334036827754627,104744.440939,0.01,0.54,0.55,3456,3456,0,truncated_http_400_at_offset_3500,,,,,,,,169,6520.029122999999,6045.350935,474.6781880000001,5570.672747000002,0.9271969221233187,0.6863905325443787,0.8543938442466376,4127.037938,,,,,,,,240,7028.773336999996,6143.430231999999,885.3431050000005,5258.0871270000025,0.8740401685256396,0.6083333333333333,0.7480803370512793,4127.037938,,,,,,,,372,8264.45907799999,6742.861791999992,1521.5972860000004,5221.264505999996,0.8158866452554053,0.6317204301075269,0.6317732905108108,4127.037938,,,,,,,,725,11934.163752999959,8602.425307999985,3331.7384450000004,5270.686862999999,0.7208234683253399,0.5655172413793104,0.4416469366506787,4127.037938,,,,,,,,1143,16696.78110499995,10731.684757999981,5965.096347000001,4766.588410999997,0.642739740702854,0.5336832895888014,0.2854794814057072,4127.037938,,,,,,,,,,,,,60,,,
5m,300,btc-up-or-down-5m,btc-updown-5m,btc-updown-5m-1780755000,0x2cc5397638637f0ec9f1941010bea33e4a79c8daa50b251c102f06ce9bb0235c,1780755000,1780755300,2026-06-06T14:10:00Z,2026-06-06T14:15:00Z,True,60862.15435377079,60873.9318291719,gamma_finalPrice,,,,,,,,,Up,11.777475401111587,11.777475401111587,1.935106557788469,74822.093283,0.99,0.5,0.51,3126,3126,0,ok,,,,,,,,129,2513.222538999997,2308.736142999998,204.48639599999996,2104.249746999999,0.9186357782381803,0.8062015503875969,0.8372715564763608,1557.1174349999992,,,,,,,,230,3639.7527019999993,3315.8232139999986,323.92948800000005,2991.8937259999984,0.91100233600431,0.7478260869565218,0.8220046720086202,1557.1174349999992,,,,,,,,327,4420.636533999991,3914.122164999998,506.5143690000002,3407.6077959999966,0.8854204897633428,0.6788990825688074,0.7708409795266836,1557.1174349999992,,,,,,,,507,6031.7763349999805,5074.756291,957.0200440000003,4117.7362469999925,0.8413369477169144,0.6706114398422091,0.6826738954338243,1557.1174349999992,,,,,,,,821,8812.492777999963,6476.6508019999965,2335.8419759999965,4140.808825999999,0.7349397003954088,0.5919610231425091,0.469879400790814,1557.1174349999992,,,,,,,,,,,,,60,,,
5m,300,btc-up-or-down-5m,btc-updown-5m,btc-updown-5m-1780755300,0x78a2f875c8a26115c496284041a4125a74a54278ffdfb2c90be0c6399e2d7796,1780755300,1780755600,2026-06-06T14:15:00Z,2026-06-06T14:20:00Z,True,60873.9318291719,60956.74869361175,gamma_finalPrice,,,,,,,,,Up,82.81686443984654,82.81686443984654,13.604651769866324,59278.670161999944,0.99,0.67,0.68,3031,3031,0,ok,,,,,,,,4,106.7221,0.0,106.7221,-106.7221,0.0,0.0,-1.0,-55.1331,,,,,,,,9,131.3936,0.0,131.3936,-131.3936,0.0,0.0,-1.0,-55.1331,,,,,,,,20,184.0126,0.0,184.0126,-184.0126,0.0,0.0,-1.0,-55.1331,,,,,,,,210,8628.256323999994,7782.001025999995,846.2552980000005,6935.745727999994,0.9019204731266396,0.6428571428571429,0.8038409462532791,4315.78366,,,,,,,,640,12107.684724999957,10178.55447299998,1929.1302519999986,8249.42422100001,0.8406689391228773,0.6328125,0.6813378782457551,4315.78366,,,,,,,,,,,,,60,,,
5m,300,btc-up-or-down-5m,btc-updown-5m,btc-updown-5m-1780755600,0x5b544676213c7ba631a3d76719aacc1570c34eac4e951807107e15eb40ecdc50,1780755600,1780755900,2026-06-06T14:20:00Z,2026-06-06T14:25:00Z,True,60956.74869361175,60886.859022332836,gamma_finalPrice,,,,,,,,,Down,-69.88967127891374,69.88967127891374,11.465452599875649,59599.14212399973,0.01,0.5,0.51,2751,2751,0,ok,,,,,,,,1,0.1,0.0,0.1,-0.1,0.0,0.0,-1.0,-0.1,,,,,,,,3,10.1,0.0,10.1,-10.1,0.0,0.0,-1.0,-10.0,,,,,,,,3,10.1,0.0,10.1,-10.1,0.0,0.0,-1.0,-10.0,,,,,,,,99,1023.6074710000016,874.6010710000006,149.00639999999999,725.594671,0.8544301363349459,0.797979797979798,0.7088602726698923,336.51516899999996,,,,,,,,304,7047.927032999992,6432.883535999995,615.0434970000001,5817.840038999996,0.9127341281882994,0.7927631578947368,0.8254682563765985,2310.9283819999996,,,,,,,,,,,,,60,,,
5m,300,btc-up-or-down-5m,btc-updown-5m,btc-updown-5m-1780755900,0x1a804507d24120710d5fe1418bcf43a3e94dae4cca0c9c220d103e939678a00e,1780755900,1780756200,2026-06-06T14:25:00Z,2026-06-06T14:30:00Z,True,60886.859022332836,60854.637534706686,gamma_finalPrice,,,,,,,,,Down,-32.22148762614961,32.22148762614961,5.292026579057234,67178.05158000012,0.01,0.18,0.19,2436,2436,0,ok,,,,,,,,20,529.382962,512.733462,16.6495,496.08396200000004,0.968549233361991,0.85,0.937098466723982,489.943684,,,,,,,,40,692.8256619999999,535.586762,157.2389,378.34786199999996,0.7730469458274773,0.475,0.5460938916549544,489.943684,,,,,,,,72,3250.8208369999984,2805.6790369999994,445.1418,2360.537236999999,0.8630678766010386,0.5416666666666666,0.7261357532020767,1396.4047,,,,,,,,185,6316.958758999987,5825.043560999989,491.91519800000003,5333.128362999988,0.9221278439883511,0.745945945945946,0.844255687976702,1396.4047,,,,,,,,424,9463.043191999974,8523.499711999984,939.5434799999999,7583.956231999983,0.900714446617524,0.7405660377358491,0.8014288932350467,1396.4047,,,,,,,,,,,,,60,,,
5m,300,btc-up-or-down-5m,btc-updown-5m,btc-updown-5m-1780756200,0x3e553555c6cb4f797f6ee7a6e8a0526effded01291faf34db6b82cc0452676a0,1780756200,1780756500,2026-06-06T14:30:00Z,2026-06-06T14:35:00Z,True,60854.637534706686,60914.01790508194,gamma_finalPrice,,,,,,,,,Up,59.38037037525646,59.38037037525646,9.757739554588683,74109.5804239999,0.99,0.5,0.51,2758,2758,0,ok,,,,,,,,1,0.2772,0.0,0.2772,-0.2772,0.0,0.0,-1.0,-0.2772,,,,,,,,6,19.9202,0.0,19.9202,-19.9202,0.0,0.0,-1.0,-13.98,,,,,,,,10,82.9144,0.0,82.9144,-82.9144,0.0,0.0,-1.0,-48.2922,,,,,,,,145,7007.578442999994,6309.637347999994,697.941095,5611.696252999994,0.9004019575839087,0.6758620689655173,0.8008039151678175,3295.88685,,,,,,,,470,10519.547152999996,8924.789263999979,1594.7578889999998,7330.031374999982,0.8484005189762167,0.6787234042553192,0.6968010379524352,3295.88685,,,,,,,,,,,,,60,,,
5m,300,btc-up-or-down-5m,btc-updown-5m,btc-updown-5m-1780756500,0x48044aeb98d7a7e7abfa130d39b59a4cb225c5e71a2b98e774034851bc095868,1780756500,1780756800,2026-06-06T14:35:00Z,2026-06-06T14:40:00Z,True,60914.01790508194,60931.690967680865,gamma_finalPrice,,,,,,,,,Up,17.673062598922115,17.673062598922115,2.9013129008270004,73337.80817600008,0.99,0.76,0.77,3054,3054,0,ok,,,,,,,,92,4549.901179999999,4282.144681999998,267.75649799999997,4014.3881840000004,0.9411511399023395,0.7391304347826086,0.8823022798046795,3659.0071529999996,,,,,,,,214,6241.903418999997,5699.2258239999965,542.6775950000001,5156.548228999997,0.9130589567681998,0.7383177570093458,0.8261179135363997,3659.0071529999996,,,,,,,,295,7044.418329999991,6184.5463449999925,859.8719850000003,5324.6743599999945,0.8779357010446028,0.6745762711864407,0.7558714020892057,3659.0071529999996,,,,,,,,495,9583.91933999998,7577.357690999991,2006.5616489999998,5570.796041999999,0.7906324565331752,0.5898989898989899,0.58126491306635,3659.0071529999996,,,,,,,,856,12301.437562999947,9421.258955999981,2880.1786070000016,6541.080349000001,0.7658665020043741,0.5665887850467289,0.5317330040087469,3659.0071529999996,,,,,,,,,,,,,60,,,
5m,300,btc-up-or-down-5m,btc-updown-5m,btc-updown-5m-1780756800,0xd1ecb9ff6d66ad2fcd61df85b6b346fbf17566e5c572dcdc1ea39df5776f051e,1780756800,1780757100,2026-06-06T14:40:00Z,2026-06-06T14:45:00Z,True,60931.690967680865,60925.8585780219,gamma_finalPrice,,,,,,,,,Down,-5.83238965896453,5.83238965896453,0.9572013456935115,71561.61225400008,0.01,0.5,0.51,2795,2795,0,ok,,,,,,,,89,1499.427109,1303.8525359999999,195.57457300000002,1108.2779630000002,0.8695671354571994,0.5393258426966292,0.7391342709143991,461.00535900000006,,,,,,,,164,2313.231180999999,1930.489415,382.741766,1547.7476490000006,0.8345423625862843,0.6036585365853658,0.6690847251725686,461.00535900000006,,,,,,,,249,3026.551455,2398.2301950000005,628.32126,1769.908935,0.7923969675248759,0.5823293172690763,0.5847939350497512,461.00535900000006,,,,,,,,478,4802.034014999998,3182.9169730000017,1619.1170419999987,1563.7999310000012,0.662826827768733,0.5251046025104602,0.32565365553746534,461.00535900000006,,,,,,,,834,8391.768596999982,4455.765724999999,3936.0028719999996,519.7628530000006,0.5309686120983977,0.4856115107913669,0.06193722419679368,461.00535900000006,,,,,60911.485380067505,0,2.3594076420474934,-2.3594076420474934,,,,,60,,,
5m,300,btc-up-or-down-5m,btc-updown-5m,btc-updown-5m-1780757100,0x50ed161538e8e144e7a9841c1d1235e3a18fed072fb19f59d90651e001251c1b,1780757100,1780757400,2026-06-06T14:45:00Z,2026-06-06T14:50:00Z,True,60925.8585780219,60947.7388768966,gamma_finalPrice,,,,,,,,,Up,21.880298874697473,21.880298874697473,3.591299225874261,87105.97557499977,0.99,0.35,0.36,3051,3051,0,ok,,,,,,,,102,1579.1634639999997,1532.0689639999998,47.094500000000004,1484.974464,0.9701775648477137,0.9313725490196079,0.9403551296954272,1087.3003300000003,,,,,,,,174,2031.3304539999988,1904.5570559999987,126.77339799999999,1777.7836579999987,0.9375909528898344,0.8103448275862069,0.8751819057796688,1087.3003300000003,,,,,,,,242,3220.0027969999987,2470.7208,749.2819969999999,1721.4388029999989,0.7673039297673632,0.7479338842975206,0.5346078595347256,1087.3003300000003,,,,,,,,490,6269.7261309999985,4957.790939,1311.9351919999997,3645.855746999996,0.7907507976284206,0.7061224489795919,0.5815015952568402,1087.3003300000003,60918.86470342232,0,-6.993874599582341,1.1479320542731386,Down,1,4.738652455437878,847,10094.729128999983,7491.087782999998,2603.6413460000003,4887.446436999996,0.7420791273615966,0.6552538370720189,0.48415825472319163,1087.3003300000003,,,,,,,,,,,,,60,1.1479320542731386,Down,4.738652455437878
5m,300,btc-up-or-down-5m,btc-updown-5m,btc-updown-5m-1780757400,0x4a140ae740ef82c9bf55c00dc64ffc2e62e865f59ae5260fd2b60d4a1ea79a2d,1780757400,1780757700,2026-06-06T14:50:00Z,2026-06-06T14:55:00Z,True,60947.7388768966,60928.91112555785,gamma_finalPrice,,,,,,,,,Down,-18.827751338751114,18.827751338751114,3.0891632217529454,86833.87033399989,0.01,,0.01,3049,3049,0,ok,,,,,,,,85,1666.7974840000008,1602.9378840000008,63.8596,1539.0782840000008,0.9616872471832937,0.9411764705882353,0.9233744943665874,1174.4941260000007,,,,,,,,135,3005.5539719999992,2881.270571999999,124.2834,2756.987171999999,0.9586487545531256,0.8444444444444444,0.9172975091062513,1174.4941260000007,,,,,,,,194,3428.560768999999,3214.7504769999978,213.81029200000006,3000.940184999997,0.9376384709487408,0.7989690721649485,0.8752769418974817,1174.4941260000007,,,,,,,,562,6702.16046199999,5074.127454999996,1628.033006999999,3446.094447999995,0.7570883275280204,0.5765124555160143,0.5141766550560395,1174.4941260000007,,,,,,,,884,11339.95806299998,8796.850469999994,2543.107592999999,6253.742876999983,0.7757392418145144,0.5995475113122172,0.5514784836290266,1174.4941260000007,,,,,,,,,,,,,60,,,
5m,300,btc-up-or-down-5m,btc-updown-5m,btc-updown-5m-1780757700,0xaf8d518711226653b05a90d2200d2c5bc4831c66d8b9d079051821ec60875171,1780757700,1780758000,2026-06-06T14:55:00Z,2026-06-06T15:00:00Z,True,60928.91112555785,60764.78312,gamma_finalPrice,,,,,,,,,Down,-164.12800555784634,164.12800555784634,26.937623293418678,71481.70861099988,0.01,0.31,0.32,1927,1927,0,ok,,,,,,,,0,0.0,0.0,0.0,0.0,,,,0.0,,,,,,,,1,5.01,0.0,5.01,-5.01,0.0,0.0,-1.0,-5.01,,,,,,,,2,5.26,0.0,5.26,-5.26,0.0,0.0,-1.0,-5.01,,,,,,,,7,218.2398,0.0,218.2398,-218.2398,0.0,0.0,-1.0,-100.05,,,,,,,,12,327.4876,0.0,327.4876,-327.4876,0.0,0.0,-1.0,-100.05,,,,,,,,,,,,,60,,,
5m,300,btc-up-or-down-5m,btc-updown-5m,btc-updown-5m-1780758000,0x7b4578700ee0a51b35314eff5ac4ec9c355b2b2ea920abd1e3f20f048e6cbb52,1780758000,1780758300,2026-06-06T15:00:00Z,2026-06-06T15:05:00Z,True,60764.78312,60603.56499,gamma_finalPrice,,,,,,,,,Down,-161.2181300000011,161.2181300000011,26.531507515072178,101863.70067999973,0.01,,0.01,2972,2972,0,ok,,,,,,,,0,0.0,0.0,0.0,0.0,,,,0.0,,,,,,,,0,0.0,0.0,0.0,0.0,,,,0.0,,,,,,,,4,7.8681,0.0,7.8681,-7.8681,0.0,0.0,-1.0,-7.3681,,,,,,,,8,34.6284,0.0,34.6284,-34.6284,0.0,0.0,-1.0,-14.781200000000002,,,,,,,,52,911.6579780000003,191.24047799999997,720.4175000000001,-529.1770220000001,0.209772176205318,0.36538461538461536,-0.5804556475893637,-419.2953,,,,,,,,,,,,,60,,,
5m,300,btc-up-or-down-5m,btc-updown-5m,btc-updown-5m-1780758300,0xa826b230e5d9edd78058da6427c055522972b2af6248f118e79b856fcfc62a35,1780758300,1780758600,2026-06-06T15:05:00Z,2026-06-06T15:10:00Z,True,60603.56499,60690.79172595585,gamma_finalPrice,,,,,,,,,Up,87.22673595585366,87.22673595585366,14.39300410301715,89092.22473799979,0.99,0.52,0.53,3471,3471,0,truncated_http_400_at_offset_3500,,,,,,,,5,291.4863,0.0,291.4863,-291.4863,0.0,0.0,-1.0,-154.1925,,,,,,,,15,594.2382,0.0,594.2382,-594.2382,0.0,0.0,-1.0,-154.1925,,,,,,,,156,4134.966820999999,3443.4005210000005,691.5663000000001,2751.834220999999,0.8327516688918074,0.782051282051282,0.665503337783614,1172.8763610000003,,,,,,,,393,7395.132535999985,5783.181653999995,1611.950881999999,4171.2307720000035,0.7820254235941131,0.7099236641221374,0.5640508471882257,1172.8763610000003,,,,,,,,950,12844.411324999966,9802.528813999988,3041.8825110000043,6760.646303000011,0.7631746263778277,0.6810526315789474,0.5263492527556555,1172.8763610000003,,,,,,,,,,,,,60,,,
5m,300,btc-up-or-down-5m,btc-updown-5m,btc-updown-5m-1780758600,0x72c4c57b1c4655d73f9825c234cfc2a2ad750ae6815a000e7e8f80a2d2db1209,1780758600,1780758900,2026-06-06T15:10:00Z,2026-06-06T15:15:00Z,True,60690.79172595585,60588.234271902846,gamma_finalPrice,,,,,,,,,Down,-102.55745405300695,102.55745405300695,16.89835494585348,65282.91158699994,0.01,,0.01,2370,2370,0,ok,,,,,,,,1,6.5934,0.0,6.5934,-6.5934,0.0,0.0,-1.0,-6.5934,,,,,,,,1,6.5934,0.0,6.5934,-6.5934,0.0,0.0,-1.0,-6.5934,,,,,,,,3,46.1637,0.0,46.1637,-46.1637,0.0,0.0,-1.0,-34.6203,,,,,,,,10,112.98920000000001,0.0,112.98920000000001,-112.98920000000001,0.0,0.0,-1.0,-34.6203,,,,,,,,186,4191.782951999994,3753.0061519999963,438.7768,3314.229351999997,0.8953245420804415,0.7473118279569892,0.7906490841608828,1389.8272989999998,,,,,,,,,,,,,60,,,
5m,300,btc-up-or-down-5m,btc-updown-5m,btc-updown-5m-1780758900,0x90552ab77e2fe8f17356690b05b6071837aeaee31fbff16fc6e4c6e407d0d7a2,1780758900,1780759200,2026-06-06T15:15:00Z,2026-06-06T15:20:00Z,True,60588.234271902846,60450.16208,gamma_finalPrice,,,,,,,,,Down,-138.07219190284377,138.07219190284377,22.788614582034995,76684.59355299988,0.01,0.49,0.5,2882,2882,0,ok,,,,,,,,2,63.3105,0.0,63.3105,-63.3105,0.0,0.0,-1.0,-63.3105,,,,,,,,4,64.56049999999999,0.0,64.56049999999999,-64.56049999999999,0.0,0.0,-1.0,-63.3105,,,,,,,,8,72.18329999999999,0.0,72.18329999999999,-72.18329999999999,0.0,0.0,-1.0,-63.3105,,,,,,,,15,206.91299999999995,0.0,206.91299999999995,-206.91299999999995,0.0,0.0,-1.0,-63.3105,,,,,,,,39,415.90409999999997,0.0,415.90409999999997,-415.90409999999997,0.0,0.0,-1.0,-82.69,,,,,,,,,,,,,60,,,
5m,300,btc-up-or-down-5m,btc-updown-5m,btc-updown-5m-1780759200,0xe51b3a728e3dc5200d62b1e55a6e58717117d109081eca5eb4776a48321a45e8,1780759200,1780759500,2026-06-06T15:20:00Z,2026-06-06T15:25:00Z,True,60450.16208,60524.5395664258,gamma_finalPrice,,,,,,,,,Up,74.37748642580118,74.37748642580118,12.303934988192372,72536.09510600008,0.99,0.96,0.97,2839,2839,0,ok,,,,,,,,3,96.45570000000001,0.0,96.45570000000001,-96.45570000000001,0.0,0.0,-1.0,-80.8137,,,,,,,,8,303.66270000000003,0.0,303.66270000000003,-303.66270000000003,0.0,0.0,-1.0,-120.1266,,,,,,,,86,3077.3148959999994,2421.984496,655.3304,1766.6540959999986,0.7870447379786123,0.6744186046511628,0.5740894759572239,1052.8875580000001,,,,,,,,241,6283.888752999998,5244.331452999997,1039.5573000000002,4204.774152999997,0.8345678383463258,0.7510373443983402,0.6691356766926516,1052.8875580000001,,,,,,,,514,8994.889982999997,7542.638204999999,1452.2517779999985,6090.386427000002,0.8385470216150838,0.7334630350194552,0.6770940432301676,1052.8875580000001,,,,,,,,,,,,,60,,,
5m,300,btc-up-or-down-5m,btc-updown-5m,btc-updown-5m-1780759500,0xb9412b6851e8767bfac6f91a7908708859576b23aea4bd05bd9345f8e808f810,1780759500,1780759800,2026-06-06T15:25:00Z,2026-06-06T15:30:00Z,True,60524.5395664258,60643.115654817564,gamma_finalPrice,,,,,,,,,Up,118.576088391761,118.576088391761,19.591406930344924,55720.947576999955,0.99,0.51,0.52,2145,2145,0,ok,,,,,,,,0,0.0,0.0,0.0,0.0,,,,0.0,,,,,,,,2,15.719999999999999,0.0,15.719999999999999,-15.719999999999999,0.0,0.0,-1.0,-9.78,,,,,,,,2,15.719999999999999,0.0,15.719999999999999,-15.719999999999999,0.0,0.0,-1.0,-9.78,,,,,,,,4,21.8185,0.0,21.8185,-21.8185,0.0,0.0,-1.0,-9.78,,,,,,,,196,5884.060849999993,5490.054450999994,394.00639899999993,5096.048051999996,0.9330383541155935,0.7755102040816326,0.8660767082311873,1628.701478,,,,,,,,,,,,,60,,,
5m,300,btc-up-or-down-5m,btc-updown-5m,btc-updown-5m-1780759800,0xd201e7dbe02e644ca2e758f58788869c7c1176e8d188fe9dde4fc2ed57e3da91,1780759800,1780760100,2026-06-06T15:30:00Z,2026-06-06T15:35:00Z,True,60643.115654817564,60693.55040926264,gamma_finalPrice,,,,,,,,,Up,50.43475444507931,50.43475444507931,8.316649614798067,102248.04365499994,0.99,0.88,0.89,3480,3480,0,truncated_http_400_at_offset_3500,,,,,,,,11,1234.5054,0.0,1234.5054,-1234.5054,0.0,0.0,-1.0,-1052.469,,,,,,,,23,1517.9851,0.0,1517.9851,-1517.9851,0.0,0.0,-1.0,-1052.469,,,,,,,,79,7881.970246999997,5937.391646999999,1944.5786,3992.8130469999996,0.7532877517851408,0.4177215189873418,0.5065755035702816,2840.4364990000004,,,,,,,,388,12670.353172999983,9809.692481999991,2860.6606910000005,6949.031790999992,0.774224076318887,0.7061855670103093,0.5484481526377735,2840.4364990000004,,,,,,,,936,19979.65244399996,14623.714689999957,5355.937754,9267.776935999978,0.7319303842240543,0.6816239316239316,0.4638607684481099,2840.4364990000004,,,,,,,,,,,,,60,,,
5m,300,btc-up-or-down-5m,btc-updown-5m,btc-updown-5m-1780760100,0x594bbc7e81e7a39df3f0e8af68b01e92f79545c671f670bb63d6c630521a3c86,1780760100,1780760400,2026-06-06T15:35:00Z,2026-06-06T15:40:00Z,True,60693.55040926264,60764.27305028317,gamma_finalPrice,,,,,,,,,Up,70.72264102052577,70.72264102052577,11.652414555358185,79498.8766269999,0.99,0.46,0.47,2745,2745,0,ok,,,,,,,,3,101.93140000000001,0.0,101.93140000000001,-101.93140000000001,0.0,0.0,-1.0,-95.33800000000001,,,,,,,,7,212.894,0.0,212.894,-212.894,0.0,0.0,-1.0,-95.33800000000001,,,,,,,,22,366.38050000000004,0.0,366.38050000000004,-366.38050000000004,0.0,0.0,-1.0,-95.33800000000001,,,,,,,,251,10560.241403000002,9569.437204999998,990.8041979999998,8578.633006999997,0.9061759897156773,0.5856573705179283,0.8123519794313546,7006.550021,,,,,,,,630,14425.077067999984,11712.305605999984,2712.771461999999,8999.534143999985,0.8119405914289426,0.6206349206349207,0.6238811828578852,7006.550021,,,,,,,,,,,,,60,,,
5m,300,btc-up-or-down-5m,btc-updown-5m,btc-updown-5m-1780760400,0x0774d164c7eff6556c784c0dd9dbb4388100cac13fa9b5deac6e7645a8eb8dac,1780760400,1780760700,2026-06-06T15:40:00Z,2026-06-06T15:45:00Z,True,60764.27305028317,60830.562965914796,gamma_finalPrice,,,,,,,,,Up,66.28991563162708,66.28991563162708,10.909357144250105,67154.63305899997,0.99,0.99,1.0,2520,2520,0,ok,,,,,,,,3,8.7615,0.0,8.7615,-8.7615,0.0,0.0,-1.0,-6.6033,,,,,,,,5,119.1366,0.0,119.1366,-119.1366,0.0,0.0,-1.0,-110.3751,,,,,,,,8,266.2903,0.0,266.2903,-266.2903,0.0,0.0,-1.0,-140.47109999999998,,,,,,,,62,4749.992525999998,4183.646025999999,566.3465,3617.299526,0.8807689702878495,0.3870967741935484,0.7615379405756988,2279.0785,,,,,,,,346,8542.995224999979,7014.517230999988,1528.4779940000003,5486.039236999993,0.8210840631717672,0.6907514450867052,0.6421681263435338,2279.0785,,,,,,,,,,,,,60,,,
5m,300,btc-up-or-down-5m,btc-updown-5m,btc-updown-5m-1780760700,0xbeb611f72fdfbccb7894e7bcfdaab0c7db60a1ead6c9d2b2572d2f47958f794a,1780760700,1780761000,2026-06-06T15:45:00Z,2026-06-06T15:50:00Z,True,60830.562965914796,60775.51688763124,gamma_finalPrice,,,,,,,,,Down,-55.04607828355802,55.04607828355802,9.04908250058478,85076.48903299973,0.01,0.47,0.48,3266,3266,0,ok,,,,,,,,84,1571.8667319999997,1373.9558319999999,197.91090000000003,1176.0449320000002,0.8740918069128014,0.8333333333333334,0.7481836138256029,778.7042999999999,,,,,,,,143,3533.3135939999997,3069.6038940000003,463.7097,2605.8941940000004,0.8687606724782552,0.8531468531468531,0.7375213449565101,1008.5711320000001,,,,,,,,237,4869.402344000001,4383.1065450000015,486.295799,3896.810745999999,0.9001323438390328,0.869198312236287,0.8002646876780651,1008.5711320000001,,,,,,,,385,6378.631464999994,5558.922371999998,819.709093,4739.213279000001,0.8714913853390343,0.8181818181818182,0.7429827706780683,1008.5711320000001,,,,,,,,663,10293.198363999978,8249.420576999994,2043.7777869999986,6205.64279,0.8014438549879686,0.7375565610859729,0.6028877099759362,1008.5711320000001,,,,,,,,,,,,,60,,,
5m,300,btc-up-or-down-5m,btc-updown-5m,btc-updown-5m-1780761000,0x9d18b1b3cbbf16014f13a46cff59fc733b42c483d20c705cd5ea37be2f45e985,1780761000,1780761300,2026-06-06T15:50:00Z,2026-06-06T15:55:00Z,True,60775.51688763124,60733.08616269282,gamma_finalPrice,,,,,,,,,Down,-42.43072493841464,42.43072493841464,6.9815490038308425,64890.75217599993,0.01,0.1,0.11,2407,2407,0,ok,,,,,,,,6,68.49579999999999,0.0,68.49579999999999,-68.49579999999999,0.0,0.0,-1.0,-49.104,,,,,,,,12,161.1301,0.0,161.1301,-161.1301,0.0,0.0,-1.0,-61.9443,,,,,,,,69,3283.184064000001,2990.326364000001,292.85769999999997,2697.468664000001,0.9108007061769169,0.6811594202898551,0.8216014123538339,1435.504442,,,,,,,,181,5542.4706929999975,4991.010893999996,551.459799,4439.551094999998,0.90050289310569,0.7624309392265194,0.8010057862113805,1435.504442,,,,,,,,373,8605.658767999996,6845.119977999999,1760.5387899999998,5084.581188000002,0.7954207995619659,0.6809651474530831,0.5908415991239317,1435.504442,,,,,,,,,,,,,60,,,
5m,300,btc-up-or-down-5m,btc-updown-5m,btc-updown-5m-1780761300,0xdf5d41d27b2e909622777a5dd4d71e866920108d8d0cf8f36c33c8121ef531b3,1780761300,1780761600,2026-06-06T15:55:00Z,2026-06-06T16:00:00Z,True,60733.08616269282,60753.11858467638,gamma_finalPrice,,,,,,,,,Up,20.032421983552922,20.032421983552922,3.298436362988327,69068.62640800017,0.99,0.5,0.51,2518,2518,0,ok,,,,,,,,112,1546.343926,1517.358126,28.985799999999998,1488.3723260000002,0.9812552695990607,0.9375,0.9625105391981216,783.0664770000001,,,,,,,,140,1771.1202349999999,1733.866436,37.253799,1696.6126370000002,0.9789659683945738,0.9357142857142857,0.9579319367891477,783.0664770000001,,,,,,,,210,2582.030213000001,2348.969817,233.06039600000003,2115.9094209999994,0.909737541092049,0.8714285714285714,0.8194750821840978,783.0664770000001,,,,,,,,332,4678.056041000001,3981.0048560000014,697.051185,3283.953671000001,0.8509955462502338,0.7740963855421686,0.7019910925004672,783.0664770000001,,,,,,,,596,13038.611929999988,10713.335245999988,2325.276684,8388.058561999998,0.8216622523560295,0.6711409395973155,0.6433245047120599,2850.880697999999,,,,,,,,,,,,,60,,,
5m,300,btc-up-or-down-5m,btc-updown-5m,btc-updown-5m-1780761600,0x498537cb5c505e24a534ec232ffab05332ebfe511a4dd52c4304fba1d1f06a20,1780761600,1780761900,2026-06-06T16:00:00Z,2026-06-06T16:05:00Z,True,60753.11858467638,60880.39758787406,gamma_finalPrice,,,,,,,,,Up,127.27900319768378,127.27900319768378,20.950200773691158,76824.64687200001,0.99,0.21,0.22,2832,2832,0,ok,,,,,,,,6,13.0287,0.0,13.0287,-13.0287,0.0,0.0,-1.0,-6.5934,,,,,,,,7,23.0287,0.0,23.0287,-23.0287,0.0,0.0,-1.0,-10.0,,,,,,,,12,30.015,0.0,30.015,-30.015,0.0,0.0,-1.0,-10.0,,,,,,,,33,318.174407,105.22670699999999,212.9477,-107.72099300000002,0.3307202109439305,0.18181818181818182,-0.3385595781121391,-40.0257,,,,,,,,281,5854.984912999996,5199.297718999995,655.6871940000001,4543.610525000002,0.8880121462748505,0.7615658362989324,0.7760242925497023,1298.9285759999998,,,,,,,,,,,,,60,,,
5m,300,btc-up-or-down-5m,btc-updown-5m,btc-updown-5m-1780761900,0x56644c012f3cc3e756a1ff174bbe29ecf201b1bf1c02d961bc0e599ca79254ea,1780761900,1780762200,2026-06-06T16:05:00Z,2026-06-06T16:10:00Z,True,60880.39758787406,60797.31231847124,gamma_finalPrice,,,,,,,,,Down,-83.08526940282172,83.08526940282172,13.647294152916364,93099.71281899995,0.01,0.06,0.07,2360,2360,0,ok,,,,,,,,2,11.593399999999999,0.0,11.593399999999999,-11.593399999999999,0.0,0.0,-1.0,-6.5934,,,,,,,,6,200.4938,0.0,200.4938,-200.4938,0.0,0.0,-1.0,-186.91,,,,,,,,9,210.8695,0.0,210.8695,-210.8695,0.0,0.0,-1.0,-186.91,,,,,,,,104,2860.779085,2166.187585,694.5915,1471.5960850000006,0.7572019791245084,0.6826923076923077,0.5144039582490169,759.771989,,,,,,,,300,5934.426486999997,4775.987295999997,1158.4391909999997,3617.548105000002,0.8047934044616296,0.7066666666666667,0.6095868089232603,1009.405686,,,,,,,,,60754.61260238204,0,7.025757572071553,-7.025757572071553,60,,,
5m,300,btc-up-or-down-5m,btc-updown-5m,btc-updown-5m-1780762200,0x0f36e3092e36c2a8acff636943b8f358a2432867efbcbeeac326d4861003eb14,1780762200,1780762500,2026-06-06T16:10:00Z,2026-06-06T16:15:00Z,True,60797.31231847124,60754.61260238204,gamma_finalPrice,,,60754.61260238204,0,60754.61260238204,0,0.0,0.0,Down,-42.69971608919877,42.69971608919877,7.023290086497111,75171.89842799994,0.01,0.5,0.51,2818,2818,0,ok,60756.74616916675,0,-40.566149304489954,6.672358983896279,Down,0,0.35117157877251337,6,17.483900000000002,0.0,17.483900000000002,-17.483900000000002,0.0,0.0,-1.0,-9.6921,60756.40645822368,0,-40.90586024755612,6.728234964282827,Down,0,0.295258134716975,78,1867.4905680000002,1752.0272679999998,115.46329999999999,1636.5639679999997,0.9381719501139669,0.717948717948718,0.8763439002279338,1175.837537,60757.75290873914,0,-39.5594097321009,6.506769497453935,Down,0,0.5168702534241055,139,4555.324440000001,4388.75374,166.5707,4222.18304,0.9634338449008473,0.7913669064748201,0.9268676898016948,1546.287065,,,,,,,,274,6155.640357000001,5529.855357,625.785,4904.0703570000005,0.8983395774107599,0.7664233576642335,0.79667915482152,1546.287065,,,,,,,,674,10926.823073999998,9369.504826999999,1557.318246999999,7812.18658,0.8574774903507328,0.6884272997032641,0.7149549807014658,1546.287065,60748.45675945048,0,1.013281881546437,-1.013281881546437,60775.921083609814,0,-3.5066877104619048,3.5066877104619048,60747.92999969163,0,1.0999938855656652,-1.0999938855656652,60,,,
5m,300,btc-up-or-down-5m,btc-updown-5m,btc-updown-5m-1780762500,0x80b2086ac0d1fc073b59f4a5c490635f165f16818a66a2cd3efc0a6ffad8e21e,1780762500,1780762800,2026-06-06T16:15:00Z,2026-06-06T16:20:00Z,True,60754.61260238204,60747.92999969163,gamma_finalPrice,60754.61260238204,0,60747.92999969163,0,60747.92999969163,0,0.0,0.0,Down,-6.682602690409112,6.682602690409112,1.099933388456353,86029.51626899988,0.01,0.45,0.46,3309,3309,0,truncated_http_400_at_offset_3500,60746.317586077705,0,-8.29501630433515,1.3653311162764163,Down,0,-0.2654304456477554,101,1482.6554919999999,1324.8886929999999,157.766799,1167.1218939999999,0.8935917346603671,0.8415841584158416,0.7871834693207341,672.0395160000002,60748.310996942615,0,-6.301605439424748,1.0372225530704278,Down,0,0.06271753724390276,151,2054.152668999999,1784.0879719999994,270.064697,1514.0232749999996,0.8685274463404551,0.7748344370860927,0.7370548926809102,672.0395160000002,60746.77780104485,0,-7.834801337186946,1.2895813176298259,Down,0,-0.18967059021248459,283,3578.6257189999983,2876.430641999997,702.1950769999997,2174.2355649999986,0.8037807996315913,0.6784452296819788,0.6075615992631834,672.0395160000002,60752.12151738577,0,-2.49108499626891,0.41002401127502874,Down,0,0.6899614680767382,481,6831.629748999999,5192.661514999996,1638.9682339999977,3553.6932809999935,0.7600911796720378,0.6424116424116424,0.5201823593440754,712.3253989999998,60770.69974076488,0,16.08713838284166,2.6478875749116244,Up,1,3.7475309569183373,946,12428.394986999974,8024.417737999985,4403.977248999994,3620.440488999996,0.6456519724705786,0.5655391120507399,0.2913039449411573,969.1105850000001,60734.984955237625,0,2.13117120342488,-2.13117120342488,60708.0189929529,0,6.572096057261873,-6.572096057261873,60689.61911,0,9.603437256534939,-9.603437256534939,60,2.6478875749116244,Up,3.7475309569183373
5m,300,btc-up-or-down-5m,btc-updown-5m,btc-updown-5m-1780762800,0x954e2764f2a3b053b33cf4f93c886c8158d72e3952beee5c4f623616e0c2f53b,1780762800,1780763100,2026-06-06T16:20:00Z,2026-06-06T16:25:00Z,True,60747.92999969163,60689.61911,gamma_finalPrice,60747.92999969163,0,60689.61911,0,60689.61911,0,0.0,0.0,Down,-58.31088969163102,58.31088969163102,9.598827431967973,84628.96322000005,0.01,0.5,0.51,2170,2170,0,ok,60682.62175909972,0,-65.30824059191218,10.75069398944848,Down,0,-1.153039749110782,1,6.5934,0.0,6.5934,-6.5934,0.0,0.0,-1.0,-6.5934,60694.52194493609,0,-53.40805475554225,8.791748913224428,Down,0,0.8078213341786427,2,7.5934,0.0,7.5934,-7.5934,0.0,0.0,-1.0,-6.5934,60689.15350990222,0,-58.776489789408515,9.675472034965946,Down,0,-0.07671853780191833,6,23.8434,0.0,23.8434,-23.8434,0.0,0.0,-1.0,-10.0,60670.63258387661,0,-77.2974158150173,12.724288023544124,Down,0,-3.128953016046526,105,4447.988569,4397.604168999999,50.3844,4347.219769,0.9886725428317977,0.819047619047619,0.9773450856635959,2383.9066349999994,60670.709339721885,0,-77.22065996974561,12.711652885972839,Down,0,-3.1163017886829487,222,7450.3168329999935,6716.321132999993,733.9956999999999,5982.3254329999945,0.9014812770446374,0.7297297297297297,0.8029625540892752,2383.9066349999994,60680.810815,0,1.4514729857860709,-1.4514729857860709,60721.87286174338,0,-5.313130079917264,5.313130079917264,60593.73963807572,0,15.810823988953016,-15.810823988953016,60,12.711652885972839,Down,-3.1163017886829487
5m,300,btc-up-or-down-5m,btc-updown-5m,btc-updown-5m-1780763100,0x8a49950675822f2949bda510ce39645324abf2ecef96af4f0a2b9786a085335b,1780763100,1780763400,2026-06-06T16:25:00Z,2026-06-06T16:30:00Z,True,60689.61911,60593.73963807572,gamma_finalPrice,60689.61911,0,60593.73963807572,0,60593.73963807572,0,0.0,0.0,Down,-95.87947192427964,95.87947192427964,15.79833146596257,82213.06333400014,0.01,0.1,0.11,2780,2780,0,ok,60598.86465042968,0,-90.75445957032207,14.95386870130615,Down,0,0.8457632191500096,2,18.1482,0.0,18.1482,-18.1482,0.0,0.0,-1.0,-14.01,60596.50446001352,0,-93.11464998647716,15.34276394414451,Down,0,0.4562779716897711,2,18.1482,0.0,18.1482,-18.1482,0.0,0.0,-1.0,-14.01,60597.299656509254,0,-92.31945349074522,15.211737170967593,Down,0,0.5875052240296338,2,18.1482,0.0,18.1482,-18.1482,0.0,0.0,-1.0,-14.01,60603.79369194429,0,-85.82541805571236,14.14169660550245,Down,0,1.659118567083551,21,287.6719,0.0,287.6719,-287.6719,0.0,0.0,-1.0,-116.20970000000001,60627.146535,0,-62.47257499999978,10.29378267917091,Down,0,5.511739573049557,361,9954.316593999982,8845.142696999992,1109.1738970000001,7735.9688000000015,0.8885735764453634,0.8005540166204986,0.7771471528907267,1617.2060300000007,60546.363310607885,0,7.821741723843719,-7.821741723843719,60587.55171816893,0,1.0212665408851225,-1.0212665408851225,60490.22771124924,0,17.097548801632826,-17.097548801632826,60,10.29378267917091,Down,5.511739573049557
5m,300,btc-up-or-down-5m,btc-updown-5m,btc-updown-5m-1780763400,0x6f323839f139e68e79a254a33c10ea49cbee6eb3cc971d644cadd4152bda705c,1780763400,1780763700,2026-06-06T16:30:00Z,2026-06-06T16:35:00Z,True,60593.73963807572,60490.22771124924,gamma_finalPrice,60593.73963807572,0,60490.22771124924,0,60490.22771124924,0,0.0,0.0,Down,-103.51192682648252,103.51192682648252,17.08294081942386,82104.34191100016,0.01,0.51,0.52,3271,3271,0,ok,60481.03826393264,0,-112.70137414307828,18.59950793864839,Down,0,-1.519277699575203,7,31.2742,0.0,31.2742,-31.2742,0.0,0.0,-1.0,-17.3993,60507.88475806965,0,-85.8548800060671,14.16893568855055,Down,0,2.9185656842754586,9,35.5634,0.0,35.5634,-35.5634,0.0,0.0,-1.0,-17.3993,60510.466455300164,0,-83.27318277555605,13.742869027880413,Down,0,3.345227790478968,27,294.3239,0.0,294.3239,-294.3239,0.0,0.0,-1.0,-96.5094,60540.27166835297,0,-53.46796972274751,8.82400888971531,Down,0,8.269644463540155,286,10563.492436999988,9927.60433799999,635.8880989999999,9291.716238999994,0.9398032324259809,0.7762237762237763,0.8796064648519618,3246.3052269999994,60541.785325,0,-51.954313075722894,8.574204758782702,Down,0,8.519666090970462,647,14855.139246999976,12748.687187999987,2106.4520589999993,10642.235129,0.8582004500950478,0.6646058732612056,0.7164009001900955,3246.3052269999994,60499.71270975406,0,-1.5678987015360581,1.5678987015360581,60548.89568228712,0,-9.694051640072487,9.694051640072487,60568.76839724167,0,-12.975606858944355,12.975606858944355,60,8.574204758782702,Down,8.519666090970462
5m,300,btc-up-or-down-5m,btc-updown-5m,btc-updown-5m-1780763700,0x7efe8e3c39686e12449daff21dc272f5c013ce20f52f928a818cc7aa55e7dde8,1780763700,1780764000,2026-06-06T16:35:00Z,2026-06-06T16:40:00Z,True,60490.22771124924,60568.76839724167,gamma_finalPrice,60490.22771124924,0,60568.76839724167,0,60568.76839724167,0,0.0,0.0,Up,78.54068599243328,78.54068599243328,12.984028819886099,67970.30084699993,0.99,0.66,0.67,2657,2657,0,ok,60560.36457860492,0,70.13686735567899,11.594743483274371,Up,0,1.3875800880883025,4,38.8204,0.0,38.8204,-38.8204,0.0,0.0,-1.0,-22.0,60555.28895743923,0,65.06124618999456,10.755662303102104,Up,0,2.2257246252266496,6,40.6849,0.0,40.6849,-40.6849,0.0,0.0,-1.0,-22.0,60553.315131256306,0,63.08742000706843,10.42935733490985,Up,0,2.5516843203208643,18,115.8926,0.0,115.8926,-115.8926,0.0,0.0,-1.0,-51.72,60543.09884602486,0,52.87113477562525,8.740442345167915,Up,0,4.238982056090774,190,4683.347199999996,4209.377400999999,473.9697990000001,3735.4076019999975,0.8987967838472456,0.7,0.7975935676944902,1673.6232009999999,60540.9021,0,50.674388750761864,8.377285169541205,Up,0,4.601828676276913,568,9309.998604999984,7988.526927999998,1321.471677,6667.055251,0.8580588748648917,0.6408450704225352,0.7161177497297821,1673.6232009999999,60584.31202925588,0,2.565949135553477,-2.565949135553477,60668.16382320095,0,16.396892664345867,-16.396892664345867,60735.00534610527,0,27.408389335417688,-27.408389335417688,60,8.377285169541205,Up,4.601828676276913
5m,300,btc-up-or-down-5m,btc-updown-5m,btc-updown-5m-1780764000,0x12eccc698fe83a53969a3662435db77bf2f1f7b7f3cdcf3cbca99416fe504951,1780764000,1780764300,2026-06-06T16:40:00Z,2026-06-06T16:45:00Z,True,60568.76839724167,60735.00534610527,gamma_finalPrice,60568.76839724167,0,60735.00534610527,0,60735.00534610527,0,0.0,0.0,Up,166.2369488635959,166.2369488635959,27.44598466545118,59970.00818200001,0.99,0.5,0.51,1696,1696,0,ok,60734.91824620433,0,166.14984896266105,27.431604333270148,Up,0,0.014340982254748781,0,0.0,0.0,0.0,0.0,,,,0.0,60731.94981055889,0,163.18141331721563,26.94151088676371,Up,0,0.5031056459897939,1,0.0495,0.0,0.0495,-0.0495,0.0,0.0,-1.0,-0.0495,60716.599909263416,0,147.83151202174486,24.40721776810591,Up,0,3.0309088042181203,2,1.0495,0.0,1.0495,-1.0495,0.0,0.0,-1.0,-1.0,60694.1082083021,0,125.33981106043211,20.693802165232757,Up,0,6.735969349097684,4,4.366,0.0,4.366,-4.366,0.0,0.0,-1.0,-3.267,60697.70318317326,0,128.93478593158943,21.287338234445787,Up,0,6.143676536098936,19,9.5841,0.0,9.5841,-9.5841,0.0,0.0,-1.0,-3.267,60733.21315406086,0,-0.29508822417321007,0.29508822417321007,60763.04522731048,0,4.615692444562164,-4.615692444562164,60807.07968992718,0,11.859982860884141,-11.859982860884141,60,21.287338234445787,Up,6.143676536098936
5m,300,btc-up-or-down-5m,btc-updown-5m,btc-updown-5m-1780764300,0x3e00aad310bfd238995965f69a5b0bdf4ecc5421a9bafadbf92027dd721e9df9,1780764300,1780764600,2026-06-06T16:45:00Z,2026-06-06T16:50:00Z,True,60735.00534610527,60807.07968992718,gamma_finalPrice,60735.00534610527,0,60807.07968992718,0,60807.07968992718,0,0.0,0.0,Up,72.07434382191423,72.07434382191423,11.867018601742187,74439.51571300018,0.99,0.5,0.51,2775,2775,0,ok,60816.26887,0,81.26352389473323,13.380014281985138,Up,0,-1.5110881585000058,3,13.593399999999999,0.0,13.593399999999999,-13.593399999999999,0.0,0.0,-1.0,-7.0,60807.65529982217,0,72.6499537169002,11.96179259438544,Up,0,-0.09466120943966795,3,13.593399999999999,0.0,13.593399999999999,-13.593399999999999,0.0,0.0,-1.0,-7.0,60816.908475,0,81.90312889472989,13.485325049038142,Up,0,-1.6162576548439258,9,105.02660000000002,0.0,105.02660000000002,-105.02660000000002,0.0,0.0,-1.0,-84.79350000000001,60802.317815,0,67.3124688947355,11.082977355669572,Up,0,0.7831425905099519,116,3894.4365069999994,2863.624108,1030.812399,1832.8117090000003,0.7353115406690595,0.6896551724137931,0.47062308133811886,1591.006233,60785.14572033263,0,50.14037422736146,8.255597236162389,Up,0,3.6077914946381653,436,9474.255335999986,7828.633853999993,1645.6214819999987,6183.012371999997,0.8263059814582989,0.7041284403669725,0.6526119629165974,1591.006233,60804.20499766323,0,-0.4727673540933652,0.4727673540933652,60794.31338683472,0,-2.0996968564833547,2.0996968564833547,60791.42405003302,0,-2.5749724707380275,2.5749724707380275,60,8.255597236162389,Up,3.6077914946381653
5m,300,btc-up-or-down-5m,btc-updown-5m,btc-updown-5m-1780764600,0xbc8eb427cc9ebcc9a3b1e56f829e6a21148ae08651d6d157c19eec5e0621d2b4,1780764600,1780764900,2026-06-06T16:50:00Z,2026-06-06T16:55:00Z,True,60807.07968992718,60791.42405003302,gamma_finalPrice,60807.07968992718,0,60791.42405003302,0,60791.42405003302,0,0.0,0.0,Down,-15.65563989416114,15.65563989416114,2.5746409750301704,59086.1028389999,0.01,0.5,0.51,2544,2544,0,ok,60794.12074100268,0,-12.958948924504512,2.1311579162469116,Down,0,0.443587430517903,108,2844.995211999999,2189.524512,655.4706999999999,1534.0538119999992,0.7696056931008997,0.9074074074074074,0.5392113862017985,942.455992,60795.63929851902,0,-11.440391408163123,1.8814242464037043,Down,0,0.6933712142721781,160,3208.585662,2493.521467,715.0641949999999,1778.4572719999987,0.7771403757522619,0.80625,0.5542807515045234,942.455992,60795.435633185436,0,-11.644056741744862,1.9149179340828835,Down,0,0.6598711677104193,215,3952.890698999999,3194.788505999999,758.1021929999999,2436.6863129999974,0.8082157462153495,0.7953488372093023,0.6164314924306987,942.455992,60800.99777436343,0,-6.081915563750954,1.0001985944341338,Down,0,1.5747238531068717,324,4671.694237999999,3637.226958,1034.46728,2602.7596779999976,0.7785669979029138,0.7438271604938271,0.557133995805827,942.455992,60812.731750658444,0,5.652060731263191,0.9295070179467058,Up,1,3.504436292196792,577,6760.656531999993,5013.432078999998,1747.2244529999991,3266.2076259999976,0.741559943959597,0.6707105719237435,0.48311988791919314,942.455992,60739.883910332384,0,8.48178854576377,-8.48178854576377,60725.05050885381,0,10.924205630701522,-10.924205630701522,60749.20669885853,0,6.947035343201438,-6.947035343201438,60,0.9295070179467058,Up,3.504436292196792
5m,300,btc-up-or-down-5m,btc-updown-5m,btc-updown-5m-1780764900,0xed750077e4d780d95f107867ff67dd3f1604bf29784eda4eb608b8ea5c28a33e,1780764900,1780765200,2026-06-06T16:55:00Z,2026-06-06T17:00:00Z,True,60791.42405003302,60749.20669885853,gamma_finalPrice,60791.42405003302,0,60749.20669885853,0,60749.20669885853,0,0.0,0.0,Down,-42.21735117449134,42.21735117449134,6.944622836889837,52881.31253699987,0.01,0.1,0.11,1917,1917,0,ok,60741.360621931846,0,-50.063428101173486,8.235278064874727,Down,0,-1.2916355747816346,0,0.0,0.0,0.0,0.0,,,,0.0,60739.17392839217,0,-52.2501216408491,8.594982344523762,Down,0,-1.6516428052413916,6,9.7521,0.0,9.7521,-9.7521,0.0,0.0,-1.0,-7.188,60742.77299,0,-48.65106003302208,8.002947914656664,Down,0,-1.0591166398009435,59,1433.9783190000003,963.5849190000005,470.39339999999993,493.191519,0.6719661700826596,0.6440677966101694,0.3439323401653187,902.9254410000005,60734.0734817324,0,-57.3505683006224,9.433989941314962,Down,0,-2.491407407160688,170,3346.871917999999,2769.6604179999977,577.2115,2192.448917999997,0.8275370213913272,0.7411764705882353,0.6550740427826547,902.9254410000005,60714.13716206603,0,-77.28688796699134,12.71345246056123,Down,0,-5.774505567233575,314,5734.9326579999915,4900.245358999996,834.6872990000003,4065.558059999995,0.8544556058848151,0.7452229299363057,0.7089112117696292,902.9254410000005,60756.477156825495,0,-1.1967272221244358,1.1967272221244358,60789.294527243284,0,-6.596729338289521,6.596729338289521,60757.2632106971,0,-1.3261041747603308,1.3261041747603308,60,12.71345246056123,Down,-5.774505567233575
5m,300,btc-up-or-down-5m,btc-updown-5m,btc-updown-5m-1780765200,0xbd12e02809bfdb771ce6c3a98e97b6076c2c7fcd34ad3d9be68e52f49c545499,1780765200,1780765500,2026-06-06T17:00:00Z,2026-06-06T17:05:00Z,True,60749.20669885853,60757.2632106971,gamma_finalPrice,60749.20669885853,0,60757.2632106971,0,60757.2632106971,0,0.0,0.0,Up,8.056511838571168,8.056511838571168,1.3261921062621136,106505.59187899977,0.99,0.49,0.5,3267,3267,0,truncated_http_400_at_offset_3500,60756.477,0,7.270301141470554,1.1967730175490774,Up,0,0.1294027647808924,146,2160.836419,1874.93203,285.904389,1589.0276410000008,0.8676880922192564,0.7123287671232876,0.7353761844385134,730.884088,60733.28135,0,-15.925348858530924,2.621490834847422,Down,1,3.9479386803808723,322,4408.566407,2922.7321840000013,1485.8342229999982,1436.897961000003,0.6629665778333825,0.6273291925465838,0.3259331556667653,730.884088,60716.54010767149,0,-32.66659118703683,5.377286875361062,Down,1,6.704837329324016,442,5480.970723,3315.952681000001,2165.0180419999956,1150.9346390000046,0.6049936860792097,0.5542986425339367,0.20998737215841987,730.884088,60717.89538003842,0,-31.31131882010959,5.1541938605591575,Down,1,6.481626777630342,593,10495.62933299999,3713.109672,6782.519660999994,-3069.4099889999975,0.3537767535602054,0.47554806070826305,-0.29244649287959,-1798.8874709999998,60730.041365428784,0,-19.16533342974435,3.154828593029918,Down,1,4.481430519653733,1105,18774.98722699993,4610.2753470000025,14164.71187999998,-9554.436532999986,0.24555411363316715,0.3918552036199095,-0.5088917727336689,-2261.04781,60736.62008620549,0,-3.3982162937064433,3.3982162937064433,60698.30626975267,0,-9.708397206872355,9.708397206872355,60604.64236787951,0,-25.151372260599054,25.151372260599054,60,3.154828593029918,Down,4.481430519653733
5m,300,btc-up-or-down-5m,btc-updown-5m,btc-updown-5m-1780765500,0x88ed1e6765ed965f02a8f7a685dc53bd6fa1ef3fd0e3741c36b84a82cd18a928,1780765500,1780765800,2026-06-06T17:05:00Z,2026-06-06T17:10:00Z,True,60757.2632106971,60604.64236787951,gamma_finalPrice,60757.2632106971,0,60604.64236787951,0,60604.64236787951,0,0.0,0.0,Down,-152.6208428175887,152.6208428175887,25.119769185179138,65603.78299800014,0.01,0.06,0.07,1692,1692,0,ok,60622.295147892044,0,-134.96806280505552,22.21430914967425,Down,0,2.9123527326602057,0,0.0,0.0,0.0,0.0,,,,0.0,60627.56809525006,0,-129.6951154470371,21.346438037749305,Down,0,3.7821182268723663,0,0.0,0.0,0.0,0.0,,,,0.0,60627.80818792988,0,-129.45502276722254,21.306921333551823,Down,0,3.821719387196949,0,0.0,0.0,0.0,0.0,,,,0.0,60634.369797876425,0,-122.89341282067471,20.226950051140182,Down,0,4.903938107318364,3,16.9472,0.0,16.9472,-16.9472,0.0,0.0,-1.0,-11.889899999999999,60646.340112507416,0,-110.92309818968351,18.25676344324773,Down,0,6.877923035128735,9,32.451499999999996,0.0,32.451499999999996,-32.451499999999996,0.0,0.0,-1.0,-11.889899999999999,60604.86505484607,0,-0.0367441418240718,0.0367441418240718,60613.64541216092,0,-1.4854267392884175,1.4854267392884175,60692.98318293708,0,-14.56596207478949,14.56596207478949,60,18.25676344324773,Down,6.877923035128735
5m,300,btc-up-or-down-5m,btc-updown-5m,btc-updown-5m-1780765800,0x8bc5560c0f80e118ba611d44853b462b13935d46175cc5bb4dc6ef8f512aa27a,1780765800,1780766100,2026-06-06T17:10:00Z,2026-06-06T17:15:00Z,True,60604.64236787951,60692.98318293709,gamma_finalPrice,60604.64236787951,0,60692.98318293708,0,60692.98318293708,0,7.275957614183426e-12,1.2005611005865265e-12,Up,88.34081505757786,88.34081505757786,14.576575589925191,77115.83703800023,0.99,0.42,0.43,2119,2119,0,ok,60695.228614934036,0,90.5862470545253,14.947080539581908,Up,0,-0.36995882284524656,0,0.0,0.0,0.0,0.0,,,,0.0,60697.235892483506,0,92.59352460399532,15.278289085832464,Up,0,-0.7006675794063587,0,0.0,0.0,0.0,0.0,,,,0.0,60697.18823,0,92.54586212048889,15.270424592017433,Up,0,-0.6928150797789243,0,0.0,0.0,0.0,0.0,,,,0.0,60694.63684520721,0,89.99447732770204,14.849436249688878,Up,0,-0.2724597895308963,5,14.1973,0.0,14.1973,-14.1973,0.0,0.0,-1.0,-5.0985000000000005,60703.803910845825,0,99.1615429663143,16.362037476335306,Up,0,-1.7827041714102998,170,3568.436587999997,3203.7971889999976,364.639399,2839.1577899999984,0.8978153625522687,0.7764705882352941,0.7956307251045373,876.259394,60693.19739,0,0.03529348429925298,-0.03529348429925298,60720.61708085019,0,4.552026845465991,-4.552026845465991,60700.489467409985,0,1.2366866716279277,-1.2366866716279277,60,16.362037476335306,Up,-1.7827041714102998
5m,300,btc-up-or-down-5m,btc-updown-5m,btc-updown-5m-1780766100,0x3bb3c702e6bc3218499d9961b2401628ee7d21fdaa3edc74e779ab463a08d0ac,1780766100,1780766400,2026-06-06T17:15:00Z,2026-06-06T17:20:00Z,True,60692.98318293709,60700.48946740999,gamma_finalPrice,60692.98318293708,0,60700.489467409985,0,60700.489467409985,0,7.275957614183426e-12,1.1988136408211603e-12,Up,7.506284472903644,7.506284472903644,1.2367631444772882,138788.5940289997,0.99,0.48,0.49,3241,3241,0,ok,60701.10202776087,0,8.118844823780819,1.3376908495846203,Up,0,-0.10091471509335077,125,4504.380824,1174.9712389999997,3329.4095850000012,-2154.438346000003,0.26085077725657235,0.728,-0.4782984454868559,-2196.0926740000014,60691.872065,0,-1.1111179370855098,0.18307189378654298,Down,1,1.419760241201236,285,5896.548431999994,2178.023672,3718.5247600000016,-1540.5010880000038,0.36937264182891766,0.6491228070175439,-0.2612547163421663,-2196.0926740000014,60672.91023415562,0,-20.072948781467858,3.307293154624679,Down,1,4.5445268562708625,426,8506.911147999996,3401.9689669999993,5104.942181000002,-1702.973214000004,0.39990648871415735,0.6291079812206573,-0.2001870225716862,-2196.0926740000014,60658.700347307924,0,-34.282835629164765,5.648566577429805,Down,1,6.886849165281795,644,10725.16306200001,3967.6046569999967,6757.558404999994,-2789.9537480000017,0.3699342037099177,0.562111801242236,-0.26013159258016316,-2196.0926740000014,60670.66676966826,0,-22.316413268825272,3.676934646886692,Down,1,4.9142974766873495,1094,20657.793602,4973.728233999996,15684.06536799998,-10710.337134000007,0.24076764100878906,0.44972577696526506,-0.5184647179824218,-2974.8057980000003,60699.05410344292,0,-0.2364694174165335,0.2364694174165335,60729.58657007728,0,4.79240467826193,-4.79240467826193,60590.04708657322,0,-18.21121655455426,18.21121655455426,60,3.676934646886692,Down,4.9142974766873495
5m,300,btc-up-or-down-5m,btc-updown-5m,btc-updown-5m-1780766400,0xe37fa948d09d56f4531bee225a5c1c084aabc99d5f8443b4bc12ab2d14d4b9f7,1780766400,1780766700,2026-06-06T17:20:00Z,2026-06-06T17:25:00Z,True,60700.48946740999,60590.04708657322,gamma_finalPrice,60700.489467409985,0,60590.04708657322,0,60590.04708657322,0,0.0,0.0,Down,-110.44238083677192,110.44238083677192,18.194644195755338,89697.81246600006,0.01,0.5,0.51,2230,2230,0,ok,60590.19460873801,0,-110.29485867197945,18.170340904943874,Down,0,0.024347560745856756,0,0.0,0.0,0.0,0.0,,,,0.0,60587.6930402019,0,-112.79642720809352,18.58245760417694,Down,0,-0.38852785489423297,1,0.05,0.0,0.05,-0.05,0.0,0.0,-1.0,-0.05,60583.36645194235,0,-117.12301546764502,19.295234106889403,Down,0,-1.1026568357772633,2,5.05,0.0,5.05,-5.05,0.0,0.0,-1.0,-5.0,60589.2500649824,0,-111.23940242759272,18.32594817663159,Down,0,-0.13154418445565322,8,93.0317,0.0,93.0317,-93.0317,0.0,0.0,-1.0,-60.5336,60580.86740231021,0,-119.62206509978569,19.706935833525794,Down,0,-1.5151629942369964,152,1704.8540360000018,1472.4833360000016,232.37070000000003,1240.1126360000012,0.8637005308998782,0.7631578947368421,0.7274010617997563,386.46104799999983,60600.11009,0,-1.6606964929085413,1.6606964929085413,60631.10314016579,0,-6.7737445298288925,6.7737445298288925,60653.0861274522,0,-10.398782164148178,10.398782164148178,60,19.706935833525794,Down,-1.5151629942369964
5m,300,btc-up-or-down-5m,btc-updown-5m,btc-updown-5m-1780766700,0x0f1959988b1ec5a207e59ba4e9be2260e7971c7d84d2d0e37fc052929cf6c915,1780766700,1780767000,2026-06-06T17:25:00Z,2026-06-06T17:30:00Z,True,60590.04708657322,60653.0861274522,gamma_finalPrice,60590.04708657322,0,60653.0861274522,0,60653.0861274522,0,0.0,0.0,Up,63.03904087898263,63.03904087898263,10.404190772274893,64778.5396869999,0.99,0.71,0.72,2334,2334,0,ok,60648.437525,0,58.39043842678075,9.636968649875845,Up,0,0.7664540913428496,0,0.0,0.0,0.0,0.0,,,,0.0,60648.718975,0,58.67188842678297,9.683420173440446,Up,0,0.720047397545689,2,9.2961,0.0,9.2961,-9.2961,0.0,0.0,-1.0,-9.2961,60646.74188344843,0,56.69479687520652,9.35711384977123,Up,0,1.0460433643787774,11,37.1053,0.0,37.1053,-37.1053,0.0,0.0,-1.0,-11.701799999999999,60636.06865838241,0,46.02157180919312,7.595566272367449,Up,0,2.8060990632684173,132,6066.650455999991,5626.316255999994,440.3342,5185.982055999994,0.9274172456129393,0.7575757575757576,0.8548344912258782,2645.117777999998,60658.94415356081,0,68.89706698759255,11.371020538926132,Up,0,-0.9657782661111368,433,9703.21168199997,7703.417215999993,1999.794465999999,5703.62275,0.7939038607485278,0.6212471131639723,0.5878077214970541,2645.117777999998,60649.148415,0,-0.6492398872020713,0.6492398872020713,60684.955788950276,0,5.253037172444902,-5.253037172444902,60756.18921766185,0,16.984388499419644,-16.984388499419644,60,11.371020538926132,Up,-0.9657782661111368
5m,300,btc-up-or-down-5m,btc-updown-5m,btc-updown-5m-1780767000,0xde98c3bc0d84766d2db6750b3db99b54946394eded01c26d0a3f55ba3c2b598e,1780767000,1780767300,2026-06-06T17:30:00Z,2026-06-06T17:35:00Z,True,60653.0861274522,60756.18921766185,gamma_finalPrice,60653.0861274522,0,60756.18921766185,0,60756.18921766185,0,0.0,0.0,Up,103.10309020964633,103.10309020964633,16.99882014131855,68745.02784400007,0.99,0.99,1.0,2137,2137,0,ok,60749.814002193605,0,96.72787474140205,15.947725155838697,Up,0,1.0493663366677255,0,0.0,0.0,0.0,0.0,,,,0.0,60750.3964402843,0,97.3103128320945,16.043752930825864,Up,0,0.9534919198937736,1,5.0,0.0,5.0,-5.0,0.0,0.0,-1.0,-5.0,60745.28730189882,0,92.20117444661446,15.201398697647353,Up,0,1.794532231965441,3,7.85,0.0,7.85,-7.85,0.0,0.0,-1.0,-5.0,60735.39502594316,0,82.30889849095547,13.570438661273927,Up,0,3.4231493565932576,15,159.49009999999998,0.0,159.49009999999998,-159.49009999999998,0.0,0.0,-1.0,-101.079,60724.23020535923,0,71.14407790702535,11.729671554968878,Up,0,5.261590829487732,107,3978.833451999999,3084.0002519999994,894.8331999999999,2189.167052,0.7751016194080195,0.40186915887850466,0.5502032388160388,1586.458175,60751.32521607753,0,-0.80060918200582,0.80060918200582,60755.12447430618,0,-0.17525007727113856,0.17525007727113856,60620.503635376386,0,-22.35777489352369,22.35777489352369,60,11.729671554968878,Up,5.261590829487732
5m,300,btc-up-or-down-5m,btc-updown-5m,btc-updown-5m-1780767300,0xf4eafbb885383342942b2c61177fcbbd7b0b2c4cf38021d08be1a9b64ada4f6f,1780767300,1780767600,2026-06-06T17:35:00Z,2026-06-06T17:40:00Z,True,60756.18921766185,60620.503635376386,gamma_finalPrice,60756.18921766185,0,60620.503635376386,0,60620.503635376386,0,0.0,0.0,Down,-135.68558228546317,135.68558228546317,22.332800004846142,70430.60840299999,0.01,0.46,0.47,1734,1734,0,ok,60603.03561487356,0,-153.1536027882903,25.207901410605338,Down,0,-2.881951926459846,0,0.0,0.0,0.0,0.0,,,,0.0,60599.73837387788,0,-156.4508437839686,25.750601839670395,Down,0,-3.4260386479067515,0,0.0,0.0,0.0,0.0,,,,0.0,60596.29638360294,0,-159.89283405891183,26.317126883335025,Down,0,-3.9940424250529265,0,0.0,0.0,0.0,0.0,,,,0.0,60627.57881235548,0,-128.6104053063682,21.16828046038495,Down,0,1.1670579598935782,17,18.722799999999996,0.0,18.722799999999996,-18.722799999999996,0.0,0.0,-1.0,-14.441399999999998,60619.39453,0,-136.79468766185164,22.515350192846753,Down,0,-0.18296045991572898,26,146.0083,0.0,146.0083,-146.0083,0.0,0.0,-1.0,-100.0,60568.87674884867,0,8.52003525178164,-8.52003525178164,60614.004464944795,0,1.0721651021074936,-1.0721651021074936,60678.79290461163,0,-9.610818097818964,9.610818097818964,60,22.515350192846753,Down,-0.18296045991572898
5m,300,btc-up-or-down-5m,btc-updown-5m,btc-updown-5m-1780767600,0xb6de2e59daaeb9a2a38ab8f060c2c9fbc0d9771509cd567e8d3dcc2d69c98696,1780767600,1780767900,2026-06-06T17:40:00Z,2026-06-06T17:45:00Z,True,60620.503635376386,60678.79290461163,gamma_finalPrice,60620.503635376386,0,60678.79290461163,0,60678.79290461163,0,0.0,0.0,Up,58.28926923524705,58.28926923524705,9.615437968950014,59523.145220999926,0.99,0.97,0.98,2378,2378,0,ok,60679.849267118225,0,59.34563174183859,9.789696255048296,Up,0,-0.17408937471817826,3,10.1382,0.0,10.1382,-10.1382,0.0,0.0,-1.0,-6.1182,60678.477329925976,0,57.97369454958971,9.56338055161883,Up,0,0.05200754516722384,10,65.8854,0.0,65.8854,-65.8854,0.0,0.0,-1.0,-38.204100000000004,60664.79218345327,0,44.28854807688185,7.305869371074695,Up,0,2.307616213965361,27,1175.0790240000001,1012.2627239999999,162.81629999999996,849.446424,0.8614422547976652,0.25925925925925924,0.7228845095953308,996.3237239999999,60659.592622379976,0,39.088987003589864,6.448146197976925,Up,0,3.1647499360596423,242,6906.900136999993,6357.890740999996,549.009396,5808.881345000001,0.9205129095382492,0.7603305785123967,0.8410258190764988,1204.4906989999995,60631.051648646266,0,10.548013269879448,1.7400075283643686,Up,0,7.870961933205162,562,12010.377299999971,9075.061951999985,2935.3153479999987,6139.746604000006,0.7556017371744023,0.6494661921708185,0.5112034743488051,1204.4906989999995,60696.741677805825,0,2.95756033318863,-2.95756033318863,60648.03438495289,0,-5.070357645518917,5.070357645518917,60569.74013070445,0,-17.988308902909267,17.988308902909267,60,1.7400075283643686,Up,7.870961933205162
5m,300,btc-up-or-down-5m,btc-updown-5m,btc-updown-5m-1780767900,0x34ee658f228d1e4dd3a04d2b463538cdaca9307ba551823d96ffa27126a7960f,1780767900,1780768200,2026-06-06T17:45:00Z,2026-06-06T17:50:00Z,True,60678.79290461163,60569.74013070445,gamma_finalPrice,60678.79290461163,0,60569.74013070445,0,60569.74013070445,0,0.0,0.0,Down,-109.05277390718402,109.05277390718402,17.972139636761945,69790.6258869999,0.01,0.5,0.51,2201,2201,0,ok,60576.61332042952,0,-102.17958418211492,16.83942268639777,Down,0,1.1346919715939852,0,0.0,0.0,0.0,0.0,,,,0.0,60578.83603691869,0,-99.95686769294116,16.473114066404634,Down,0,1.5016117430469265,1,4.6035,0.0,4.6035,-4.6035,0.0,0.0,-1.0,-4.6035,60579.66716599286,0,-99.12573861877172,16.336142146828713,Down,0,1.6388087291777063,2,5.6035,0.0,5.6035,-5.6035,0.0,0.0,-1.0,-4.6035,60604.309282547125,0,-74.48362206450838,12.275066542869142,Down,0,5.7057023261825295,42,2612.0287839999996,2419.139884,192.88890000000006,2226.2509840000007,0.9261536085737103,0.5238095238095238,0.8523072171474206,1855.8381999999997,60616.33813303604,0,-62.45477157559071,10.292685234159313,Down,0,7.69032306280693,229,6308.425558999989,5884.41486199999,424.01069700000016,5460.404164999991,0.9327866053051732,0.6986899563318777,0.8655732106103465,1855.8381999999997,60578.46975794044,0,-1.4411483684525275,1.4411483684525275,60565.634848691894,0,0.6778006861867141,-0.6778006861867141,60558.7728,0,1.8108586441074719,-1.8108586441074719,60,10.292685234159313,Down,7.69032306280693
5m,300,btc-up-or-down-5m,btc-updown-5m,btc-updown-5m-1780768200,0xd80be5141fb979dcfb443a3f0be8892374e7f4861bb163f898b82f0ef49c88e7,1780768200,1780768500,2026-06-06T17:50:00Z,2026-06-06T17:55:00Z,True,60569.74013070445,60558.7728,gamma_finalPrice,60569.74013070445,0,60558.7728,0,60558.7728,0,0.0,0.0,Down,-10.967330704450433,10.967330704450433,1.8106946935522337,110457.74180499994,0.01,0.74,0.75,2800,2800,0,ok,60585.94616840055,0,16.206037696101703,2.6755996742152806,Up,1,4.486100440475989,83,1477.5569199999998,106.60889900000001,1370.948021,-1264.339122,0.07215214355329203,0.18072289156626506,-0.8556957128934162,-1150.951568,60590.046685832094,0,20.30655512764497,3.3525907629494722,Up,1,5.162887539392846,145,1922.7538429999988,196.336499,1726.4173439999988,-1530.0808449999993,0.10211213448605762,0.18620689655172415,-0.795775731027885,-1150.951568,60586.088754924356,0,16.348624219906924,2.6991405584088617,Up,1,4.509635000062771,337,5587.891633999999,667.729597,4920.162036999999,-4252.432439999998,0.11949580284219237,0.13056379821958458,-0.7610083943156151,-1669.878965999999,60583.63785907623,0,13.89772837178316,2.2945002474491423,Up,1,4.1050956952466615,500,6900.238715999997,1094.6239660000003,5805.614750000001,-4710.990784000002,0.1586356662504777,0.264,-0.6827286674990455,-1669.878965999999,60605.18172349031,0,35.44159278585721,5.851369464253471,Up,1,7.660516849644482,792,10305.92648599999,1776.524837999999,8529.401647999992,-6752.876810000003,0.17237895500354153,0.3371212121212121,-0.6552420899929181,-1669.878965999999,60537.2241695457,0,3.558933609864688,-3.558933609864688,60514.50280369594,0,7.312926499468171,-7.312926499468171,60554.038198179966,0,0.7818498775514401,-0.7818498775514401,60,5.851369464253471,Up,7.660516849644482
5m,300,btc-up-or-down-5m,btc-updown-5m,btc-updown-5m-1780768500,0xc1a70b2472497431d6c187ecd2806ae12cc59c37d1c5dfabc410b45bf1b20868,1780768500,1780768800,2026-06-06T17:55:00Z,2026-06-06T18:00:00Z,True,60558.7728,60554.038198179966,gamma_finalPrice,60558.7728,0,60554.038198179966,0,60554.038198179966,0,0.0,0.0,Down,-4.7346018200332765,4.7346018200332765,0.7818193138869678,89521.07155399994,0.01,0.49,0.5,3146,3146,0,ok,60554.29286148846,0,-4.47993851154024,0.739767056762458,Down,0,0.04205545667525865,75,1399.9249869999994,1234.372098,165.55288899999996,1068.819209,0.8817416000590327,0.6266666666666667,0.7634832001180649,591.1649899999999,60555.87660345112,0,-2.896196548877924,0.4782455811056205,Down,0,0.30359286014007164,192,2484.701301,2177.1992290000017,307.502072,1869.697156999999,0.8762418356378531,0.7083333333333334,0.7524836712757044,591.1649899999999,60564.60706549289,0,5.834265492892882,0.9634055023144198,Up,1,1.7452089753390339,290,3068.8705500000005,2496.1734100000017,572.69714,1923.4762700000013,0.8133850448660994,0.6517241379310345,0.6267700897321984,591.1649899999999,60549.103723852975,0,-9.669076147023588,1.5966433433115388,Down,0,-0.8149209428266815,524,5459.051730999997,3401.7962660000007,2057.255464999998,1344.5408010000028,0.6231478347571648,0.5248091603053435,0.24629566951432935,591.1649899999999,60574.42465052539,0,15.651850525391637,2.5845719458488827,Up,1,3.3660878803320307,885,8707.656337999982,5545.021636000001,3162.634702000001,2382.3869340000024,0.6367984014024156,0.5480225988700564,0.2735968028048292,591.1649899999999,60555.98728959829,0,-0.32187119285073407,0.32187119285073407,60570.62057450046,0,-2.7380678042145052,2.7380678042145052,60553.773630726006,0,0.043691228495284014,-0.043691228495284014,60,2.5845719458488827,Up,3.3660878803320307
5m,300,btc-up-or-down-5m,btc-updown-5m,btc-updown-5m-1780768800,0x516606640340e67aa5659c6eea1ae64d4968b58ca2ef980f27e65b2564812c82,1780768800,1780769100,2026-06-06T18:00:00Z,2026-06-06T18:05:00Z,True,60554.038198179966,60553.773630726006,gamma_finalPrice,60554.038198179966,0,60553.773630726006,0,60553.773630726006,0,0.0,0.0,Down,-0.26456745395989856,0.26456745395989856,0.043691133049463655,107138.94002300019,0.01,0.31,0.32,3243,3243,0,truncated_http_400_at_offset_3500,60554.37880701011,0,0.3406088301417185,0.056248739188455306,Up,1,0.09993980948861333,219,4858.2519909999955,1268.1759759999995,3590.0760149999987,-2321.9000390000006,0.2610354461541558,0.3607305936073059,-0.4779291076916892,-1187.4303210000003,60540.84092224499,0,-13.197275934973732,2.1794212785251363,Down,0,-2.135967578396921,342,7694.602140999992,1964.118539999998,5730.483601000001,-3766.365061000001,0.25525927189066344,0.42105263157894735,-0.4894814562186737,-1187.4303210000003,60532.2694102995,0,-21.768787880464515,3.594935784335322,Down,0,-3.551890888911305,453,8545.812514999992,2668.512922999996,5877.299592,-3208.786669000003,0.3122597082859123,0.45916114790286977,-0.3754805834281757,-1187.4303210000003,60545.640595892684,0,-8.397602287281188,1.3867947600451838,Down,0,-1.3431997004269116,704,11423.620576999998,4568.291503999995,6855.329073,-2287.0375690000037,0.3998987425403175,0.4715909090909091,-0.2002025149193647,-1187.4303210000003,60534.29788397465,0,-19.74031420531537,3.259950086352572,Down,0,-3.216790337093784,1099,15484.744491999978,6852.733677999988,8632.010813999994,-1779.2771360000024,0.4425474170103599,0.5013648771610555,-0.1149051659792802,-1187.4303210000003,60538.05388422982,0,2.5963348488649283,-2.5963348488649283,60522.43730717167,0,5.176297475991551,-5.176297475991551,60445.87000370798,0,17.835367506949595,-17.835367506949595,60,3.259950086352572,Down,-3.216790337093784
5m,300,btc-up-or-down-5m,btc-updown-5m,btc-updown-5m-1780769100,0x5abd9356a483c2064b6a795d51f22a3c4ef6472b96b40ad20927e0f2e5061e1b,1780769100,1780769400,2026-06-06T18:05:00Z,2026-06-06T18:10:00Z,True,60553.773630726006,60445.870003707976,gamma_finalPrice,60553.773630726006,0,60445.87000370798,0,60445.87000370798,0,-7.275957614183426e-12,-1.2015696426376774e-12,Down,-107.90362701802951,107.90362701802951,17.819471941758124,68465.5467389999,0.01,0.5,0.51,1886,1886,0,ok,60448.05586768081,0,-105.71776304519881,17.458492957003067,Down,0,0.3616168401037014,1,1.0,0.0,1.0,-1.0,0.0,0.0,-1.0,-1.0,60442.20317276443,0,-111.57045796157763,18.425021476277557,Down,0,-0.6066489188421005,1,1.0,0.0,1.0,-1.0,0.0,0.0,-1.0,-1.0,60443.817491804104,0,-109.95613892190158,18.15842883590462,Down,0,-0.33956774090276415,3,4.0167,0.0,4.0167,-4.0167,0.0,0.0,-1.0,-3.0,60452.34356338641,0,-101.43006733959919,16.750412279529986,Down,0,1.0709107262406534,6,42.04259999999999,0.0,42.04259999999999,-42.04259999999999,0.0,0.0,-1.0,-22.4136,60444.94819930022,0,-108.82543142578652,17.971701002390816,Down,0,-0.15250197185867811,120,936.2688519999999,536.3156519999998,399.9531999999999,136.3624519999998,0.5728222730622249,0.65,0.14564454612444994,269.1148659999999,60488.66051241962,0,-7.076640611208454,7.076640611208454,60541.401042781086,0,-15.79191895149262,15.79191895149262,60464.64877764105,0,-3.106226699435405,3.106226699435405,60,17.971701002390816,Down,-0.15250197185867811
5m,300,btc-up-or-down-5m,btc-updown-5m,btc-updown-5m-1780769400,0x94cc1afc5d17dc054cbb566060e5c7a6626e02810f6de546b8663e437ad12813,1780769400,1780769700,2026-06-06T18:10:00Z,2026-06-06T18:15:00Z,True,60445.870003707976,60464.64877764106,gamma_finalPrice,60445.87000370798,0,60464.64877764105,0,60464.64877764105,0,7.275957614183426e-12,1.2037145984890435e-12,Up,18.77877393308154,18.77877393308154,3.1067091816082018,82534.2179749999,0.99,0.5,0.51,2372,2372,0,ok,60466.12703295129,0,20.25702924331563,3.351267711437189,Up,0,-0.24447958766512062,73,881.6204310000002,860.0556310000002,21.564799999999998,838.4908310000002,0.975539586831558,0.9315068493150684,0.9510791736631158,419.36732,60468.95784586059,0,23.08784215261403,3.819589684323798,Up,0,-0.7126337073152698,127,1287.027867999999,1173.4542689999994,113.573599,1059.8806700000002,0.9117551361366484,0.8110236220472441,0.8235102722732971,419.36732,60468.81761117821,0,22.94760747023247,3.7963896406528317,Up,0,-0.6894424948346068,203,1870.8901289999985,1693.4949319999992,177.39519699999997,1516.0997350000002,0.9051813924023331,0.7832512315270936,0.8103627848046663,419.36732,60466.9992851298,0,21.129281421825,3.49557073469682,Up,0,-0.38873322685907785,325,3109.874360000001,2484.224169999999,625.65019,1858.5739799999997,0.7988181779793825,0.7015384615384616,0.5976363559587659,419.36732,60489.52943568607,0,43.65943197809247,7.222897441200571,Up,0,-4.114063484779009,583,8056.368738999997,6702.235869999998,1354.1328689999987,5348.103000999998,0.8319177146839382,0.5969125214408233,0.6638354293678761,3045.025481999999,60469.268922086056,0,0.7640775284768017,-0.7640775284768017,60446.2411857818,0,-3.0448195372704876,3.0448195372704876,60412.71176694443,0,-8.593340168702333,8.593340168702333,60,7.222897441200571,Up,-4.114063484779009
5m,300,btc-up-or-down-5m,btc-updown-5m,btc-updown-5m-1780769700,0x84f468b505b45d8fb74ae5de19cc607c7d8eb1f23cf0f10ecdf4958d7b2babd1,1780769700,1780770000,2026-06-06T18:15:00Z,2026-06-06T18:20:00Z,True,60464.64877764106,60412.71176694443,gamma_finalPrice,60464.64877764105,0,60412.71176694443,0,60412.71176694443,0,0.0,0.0,Down,-51.93701069663075,51.93701069663075,8.589648951344987,95769.80329299998,0.01,0.5,0.51,3214,3214,0,ok,60411.73117088783,0,-52.91760675322439,8.75182570692324,Down,0,-0.16231749682077123,0,0.0,0.0,0.0,0.0,,,,0.0,60421.17332332705,0,-43.47545431400795,7.19022688346195,Down,0,1.4005270773401461,61,5144.127622999998,5041.502822999997,102.62480000000001,4938.878022999997,0.980050106155774,0.6885245901639344,0.9601002123115481,2373.582833,60425.335110013766,0,-39.31366762729158,6.501926071193719,Down,0,2.089299428699286,170,8407.777694999997,8111.298095,296.4796000000001,7814.818495000004,0.9647374596766147,0.6235294117647059,0.9294749193532295,2373.582833,60434.73355999074,0,-29.91521765031939,4.947555018525404,Down,0,3.6445608313018134,359,11859.51748000003,11278.294286999999,581.2231930000006,10697.071093999966,0.9509909914985825,0.5710306406685237,0.9019819829971649,2373.582833,60429.52803860404,0,-35.12073903701821,5.808474827361495,Down,0,2.7831777688363624,754,14540.115609000008,13049.948757999995,1490.1668510000054,11559.78190699998,0.89751341109849,0.48010610079575594,0.7950268221969798,2373.582833,60428.386085172555,0,-2.5942032296360726,2.5942032296360726,,,,,,,,,60,5.808474827361495,Down,2.7831777688363624
5m,300,btc-up-or-down-5m,btc-updown-5m,btc-updown-5m-1780770000,0x1876c14a7e2b85e17bdccfcdb2d57568fd59b9fa14b6524d81593ce513e70f8f,1780770000,1780770300,2026-06-06T18:20:00Z,2026-06-06T18:25:00Z,True,60412.71176694443,60491.666705472824,gamma_finalPrice,60412.71176694443,0,,,,,,,Up,78.95493852839718,78.95493852839718,13.069259137544353,74797.11865600012,0.99,0.99,1.0,2267,2267,0,ok,,,,,,,,0,0.0,0.0,0.0,0.0,,,,0.0,,,,,,,,3,6.3072,0.0,6.3072,-6.3072,0.0,0.0,-1.0,-4.05,,,,,,,,3,6.3072,0.0,6.3072,-6.3072,0.0,0.0,-1.0,-4.05,,,,,,,,12,78.2821,0.0,78.2821,-78.2821,0.0,0.0,-1.0,-30.938,,,,,,,,165,6591.624633999989,5804.356133999991,787.2684999999999,5017.087633999999,0.8805653319609219,0.7090909090909091,0.7611306639218448,1117.0586649999998,,,,,,,,,,,,,60,,,
5m,300,btc-up-or-down-5m,btc-updown-5m,btc-updown-5m-1780770300,0xacf48e579605d4408a6f1c5187ac135527198d9bf25ea1a026f31a424fee8eb7,1780770300,1780770600,2026-06-06T18:25:00Z,2026-06-06T18:30:00Z,True,60491.666705472824,60683.82715220969,gamma_finalPrice,,,,,,,,,Up,192.16044673686702,192.16044673686702,31.766432833215653,70593.42970399997,0.99,0.51,0.52,1643,1643,0,ok,,,,,,,,0,0.0,0.0,0.0,0.0,,,,0.0,,,,,,,,1,0.0495,0.0,0.0495,-0.0495,0.0,0.0,-1.0,-0.0495,,,,,,,,6,0.9480000000000001,0.0,0.9480000000000001,-0.9480000000000001,0.0,0.0,-1.0,-0.849,,,,,,,,12,5.146000000000001,0.0,5.146000000000001,-5.146000000000001,0.0,0.0,-1.0,-3.0,,,,,,,,17,20.345499999999998,0.0,20.345499999999998,-20.345499999999998,0.0,0.0,-1.0,-6.8706000000000005,,,,,,,,,,,,,60,,,
5m,300,btc-up-or-down-5m,btc-updown-5m,btc-updown-5m-1780770600,0xa43d5c7e87f8dbd841517d3a60c09da34ac30a2be0f657a50d3d8d2ddce75915,1780770600,1780770900,2026-06-06T18:30:00Z,2026-06-06T18:35:00Z,True,60683.82715220969,60555.01698683592,gamma_finalPrice,,,,,,,,,Down,-128.81016537376854,128.81016537376854,21.226440621597835,61716.58980899977,0.01,0.01,0.02,1513,1513,0,ok,,,,,,,,0,0.0,0.0,0.0,0.0,,,,0.0,,,,,,,,2,3.3091,0.0,3.3091,-3.3091,0.0,0.0,-1.0,-3.0591,,,,,,,,2,3.3091,0.0,3.3091,-3.3091,0.0,0.0,-1.0,-3.0591,,,,,,,,4,8.616000000000001,0.0,8.616000000000001,-8.616000000000001,0.0,0.0,-1.0,-5.0,,,,,,,,16,345.6925,0.0,345.6925,-345.6925,0.0,0.0,-1.0,-231.2343,,,,,,,,,,,,,60,,,
5m,300,btc-up-or-down-5m,btc-updown-5m,btc-updown-5m-1780770900,0x92f9836be6e43d212201b8e8356e92c938993e4359cb8055bd1ea2d821927567,1780770900,1780771200,2026-06-06T18:35:00Z,2026-06-06T18:40:00Z,True,60555.01698683592,60625.66274496089,gamma_finalPrice,,,,,,,,,Up,70.6457581249706,70.6457581249706,11.666375742298662,70333.37980899999,0.99,0.48,0.49,2394,2394,0,ok,,,,,,,,0,0.0,0.0,0.0,0.0,,,,0.0,,,,,,,,0,0.0,0.0,0.0,0.0,,,,0.0,,,,,,,,3,4.1579999999999995,0.0,4.1579999999999995,-4.1579999999999995,0.0,0.0,-1.0,-2.2967999999999997,,,,,,,,57,4061.9833689999964,3911.750468999997,150.23290000000003,3761.517568999997,0.963014890423595,0.7368421052631579,0.9260297808471899,2591.582299999999,,,,,,,,337,7617.522021999989,7032.706243999993,584.815778,6447.890465999994,0.9232275566370529,0.7091988130563798,0.8464551132741055,2591.582299999999,,,,,,,,,,,,,60,,,
5m,300,btc-up-or-down-5m,btc-updown-5m,btc-updown-5m-1780771200,0x251c2450fefc6b2ec30e118bd721372f1fb0a61a66112bc2f85f2968a2185bcc,1780771200,1780771500,2026-06-06T18:40:00Z,2026-06-06T18:45:00Z,True,60625.66274496089,60580.7350708175,gamma_finalPrice,,,,,,,,,Down,-44.92767414339323,44.92767414339323,7.410669361652059,69328.25306999998,0.01,0.29,0.3,1888,1888,0,ok,,,,,,,,2,10.0,0.0,10.0,-10.0,0.0,0.0,-1.0,-5.0,,,,,,,,6,134.1566,0.0,134.1566,-134.1566,0.0,0.0,-1.0,-117.1566,,,,,,,,13,149.11800000000005,0.0,149.11800000000005,-149.11800000000005,0.0,0.0,-1.0,-117.1566,,,,,,,,119,5384.508683999995,5189.830083999995,194.6786000000001,4995.151483999996,0.9638446864096467,0.8067226890756303,0.9276893728192938,1419.1452989999998,,,,,,,,281,7396.78307899999,6985.02518299999,411.75789600000036,6573.2672869999915,0.9443328415065989,0.7330960854092526,0.8886656830131979,1419.1452989999998,,,,,,,,,,,,,60,,,
5m,300,btc-up-or-down-5m,btc-updown-5m,btc-updown-5m-1780771500,0x5985c527bdbe714369b9f6b2441bab642774b4146e3843e29d8d30975c164852,1780771500,1780771800,2026-06-06T18:45:00Z,2026-06-06T18:50:00Z,True,60580.7350708175,60512.04702785503,gamma_finalPrice,,,,,,,,,Down,-68.68804296247254,68.68804296247254,11.338265024710871,85053.25635499974,0.01,0.5,0.51,3088,3088,0,ok,,,,,,,,2,6.573599999999999,0.0,6.573599999999999,-6.573599999999999,0.0,0.0,-1.0,-4.999499999999999,,,,,,,,2,6.573599999999999,0.0,6.573599999999999,-6.573599999999999,0.0,0.0,-1.0,-4.999499999999999,,,,,,,,17,3170.8433999999997,3072.9599999999996,97.8834,2975.0765999999994,0.9691301689638787,0.17647058823529413,0.9382603379277575,3042.5857999999994,,,,,,,,120,5948.065057999996,5737.0852579999955,210.9798,5526.1054579999945,0.9645296751224606,0.7916666666666666,0.929059350244921,3042.5857999999994,,,,,,,,432,10465.620511999965,9224.596919999973,1241.0235920000005,7983.573327999984,0.88141901470849,0.7546296296296297,0.7628380294169805,3042.5857999999994,,,,,,,,,,,,,60,,,
5m,300,btc-up-or-down-5m,btc-updown-5m,btc-updown-5m-1780771800,0x24c9da7143c649464d45afbf667da5e240d91cb088fc13f794e8239566c7cb01,1780771800,1780772100,2026-06-06T18:50:00Z,2026-06-06T18:55:00Z,True,60512.04702785503,60591.550687357885,gamma_finalPrice,,,,,,,,,Up,79.50365950285777,79.50365950285777,13.138484551061458,82115.71480500001,0.99,0.41,0.42,2232,2232,0,ok,,,,,,,,1,0.059399999999999994,0.0,0.059399999999999994,-0.059399999999999994,0.0,0.0,-1.0,-0.059399999999999994,,,,,,,,5,13.9689,0.0,13.9689,-13.9689,0.0,0.0,-1.0,-9.2862,,,,,,,,8,16.305699999999998,0.0,16.305699999999998,-16.305699999999998,0.0,0.0,-1.0,-9.2862,,,,,,,,142,8097.626722999992,6017.778423999993,2079.8482989999998,3937.930125,0.7431533497225146,0.7746478873239436,0.4863066994450299,3724.290707,,,,,,,,329,10436.530180999978,7809.342893999996,2627.1872870000016,5182.155607000002,0.7482700436412423,0.6930091185410334,0.4965400872824835,3724.290707,,,,,,,,,,,,,60,,,
5m,300,btc-up-or-down-5m,btc-updown-5m,btc-updown-5m-1780772100,0x3f678c240094eb739006e00bc2e3597fc7c08e48f7e5733d3918699824462d2b,1780772100,1780772400,2026-06-06T18:55:00Z,2026-06-06T19:00:00Z,True,60591.550687357885,60609.33747422273,gamma_finalPrice,,,,,,,,,Up,17.786786864846363,17.786786864846363,2.9355226369140413,72224.07922599996,0.999,0.97,0.98,2301,2301,0,ok,,,,,,,,101,1720.9177499999994,1682.1647499999992,38.753,1643.411749999999,0.9774812015274988,0.9207920792079208,0.9549624030549977,749.88618,,,,,,,,129,2183.9615439999993,2120.880844999999,63.080699,2057.8001459999996,0.9711163874779289,0.875968992248062,0.942232774955858,749.88618,,,,,,,,179,3130.2205670000003,2936.372968,193.84759900000003,2742.5253690000004,0.9380722237136844,0.8435754189944135,0.8761444474273689,749.88618,,,,,,,,276,4106.745518999998,3700.471032999999,406.27448600000014,3294.1965469999986,0.9010714240460344,0.7355072463768116,0.8021428480920685,749.88618,,,,,,,,528,9064.338082999997,8074.781419999997,989.5566630000003,7085.224756999997,0.8908296828804415,0.634469696969697,0.7816593657608831,1951.6499909999998,,,,,,,,,,,,,60,,,
5m,300,btc-up-or-down-5m,btc-updown-5m,btc-updown-5m-1780772400,0xefc2aa75c96dd85f52d077081bc0ba503534e72483a8819eefc17190087c17a2,1780772400,1780772700,2026-06-06T19:00:00Z,2026-06-06T19:05:00Z,True,60609.33747422273,60546.15872306353,gamma_finalPrice,,,,,,,,,Down,-63.178751159204694,63.178751159204694,10.423930336818934,77438.92469800008,0.01,0.47,0.48,2730,2730,0,ok,,,,,,,,2,86.9121,0.0,86.9121,-86.9121,0.0,0.0,-1.0,-80.31869999999999,,,,,,,,3,101.91059999999999,0.0,101.91059999999999,-101.91059999999999,0.0,0.0,-1.0,-80.31869999999999,,,,,,,,9,145.689,0.0,145.689,-145.689,0.0,0.0,-1.0,-80.31869999999999,,,,,,,,98,4257.740715999997,3595.512715999996,662.2280000000001,2933.2847159999974,0.8444649300716128,0.673469387755102,0.6889298601432262,3364.9347959999973,,,,,,,,301,8027.809392999989,6796.5122929999925,1231.2971,5565.215192999996,0.8466210344912212,0.8205980066445183,0.6932420689824423,3364.9347959999973,,,,,,,,,,,,,60,,,
5m,300,btc-up-or-down-5m,btc-updown-5m,btc-updown-5m-1780772700,0x1b6fa4745ebe367e8c4ed9e484087d66f7499c0ea9b1e045f4adcab0c2ce1f86,1780772700,1780773000,2026-06-06T19:05:00Z,2026-06-06T19:10:00Z,True,60546.15872306353,60725.57780246939,gamma_finalPrice,,,,,,,,,Up,179.41907940585952,179.41907940585952,29.633437230348086,68980.686611,0.99,0.99,1.0,1335,1335,0,ok,,,,,,,,1,6.5934,0.0,6.5934,-6.5934,0.0,0.0,-1.0,-6.5934,,,,,,,,2,7.5934,0.0,7.5934,-7.5934,0.0,0.0,-1.0,-6.5934,,,,,,,,9,39.10431799999999,24.957018,14.147300000000001,10.809718000000002,0.6382164240787938,0.5555555555555556,0.27643284815758723,13.417109000000002,,,,,,,,11,44.633517999999995,24.957018,19.6765,5.280518000000002,0.5591541764644231,0.45454545454545453,0.11830835292884603,13.417109000000002,,,,,,,,14,55.94981799999999,24.957018,30.992800000000003,-6.035781999999998,0.4460607539420415,0.35714285714285715,-0.10787849211591714,13.417109000000002,,,,,,,,,,,,,60,,,
5m,300,btc-up-or-down-5m,btc-updown-5m,btc-updown-5m-1780773000,0xda6a03acdb89bc00c0ae23567ea8e44f36c7690e2946706552609544ac32771d,1780773000,1780773300,2026-06-06T19:10:00Z,2026-06-06T19:15:00Z,True,60725.57780246939,60699.78738909908,gamma_finalPrice,,,,,,,,,Down,-25.790413370305032,25.790413370305032,4.247042894214548,96487.0142139999,0.01,0.49,0.5,2930,2930,0,ok,,,,,,,,52,3211.016777,2863.508277,347.5085,2515.9997769999995,0.8917761805266332,0.7692307692307693,0.7835523610532663,2225.274981,,,,,,,,131,4601.336118,4098.020818,503.31529999999987,3594.7055179999984,0.8906154023325795,0.7862595419847328,0.7812308046651588,2225.274981,,,,,,,,224,5984.693088,5159.0999900000015,825.593098,4333.506892000001,0.8620492169171703,0.8035714285714286,0.7240984338343402,2225.274981,,,,,,,,573,15803.69440000001,7899.136671,7904.557728999998,-5.421057999991286,0.4998284876351441,0.7120418848167539,-0.0003430247297107493,-3397.2360070000004,,,,,,,,743,17712.525011999995,8566.991743000004,9145.53326899999,-578.5415259999911,0.4836685756094054,0.6433378196500673,-0.03266284878118942,-3397.2360070000004,,,,,,,,,,,,,60,,,
5m,300,btc-up-or-down-5m,btc-updown-5m,btc-updown-5m-1780773300,0xba8dd7a89683a05cd533dc4831e78d106502f9f9cb9ae97637783a68c9b7045a,1780773300,1780773600,2026-06-06T19:15:00Z,2026-06-06T19:20:00Z,True,60699.78738909908,60635.91471749584,gamma_finalPrice,,,,,,,,,Down,-63.87267160323972,63.87267160323972,10.522717516916781,74270.96563900006,0.01,0.11,0.12,2555,2555,0,ok,,,,,,,,2,506.47409999999996,0.0,506.47409999999996,-506.47409999999996,0.0,0.0,-1.0,-499.8807,,,,,,,,6,524.5514999999999,0.0,524.5514999999999,-524.5514999999999,0.0,0.0,-1.0,-499.8807,,,,,,,,9,541.1637999999999,0.0,541.1637999999999,-541.1637999999999,0.0,0.0,-1.0,-499.8807,,,,,,,,113,6178.215170999994,5256.972170999996,921.2429999999999,4335.729170999997,0.8508884889078915,0.7876106194690266,0.7017769778157831,3158.7946499999985,,,,,,,,381,10671.421654999991,9282.53246199999,1388.8891929999993,7893.643268999999,0.8698496565966681,0.7664041994750657,0.7396993131933373,3158.7946499999985,,,,,,,,,,,,,60,,,
5m,300,btc-up-or-down-5m,btc-updown-5m,btc-updown-5m-1780773600,0x574f49cbf0768790b7df5eb737b32a3f2a6baf7541a48a4b1ffa5db145050e88,1780773600,1780773900,2026-06-06T19:20:00Z,2026-06-06T19:25:00Z,True,60635.91471749584,60634.31727135485,gamma_finalPrice,,,,,,,,,Down,-1.59744614099327,1.59744614099327,0.26344884025182264,93386.75186000024,0.01,0.48,0.5,2373,2373,0,ok,,,,,,,,130,1863.443651,942.1710780000001,921.2725730000001,20.898505000000007,0.5056074958287,0.4153846153846154,0.011214991657400005,-258.5814029999999,,,,,,,,171,2319.481720999999,995.1290730000001,1324.352648,-329.2235749999999,0.4290307890725561,0.3567251461988304,-0.14193842185488817,-258.5814029999999,,,,,,,,251,5346.495889999999,3451.1225670000003,1895.373322999999,1555.7492439999999,0.6454924193348629,0.38645418326693226,0.2909848386697254,1997.133908,,,,,,,,401,7781.064314999995,5033.685937999997,2747.3783769999986,2286.307561000001,0.6469148350690634,0.4089775561097257,0.29382967013812716,1997.133908,,,,,,,,779,12389.931254999974,7320.94626099999,5068.984994000003,2251.9612669999988,0.5908786828857999,0.3761232349165597,0.18175736577159915,1997.133908,60591.25668065091,0,7.104209303563492,-7.104209303563492,60606.947664938554,0,4.514899592246939,-4.514899592246939,,,,,60,,,
5m,300,btc-up-or-down-5m,btc-updown-5m,btc-updown-5m-1780773900,0x877515dafa830d3f18e332927609b333bddb9ca51b6e93b70e39f2bc518bc5cc,1780773900,1780774200,2026-06-06T19:25:00Z,2026-06-06T19:30:00Z,True,60634.31727135485,60585.07970306986,gamma_finalPrice,,,,,,,,,Down,-49.23756828498881,49.23756828498881,8.120412746570144,61361.701242999836,0.01,0.22,0.23,1850,1850,0,ok,,,,,,,,1,6.5934,0.0,6.5934,-6.5934,0.0,0.0,-1.0,-6.5934,,,,,,,,1,6.5934,0.0,6.5934,-6.5934,0.0,0.0,-1.0,-6.5934,,,,,,,,2,7.5934,0.0,7.5934,-7.5934,0.0,0.0,-1.0,-6.5934,,,,,,,,84,4331.717303999998,4129.6326039999985,202.08470000000003,3927.547903999998,0.9533476711849617,0.8333333333333334,0.906695342369923,2332.0175249999984,,,,,,,,299,8530.48504699999,8074.510848999993,455.9741979999998,7618.536650999995,0.9465476821672228,0.7424749163879598,0.8930953643344455,2332.0175249999984,,,,,,,,,60593.39437961341,0,-1.3723025676863674,1.3723025676863674,60,,,
5m,300,btc-up-or-down-5m,btc-updown-5m,btc-updown-5m-1780774200,0xa72b9918f41896e7ed1dea7ee027d78406e4e63643e18d1cf67bfdd009799ff4,1780774200,1780774500,2026-06-06T19:30:00Z,2026-06-06T19:35:00Z,True,60585.07970306986,60593.39437961341,gamma_finalPrice,,,60593.39437961341,0,60593.39437961341,0,0.0,0.0,Up,8.314676543552196,8.314676543552196,1.3723967327108904,108431.59744799999,0.99,0.5,0.51,2990,2990,0,ok,60592.24936014932,0,7.169657079459284,1.1834030943919012,Up,0,0.18896948991419996,95,1814.4963109999994,955.9859169999992,858.5103939999999,97.47552300000001,0.5268602152589328,0.7894736842105263,0.0537204305178662,317.15325400000006,60584.92639300633,0,-0.153310063527897,0.025304920663515897,Down,1,1.3976075203667027,216,3909.4129259999986,2865.5003439999987,1043.9125819999997,1821.5877620000006,0.7329745918991213,0.7268518518518519,0.46594918379824307,916.4186740000001,60579.885909338525,0,-5.193793731334154,0.857272740547535,Down,1,2.22961205616164,342,5134.601775000001,3896.989221999999,1237.612552999999,2659.376669000001,0.7589662047355168,0.6988304093567251,0.5179324094710345,916.4186740000001,60565.65725860312,0,-19.42244446674158,3.205813141111943,Down,1,4.578629680543326,562,6883.720536999992,4388.440910999996,2495.2796259999973,1893.1612850000047,0.637510033623842,0.6298932384341637,0.2750200672476845,916.4186740000001,,,,,,,,1160,15768.946467999976,8812.961926999995,6955.984540999989,1856.9773860000034,0.5588808323298069,0.5103448275862069,0.11776166465961309,1713.4853889999997,60553.41812703582,0,-6.599637778564017,6.599637778564017,60538.84309711674,0,-9.00689813395209,9.00689813395209,,,,,60,,,
5m,300,btc-up-or-down-5m,btc-updown-5m,btc-updown-5m-1780774500,0x6bdad6d7a55018d5926ea74e1e3573dee01167d4bba7de4e077f5743e1d2a6b1,1780774500,1780774800,2026-06-06T19:35:00Z,2026-06-06T19:40:00Z,True,60593.39437961341,60549.76640288846,gamma_finalPrice,60593.39437961341,0,,,,,,,Down,-43.62797672495071,43.62797672495071,7.200120932592828,60270.06526000005,0.01,0.11,0.12,2096,2096,0,ok,,,,,,,,0,0.0,0.0,0.0,0.0,,,,0.0,,,,,,,,6,17.029600000000002,0.0,17.029600000000002,-17.029600000000002,0.0,0.0,-1.0,-11.5396,,,,,,,,7,17.079600000000003,0.0,17.079600000000003,-17.079600000000003,0.0,0.0,-1.0,-11.5396,,,,,,,,24,210.65570000000002,0.0,210.65570000000002,-210.65570000000002,0.0,0.0,-1.0,-68.8249,,,,,,,,312,11723.11149299998,10084.279402999993,1638.8320899999987,8445.447312999999,0.8602050239837303,0.6858974358974359,0.7204100479674601,3092.7751439999993,,,,,,,,,,,,,60,,,
5m,300,btc-up-or-down-5m,btc-updown-5m,btc-updown-5m-1780774800,0x2fd45c67e5c4df5be191751dd5c88129073fa2f3af6ee3945ac25875fa84fa04,1780774800,1780775100,2026-06-06T19:40:00Z,2026-06-06T19:45:00Z,True,60549.76640288846,60594.972838603775,gamma_finalPrice,,,,,,,,,Up,45.206435715314,45.206435715314,7.465996716571557,59083.336866,0.99,0.5,0.51,1987,1987,0,ok,,,,,,,,1,6.5934,0.0,6.5934,-6.5934,0.0,0.0,-1.0,-6.5934,,,,,,,,3,19.8792,0.0,19.8792,-19.8792,0.0,0.0,-1.0,-13.2858,,,,,,,,19,2888.8220690000003,2478.359169,410.46289999999993,2067.896269,0.8579134020039916,0.2631578947368421,0.7158268040079833,2194.764769,,,,,,,,158,7095.389884999993,6105.701384999995,989.6884999999999,5116.012884999997,0.8605166853350442,0.7911392405063291,0.7210333706700885,2194.764769,,,,,,,,404,10761.273530999988,8949.822537999991,1811.4509929999986,7138.371544999989,0.8316694592157934,0.7376237623762376,0.6633389184315862,2194.764769,,,,,,,,,,,,,60,,,
5m,300,btc-up-or-down-5m,btc-updown-5m,btc-updown-5m-1780775100,0xb43ea8e9d4d28e5e75a7ca45cf85d622c06b3299763418f82ca5a2561323a37f,1780775100,1780775400,2026-06-06T19:45:00Z,2026-06-06T19:50:00Z,True,60594.972838603775,60590.84066475671,gamma_finalPrice,,,,,,,,,Down,-4.132173847065133,4.132173847065133,0.681933443236501,82911.23842799988,0.01,0.55,0.56,3312,3312,0,truncated_http_400_at_offset_3500,,,,,,,,92,790.9908480000003,667.1262510000001,123.86459700000003,543.261654,0.8434057773067937,0.5652173913043478,0.6868115546135874,318.401188,,,,,,,,181,1500.521112,1176.514725,324.006387,852.5083379999996,0.7840707575462624,0.5414364640883977,0.5681415150925245,318.401188,,,,,,,,303,2816.020468,2031.4757069999996,784.5447609999999,1246.930945999998,0.7213994820296169,0.5247524752475248,0.44279896405923347,318.401188,,,,,,,,612,5907.413493999995,3078.1123690000013,2829.301125,248.81124399999868,0.5210592371985403,0.43137254901960786,0.04211847439707915,-579.3019980000001,,,,,,,,1159,12664.124798999961,6990.441522000006,5673.683276999995,1316.7582449999984,0.551987731718501,0.4598792062122519,0.10397546343699787,942.7676810000002,,,,,,,,,,,,,60,,,
5m,300,btc-up-or-down-5m,btc-updown-5m,btc-updown-5m-1780775400,0xebb87ecaab664b33f14fa6b2dc8b36c4b84eb8673c5b2e468e85d9e4481a75da,1780775400,1780775700,2026-06-06T19:50:00Z,2026-06-06T19:55:00Z,True,60590.84066475671,60594.23158626993,gamma_finalPrice,,,,,,,,,Up,3.3909215132225654,3.3909215132225654,0.5596425921838926,83854.65374099999,0.99,0.99,1.0,2474,2474,0,ok,,,,,,,,80,826.934051,670.47137,156.46268099999998,514.0086890000001,0.810791826977264,0.5875,0.6215836539545282,266.66168799999997,,,,,,,,134,1163.9458330000002,836.121258,327.824575,508.2966829999999,0.7183506605672086,0.5597014925373134,0.4367013211344173,266.66168799999997,,,,,,,,180,1922.9215129999995,1378.1591439999997,544.7623689999999,833.396775,0.7167006737835586,0.5944444444444444,0.4334013475671174,266.66168799999997,,,,,,,,347,3894.6471300000007,2629.935083999999,1264.7120459999999,1365.2230379999996,0.6752691569261625,0.590778097982709,0.35053831385232564,288.557292,,,,,,,,549,9731.446847999989,4071.1078460000017,5660.339001999999,-1589.2311560000012,0.418345587206973,0.5391621129326047,-0.16330882558605567,-3407.1515910000003,,,,,,,,,,,,,60,,,
5m,300,btc-up-or-down-5m,btc-updown-5m,btc-updown-5m-1780775700,0x5aff2fb48f0e1529253f5c18bc13077f6742060c4f5192f75f4182092b96f82c,1780775700,1780776000,2026-06-06T19:55:00Z,2026-06-06T20:00:00Z,True,60594.23158626993,60571.44162474652,gamma_finalPrice,,,,,,,,,Down,-22.789961523412785,22.789961523412785,3.7610777341018,64141.189542999964,0.01,0.51,0.52,2405,2405,0,ok,,,,,,,,18,2774.4881950000004,2601.512595,172.97560000000001,2428.5369950000004,0.9376549518892437,0.2222222222222222,0.8753099037784877,2471.2851950000004,,,,,,,,79,4399.269862,4132.542262000001,266.7276,3865.814662,0.939370029944301,0.7215189873417721,0.8787400598886016,2471.2851950000004,,,,,,,,141,5092.034324999999,4581.678128,510.35619699999995,4071.3219310000004,0.8997736141537107,0.7730496453900709,0.7995472283074214,2471.2851950000004,,,,,,,,274,6285.747435999991,5557.423543999994,728.3238919999999,4829.099651999997,0.8841309009921858,0.7627737226277372,0.7682618019843718,2471.2851950000004,,,,,,,,593,10453.929720999986,7990.597150999981,2463.3325699999996,5527.264580999986,0.7643630064729026,0.7200674536256324,0.5287260129458061,2471.2851950000004,,,,,,,,,,,,,60,,,
5m,300,btc-up-or-down-5m,btc-updown-5m,btc-updown-5m-1780776000,0xf1e6fad50830ab9d977a10d932324ac9a42ac7e26f76692e5e77217de91ea248,1780776000,1780776300,2026-06-06T20:00:00Z,2026-06-06T20:05:00Z,True,60571.44162474652,60515.05686771004,gamma_finalPrice,,,,,,,,,Down,-56.38475703648146,56.38475703648146,9.308802221647209,81584.30385700002,0.01,,0.01,3491,3491,0,truncated_http_400_at_offset_3500,,,,,,,,3,7.7325,0.0,7.7325,-7.7325,0.0,0.0,-1.0,-6.7325,,,,,,,,11,446.42449999999997,0.0,446.42449999999997,-446.42449999999997,0.0,0.0,-1.0,-365.76860000000005,,,,,,,,18,603.1279,0.0,603.1279,-603.1279,0.0,0.0,-1.0,-365.76860000000005,,,,,,,,326,8688.524122000003,7628.518751999996,1060.0053700000005,6568.513382000004,0.8779993753696336,0.6717791411042945,0.7559987507392687,2410.7528680000005,,,,,,,,676,11217.891987999998,9329.712441999987,1888.179546,7441.532895999997,0.8316814292721099,0.6094674556213018,0.6633628585442214,2410.7528680000005,,,,,,,,,,,,,60,,,
5m,300,btc-up-or-down-5m,btc-updown-5m,btc-updown-5m-1780776300,0xd908f6f4a5fdfec2fec7198aa0c580dd876ffaacb5df6453cb398f258984ef97,1780776300,1780776600,2026-06-06T20:05:00Z,2026-06-06T20:10:00Z,True,60515.05686771004,60549.5302805348,gamma_finalPrice,,,,,,,,,Up,34.47341282475827,34.47341282475827,5.696667012991404,70983.42938700023,0.99,0.52,0.54,2530,2530,0,ok,,,,,,,,0,0.0,0.0,0.0,0.0,,,,0.0,,,,,,,,5,57.6839,0.0,57.6839,-57.6839,0.0,0.0,-1.0,-57.2089,,,,,,,,80,4223.560015999999,4017.511216000001,206.0488,3811.4624160000003,0.9512144259299194,0.7375,0.9024288518598385,1525.211557,,,,,,,,233,8418.182569,8113.429170000005,304.753399,7808.675771000002,0.9637981955722543,0.8283261802575107,0.9275963911445078,2068.895746,,,,,,,,424,10030.397947999996,9370.193574000003,660.2043740000001,8709.98920000001,0.9341796429790071,0.7382075471698113,0.8683592859580145,2068.895746,,,,,,,,,,,,,60,,,
5m,300,btc-up-or-down-5m,btc-updown-5m,btc-updown-5m-1780776600,0x9561331eda6a0c9e4c5e65410846e2a672cf6b58b552821f2cee821f6f8ef1ae,1780776600,1780776900,2026-06-06T20:10:00Z,2026-06-06T20:15:00Z,True,60549.5302805348,60546.78298754923,gamma_finalPrice,,,,,,,,,Down,-2.7472929855648545,2.7472929855648545,0.4537265562319387,81288.89653400019,0.01,0.61,0.62,2506,2506,0,ok,,,,,,,,163,2583.1744790000002,1699.7566499999998,883.4178290000002,816.3388210000004,0.6580107785278253,0.5950920245398773,0.3160215570556511,564.2023849999999,,,,,,,,213,3004.9448310000002,1752.2080379999995,1252.7367929999998,499.4712450000003,0.5831082221289537,0.5539906103286385,0.166216444257908,564.2023849999999,,,,,,,,256,3277.474580999998,1770.0906339999992,1507.3839469999994,262.7066870000002,0.5400776086141064,0.48828125,0.08015521722821269,564.2023849999999,,,,,,,,352,4054.204523,1937.1973289999992,2117.007193999997,-179.8098649999999,0.4778242730503705,0.42329545454545453,-0.04435145389925852,564.2023849999999,,,,,,,,627,6996.840006999993,3129.653088999997,3867.186917999998,-737.533828999999,0.4472952198233679,0.42424242424242425,-0.10540956035326415,564.2023849999999,,,,,,,,,60552.50376423135,0,-0.9448076598653138,0.9448076598653138,60,,,
5m,300,btc-up-or-down-5m,btc-updown-5m,btc-updown-5m-1780776900,0x1534c70ed99588c4f256bb694c6ec5f430eba297899f0d9ff1d830dd929aae33,1780776900,1780777200,2026-06-06T20:15:00Z,2026-06-06T20:20:00Z,True,60546.78298754923,60552.503764231355,gamma_finalPrice,,,60552.50376423135,0,60552.50376423135,0,7.275957614183426e-12,1.2017083741145496e-12,Up,5.72077668212296,5.72077668212296,0.9448522943488794,103542.62654499989,0.99,0.5,0.51,3354,3354,0,ok,60561.76124611438,0,14.97825856514828,2.4738322708620855,Up,0,-1.528718669145125,115,1237.0875580000004,989.5705620000003,247.51699600000003,742.0535660000004,0.7999195817633468,0.6260869565217392,0.5998391635266936,490.04361900000026,60569.005479105625,0,22.222491556392924,3.67030095735437,Up,0,-2.72481990679604,165,1910.7134450000005,1611.9373490000005,298.77609600000005,1313.1612530000002,0.8436311332911566,0.6242424242424243,0.6872622665823132,490.04361900000026,60593.51101699427,0,46.72802944503928,7.717673365841482,Up,0,-6.769889113257412,246,3073.2473880000007,1797.1213920000007,1276.1259960000004,520.9953960000007,0.5847630096480864,0.532520325203252,0.16952601929617278,490.04361900000026,60598.45186821533,0,51.66888066609681,8.533711968928547,Up,0,-7.585265167274915,320,5421.224380999998,3975.3145849999996,1445.9097960000004,2529.4047890000006,0.7332872254711423,0.5875,0.46657445094228456,686.4757999999999,,,,,,,,553,11686.623591000005,9592.053402000001,2094.5701890000005,7497.483212999993,0.8207719986281534,0.6582278481012658,0.6415439972563064,2203.4538359999983,60532.57524552409,0,-3.2916555945921036,3.2916555945921036,60539.96766868575,0,-2.0704995846638057,2.0704995846638057,60575.27270970312,0,3.759492067425907,-3.759492067425907,60,,,
5m,300,btc-up-or-down-5m,btc-updown-5m,btc-updown-5m-1780777200,0xa5014c531d1879a0168903895e0b182aa7688b43cb31b2b353f4e98632c279a2,1780777200,1780777500,2026-06-06T20:20:00Z,2026-06-06T20:25:00Z,True,60552.503764231355,60575.27270970312,gamma_finalPrice,60552.50376423135,0,60575.27270970312,0,60575.27270970312,0,0.0,0.0,Up,22.76894547176198,22.76894547176198,3.760198845024754,64538.70787100016,0.99,0.79,0.8,2568,2568,0,ok,60575.543995,0,23.040230768645415,3.805000509699054,Up,0,-0.04478472440592315,112,1817.0136449999995,1751.3395449999996,65.6741,1685.6654449999994,0.9638560226662469,0.8928571428571429,0.9277120453324939,1011.7633320000002,60571.56054703116,0,19.056782799802022,3.147150260541159,Up,0,0.6128369307442323,146,2371.604784999998,2301.3658849999983,70.2389,2231.1269849999985,0.9703833874664746,0.8972602739726028,0.9407667749329491,1011.7633320000002,60572.62347311968,0,20.119708888327295,3.3226881858867245,Up,0,0.4373557721313632,185,2537.678308999999,2431.8434119999993,105.83489700000001,2326.0085149999995,0.9582945968270875,0.8594594594594595,0.916589193654175,1011.7633320000002,60574.6301,0,22.12633576864755,3.6540744631797835,Up,0,0.10608505466675712,347,3860.0622279999975,3444.409541999998,415.65268600000013,3028.7568559999986,0.8923196929352716,0.7867435158501441,0.7846393858705432,1011.7633320000002,60585.15716966938,0,32.65340543802449,5.39257725248894,Up,0,-1.6316317130988822,718,6619.3693319999975,5251.110982000001,1368.2583499999992,3882.8526319999937,0.7932947564376822,0.6601671309192201,0.5865895128753628,1011.7633320000002,60578.66189231258,0,0.5594837050035123,-0.5594837050035123,60588.77642638783,0,2.2289972705430383,-2.2289972705430383,60568.719043124336,0,-1.0819631234454312,1.0819631234454312,60,5.39257725248894,Up,-1.6316317130988822
5m,300,btc-up-or-down-5m,btc-updown-5m,btc-updown-5m-1780777500,0x0a84f7f1491ef1961541d58663513c029721c4648e901eb05b2dad4b3db1f2d0,1780777500,1780777800,2026-06-06T20:25:00Z,2026-06-06T20:30:00Z,True,60575.27270970312,60568.719043124336,gamma_finalPrice,60575.27270970312,0,60568.719043124336,0,60568.719043124336,0,0.0,0.0,Down,-6.553666578780394,6.553666578780394,1.0819045933458273,113310.05139600004,0.01,0.5,0.51,2045,2045,0,ok,60568.42450263594,0,-6.848207067174371,1.1305284748767472,Down,0,-0.04862926098078939,62,1484.2576159999992,1404.9257169999994,79.331899,1325.5938179999996,0.9465511255291414,0.7258064516129032,0.8931022510582828,867.3224500000001,60562.32792480563,0,-12.944784897488717,2.1369750920519066,Down,0,-1.055240334268549,78,1730.6486729999988,1643.6667759999991,86.98189700000002,1556.6848789999995,0.9497402919743263,0.7435897435897436,0.8994805839486525,867.3224500000001,60561.48935092282,0,-13.783358780296112,2.2754101077432303,Down,0,-1.1937058981331055,135,2115.0660989999983,1888.6619099999975,226.404189,1662.2577209999984,0.8929564475043855,0.6370370370370371,0.7859128950087718,867.3224500000001,60552.38489899134,0,-22.887810711778002,3.7784081999042765,Down,0,-2.697159074742452,307,6697.214597,5909.095914999996,788.1186819999998,5120.977232999994,0.8823214232446666,0.6514657980456026,0.7646428464893334,2622.133952,60564.0296268011,0,-11.243082902015885,1.856051553559896,Down,0,-0.7742606977988448,635,10211.141560999988,7869.002408999989,2342.139151999999,5526.863256999987,0.7706290586602512,0.6283464566929133,0.5412581173205022,2622.133952,60573.06729869743,0,-0.7178787281024294,0.7178787281024294,60567.02108965656,0,0.28033897609773756,-0.28033897609773756,60662.09470768558,0,-15.404612101073617,15.404612101073617,60,1.856051553559896,Down,-0.7742606977988448
5m,300,btc-up-or-down-5m,btc-updown-5m,btc-updown-5m-1780777800,0x549f29843838a08885245c2e4933abe82a905e381ea8a63e34aae5587daffd4b,1780777800,1780778100,2026-06-06T20:30:00Z,2026-06-06T20:35:00Z,True,60568.719043124336,60662.09470768558,gamma_finalPrice,60568.719043124336,0,60662.09470768558,0,60662.09470768558,0,0.0,0.0,Up,93.37566456124478,93.37566456124478,15.41648329969835,52988.4047390001,0.99,0.82,0.83,2308,2308,0,ok,60664.18351007142,0,95.4644669470872,15.761348176955407,Up,0,-0.34432810710642897,0,0.0,0.0,0.0,0.0,,,,0.0,60675.11132528986,0,106.39228216552146,17.5655493208914,Up,0,-2.145527835983613,3,0.14850000000000002,0.0,0.14850000000000002,-0.14850000000000002,0.0,0.0,-1.0,-0.14850000000000002,,,,,,,,5,2.5047,0.0,2.5047,-2.5047,0.0,0.0,-1.0,-2.0592,60644.87294835875,0,76.15390523441602,12.573141125899522,Up,0,2.839368549935929,13,45.978300000000004,0.0,45.978300000000004,-45.978300000000004,0.0,0.0,-1.0,-25.0,60637.141543348655,0,68.42250022431836,11.296672821428205,Up,0,4.114315219145686,210,6741.193043999997,5860.353243999997,880.8397999999997,4979.513443999999,0.8693347313671737,0.6523809523809524,0.7386694627343476,2286.622558999999,60657.01323981509,0,-0.8377028086399,0.8377028086399,60636.72592974395,0,-4.182856548513497,4.182856548513497,60643.12098858339,0,-3.1282610806167885,3.1282610806167885,60,11.296672821428205,Up,4.114315219145686
5m,300,btc-up-or-down-5m,btc-updown-5m,btc-updown-5m-1780778100,0x86d6d28acb122deb6f3981a0da8eb25025d55f818ef04f813d145bd4c3100ec0,1780778100,1780778400,2026-06-06T20:35:00Z,2026-06-06T20:40:00Z,True,60662.09470768558,60643.12098858339,gamma_finalPrice,60662.09470768558,0,60643.12098858339,0,60643.12098858339,0,0.0,0.0,Down,-18.973719102192263,18.973719102192263,3.127771830765413,56586.42261700004,0.01,0.5,0.51,2461,2461,0,ok,60642.98225919748,0,-19.1124484881002,3.150641035427144,Down,0,-0.02287638603142009,81,1077.5430500000007,978.7905500000003,98.75250000000001,880.0380500000002,0.9083540096147431,0.8148148148148148,0.8167080192294867,478.5310690000001,60641.627854801525,0,-20.466852884055697,3.373911333375478,Down,0,-0.24621954469557256,137,1779.874976,1619.0825769999997,160.79239900000002,1458.290178,0.909660846313286,0.8248175182481752,0.8193216926265724,478.5310690000001,60640.37546327678,0,-21.719244408799568,3.580365055552203,Down,0,-0.45274507866227937,214,2598.617979,2102.2360819999985,496.3818969999999,1605.8541849999983,0.8089823509991186,0.7476635514018691,0.6179647019982379,478.5310690000001,60634.88515462151,0,-27.20955306407268,4.485429195148674,Down,0,-1.358174369194837,338,5293.6822639999955,4650.133869999996,643.5483939999999,4006.585475999995,0.8784308611840025,0.7810650887573964,0.7568617223680048,860.007331,60644.600993129956,0,-17.493714555625047,2.8837966509271697,Down,0,0.2440485355748629,652,8614.879447999985,6724.137377999988,1890.7420699999993,4833.395307999997,0.7805259979071502,0.7147239263803681,0.5610519958143012,860.007331,60644.36416144866,0,-0.20499606596442962,0.20499606596442962,60631.407293052274,0,1.9317651832607867,-1.9317651832607867,60706.380932077045,0,-10.426074804240956,10.426074804240956,60,2.8837966509271697,Down,0.2440485355748629
5m,300,btc-up-or-down-5m,btc-updown-5m,btc-updown-5m-1780778400,0xe1d6f1abc9010c4c6dd7bd92eceb663b3b70bb0c391bac9beb8e5bb2e175e550,1780778400,1780778700,2026-06-06T20:40:00Z,2026-06-06T20:45:00Z,True,60643.12098858339,60706.380932077045,gamma_finalPrice,60643.12098858339,0,60706.380932077045,0,60706.380932077045,0,0.0,0.0,Up,63.259943493656465,63.259943493656465,10.431511845435152,71602.27359999999,0.99,0.39,0.4,2394,2394,0,ok,60706.93683538643,0,63.81584680303786,10.52317983684444,Up,0,-0.09157204820808001,0,0.0,0.0,0.0,0.0,,,,0.0,60701.5833472756,0,58.46235869220982,9.640394118768373,Up,0,0.7903245610642632,3,8.6666,0.0,8.6666,-8.6666,0.0,0.0,-1.0,-8.0,60700.26104017428,0,57.140051590889925,9.422346782192667,Up,0,1.0081642665557846,13,128.4775,0.0,128.4775,-128.4775,0.0,0.0,-1.0,-102.1095,60720.14787813276,0,77.02688954937184,12.701669751441857,Up,0,-2.2675351506126677,30,240.45029999999997,0.0,240.45029999999997,-240.45029999999997,0.0,0.0,-1.0,-102.1095,60702.431610961976,0,59.31062237858714,9.780272092155828,Up,0,0.6505822820825595,205,7043.181780999994,5444.787183999994,1598.3945969999997,3846.3925869999966,0.7730578811252747,0.5658536585365853,0.5461157622505498,3999.5742579999996,60718.19903637242,0,1.9465752874354583,-1.9465752874354583,60693.68207587835,0,-2.0920674883301595,2.0920674883301595,60639.241883525705,0,-11.065756447498506,11.065756447498506,60,9.780272092155828,Up,0.6505822820825595
5m,300,btc-up-or-down-5m,btc-updown-5m,btc-updown-5m-1780778700,0x5eb26c0006e0cad84dad9c27db43981a912f0c91f9c1e60982db6dd9be2553db,1780778700,1780779000,2026-06-06T20:45:00Z,2026-06-06T20:50:00Z,True,60706.380932077045,60639.24188352571,gamma_finalPrice,60706.380932077045,0,60639.241883525705,0,60639.241883525705,0,7.275957614183426e-12,1.1985490655956457e-12,Down,-67.13904855133296,67.13904855133296,11.059636156939298,56839.86698099998,0.01,0.5,0.51,2260,2260,0,ok,60640.491126733665,0,-65.88980534338043,10.853851659696696,Down,0,0.20601021736954442,1,1.0,0.0,1.0,-1.0,0.0,0.0,-1.0,-1.0,60641.43123719972,0,-64.94969487732305,10.6989897734134,Down,0,0.36103916937660113,2,5.67,0.0,5.67,-5.67,0.0,0.0,-1.0,-4.67,60646.26841572599,0,-60.11251635105873,9.90217427362656,Down,0,1.158676282236518,4,7.27,0.0,7.27,-7.27,0.0,0.0,-1.0,-4.67,60646.54318,0,-59.83775207704457,9.856913088592059,Down,0,1.2039822274773202,9,63.692800000000005,0.0,63.692800000000005,-63.692800000000005,0.0,0.0,-1.0,-25.0,60629.31527519441,0,-77.065656882638,12.694819835968307,Down,0,-1.6371281370950121,56,623.5138830000001,216.72058299999998,406.7933,-190.07271699999998,0.34757940265461573,0.375,-0.30484119469076837,-127.1759,60639.96629979457,0,-0.11946256571417847,0.11946256571417847,60686.80477791583,0,-7.840508800124178,7.840508800124178,60661.19336151892,0,-3.6193568783972325,3.6193568783972325,60,12.694819835968307,Down,-1.6371281370950121
5m,300,btc-up-or-down-5m,btc-updown-5m,btc-updown-5m-1780779000,0x3fc9b845919bfeaf4447cae21a3ef366d2616d06dbf497af4ed0e1071d2b35fa,1780779000,1780779300,2026-06-06T20:50:00Z,2026-06-06T20:55:00Z,True,60639.24188352571,60661.19336151892,gamma_finalPrice,60639.241883525705,0,60661.19336151892,0,60661.19336151892,0,0.0,0.0,Up,21.951477993206936,21.951477993206936,3.620011944636572,56935.33451100017,0.99,0.78,0.79,1864,1864,0,ok,60666.692902159506,0,27.451018633793865,4.5269396155250545,Up,0,-0.9065583871458611,20,146.9326,0.0,146.9326,-146.9326,0.0,0.0,-1.0,-112.9686,60672.71061312799,0,33.468729602274834,5.5193186066805895,Up,0,-1.8984391446048636,25,252.8924,94.05,158.8424,-64.7924,0.3718972970322556,0.04,-0.25620540593548874,-112.9686,60672.74538335544,0,33.503499829726934,5.525052554924679,Up,0,-1.904169928203611,58,464.54016900000005,268.013769,196.5264,71.487369,0.5769442276153303,0.5,0.15388845523066055,-112.9686,60688.86410377691,0,49.622220251199906,8.183186120056215,Up,0,-4.560482840395387,123,1173.9330460000012,811.2768460000002,362.6562000000001,448.62064600000014,0.6910759082592512,0.4715447154471545,0.3821518165185033,330.15399400000007,60694.45670922824,0,55.21482570252556,9.105461082211544,Up,0,-5.481961247448729,229,8425.825840999993,7336.727244999997,1089.0985960000007,6247.628648999997,0.8707428071085387,0.4497816593886463,0.7414856142170767,5827.196188999999,60656.86648107636,0,-0.7133118432666382,0.7133118432666382,60672.143836026175,0,1.8050232178407764,-1.8050232178407764,60682.76467787514,0,3.555400191651886,-3.555400191651886,60,9.105461082211544,Up,-5.481961247448729
5m,300,btc-up-or-down-5m,btc-updown-5m,btc-updown-5m-1780779300,0x28e3951613c273e9db21fd9acb591736af9399ec0e82c46eedb4a5cf2061439d,1780779300,1780779600,2026-06-06T20:55:00Z,2026-06-06T21:00:00Z,True,60661.19336151892,60682.76467787514,gamma_finalPrice,60661.19336151892,0,60682.76467787514,0,60682.76467787514,0,0.0,0.0,Up,21.57131635621772,21.57131635621772,3.556032310089982,56486.890133999885,0.999,0.98,0.99,2267,2267,0,ok,60675.04551188073,0,13.852150361810345,2.2835275064993374,Up,0,1.2721333703610265,109,1154.3257780000001,1120.978479,33.347299,1087.63118,0.971111015940597,0.908256880733945,0.9422220318811939,482.6612919999998,60666.30624155529,0,5.112880036373099,0.8428584656919245,Up,0,2.7125772444845673,194,1762.9360349999993,1474.9808549999998,287.95518000000004,1187.0256749999999,0.8366615836972215,0.6855670103092784,0.6733231673944429,482.6612919999998,60672.92205328377,0,11.728691764852556,1.9334752771765908,Up,0,1.6221118067174194,240,2019.8810009999988,1675.9468329999995,343.9341680000001,1332.0126649999997,0.8297255294595449,0.6708333333333333,0.6594510589190895,482.6612919999998,60684.76557615873,0,23.572214639811136,3.8858804671594913,Up,0,-0.32972546769088124,336,2572.6396159999995,1903.2814549999987,669.3581610000001,1233.9232939999993,0.7398165849437028,0.6458333333333334,0.47963316988740623,482.6612919999998,60718.839275174985,0,57.645913656066114,9.502931027505044,Up,0,-5.943018409472757,743,14456.633941,12380.495916000003,2076.1380249999993,10304.357891000012,0.8563885595033345,0.5827725437415882,0.7127771190066694,4137.019101000002,60685.42130294924,0,0.4377794811816137,-0.4377794811816137,60691.54194178633,0,1.4463133377962722,-1.4463133377962722,60688.939589186724,0,1.0175207399778992,-1.0175207399778992,60,9.502931027505044,Up,-5.943018409472757
5m,300,btc-up-or-down-5m,btc-updown-5m,btc-updown-5m-1780779600,0x7b0d5c8274a4b3dbb0d9906e4cf2039143ba1afbb316b61ab286532b74217c22,1780779600,1780779900,2026-06-06T21:00:00Z,2026-06-06T21:05:00Z,True,60682.76467787514,60688.93958918672,gamma_finalPrice,60682.76467787514,0,60688.939589186724,0,60688.939589186724,0,-7.275957614183426e-12,-1.1990155117036437e-12,Up,6.174911311580217,6.174911311580217,1.0175725091562255,61787.880475000056,0.99,0.5,0.51,2323,2323,0,ok,60687.62347022993,0,4.858792354796606,0.800687374840078,Up,0,0.21686541843904378,42,234.56624,197.049243,37.516997,159.532246,0.8400579853264476,0.7380952380952381,0.6801159706528953,73.42558899999999,60687.22311323916,0,4.458435364023899,0.7347119709675058,Up,0,0.2828357577716704,94,617.5161090000001,486.92212700000005,130.59398200000004,356.3281450000001,0.7885172870850563,0.6702127659574468,0.577034574170113,104.71389700000002,60687.159839112384,0,4.395161237247521,0.7242849366831817,Up,0,0.29326203146163227,235,1574.2216360000002,897.1545110000004,677.0671249999998,220.08738600000024,0.5699035577224149,0.4127659574468085,0.1398071154448294,104.71389700000002,60702.32198243233,0,19.557304557194584,3.222876324276167,Up,0,-2.204836349267693,500,3570.2674960000027,2036.8963259999969,1533.371169999999,503.52515600000055,0.5705164468158369,0.438,0.14103289363167654,363.5033119999998,60706.792122427796,0,24.02744455265929,3.959517118279825,Up,0,-2.9412126963719025,677,5086.330772999992,3058.0628409999954,2028.267931999998,1029.7949090000002,0.6012316102667277,0.4549483013293944,0.2024632205334558,363.5033119999998,60707.32569054394,0,3.029104965535256,-3.029104965535256,60705.5556158761,0,2.7375255797360913,-2.7375255797360913,60713.9666810294,0,4.122980736805741,-4.122980736805741,60,3.959517118279825,Up,-2.9412126963719025
5m,300,btc-up-or-down-5m,btc-updown-5m,btc-updown-5m-1780779900,0xc040c9a0d6c4190458e16115cd9e9e8a8e4033acc68b85510e5fe3ecb9faf04a,1780779900,1780780200,2026-06-06T21:05:00Z,2026-06-06T21:10:00Z,True,60688.93958918672,60713.9666810294,gamma_finalPrice,60688.939589186724,0,60713.9666810294,0,60713.9666810294,0,0.0,0.0,Up,25.02709184268315,25.02709184268315,4.1238308021355445,53632.06369799984,0.99,0.82,0.83,2082,2082,0,ok,60712.149965576464,0,23.21037638974667,3.824482112698208,Up,0,0.2992297708661808,11,52.4312,0.0,52.4312,-52.4312,0.0,0.0,-1.0,-24.750500000000002,60712.37921,0,23.43962081328209,3.8622557869603074,Up,0,0.2614706088428993,106,2129.883334999999,2019.7356350000002,110.14770000000001,1909.5879350000002,0.9482846322190699,0.7641509433962265,0.8965692644381393,1746.5856920000003,60712.088701781446,0,23.14911259472865,3.814387391084562,Up,0,0.3093206383396557,177,5934.810829999995,5789.5173309999955,145.29349900000003,5644.223831999998,0.9755184279395137,0.8192090395480226,0.9510368558790276,3321.4316149999995,60711.74960696671,0,22.81001777999336,3.7585131548512916,Up,0,0.36517372607954457,268,7100.687666999996,6853.939371999998,246.74829499999998,6607.191077000002,0.965250084700001,0.8097014925373134,0.9305001694000022,3321.4316149999995,60707.03830002767,0,18.098710840953572,2.9822091081944557,Up,0,1.1412162187801376,512,10054.63624699998,9163.136272999986,891.4999740000001,8271.636299,0.9113344379548297,0.78125,0.8226688759096603,3321.4316149999995,60729.710873671276,0,2.5928385976267765,-2.5928385976267765,60766.81638360291,0,8.700916239499888,-8.700916239499888,60826.705794626374,0,18.55167387749366,-18.55167387749366,60,2.9822091081944557,Up,1.1412162187801376
5m,300,btc-up-or-down-5m,btc-updown-5m,btc-updown-5m-1780780200,0x110b9a1e57dcbae17d72242d28ceacad7778c408ff2c441d8f0b20e523011291,1780780200,1780780500,2026-06-06T21:10:00Z,2026-06-06T21:15:00Z,True,60713.9666810294,60826.705794626374,gamma_finalPrice,60713.9666810294,0,60826.705794626374,0,60826.705794626374,0,0.0,0.0,Up,112.73911359697377,112.73911359697377,18.568892753996266,73031.15765699996,0.99,0.48,0.49,1723,1723,0,ok,60803.842938039255,0,89.87625700985518,14.803225999387353,Up,0,3.759393852054507,0,0.0,0.0,0.0,0.0,,,,0.0,60803.626885937076,0,89.6602049076755,14.767640760275116,Up,0,3.7949265545264708,1,5.0,0.0,5.0,-5.0,0.0,0.0,-1.0,-5.0,60800.99692538223,0,87.03024435282714,14.334468510360152,Up,0,4.227469409038321,3,15.2168,0.0,15.2168,-15.2168,0.0,0.0,-1.0,-7.8408,60805.66312763139,0,91.69644660199265,15.103023507545585,Up,0,3.460043965494221,9,25.950599999999998,0.0,25.950599999999998,-25.950599999999998,0.0,0.0,-1.0,-7.8408,60802.919694543336,0,88.95301351393573,14.651161565717606,Up,0,3.911234666817603,60,461.50511399999994,361.04781399999996,100.45729999999999,260.590514,0.7823267891241613,0.7,0.5646535782483225,149.50742400000001,60856.39749955259,0,4.880169014709496,-4.880169014709496,60860.30089199122,0,5.5215588143916055,-5.5215588143916055,60845.16286,0,3.0339084488947172,-3.0339084488947172,60,14.651161565717606,Up,3.911234666817603
5m,300,btc-up-or-down-5m,btc-updown-5m,btc-updown-5m-1780780500,0xbcdb944cd709578c08510b2d83f3d8067541602dfb7a7ea42369781dab75b630,1780780500,1780780800,2026-06-06T21:15:00Z,2026-06-06T21:20:00Z,True,60826.705794626374,60845.16286,gamma_finalPrice,60826.705794626374,0,60845.16286,0,60845.16286,0,0.0,0.0,Up,18.457065373622754,18.457065373622754,3.0343687254642204,81099.56026800012,0.99,0.57,0.58,3292,3292,0,truncated_http_400_at_offset_3500,60845.053982161095,0,18.348187534720637,3.016469048426025,Up,0,0.017894263274759854,337,3445.5104159999973,2674.7419189999996,770.7684970000007,1903.9734220000003,0.776297731267692,0.5370919881305638,0.5525954625353835,857.2008150000001,60828.79540949196,0,2.0896148655883735,0.34353576086196286,Up,0,2.6903785887365896,488,6143.891242999993,5037.739550999997,1106.1516920000001,3931.5878589999984,0.8199591027493719,0.6086065573770492,0.6399182054987432,1511.1052659999998,60823.111804115295,0,-3.593990511079028,0.5908573321747325,Down,1,3.6247832373745505,601,7739.8454809999885,6208.712811999999,1531.1326689999992,4677.580143000006,0.8021752924191237,0.6139767054908486,0.6043505848382469,1511.1052659999998,60820.22200292322,0,-6.483791703154566,1.0659449033860657,Down,1,4.099910168243413,696,8501.570936999982,6457.245901,2044.325035999997,4412.920865000015,0.7595356139295617,0.603448275862069,0.5190712278591229,1511.1052659999998,60821.79180841555,0,-4.91398621082044,0.8078665689067378,Down,1,3.8418076519775717,1097,11491.411707000003,7680.043670999982,3811.3680360000017,3868.675635000009,0.6683289979351864,0.5733819507748404,0.33665799587037704,1511.1052659999998,60838.51057575163,0,-1.093373345358196,1.093373345358196,60853.13304097226,0,1.3098262263501583,-1.3098262263501583,60877.41158214286,0,5.298725079581615,-5.298725079581615,60,0.8078665689067378,Down,3.8418076519775717
5m,300,btc-up-or-down-5m,btc-updown-5m,btc-updown-5m-1780780800,0x2da68770c1d971dad5837b4f6bfda3771820c2f7c79229301367f554d76b6a0b,1780780800,1780781100,2026-06-06T21:20:00Z,2026-06-06T21:25:00Z,True,60845.16286,60877.41158214286,gamma_finalPrice,60845.16286,0,60877.41158214286,0,60877.41158214286,0,0.0,0.0,Up,32.24872214286006,32.24872214286006,5.300129151936346,69705.88759399996,0.99,0.48,0.49,2612,2612,0,ok,60872.16100764405,0,26.99814764405164,4.437188820773196,Up,0,0.8625203999277126,16,175.47809999999998,0.0,175.47809999999998,-175.47809999999998,0.0,0.0,-1.0,-132.0663,60872.13944480382,0,26.976584803822334,4.433644933434292,Up,0,0.8660627161016713,80,4108.036540000001,3902.315441000001,205.72109899999995,3696.594342000001,0.9499222811197293,0.6875,0.8998445622394585,2896.0323929999995,60871.96998072968,0,26.80712072968163,4.405793241339945,Up,0,0.8939021039697365,133,4767.881094,4386.771194999999,381.109899,4005.661295999998,0.9200672392020016,0.706766917293233,0.8401344784040031,2896.0323929999995,60868.84854781255,0,23.685687812554534,3.8927807403611463,Up,0,1.4067018297377125,254,6337.317252999995,5819.359458999994,517.9577940000001,5301.401664999994,0.9182686027348864,0.7086614173228346,0.836537205469773,2896.0323929999995,60888.93134168637,0,43.76848168637662,7.193420089462904,Up,0,-1.8921089853357376,540,8538.095133999985,7239.135459999994,1298.9596739999988,5940.175785999998,0.847863059193691,0.6166666666666667,0.6957261183873813,2896.0323929999995,60873.204002096616,0,-0.6911800860674164,0.6911800860674164,60851.04845534074,0,-4.331464836765003,4.331464836765003,60864.64455691982,0,-2.097389460099149,2.097389460099149,60,7.193420089462904,Up,-1.8921089853357376
5m,300,btc-up-or-down-5m,btc-updown-5m,btc-updown-5m-1780781100,0x9fd210f8d4418a045ec3438837bf5b34332f50edc0d8120eb72eaa4b72c7a797,1780781100,1780781400,2026-06-06T21:25:00Z,2026-06-06T21:30:00Z,True,60877.41158214286,60864.64455691982,gamma_finalPrice,60877.41158214286,0,60864.64455691982,0,60864.64455691982,0,0.0,0.0,Down,-12.767025223038218,12.767025223038218,2.097169523347994,70166.87591300007,0.01,0.25,0.26,2159,2159,0,ok,60865.323538524084,0,-12.088043618772645,1.9856369225656147,Down,0,0.1115553737340165,96,5199.828550999999,5152.895752999999,46.932798,5105.962955,0.9909741643325963,0.8333333333333334,0.9819483286651928,4151.560069000001,60872.552620801944,0,-4.858961340913083,0.7981550487501936,Down,0,1.2992025570789638,173,6269.189831,6149.073437,120.11639399999999,6028.957043000001,0.9808402046774775,0.8265895953757225,0.961680409354955,4151.560069000001,60870.22067345601,0,-7.190908686847251,1.1812113064538634,Down,0,0.9161083851435201,206,7060.827900999995,6750.9322109999985,309.89569000000006,6441.036521000003,0.9561105731020427,0.7815533980582524,0.9122211462040855,4151.560069000001,60865.7919508065,0,-11.61963133635436,1.9086933945402402,Down,0,0.18851388685293596,331,8660.19229499999,8077.710427999996,582.4818670000002,7495.2285610000035,0.9327403079333131,0.7039274924471299,0.8654806158666264,4151.560069000001,60869.851326659824,0,-7.560255483032961,1.2418818879695286,Down,0,0.8554304522130652,567,11886.994879999971,10615.012557999979,1271.9823219999992,9343.03023599999,0.8929937856589709,0.6402116402116402,0.7859875713179421,4151.560069000001,60873.92953107579,0,-1.525395585340183,1.525395585340183,60897.356748356986,0,-5.37313642573372,5.37313642573372,60962.26161195331,0,-16.02553639336151,16.02553639336151,60,1.2418818879695286,Down,0.8554304522130652
5m,300,btc-up-or-down-5m,btc-updown-5m,btc-updown-5m-1780781400,0x1866a7e12d08fb9523bc936177f98e619040657c551c70e2a55f01cca26d4f9c,1780781400,1780781700,2026-06-06T21:30:00Z,2026-06-06T21:35:00Z,True,60864.64455691982,60962.26161195331,gamma_finalPrice,60864.64455691982,0,60962.26161195331,0,60962.26161195331,0,0.0,0.0,Up,97.61705503349367,97.61705503349367,16.0383841463501,56821.450907000006,0.99,0.47,0.48,2043,2043,0,ok,60962.35435306004,0,97.7097961402178,16.05362141708408,Up,0,-0.015212860174613246,1,6.5934,0.0,6.5934,-6.5934,0.0,0.0,-1.0,-6.5934,60961.94678850797,0,97.30223158815352,15.986658970325168,Up,0,0.05164248338653705,4,15.0184,0.0,15.0184,-15.0184,0.0,0.0,-1.0,-7.425000000000001,60960.60388366153,0,95.9593267417149,15.766021052168472,Up,0,0.2719306645472686,10,66.199,0.0,66.199,-66.199,0.0,0.0,-1.0,-39.4615,60966.93289496867,0,102.28833804884925,16.805871256372907,Up,0,-0.7662287996791813,20,407.532,0.0,407.532,-407.532,0.0,0.0,-1.0,-210.87989999999996,60916.07533872599,0,51.43078180617158,8.450025820503098,Up,0,7.579078709761931,209,7762.593263999991,7041.187564999993,721.405699,6319.781865999991,0.9070664049415537,0.7368421052631579,0.8141328098831069,3933.9419869999997,60962.32578170447,0,0.010526137923548612,-0.010526137923548612,60913.90187635947,0,-7.9358812663121245,7.9358812663121245,60773.68066210157,0,-30.98199219975398,30.98199219975398,60,8.450025820503098,Up,7.579078709761931
5m,300,btc-up-or-down-5m,btc-updown-5m,btc-updown-5m-1780781700,0x8482a561be3b2fb042afd45aeb4ab6ad2ba40b834b7035518a51f78d45a80a5d,1780781700,1780782000,2026-06-06T21:35:00Z,2026-06-06T21:40:00Z,True,60962.26161195331,60773.68066210158,gamma_finalPrice,60962.26161195331,0,60773.68066210157,0,60773.68066210157,0,7.275957614183426e-12,1.193518321301383e-12,Down,-188.58094985173375,188.58094985173375,30.934047534541815,47141.37348699991,0.01,,0.01,1473,1473,0,ok,60773.459692998746,0,-188.80191895456664,30.9702944021924,Down,0,-0.03635940791118627,0,0.0,0.0,0.0,0.0,,,,0.0,60774.726845840494,0,-187.53476611281803,30.762435833917085,Down,0,0.1721427306849009,1,27.6012,0.0,27.6012,-27.6012,0.0,0.0,-1.0,-27.6012,60776.57766246172,0,-185.6839494915912,30.458835447007562,Down,0,0.4766753112043345,1,27.6012,0.0,27.6012,-27.6012,0.0,0.0,-1.0,-27.6012,60783.33328925408,0,-178.92832269923383,29.350670065060392,Down,0,1.5881645754559819,4,39.859899999999996,0.0,39.859899999999996,-39.859899999999996,0.0,0.0,-1.0,-27.6012,60814.33984218291,0,-147.92176977040072,24.26448196951352,Down,0,6.688024268881391,7,42.0603,0.0,42.0603,-42.0603,0.0,0.0,-1.0,-27.6012,60811.65546211987,0,-6.246608754579072,6.246608754579072,60833.97733586528,0,-9.916592375452149,9.916592375452149,60794.006057366096,0,-3.343881257001068,3.343881257001068,60,24.26448196951352,Down,6.688024268881391
5m,300,btc-up-or-down-5m,btc-updown-5m,btc-updown-5m-1780782000,0x1a0e9e1af94956a9d6f795f51f1378c6f4044d5cbfae7371555be66cddfad41e,1780782000,1780782300,2026-06-06T21:40:00Z,2026-06-06T21:45:00Z,True,60773.68066210158,60794.006057366096,gamma_finalPrice,60773.68066210157,0,60794.006057366096,0,60794.006057366096,0,0.0,0.0,Up,20.325395264517283,20.325395264517283,3.34444039641525,55628.527078000036,0.99,0.49,0.51,2006,2006,0,ok,60795.45688944042,0,21.776227338843455,3.5831674339288613,Up,0,-0.23864437579272965,20,150.35130800000002,141.357908,8.9934,132.364508,0.9401840920466086,0.85,0.8803681840932172,131.057942,60799.82308991454,0,26.142427812963433,4.301603511282119,Up,0,-0.956797329877606,60,928.0161389999998,805.3190389999999,122.69709999999999,682.6219390000001,0.8677855967761354,0.6166666666666667,0.735571193552271,439.012014,60832.07558,0,58.3949178984185,9.608586687893913,Up,0,-6.260092138897772,73,976.1631389999995,805.3190389999999,170.84409999999997,634.4749390000004,0.8249840695941298,0.5068493150684932,0.6499681391882599,439.012014,60830.49165528955,0,56.81099318797351,9.347959934143137,Up,0,-5.9997121803731766,110,4435.843537,3999.247337,436.5961999999999,3562.6511370000007,0.9015753832707829,0.4636363636363636,0.8031507665415659,3027.319998,60790.21796225555,0,16.537300153970136,2.721128615842217,Up,0,0.6231228010566338,373,10357.462635999998,9544.829750000003,812.6328860000003,8732.196864000007,0.9215413161930719,0.6407506702412868,0.8430826323861438,3027.319998,60790.45383825108,0,-0.5843212395859143,0.5843212395859143,60732.37166712969,0,-10.143377376172593,10.143377376172593,60825.936980952385,0,5.250935582152951,-5.250935582152951,60,2.721128615842217,Up,0.6231228010566338
5m,300,btc-up-or-down-5m,btc-updown-5m,btc-updown-5m-1780782300,0xbf8c9a6641e23732eca4484d339f8f3610aee1e2c3bc25c324e56b8e8b2e5680,1780782300,1780782600,2026-06-06T21:45:00Z,2026-06-06T21:50:00Z,True,60794.006057366096,60825.936980952385,gamma_finalPrice,60794.006057366096,0,60825.936980952385,0,60825.936980952385,0,0.0,0.0,Up,31.930923586289282,31.930923586289282,5.252314439709534,73549.28753500007,0.99,0.59,0.6,3463,3463,0,truncated_http_400_at_offset_3500,60825.091842409085,0,31.0857850429893,5.113297684915897,Up,0,0.13894474243067642,87,3963.1050209999976,3529.745120999997,433.35990000000004,3096.385220999997,0.8906514216242869,0.7816091954022989,0.7813028432485738,2461.890991,60825.08722990971,0,31.08117254361423,5.112538975353194,Up,0,0.13970306426890572,195,5451.533858999995,4911.513358999998,540.0205000000007,4371.492859000001,0.9009415489351733,0.7333333333333333,0.8018830978703466,2461.890991,60822.53206525689,0,28.52600789079588,4.692240196159854,Up,0,0.5597958976514597,364,7173.669417999998,6562.047731999994,611.621686000001,5950.42604599999,0.9147407483727452,0.7005494505494505,0.8294814967454904,2461.890991,60808.79683487787,0,14.790777511771012,2.4329335194351596,Up,0,2.8182979729993254,603,8883.531419999968,7443.066551999988,1440.4648680000003,6002.6016840000075,0.8378499720553715,0.5406301824212272,0.675699944110743,2461.890991,60831.824795,0,37.818737633904675,6.220800385850271,Up,0,-0.9679306879006495,1054,14080.710154999966,11499.737811999972,2580.9723429999935,8918.765469000044,0.8167015502351274,0.5104364326375711,0.6334031004702593,2461.890991,60829.03827511993,-1,0.5098507745685867,-0.5098507745685867,60825.937680835676,0,0.00011506329822690631,-0.00011506329822690631,60800.26494761576,0,-4.221464340874719,4.221464340874719,60,6.220800385850271,Up,-0.9679306879006495
5m,300,btc-up-or-down-5m,btc-updown-5m,btc-updown-5m-1780782600,0x8a8630e03c743a4b3afb5025677a5702251894df7db02fc2d7b9a1684ff9b1fc,1780782600,1780782900,2026-06-06T21:50:00Z,2026-06-06T21:55:00Z,True,60825.936980952385,60800.26494761576,gamma_finalPrice,60825.936980952385,0,60800.26494761576,0,60800.26494761576,0,0.0,0.0,Down,-25.672033336624736,25.672033336624736,4.220573428184744,54775.53365099998,0.01,0.5,0.51,2073,2073,0,ok,60800.2750992063,0,-25.661881746083964,4.2189044706569785,Down,0,0.0016696620814272238,9,1313.1164999999999,1249.9839,63.132600000000004,1186.8513,0.9519215545612291,0.1111111111111111,0.903843109122458,1228.5402,60800.53430297987,0,-25.402677972517267,4.1762904499888105,Down,0,0.04430157791152975,95,4818.937926999997,4653.311627999998,165.626299,4487.685328999995,0.9656301240005577,0.8315789473684211,0.9312602480011147,2623.592522999997,60801.30930767442,0,-24.627673277966096,4.048876926577924,Down,0,0.17176752276095006,168,6252.366516999992,5708.3786209999935,543.987896,5164.390724999992,0.9129948804951034,0.8392857142857143,0.8259897609902063,2623.592522999997,60822.056228256064,0,-3.8807526963209966,0.6380095217499491,Down,0,3.5834344654511185,409,8279.759906999981,7468.04242599999,811.717481,6656.324944999993,0.9019636450673238,0.8092909535452323,0.8039272901346471,2623.592522999997,60808.37515029097,0,-17.561830661412387,2.8872273133929474,Down,0,1.333820143158722,815,13919.706004999965,9192.680133999978,4727.025870999996,4465.654263000005,0.660407635814863,0.6368098159509202,0.32081527162972695,2623.592522999997,60800.1351909271,0,0.021341490408271845,-0.021341490408271845,60782.52856708188,0,2.91758071137752,-2.91758071137752,60725.27921125612,0,12.340738137845237,-12.340738137845237,60,2.8872273133929474,Down,1.333820143158722
5m,300,btc-up-or-down-5m,btc-updown-5m,btc-updown-5m-1780782900,0xd2fcb621a07cc2aaf244f860229156d5b9bcc6d5fcb7a7d841468947ee55dcd7,1780782900,1780783200,2026-06-06T21:55:00Z,2026-06-06T22:00:00Z,True,60800.26494761576,60725.27921125612,gamma_finalPrice,60800.26494761576,0,60725.27921125612,0,60725.27921125612,0,0.0,0.0,Down,-74.9857363596384,74.9857363596384,12.333126578353655,55666.93628900007,0.01,0.19,0.2,1702,1702,0,ok,60724.17847488724,0,-76.0864727285225,12.514167955366151,Down,0,-0.18126657621751396,1,6.5934,0.0,6.5934,-6.5934,0.0,0.0,-1.0,-6.5934,60723.746517268104,0,-76.51843034765625,12.585213306814193,Down,0,-0.25240119941674455,2,7.5934,0.0,7.5934,-7.5934,0.0,0.0,-1.0,-6.5934,60718.41744952993,0,-81.84749808583001,13.461700891656987,Down,0,-1.130031763222448,4,17.9291,0.0,17.9291,-17.9291,0.0,0.0,-1.0,-9.3357,60720.00771422675,0,-80.25723338901298,13.20014533787985,Down,0,-0.8681270662938687,7,151.7617,0.0,151.7617,-151.7617,0.0,0.0,-1.0,-128.7,60730.94580659754,0,-69.31914101821894,11.40112482699588,Down,0,0.9331090843138878,90,3506.091335999997,2428.6664360000004,1077.4249000000002,1351.2415359999998,0.6926991350917854,0.5333333333333333,0.3853982701835697,1864.6852,60666.87405409575,0,9.622559629422138,-9.622559629422138,60699.64403389285,0,4.222391426574462,-4.222391426574462,60663.00904452994,0,10.259667235299272,-10.259667235299272,60,11.40112482699588,Down,0.9331090843138878
5m,300,btc-up-or-down-5m,btc-updown-5m,btc-updown-5m-1780783200,0xb20e5f2016b37be5e2e2d4e3bc219d9b220cb8484cd427c53f942971eb68dfad,1780783200,1780783500,2026-06-06T22:00:00Z,2026-06-06T22:05:00Z,True,60725.27921125612,60663.009044529936,gamma_finalPrice,60725.27921125612,0,60663.00904452994,0,60663.00904452994,0,-7.275957614183426e-12,-1.1981760658310394e-12,Down,-62.27016672618629,62.27016672618629,10.254405996151236,94358.9645309999,0.01,0.5,0.51,3484,3484,0,truncated_http_400_at_offset_3500,60657.54,0,-67.73921125612105,11.155026726260786,Down,0,-0.9015858528024574,1,1.83,0.0,1.83,-1.83,0.0,0.0,-1.0,-1.83,60646.09793082897,0,-79.18128042715398,13.0392616478043,Down,0,-2.788102926839638,1,1.83,0.0,1.83,-1.83,0.0,0.0,-1.0,-1.83,60652.06773308561,0,-73.21147817050951,12.056178105960676,Down,0,-1.8037842887488544,7,225.3524,0.0,225.3524,-225.3524,0.0,0.0,-1.0,-191.3175,60595.03811588276,0,-130.24109537336335,21.447591030461936,Down,0,-11.210956692448734,64,1266.236117,478.402117,787.834,-309.431883,0.37781430380728903,0.296875,-0.24437139238542194,-402.21389999999997,60628.1267577966,0,-97.1524534595228,15.998683698355805,Down,0,-5.751828023421811,303,8885.344623999981,7364.724629999982,1520.6199939999997,5844.104635999982,0.8288620128596149,0.66996699669967,0.6577240257192296,3486.7861379999986,60608.05153101538,0,9.063583185628179,-9.063583185628179,60590.53438718421,0,11.954234725896969,-11.954234725896969,60564.413759080686,0,16.266172274944886,-16.266172274944886,60,15.998683698355805,Down,-5.751828023421811
5m,300,btc-up-or-down-5m,btc-updown-5m,btc-updown-5m-1780783500,0xb862d8ac42449912b6a645b041aca52131e6cc8081e18f4906452af90a8bb78b,1780783500,1780783800,2026-06-06T22:05:00Z,2026-06-06T22:10:00Z,True,60663.009044529936,60564.413759080686,gamma_finalPrice,60663.00904452994,0,60564.413759080686,0,60564.413759080686,0,0.0,0.0,Down,-98.59528544924979,98.59528544924979,16.252950027070945,84201.31422000006,0.01,0.11,0.12,2847,2847,0,ok,60565.3199076053,0,-97.68913692463684,16.103575879812972,Down,0,0.14961620028351058,1,6.5934,0.0,6.5934,-6.5934,0.0,0.0,-1.0,-6.5934,60572.50351830326,0,-90.50552622667601,14.919392831344725,Down,0,1.3356389474694874,3,7.7914,0.0,7.7914,-7.7914,0.0,0.0,-1.0,-6.5934,60593.08550734429,-1,-69.92353718564846,11.526552719190173,Down,0,4.73297137567681,7,55.5495,0.0,55.5495,-55.5495,0.0,0.0,-1.0,-39.6,60594.77194383975,0,-68.23710069018853,11.248551920676865,Down,0,5.0112891099844195,39,678.239854,568.6291540000001,109.61070000000001,459.018454,0.8383894733499397,0.48717948717948717,0.6767789466998794,414.573262,60587.794937218634,0,-75.21410731130163,12.398677298729181,Down,0,3.8598022569834263,334,13023.938661999984,12589.469561999984,434.46910000000014,12155.000461999978,0.9666407289472536,0.8053892215568862,0.9332814578945069,3078.974692,60577.50188987496,0,-2.1607931119616386,2.1607931119616386,60614.12892944119,0,-8.20527661858084,8.20527661858084,60601.36283232147,0,-6.0989291573160775,6.0989291573160775,60,12.398677298729181,Down,3.8598022569834263
5m,300,btc-up-or-down-5m,btc-updown-5m,btc-updown-5m-1780783800,0x44ceac272939803432b3380c8c866758f104fd20ce5e25fbf497bc208db696f8,1780783800,1780784100,2026-06-06T22:10:00Z,2026-06-06T22:15:00Z,True,60564.413759080686,60601.36283232147,gamma_finalPrice,60564.413759080686,0,60601.36283232147,0,60601.36283232147,0,0.0,0.0,Up,36.949073240786674,36.949073240786674,6.100789382320528,74272.67313399998,0.99,0.5,0.51,2522,2522,0,ok,60598.57663028585,0,34.16287120516063,5.640749919756044,Up,0,0.4597695425373078,73,2267.711968999999,1939.826069,327.88590000000005,1611.9401690000004,0.855411134887387,0.5753424657534246,0.7108222697747736,1590.3531240000002,60584.263,0,19.84924091931316,3.277376876505649,Up,0,2.8220892234562496,131,3224.242152999999,2859.957053,364.2851,2495.671953,0.8870168297808992,0.6717557251908397,0.7740336595617981,1590.3531240000002,60591.73938094021,0,27.32562185952702,4.51182801310117,Up,0,1.5881186677693435,197,3806.650061000001,3274.0780700000014,532.5719909999999,2741.506079,0.8600943132502981,0.649746192893401,0.7201886265005958,1590.3531240000002,60613.76590047296,0,49.35214139227173,8.148702898139115,Up,0,-2.0464554753905646,328,5750.070342999995,4883.315659,866.7546840000002,4016.5609749999994,0.8492618990209115,0.6615853658536586,0.6985237980418222,1590.3531240000002,60603.04386407483,0,38.63010499414668,6.378350354023644,Up,0,-0.27738789360644756,627,11440.354275999984,9538.866203999994,1901.488071999999,7637.378131999994,0.8337911548780439,0.6746411483253588,0.6675823097560869,1590.3531240000002,60584.50020315041,0,-2.78293669864035,2.78293669864035,60605.16816263895,0,0.6279084612831608,-0.6279084612831608,60716.25900096718,0,18.941387287539552,-18.941387287539552,60,6.378350354023644,Up,-0.27738789360644756
5m,300,btc-up-or-down-5m,btc-updown-5m,btc-updown-5m-1780784100,0xed7688f48d7bab4d99ec731c74e316d7848b49fc8aea1efab0558509815b0dc1,1780784100,1780784400,2026-06-06T22:15:00Z,2026-06-06T22:20:00Z,True,60601.36283232147,60716.259000967184,gamma_finalPrice,60601.36283232147,0,60716.25900096718,0,60716.25900096718,0,7.275957614183426e-12,1.2006260707890922e-12,Up,114.89616864571144,114.89616864571144,18.95933742672072,53597.61880000009,0.99,0.8,0.81,1819,1819,0,ok,60692.21313345026,0,90.8503011287903,14.991461723421127,Up,0,3.961151542161577,1,15.2262,0.0,15.2262,-15.2262,0.0,0.0,-1.0,-15.2262,60698.80995694919,0,97.44712462771713,16.080021978605426,Up,0,2.8742798217533045,7,25.1257,0.0,25.1257,-25.1257,0.0,0.0,-1.0,-15.2262,60717.766919674614,0,116.40408735314122,19.208163300752968,Up,0,-0.24835192543010837,13,26.005199999999995,0.0,26.005199999999995,-26.005199999999995,0.0,0.0,-1.0,-15.2262,60727.49335003528,0,126.1305177138056,20.813148717925273,Up,0,-1.850132078868998,16,31.192599999999995,0.0,31.192599999999995,-31.192599999999995,0.0,0.0,-1.0,-15.2262,60731.79131507281,0,130.4284827513402,21.52236792301587,Up,0,-2.5578531972966223,34,431.6508000000002,0.0,431.6508000000002,-431.6508000000002,0.0,0.0,-1.0,-375.3095,60707.92705549362,0,-1.3723699960017406,1.3723699960017406,60709.087705738966,0,-1.1811858777517499,1.1811858777517499,60479.91066996436,0,-39.002656809502255,39.002656809502255,60,21.52236792301587,Up,-2.5578531972966223
5m,300,btc-up-or-down-5m,btc-updown-5m,btc-updown-5m-1780784400,0xabb3af62201ceef3fa60d395ad91778696fd0068627c2f1b02c154eacb39683e,1780784400,1780784700,2026-06-06T22:20:00Z,2026-06-06T22:25:00Z,True,60716.259000967184,60479.91066996436,gamma_finalPrice,60716.25900096718,0,60479.91066996436,0,60479.91066996436,0,0.0,0.0,Down,-236.34833100282412,236.34833100282412,38.926695236453746,50567.03939600001,0.01,0.5,0.51,1623,1623,0,ok,60481.67266912583,0,-234.58633184135397,38.63649304177603,Down,0,0.2913320267403455,0,0.0,0.0,0.0,0.0,,,,0.0,60486.48321111577,0,-229.77578985141736,37.84419422938379,Down,0,1.086672247886375,1,0.0189,0.0,0.0189,-0.0189,0.0,0.0,-1.0,-0.0189,60508.263863452456,0,-207.9951375147284,34.256909259085795,Down,0,4.686936407872469,1,0.0189,0.0,0.0189,-0.0189,0.0,0.0,-1.0,-0.0189,60517.56553184329,0,-198.693469123893,32.724919550911046,Down,0,6.224074133864555,3,7.0874999999999995,0.0,7.0874999999999995,-7.0874999999999995,0.0,0.0,-1.0,-5.6034,60581.1000435304,0,-135.15895743678266,22.26075184155032,Down,0,16.717091082435196,9,19.8876,0.0,19.8876,-19.8876,0.0,0.0,-1.0,-9.177299999999999,60490.866089998024,0,-1.8112506767413208,1.8112506767413208,60508.17801484971,0,-4.6727484840816,4.6727484840816,60431.38529991384,0,8.026606987633363,-8.026606987633363,60,22.26075184155032,Down,16.717091082435196
5m,300,btc-up-or-down-5m,btc-updown-5m,btc-updown-5m-1780784700,0xe516ad487154830b4fff361dd33c8e5443b188dc5036379ed8179ab391e59f9c,1780784700,1780785000,2026-06-06T22:25:00Z,2026-06-06T22:30:00Z,True,60479.91066996436,60431.38529991383,gamma_finalPrice,60479.91066996436,0,60431.38529991384,0,60431.38529991384,0,-7.275957614183426e-12,-1.2030370967126486e-12,Down,-48.52537005052727,48.52537005052727,8.023386528351145,66236.1595140001,0.01,0.49,0.5,2408,2408,0,ok,60432.455856191984,0,-47.45481377237593,7.8463763002783375,Down,0,0.17715079513257853,3,13.959499999999998,0.0,13.959499999999998,-13.959499999999998,0.0,0.0,-1.0,-6.5934,60434.141585587065,0,-45.76908437729435,7.567650790202683,Down,0,0.4560912850395453,3,13.959499999999998,0.0,13.959499999999998,-13.959499999999998,0.0,0.0,-1.0,-6.5934,60431.099085,0,-48.81158496435819,8.070710492732108,Down,0,-0.047362076874402324,4,15.563299999999998,0.0,15.563299999999998,-15.563299999999998,0.0,0.0,-1.0,-6.5934,60412.0090731667,0,-67.9015967976593,11.227132455303163,Down,0,-3.2068326140130035,28,455.5391,0.0,455.5391,-455.5391,0.0,0.0,-1.0,-209.11769999999999,60447.54113276309,0,-32.36953720126621,5.352113923895333,Down,0,2.673060296321572,358,9450.182267999975,8315.893877999992,1134.2883900000008,7181.605487999997,0.8799717975979269,0.6703910614525139,0.7599435951958526,2806.56999,60438.407495258354,0,-1.1619438058147018,1.1619438058147018,60428.86024200893,0,0.4178475550746524,-0.4178475550746524,60487.355887886246,0,-9.257554522971118,9.257554522971118,60,5.352113923895333,Down,2.673060296321572
5m,300,btc-up-or-down-5m,btc-updown-5m,btc-updown-5m-1780785000,0xbc9d77e54170a410c55ff487cdfb37663787c8595aaae516d968535e1d021881,1780785000,1780785300,2026-06-06T22:30:00Z,2026-06-06T22:35:00Z,True,60431.38529991383,60487.35588788624,gamma_finalPrice,60431.38529991384,0,60487.355887886246,0,60487.355887886246,0,-7.275957614183426e-12,-1.2040031149499067e-12,Up,55.970587972406065,55.970587972406065,9.261840961386314,68998.18849100012,0.99,0.99,1.0,2842,2842,0,ok,60492.22863430546,0,60.84333439162583,10.068168070228333,Up,0,-0.8055485462447057,1,0.0396,0.0,0.0396,-0.0396,0.0,0.0,-1.0,-0.0396,60496.663869118915,0,65.27856920508202,10.80209710254236,Up,0,-1.5387125125677497,4,16.612299999999998,0.0,16.612299999999998,-16.612299999999998,0.0,0.0,-1.0,-16.572699999999998,60481.81535398473,0,50.43005407090095,8.345010431354924,Up,0,0.9160241156486141,57,1466.1913339999999,1135.1449340000001,331.0464,804.098534,0.7742133701630515,0.7894736842105263,0.5484267403261026,681.5529400000003,60484.06628487064,0,52.68098495680897,8.717487559710813,Up,0,0.543864485897003,176,2863.869330999999,2441.751434999999,422.11789600000003,2019.633539000001,0.852605741668875,0.7670454545454546,0.7052114833377507,681.5529400000003,60497.36132302849,0,65.97602311465744,10.917509632987267,Up,0,-1.6539998432394065,311,4472.914591,3650.2898959999998,822.6246950000003,2827.6652010000016,0.8160875468860478,0.7556270096463023,0.6321750937720961,681.5529400000003,60522.729441792304,0,5.846381285867442,-5.846381285867442,60512.213619378395,0,4.10873062492429,-4.10873062492429,60522.196043856355,0,5.758249059948229,-5.758249059948229,60,10.917509632987267,Up,-1.6539998432394065
5m,300,btc-up-or-down-5m,btc-updown-5m,btc-updown-5m-1780785300,0x12c97094a80055137682df17dbd85f9bb63fc30b7bb5960bfc7b97c6d49ab1e6,1780785300,1780785600,2026-06-06T22:35:00Z,2026-06-06T22:40:00Z,True,60487.35588788624,60522.196043856355,gamma_finalPrice,60487.355887886246,0,60522.196043856355,0,60522.196043856355,0,0.0,0.0,Up,34.84015597011603,34.84015597011603,5.759907249821354,50232.85252100001,0.99,0.64,0.65,1836,1836,0,ok,60524.55252491712,0,37.19663703088008,6.149489671828989,Up,0,-0.38935057552967856,3,7.6429,0.0,7.6429,-7.6429,0.0,0.0,-1.0,-7.5934,60536.68360361235,0,49.32771572611091,8.155045794618664,Up,0,-2.393473302799898,7,8.3849,0.0,8.3849,-8.3849,0.0,0.0,-1.0,-7.5934,60541.656624870135,0,54.30073698389606,8.977204605296828,Up,0,-3.214928445180884,11,12.7731,0.0,12.7731,-12.7731,0.0,0.0,-1.0,-7.5934,60555.05919308666,0,67.70330520041898,11.19296821734241,Up,0,-5.428459700875257,24,328.45990000000006,0.0,328.45990000000006,-328.45990000000006,0.0,0.0,-1.0,-193.81230000000002,60568.39858831809,0,81.04270043184806,13.398287830941282,Up,0,-7.631071074376818,170,6503.917511999996,5762.660111999998,741.2574000000002,5021.402711999997,0.8860290896014059,0.6470588235294118,0.7720581792028115,2537.116573,60524.60304834181,0,0.3976981636565802,-0.3976981636565802,60546.30456526787,0,3.9826249782374274,-3.9826249782374274,60554.93672580306,0,5.408235559561141,-5.408235559561141,60,13.398287830941282,Up,-7.631071074376818
5m,300,btc-up-or-down-5m,btc-updown-5m,btc-updown-5m-1780785600,0x80e318c647ae88fe5ae9c9b83e048705e7b61a1ab249066ed41ac0d5445cb5ce,1780785600,1780785900,2026-06-06T22:40:00Z,2026-06-06T22:45:00Z,True,60522.196043856355,60554.93672580306,gamma_finalPrice,60522.196043856355,0,60554.93672580306,0,60554.93672580306,0,0.0,0.0,Up,32.7406819467069,32.7406819467069,5.409698273833609,46211.78212599999,0.99,0.5,0.51,1772,1772,0,ok,60554.220126040025,0,32.024082183670544,5.291295471245764,Up,0,0.11833948508554351,2,93.357,0.0,93.357,-93.357,0.0,0.0,-1.0,-60.360299999999995,60553.852006454414,0,31.655962598058977,5.230471573622351,Up,0,0.17913140079004114,10,201.1682,0.0,201.1682,-201.1682,0.0,0.0,-1.0,-60.360299999999995,60553.802635,0,31.606591143645346,5.222313995470716,Up,0,0.18728471769769106,46,4842.0100059999995,4156.752005999999,685.258,3471.4940059999994,0.858476541942115,0.43478260869565216,0.7169530838842302,2559.7637999999997,60542.20389349656,0,20.007849640205677,3.305869738386118,Up,0,2.102912139510639,207,11746.58733499999,10779.85583999999,966.7314950000001,9813.124344999993,0.917701076284553,0.6811594202898551,0.8354021525691063,4371.188479,60522.82140065226,0,0.6253567959065549,0.10332685143371219,Up,0,5.30490924194572,417,14839.474978999999,13290.267792999995,1549.2071859999992,11741.060606999996,0.8956022913079906,0.6642685851318945,0.7912045826159816,4371.188479,60579.1056,0,3.99043473719052,-3.99043473719052,60598.29759852054,0,7.158021791282197,-7.158021791282197,60625.30918545434,0,11.614511430132403,-11.614511430132403,60,0.10332685143371219,Up,5.30490924194572
5m,300,btc-up-or-down-5m,btc-updown-5m,btc-updown-5m-1780785900,0x701566c65826b887434217624dd1bebef7c541c1d33bce9ce6c09079dfb73b43,1780785900,1780786200,2026-06-06T22:45:00Z,2026-06-06T22:50:00Z,True,60554.93672580306,60625.30918545434,gamma_finalPrice,60554.93672580306,0,60625.30918545434,0,60625.30918545434,0,0.0,0.0,Up,70.37245965127659,70.37245965127659,11.621258885948134,70299.88123400015,0.99,0.5,0.51,2333,2333,0,ok,60627.75697724749,0,72.82025144442741,12.02548551477521,Up,0,-0.40374926110313386,1,6.5934,0.0,6.5934,-6.5934,0.0,0.0,-1.0,-6.5934,60627.86254307741,0,72.92581727435027,12.042918582272392,Up,0,-0.4211613745113305,1,6.5934,0.0,6.5934,-6.5934,0.0,0.0,-1.0,-6.5934,60634.98071967661,0,80.04399387355079,13.218409299310396,Up,0,-1.5951692430136541,7,84.3482,0.0,84.3482,-84.3482,0.0,0.0,-1.0,-66.8844,60627.06760748456,0,72.13088168149989,11.91164347311822,Up,0,-0.29004330914685367,15,131.007,0.0,131.007,-131.007,0.0,0.0,-1.0,-66.8844,60590.640103649435,0,35.70337784637377,5.896030906289463,Up,0,5.7202179999521405,332,8614.890641999984,8043.962667999989,570.9279739999998,7473.034693999994,0.9337277746490986,0.6445783132530121,0.867455549298197,3239.3851669999976,60622.95277342559,0,-0.38869209190675114,0.38869209190675114,60631.34921049449,0,0.9962380829302385,-0.9962380829302385,60683.803382637314,0,9.643826498790363,-9.643826498790363,60,5.896030906289463,Up,5.7202179999521405
5m,300,btc-up-or-down-5m,btc-updown-5m,btc-updown-5m-1780786200,0x932626deb59fc2f617618b25eac26e02b84aba0c5953036fd29bca3d0c9be282,1780786200,1780786500,2026-06-06T22:50:00Z,2026-06-06T22:55:00Z,True,60625.30918545434,60683.803382637314,gamma_finalPrice,60625.30918545434,0,60683.803382637314,0,60683.803382637314,0,0.0,0.0,Up,58.49419718297577,58.49419718297577,9.648478163474689,85732.49465299984,0.99,0.5,0.51,2014,2014,0,ok,60684.333745,0,59.0245595456654,9.735960168897085,Up,0,-0.08739729804629282,5,19.112499999999997,0.0,19.112499999999997,-19.112499999999997,0.0,0.0,-1.0,-6.98,60681.98540718139,0,56.6762217270516,9.348607452652756,Up,0,0.2995861476598007,101,3837.6118420000016,3491.457144000002,346.15469800000005,3145.3024460000015,0.9097994502175607,0.8415841584158416,0.8195989004351212,1961.2865299999999,60675.80697431707,0,50.497788862732705,8.329489703427113,Up,0,1.3178038901571367,105,3916.2277420000014,3491.457144000002,424.77059800000006,3066.6865460000017,0.8915357772877961,0.8095238095238095,0.7830715545755921,1961.2865299999999,60686.47023084946,0,61.16104539512162,10.088368408650659,Up,0,-0.4394565709006853,167,8377.904047999997,6959.545349999998,1418.3586979999998,5541.1866519999985,0.8307024418191332,0.7305389221556886,0.6614048836382663,3445.948206,60651.54621962925,0,26.23703417491197,4.32773614311017,Up,0,5.317026550588932,396,14070.159470999979,11864.342479999978,2205.8169909999997,9658.525488999983,0.8432272928003116,0.7474747474747475,0.6864545856006239,3445.948206,60684.34039464091,0,0.08849307353452256,-0.08849307353452256,60678.94736429197,0,-0.800248563591595,0.800248563591595,60521.90714677506,0,-26.714307673575455,26.714307673575455,60,4.32773614311017,Up,5.317026550588932
5m,300,btc-up-or-down-5m,btc-updown-5m,btc-updown-5m-1780786500,0xe3b0ec75199b5d46ae5b5473c81fe10aedcd3f7f349fb460b328a0f65916f1d7,1780786500,1780786800,2026-06-06T22:55:00Z,2026-06-06T23:00:00Z,True,60683.803382637314,60521.907146775055,gamma_finalPrice,60683.803382637314,0,60521.90714677506,0,60521.90714677506,0,-7.275957614183426e-12,-1.1989949885483286e-12,Down,-161.89623586225935,161.89623586225935,26.678656715274485,74512.49097199984,0.01,0.5,0.51,1409,1409,0,ok,60577.36170632401,0,-106.44167631330492,17.540376571676738,Down,0,9.158529849166706,0,0.0,0.0,0.0,0.0,,,,0.0,60583.91200323297,0,-99.89137940434739,16.460962206750548,Down,0,10.239782416886705,0,0.0,0.0,0.0,0.0,,,,0.0,60583.44570521723,0,-100.35767742008466,16.537802811614593,Down,0,10.162814820240486,0,0.0,0.0,0.0,0.0,,,,0.0,60581.357746820846,0,-102.44563581646798,16.881874586947767,Down,0,9.818167144166198,5,16.1979,0.0,16.1979,-16.1979,0.0,0.0,-1.0,-11.1079,60571.96885307133,0,-111.83452956598194,18.429057397872285,Down,0,8.268247875449973,84,1641.8165439999989,1431.3403449999994,210.476199,1220.8641459999997,0.871802851683288,0.75,0.7436057033665757,528.362703,60521.006666802496,0,0.14878689618496677,-0.14878689618496677,60529.9641352008,0,-1.3311629720902352,1.3311629720902352,60656.681479717765,0,-22.24392775017409,22.24392775017409,60,18.429057397872285,Down,8.268247875449973
5m,300,btc-up-or-down-5m,btc-updown-5m,btc-updown-5m-1780786800,0xf2a831d0657470ef63148d4fe0bc31cf44a61fa4e2cd4c149880145d8218b2c9,1780786800,1780787100,2026-06-06T23:00:00Z,2026-06-06T23:05:00Z,True,60521.907146775055,60656.68147971777,gamma_finalPrice,60521.90714677506,0,60656.681479717765,0,60656.681479717765,0,7.275957614183426e-12,1.202202302802206e-12,Up,134.7743329427176,134.7743329427176,22.26868572001025,60571.12544800004,0.99,0.63,0.64,1687,1687,0,ok,60661.63915165933,0,139.73200488427392,23.08783901098854,Up,0,-0.8172997975101758,6,0.9684999999999999,0.0,0.9684999999999999,-0.9684999999999999,0.0,0.0,-1.0,-0.8694999999999999,60687.3154379438,0,165.40829116874374,27.33031706479488,Up,0,-5.049109911488495,6,0.9684999999999999,0.0,0.9684999999999999,-0.9684999999999999,0.0,0.0,-1.0,-0.8694999999999999,60677.21796123438,0,155.31081445932796,25.661916780427134,Up,0,-3.3851185542273026,7,2.8285,0.0,2.8285,-2.8285,0.0,0.0,-1.0,-1.86,60672.27360565898,0,150.36645888392377,24.844963744989347,Up,0,-2.570223408924866,8,4.3530999999999995,0.0,4.3530999999999995,-4.3530999999999995,0.0,0.0,-1.0,-1.86,60667.75238195851,0,145.84523518345668,24.09792454652152,Up,0,-1.8250078601795598,23,447.00850000000014,0.0,447.00850000000014,-447.00850000000014,0.0,0.0,-1.0,-408.8997,60664.99698150422,0,1.370818786046338,-1.370818786046338,60664.46938510286,0,1.2838495745001706,-1.2838495745001706,60692.424222443726,0,5.890895289715067,-5.890895289715067,60,24.09792454652152,Up,-1.8250078601795598
5m,300,btc-up-or-down-5m,btc-updown-5m,btc-updown-5m-1780787100,0x7ece59237d073f74e2728d7f4f6c6b6b3089d629dce0c42a758edfa99a747669,1780787100,1780787400,2026-06-06T23:05:00Z,2026-06-06T23:10:00Z,True,60656.68147971777,60692.424222443726,gamma_finalPrice,60656.681479717765,0,60692.424222443726,0,60692.424222443726,0,0.0,0.0,Up,35.742742725953576,35.742742725953576,5.892630762845993,67739.28702599985,0.99,0.5,0.51,2342,2342,0,ok,60693.074153743924,0,36.392674026152235,5.999779931633934,Up,0,-0.10708549355539064,1,1.7622,0.0,1.7622,-1.7622,0.0,0.0,-1.0,-1.7622,60693.21880198996,0,36.53732227219007,6.0236269741211155,Up,0,-0.13091820852137107,5,425.0763,0.0,425.0763,-425.0763,0.0,0.0,-1.0,-397.1187,60692.59094863097,0,35.90946891319618,5.920117625492502,Up,0,-0.027470637460058032,57,3360.1672419999995,2790.2019420000006,569.9653,2220.2366420000003,0.8303759131760505,0.5964912280701754,0.6607518263521005,1353.2961420000001,60681.82753075567,0,25.14605103789654,4.145635802101177,Up,0,1.7461185650019704,228,8448.348770999994,6768.145274999994,1680.203496,5087.941778999996,0.8011204861987343,0.7324561403508771,0.6022409723974688,1353.2961420000001,60684.51214509143,0,27.83066537365812,4.588227495261848,Up,0,1.30372006417272,565,13549.175149999988,10933.384691999989,2615.7904579999977,8317.594233999987,0.8069409813482261,0.6035398230088496,0.613881962696452,2232.5516979999993,60684.409832505604,0,-1.3205798309322727,1.3205798309322727,60698.33548418822,0,0.9739228526875426,-0.9739228526875426,60689.409186718294,0,-0.49678533292373067,0.49678533292373067,60,4.588227495261848,Up,1.30372006417272
5m,300,btc-up-or-down-5m,btc-updown-5m,btc-updown-5m-1780787400,0x2d9ab1920dea712d8277df4a6b6f2c87c4e18aa64108de7b12d16b9bec3a8d25,1780787400,1780787700,2026-06-06T23:10:00Z,2026-06-06T23:15:00Z,True,60692.424222443726,60689.409186718294,gamma_finalPrice,60692.424222443726,0,60689.409186718294,0,60689.409186718294,0,0.0,0.0,Down,-3.0150357254315168,3.0150357254315168,0.49677299334445985,131801.94191399997,0.01,0.5,0.51,3112,3112,0,ok,60692.53117382581,0,0.10695138208393473,0.01762186688934147,Up,1,0.5144071842862039,150,2662.325183999999,2230.684996000001,431.6401880000001,1799.0448080000017,0.8378709743670448,0.72,0.6757419487340891,811.6608939999999,60734.499467039364,0,42.07524459563865,6.932536496059003,Up,1,7.426919935886041,395,5800.003431999989,4306.706713999997,1493.2967179999991,2813.4099959999994,0.7425352009688269,0.6455696202531646,0.48507040193765266,811.6608939999999,60731.56550197207,0,39.141279528346786,6.449121126697812,Up,1,6.943827795111328,770,17774.928541999983,9288.129222999989,8486.799318999994,801.329904000002,0.5225410161876756,0.5532467532467532,0.04508203237535146,-1900.401907,60722.94722627136,0,30.523003827634966,5.029129124215758,Up,1,5.524650273983018,1014,24423.293980999988,10734.676720999983,13688.617259999974,-2953.940538999998,0.43952616421646423,0.47928994082840237,-0.12094767156707056,-1900.401907,60717.54332148604,0,25.119099042312882,4.1387536194383845,Up,1,4.634682724525448,1319,28373.561975999943,11621.764784999981,16751.797190999958,-5130.032405999998,0.4095983717106215,0.4609552691432904,-0.18080325657875762,-1900.401907,60681.882158222026,0,1.2403309584184459,-1.2403309584184459,60705.06150154699,0,-2.578752529120552,2.578752529120552,60627.77700001657,0,10.160504697012406,-10.160504697012406,60,4.1387536194383845,Up,4.634682724525448
5m,300,btc-up-or-down-5m,btc-updown-5m,btc-updown-5m-1780787700,0x108dc5306c1e9319aa54d95fcbb47c0746bcc332172d786c0986202e6215df7b,1780787700,1780788000,2026-06-06T23:15:00Z,2026-06-06T23:20:00Z,True,60689.409186718294,60627.77700001657,gamma_finalPrice,60689.409186718294,0,60627.77700001657,0,60627.77700001657,0,0.0,0.0,Down,-61.632186701725004,61.632186701725004,10.155344651997872,105854.14496200002,0.01,0.29,0.3,3473,3473,0,truncated_http_400_at_offset_3500,60631.50314522658,0,-57.90604149171122,9.541375055004456,Down,0,0.6145748526172191,53,1002.9582359999997,886.9738359999998,115.9844,770.989436,0.8843576972231972,0.6981132075471698,0.7687153944463947,881.7014359999997,60630.51427742493,0,-58.89490929336171,9.704314160015038,Down,0,0.45147880280872066,90,1482.0871969999992,957.8891969999999,524.198,433.691197,0.6463109585852528,0.5333333333333333,0.29262191717050523,881.7014359999997,60630.22304895358,0,-59.18613776471466,9.752300863997764,Down,0,0.40344537042600204,246,11461.672290999999,10351.149892999998,1110.522398,9240.627494999999,0.9031099153941077,0.5365853658536586,0.8062198307882156,6470.52017,60637.59929800809,0,-51.80988871020236,8.536891263977044,Down,0,1.6199674322311837,841,17745.124506999964,15680.763489999983,2064.361016999998,13616.402472999982,0.8836660167593838,0.5885850178359097,0.7673320335187666,6470.52017,60661.13,0,-28.27918671829684,4.659657607028684,Down,0,5.499761132174361,1409,24476.409421999855,19849.16827599997,4627.241146000001,15221.927129999956,0.8109509827924012,0.5514549325762953,0.621901965584797,6470.52017,60628.261332614275,0,-0.07988593464980379,0.07988593464980379,60670.51480270614,0,-7.046728164577393,7.046728164577393,60598.22286754796,0,4.875873671723541,-4.875873671723541,60,4.659657607028684,Down,5.499761132174361
5m,300,btc-up-or-down-5m,btc-updown-5m,btc-updown-5m-1780788000,0x29a5ca1ad8263cc960ed531f903bfd72e19d48359cf2a7d5e3d472ee6edc3649,1780788000,1780788300,2026-06-06T23:20:00Z,2026-06-06T23:25:00Z,True,60627.77700001657,60598.22286754796,gamma_finalPrice,60627.77700001657,0,60598.22286754796,0,60598.22286754796,0,0.0,0.0,Down,-29.554132468612806,29.554132468612806,4.874685157696732,118669.27701299977,0.01,0.5,0.51,3449,3449,0,truncated_http_400_at_offset_3500,60600.499353681,0,-27.277646335569443,4.499199489956887,Down,0,0.37566173827401916,201,4548.174323999999,4104.788329,443.38599500000004,3661.402333999999,0.9025134123245188,0.8308457711442786,0.805026824649037,2076.1434209999993,60633.629234264256,0,5.852234247686283,0.9652727738450122,Up,1,5.841099860990375,292,5395.597163999996,4526.650389999999,868.9467739999999,3657.7036159999984,0.8389526223718659,0.6643835616438356,0.677905244743731,2076.1434209999993,60641.178809183555,0,13.401809166985913,2.2105064427782417,Up,1,7.086135833563691,553,9196.484610999978,7225.850573999992,1970.634036999999,5255.216536999996,0.7857187696869631,0.6039783001808319,0.571437539373925,2076.1434209999993,60652.43790693684,0,24.660906920267735,4.067592140193594,Up,1,8.942638770890026,736,12160.13839899997,9156.432343999993,3003.7060549999974,6152.726288999998,0.7529875107961768,0.5625,0.505975021592352,2076.1434209999993,60641.304186904395,0,13.527186887826247,2.2311863566798023,Up,1,7.106811155794249,1093,21047.469627999933,10336.719692999992,10710.74993499999,-374.0302420000003,0.49111460311831573,0.5361390667886551,-0.017770793763370932,-4736.311784,60574.65158803992,0,3.890520863065875,-3.890520863065875,60585.12862125578,0,2.161063575526984,-2.161063575526984,60685.88524084628,0,-14.455708984637873,14.455708984637873,60,2.2311863566798023,Up,7.106811155794249
5m,300,btc-up-or-down-5m,btc-updown-5m,btc-updown-5m-1780788300,0x9ec42799f6d916e6ffb3f9f81ad3907cd0a4074d4e77e796efd8a8cdf113b3d3,1780788300,1780788600,2026-06-06T23:25:00Z,2026-06-06T23:30:00Z,True,60598.22286754796,60685.885240846284,gamma_finalPrice,60598.22286754796,0,60685.88524084628,0,60685.88524084628,0,7.275957614183426e-12,1.2006882825733666e-12,Up,87.66237329832802,87.66237329832802,14.46616239719361,64375.92806099999,0.99,0.94,0.95,2241,2241,0,ok,60685.91174670297,0,87.68887915501546,14.470536429208604,Up,0,-0.004367712656158869,0,0.0,0.0,0.0,0.0,,,,0.0,60687.37582692239,0,89.15295937443443,14.712140910353055,Up,0,-0.2456201741746571,0,0.0,0.0,0.0,0.0,,,,0.0,60686.60499177263,0,88.3821242246704,14.584936660246765,Up,0,-0.11860198715046365,3,26.6463,0.0,26.6463,-26.6463,0.0,0.0,-1.0,-26.631,60672.395425,0,74.17255745204602,12.240054896356952,Up,0,2.2231389284402474,12,541.9612,0.0,541.9612,-541.9612,0.0,0.0,-1.0,-251.5887,60671.54319028131,0,73.32032273335062,12.099417980228544,Up,0,2.363604901183832,176,9217.067330999997,8551.073533000004,665.9937980000001,7885.0797350000075,0.9277434161992028,0.8181818181818182,0.855486832398405,2935.3302,60685.32415014097,0,-0.09245861652555998,0.09245861652555998,60680.479290056064,0,-0.8908482699782357,0.8908482699782357,60709.3703935673,0,3.8692044250444644,-3.8692044250444644,60,12.099417980228544,Up,2.363604901183832
5m,300,btc-up-or-down-5m,btc-updown-5m,btc-updown-5m-1780788600,0x1b5ad3de7d86bf98090ed6bc10fa4bd9138e8c376e1cd648e8512e564c541d6e,1780788600,1780788900,2026-06-06T23:30:00Z,2026-06-06T23:35:00Z,True,60685.885240846284,60709.370393567304,gamma_finalPrice,60685.88524084628,0,60709.3703935673,0,60709.3703935673,0,7.275957614183426e-12,1.198953856453946e-12,Up,23.485152721019404,23.485152721019404,3.869953058740599,72201.151474,0.99,0.5,0.51,3166,3166,0,ok,60708.93826524841,0,23.053024402128358,3.798745673831234,Up,0,0.07118009197596693,119,2089.260636,1770.641136,318.6195000000001,1452.0216360000002,0.8474965284321759,0.8907563025210085,0.694993056864352,808.738747,60708.18518478503,0,22.299943938742217,3.6746508434769662,Up,0,0.19522856915768036,188,2600.50661,2199.2565129999984,401.2500970000001,1798.0064159999984,0.8457031043654984,0.8351063829787234,0.6914062087309973,808.738747,60705.376871693006,0,19.49163084672182,3.211888690321427,Up,0,0.6578314357493052,296,3692.634134999997,3039.330541,653.303594000001,2386.0269470000017,0.8230792517981211,0.7567567567567568,0.646158503596242,808.738747,60694.700575073795,0,8.815334227510903,1.452616896420834,Up,0,2.4166930232002275,708,7648.34983799998,5871.162287999991,1777.187550000001,4093.9747380000017,0.7676377796985399,0.6468926553672316,0.5352755593970795,808.738747,60686.33600413449,0,0.45076328820869094,0.07427811037438611,Up,0,3.79492659053288,1275,12787.195596999949,8980.349350999975,3806.846245999993,5173.503105000004,0.7022923269514144,0.6196078431372549,0.4045846539028291,808.738747,60705.55546709672,0,-0.6284114485589862,0.6284114485589862,60701.60430591323,0,-1.2793057108538748,1.2793057108538748,60800.40315357447,0,14.983613972949714,-14.983613972949714,60,0.07427811037438611,Up,3.79492659053288
5m,300,btc-up-or-down-5m,btc-updown-5m,btc-updown-5m-1780788900,0x092c30e9f5638f25ed4854fb8233a91c935a966134b12153ee8bf57e2532820a,1780788900,1780789200,2026-06-06T23:35:00Z,2026-06-06T23:40:00Z,True,60709.370393567304,60800.40315357447,gamma_finalPrice,60709.3703935673,0,60800.40315357447,0,60800.40315357447,0,0.0,0.0,Up,91.03276000716869,91.03276000716869,14.994845016019868,96306.6220449998,0.999,0.97,0.98,3091,3091,0,ok,60797.26452462378,0,87.89413105647691,14.477852510522837,Up,0,0.5162317684735869,6,5.0,0.0,5.0,-5.0,0.0,0.0,-1.0,-5.0,60790.248249096665,0,80.87785552936111,13.322137094330802,Up,0,1.6703429719759781,42,1450.8932909999996,1428.1431909999997,22.7501,1405.3930909999995,0.9843199357656965,0.7380952380952381,0.9686398715313929,1422.1139909999995,60786.446939804955,0,77.0765462376512,12.695988401457404,Up,0,2.295678162579489,103,2593.857609000001,2547.035014000001,46.822595,2500.2124190000004,0.9819486640910673,0.8252427184466019,0.9638973281821344,1422.1139909999995,60793.32089154399,0,83.95049797668617,13.82826035461265,Up,0,1.1649058525194669,295,7734.853188999998,7619.194593999998,115.658595,7503.535998999998,0.9850470859402372,0.8847457627118644,0.9700941718804742,1720.2333600000004,60788.89001318929,0,79.51961962198402,13.098409538177295,Up,0,1.8937753678357292,596,17473.726599,16486.431711999987,987.2948870000001,15499.13682499997,0.9434983212421032,0.8036912751677853,0.8869966424842063,6053.815572999997,60787.54476083482,0,-2.115076865453519,2.115076865453519,60820.279764607,0,3.268623515767306,-3.268623515767306,60828.723450230726,0,4.65682817246646,-4.65682817246646,60,13.098409538177295,Up,1.8937753678357292
5m,300,btc-up-or-down-5m,btc-updown-5m,btc-updown-5m-1780789200,0x74cabce150c7b7902f45903aa150119ceeb9d26ee8726f67daf099f87bc29e13,1780789200,1780789500,2026-06-06T23:40:00Z,2026-06-06T23:45:00Z,True,60800.40315357447,60828.723450230726,gamma_finalPrice,60800.40315357447,0,60828.723450230726,0,60828.723450230726,0,0.0,0.0,Up,28.32029665625305,28.32029665625305,4.657912643230243,81533.1103620002,0.99,0.47,0.48,2660,2660,0,ok,60828.52067539394,0,28.117521819469403,4.624561739902931,Up,0,0.033335431563639835,60,1650.893108,1433.439808,217.45329999999998,1215.9865080000006,0.8682814175271244,0.8833333333333333,0.7365628350542491,810.7839279999998,60828.21225264487,0,27.809099070400407,4.57383465043118,Up,0,0.08403920136507224,153,3309.0132570000005,2476.285759,832.7274979999996,1643.5582610000001,0.748345674881048,0.6535947712418301,0.4966913497620961,810.7839279999998,60841.24228234776,0,40.839128773288394,6.716917430651519,Up,0,-2.057834418845868,175,4103.486746,3243.6754479999995,859.8112979999997,2383.8641500000003,0.7904681186461422,0.64,0.5809362372922845,810.7839279999998,60852.67555822031,0,52.27240464583883,8.597377967018582,Up,0,-3.936856166040638,303,9335.088816999994,8240.853818999993,1094.2349979999997,7146.618820999995,0.8827825830636655,0.6237623762376238,0.7655651661273314,1981.359578,60853.73915965074,0,53.33600607626431,8.772311252861927,Up,0,-4.1116376568798,546,15388.818134999983,12947.894751999986,2440.923382999999,10506.971368999988,0.8413833108178453,0.6556776556776557,0.6827666216356907,1981.359578,60832.50270085473,0,0.6212744593805041,-0.6212744593805041,60848.82273,0,3.303695806343004,-3.303695806343004,,,,,60,8.772311252861927,Up,-4.1116376568798
5m,300,btc-up-or-down-5m,btc-updown-5m,btc-updown-5m-1780789500,0x9890a133c88da28474afc0f5cb905bcab9b741a307cf85f644c709185a74eb27,1780789500,1780789800,2026-06-06T23:45:00Z,2026-06-06T23:50:00Z,True,60828.723450230726,60832.84529266216,gamma_finalPrice,60828.723450230726,0,,,,,,,Up,4.1218424314356525,4.1218424314356525,0.6776144882948416,94145.3417250001,0.99,0.46,0.47,3297,3297,0,truncated_http_400_at_offset_3500,,,,,,,,207,4247.692175000002,3070.7543140000007,1176.9378610000003,1893.8164529999995,0.722922986762806,0.4975845410628019,0.44584597352561184,1080.310583,,,,,,,,345,6203.090015999999,4502.248073999996,1700.8419419999993,2801.406131999997,0.7258073093227859,0.5304347826086957,0.45161461864557234,1080.310583,,,,,,,,437,6917.426775999999,5022.403261999998,1895.0235139999982,3127.3797480000017,0.7260508025072586,0.5377574370709383,0.4521016050145179,1080.310583,,,,,,,,662,8375.552232999982,5881.361841999981,2494.190390999999,3387.1714510000065,0.7022058580002881,0.527190332326284,0.4044117160005793,1080.310583,,,,,,,,1119,11834.346229999941,7449.98366899996,4384.362560999995,3065.621108000016,0.6295221995545754,0.5361930294906166,0.25904439910915394,1080.310583,60824.58104028659,0,-1.3586104255838236,1.3586104255838236,60810.30370484979,0,-3.706182922122587,3.706182922122587,,,,,60,,,
5m,300,btc-up-or-down-5m,btc-updown-5m,btc-updown-5m-1780789800,0x21b0b7c9e4bffb9682e4a91879123971b3f6f6da5c64f10224e61c4528e39408,1780789800,1780790100,2026-06-06T23:50:00Z,2026-06-06T23:55:00Z,True,60832.84529266216,60864.571035806905,gamma_finalPrice,,,,,,,,,Up,31.72574314474332,31.72574314474332,5.215232493583557,76639.50991699996,0.99,0.5,0.51,2822,2822,0,ok,,,,,,,,126,2163.403734999998,2074.9523419999987,88.45139300000001,1986.5009489999995,0.9591147081938456,0.8650793650793651,0.9182294163876912,1119.771874,,,,,,,,197,3129.7557859999984,2684.699404999998,445.05638099999993,2239.6430239999986,0.8577983678500337,0.7766497461928934,0.7155967357000678,1119.771874,,,,,,,,280,4588.068345000001,3252.721673,1335.346672,1917.3750010000006,0.7089523146586866,0.7142857142857143,0.4179046293173735,1119.771874,,,,,,,,497,6806.56005799999,4435.204515000001,2371.355543000001,2063.8489719999993,0.6516073430935424,0.635814889336016,0.30321468618708286,1119.771874,,,,,,,,998,12651.055999999962,7371.985083999989,5279.070916000003,2092.914167999999,0.5827169750888789,0.6172344689378757,0.1654339501777563,1119.771874,,,,,,,,,,,,,60,,,
5m,300,btc-up-or-down-5m,btc-updown-5m,btc-updown-5m-1780790100,0x455a6def7f8f325f14a38486abb5a687012d7eb8e2b087adeb5afdb1794f0751,1780790100,1780790400,2026-06-06T23:55:00Z,2026-06-07T00:00:00Z,True,60864.571035806905,60856.60397311402,gamma_finalPrice,,,,,,,,,Down,-7.96706269288552,7.96706269288552,1.3089819836565448,54772.62199199999,0.01,0.34,0.35,2084,2084,0,ok,,,,,,,,59,581.7433089999998,478.36111299999993,103.382196,374.9789169999999,0.822288981410528,0.847457627118644,0.6445779628210558,277.162509,,,,,,,,87,784.7906649999999,670.809072,113.981593,556.827479,0.8547617879731025,0.8275862068965517,0.7095235759462049,277.162509,,,,,,,,159,1296.856114999999,952.7652439999999,344.0908710000001,608.6743730000001,0.7346730550751968,0.6477987421383647,0.4693461101503929,277.162509,,,,,,,,331,2556.4904409999986,1903.266195999998,653.2242450000001,1250.0419509999997,0.7444839869049208,0.5800604229607251,0.48896797380984236,286.28228599999994,,,,,,,,560,4477.197716999999,3332.4680079999976,1144.7297089999997,2187.7382990000006,0.7443200454039717,0.5732142857142857,0.4886400908079443,392.61749899999995,,,,,,,,,,,,,60,,,
5m,300,btc-up-or-down-5m,btc-updown-5m,btc-updown-5m-1780790400,0x461beefce4a8b48d5b261c4fcf88e055a8aa93fd13991c6d845c18bdf6daa6af,1780790400,1780790700,2026-06-07T00:00:00Z,2026-06-07T00:05:00Z,True,60856.60397311402,60903.68421909344,gamma_finalPrice,,,,,,,,,Up,47.080245979421306,47.080245979421306,7.736259157711297,116007.07473799984,0.99,0.47,0.48,3470,3470,0,truncated_http_400_at_offset_3500,,,,,,,,13,317.949,0.0,317.949,-317.949,0.0,0.0,-1.0,-209.0306,,,,,,,,36,625.8119,0.0,625.8119,-625.8119,0.0,0.0,-1.0,-209.0306,,,,,,,,145,6396.125262999994,5544.949862999996,851.1754,4693.774462999998,0.8669232754205366,0.6551724137931034,0.7338465508410732,2358.812016,,,,,,,,276,8983.53967599998,7482.741776999993,1500.797899000001,5981.943877999998,0.832939136116975,0.6557971014492754,0.6658782722339491,2358.812016,,,,,,,,651,12915.763813999953,10615.091243999977,2300.672569999999,8314.418673999995,0.8218709630237914,0.6359447004608295,0.6437419260475822,2358.812016,,,,,,,,,60842.20254397315,0,-10.100001237231629,10.100001237231629,60,,,
5m,300,btc-up-or-down-5m,btc-updown-5m,btc-updown-5m-1780790700,0xa2acc8248940ee5779ed2570928ab7c4fe96554be3f9bdc21843faaf6645a0df,1780790700,1780791000,2026-06-07T00:05:00Z,2026-06-07T00:10:00Z,True,60903.68421909344,60842.20254397315,gamma_finalPrice,,,60842.20254397315,0,60842.20254397315,0,0.0,0.0,Down,-61.481675120288855,61.481675120288855,10.094902452717994,119420.9784349999,0.01,0.07,0.08,3395,3395,0,ok,60833.968641167834,0,-69.71557792560634,11.4468572500168,Down,0,-1.3534125437529574,46,175.58610000000002,3.9996,171.58650000000003,-167.58690000000004,0.02277856846299337,0.043478260869565216,-0.9544428630740134,-103.6153,60833.79727939147,0,-69.88693970197346,11.474993770584367,Down,0,-1.381581348376987,236,2638.402571000003,2454.7860720000012,183.61649900000003,2271.169573000001,0.9304061855388477,0.7966101694915254,0.8608123710776958,941.2850060000002,60833.751901720694,0,-69.93231737274618,11.482444497310436,Down,0,-1.3890406374105921,436,4424.866965,4191.247966000001,233.61899900000006,3957.6289670000033,0.9472031586829867,0.8348623853211009,0.8944063173659738,941.2850060000002,60835.26453,0,-68.41968909343996,11.234080494590215,Down,0,-1.1403942155451372,811,21267.409038999995,20846.834541,420.57449800000006,20426.26004300001,0.9802244600069172,0.8360049321824907,0.9604489200138346,6746.547987,60833.99518228376,0,-69.68903680967924,11.442499366537758,Down,0,-1.3490496671010137,1042,31411.00204399998,30688.747851999993,722.2541920000002,29966.49366000001,0.9770063307439774,0.8349328214971209,0.9540126614879549,6746.547987,,,,,,,,,,,,,60,11.442499366537758,Down,-1.3490496671010137
5m,300,btc-up-or-down-5m,btc-updown-5m,btc-updown-5m-1780791000,0xf6b8980267bdea2497e320b82d11444a0268d377dcb4cd20f71997e17a5f004a,1780791000,1780791300,2026-06-07T00:10:00Z,2026-06-07T00:15:00Z,True,60842.20254397315,60784.01578071656,gamma_finalPrice,60842.20254397315,0,,,,,,,Down,-58.1867632565918,58.1867632565918,9.563553064098533,78898.06712299999,0.01,0.5,0.51,2163,2163,0,ok,,,,,,,,3,437.3458,0.0,437.3458,-437.3458,0.0,0.0,-1.0,-314.9487,,,,,,,,6,443.5161,0.0,443.5161,-443.5161,0.0,0.0,-1.0,-314.9487,,,,,,,,14,492.48490000000004,0.0,492.48490000000004,-492.48490000000004,0.0,0.0,-1.0,-314.9487,,,,,,,,136,8309.945712999994,7347.006512999998,962.9391999999996,6384.067312999999,0.8841220829525296,0.5882352941176471,0.7682441659050587,3332.8649889999992,,,,,,,,390,11758.461958999987,9880.832685999992,1877.6292730000007,8003.203412999995,0.8403167625538944,0.5538461538461539,0.6806335251077885,3332.8649889999992,,,,,,,,,,,,,60,,,
5m,300,btc-up-or-down-5m,btc-updown-5m,btc-updown-5m-1780791300,0x5c5d2343788b33f967923700d654bad3bed7892a697bff3c0539a2bb65899c1e,1780791300,1780791600,2026-06-07T00:15:00Z,2026-06-07T00:20:00Z,True,60784.01578071656,60852.63721572343,gamma_finalPrice,,,,,,,,,Up,68.62143500686943,68.62143500686943,11.289388192847776,95650.78423600005,0.99,0.72,0.73,3350,3350,0,ok,,,,,,,,82,4363.401188999999,4321.149088999998,42.2521,4278.896988999998,0.9903167052100279,0.7560975609756098,0.9806334104200564,1891.5235299999995,,,,,,,,215,8023.258471999996,7956.926371999993,66.3321,7890.594271999991,0.9917325236085198,0.8325581395348837,0.9834650472170399,2267.6009789999994,,,,,,,,331,11785.986614999998,11697.958314999996,88.02829999999999,11609.930014999996,0.9925311047029386,0.8640483383685801,0.9850622094058774,2267.6009789999994,,,,,,,,531,18857.543792000008,18359.26369600001,498.2800959999999,17860.983600000014,0.973576617321107,0.7721280602636534,0.9471532346422142,3091.261654,,,,,,,,834,26874.439807000028,25724.009114000033,1150.4306930000005,24573.578421000042,0.9571923842408674,0.7757793764988009,0.9143847684817349,3091.261654,,,,,,,,,,,,,60,,,
5m,300,btc-up-or-down-5m,btc-updown-5m,btc-updown-5m-1780791600,0x5ac804903bcbc493b9c1837c275f522ca0b974afbfd5e6f7b9877bb929690a5a,1780791600,1780791900,2026-06-07T00:20:00Z,2026-06-07T00:25:00Z,True,60852.63721572343,60804.64645130288,gamma_finalPrice,,,,,,,,,Down,-47.990764420552296,47.990764420552296,7.886390239822209,103291.0857199998,0.01,,0.01,3067,3067,0,ok,,,,,,,,72,1760.3289860000002,1700.3244880000002,60.004498,1640.3199900000002,0.9659129069184117,0.75,0.9318258138368233,1362.1800900000005,,,,,,,,164,4930.960744999999,4844.104646999999,86.856098,4757.248548999997,0.9823855628767533,0.8658536585365854,0.9647711257535062,2336.669511999999,,,,,,,,284,6344.658400999983,6251.298805999985,93.35959500000001,6157.939210999985,0.9852853236377102,0.8838028169014085,0.9705706472754201,2336.669511999999,,,,,,,,505,10063.625361999995,9846.140868,217.48449400000018,9628.656374000002,0.9783890510450428,0.8257425742574257,0.9567781020900852,2336.669511999999,,,,,,,,902,28097.775580000038,26975.875990000048,1121.8995900000004,25853.97640000005,0.9600715869195512,0.7915742793791575,0.920143173839102,4271.75526,,,,,,,,,,,,,60,,,
5m,300,btc-up-or-down-5m,btc-updown-5m,btc-updown-5m-1780791900,0xd0a43d7a7580f9b8effde9031da99047ba67572c4aee03a8eaf7d73cfb5e1b55,1780791900,1780792200,2026-06-07T00:25:00Z,2026-06-07T00:30:00Z,True,60804.64645130288,60814.19797086512,gamma_finalPrice,,,,,,,,,Up,9.551519562242902,9.551519562242902,1.5708535646025845,126176.02199199994,0.99,0.21,0.22,3407,3407,0,truncated_http_400_at_offset_3500,,,,,,,,210,2527.403909999999,1791.0362309999991,736.3676790000001,1054.668552,0.7086466171526972,0.6095238095238096,0.4172932343053946,576.2605710000001,,,,,,,,386,5348.550358999995,3755.449902,1593.1004569999984,2162.3494450000007,0.7021435061709219,0.5518134715025906,0.40428701234184317,641.1255530000002,,,,,,,,502,7815.89288999999,4929.219088,2886.6738019999966,2042.5452860000016,0.630666151311601,0.5099601593625498,0.2613323026232009,759.331105,,,,,,,,1051,14811.18745299998,8390.464875999993,6420.722576999992,1969.7422989999975,0.5664950837078575,0.4519505233111323,0.1329901674157145,759.331105,,,,,,,,1352,18717.349495999904,9252.570761999974,9464.77873399999,-212.2079720000037,0.49433124940993095,0.4275147928994083,-0.011337501180140638,759.331105,,,,,,,,,,,,,60,,,
5m,300,btc-up-or-down-5m,btc-updown-5m,btc-updown-5m-1780792200,0x33249b672c14d012655f54a5acf9e3752baaba8ae2107f1147257ee2203a4eac,1780792200,1780792500,2026-06-07T00:30:00Z,2026-06-07T00:35:00Z,True,60814.19797086512,60906.31089968029,gamma_finalPrice,,,,,,,,,Up,92.11292881517147,92.11292881517147,15.146615739189876,159918.520942,0.99,0.99,1.0,3489,3489,0,truncated_http_400_at_offset_3500,,,,,,,,2,0.34650000000000003,0.0,0.34650000000000003,-0.34650000000000003,0.0,0.0,-1.0,-0.3168,,,,,,,,9,4.589499999999999,0.0,4.589499999999999,-4.589499999999999,0.0,0.0,-1.0,-2.802,,,,,,,,20,289.4727,0.0,289.4727,-289.4727,0.0,0.0,-1.0,-175.18079999999998,,,,,,,,61,3000.292905,43.668405,2956.6244999999994,-2912.956094999999,0.014554713950503444,0.03278688524590164,-0.9708905720989929,-2517.0951,,,,,,,,457,41652.01373499996,36328.68293799994,5323.330797000005,31005.352141000003,0.8721951156823217,0.5886214442013129,0.7443902313646453,24890.674414999994,,,,,,,,,,,,,60,,,
5m,300,btc-up-or-down-5m,btc-updown-5m,btc-updown-5m-1780792500,0xa35aae2551b226da39da5646a3797c1024d81a42f265f7fcc17b5c0e56c36bd6,1780792500,1780792800,2026-06-07T00:35:00Z,2026-06-07T00:40:00Z,True,60906.31089968029,60897.487355000005,gamma_finalPrice,,,,,,,,,Down,-8.823544680286432,8.823544680286432,1.4487077857694954,59291.99241500007,0.01,0.5,0.51,2380,2380,0,ok,,,,,,,,72,1071.1033390000005,1023.4700390000004,47.6333,975.8367390000004,0.9555287540747737,0.8472222222222222,0.9110575081495474,527.2820399999999,,,,,,,,176,2203.1725440000005,1560.0005660000006,643.171978,916.8285880000009,0.7080700829576062,0.6193181818181818,0.41614016591521247,527.2820399999999,,,,,,,,249,7365.210081,6608.766716,756.443365,5852.323351,0.8972950728246851,0.5742971887550201,0.7945901456493702,4851.137578,,,,,,,,339,8164.593787999994,6946.158635999999,1218.4351519999998,5727.723484000005,0.8507659800796454,0.5545722713864307,0.7015319601592908,4851.137578,,,,,,,,581,10457.500402999991,8645.615262,1811.885141,6833.730121,0.826738219347311,0.5920826161790017,0.6534764386946211,4851.137578,,,,,,,,,60769.50019550681,0,21.038937394570922,-21.038937394570922,60,,,
5m,300,btc-up-or-down-5m,btc-updown-5m,btc-updown-5m-1780792800,0x7e81d2f4fe6302f48c72569c9d4b5c11d2aef688a04f7694bbd1d8ea01bf2e7f,1780792800,1780793100,2026-06-07T00:40:00Z,2026-06-07T00:45:00Z,True,60897.487355000005,60769.50019550681,gamma_finalPrice,,,60769.50019550681,0,60769.50019550681,0,0.0,0.0,Down,-127.9871594931974,127.9871594931974,21.01682106309251,88122.11519699989,0.01,0.5,0.51,2332,2332,0,ok,60772.38319309864,0,-125.10416190136311,20.543402911202605,Down,0,0.47440396873839075,2,2.4,0.0,2.4,-2.4,0.0,0.0,-1.0,-1.2,,,,,,,,6,7.2,0.0,7.2,-7.2,0.0,0.0,-1.0,-2.4,,,,,,,,11,13.403799999999999,0.0,13.403799999999999,-13.403799999999999,0.0,0.0,-1.0,-2.8038,,,,,,,,22,153.90060000000003,0.0,153.90060000000003,-153.90060000000003,0.0,0.0,-1.0,-119.3946,,,,,,,,274,25106.99701400003,24714.748514000028,392.24850000000004,24322.500014000027,0.9843769248954274,0.7299270072992701,0.9687538497908549,7956.8741599999985,60766.52345825992,0,0.48985266392466287,-0.48985266392466287,60747.48318586254,0,3.6236926349775187,-3.6236926349775187,,,,,60,,,
5m,300,btc-up-or-down-5m,btc-updown-5m,btc-updown-5m-1780793100,0x288bb00fe35b4a8999c4bf97701becbf5e3eeb61df21e71f52a8f023201ecf01,1780793100,1780793400,2026-06-07T00:45:00Z,2026-06-07T00:50:00Z,True,60769.50019550681,60745.222679394305,gamma_finalPrice,60769.50019550681,0,,,,,,,Down,-24.27751611250278,24.27751611250278,3.9950165847007937,146272.47686300005,0.01,0.35,0.36,3345,3345,0,truncated_http_400_at_offset_3500,,,,,,,,279,4950.300974999997,4414.384700999998,535.9162739999999,3878.4684269999975,0.8917406685560165,0.5734767025089605,0.7834813371120328,1964.9998650000002,,,,,,,,494,9796.538396000005,5838.714779000003,3957.823616999999,1880.8911619999938,0.5959977435891018,0.4676113360323887,0.19199548717820314,1964.9998650000002,,,,,,,,769,18798.164526000008,8250.445952999986,10547.718572999993,-2297.2726200000047,0.43889635829012336,0.5422626788036411,-0.12220728341975166,-3108.734211,,,,,,,,1148,21794.744633999948,9665.64600999998,12129.098624000037,-2463.45261399999,0.4434851691229044,0.4538327526132404,-0.1130296617541913,-3108.734211,,,,,,,,2137,32316.496083999962,16090.366092000027,16226.129992000033,-135.76389999999452,0.49789946441521665,0.5259709873654657,-0.004201071169569396,-3108.734211,,,,,,,,,,,,,60,,,
5m,300,btc-up-or-down-5m,btc-updown-5m,btc-updown-5m-1780793400,0x6bfb99661d47e478bb50cbc4fa87bae162cc3e2a56e9487ba0a10423f7835492,1780793400,1780793700,2026-06-07T00:50:00Z,2026-06-07T00:55:00Z,True,60745.222679394305,60771.52859117932,gamma_finalPrice,,,,,,,,,Up,26.30591178501345,26.30591178501345,4.330531789117436,61468.08888700008,0.99,0.5,0.51,2121,2121,0,ok,,,,,,,,85,2112.6079119999986,2101.8479119999984,10.76,2091.087911999998,0.9949067690512369,0.9764705882352941,0.9898135381024737,1694.531454,,,,,,,,110,2397.3910839999967,2361.4310839999966,35.96,2325.4710839999966,0.9850003613344547,0.9727272727272728,0.9700007226689092,1694.531454,,,,,,,,157,2994.3248479999916,2884.200047999992,110.12480000000002,2774.0752479999924,0.9632221600560288,0.910828025477707,0.9264443201120576,1694.531454,,,,,,,,259,4963.302038999987,4827.577238999986,135.72480000000002,4691.852438999986,0.9726543339628495,0.9266409266409267,0.9453086679256993,1694.531454,,,,,,,,456,7085.758314999985,6398.328034999988,687.43028,5710.897754999993,0.902984232676302,0.7916666666666666,0.8059684653526042,1694.531454,,,,,,,,,,,,,60,,,
5m,300,btc-up-or-down-5m,btc-updown-5m,btc-updown-5m-1780793700,0x0650856a6c5db2495e2ca3cc86ac40977cdbea0c1d4ed6c98b0f961a14940994,1780793700,1780794000,2026-06-07T00:55:00Z,2026-06-07T01:00:00Z,True,60771.52859117932,60755.566993300636,gamma_finalPrice,,,,,,,,,Down,-15.961597878682369,15.961597878682369,2.6264927423594733,62101.8253159998,0.01,0.31,0.32,2111,2111,0,ok,,,,,,,,60,802.784438,780.9444420000001,21.839996,759.1044459999999,0.9727946943585373,0.85,0.9455893887170742,516.2042759999999,,,,,,,,120,1513.438983,1191.9745930000004,321.46439,870.5102029999999,0.7875934255619742,0.775,0.5751868511239477,516.2042759999999,,,,,,,,200,2566.8460019999993,2143.8439119999994,423.00209,1720.841821999999,0.8352055052502523,0.745,0.6704110105005042,516.2042759999999,,,,,,,,313,3496.326509999998,2636.2623329999965,860.0641770000001,1776.1981559999995,0.7540091937809315,0.6773162939297125,0.5080183875618643,516.2042759999999,,,,,,,,540,6086.357807999986,4142.8081719999955,1943.5496359999981,2199.258536000001,0.680671150577877,0.6055555555555555,0.3613423011557532,516.2042759999999,,,,,,,,,,,,,60,,,
5m,300,btc-up-or-down-5m,btc-updown-5m,btc-updown-5m-1780794000,0xd46b81d3af7c99ca55f4748bcb572a9077e3283f6d71ba4b3a34fec73c3fb222,1780794000,1780794300,2026-06-07T01:00:00Z,2026-06-07T01:05:00Z,True,60755.566993300636,61034.39896750362,gamma_finalPrice,,,,,,,,,Up,278.8319742029853,278.8319742029853,45.89406172996977,107844.19329799993,0.99,0.5,0.51,2311,2311,0,ok,,,,,,,,0,0.0,0.0,0.0,0.0,,,,0.0,,,,,,,,0,0.0,0.0,0.0,0.0,,,,0.0,,,,,,,,0,0.0,0.0,0.0,0.0,,,,0.0,,,,,,,,7,98.2325,0.0,98.2325,-98.2325,0.0,0.0,-1.0,-82.2294,,,,,,,,41,235.768,0.0,235.768,-235.768,0.0,0.0,-1.0,-103.1061,,,,,,,,,,,,,60,,,
5m,300,btc-up-or-down-5m,btc-updown-5m,btc-updown-5m-1780794300,0xe1fb2f837c046aa93e4618eb74d666a07b8a7068922d962e07568ac361b44985,1780794300,1780794600,2026-06-07T01:05:00Z,2026-06-07T01:10:00Z,True,61034.39896750362,61297.60171044993,gamma_finalPrice,,,,,,,,,Up,263.20274294631236,263.20274294631236,43.12367245337317,73324.63418299996,0.99,0.28,0.29,2145,2145,0,ok,,,,,,,,1,0.1089,0.0,0.1089,-0.1089,0.0,0.0,-1.0,-0.1089,,,,,,,,4,13.9343,0.0,13.9343,-13.9343,0.0,0.0,-1.0,-13.8254,,,,,,,,4,13.9343,0.0,13.9343,-13.9343,0.0,0.0,-1.0,-13.8254,,,,,,,,9,44.9288,0.0,44.9288,-44.9288,0.0,0.0,-1.0,-22.5745,,,,,,,,64,684.3530999999997,0.0,684.3530999999997,-684.3530999999997,0.0,0.0,-1.0,-511.19719999999995,,,,,,,,,,,,,60,,,
5m,300,btc-up-or-down-5m,btc-updown-5m,btc-updown-5m-1780794600,0x6282a4ca0e18ca64397f59b04c916f6447bf23b757987a2d74ed03a6fb9d4e50,1780794600,1780794900,2026-06-07T01:10:00Z,2026-06-07T01:15:00Z,True,61297.60171044993,61290.386563285945,gamma_finalPrice,,,,,,,,,Down,-7.215147163988149,7.215147163988149,1.1770684272559593,71365.15717899996,0.01,0.5,0.51,2849,2849,0,ok,,,,,,,,108,2001.7706570000007,1812.965362,188.805295,1624.160067,0.9056808559263436,0.7222222222222222,0.8113617118526878,836.247294,,,,,,,,173,2393.490831000001,2045.100955999999,348.3898750000002,1696.7110810000006,0.854442778519254,0.6473988439306358,0.7088855570385094,836.247294,,,,,,,,246,3057.8632940000025,2368.889550000001,688.9737440000004,1679.9158060000007,0.7746878530011875,0.5853658536585366,0.5493757060023754,836.247294,,,,,,,,440,4169.851975000002,2998.289326000001,1171.5626489999997,1826.7266770000012,0.7190397510453592,0.575,0.4380795020907188,836.247294,,,,,,,,729,7054.166103999993,3585.508899000002,3468.6572049999977,116.85169400000457,0.5082824597746396,0.49657064471879286,0.016564919549278124,836.247294,,,,,,,,,,,,,60,,,
5m,300,btc-up-or-down-5m,btc-updown-5m,btc-updown-5m-1780794900,0x041a31ea1718e913fcf38d83ee5513e465303dc9c311d79997ef33f1d94e6f11,1780794900,1780795200,2026-06-07T01:15:00Z,2026-06-07T01:20:00Z,True,61290.386563285945,61475.80483333273,gamma_finalPrice,,,,,,,,,Up,185.41827004678635,185.41827004678635,30.252423005250755,90967.37238899998,0.99,0.5,0.51,2665,2665,0,ok,,,,,,,,0,0.0,0.0,0.0,0.0,,,,0.0,,,,,,,,4,8.0,0.0,8.0,-8.0,0.0,0.0,-1.0,-7.25,,,,,,,,5,12.940100000000001,0.0,12.940100000000001,-12.940100000000001,0.0,0.0,-1.0,-7.25,,,,,,,,11,15.190100000000001,0.0,15.190100000000001,-15.190100000000001,0.0,0.0,-1.0,-7.25,,,,,,,,26,42.9192,0.0,42.9192,-42.9192,0.0,0.0,-1.0,-10.8808,,,,,,,,,,,,,60,,,
5m,300,btc-up-or-down-5m,btc-updown-5m,btc-updown-5m-1780795200,0x0214fb7dd9cb174c5198597853f8dde67fc37a24627a6fbeba4a5815cf2efec8,1780795200,1780795500,2026-06-07T01:20:00Z,2026-06-07T01:25:00Z,True,61475.80483333273,61465.080290000005,gamma_finalPrice,,,,,,,,,Down,-10.72454333272617,10.72454333272617,1.7445145064471328,93418.06583899986,0.01,0.5,0.51,3217,3217,0,ok,,,,,,,,126,3069.2184769999994,2903.16458,166.053897,2737.110683,0.945897009859556,0.9285714285714286,0.8917940197191119,1311.7921660000002,,,,,,,,216,3675.043106999999,3338.520017,336.5230899999999,3001.9969269999997,0.9084301652519366,0.8564814814814815,0.8168603305038731,1311.7921660000002,,,,,,,,323,4586.587060999995,3913.9822950000016,672.604766,3241.3775290000003,0.853353973868895,0.7801857585139319,0.7067079477377883,1311.7921660000002,,,,,,,,471,5959.641956999997,4476.138979000002,1483.502978,2992.6360010000058,0.751075150369139,0.6815286624203821,0.5021503007382776,1311.7921660000002,,,,,,,,806,9453.82384099999,5926.083259999999,3527.740580999994,2398.3426790000094,0.6268451115303583,0.5831265508684863,0.25369022306071676,1311.7921660000002,,,,,,,,,,,,,60,,,
5m,300,btc-up-or-down-5m,btc-updown-5m,btc-updown-5m-1780795500,0xc9e420a1f860c534b7141316fac59842f318efaff1c1208d651ea3bcc575469e,1780795500,1780795800,2026-06-07T01:25:00Z,2026-06-07T01:30:00Z,True,61465.080290000005,61610.16388886603,gamma_finalPrice,,,,,,,,,Up,145.08359886602557,145.08359886602557,23.60423157043037,70509.13463499991,0.99,0.41,0.42,2149,2149,0,ok,,,,,,,,0,0.0,0.0,0.0,0.0,,,,0.0,,,,,,,,0,0.0,0.0,0.0,0.0,,,,0.0,,,,,,,,4,66.9837,0.0,66.9837,-66.9837,0.0,0.0,-1.0,-66.9837,,,,,,,,13,231.25400000000005,0.0,231.25400000000005,-231.25400000000005,0.0,0.0,-1.0,-124.8874,,,,,,,,217,8077.991890999988,7349.41849299999,728.5733980000001,6620.845094999992,0.9098076096347991,0.7603686635944701,0.8196152192695983,4458.432765999998,,,,,,,,,,,,,60,,,
5m,300,btc-up-or-down-5m,btc-updown-5m,btc-updown-5m-1780795800,0xd03394fd7af847a5ee1c57648c2ac5df012e0522c5d7b858eb28b21c404c174c,1780795800,1780796100,2026-06-07T01:30:00Z,2026-06-07T01:35:00Z,True,61610.16388886603,61525.43540929849,gamma_finalPrice,,,,,,,,,Down,-84.72847956754413,84.72847956754413,13.752354192788628,55585.037598999894,0.01,0.5,0.51,1887,1887,0,ok,,,,,,,,1,1.0,0.0,1.0,-1.0,0.0,0.0,-1.0,-1.0,,,,,,,,3,3.04,0.0,3.04,-3.04,0.0,0.0,-1.0,-2.04,,,,,,,,5,9.04,0.0,9.04,-9.04,0.0,0.0,-1.0,-6.0,,,,,,,,90,3840.4489389999994,3672.6391389999994,167.8098,3504.8293389999994,0.9563046397269129,0.8,0.9126092794538259,1682.4836160000002,,,,,,,,126,4122.008134999998,3861.878034999999,260.13009999999997,3601.747934999998,0.9368923855847753,0.6746031746031746,0.8737847711695502,1682.4836160000002,,,,,,,,,,,,,60,,,
5m,300,btc-up-or-down-5m,btc-updown-5m,btc-updown-5m-1780796100,0xb0cafd810609a06642f0cc4c0fff1712e3b2ab864b5c28e6391e2a88656c9874,1780796100,1780796400,2026-06-07T01:35:00Z,2026-06-07T01:40:00Z,True,61525.43540929849,61409.728786518084,gamma_finalPrice,,,,,,,,,Down,-115.70662278040254,115.70662278040254,18.806307019310506,79059.15032800002,0.01,0.64,0.65,2293,2293,0,ok,,,,,,,,0,0.0,0.0,0.0,0.0,,,,0.0,,,,,,,,2,3.1164,0.0,3.1164,-3.1164,0.0,0.0,-1.0,-1.77,,,,,,,,4,33.8361,0.0,33.8361,-33.8361,0.0,0.0,-1.0,-29.1159,,,,,,,,48,3422.422466,3211.583368,210.839098,3000.74427,0.9383947773559291,0.7083333333333334,0.8767895547118584,2126.2999910000003,,,,,,,,227,6252.43333899999,5793.327345999993,459.105993,5334.221352999995,0.9265716292989017,0.7973568281938326,0.8531432585978033,2126.2999910000003,,,,,,,,,,,,,60,,,
5m,300,btc-up-or-down-5m,btc-updown-5m,btc-updown-5m-1780796400,0xac1848fb8045948990d9057bb0a6c365dc982ded4d48780e53878ad9634e3764,1780796400,1780796700,2026-06-07T01:40:00Z,2026-06-07T01:45:00Z,True,61409.728786518084,61423.07948870236,gamma_finalPrice,,,,,,,,,Up,13.350702184274269,13.350702184274269,2.1740369886156032,63181.44097100002,0.99,0.5,0.51,2389,2389,0,ok,,,,,,,,114,1581.5268199999998,890.8401500000001,690.6866699999999,200.15348000000006,0.56327856014481,0.6228070175438597,0.12655712028961993,-451.55737700000003,,,,,,,,178,2030.8986819999986,1171.3979430000004,859.500739,311.8972039999999,0.5767879773531712,0.4943820224719101,0.15357595470634122,-451.55737700000003,,,,,,,,251,2937.2836519999987,1753.4757209999998,1183.8079309999998,569.6677899999995,0.596971872228294,0.5179282868525896,0.19394374445658738,-451.55737700000003,,,,,,,,355,4259.940085000003,2669.172072,1590.7680129999987,1078.404058999999,0.6265750265827971,0.5380281690140845,0.25315005316559475,-451.55737700000003,,,,,,,,523,5472.154800999988,3217.6405110000014,2254.5142899999987,963.1262209999986,0.5880024648447456,0.5468451242829828,0.17600492968948828,-451.55737700000003,,,,,,,,,,,,,60,,,
5m,300,btc-up-or-down-5m,btc-updown-5m,btc-updown-5m-1780796700,0xe00729a32e3bcee0bfccce6ece522b99f60ee15bfd4bc542db549b431eb59a79,1780796700,1780797000,2026-06-07T01:45:00Z,2026-06-07T01:50:00Z,True,61423.07948870236,61438.39204138684,gamma_finalPrice,,,,,,,,,Up,15.312552684481489,15.312552684481489,2.4929640148208376,77161.18120499987,0.99,0.19,0.2,2824,2824,0,ok,,,,,,,,100,850.240001,651.435305,198.80469599999998,452.63060899999994,0.7661781429170844,0.48,0.5323562858341687,352.495865,,,,,,,,133,1255.7612239999996,865.567031,390.1941929999999,475.37283800000006,0.6892767625384173,0.5263157894736842,0.3785535250768344,352.495865,,,,,,,,186,1968.196849999998,1259.4806599999997,708.71619,550.7644700000003,0.6399160023043432,0.5913978494623656,0.2798320046086858,352.495865,,,,,,,,372,4009.562851999999,2790.0737769999982,1219.4890749999995,1570.5847019999992,0.6958548550020333,0.5618279569892473,0.39170971000406696,467.038945,,,,,,,,597,8727.59631099999,6844.430439999993,1883.1658709999983,4961.264568999996,0.7842285775034629,0.6164154103852596,0.568457155006926,1333.2898050000003,,,,,,,,,,,,,60,,,
5m,300,btc-up-or-down-5m,btc-updown-5m,btc-updown-5m-1780797000,0x8b16118b0a458702681a9274cd2b96a8e41d65b784d1e535cb55eb11d8c96ca5,1780797000,1780797300,2026-06-07T01:50:00Z,2026-06-07T01:55:00Z,True,61438.39204138684,61406.966465,gamma_finalPrice,,,,,,,,,Down,-31.425576386842295,31.425576386842295,5.114973771721277,47096.60903799999,0.01,0.5,0.51,1964,1964,0,ok,,,,,,,,14,233.0008,0.0,233.0008,-233.0008,0.0,0.0,-1.0,-111.64229999999999,,,,,,,,17,254.2561,0.0,254.2561,-254.2561,0.0,0.0,-1.0,-111.64229999999999,,,,,,,,91,6661.967995999997,6281.950095999998,380.0178999999999,5901.932195999997,0.9429571111377043,0.6483516483516484,0.8859142222754083,3695.638156,,,,,,,,217,8143.897868999988,7678.570772999989,465.32709599999976,7213.243676999988,0.9428618698950927,0.7972350230414746,0.885723739790185,3695.638156,,,,,,,,508,11002.163000999977,10237.10651899999,765.0564819999997,9472.050036999994,0.9304630842198528,0.7893700787401575,0.8609261684397047,3695.638156,,,,,,,,,,,,,60,,,
5m,300,btc-up-or-down-5m,btc-updown-5m,btc-updown-5m-1780797300,0xefa127367e0ad547b8c5e62a4775b05aba4e1103be5aa2dd174559b9cd115e8e,1780797300,1780797600,2026-06-07T01:55:00Z,2026-06-07T02:00:00Z,True,61406.966465,61450.64838774793,gamma_finalPrice,,,,,,,,,Up,43.68192274793546,43.68192274793546,7.113512564219039,58847.04992299987,0.99,0.75,0.76,2223,2223,0,ok,,,,,,,,2,20.0871,0.0,20.0871,-20.0871,0.0,0.0,-1.0,-14.523299999999999,,,,,,,,30,950.8880469999999,908.882647,42.0054,866.877247,0.9558250835810539,0.6666666666666666,0.9116501671621077,474.952698,,,,,,,,83,1446.2533229999995,1379.7114240000003,66.541899,1313.1695250000005,0.9539901496219421,0.6987951807228916,0.9079802992438836,474.952698,,,,,,,,159,2895.506299999999,2566.2077009999994,329.298599,2236.9091019999996,0.8862725323719725,0.6792452830188679,0.7725450647439449,474.952698,,,,,,,,464,11648.47580799997,11044.706112999967,603.7696950000001,10440.936417999961,0.9481674937603988,0.7780172413793104,0.8963349875207972,4698.588464999983,,,,,,,,,,,,,60,,,
5m,300,btc-up-or-down-5m,btc-updown-5m,btc-updown-5m-1780797600,0x447c23bf34e586af4839cdf9711d0a725635cf21dbbb2799a503a1a01a74f43b,1780797600,1780797900,2026-06-07T02:00:00Z,2026-06-07T02:05:00Z,True,61450.64838774793,61430.75462366457,gamma_finalPrice,,,,,,,,,Down,-19.89376408336102,19.89376408336102,3.2373562534008107,49205.68909800001,0.01,0.49,0.5,2409,2409,0,ok,,,,,,,,144,1947.8675329999996,1913.2399349999998,34.62759799999999,1878.6123369999998,0.9822228167915155,0.8819444444444444,0.9644456335830308,966.2055369999997,,,,,,,,241,2703.3584979999987,2584.908609999998,118.44988799999999,2466.4587219999985,0.9561841730988945,0.8132780082987552,0.9123683461977893,966.2055369999997,,,,,,,,297,3113.743572,2853.2293889999983,260.514183,2592.7152059999976,0.91633409207404,0.8080808080808081,0.8326681841480804,966.2055369999997,,,,,,,,385,3668.9955320000035,3187.7293730000015,481.266159,2706.4632140000003,0.8688289056766282,0.7792207792207793,0.7376578113532567,966.2055369999997,,,,,,,,566,5146.018438000005,3919.8798450000036,1226.1385929999997,2693.7412520000053,0.7617306257696701,0.6855123674911661,0.5234612515393406,966.2055369999997,,,,,,,,,,,,,60,,,
5m,300,btc-up-or-down-5m,btc-updown-5m,btc-updown-5m-1780797900,0xefe845057f77dd3d963b0577f3bbcf9d8c0fbba58a8a392fc3571c7ffae9302a,1780797900,1780798200,2026-06-07T02:05:00Z,2026-06-07T02:10:00Z,True,61430.75462366457,61514.4496831545,gamma_finalPrice,,,,,,,,,Up,83.69505948992446,83.69505948992446,13.624292913648036,53416.57595099988,0.99,0.77,0.78,1883,1883,0,ok,,,,,,,,2,15.1371,0.0,15.1371,-15.1371,0.0,0.0,-1.0,-11.3355,,,,,,,,2,15.1371,0.0,15.1371,-15.1371,0.0,0.0,-1.0,-11.3355,,,,,,,,3,16.2162,0.0,16.2162,-16.2162,0.0,0.0,-1.0,-11.3355,,,,,,,,60,3593.565406999999,3475.453706999999,118.1117,3357.342006999999,0.9671324474100493,0.8,0.9342648948200986,2789.31015,,,,,,,,257,6126.334895999986,5748.2344959999855,378.10040000000004,5370.134095999985,0.9382827732374098,0.8521400778210116,0.8765655464748197,2789.31015,,,,,,,,,,,,,60,,,
5m,300,btc-up-or-down-5m,btc-updown-5m,btc-updown-5m-1780798200,0xecc1eabc06633e50ff6efdd0d3f921c1835e10cb07b5c5c2383bb714c1dd4fdd,1780798200,1780798500,2026-06-07T02:10:00Z,2026-06-07T02:15:00Z,True,61514.4496831545,61382.182002222,gamma_finalPrice,,,,,,,,,Down,-132.26768093249848,132.26768093249848,21.501888030174392,54657.82130799998,0.01,0.5,0.51,1642,1642,0,ok,,,,,,,,0,0.0,0.0,0.0,0.0,,,,0.0,,,,,,,,3,45.9931,0.0,45.9931,-45.9931,0.0,0.0,-1.0,-40.817699999999995,,,,,,,,6,78.0325,0.0,78.0325,-78.0325,0.0,0.0,-1.0,-40.817699999999995,,,,,,,,8,94.5853,0.0,94.5853,-94.5853,0.0,0.0,-1.0,-40.817699999999995,,,,,,,,138,5538.852100999991,5265.936900999992,272.91519999999997,4993.021700999993,0.950727119081095,0.7898550724637681,0.9014542381621902,2434.1049,,,,,,,,,,,,,60,,,
5m,300,btc-up-or-down-5m,btc-updown-5m,btc-updown-5m-1780798500,0xca5c0db7ae9b933d4491e619cae3de9349691c5794da8b844de604bfea495c99,1780798500,1780798800,2026-06-07T02:15:00Z,2026-06-07T02:20:00Z,True,61382.182002222,61270.74510707738,gamma_finalPrice,,,,,,,,,Down,-111.43689514461585,111.43689514461585,18.15459983820417,52299.14526799996,0.01,0.17,0.18,1890,1890,0,ok,,,,,,,,0,0.0,0.0,0.0,0.0,,,,0.0,,,,,,,,0,0.0,0.0,0.0,0.0,,,,0.0,,,,,,,,0,0.0,0.0,0.0,0.0,,,,0.0,,,,,,,,3,11.9,0.0,11.9,-11.9,0.0,0.0,-1.0,-9.9,,,,,,,,57,3810.745594,3641.755194,168.9904,3472.7647939999997,0.9556542425015003,0.2807017543859649,0.9113084850030007,2034.489994,,,,,,,,,,,,,60,,,
5m,300,btc-up-or-down-5m,btc-updown-5m,btc-updown-5m-1780798800,0xbf5ab6d8a0e91e28d4ca4913b102e180853822c046308da11b44630d1a362fb9,1780798800,1780799100,2026-06-07T02:20:00Z,2026-06-07T02:25:00Z,True,61270.74510707738,61281.43812301203,gamma_finalPrice,,,,,,,,,Up,10.69301593464479,10.69301593464479,1.7452074258208492,74890.13942799982,0.99,0.5,0.51,2815,2815,0,ok,,,,,,,,65,747.4803309999998,601.6370320000001,145.843299,455.7937330000001,0.8048867736695005,0.676923076923077,0.6097735473390005,254.6212759999999,,,,,,,,87,842.720384,667.4670890000002,175.253295,492.2137940000002,0.792038618826147,0.6896551724137931,0.5840772376522937,254.6212759999999,,,,,,,,159,1433.1359239999995,999.8304350000006,433.30548899999997,566.5249460000007,0.6976522032951293,0.5786163522012578,0.39530440659025784,254.6212759999999,,,,,,,,268,3405.838971999996,1964.4196879999993,1441.419284,523.0004040000015,0.576779966448749,0.582089552238806,0.15355993289749756,-678.0359060000001,,,,,,,,778,13684.209283999957,10825.719415999985,2858.4898679999997,7967.229547999993,0.7911103368360337,0.6863753213367609,0.5822206736720659,5130.062869,,,,,,,,,,,,,60,,,
5m,300,btc-up-or-down-5m,btc-updown-5m,btc-updown-5m-1780799100,0xc640a91046bbfb570b5cdf9e9c00abb62bcd280cb8014f4ef521e42fedf354ef,1780799100,1780799400,2026-06-07T02:25:00Z,2026-06-07T02:30:00Z,True,61281.43812301203,61225.834969038,gamma_finalPrice,,,,,,,,,Down,-55.60315397402883,55.60315397402883,9.073408796708554,50479.12138000002,0.01,0.22,0.23,1660,1660,0,ok,,,,,,,,0,0.0,0.0,0.0,0.0,,,,0.0,,,,,,,,0,0.0,0.0,0.0,0.0,,,,0.0,,,,,,,,0,0.0,0.0,0.0,0.0,,,,0.0,,,,,,,,71,4218.138578999998,4105.644078999998,112.49450000000002,3993.1495789999976,0.9733307718812148,0.7746478873239436,0.9466615437624293,2986.3171799999996,,,,,,,,238,6455.132319999996,6132.101522999996,323.0307970000002,5809.070725999997,0.9499575251154572,0.7689075630252101,0.8999150502309147,2986.3171799999996,,,,,,,,,,,,,60,,,
5m,300,btc-up-or-down-5m,btc-updown-5m,btc-updown-5m-1780799400,0x85fef1a5db41f1af3c3bfd7de2609f4b5eb8b01260727a333b914f4c8341c2af,1780799400,1780799700,2026-06-07T02:30:00Z,2026-06-07T02:35:00Z,True,61225.834969038,61263.15988759729,gamma_finalPrice,,,,,,,,,Up,37.32491855929402,37.32491855929402,6.096269422567988,58313.54284999997,0.99,0.5,0.51,2409,2409,0,ok,,,,,,,,1,3.96,0.0,3.96,-3.96,0.0,0.0,-1.0,-3.96,,,,,,,,81,4904.631176,4779.009476000001,125.6217,4653.387776000002,0.9743871260667453,0.8641975308641975,0.9487742521334905,2697.419551,,,,,,,,114,5272.648308000002,5135.238608000002,137.4097,4997.828908000003,0.9739391493660762,0.8771929824561403,0.9478782987321523,2697.419551,,,,,,,,194,5963.131054000001,5644.618556000002,318.512498,5326.106058000003,0.9465863662703934,0.8608247422680413,0.8931727325407868,2697.419551,,,,,,,,525,10669.984505999995,8669.468614999996,2000.5158909999998,6668.952723999997,0.8125099535172652,0.76,0.6250199070345305,2697.419551,,,,,,,,,,,,,60,,,
5m,300,btc-up-or-down-5m,btc-updown-5m,btc-updown-5m-1780799700,0xaed7ef3aa16ad5d31adec0078edac2c00c22364874b2e17033b6467e543ca9af,1780799700,1780800000,2026-06-07T02:35:00Z,2026-06-07T02:40:00Z,True,61263.15988759729,61266.74566049632,gamma_finalPrice,,,,,,,,,Up,3.5857728990304167,3.5857728990304167,0.5853065538260548,67295.16550300003,0.99,0.5,0.51,2455,2455,0,ok,,,,,,,,112,1753.979302999999,1051.2773199999997,702.7019829999999,348.5753370000001,0.5993670040472537,0.5892857142857143,0.19873400809450734,499.348278,,,,,,,,175,2168.9342599999973,1168.746800999999,1000.1874590000001,168.55934199999982,0.5388576420015609,0.49142857142857144,0.07771528400312143,499.348278,,,,,,,,265,2875.6464029999993,1436.0588739999987,1439.587528999999,-3.528655000000234,0.4993864588156039,0.4981132075471698,-0.001227082368791583,499.348278,,,,,,,,552,5191.077334999996,2818.487338999999,2372.589995999999,445.8973429999997,0.5429484396228901,0.5489130434782609,0.08589687924577992,499.348278,,,,,,,,812,8179.287051999996,3888.8236,4290.463452,-401.63985200000064,0.47544774688511593,0.5394088669950738,-0.049104506229768745,-584.2116800000001,,,,,,,,,,,,,60,,,
5m,300,btc-up-or-down-5m,btc-updown-5m,btc-updown-5m-1780800000,0xfe210bf3ad889b849453f4f4b29b10bf00de5bb338f3c593c7cbb0050ee3cf89,1780800000,1780800300,2026-06-07T02:40:00Z,2026-06-07T02:45:00Z,True,61266.74566049632,61287.33993600636,gamma_finalPrice,,,,,,,,,Up,20.59427551004046,20.59427551004046,3.3614116904726137,47987.943916999924,0.99,0.5,0.51,2259,2259,0,ok,,,,,,,,81,1217.5186740000001,1132.7555750000001,84.76309900000001,1047.9924760000001,0.930380452628688,0.9012345679012346,0.8607609052573759,875.2089300000001,,,,,,,,185,2857.2585889999978,2644.7011919999986,212.557397,2432.143794999999,0.9256079243865739,0.8054054054054054,0.8512158487731476,875.2089300000001,,,,,,,,260,3783.481316999999,3157.151024999999,626.3302919999999,2530.8207329999987,0.83445661825109,0.7807692307692308,0.6689132365021797,875.2089300000001,,,,,,,,385,4813.292347999991,3849.8448730000005,963.4474749999998,2886.397397999999,0.7998360778147373,0.6987012987012987,0.5996721556294724,875.2089300000001,,,,,,,,789,8877.788866999981,6068.021069999995,2809.767796999998,3258.2532730000007,0.6835059000508227,0.5868187579214195,0.36701180010164436,875.2089300000001,,,,,,,,,,,,,60,,,
5m,300,btc-up-or-down-5m,btc-updown-5m,btc-updown-5m-1780800300,0x22da3ce764cddfc86652d4c1429e51ce0fd64c88229b2a9710f1b1d383e0f1d7,1780800300,1780800600,2026-06-07T02:45:00Z,2026-06-07T02:50:00Z,True,61287.33993600636,61473.033863760276,gamma_finalPrice,,,,,,,,,Up,185.69392775391316,185.69392775391316,30.298904789766837,40919.80473899999,0.99,0.84,0.85,1285,1285,0,ok,,,,,,,,0,0.0,0.0,0.0,0.0,,,,0.0,,,,,,,,1,49.5396,0.0,49.5396,-49.5396,0.0,0.0,-1.0,-49.5396,,,,,,,,6,58.7896,0.0,58.7896,-58.7896,0.0,0.0,-1.0,-49.5396,,,,,,,,10,61.2896,0.0,61.2896,-61.2896,0.0,0.0,-1.0,-49.5396,,,,,,,,13,110.4242,0.0,110.4242,-110.4242,0.0,0.0,-1.0,-49.5396,,,,,,,,,,,,,60,,,
5m,300,btc-up-or-down-5m,btc-updown-5m,btc-updown-5m-1780800600,0x147ebb43af25a1eccacd516a18d2ffbebab899c8cdd89360d900397cbd2efb7b,1780800600,1780800900,2026-06-07T02:50:00Z,2026-06-07T02:55:00Z,True,61473.033863760276,61487.02881065902,gamma_finalPrice,,,,,,,,,Up,13.994946898747003,13.994946898747003,2.27659935082484,73686.64262100002,0.99,0.5,0.51,3005,3005,0,ok,,,,,,,,139,6305.862703999998,6113.532404999998,192.33029899999997,5921.202105999997,0.969499764262549,0.7841726618705036,0.9389995285250978,4829.004045000001,,,,,,,,196,6746.870127999995,6488.195629999997,258.674498,6229.521131999999,0.9616600745097376,0.7755102040816326,0.9233201490194749,4829.004045000001,,,,,,,,254,7262.242755999989,6875.07136399999,387.17139200000014,6487.899971999991,0.9466870765673426,0.7559055118110236,0.893374153134685,4829.004045000001,,,,,,,,548,10717.462999999987,8384.649028999987,2332.813971,6051.835057999994,0.7823352437979023,0.6824817518248175,0.5646704875958052,4829.004045000001,,,,,,,,1009,15141.54063099997,10200.18583999998,4941.354791,5258.831048999994,0.6736557453814621,0.5797819623389494,0.3473114907629246,4829.004045000001,,,,,,,,,,,,,60,,,
5m,300,btc-up-or-down-5m,btc-updown-5m,btc-updown-5m-1780800900,0x428bcd0ccc8c61417d72827358ce8d586373c1777356d3a0022a9373c4f4919d,1780800900,1780801200,2026-06-07T02:55:00Z,2026-06-07T03:00:00Z,True,61487.02881065902,61475.08564423671,gamma_finalPrice,,,,,,,,,Down,-11.943166422315699,11.943166422315699,1.942387956180654,46907.61045599986,0.01,0.51,0.52,2071,2071,0,ok,,,,,,,,63,986.7870300000003,877.4935320000003,109.29349800000003,768.2000340000003,0.8892430740602661,0.6507936507936508,0.7784861481205322,541.736363,,,,,,,,128,1547.2438859999988,1311.9055939999994,235.33829200000002,1076.567302,0.847898386201799,0.6484375,0.6957967724035982,541.736363,,,,,,,,172,1999.9246919999973,1528.6075049999984,471.317187,1057.2903179999994,0.7643325326771856,0.6686046511627907,0.5286650653543713,541.736363,,,,,,,,313,3275.127257999997,2286.7532859999983,988.3739719999999,1298.3793139999998,0.6982181472229072,0.65814696485623,0.3964362944458145,541.736363,,,,,,,,497,4558.036339999998,3113.543996,1444.4923439999982,1669.051651999999,0.6830888926172979,0.6398390342052314,0.36617778523459504,541.736363,,,,,,,,,,,,,60,,,
5m,300,btc-up-or-down-5m,btc-updown-5m,btc-updown-5m-1780801200,0x19669d57f114eb26668ec7ce7f495475d802b0a91bade8dde754d9a3e2f984d9,1780801200,1780801500,2026-06-07T03:00:00Z,2026-06-07T03:05:00Z,True,61475.08564423671,61417.18410507217,gamma_finalPrice,,,,,,,,,Down,-57.9015391645371,57.9015391645371,9.41870004047166,63831.998846000024,0.01,0.49,0.5,1707,1707,0,ok,,,,,,,,2,1.6665999999999999,0.0,1.6665999999999999,-1.6665999999999999,0.0,0.0,-1.0,-1.0,,,,,,,,7,104.3985,0.0,104.3985,-104.3985,0.0,0.0,-1.0,-101.51,,,,,,,,9,105.03849999999998,0.0,105.03849999999998,-105.03849999999998,0.0,0.0,-1.0,-101.51,,,,,,,,11,120.07759999999999,0.0,120.07759999999999,-120.07759999999999,0.0,0.0,-1.0,-101.51,,,,,,,,172,7342.429465999997,6349.2503679999945,993.1790979999998,5356.071269999998,0.8647342677789365,0.7441860465116279,0.7294685355578736,2970.9869879999997,,,,,,,,,,,,,60,,,
5m,300,btc-up-or-down-5m,btc-updown-5m,btc-updown-5m-1780801500,0xdcfeae97d498f234f5027cdffe2247fbaf58216a956707c7943660ced84a6af0,1780801500,1780801800,2026-06-07T03:05:00Z,2026-06-07T03:10:00Z,True,61417.18410507217,61453.656989590956,gamma_finalPrice,,,,,,,,,Up,36.47288451878558,36.47288451878558,5.938547175394426,48996.399179999964,0.99,0.76,0.77,2129,2129,0,ok,,,,,,,,43,3569.5580759999993,3521.0662759999996,48.4918,3472.574476,0.9864151811043402,0.8604651162790697,0.9728303622086805,2353.2183769999997,,,,,,,,95,5270.166036000003,5209.674236000003,60.4918,5149.182436000003,0.988521841705406,0.9263157894736842,0.9770436834108123,2353.2183769999997,,,,,,,,124,5591.863496000005,5519.595196000006,72.26830000000001,5447.326896000007,0.9870761687849328,0.9032258064516129,0.9741523375698657,2353.2183769999997,,,,,,,,208,6750.512870000003,6573.269374000002,177.24349600000002,6396.025878000002,0.9737436992694748,0.7884615384615384,0.9474873985389497,2353.2183769999997,,,,,,,,397,9495.948303000001,8940.679515000003,555.2687880000001,8385.41072700001,0.9415257149383833,0.7279596977329975,0.883051429876767,2353.2183769999997,,,,,,,,,,,,,60,,,
5m,300,btc-up-or-down-5m,btc-updown-5m,btc-updown-5m-1780801800,0x670d2d9603c23642b9a1fa948191c1618b64ab1026777bc343ddd91041404155,1780801800,1780802100,2026-06-07T03:10:00Z,2026-06-07T03:15:00Z,True,61453.656989590956,61500.776615951574,gamma_finalPrice,,,,,,,,,Up,47.119626360617985,47.119626360617985,7.667505673193562,55909.94646900005,0.99,0.5,0.51,2050,2050,0,ok,,,,,,,,1,2.1285,0.0,2.1285,-2.1285,0.0,0.0,-1.0,-2.1285,,,,,,,,1,2.1285,0.0,2.1285,-2.1285,0.0,0.0,-1.0,-2.1285,,,,,,,,5,22.3444,0.0,22.3444,-22.3444,0.0,0.0,-1.0,-10.3059,,,,,,,,108,8437.960492999995,7783.137195999997,654.8232970000001,7128.313898999997,0.9223955483622814,0.6574074074074074,0.8447910967245627,5256.777600999998,,,,,,,,352,11199.634202999981,9638.855623999989,1560.7785789999987,8078.077045000001,0.8606402181794548,0.6903409090909091,0.7212804363589101,5256.777600999998,,,,,,,,,,,,,60,,,
5m,300,btc-up-or-down-5m,btc-updown-5m,btc-updown-5m-1780802100,0xd414d61dfc29891f58c72c96805eaa24b5d22ef3e807518bfa0a5aa3f597076e,1780802100,1780802400,2026-06-07T03:15:00Z,2026-06-07T03:20:00Z,True,61500.776615951574,61733.27337794402,gamma_finalPrice,,,,,,,,,Up,232.49676199244277,232.49676199244277,37.80387415988169,67563.95576300009,0.99,0.38,0.39,2211,2211,0,ok,,,,,,,,1,4.9797,0.0,4.9797,-4.9797,0.0,0.0,-1.0,-4.9797,,,,,,,,1,4.9797,0.0,4.9797,-4.9797,0.0,0.0,-1.0,-4.9797,,,,,,,,8,19.4296,0.0,19.4296,-19.4296,0.0,0.0,-1.0,-12.8799,,,,,,,,12,26.6296,0.0,26.6296,-26.6296,0.0,0.0,-1.0,-12.8799,,,,,,,,136,5657.858513999993,4948.748813999993,709.1097,4239.639113999997,0.874668180859356,0.625,0.7493363617187127,2455.711437999999,,,,,,,,,,,,,60,,,
5m,300,btc-up-or-down-5m,btc-updown-5m,btc-updown-5m-1780802400,0x25d6571dde4fddca6a525d2e2579b45049494c8fa103fc7e5db4e868c7cf10f4,1780802400,1780802700,2026-06-07T03:20:00Z,2026-06-07T03:25:00Z,True,61733.27337794402,61597.670575,gamma_finalPrice,,,,,,,,,Down,-135.60280294402037,135.60280294402037,21.965918138478038,75942.66663600001,0.01,0.47,0.48,2751,2751,0,ok,,,,,,,,0,0.0,0.0,0.0,0.0,,,,0.0,,,,,,,,2,2.0,0.0,2.0,-2.0,0.0,0.0,-1.0,-1.0,,,,,,,,4,4.0,0.0,4.0,-4.0,0.0,0.0,-1.0,-2.0,,,,,,,,6,17.3452,0.0,17.3452,-17.3452,0.0,0.0,-1.0,-12.1275,,,,,,,,15,53.0991,0.0,53.0991,-53.0991,0.0,0.0,-1.0,-13.66,,,,,,,,,,,,,60,,,
5m,300,btc-up-or-down-5m,btc-updown-5m,btc-updown-5m-1780802700,0x50499c4fdfe377c074f38f70a637ea7a3196fecc1f948458d88a7124586fe0ca,1780802700,1780803000,2026-06-07T03:25:00Z,2026-06-07T03:30:00Z,True,61597.670575,61634.031761010825,gamma_finalPrice,,,,,,,,,Up,36.36118601082853,36.36118601082853,5.903013161277898,65356.2105959999,0.99,0.32,0.33,2434,2434,0,ok,,,,,,,,11,15.306500000000002,4.95,10.3565,-5.4064999999999985,0.32339202299676606,0.09090909090909091,-0.3532159540064677,-4.96,,,,,,,,38,213.027919,114.412419,98.6155,15.796918999999992,0.5370771095970759,0.2894736842105263,0.07415421919415169,43.216719,,,,,,,,166,7342.675730999995,6950.442531999996,392.2331990000002,6558.209332999999,0.9465817076268217,0.6204819277108434,0.8931634152536435,3679.137495,,,,,,,,337,10458.415873999982,9760.100480999985,698.3153930000001,9061.785088000002,0.9332293340202663,0.6617210682492581,0.8664586680405341,3679.137495,,,,,,,,542,13264.132062999977,11382.530006999987,1881.6020559999995,9500.92795100001,0.858143597555947,0.5996309963099631,0.7162871951118953,3679.137495,,,,,,,,,,,,,60,,,
5m,300,btc-up-or-down-5m,btc-updown-5m,btc-updown-5m-1780803000,0x6eeadb1b7a8db7e5e0e120479216195bf761def4f239c232d04cc74b9eef090f,1780803000,1780803300,2026-06-07T03:30:00Z,2026-06-07T03:35:00Z,True,61634.031761010825,61584.48528619408,gamma_finalPrice,,,,,,,,,Down,-49.546474816743284,49.546474816743284,8.03881774420702,56501.4759549999,0.01,0.48,0.49,2610,2610,0,ok,,,,,,,,2,16.5429,0.0,16.5429,-16.5429,0.0,0.0,-1.0,-14.9985,,,,,,,,14,101.7788,0.0,101.7788,-101.7788,0.0,0.0,-1.0,-41.6592,,,,,,,,131,5392.589844999997,5169.848650999998,222.74119399999998,4947.107457,0.9586949498474238,0.6641221374045801,0.9173898996948474,4370.068072999999,,,,,,,,407,7679.368675999984,6907.732724999993,771.6359509999999,6136.0967740000015,0.8995183089188629,0.6216216216216216,0.7990366178377258,4370.068072999999,,,,,,,,658,9332.101205999972,8323.368376999984,1008.7328289999998,7314.6355479999975,0.8919072128845501,0.6367781155015197,0.7838144257691004,4370.068072999999,,,,,,,,,,,,,60,,,
5m,300,btc-up-or-down-5m,btc-updown-5m,btc-updown-5m-1780803300,0x245f088c608650c6e906307ab63202ff2c10eb6c64a6d98a33457a907f392880,1780803300,1780803600,2026-06-07T03:35:00Z,2026-06-07T03:40:00Z,True,61584.48528619408,61558.22496934068,gamma_finalPrice,,,,,,,,,Down,-26.26031685340422,26.26031685340422,4.264112419121123,50792.57456299989,0.01,0.39,0.4,2013,2013,0,ok,,,,,,,,11,2552.2299,1791.207,761.0228999999998,1030.1841000000004,0.7018203963522253,0.2727272727272727,0.4036407927044505,1760.4873,,,,,,,,85,4690.325342999996,3920.0209430000004,770.3043999999999,3149.7165430000014,0.8357673842072332,0.8117647058823529,0.6715347684144657,1760.4873,,,,,,,,128,5589.711164999994,4515.388965,1074.3222,3441.0667650000005,0.8078036291522774,0.8046875,0.6156072583045539,1760.4873,,,,,,,,227,6945.654082999989,5696.719987999995,1248.9340949999996,4447.785892999996,0.8201848119593439,0.7929515418502202,0.6403696239186869,1760.4873,,,,,,,,581,10242.319170999961,7613.07593899999,2629.2432320000003,4983.832707000004,0.7432961043193818,0.6247848537005164,0.4865922086387619,1760.4873,,,,,,,,,,,,,60,,,
5m,300,btc-up-or-down-5m,btc-updown-5m,btc-updown-5m-1780803600,0x5781f17e8fb8e7f8716fee1f95131b82246ed9e5baa300dbc4b597f379588ec3,1780803600,1780803900,2026-06-07T03:40:00Z,2026-06-07T03:45:00Z,True,61558.22496934068,61635.33900467652,gamma_finalPrice,,,,,,,,,Up,77.11403533584235,77.11403533584235,12.527007621524062,47284.58960099996,0.99,0.49,0.5,1787,1787,0,ok,,,,,,,,1,1.0,0.0,1.0,-1.0,0.0,0.0,-1.0,-1.0,,,,,,,,2,1.9999,0.0,1.9999,-1.9999,0.0,0.0,-1.0,-1.0,,,,,,,,2,1.9999,0.0,1.9999,-1.9999,0.0,0.0,-1.0,-1.0,,,,,,,,7,67.9936,0.0,67.9936,-67.9936,0.0,0.0,-1.0,-38.61,,,,,,,,160,5812.357782999998,5462.287782999999,350.0700000000001,5112.217783,0.9397714295868219,0.73125,0.8795428591736439,1392.878076,,,,,,,,,,,,,60,,,
5m,300,btc-up-or-down-5m,btc-updown-5m,btc-updown-5m-1780803900,0xef04d2e103958f053b98550c635d5788b2391f745021ccb7a6815353a5e27d2e,1780803900,1780804200,2026-06-07T03:45:00Z,2026-06-07T03:50:00Z,True,61635.33900467652,61603.625710465094,gamma_finalPrice,,,,,,,,,Down,-31.71329421142582,31.71329421142582,5.145310259268567,52675.02785499997,0.01,0.26,0.27,1855,1855,0,ok,,,,,,,,4,58.2417,0.0,58.2417,-58.2417,0.0,0.0,-1.0,-41.976,,,,,,,,11,1430.6391,1337.0346,93.60450000000002,1243.4300999999998,0.9345715491768678,0.18181818181818182,0.8691430983537356,1306.9979999999998,,,,,,,,33,3526.392275999999,2771.393875999999,754.9984,2016.3954759999992,0.7859006199796927,0.6363636363636364,0.5718012399593856,1306.9979999999998,,,,,,,,145,6629.206615999993,5611.705819999994,1017.5007960000003,4594.205023999996,0.8465124327933603,0.7103448275862069,0.6930248655867209,1306.9979999999998,,,,,,,,373,9632.395197999982,8354.07370699999,1278.321490999999,7075.752216,0.8672893434370907,0.7184986595174263,0.7345786868741817,1306.9979999999998,,,,,,,,,,,,,60,,,
5m,300,btc-up-or-down-5m,btc-updown-5m,btc-updown-5m-1780804200,0x8a71c442756e87d0bd40b65ee278ce65393b565a5ae24a3706a781c9cd44a08e,1780804200,1780804500,2026-06-07T03:50:00Z,2026-06-07T03:55:00Z,True,61603.625710465094,61601.44106963537,gamma_finalPrice,,,,,,,,,Down,-2.1846408297205926,2.1846408297205926,0.3546286122814149,102888.89510499995,0.01,0.48,0.49,1894,1894,0,ok,,,,,,,,136,1761.99414,1419.8800560000004,342.11408400000005,1077.7659720000004,0.8058369910356231,0.6985294117647058,0.6116739820712459,713.8388759999999,,,,,,,,182,2068.393408999999,1535.3593450000005,533.0340640000003,1002.3252810000008,0.7422956089104427,0.6483516483516484,0.48459121782088477,713.8388759999999,,,,,,,,234,3022.281079000001,1858.2669270000001,1164.0141519999997,694.252775000001,0.614855759086066,0.6324786324786325,0.2297115181721325,713.8388759999999,,,,,,,,379,4498.078620999998,2504.2688060000005,1993.8098149999996,510.458991000001,0.5567418929292214,0.5514511873350924,0.11348378585844225,713.8388759999999,,,,,,,,576,6533.541342999993,3253.8769860000025,3279.6643569999997,-25.787370999999077,0.49802653954064163,0.515625,-0.0039469209187185375,713.8388759999999,,,,,,,,,,,,,60,,,
5m,300,btc-up-or-down-5m,btc-updown-5m,btc-updown-5m-1780804500,0xd10586ec08ceeaa7a7cb9311b23785ef311c158998dca3702accd052bb2a594c,1780804500,1780804800,2026-06-07T03:55:00Z,2026-06-07T04:00:00Z,True,61601.44106963537,61674.08578881075,gamma_finalPrice,,,,,,,,,Up,72.64471917537594,72.64471917537594,11.792698013875528,48157.63778699998,0.99,0.67,0.68,1730,1730,0,ok,,,,,,,,1,6.5934,0.0,6.5934,-6.5934,0.0,0.0,-1.0,-6.5934,,,,,,,,3,10.8095,0.0,10.8095,-10.8095,0.0,0.0,-1.0,-6.5934,,,,,,,,6,232.13409999999996,0.0,232.13409999999996,-232.13409999999996,0.0,0.0,-1.0,-219.06719999999999,,,,,,,,52,1283.748438,1028.718138,255.03029999999995,773.687838,0.8013393493219579,0.6923076923076923,0.6026786986439161,349.5689,,,,,,,,210,8288.85078799999,6137.2203879999915,2151.6304,3985.589988000002,0.7404187317360114,0.7285714285714285,0.4808374634720239,1190.4444889999997,,,,,,,,,,,,,60,,,
5m,300,btc-up-or-down-5m,btc-updown-5m,btc-updown-5m-1780804800,0xf12ae617b5cbfc5ad5ff262b27bd5e1f73aaa199969e314a6ca2e6c94e612468,1780804800,1780805100,2026-06-07T04:00:00Z,2026-06-07T04:05:00Z,True,61674.08578881075,61583.20123434189,gamma_finalPrice,,,,,,,,,Down,-90.88455446885928,90.88455446885928,14.736262938711944,47759.483647,0.01,0.49,0.5,1367,1367,0,ok,,,,,,,,3,5.4828,0.0,5.4828,-5.4828,0.0,0.0,-1.0,-5.4828,,,,,,,,3,5.4828,0.0,5.4828,-5.4828,0.0,0.0,-1.0,-5.4828,,,,,,,,5,6.2328,0.0,6.2328,-6.2328,0.0,0.0,-1.0,-5.4828,,,,,,,,18,823.6494,0.0,823.6494,-823.6494,0.0,0.0,-1.0,-786.2877,,,,,,,,23,827.2509,0.0,827.2509,-827.2509,0.0,0.0,-1.0,-786.2877,,,,,,,,,,,,,60,,,
5m,300,btc-up-or-down-5m,btc-updown-5m,btc-updown-5m-1780805100,0x58b0e605c91e000297cc73939d5d92aba0699e1f7b6effe20c44a204b96e50d8,1780805100,1780805400,2026-06-07T04:05:00Z,2026-06-07T04:10:00Z,True,61583.20123434189,61570.511863748274,gamma_finalPrice,,,,,,,,,Down,-12.689370593616331,12.689370593616331,2.060524678691127,63393.105889999955,0.01,0.41,0.42,2363,2363,0,ok,,,,,,,,118,1955.5223010000007,1889.0461020000007,66.476199,1822.5699030000007,0.9660059110724506,0.8983050847457628,0.9320118221449013,739.3861200000001,,,,,,,,174,2417.674149,2179.557455,238.11669400000002,1941.4407609999998,0.901510013622601,0.7873563218390804,0.8030200272452017,739.3861200000001,,,,,,,,214,2719.7167199999994,2346.634936999999,373.0817830000001,1973.5531540000002,0.8628232932288622,0.7570093457943925,0.7256465864577252,739.3861200000001,,,,,,,,423,4776.104579999996,3697.834827999996,1078.2697519999992,2619.565075999994,0.7742365700040846,0.6761229314420804,0.5484731400081688,739.3861200000001,,,,,,,,860,9512.030581999981,6054.544360999992,3457.486220999996,2597.058139999995,0.6365143918331447,0.5953488372093023,0.2730287836662887,739.3861200000001,,,,,,,,,,,,,60,,,
5m,300,btc-up-or-down-5m,btc-updown-5m,btc-updown-5m-1780805400,0xc4d9510beba00b64bdbec74e2889478b2399d747540696c9fab83f09cd00cf7d,1780805400,1780805700,2026-06-07T04:10:00Z,2026-06-07T04:15:00Z,True,61570.511863748274,61523.45092893973,gamma_finalPrice,,,,,,,,,Down,-47.06093480854179,47.06093480854179,7.643421076746076,48912.56873899977,0.01,0.49,0.5,1586,1586,0,ok,,,,,,,,1,0.25,0.0,0.25,-0.25,0.0,0.0,-1.0,-0.25,,,,,,,,1,0.25,0.0,0.25,-0.25,0.0,0.0,-1.0,-0.25,,,,,,,,2,0.45,0.0,0.45,-0.45,0.0,0.0,-1.0,-0.25,,,,,,,,14,253.06417000000005,153.40347000000003,99.6607,53.74277000000002,0.606184075762286,0.21428571428571427,0.21236815152457186,29.99997,,,,,,,,184,2539.9551469999988,2415.815646999999,124.13949999999998,2291.6761469999997,0.9511253180409017,0.8478260869565217,0.9022506360818036,549.589695,,,,,,,,,,,,,60,,,
5m,300,btc-up-or-down-5m,btc-updown-5m,btc-updown-5m-1780805700,0x4d7f4d7db7175b87a20a1d69e672541f3cede33986e798a524e3e61435632e82,1780805700,1780806000,2026-06-07T04:15:00Z,2026-06-07T04:20:00Z,True,61523.45092893973,61598.884975,gamma_finalPrice,,,,,,,,,Up,75.43404606026888,75.43404606026888,12.261023223062706,48858.14195299998,0.99,0.5,0.51,1804,1804,0,ok,,,,,,,,0,0.0,0.0,0.0,0.0,,,,0.0,,,,,,,,0,0.0,0.0,0.0,0.0,,,,0.0,,,,,,,,0,0.0,0.0,0.0,0.0,,,,0.0,,,,,,,,3,16.8318,0.0,16.8318,-16.8318,0.0,0.0,-1.0,-9.6327,,,,,,,,134,5630.247284999994,5488.043984999995,142.2033,5345.840684999995,0.9747429743665337,0.8283582089552238,0.9494859487330671,1909.343799,,,,,,,,,,,,,60,,,
5m,300,btc-up-or-down-5m,btc-updown-5m,btc-updown-5m-1780806000,0x7b1983a86abb4d5630ac005c71c87ebbfdee1eab1b9ae4f86aaded8a633ec1b5,1780806000,1780806300,2026-06-07T04:20:00Z,2026-06-07T04:25:00Z,True,61598.884975,61506.39971007967,gamma_finalPrice,,,,,,,,,Down,-92.48526492033125,92.48526492033125,15.014113479142768,41827.44668999995,0.01,0.5,0.51,1430,1430,0,ok,,,,,,,,0,0.0,0.0,0.0,0.0,,,,0.0,,,,,,,,0,0.0,0.0,0.0,0.0,,,,0.0,,,,,,,,1,4.7124,0.0,4.7124,-4.7124,0.0,0.0,-1.0,-4.7124,,,,,,,,2,10.2762,0.0,10.2762,-10.2762,0.0,0.0,-1.0,-5.5638,,,,,,,,52,1028.7684,940.2590000000001,88.5094,851.7496000000002,0.913965670018636,0.8076923076923077,0.827931340037272,420.603796,,,,,,,,,,,,,60,,,
5m,300,btc-up-or-down-5m,btc-updown-5m,btc-updown-5m-1780806300,0xf534c8555f0fd4f1e639f0fd4a6919338c26796d370bf1fd1fd992a564719c64,1780806300,1780806600,2026-06-07T04:25:00Z,2026-06-07T04:30:00Z,True,61506.39971007967,61528.994569999995,gamma_finalPrice,,,,,,,,,Up,22.59485992032569,22.59485992032569,3.6735786888568027,60897.80304299993,0.99,0.5,0.51,2411,2411,0,ok,,,,,,,,5,38.2734,0.0,38.2734,-38.2734,0.0,0.0,-1.0,-24.6114,,,,,,,,98,3812.3652619999984,3678.8847619999983,133.4805,3545.404261999998,0.9649874839301271,0.8469387755102041,0.9299749678602542,3064.8719159999987,,,,,,,,197,5959.017428999992,5662.957628999994,296.05979999999994,5366.897828999996,0.9503173461854295,0.868020304568528,0.9006346923708591,3064.8719159999987,,,,,,,,353,8105.279889999995,7100.126899999999,1005.1529899999998,6094.973910000003,0.8759878741213961,0.7903682719546742,0.7519757482427922,3064.8719159999987,,,,,,,,548,9989.242139999962,8123.860295999998,1865.3818439999973,6258.47845200001,0.8132609243167299,0.708029197080292,0.6265218486334574,3064.8719159999987,,,,,,,,,,,,,60,,,
5m,300,btc-up-or-down-5m,btc-updown-5m,btc-updown-5m-1780806600,0xa778188129d6699d2c65d4ce09f1b917bfbbed2f0badc63708410dbe029a2370,1780806600,1780806900,2026-06-07T04:30:00Z,2026-06-07T04:35:00Z,True,61528.994569999995,61620.09681641691,gamma_finalPrice,,,,,,,,,Up,91.10224641691457,91.10224641691457,14.806392832125645,51677.015055,0.99,0.5,0.51,1965,1965,0,ok,,,,,,,,1,10.097999999999999,0.0,10.097999999999999,-10.097999999999999,0.0,0.0,-1.0,-10.097999999999999,,,,,,,,1,10.097999999999999,0.0,10.097999999999999,-10.097999999999999,0.0,0.0,-1.0,-10.097999999999999,,,,,,,,2,10.222999999999999,0.0,10.222999999999999,-10.222999999999999,0.0,0.0,-1.0,-10.097999999999999,,,,,,,,14,316.3884,4.95,311.4384,-306.48839999999996,0.015645327072673968,0.07142857142857142,-0.968709345854652,-257.8754,,,,,,,,319,8510.99643999999,7026.546740999987,1484.4496989999998,5542.097041999994,0.825584500068243,0.7053291536050157,0.651169000136487,1371.7722260000003,,,,,,,,,,,,,60,,,
5m,300,btc-up-or-down-5m,btc-updown-5m,btc-updown-5m-1780806900,0x26afb278b0250d068c88aace9211677db5027627960edfc5ca2fcf7e97f6a995,1780806900,1780807200,2026-06-07T04:35:00Z,2026-06-07T04:40:00Z,True,61620.09681641691,61677.54306930979,gamma_finalPrice,,,,,,,,,Up,57.446252892877965,57.446252892877965,9.322648918262177,76733.97355199994,0.99,0.6,0.61,2212,2212,0,ok,,,,,,,,33,998.9808309999999,961.7335309999999,37.2473,924.4862309999999,0.9627146999780619,0.7878787878787878,0.9254293999561238,593.879231,,,,,,,,91,3464.0983309999997,3426.751031,37.347300000000004,3389.403731,0.9892187529245976,0.9120879120879121,0.9784375058491953,1145.9820920000002,,,,,,,,165,5005.489857999996,4934.260957999996,71.2289,4863.032057999997,0.9857698443068147,0.8727272727272727,0.9715396886136295,1145.9820920000002,,,,,,,,381,23613.920401000025,23357.32870100002,256.59169999999995,23100.737001000016,0.9891338796928807,0.8267716535433071,0.9782677593857615,6202.618236000001,,,,,,,,621,27900.725665000005,27209.82456700001,690.901098,26518.923469000016,0.9752371638538888,0.7906602254428341,0.9504743277077776,6202.618236000001,,,,,,,,,,,,,60,,,
5m,300,btc-up-or-down-5m,btc-updown-5m,btc-updown-5m-1780807200,0xce03e30dad5eeef8e1b27a447a94bade6f7fe8a2b0e0492ee1bd2c5b6cfb948d,1780807200,1780807500,2026-06-07T04:40:00Z,2026-06-07T04:45:00Z,True,61677.54306930979,61710.62957393612,gamma_finalPrice,,,,,,,,,Up,33.08650462633523,33.08650462633523,5.364432981572313,76822.29993699983,0.99,0.5,0.51,2500,2500,0,ok,,,,,,,,7,113.1377,0.0,113.1377,-113.1377,0.0,0.0,-1.0,-72.3596,,,,,,,,69,2094.0125229999994,1757.7634230000003,336.2491,1421.5143230000003,0.8394235486623214,0.7681159420289855,0.6788470973246423,667.7445510000002,,,,,,,,140,4565.387187999996,4139.655088999999,425.732099,3713.922990000001,0.9067478657409336,0.7857142857142857,0.813495731481867,1462.779583,,,,,,,,261,6341.1765569999925,5631.593164999998,709.583392,4922.009773000003,0.8880990955508582,0.7164750957854407,0.7761981911017163,1462.779583,,,,,,,,562,9247.633822999975,7582.730453999996,1664.9033689999994,5917.827085000002,0.8199643929608065,0.6014234875444839,0.6399287859216112,1462.779583,,,,,,,,,,,,,60,,,
5m,300,btc-up-or-down-5m,btc-updown-5m,btc-updown-5m-1780807500,0x57ea3352e82af17ebd25721aa0fbb99446345b1d2a4a3e348c53c1383a3c444c,1780807500,1780807800,2026-06-07T04:45:00Z,2026-06-07T04:50:00Z,True,61710.62957393612,61790.88665068228,gamma_finalPrice,,,,,,,,,Up,80.25707674615842,80.25707674615842,13.005389395679655,70719.90514899993,0.99,0.56,0.57,2468,2468,0,ok,,,,,,,,0,0.0,0.0,0.0,0.0,,,,0.0,,,,,,,,1,0.2,0.0,0.2,-0.2,0.0,0.0,-1.0,-0.2,,,,,,,,1,0.2,0.0,0.2,-0.2,0.0,0.0,-1.0,-0.2,,,,,,,,7,45.8194,0.0,45.8194,-45.8194,0.0,0.0,-1.0,-23.572000000000003,,,,,,,,148,5225.227150999998,4859.672750999997,365.5544,4494.118350999997,0.930040476818306,0.7027027027027027,0.8600809536366123,3667.3204579999992,,,,,,,,,,,,,60,,,
5m,300,btc-up-or-down-5m,btc-updown-5m,btc-updown-5m-1780807800,0x274c15faab59ba5436b2073025430de3a2a18a6509b68c756443149b72722200,1780807800,1780808100,2026-06-07T04:50:00Z,2026-06-07T04:55:00Z,True,61790.88665068228,61817.05147726561,gamma_finalPrice,,,,,,,,,Up,26.16482658332825,26.16482658332825,4.234415138148749,66202.56019799996,0.99,0.48,0.49,3071,3071,0,ok,,,,,,,,68,2296.0415779999994,2218.6840779999998,77.3575,2141.3265779999992,0.9663083191780076,0.7941176470588235,0.9326166383560149,1515.3186780000005,,,,,,,,148,3742.1560729999997,3644.4891740000003,97.66689900000002,3546.822275,0.9739009017542921,0.8378378378378378,0.947801803508584,1515.3186780000005,,,,,,,,230,4413.914459,4055.0780619999987,358.83639700000003,3696.2416649999986,0.9187033640245721,0.808695652173913,0.8374067280491443,1515.3186780000005,,,,,,,,359,5624.1771009999975,4931.404815999997,692.7722850000002,4238.632530999994,0.8768224626360319,0.7520891364902507,0.7536449252720635,1515.3186780000005,,,,,,,,684,8831.988090999987,6863.975641999991,1968.0124489999994,4895.963192999987,0.7771722030506983,0.6593567251461988,0.5543444061013957,1515.3186780000005,,,,,,,,,,,,,60,,,
5m,300,btc-up-or-down-5m,btc-updown-5m,btc-updown-5m-1780808100,0xbed668575d20395f7385c54c40e403358fd50ec380468a24415b6da75b2b3bcd,1780808100,1780808400,2026-06-07T04:55:00Z,2026-06-07T05:00:00Z,True,61817.05147726561,61862.27066,gamma_finalPrice,,,,,,,,,Up,45.219182734392234,45.219182734392234,7.315001549535639,61442.80851999991,0.99,0.66,0.67,2146,2146,0,ok,,,,,,,,3,6.130000000000001,0.0,6.130000000000001,-6.130000000000001,0.0,0.0,-1.0,-4.28,,,,,,,,4,6.743800000000001,0.0,6.743800000000001,-6.743800000000001,0.0,0.0,-1.0,-4.28,,,,,,,,4,6.743800000000001,0.0,6.743800000000001,-6.743800000000001,0.0,0.0,-1.0,-4.28,,,,,,,,14,483.23130000000003,0.0,483.23130000000003,-483.23130000000003,0.0,0.0,-1.0,-265.716,,,,,,,,358,8781.701960999988,7616.192564999992,1165.5093960000002,6450.683168999998,0.867279782304605,0.7849162011173184,0.7345595646092101,2961.069296999998,,,,,,,,,,,,,60,,,
5m,300,btc-up-or-down-5m,btc-updown-5m,btc-updown-5m-1780808400,0x120369a1adcb609cf414ebdf524af0e0a78ad03135c41d9a8a05bd45ced5dad4,1780808400,1780808700,2026-06-07T05:00:00Z,2026-06-07T05:05:00Z,True,61862.27066,61787.72746577584,gamma_finalPrice,,,,,,,,,Down,-74.54319422416302,74.54319422416302,12.049863903938862,62401.73979099998,0.01,0.48,0.49,1807,1807,0,ok,,,,,,,,0,0.0,0.0,0.0,0.0,,,,0.0,,,,,,,,0,0.0,0.0,0.0,0.0,,,,0.0,,,,,,,,2,1.2574,0.0,1.2574,-1.2574,0.0,0.0,-1.0,-1.2574,,,,,,,,8,12.6674,0.0,12.6674,-12.6674,0.0,0.0,-1.0,-5.0,,,,,,,,51,1544.4665519999996,380.63105200000007,1163.8355000000001,-783.204448,0.2464482325674866,0.37254901960784315,-0.507103534865027,-415.3842,,,,,,,,,,,,,60,,,
5m,300,btc-up-or-down-5m,btc-updown-5m,btc-updown-5m-1780808700,0xa79dee2e06767a05637fcff62638b26c01f581d89b3cbda074d0ad6fbfc3fe02,1780808700,1780809000,2026-06-07T05:05:00Z,2026-06-07T05:10:00Z,True,61787.72746577584,61784.21331728122,gamma_finalPrice,,,,,,,,,Down,-3.5141484946216224,3.5141484946216224,0.5687453866252171,89995.24498199992,0.01,0.69,0.7,2516,2516,0,ok,,,,,,,,152,2686.6859509999995,2220.4474649999984,466.238486,1754.2089789999993,0.8264633475950308,0.756578947368421,0.6529266951900623,622.6392169999999,,,,,,,,216,3105.890104,2268.9172629999985,836.9728410000005,1431.944422000002,0.7305207805253364,0.625,0.46104156105067456,622.6392169999999,,,,,,,,298,3907.890156999999,2374.807357999998,1533.082799,841.7245590000025,0.6076955243345645,0.5369127516778524,0.21539104866913042,622.6392169999999,,,,,,,,474,5586.147867999991,3064.455242,2521.6926260000005,542.7626160000027,0.5485811178673949,0.4957805907172996,0.09716223573478874,622.6392169999999,,,,,,,,789,9948.396494999972,5320.984987,4627.411507999999,693.5734790000024,0.5348585563185291,0.45627376425855515,0.06971711263705563,622.6392169999999,,,,,,,,,,,,,60,,,
5m,300,btc-up-or-down-5m,btc-updown-5m,btc-updown-5m-1780809000,0x3d64c69e32076d9c7c7d87346250df460c5a21e234042f3a6d20efdc3ff2166c,1780809000,1780809300,2026-06-07T05:10:00Z,2026-06-07T05:15:00Z,True,61784.21331728122,61855.81085111729,gamma_finalPrice,,,,,,,,,Up,71.59753383607313,71.59753383607313,11.588321675052727,60487.99904399995,0.99,0.5,0.51,1877,1877,0,ok,,,,,,,,1,9.0585,0.0,9.0585,-9.0585,0.0,0.0,-1.0,-9.0585,,,,,,,,1,9.0585,0.0,9.0585,-9.0585,0.0,0.0,-1.0,-9.0585,,,,,,,,2,10.0585,0.0,10.0585,-10.0585,0.0,0.0,-1.0,-9.0585,,,,,,,,11,308.46,0.0,308.46,-308.46,0.0,0.0,-1.0,-267.4015,,,,,,,,147,3888.8819610000005,1707.026664,2181.855296999999,-474.8286329999995,0.4389504955714956,0.4557823129251701,-0.12209900885700846,709.807003,,,,,,,,,,,,,60,,,
5m,300,btc-up-or-down-5m,btc-updown-5m,btc-updown-5m-1780809300,0xd55c0f61a04c36e8f279f663b7871578c503a0e042069442bf13f1621902f94a,1780809300,1780809600,2026-06-07T05:15:00Z,2026-06-07T05:20:00Z,True,61855.81085111729,61972.73003469619,gamma_finalPrice,,,,,,,,,Up,116.91918357890245,116.91918357890245,18.901891668725987,109479.60771599984,0.99,0.12,0.13,2844,2844,0,ok,,,,,,,,0,0.0,0.0,0.0,0.0,,,,0.0,,,,,,,,3,4.1185,0.0,4.1185,-4.1185,0.0,0.0,-1.0,-2.0196,,,,,,,,3,4.1185,0.0,4.1185,-4.1185,0.0,0.0,-1.0,-2.0196,,,,,,,,8,13.9519,0.0,13.9519,-13.9519,0.0,0.0,-1.0,-6.5934,,,,,,,,31,453.68850000000003,0.0,453.68850000000003,-453.68850000000003,0.0,0.0,-1.0,-299.0494,,,,,,,,,,,,,60,,,
5m,300,btc-up-or-down-5m,btc-updown-5m,btc-updown-5m-1780809600,0xea20a591e48164f2e429ef407b8a179837cfd0167123665f1d0644e0afeda951,1780809600,1780809900,2026-06-07T05:20:00Z,2026-06-07T05:25:00Z,True,61972.73003469619,61887.90828249148,gamma_finalPrice,,,,,,,,,Down,-84.82175220471254,84.82175220471254,13.686947816761347,68498.0689289999,0.01,0.5,0.51,1657,1657,0,ok,,,,,,,,3,4.7819,0.0,4.7819,-4.7819,0.0,0.0,-1.0,-3.7819,,,,,,,,4,9.7819,0.0,9.7819,-9.7819,0.0,0.0,-1.0,-5.0,,,,,,,,7,16.971899999999998,0.0,16.971899999999998,-16.971899999999998,0.0,0.0,-1.0,-5.9399999999999995,,,,,,,,13,18.5386,0.0,18.5386,-18.5386,0.0,0.0,-1.0,-5.9399999999999995,,,,,,,,58,498.451415,321.97791500000005,176.4735,145.50441500000002,0.6459564669908702,0.46551724137931033,0.2919129339817403,238.077953,,,,,,,,,,,,,60,,,
5m,300,btc-up-or-down-5m,btc-updown-5m,btc-updown-5m-1780809900,0x19d8c558f1c89058e0c49b3b7d0d887ee29398535a695561f6b97c178cb5cb79,1780809900,1780810200,2026-06-07T05:25:00Z,2026-06-07T05:30:00Z,True,61887.90828249148,61711.54391347281,gamma_finalPrice,,,,,,,,,Down,-176.36436901867273,176.36436901867273,28.497387278569153,45293.02589700001,0.01,0.3,0.31,1869,1869,0,ok,,,,,,,,0,0.0,0.0,0.0,0.0,,,,0.0,,,,,,,,0,0.0,0.0,0.0,0.0,,,,0.0,,,,,,,,0,0.0,0.0,0.0,0.0,,,,0.0,,,,,,,,0,0.0,0.0,0.0,0.0,,,,0.0,,,,,,,,32,3504.8170599999994,3473.5987599999994,31.218300000000003,3442.3804599999994,0.9910927447950736,0.625,0.9821854895901471,2102.100379,,,,,,,,,,,,,60,,,
5m,300,btc-up-or-down-5m,btc-updown-5m,btc-updown-5m-1780810200,0xb59388cb516e648d77b5ceace0db64c3da69b67f8162e169c81b0c5d4e708ab5,1780810200,1780810500,2026-06-07T05:30:00Z,2026-06-07T05:35:00Z,True,61711.54391347281,61706.53096374181,gamma_finalPrice,,,,,,,,,Down,-5.012949730997207,5.012949730997207,0.8123196104161614,81261.26435400006,0.01,0.5,0.51,2716,2716,0,ok,,,,,,,,86,1190.5850480000004,873.085262,317.499786,555.5854760000001,0.7333245646471446,0.4883720930232558,0.46664912929428953,372.862588,,,,,,,,138,1688.9921339999999,1132.4483529999998,556.5437810000001,575.9045719999997,0.6704876418329133,0.5144927536231884,0.3409752836658266,372.862588,,,,,,,,361,4212.850464999996,2369.3690169999977,1843.4814479999993,525.8875689999996,0.5624146968150221,0.3988919667590028,0.12482939363004429,372.862588,,,,,,,,448,4962.774162999989,2910.5797169999987,2052.1944459999995,858.3852709999998,0.5864824030679965,0.43080357142857145,0.17296480613599133,372.862588,,,,,,,,655,7064.278712999985,4413.7940729999955,2650.484640000001,1763.3094330000006,0.6248046336107244,0.46259541984732827,0.24960926722144808,424.073909,,,,,,,,,,,,,60,,,
5m,300,btc-up-or-down-5m,btc-updown-5m,btc-updown-5m-1780810500,0x84145a698bdd718934196457be3c73692e8f685c95e382e255653c4cdfd97668,1780810500,1780810800,2026-06-07T05:35:00Z,2026-06-07T05:40:00Z,True,61706.53096374181,61813.6984002453,gamma_finalPrice,,,,,,,,,Up,107.16743650349235,107.16743650349235,17.3672761747801,48034.214859999935,0.99,0.5,0.51,1990,1990,0,ok,,,,,,,,0,0.0,0.0,0.0,0.0,,,,0.0,,,,,,,,0,0.0,0.0,0.0,0.0,,,,0.0,,,,,,,,0,0.0,0.0,0.0,0.0,,,,0.0,,,,,,,,4,5.880699999999999,0.0,5.880699999999999,-5.880699999999999,0.0,0.0,-1.0,-4.8807,,,,,,,,22,874.6327,425.7,448.9327,-23.232700000000023,0.4867185962747562,0.09090909090909091,-0.026562807450487527,420.83910000000003,,,,,,,,,,,,,60,,,
5m,300,btc-up-or-down-5m,btc-updown-5m,btc-updown-5m-1780810800,0x5c8fd0627b6af6fb7de23d1bd3efa5d9f6b6e6ac789fd8d3aaa9bdcc4297c049,1780810800,1780811100,2026-06-07T05:40:00Z,2026-06-07T05:45:00Z,True,61813.6984002453,61839.70871594731,gamma_finalPrice,,,,,,,,,Up,26.010315702005755,26.010315702005755,4.207856247912604,117080.0511699999,0.99,0.5,0.51,3316,3316,0,ok,,,,,,,,231,6167.078959999996,5567.5084739999975,599.570486,4967.937987999997,0.9027788536698095,0.6796536796536796,0.8055577073396187,2194.1569489999993,,,,,,,,363,10530.005698999992,8471.803040999996,2058.2026579999992,6413.600382999997,0.8045392645708198,0.6005509641873278,0.6090785291416395,2194.1569489999993,,,,,,,,529,12984.766739999986,9544.469326999999,3440.297413000001,6104.171914000007,0.7350512733969997,0.5236294896030246,0.4701025467939991,2194.1569489999993,,,,,,,,856,18964.79872500001,13827.803000000004,5136.995725000002,8690.807275000001,0.7291299633869431,0.5070093457943925,0.4582599267738865,2706.946309000001,,,,,,,,1793,32130.847765000082,20962.417913999983,11168.429850999972,9793.988063000008,0.6524078688279805,0.4924707194645845,0.3048157376559648,2706.946309000001,,,,,,,,,,,,,60,,,
5m,300,btc-up-or-down-5m,btc-updown-5m,btc-updown-5m-1780811100,0x7ec145c5b383315f7c4d0981fcc06f374814cf0d7eb314d58ec699d6d62e52f1,1780811100,1780811400,2026-06-07T05:45:00Z,2026-06-07T05:50:00Z,True,61839.70871594731,61731.60189,gamma_finalPrice,,,,,,,,,Down,-108.10682594731043,108.10682594731043,17.48178123604772,56534.85036699991,0.01,0.18,0.19,1836,1836,0,ok,,,,,,,,1,2.9502,0.0,2.9502,-2.9502,0.0,0.0,-1.0,-2.9502,,,,,,,,1,2.9502,0.0,2.9502,-2.9502,0.0,0.0,-1.0,-2.9502,,,,,,,,4,5.950200000000001,0.0,5.950200000000001,-5.950200000000001,0.0,0.0,-1.0,-3.0,,,,,,,,54,1864.3521470000007,1831.8317470000004,32.5204,1799.3113470000005,0.9825567288603013,0.7037037037037037,0.965113457720603,724.3516420000002,,,,,,,,202,7052.460668999991,6573.168868999992,479.2917999999999,6093.877068999994,0.9320390679941274,0.7128712871287128,0.864078135988255,2040.7856969999998,,,,,,,,,,,,,60,,,
5m,300,btc-up-or-down-5m,btc-updown-5m,btc-updown-5m-1780811400,0xacea81fff8470fad7dc6c8382035eefb3564e904872bcb2a74a3b64b6cc0ee1d,1780811400,1780811700,2026-06-07T05:50:00Z,2026-06-07T05:55:00Z,True,61731.60189,61734.562031160924,gamma_finalPrice,,,,,,,,,Up,2.9601411609255592,2.9601411609255592,0.47951795681574194,138863.1497179997,0.99,0.5,0.51,3352,3352,0,truncated_http_400_at_offset_3500,,,,,,,,61,928.9444850000003,779.8402900000003,149.10419499999998,630.7360950000001,0.8394907366288956,0.639344262295082,0.6789814732577909,461.084173,,,,,,,,269,3816.988704000006,3282.361334000003,534.6273700000002,2747.7339640000005,0.859934778051677,0.5576208178438662,0.7198695561033539,1347.154853,,,,,,,,505,6345.772525999999,4708.171900000004,1637.6006259999983,3070.571273999992,0.7419383346487143,0.4613861386138614,0.48387666929742584,1347.154853,,,,,,,,1272,23469.87920899993,15014.59552100001,8455.283687999978,6559.311833000006,0.6397389346274268,0.47562893081761004,0.2794778692548501,1550.012287,,,,,,,,2158,29000.865706999957,17060.524963000076,11940.340743999957,5120.18421899998,0.5882764030344848,0.5366079703429101,0.1765528060689622,1550.012287,,,,,,,,,,,,,60,,,
5m,300,btc-up-or-down-5m,btc-updown-5m,btc-updown-5m-1780811700,0x8c7a864117167c01ca605d35f6e5972564cf11e4fe84f5d1dff8f857ad6517f2,1780811700,1780812000,2026-06-07T05:55:00Z,2026-06-07T06:00:00Z,True,61734.562031160924,61719.037536211734,gamma_finalPrice,,,,,,,,,Down,-15.52449494918983,15.52449494918983,2.514716949211325,87062.16212899973,0.01,0.5,0.51,3412,3412,0,truncated_http_400_at_offset_3500,,,,,,,,93,1319.9075609999984,1272.084465999999,47.823095,1224.2613709999991,0.9637678452544304,0.8709677419354839,0.9275356905088603,605.09122,,,,,,,,152,1772.8326289999982,1605.1366369999994,167.69599200000002,1437.440645,0.9054078826975387,0.8223684210526315,0.8108157653950769,605.09122,,,,,,,,232,2310.0567799999976,1963.5475989999982,346.50918099999996,1617.0384179999992,0.8499997125611779,0.7586206896551724,0.699999425122356,605.09122,,,,,,,,389,4037.5281469999986,3284.690183999998,752.8379630000002,2531.852220999996,0.8135398849022561,0.6812339331619537,0.6270797698045117,605.09122,,,,,,,,701,7331.692494999998,5477.507759999992,1854.1847349999978,3623.323024999991,0.7471000405070853,0.6704707560627675,0.49420008101417134,605.09122,,,,,,,,,,,,,60,,,
5m,300,btc-up-or-down-5m,btc-updown-5m,btc-updown-5m-1780812000,0xb5fb7aef5740be6e5332a386635b6162de431cf48b88117685503c2e21ac9738,1780812000,1780812300,2026-06-07T06:00:00Z,2026-06-07T06:05:00Z,True,61719.037536211734,61599.3924103339,gamma_finalPrice,,,,,,,,,Down,-119.64512587783247,119.64512587783247,19.385449069524846,45610.954732,0.01,0.5,0.51,1924,1924,0,ok,,,,,,,,0,0.0,0.0,0.0,0.0,,,,0.0,,,,,,,,2,0.6719999999999999,0.0,0.6719999999999999,-0.6719999999999999,0.0,0.0,-1.0,-0.33799999999999997,,,,,,,,2,0.6719999999999999,0.0,0.6719999999999999,-0.6719999999999999,0.0,0.0,-1.0,-0.33799999999999997,,,,,,,,3,2.6916,0.0,2.6916,-2.6916,0.0,0.0,-1.0,-2.0196,,,,,,,,93,3335.4167579999985,3127.4950579999986,207.9217,2919.573357999998,0.9376624526751268,0.8494623655913979,0.8753249053502534,1502.9699850000004,,,,,,,,,,,,,60,,,
5m,300,btc-up-or-down-5m,btc-updown-5m,btc-updown-5m-1780812300,0xe618a03e5f55ee5e3a3c0b34697cc78233a8f2b8ae286da86b138f9a45a8e7dc,1780812300,1780812600,2026-06-07T06:05:00Z,2026-06-07T06:10:00Z,True,61599.3924103339,61664.524485757,gamma_finalPrice,,,,,,,,,Up,65.13207542309829,65.13207542309829,10.573493158703906,50241.12871799993,0.99,0.6,0.61,1866,1866,0,ok,,,,,,,,0,0.0,0.0,0.0,0.0,,,,0.0,,,,,,,,0,0.0,0.0,0.0,0.0,,,,0.0,,,,,,,,0,0.0,0.0,0.0,0.0,,,,0.0,,,,,,,,2,107.2269,0.0,107.2269,-107.2269,0.0,0.0,-1.0,-105.1281,,,,,,,,198,5949.257971999996,5507.007773999996,442.2501980000002,5064.757576,0.9256629650148914,0.7878787878787878,0.8513259300297835,1939.0113260000003,,,,,,,,,,,,,60,,,
5m,300,btc-up-or-down-5m,btc-updown-5m,btc-updown-5m-1780812600,0x3c7fb2030ef9a9e6c2c08f329c29f9dd8e184c8f4742175478c7f2d32025d9ea,1780812600,1780812900,2026-06-07T06:10:00Z,2026-06-07T06:15:00Z,True,61664.524485757,61650.298503312166,gamma_finalPrice,,,,,,,,,Down,-14.22598244483379,14.22598244483379,2.3069962127283805,88526.41093999983,0.01,0.51,0.52,2679,2679,0,ok,,,,,,,,191,4941.523123,4790.816723,150.7064,4640.110323000001,0.9695020348486185,0.8272251308900523,0.9390040696972372,2252.319668,,,,,,,,321,7305.160802999986,6626.953913999991,678.2068889999999,5948.747024999996,0.9071605804048176,0.7663551401869159,0.8143211608096352,2252.319668,,,,,,,,398,9964.14855999998,7757.082179999989,2207.066380000001,5550.015800000001,0.7784992499148372,0.7010050251256281,0.5569984998296746,2252.319668,,,,,,,,800,19464.831059999957,14913.153693000004,4551.677367000003,10361.476326000025,0.7661589071608432,0.62125,0.5323178143216851,2395.592326,,,,,,,,1193,23913.494434999895,17074.782263999994,6838.712171000005,10236.070093000035,0.7140228840419603,0.5683151718357083,0.42804576808391825,2395.592326,,,,,,,,,,,,,60,,,
5m,300,btc-up-or-down-5m,btc-updown-5m,btc-updown-5m-1780812900,0xcf036aae52b6a35126c0c485b3e16a80ceea7144d60dc4145773bce7d992ac6b,1780812900,1780813200,2026-06-07T06:15:00Z,2026-06-07T06:20:00Z,True,61650.298503312166,61809.871481902424,gamma_finalPrice,,,,,,,,,Up,159.57297859025857,159.57297859025857,25.883569498318895,94444.02318699981,0.99,0.58,0.59,3027,3027,0,ok,,,,,,,,0,0.0,0.0,0.0,0.0,,,,0.0,,,,,,,,1,5.0,0.0,5.0,-5.0,0.0,0.0,-1.0,-5.0,,,,,,,,2,20.2262,0.0,20.2262,-20.2262,0.0,0.0,-1.0,-15.2262,,,,,,,,9,234.7112,0.0,234.7112,-234.7112,0.0,0.0,-1.0,-106.06,,,,,,,,175,5447.947653999988,5185.060353999988,262.8873,4922.173053999989,0.9517456266660377,0.8742857142857143,0.9034912533320755,1725.884498,,,,,,,,,,,,,60,,,
5m,300,btc-up-or-down-5m,btc-updown-5m,btc-updown-5m-1780813200,0x3a5069a862b922fb4cc349a1a0e46c750af235c874694bf7812da88fd11a4c6f,1780813200,1780813500,2026-06-07T06:20:00Z,2026-06-07T06:25:00Z,True,61809.871481902424,61847.01207002168,gamma_finalPrice,,,,,,,,,Up,37.14058811925497,37.14058811925497,6.00884409379973,64506.403989999926,0.99,0.5,0.51,2962,2962,0,ok,,,,,,,,19,2603.9634940000005,2441.143094,162.8204,2278.3226939999995,0.937472088078359,0.42105263157894735,0.874944176156718,2334.5002939999995,,,,,,,,73,3616.9364619999988,3431.0406619999985,185.8958,3245.1448619999983,0.9486040736537549,0.7945205479452054,0.8972081473075099,2334.5002939999995,,,,,,,,147,5115.530427999998,4712.239728,403.29069999999996,4308.949028,0.9211634637548873,0.7891156462585034,0.8423269275097744,2334.5002939999995,,,,,,,,309,6877.418568999993,6112.847175999997,764.571393,5348.275782999999,0.8888287247127422,0.7540453074433657,0.7776574494254843,2334.5002939999995,,,,,,,,654,10810.203579999972,8855.132308999984,1955.0712709999993,6900.061037999996,0.8191457490572076,0.7186544342507645,0.6382914981144151,2334.5002939999995,,,,,,,,,,,,,60,,,
5m,300,btc-up-or-down-5m,btc-updown-5m,btc-updown-5m-1780813500,0x4c2cea83ffb5d9fcbebf2fcffad948f81655683be5a24c7eba0ead1520b8e022,1780813500,1780813800,2026-06-07T06:25:00Z,2026-06-07T06:30:00Z,True,61847.01207002168,61942.80678869073,gamma_finalPrice,,,,,,,,,Up,95.79471866905078,95.79471866905078,15.488980867918784,64676.78707199995,0.99,0.28,0.29,2620,2620,0,ok,,,,,,,,0,0.0,0.0,0.0,0.0,,,,0.0,,,,,,,,2,2.49,0.0,2.49,-2.49,0.0,0.0,-1.0,-1.49,,,,,,,,6,4.29,0.0,4.29,-4.29,0.0,0.0,-1.0,-1.75,,,,,,,,17,222.6624,0.0,222.6624,-222.6624,0.0,0.0,-1.0,-101.3023,,,,,,,,138,3873.5676139999937,2932.0244139999945,941.5432,1990.4812140000015,0.7569312598037431,0.6231884057971014,0.5138625196074879,2098.369473,,,,,,,,,,,,,60,,,
5m,300,btc-up-or-down-5m,btc-updown-5m,btc-updown-5m-1780813800,0x41fc14a3669ed2336fd5e1bfccb728f544e48226af1c0edf6ca07e97f091edae,1780813800,1780814100,2026-06-07T06:30:00Z,2026-06-07T06:35:00Z,True,61942.80678869073,62116.99900244178,gamma_finalPrice,,,,,,,,,Up,174.19221375104826,174.19221375104826,28.121459582107857,64137.03699600002,0.99,0.48,0.5,2453,2453,0,ok,,,,,,,,0,0.0,0.0,0.0,0.0,,,,0.0,,,,,,,,1,232.9371,0.0,232.9371,-232.9371,0.0,0.0,-1.0,-232.9371,,,,,,,,2,232.96329999999998,0.0,232.96329999999998,-232.96329999999998,0.0,0.0,-1.0,-232.9371,,,,,,,,4,456.67359999999996,0.0,456.67359999999996,-456.67359999999996,0.0,0.0,-1.0,-232.9371,,,,,,,,9,468.18859999999995,0.0,468.18859999999995,-468.18859999999995,0.0,0.0,-1.0,-232.9371,,,,,,,,,,,,,60,,,
5m,300,btc-up-or-down-5m,btc-updown-5m,btc-updown-5m-1780814100,0x978bddfa84f69586927d0af11884106fc8d4e40c765512cdeb92f183a75690ee,1780814100,1780814400,2026-06-07T06:35:00Z,2026-06-07T06:40:00Z,True,62116.99900244178,62174.11287935045,gamma_finalPrice,,,,,,,,,Up,57.11387690866832,57.11387690866832,9.19456474489748,103825.73710100008,0.99,0.79,0.8,3438,3438,0,truncated_http_400_at_offset_3500,,,,,,,,174,4713.018885999999,3653.345897000001,1059.6729890000001,2593.672908000001,0.7751604619816501,0.7126436781609196,0.5503209239632997,1727.9259720000005,,,,,,,,236,5277.654552999997,3894.3996730000026,1383.2548799999993,2511.144793000002,0.7379034822933408,0.6694915254237288,0.4758069645866804,1727.9259720000005,,,,,,,,292,5744.866925999991,4005.4943630000025,1739.3725629999985,2266.1218000000017,0.6972301385906826,0.5856164383561644,0.3944602771813631,1727.9259720000005,,,,,,,,549,7718.485334999979,5003.574219000002,2714.9111160000007,2288.663103000001,0.6482585639323515,0.5482695810564663,0.2965171278647,1727.9259720000005,,,,,,,,998,10702.461089999948,5883.181581000002,4819.279508999998,1063.9020720000003,0.549703617843289,0.47695390781563124,0.09940723568657286,1727.9259720000005,,,,,,,,,,,,,60,,,
5m,300,btc-up-or-down-5m,btc-updown-5m,btc-updown-5m-1780814400,0x41bcd0fb6783b46ce3e2918e81a6e246635a126ba0f928b2fd81705d8b15efdd,1780814400,1780814700,2026-06-07T06:40:00Z,2026-06-07T06:45:00Z,True,62174.11287935045,62170.77303261378,gamma_finalPrice,,,,,,,,,Down,-3.3398467366641853,3.3398467366641853,0.5371764198944333,76605.16412999993,0.01,0.46,0.48,2982,2982,0,ok,,,,,,,,139,1887.27194,1540.9229470000002,346.34899299999995,1194.5739540000004,0.8164816708926431,0.5611510791366906,0.6329633417852863,682.4063750000001,,,,,,,,346,4523.7987969999995,3556.3769269999957,967.4218699999997,2588.9550569999974,0.7861483427066741,0.6271676300578035,0.5722966854133494,802.2605540000002,,,,,,,,401,4851.800421999996,3863.2474559999973,988.5529659999997,2874.6944899999985,0.7962502823657985,0.6608478802992519,0.5925005647315971,802.2605540000002,,,,,,,,513,6011.56256499999,4630.592605999994,1380.969959,3249.622646999996,0.7702810302532386,0.6666666666666666,0.5405620605064769,802.2605540000002,,,,,,,,699,8091.858387999976,5545.8417729999865,2546.016615000001,2999.825157999994,0.6853607054251384,0.6351931330472103,0.3707214108502764,802.2605540000002,,,,,,,,,,,,,60,,,
5m,300,btc-up-or-down-5m,btc-updown-5m,btc-updown-5m-1780814700,0x9a2679d5f89d9d3d1b5659895a64672f5aad4b6c5228f2e72308c5bd796b2a15,1780814700,1780815000,2026-06-07T06:45:00Z,2026-06-07T06:50:00Z,True,62170.77303261378,62097.032075,gamma_finalPrice,,,,,,,,,Down,-73.74095761377976,73.74095761377976,11.861032767776017,69757.98827399993,0.01,0.19,0.2,2279,2279,0,ok,,,,,,,,0,0.0,0.0,0.0,0.0,,,,0.0,,,,,,,,3,77.10730000000001,0.0,77.10730000000001,-77.10730000000001,0.0,0.0,-1.0,-77.10730000000001,,,,,,,,4,89.5318,0.0,89.5318,-89.5318,0.0,0.0,-1.0,-77.10730000000001,,,,,,,,17,304.3818,0.0,304.3818,-304.3818,0.0,0.0,-1.0,-98.5644,,,,,,,,234,6857.777549999999,6250.730655000002,607.046895,5643.6837600000035,0.9114805211201409,0.7435897435897436,0.8229610422402815,1437.3904420000001,,,,,,,,,,,,,60,,,
5m,300,btc-up-or-down-5m,btc-updown-5m,btc-updown-5m-1780815000,0x1d2702548cde31e414e0a4ea92b6d8f5852b50999234d7c1c67c5d0a16a95b54,1780815000,1780815300,2026-06-07T06:50:00Z,2026-06-07T06:55:00Z,True,62097.032075,62037.87322,gamma_finalPrice,,,,,,,,,Down,-59.158855000001495,59.158855000001495,9.526840981473992,50800.76821599998,0.01,0.47,0.48,2132,2132,0,ok,,,,,,,,1,1.0,0.0,1.0,-1.0,0.0,0.0,-1.0,-1.0,,,,,,,,2,3.0,0.0,3.0,-3.0,0.0,0.0,-1.0,-2.0,,,,,,,,5,9.0415,0.0,9.0415,-9.0415,0.0,0.0,-1.0,-3.96,,,,,,,,18,38.986799999999995,0.0,38.986799999999995,-38.986799999999995,0.0,0.0,-1.0,-11.437000000000001,,,,,,,,201,7144.789003999997,6381.081105999998,763.707898,5617.373208000001,0.893109803862306,0.6567164179104478,0.7862196077246123,2354.295779,,,,,,,,,,,,,60,,,
5m,300,btc-up-or-down-5m,btc-updown-5m,btc-updown-5m-1780815300,0xc0b4eca4fcaf84b08f44124652fea0a220184c87321d41686810536e947e394a,1780815300,1780815600,2026-06-07T06:55:00Z,2026-06-07T07:00:00Z,True,62037.87322,62075.776048716674,gamma_finalPrice,,,,,,,,,Up,37.90282871667296,37.90282871667296,6.10962735332031,45247.692873,0.99,0.55,0.56,1632,1632,0,ok,,,,,,,,1,1.49,0.0,1.49,-1.49,0.0,0.0,-1.0,-1.49,,,,,,,,14,10.616999999999999,0.0,10.616999999999999,-10.616999999999999,0.0,0.0,-1.0,-7.146999999999999,,,,,,,,28,56.7209,0.0,56.7209,-56.7209,0.0,0.0,-1.0,-30.3039,,,,,,,,33,60.6646,0.0,60.6646,-60.6646,0.0,0.0,-1.0,-30.3039,,,,,,,,52,1008.847,0.0,1008.847,-1008.847,0.0,0.0,-1.0,-639.0054,,,,,,,,,,,,,60,,,
5m,300,btc-up-or-down-5m,btc-updown-5m,btc-updown-5m-1780815600,0x35fa80dbef4185d6888028466d6e620713e9f926e8d240562941f962ea4e9a2d,1780815600,1780815900,2026-06-07T07:00:00Z,2026-06-07T07:05:00Z,True,62075.776048716674,62121.14379,gamma_finalPrice,,,,,,,,,Up,45.36774128332763,45.36774128332763,7.30844528592334,83087.165092,0.99,0.48,0.5,2957,2957,0,ok,,,,,,,,4,252.1759,0.0,252.1759,-252.1759,0.0,0.0,-1.0,-249.3909,,,,,,,,4,252.1759,0.0,252.1759,-252.1759,0.0,0.0,-1.0,-249.3909,,,,,,,,9,316.1596,0.0,316.1596,-316.1596,0.0,0.0,-1.0,-249.3909,,,,,,,,128,5230.481892999992,4420.264996,810.216897,3610.048099000001,0.8450970840594413,0.625,0.6901941681188813,2643.7343,,,,,,,,572,12617.987669000006,10116.182294999999,2501.8053740000005,7614.376920999996,0.8017270709380652,0.5646853146853147,0.6034541418761307,2643.7343,,,,,,,,,,,,,60,,,
5m,300,btc-up-or-down-5m,btc-updown-5m,btc-updown-5m-1780815900,0x557b4f3371c0c5811b0bfdd16fcb8af04a9f1351fe6b6c3e9507c20be1ce9472,1780815900,1780816200,2026-06-07T07:05:00Z,2026-06-07T07:10:00Z,True,62121.14379,62164.921494999995,gamma_finalPrice,,,,,,,,,Up,43.77770499999315,43.77770499999315,7.047150507721382,76694.99877000005,0.99,0.41,0.42,2602,2602,0,ok,,,,,,,,3,76.7944,0.0,76.7944,-76.7944,0.0,0.0,-1.0,-76.7944,,,,,,,,74,2774.3579189999987,2399.533418999999,374.8245,2024.7089190000002,0.864896847867739,0.7972972972972973,0.7297936957354785,836.3530959999998,,,,,,,,148,4713.306513999994,4283.643513999997,429.66299999999995,3853.980514,0.9088404289592107,0.831081081081081,0.8176808579184215,1369.5861450000002,,,,,,,,290,6648.285989999991,5968.777695999995,679.5082939999999,5289.269401999998,0.8977919579539632,0.803448275862069,0.7955839159079264,1369.5861450000002,,,,,,,,547,9418.323897999991,7655.211224999998,1763.112672999999,5892.098552,0.8127997410054675,0.7769652650822669,0.6255994820109345,1369.5861450000002,,,,,,,,,,,,,60,,,
5m,300,btc-up-or-down-5m,btc-updown-5m,btc-updown-5m-1780816200,0xbafba88e0d35fdb1eb4eff7101cad1b6f2acbfeb3e88101f467d843dab3940bd,1780816200,1780816500,2026-06-07T07:10:00Z,2026-06-07T07:15:00Z,True,62164.921494999995,62107.48448729891,gamma_finalPrice,,,,,,,,,Down,-57.43700770108262,57.43700770108262,9.239456323563822,44046.26035,0.01,0.48,0.49,1501,1501,0,ok,,,,,,,,2,6.1583,0.0,6.1583,-6.1583,0.0,0.0,-1.0,-6.1583,,,,,,,,2,6.1583,0.0,6.1583,-6.1583,0.0,0.0,-1.0,-6.1583,,,,,,,,2,6.1583,0.0,6.1583,-6.1583,0.0,0.0,-1.0,-6.1583,,,,,,,,24,3957.6055659999997,3885.7830659999995,71.8225,3813.9605659999993,0.9818520317898703,0.3333333333333333,0.9637040635797407,3844.36107,,,,,,,,124,5006.670957999991,4689.660657999993,317.01030000000003,4372.650357999998,0.9366824177863222,0.6612903225806451,0.8733648355726449,3844.36107,,,,,,,,,,,,,60,,,
5m,300,btc-up-or-down-5m,btc-updown-5m,btc-updown-5m-1780816500,0x9ab5ad4de60e3f862da73e6beeaa6821597356c6b32506126ceef82d27a38194,1780816500,1780816800,2026-06-07T07:15:00Z,2026-06-07T07:20:00Z,True,62107.48448729891,62116.06615774041,gamma_finalPrice,,,,,,,,,Up,8.581670441497408,8.581670441497408,1.3817449720174022,122558.41817999989,0.99,0.61,0.62,3082,3082,0,ok,,,,,,,,158,7425.559735,1394.6033009999996,6030.956434,-4636.353133,0.18781120222178102,0.4620253164556962,-0.6243775955564378,-4022.2914869999995,,,,,,,,230,8603.993367999998,1666.9784009999994,6937.014967000002,-5270.036566000005,0.19374473336995252,0.43478260869565216,-0.6125105332600956,-4022.2914869999995,,,,,,,,282,9246.497321999997,1821.0340009999995,7425.463321000001,-5604.429320000004,0.1969431166834658,0.4078014184397163,-0.606113766633069,-4022.2914869999995,,,,,,,,386,16551.318754999986,2485.2037990000003,14066.114955999996,-11580.911156999997,0.15015140701397256,0.4119170984455959,-0.6996971859720557,-5080.877609999999,,,,,,,,735,20638.169157999928,3054.002081999997,17584.167075999954,-14530.16499399998,0.14797834336076177,0.4326530612244898,-0.7040433132784787,-5080.877609999999,,,,,,,,,,,,,60,,,
5m,300,btc-up-or-down-5m,btc-updown-5m,btc-updown-5m-1780816800,0xe5ee8e054185449c015bc591fa5a6dbda613ea9c3f98b94e207d603b6a5bcab0,1780816800,1780817100,2026-06-07T07:20:00Z,2026-06-07T07:25:00Z,True,62116.06615774041,62179.270071750405,gamma_finalPrice,,,,,,,,,Up,63.20391400999506,63.20391400999506,10.175131478785556,63977.473325000065,0.99,0.49,0.5,2378,2378,0,ok,,,,,,,,8,52.9849,0.0,52.9849,-52.9849,0.0,0.0,-1.0,-49.9455,,,,,,,,59,3417.8941839999975,3033.6043839999998,384.2897999999999,2649.3145839999993,0.8875653313672047,0.576271186440678,0.7751306627344088,2611.5126,,,,,,,,125,4595.649308999996,4145.259309,450.38999999999993,3694.8693089999997,0.901996438431896,0.712,0.803992876863791,2611.5126,,,,,,,,397,9678.106917999967,8090.876632999992,1587.2302849999999,6503.646348000001,0.8359978559393736,0.7355163727959698,0.6719957118787457,2611.5126,,,,,,,,769,15618.833472999975,12662.825821,2956.007651999999,9706.818169000007,0.810740817673101,0.6749024707412223,0.6214816353462009,2611.5126,,,,,,,,,,,,,60,,,
5m,300,btc-up-or-down-5m,btc-updown-5m,btc-updown-5m-1780817100,0x4e3de6a73d0603f2a58b3a906ae883e02ea0871b9da8c611c6b9ff447300b322,1780817100,1780817400,2026-06-07T07:25:00Z,2026-06-07T07:30:00Z,True,62179.270071750405,62202.669357980776,gamma_finalPrice,,,,,,,,,Up,23.399286230371217,23.399286230371217,3.763197316946649,63781.43363799985,0.99,0.69,0.7,2391,2391,0,ok,,,,,,,,88,2773.5476270000013,2755.5582280000012,17.989399,2737.568829000001,0.9935139390342981,0.9318181818181818,0.987027878068596,1342.2758820000008,,,,,,,,134,3793.3349870000015,3712.587689000002,80.74729800000001,3631.840391000002,0.97871337536054,0.8507462686567164,0.9574267507210801,1342.2758820000008,,,,,,,,203,4491.989052999998,4365.338360999998,126.65069200000002,4238.687668999997,0.9718052091165681,0.8078817733990148,0.9436104182331361,1342.2758820000008,,,,,,,,369,6955.704892999995,5521.945411999998,1433.7594809999996,4088.1859309999954,0.7938728708224975,0.7560975609756098,0.587745741644994,1342.2758820000008,,,,,,,,723,11243.901398999975,7544.067507999993,3699.833890999998,3844.233616999992,0.6709474976960361,0.6473029045643154,0.3418949953920706,1342.2758820000008,,,,,,,,,,,,,60,,,
5m,300,btc-up-or-down-5m,btc-updown-5m,btc-updown-5m-1780817400,0x6844d971608bec5b48b4556976a9af81968855024220373006ba58a78ab5e20c,1780817400,1780817700,2026-06-07T07:30:00Z,2026-06-07T07:35:00Z,True,62202.669357980776,62189.289105,gamma_finalPrice,,,,,,,,,Down,-13.380252980772639,13.380252980772639,2.1510737591932485,93732.96909299999,0.01,0.49,0.5,2543,2543,0,ok,,,,,,,,145,5106.617394999996,882.187293,4224.430101999998,-3342.242809,0.17275374768898283,0.25517241379310346,-0.6544925046220351,-3305.7051879999995,,,,,,,,209,6306.045625999992,1044.69559,5261.350035999995,-4216.654445999999,0.16566572016109313,0.23923444976076555,-0.6686685596778148,-3305.7051879999995,,,,,,,,308,7130.696933999995,1345.6411840000017,5785.055749999994,-4439.414565999993,0.18871103294038868,0.31493506493506496,-0.6225779341192228,-3305.7051879999995,,,,,,,,500,8745.883861999979,1746.375961000004,6999.5079009999945,-5253.131940000003,0.1996797566210362,0.402,-0.6006404867579312,-3305.7051879999995,,,,,,,,861,10644.494098999958,2322.965932000007,8321.528166999984,-5998.562235000001,0.2182316895847824,0.49709639953542395,-0.5635366208304405,-3305.7051879999995,,,,,,,,,,,,,60,,,
5m,300,btc-up-or-down-5m,btc-updown-5m,btc-updown-5m-1780817700,0xc5e22e15ececa7c200409b4344f76e57ddbb5ca7a9cdcf85f6579d1522f1a012,1780817700,1780818000,2026-06-07T07:35:00Z,2026-06-07T07:40:00Z,True,62189.289105,62215.393693225844,gamma_finalPrice,,,,,,,,,Up,26.104588225840416,26.104588225840416,4.197601966757587,74042.03014999999,0.99,0.5,0.51,2459,2459,0,ok,,,,,,,,76,3028.7862449999984,3002.1212459999983,26.664998999999998,2975.4562469999983,0.9911961436552285,0.881578947368421,0.9823922873104569,2582.275637999999,,,,,,,,142,4534.990113999998,4274.083716999999,260.906397,4013.177319999998,0.942468144264625,0.8309859154929577,0.8849362885292498,2582.275637999999,,,,,,,,242,5856.587778999995,5426.441481999997,430.1462970000002,4996.295184999999,0.9265534278266304,0.7851239669421488,0.8531068556532606,2582.275637999999,,,,,,,,371,6926.07218199999,6023.490895999995,902.5812860000001,5120.909609999999,0.8696835288050141,0.6765498652291105,0.739367057610028,2582.275637999999,,,,,,,,696,12666.620513999966,8914.958399999989,3751.6621140000007,5163.296285999995,0.7038150697059726,0.5919540229885057,0.407630139411944,2582.275637999999,,,,,,,,,,,,,60,,,
5m,300,btc-up-or-down-5m,btc-updown-5m,btc-updown-5m-1780818000,0xc67b4db2807598f51676309b7461f104fc1a9ee0665725cd72bc1c69eb21db47,1780818000,1780818300,2026-06-07T07:40:00Z,2026-06-07T07:45:00Z,True,62215.393693225844,62202.83003922959,gamma_finalPrice,,,,,,,,,Down,-12.56365399625065,12.56365399625065,2.019380293275973,51124.42150300001,0.01,0.47,0.48,1933,1933,0,ok,,,,,,,,69,1009.8816119999999,955.247013,54.634599,900.6124140000002,0.9458999962462928,0.7681159420289855,0.8917999924925856,701.2803230000001,,,,,,,,90,1280.985393,1211.0707939999993,69.914599,1141.1561949999996,0.9454212363528484,0.7444444444444445,0.8908424727056975,701.2803230000001,,,,,,,,175,1966.8317849999992,1744.3218929999982,222.50989200000006,1521.8120009999982,0.8868688752658118,0.64,0.7737377505316241,701.2803230000001,,,,,,,,255,2890.3794550000016,2540.5382659999996,349.84118900000004,2190.697076999998,0.8789635774656439,0.6509803921568628,0.757927154931288,701.2803230000001,,,,,,,,449,4450.099095999999,3786.422619,663.6764770000001,3122.746142000001,0.8508625397585979,0.6302895322939867,0.7017250795171959,701.2803230000001,,,,,,,,,,,,,60,,,
5m,300,btc-up-or-down-5m,btc-updown-5m,btc-updown-5m-1780818300,0xcbf1fa4714d4c369d641eb0401afecf3e25707307ac2b5128a1b4420b19b9adb,1780818300,1780818600,2026-06-07T07:45:00Z,2026-06-07T07:50:00Z,True,62202.83003922959,62194.53647864433,gamma_finalPrice,,,,,,,,,Down,-8.29356058526173,8.29356058526173,1.3333092047469886,110842.17704999991,0.01,0.39,0.4,3363,3363,0,ok,,,,,,,,167,3812.687735000001,2976.6716529999994,836.016082,2140.655570999998,0.7807278906359214,0.6047904191616766,0.5614557812718427,1429.5951380000004,,,,,,,,277,5734.925569000001,4437.810909,1297.11466,3140.6962489999964,0.7738218841040375,0.5090252707581228,0.5476437682080745,1429.5951380000004,,,,,,,,476,8672.090904999992,6706.627281999998,1965.463622999999,4741.163658999995,0.7733575853238827,0.5525210084033614,0.5467151706477643,1429.5951380000004,,,,,,,,687,10845.17249099996,7820.115461999983,3025.057029000002,4795.058432999988,0.7210687952164553,0.49344978165938863,0.44213759043290873,1429.5951380000004,,,,,,,,953,14001.231576999937,9006.708016999983,4994.523559999998,4012.1844569999816,0.6432796977514076,0.4879328436516264,0.28655939550281173,1429.5951380000004,,,,,,,,,,,,,60,,,
5m,300,btc-up-or-down-5m,btc-updown-5m,btc-updown-5m-1780818600,0x9a32598e532ab91dea87c0761980dc26faa0304a3b4883be21b2b0f6de03a218,1780818600,1780818900,2026-06-07T07:50:00Z,2026-06-07T07:55:00Z,True,62194.53647864433,62286.01300648695,gamma_finalPrice,,,,,,,,,Up,91.47652784262027,91.47652784262027,14.708129205855641,85212.63900400004,0.99,0.5,0.51,3327,3327,0,ok,,,,,,,,2,16.1172,0.0,16.1172,-16.1172,0.0,0.0,-1.0,-12.672,,,,,,,,13,982.5554000000001,0.0,982.5554000000001,-982.5554000000001,0.0,0.0,-1.0,-834.7384000000001,,,,,,,,201,11067.132160999994,9324.935262999996,1742.196898,7582.7383649999965,0.8425791910085423,0.5074626865671642,0.6851583820170846,3675.5805629999995,,,,,,,,389,12124.590255999987,10238.452681999996,1886.137573999999,8352.315108000006,0.8444370049481371,0.6066838046272494,0.6888740098962743,3675.5805629999995,,,,,,,,776,16497.90527699999,13822.257646999984,2675.6476299999986,11146.610016999986,0.8378189482194341,0.5966494845360825,0.6756378964388687,3675.5805629999995,,,,,,,,,,,,,60,,,
5m,300,btc-up-or-down-5m,btc-updown-5m,btc-updown-5m-1780818900,0x9dc427209819c3e17bd2a0ce3cea235603e4ecd20957d514ebe8148bd2cd575c,1780818900,1780819200,2026-06-07T07:55:00Z,2026-06-07T08:00:00Z,True,62286.01300648695,62376.190638003725,gamma_finalPrice,,,,,,,,,Up,90.17763151677354,90.17763151677354,14.477990669812456,68375.37855399988,0.99,0.74,0.75,2506,2506,0,ok,,,,,,,,0,0.0,0.0,0.0,0.0,,,,0.0,,,,,,,,2,10.0,0.0,10.0,-10.0,0.0,0.0,-1.0,-5.0,,,,,,,,2,10.0,0.0,10.0,-10.0,0.0,0.0,-1.0,-5.0,,,,,,,,8,29.5773,0.0,29.5773,-29.5773,0.0,0.0,-1.0,-13.9788,,,,,,,,253,5546.798236999989,5240.558937999991,306.23929899999996,4934.319638999993,0.9447898975381465,0.7786561264822134,0.8895797950762929,3375.416927999997,,,,,,,,,,,,,60,,,
5m,300,btc-up-or-down-5m,btc-updown-5m,btc-updown-5m-1780819200,0x78bc61a10129fd48c7c3dbd13819ab61bf6d1a6437dcd5a1a9a451f0b52090c7,1780819200,1780819500,2026-06-07T08:00:00Z,2026-06-07T08:05:00Z,True,62376.190638003725,62342.99441848369,gamma_finalPrice,,,,,,,,,Down,-33.19621952003217,33.19621952003217,5.321937614415144,74694.33570599987,0.01,0.49,0.5,3472,3472,0,truncated_http_400_at_offset_3500,,,,,,,,66,4232.169088999999,3774.8863899999997,457.28269900000004,3317.603691,0.89195074927688,0.803030303030303,0.7839014985537598,1925.5104000000006,,,,,,,,171,4889.871978000005,4336.254078999998,553.6178990000004,3782.6361799999963,0.8867827416564715,0.5964912280701754,0.7735654833129443,1925.5104000000006,,,,,,,,271,6601.796040999999,5979.38824799999,622.4077930000007,5356.980454999989,0.9057214447198023,0.6457564575645757,0.8114428894396057,1925.5104000000006,,,,,,,,519,10581.083566999983,9670.29348699997,910.7900800000007,8759.503406999973,0.9139227968257843,0.6820809248554913,0.82784559365157,1925.5104000000006,,,,,,,,1020,14897.017865999973,11507.679537999975,3389.338328000005,8118.341209999994,0.772482092826403,0.5882352941176471,0.5449641856528071,1925.5104000000006,,,,,,,,,,,,,60,,,
5m,300,btc-up-or-down-5m,btc-updown-5m,btc-updown-5m-1780819500,0x331ec79e17709ecf34a2e88c1e7377b87648c28421e9b5e32a588101f6e08af0,1780819500,1780819800,2026-06-07T08:05:00Z,2026-06-07T08:10:00Z,True,62342.99441848369,62336.643354937485,gamma_finalPrice,,,,,,,,,Down,-6.3510635462080245,6.3510635462080245,1.0187293063877978,69997.41661199987,0.01,0.5,0.51,2512,2512,0,ok,,,,,,,,38,1242.0833759999998,1131.0262779999998,111.05709799999998,1019.9691799999999,0.9105880489620207,0.8421052631578947,0.8211760979240416,543.7459929999999,,,,,,,,72,1409.746556999999,1258.4793669999997,151.26719,1107.2121769999999,0.8926990179554668,0.7361111111111112,0.7853980359109334,543.7459929999999,,,,,,,,128,2301.1928299999995,1742.686653999999,558.506176,1184.1804780000002,0.7572970988267851,0.65625,0.5145941976535711,543.7459929999999,,,,,,,,341,3697.701622000002,2444.212718999997,1253.488902999999,1190.7238160000024,0.6610086396527523,0.5043988269794721,0.32201727930550744,543.7459929999999,,,,,,,,700,6501.97099499999,3688.6216389999986,2813.3493560000006,875.2722830000032,0.5673082272800887,0.4185714285714286,0.13461645456017673,543.7459929999999,,,,,,,,,,,,,60,,,
5m,300,btc-up-or-down-5m,btc-updown-5m,btc-updown-5m-1780819800,0xb7c17e53d739b5e4ce8db7cf837fcbbbffc6e3de9fbceaaff58b80c0695931f2,1780819800,1780820100,2026-06-07T08:10:00Z,2026-06-07T08:15:00Z,True,62336.643354937485,62357.753229582784,gamma_finalPrice,,,,,,,,,Up,21.109874645298987,21.109874645298987,3.386431079566132,56078.32986999991,0.99,0.48,0.49,2452,2452,0,ok,,,,,,,,100,2572.9048139999995,1670.786215,902.118599,768.6676160000004,0.6493773908419452,0.93,0.29875478168389036,1241.5664340000005,,,,,,,,155,2999.5066239999987,2046.4752250000001,953.0313989999997,1093.4438260000006,0.6822706136487602,0.8580645161290322,0.3645412272975201,1241.5664340000005,,,,,,,,244,4166.765794999997,3113.6104019999993,1053.1553929999998,2060.455009000001,0.7472487188351804,0.8073770491803278,0.49449743767036053,1241.5664340000005,,,,,,,,526,7202.3206529999825,4494.004102000002,2708.3165509999985,1785.687550999999,0.6239661240475477,0.6863117870722434,0.24793224809509234,1241.5664340000005,,,,,,,,688,8893.759672999964,5217.856266999999,3675.9034060000013,1541.9528610000004,0.5866873469541322,0.6468023255813954,0.17337469390826057,1241.5664340000005,,,,,,,,,,,,,60,,,
5m,300,btc-up-or-down-5m,btc-updown-5m,btc-updown-5m-1780820100,0xef838e0d97e41251aa242deebcf80fd7cff7b3c76c8635efaada583029365e86,1780820100,1780820400,2026-06-07T08:15:00Z,2026-06-07T08:20:00Z,True,62357.753229582784,62370.37361924337,gamma_finalPrice,,,,,,,,,Up,12.620389660587534,12.620389660587534,2.0238685659701363,68424.90183499995,0.99,0.14,0.15,2946,2946,0,ok,,,,,,,,117,1620.2090040000003,1216.5808040000002,403.62820000000016,812.9526040000004,0.7508789304321135,0.6410256410256411,0.5017578608642272,832.4021779999999,,,,,,,,213,2051.8794249999996,1488.1358269999994,563.7435980000004,924.3922290000011,0.7252550071259668,0.5446009389671361,0.45051001425193454,832.4021779999999,,,,,,,,408,4453.489359999995,2493.068578999998,1960.420781,532.6477980000022,0.5598011755438438,0.45588235294117646,0.11960235108768798,-979.365254,,,,,,,,747,8017.303401999991,4538.791660000004,3478.5117420000024,1060.279918000006,0.5661244725836071,0.5301204819277109,0.13224894516721286,-979.365254,,,,,,,,1300,12365.166615999971,6176.137164999998,6189.029451,-12.892285999993646,0.49947868531009953,0.5515384615384615,-0.0010426293798024206,-979.365254,,,,,,,,,,,,,60,,,
5m,300,btc-up-or-down-5m,btc-updown-5m,btc-updown-5m-1780820400,0xd2cb396f42c6d2de8d46b2dc15a83a07bb07de54d98cae0eb55579a40f6c166e,1780820400,1780820700,2026-06-07T08:20:00Z,2026-06-07T08:25:00Z,True,62370.37361924337,62426.670422588104,gamma_finalPrice,,,,,,,,,Up,56.296803344732325,56.296803344732325,9.026209092222409,51180.81840699982,0.99,0.49,0.5,1797,1797,0,ok,,,,,,,,1,0.23759999999999998,0.0,0.23759999999999998,-0.23759999999999998,0.0,0.0,-1.0,-0.23759999999999998,,,,,,,,5,3.5975,0.0,3.5975,-3.5975,0.0,0.0,-1.0,-1.86,,,,,,,,9,20.1374,0.0,20.1374,-20.1374,0.0,0.0,-1.0,-7.1199,,,,,,,,16,27.2533,0.0,27.2533,-27.2533,0.0,0.0,-1.0,-7.1199,,,,,,,,155,2390.3380319999997,2013.0180319999993,377.32,1635.6980319999989,0.842147848986741,0.7290322580645161,0.6842956979734819,565.9655940000001,,,,,,,,,,,,,60,,,
5m,300,btc-up-or-down-5m,btc-updown-5m,btc-updown-5m-1780820700,0x0c0c4643fe4521eabc4bd223a38f13dd0a6185b4848d9ebb713f9849e65ebb3a,1780820700,1780821000,2026-06-07T08:25:00Z,2026-06-07T08:30:00Z,True,62426.670422588104,62509.91640485722,gamma_finalPrice,,,,,,,,,Up,83.24598226911621,83.24598226911621,13.335002764939224,64013.41236399982,0.99,0.5,0.51,2312,2312,0,ok,,,,,,,,0,0.0,0.0,0.0,0.0,,,,0.0,,,,,,,,0,0.0,0.0,0.0,0.0,,,,0.0,,,,,,,,4,6.693,0.0,6.693,-6.693,0.0,0.0,-1.0,-5.673,,,,,,,,28,199.9135,49.995,149.9185,-99.92349999999999,0.25008316096711825,0.03571428571428571,-0.4998336780657634,-51.4999,,,,,,,,250,3360.310765000004,3124.660666000001,235.65009899999998,2889.0105669999994,0.9298725280249482,0.768,0.8597450560498966,734.0918970000013,,,,,,,,,,,,,60,,,
5m,300,btc-up-or-down-5m,btc-updown-5m,btc-updown-5m-1780821000,0xe56fb28cc54e02c2d48738b3a5cfe71c99cc02e6b7d7e4ccbea0d744f70392f8,1780821000,1780821300,2026-06-07T08:30:00Z,2026-06-07T08:35:00Z,True,62509.91640485722,62461.70436002428,gamma_finalPrice,,,,,,,,,Down,-48.212044832936954,48.212044832936954,7.712703456629598,73805.76282800012,0.01,0.48,0.49,3124,3124,0,ok,,,,,,,,26,135.8878,0.0,135.8878,-135.8878,0.0,0.0,-1.0,-114.7216,,,,,,,,87,3099.8827640000004,2725.1149639999994,374.76779999999997,2350.3471639999993,0.8791025891842402,0.5862068965517241,0.7582051783684807,2666.9794639999996,,,,,,,,138,3861.561789,3481.6978919999983,379.86389699999995,3101.8339949999977,0.9016294655488675,0.7101449275362319,0.8032589310977352,2666.9794639999996,,,,,,,,241,6563.39351,6041.095812999999,522.2976969999999,5518.798115999999,0.9204226142765588,0.7593360995850622,0.8408452285531176,2666.9794639999996,,,,,,,,481,10997.575404999974,9540.963913999996,1456.6114909999997,8084.3524229999975,0.8675515795656432,0.7546777546777547,0.7351031591312845,2666.9794639999996,,,,,,,,,,,,,60,,,
5m,300,btc-up-or-down-5m,btc-updown-5m,btc-updown-5m-1780821300,0x4002b39996bca407214435e808ec4ed05f17a45bfaf3fe44a64cda57e9d666a2,1780821300,1780821600,2026-06-07T08:35:00Z,2026-06-07T08:40:00Z,True,62461.70436002428,62540.50465244352,gamma_finalPrice,,,,,,,,,Up,78.8002924192333,78.8002924192333,12.615776855052609,53312.44584299995,0.99,0.5,0.51,1783,1783,0,ok,,,,,,,,11,9.282499999999999,0.0,9.282499999999999,-9.282499999999999,0.0,0.0,-1.0,-4.999499999999999,,,,,,,,14,10.782499999999999,0.0,10.782499999999999,-10.782499999999999,0.0,0.0,-1.0,-4.999499999999999,,,,,,,,16,12.782499999999999,0.0,12.782499999999999,-12.782499999999999,0.0,0.0,-1.0,-4.999499999999999,,,,,,,,21,25.7825,0.0,25.7825,-25.7825,0.0,0.0,-1.0,-7.0,,,,,,,,31,28.2775,0.0,28.2775,-28.2775,0.0,0.0,-1.0,-7.0,,,,,,,,,,,,,60,,,
5m,300,btc-up-or-down-5m,btc-updown-5m,btc-updown-5m-1780821600,0xd762254de73354909efb4b56b65396e3b7ef6e5e93f39d58913c031a560249e8,1780821600,1780821900,2026-06-07T08:40:00Z,2026-06-07T08:45:00Z,True,62540.50465244352,62532.032329035974,gamma_finalPrice,,,,,,,,,Down,-8.472323407542717,8.472323407542717,1.3546938027804507,98075.33641399963,0.01,0.47,0.48,2845,2845,0,ok,,,,,,,,62,1328.8750260000002,1286.707228,42.167798000000005,1244.5394299999998,0.9682680484056293,0.8870967741935484,0.9365360968112585,481.475588,,,,,,,,113,1887.8887869999994,1703.7048939999993,184.18389299999998,1519.5210009999992,0.9024392250919173,0.7876106194690266,0.8048784501838347,481.475588,,,,,,,,194,2717.107455999999,2169.2742769999986,547.833179,1621.441097999999,0.7983763292871401,0.6649484536082474,0.5967526585742805,481.475588,,,,,,,,390,4541.164893999998,3401.936238999998,1139.228654999999,2262.7075839999957,0.7491329468116864,0.6102564102564103,0.4982658936233723,481.475588,,,,,,,,740,7243.882613999991,5191.6172149999975,2052.265398999995,3139.351815999987,0.716689859795125,0.5459459459459459,0.4333797195902478,481.475588,,,,,,,,,,,,,60,,,
5m,300,btc-up-or-down-5m,btc-updown-5m,btc-updown-5m-1780821900,0x62c307266a2d12ae1dbaf3cd8210f455e9439e3409bb8cefd43ff532e1e4bb0b,1780821900,1780822200,2026-06-07T08:45:00Z,2026-06-07T08:50:00Z,True,62532.032329035974,62746.76545164358,gamma_finalPrice,,,,,,,,,Up,214.73312260760576,214.73312260760576,34.3396999281434,71675.67211399994,0.99,0.5,0.51,1843,1843,0,ok,,,,,,,,1,1.4058,0.0,1.4058,-1.4058,0.0,0.0,-1.0,-1.4058,,,,,,,,3,1.9058,0.0,1.9058,-1.9058,0.0,0.0,-1.0,-1.4058,,,,,,,,3,1.9058,0.0,1.9058,-1.9058,0.0,0.0,-1.0,-1.4058,,,,,,,,3,1.9058,0.0,1.9058,-1.9058,0.0,0.0,-1.0,-1.4058,,,,,,,,11,16.0185,0.0,16.0185,-16.0185,0.0,0.0,-1.0,-9.5931,,,,,,,,,,,,,60,,,
5m,300,btc-up-or-down-5m,btc-updown-5m,btc-updown-5m-1780822200,0x0fa403aea7b3159b112a66e8cb0896cde8f196e70697ec02a6cb95651d9b500d,1780822200,1780822500,2026-06-07T08:50:00Z,2026-06-07T08:55:00Z,True,62746.76545164358,62825.688989660746,gamma_finalPrice,,,,,,,,,Up,78.92353801716672,78.92353801716672,12.578104616084143,75595.97221300003,0.99,0.49,0.5,3465,3465,0,ok,,,,,,,,6,116.3057,0.0,116.3057,-116.3057,0.0,0.0,-1.0,-92.1398,,,,,,,,46,3083.591844,2812.189644,271.4022,2540.787444,0.9119850441529447,0.45652173913043476,0.8239700883058892,2730.997344,,,,,,,,167,5917.82541,5338.672612000002,579.152798,4759.519814000003,0.9021341864832071,0.718562874251497,0.8042683729664142,2730.997344,,,,,,,,504,9537.366491000013,7552.020924000004,1985.3455669999994,5566.675357000005,0.7918350344538515,0.7658730158730159,0.583670068907704,2730.997344,,,,,,,,1010,16608.492207999992,11985.091825999982,4623.400381999998,7361.691444000008,0.7216243157959271,0.692079207920792,0.4432486315918565,2730.997344,,,,,,,,,,,,,60,,,
5m,300,btc-up-or-down-5m,btc-updown-5m,btc-updown-5m-1780822500,0xf01aaed2eb4be18916f0638abcd277865558b3376ec8b6d4733ee17c3160a40b,1780822500,1780822800,2026-06-07T08:55:00Z,2026-06-07T09:00:00Z,True,62825.688989660746,62829.47773149246,gamma_finalPrice,,,,,,,,,Up,3.788741831711377,3.788741831711377,0.6030561530865013,103512.59352499974,0.99,0.32,0.33,3221,3221,0,truncated_http_400_at_offset_3500,,,,,,,,110,952.1510479999996,570.5269709999999,381.6240770000001,188.90289400000006,0.5991979656992408,0.5636363636363636,0.19839593139848136,136.59539500000002,,,,,,,,312,2949.2307439999986,1486.9188979999997,1462.3118460000003,24.60705200000033,0.5041717746314123,0.5673076923076923,0.00834354926282443,-386.23371700000007,,,,,,,,459,4492.037956,2212.916277000001,2279.1216789999994,-66.20540199999965,0.4926308055888567,0.5773420479302832,-0.014738388822287068,-386.23371700000007,,,,,,,,682,6457.013645999991,2892.0218619999996,3564.991783999997,-672.9699220000003,0.4478884544082631,0.5087976539589443,-0.10422309118347514,-386.23371700000007,,,,,,,,931,8863.038125999983,3888.256521000001,4974.781604999995,-1086.525084,0.4387047043827653,0.4940923737916219,-0.12259059123447148,-386.23371700000007,,,,,,,,,,,,,60,,,
5m,300,btc-up-or-down-5m,btc-updown-5m,btc-updown-5m-1780822800,0x6f605ace65c9f8071aa5f983da4661e79527b923a0b1d95882df0bff498babc0,1780822800,1780823100,2026-06-07T09:00:00Z,2026-06-07T09:05:00Z,True,62829.47773149246,62805.06235952317,gamma_finalPrice,,,,,,,,,Down,-24.4153719692913,24.4153719692913,3.885974044481578,83991.71272599978,0.01,0.47,0.48,3375,3375,0,truncated_http_400_at_offset_3500,,,,,,,,104,1345.947976,1171.548278,174.399698,997.1485799999998,0.8704261226215477,0.8269230769230769,0.7408522452430953,580.3592480000001,,,,,,,,193,1915.2975450000008,1384.1016519999985,531.1958929999998,852.9057589999993,0.7226562032689275,0.6787564766839378,0.44531240653785675,580.3592480000001,,,,,,,,275,2390.175523000005,1667.8526339999974,722.3228889999999,945.5297449999991,0.6977950438997923,0.6145454545454545,0.39559008779958843,580.3592480000001,,,,,,,,450,3773.043780000006,2600.943817999999,1172.0999619999996,1428.8438560000004,0.689348963239434,0.5644444444444444,0.37869792647887013,580.3592480000001,,,,,,,,946,8602.43087199999,4267.760549000002,4334.6703229999985,-66.90977400000088,0.4961109961244926,0.514799154334038,-0.007778007751016654,-1301.1289140000001,,,,,,,,,,,,,60,,,
5m,300,btc-up-or-down-5m,btc-updown-5m,btc-updown-5m-1780823100,0x2d1ab95aeb79b114d567c866cf9f0e7ff77c424a520802e217087456fb1a169a,1780823100,1780823400,2026-06-07T09:05:00Z,2026-06-07T09:10:00Z,True,62805.06235952317,62772.763070119014,gamma_finalPrice,,,,,,,,,Down,-32.29928940415266,32.29928940415266,5.142784385637204,76755.13013599985,0.01,0.65,0.66,3008,3008,0,ok,,,,,,,,105,924.1573389999999,859.5485450000001,64.60879399999999,794.939751,0.9300889672424062,0.819047619047619,0.860177934484812,309.961928,,,,,,,,159,1375.3972259999996,1228.2026320000002,147.19459399999997,1081.0080380000004,0.8929803032771281,0.8176100628930818,0.7859606065542557,309.961928,,,,,,,,224,2127.7519339999994,1956.8136400000003,170.938294,1785.8753460000005,0.9196624891894004,0.8258928571428571,0.8393249783788005,411.999029,,,,,,,,352,4027.6494139999963,3032.478626999997,995.1707870000001,2037.307839999997,0.7529152404524551,0.7982954545454546,0.50583048090491,-513.637022,,,,,,,,671,7437.868540999991,4831.289291999993,2606.5792489999994,2224.7100429999905,0.6495529284187169,0.6944858420268256,0.29910585683743307,-513.637022,,,,,,,,,,,,,60,,,
5m,300,btc-up-or-down-5m,btc-updown-5m,btc-updown-5m-1780823400,0xa91fa67a8f31d492bc4591e4fba1a979abfd9e248c31bba007b85bcb6b8cff9b,1780823400,1780823700,2026-06-07T09:10:00Z,2026-06-07T09:15:00Z,True,62772.763070119014,62802.82856520923,gamma_finalPrice,,,,,,,,,Up,30.065495090217155,30.065495090217155,4.789576500979114,72615.25889099979,0.99,0.48,0.5,2924,2924,0,ok,,,,,,,,108,2446.6580639999966,2424.3380639999973,22.32,2402.018063999997,0.9908773521202596,0.9722222222222222,0.9817547042405189,1018.8044550000002,,,,,,,,185,3086.7172119999923,3017.505211999993,69.212,2948.293211999993,0.9775774730088882,0.9405405405405406,0.9551549460177762,1018.8044550000002,,,,,,,,290,4504.929726999997,3603.1312269999935,901.7985000000001,2701.3327269999936,0.7998196299056267,0.9241379310344827,0.5996392598112542,1018.8044550000002,,,,,,,,597,9026.95674600001,6992.744757999997,2034.211987999999,4958.532769999988,0.7746514085268653,0.847571189279732,0.5493028170537312,1643.556637,,,,,,,,978,11874.044161999987,8478.571146999991,3395.4730150000005,5083.098131999984,0.7140424131260698,0.7464212678936605,0.42808482625213845,1643.556637,,,,,,,,,,,,,60,,,
5m,300,btc-up-or-down-5m,btc-updown-5m,btc-updown-5m-1780823700,0xe1355faa50d7263c80b0907930f7e3d085818fde81daefb28bde4dadb3349de3,1780823700,1780824000,2026-06-07T09:15:00Z,2026-06-07T09:20:00Z,True,62802.82856520923,62760.96926471111,gamma_finalPrice,,,,,,,,,Down,-41.85930049812305,41.85930049812305,6.665193503929498,85269.5252690002,0.01,0.19,0.2,3387,3387,0,truncated_http_400_at_offset_3500,,,,,,,,86,1850.0404389999997,1716.4029420000002,133.63749699999997,1582.7654449999998,0.9277650941120863,0.8023255813953488,0.8555301882241722,1310.169592,,,,,,,,157,2277.127297000001,2098.5011999999992,178.6260969999999,1919.8751029999976,0.921556384996424,0.6878980891719745,0.843112769992848,1310.169592,,,,,,,,225,3014.082656000002,2552.2931639999993,461.7894919999999,2090.503671999997,0.846789373516105,0.6577777777777778,0.69357874703221,1310.169592,,,,,,,,366,4428.911952999998,3597.3731729999995,831.5387800000002,2765.834392999996,0.8122476154811021,0.674863387978142,0.6244952309622032,1310.169592,,,,,,,,809,7046.869598999986,5298.199651999993,1748.6699470000033,3549.5297050000027,0.7518515246474626,0.5735475896168108,0.5037030492949256,1310.169592,,,,,,,,,,,,,60,,,
5m,300,btc-up-or-down-5m,btc-updown-5m,btc-updown-5m-1780824000,0x4e9f1ed3bee3fce48d89c21f872a5358cb4440fca3a281525bfa11a0d0f0dc3c,1780824000,1780824300,2026-06-07T09:20:00Z,2026-06-07T09:25:00Z,True,62760.96926471111,62637.56930541695,gamma_finalPrice,,,,,,,,,Down,-123.39995929415454,123.39995929415454,19.66189508222576,75210.57750899991,0.01,,0.01,1950,1950,0,ok,,,,,,,,2,8.4447,0.0,8.4447,-8.4447,0.0,0.0,-1.0,-6.9696,,,,,,,,5,14.217699999999999,0.0,14.217699999999999,-14.217699999999999,0.0,0.0,-1.0,-6.9696,,,,,,,,10,16.2177,0.0,16.2177,-16.2177,0.0,0.0,-1.0,-6.9696,,,,,,,,13,26.8108,0.0,26.8108,-26.8108,0.0,0.0,-1.0,-6.9696,,,,,,,,43,603.9660000000001,494.9208,109.04520000000001,385.8756,0.819451426073653,0.11627906976744186,0.6389028521473062,356.27299999999997,,,,,,,,,,,,,60,,,
5m,300,btc-up-or-down-5m,btc-updown-5m,btc-updown-5m-1780824300,0xa9c327593490675dd8a66b3ee7accb889c94b3167df55db61cfdbf865da4702b,1780824300,1780824600,2026-06-07T09:25:00Z,2026-06-07T09:30:00Z,True,62637.56930541695,62664.736170538206,gamma_finalPrice,,,,,,,,,Up,27.166865121253068,27.166865121253068,4.337151875863684,70173.53248099991,0.99,0.36,0.37,2686,2686,0,ok,,,,,,,,128,2762.0415009999992,2250.6413010000015,511.40019999999976,1739.2411010000014,0.8148470253561197,0.8203125,0.6296940507122387,1466.2932200000012,,,,,,,,184,3460.323306999999,2883.4484070000017,576.8748999999996,2306.573507000002,0.8332887280119119,0.8206521739130435,0.666577456023823,1466.2932200000012,,,,,,,,235,4052.8849999999975,3354.8059030000004,698.0790969999997,2656.726806000001,0.8277574870740232,0.8,0.6555149741480458,1466.2932200000012,,,,,,,,462,9382.543413999994,7082.915537999998,2299.627876000001,4783.287662000001,0.7549035720347803,0.7272727272727273,0.5098071440695604,1466.2932200000012,,,,,,,,772,12891.20572799999,8655.797100999995,4235.4086270000025,4420.388474000003,0.6714497684417066,0.7007772020725389,0.34289953688341346,1466.2932200000012,,,,,,,,,,,,,60,,,
5m,300,btc-up-or-down-5m,btc-updown-5m,btc-updown-5m-1780824600,0xffbf60f411780ab6bf5022f4301b2d3c8f22788da8094596348f9c5e70e4800e,1780824600,1780824900,2026-06-07T09:30:00Z,2026-06-07T09:35:00Z,True,62664.736170538206,62525.6087201272,gamma_finalPrice,,,,,,,,,Down,-139.12745041100425,139.12745041100425,22.201872841589484,64817.88595100008,0.01,0.5,0.51,1629,1629,0,ok,,,,,,,,1,0.0182,0.0,0.0182,-0.0182,0.0,0.0,-1.0,-0.0182,,,,,,,,1,0.0182,0.0,0.0182,-0.0182,0.0,0.0,-1.0,-0.0182,,,,,,,,2,1.0182,0.0,1.0182,-1.0182,0.0,0.0,-1.0,-1.0,,,,,,,,6,21.758799999999997,0.0,21.758799999999997,-21.758799999999997,0.0,0.0,-1.0,-10.751399999999999,,,,,,,,12,35.598,0.0,35.598,-35.598,0.0,0.0,-1.0,-10.751399999999999,,,,,,,,,,,,,60,,,
5m,300,btc-up-or-down-5m,btc-updown-5m,btc-updown-5m-1780824900,0xbdb636b1e00713155f223a827be76aeb4ad10564f903215c5ece5253c76f91ff,1780824900,1780825200,2026-06-07T09:35:00Z,2026-06-07T09:40:00Z,True,62525.6087201272,62564.66017,gamma_finalPrice,,,,,,,,,Up,39.05144987280073,39.05144987280073,6.24567288062722,82516.50778099986,0.99,0.5,0.51,2676,2676,0,ok,,,,,,,,21,4377.474196000001,2488.841096,1888.6331,600.2079960000003,0.5685564287904256,0.5714285714285714,0.13711285758085145,2474.070096,,,,,,,,66,6213.0864759999995,4243.191375999999,1969.8951,2273.296276000001,0.682944200501741,0.8181818181818182,0.36588840100348236,2474.070096,,,,,,,,132,7387.006123999998,5313.1728239999975,2073.8333,3239.3395240000013,0.7192592959599392,0.8181818181818182,0.4385185919198789,2474.070096,,,,,,,,308,11822.970101999997,8665.499107999998,3157.4709940000016,5508.028113999997,0.7329375811019031,0.775974025974026,0.4658751622038059,2474.070096,,,,,,,,720,16037.393853999984,11151.045104999988,4886.348749,6264.696355999995,0.6953152866678982,0.7291666666666666,0.39063057333579665,2474.070096,,,,,,,,,,,,,60,,,
5m,300,btc-up-or-down-5m,btc-updown-5m,btc-updown-5m-1780825200,0xe6d356cd0c01086c9c9104941c570078b197b026cb8f476bc0aec34e16837337,1780825200,1780825500,2026-06-07T09:40:00Z,2026-06-07T09:45:00Z,True,62564.66017,62516.11809941912,gamma_finalPrice,,,,,,,,,Down,-48.542070580879226,48.542070580879226,7.758704426585432,72285.00413900007,0.01,0.5,0.51,2459,2459,0,ok,,,,,,,,2,16.2462,0.0,16.2462,-16.2462,0.0,0.0,-1.0,-16.2462,,,,,,,,11,165.7167,0.0,165.7167,-165.7167,0.0,0.0,-1.0,-112.9095,,,,,,,,76,7505.912389000003,7131.760589000003,374.15180000000004,6757.6087890000035,0.9501523891288255,0.7105263157894737,0.9003047782576511,3078.4055270000003,,,,,,,,279,10678.497406999984,10139.925606999988,538.5717999999999,9601.353807000007,0.9495648330029138,0.8422939068100358,0.899129666005829,3078.4055270000003,,,,,,,,557,13098.03136199997,11814.719488999981,1283.3118729999994,10531.407616000006,0.9020225377744067,0.7360861759425493,0.8040450755488143,3078.4055270000003,,,,,,,,,,,,,60,,,
5m,300,btc-up-or-down-5m,btc-updown-5m,btc-updown-5m-1780825500,0xf1e639b85d20e5e94f69e0bb5f9d936fbd47109b54347ed660df5ae94625dbf4,1780825500,1780825800,2026-06-07T09:45:00Z,2026-06-07T09:50:00Z,True,62516.11809941912,62435.214535,gamma_finalPrice,,,,,,,,,Down,-80.90356441912445,80.90356441912445,12.941232897804667,86894.521052,0.01,0.5,0.51,2689,2689,0,ok,,,,,,,,0,0.0,0.0,0.0,0.0,,,,0.0,,,,,,,,3,0.6,0.0,0.6,-0.6,0.0,0.0,-1.0,-0.5,,,,,,,,7,8.35,0.0,8.35,-8.35,0.0,0.0,-1.0,-7.0,,,,,,,,14,121.59009999999999,0.0,121.59009999999999,-121.59009999999999,0.0,0.0,-1.0,-99.2401,,,,,,,,32,320.68269999999995,0.0,320.68269999999995,-320.68269999999995,0.0,0.0,-1.0,-114.7629,,,,,,,,,,,,,60,,,
5m,300,btc-up-or-down-5m,btc-updown-5m,btc-updown-5m-1780825800,0x885e2efad6a293af5cb6551363e17d117255797ce9e76a5c3d84399329ba64d8,1780825800,1780826100,2026-06-07T09:50:00Z,2026-06-07T09:55:00Z,True,62435.214535,62540.81157016907,gamma_finalPrice,,,,,,,,,Up,105.5970351690703,105.5970351690703,16.91305715140525,60929.08750899991,0.99,0.95,0.96,2003,2003,0,ok,,,,,,,,1,3.267,0.0,3.267,-3.267,0.0,0.0,-1.0,-3.267,,,,,,,,1,3.267,0.0,3.267,-3.267,0.0,0.0,-1.0,-3.267,,,,,,,,10,22.517,0.0,22.517,-22.517,0.0,0.0,-1.0,-10.0,,,,,,,,16,59.717,0.0,59.717,-59.717,0.0,0.0,-1.0,-30.2,,,,,,,,32,189.73659999999998,0.0,189.73659999999998,-189.73659999999998,0.0,0.0,-1.0,-99.0,,,,,,,,,,,,,60,,,
5m,300,btc-up-or-down-5m,btc-updown-5m,btc-updown-5m-1780826100,0xfe8edfbe66999cc58648b926b3d291611d713aba48323081010590c03d560ac2,1780826100,1780826400,2026-06-07T09:55:00Z,2026-06-07T10:00:00Z,True,62540.81157016907,62507.10928715809,gamma_finalPrice,,,,,,,,,Down,-33.702283010978135,33.702283010978135,5.388846445199244,67550.12583800002,0.01,0.48,0.5,3382,3382,0,ok,,,,,,,,113,2631.847678999998,2558.8580799999977,72.989599,2485.868480999998,0.972266784441061,0.8849557522123894,0.9445335688821221,1872.2857799999988,,,,,,,,159,3163.889081,3012.038184999999,151.850896,2860.187288999999,0.9520049874972211,0.8679245283018868,0.9040099749944424,1872.2857799999988,,,,,,,,250,3952.2858359999987,3617.806748999996,334.47908700000005,3283.3276619999947,0.9153707244670037,0.812,0.8307414489340077,1872.2857799999988,,,,,,,,418,5915.868879000001,5432.592897000002,483.27598200000006,4949.316914999989,0.9183085372775047,0.8277511961722488,0.836617074555007,1872.2857799999988,,,,,,,,1154,12993.34229200003,11284.97773600001,1708.3645559999984,9576.61317999996,0.8685200068151936,0.8535528596187175,0.737040013630385,1872.2857799999988,,,,,,,,,,,,,60,,,
5m,300,btc-up-or-down-5m,btc-updown-5m,btc-updown-5m-1780826400,0x5c70858f59e3ef8cc41dc0bb8230e008a2d4b50b5aeb381f7cb9ad223222ac02,1780826400,1780826700,2026-06-07T10:00:00Z,2026-06-07T10:05:00Z,True,62507.10928715809,62407.82096,gamma_finalPrice,,,,,,,,,Down,-99.28832715809403,99.28832715809403,15.88432552559146,59279.77299300001,0.01,0.03,0.04,1953,1953,0,ok,,,,,,,,0,0.0,0.0,0.0,0.0,,,,0.0,,,,,,,,8,55.826119,54.826119,1.0,53.826119,0.9820872376960326,0.875,0.9641744753920651,38.947013,,,,,,,,9,70.81111899999999,69.81111899999999,1.0,68.81111899999999,0.9858779240587908,0.8888888888888888,0.9717558481175816,38.947013,,,,,,,,18,92.01681899999998,69.81111899999999,22.2057,47.605419000000005,0.758677813020248,0.4444444444444444,0.5173556260404961,38.947013,,,,,,,,44,415.2695589999999,119.96055899999999,295.3089999999999,-175.348441,0.2888739528340916,0.29545454545454547,-0.422252094331817,-182.7639,,,,,,,,,,,,,60,,,
5m,300,btc-up-or-down-5m,btc-updown-5m,btc-updown-5m-1780826700,0xcd68255676d9f1eec7d4bf93fd31e2ca33271b3bb90da9f37ff9ab0493d156c5,1780826700,1780827000,2026-06-07T10:05:00Z,2026-06-07T10:10:00Z,True,62407.82096,62355.861245,gamma_finalPrice,,,,,,,,,Down,-51.95971499999723,51.95971499999723,8.32583387798471,69103.2419480001,0.01,,0.01,2214,2214,0,ok,,,,,,,,2,3.9896999999999996,0.0,3.9896999999999996,-3.9896999999999996,0.0,0.0,-1.0,-3.9896999999999996,,,,,,,,6,41.4711,0.0,41.4711,-41.4711,0.0,0.0,-1.0,-29.996999999999996,,,,,,,,67,2917.0706149999974,2704.377014999997,212.6936,2491.6834149999986,0.927086578258922,0.6567164179104478,0.8541731565178449,1994.0674999999999,,,,,,,,272,9126.073910999987,8560.359110999987,565.7148000000001,7994.6443109999955,0.9380111529320266,0.8345588235294118,0.8760223058640542,1994.0674999999999,,,,,,,,593,13761.475754999949,12424.392467999947,1337.0832869999997,11087.309180999966,0.9028386700086145,0.8381112984822934,0.8056773400172303,1994.0674999999999,,,,,,,,,,,,,60,,,
5m,300,btc-up-or-down-5m,btc-updown-5m,btc-updown-5m-1780827000,0xd26115b148d7a4019d20376e82d0046c873838571bf67594c5f4b6c21888d313,1780827000,1780827300,2026-06-07T10:10:00Z,2026-06-07T10:15:00Z,True,62355.861245,62379.146238826754,gamma_finalPrice,,,,,,,,,Up,23.284993826753634,23.284993826753634,3.734210924497613,56478.89681399985,0.99,0.52,0.53,1978,1978,0,ok,,,,,,,,80,381.0959619999999,329.26626199999987,51.8297,277.4365619999998,0.8639982965760209,0.9,0.7279965931520416,156.447465,,,,,,,,114,633.8012070000001,448.80690799999996,184.994299,263.8126089999998,0.7081193646259495,0.8333333333333334,0.4162387292518989,156.447465,,,,,,,,270,1919.990547999998,1160.8933749999992,759.0971729999995,401.7962019999994,0.6046349427132703,0.6111111111111112,0.20926988542654004,189.82891199999997,,,,,,,,449,3579.3976059999973,2287.3180679999978,1292.0795379999986,995.2385299999994,0.6390231876352211,0.5256124721603563,0.2780463752704427,374.40992000000006,,,,,,,,587,5006.796676999991,3548.682843999997,1458.1138329999985,2090.569010999999,0.7087731084231531,0.5672913117546848,0.41754621684630533,374.40992000000006,,,,,,,,,,,,,60,,,
5m,300,btc-up-or-down-5m,btc-updown-5m,btc-updown-5m-1780827300,0x9231faed1b8e836fce49eabd327462a02bfad1cc94d3a4af4fa743ee5fb4380c,1780827300,1780827600,2026-06-07T10:15:00Z,2026-06-07T10:20:00Z,True,62379.146238826754,62379.997053354746,gamma_finalPrice,,,,,,,,,Up,0.8508145279920427,0.8508145279920427,0.13639406424938674,101539.34652499988,0.99,0.69,0.7,3058,3058,0,truncated_http_400_at_offset_3500,,,,,,,,147,5406.874747999997,750.2029130000002,4656.671835000002,-3906.468922000003,0.13874982276545247,0.48299319727891155,-0.7225003544690962,-4166.076762000001,,,,,,,,197,6342.390914999999,1634.3971829999994,4707.993732000001,-3073.596549000005,0.25769417320754967,0.5380710659898477,-0.4846116535849013,-4166.076762000001,,,,,,,,336,7632.467357999981,2366.4933410000003,5265.974016999985,-2899.4806760000106,0.3100561365021178,0.49107142857142855,-0.37988772699576845,-4166.076762000001,,,,,,,,483,8825.957509999977,3126.3153149999985,5699.642194999981,-2573.326880000013,0.35421826033694637,0.5486542443064182,-0.29156347932611104,-4166.076762000001,,,,,,,,968,11560.96965399994,4818.318993999993,6742.650659999968,-1924.3316660000132,0.4167746424568219,0.484504132231405,-0.1664507150863613,-4166.076762000001,,,,,,,,,,,,,60,,,
5m,300,btc-up-or-down-5m,btc-updown-5m,btc-updown-5m-1780827600,0x5dbef37ce41f82124dbf61664af1f0fecc1d11bdba97483bed8a748ebe55eb0e,1780827600,1780827900,2026-06-07T10:20:00Z,2026-06-07T10:25:00Z,True,62379.997053354746,62515.69450430092,gamma_finalPrice,,,,,,,,,Up,135.69745094617247,135.69745094617247,21.75335962746327,59872.87077999998,0.99,0.53,0.54,1911,1911,0,ok,,,,,,,,0,0.0,0.0,0.0,0.0,,,,0.0,,,,,,,,1,1.0,0.0,1.0,-1.0,0.0,0.0,-1.0,-1.0,,,,,,,,1,1.0,0.0,1.0,-1.0,0.0,0.0,-1.0,-1.0,,,,,,,,3,25.3144,0.0,25.3144,-25.3144,0.0,0.0,-1.0,-18.8694,,,,,,,,9,132.4427,0.0,132.4427,-132.4427,0.0,0.0,-1.0,-92.8125,,,,,,,,,,,,,60,,,
5m,300,btc-up-or-down-5m,btc-updown-5m,btc-updown-5m-1780827900,0xbf3bcffb566d0703d98351c7c10840767977c2bf4af987c683f81ceb1f84de1d,1780827900,1780828200,2026-06-07T10:25:00Z,2026-06-07T10:30:00Z,True,62515.69450430092,62486.535403353606,gamma_finalPrice,,,,,,,,,Down,-29.159100947312254,29.159100947312254,4.664284893340852,72640.755681,0.01,0.08,0.09,2388,2388,0,ok,,,,,,,,7,162.6662,0.0,162.6662,-162.6662,0.0,0.0,-1.0,-161.6662,,,,,,,,86,1184.9919169999996,950.577318,234.414599,716.162719,0.8021804236492529,0.4883720930232558,0.6043608472985055,617.487703,,,,,,,,136,5507.495946999998,4811.616647999998,695.8792990000001,4115.737348999997,0.8736486952152813,0.5661764705882353,0.7472973904305624,2727.6579,,,,,,,,279,7398.525817999989,6333.423932999996,1065.1018850000007,5268.322048000004,0.8560386337493491,0.6129032258064516,0.7120772674986983,2727.6579,,,,,,,,499,9840.485853999995,7689.7214889999905,2150.764364999999,5538.9571240000005,0.7814371772989487,0.6052104208416834,0.5628743545978988,2727.6579,,,,,,,,,,,,,60,,,
5m,300,btc-up-or-down-5m,btc-updown-5m,btc-updown-5m-1780828200,0x50ea6c37ee98988f37283c2389024a86ff4476e7bdde8dd8ec0c586c81ddf133,1780828200,1780828500,2026-06-07T10:30:00Z,2026-06-07T10:35:00Z,True,62486.535403353606,62435.310569043926,gamma_finalPrice,,,,,,,,,Down,-51.22483430967986,51.22483430967986,8.197739557653675,75216.501922,0.01,0.48,0.49,1975,1975,0,ok,,,,,,,,5,6.2,0.0,6.2,-6.2,0.0,0.0,-1.0,-5.45,,,,,,,,6,9.2,0.0,9.2,-9.2,0.0,0.0,-1.0,-5.45,,,,,,,,11,14.16,0.0,14.16,-14.16,0.0,0.0,-1.0,-5.45,,,,,,,,49,616.004544,423.88384499999995,192.120699,231.76314599999995,0.6881180490123137,0.40816326530612246,0.3762360980246275,321.602846,,,,,,,,69,858.452944,423.88384499999995,434.569099,-10.685254000000043,0.4937764474601184,0.2898550724637681,-0.012447105079763165,321.602846,,,,,,,,,,,,,60,,,
5m,300,btc-up-or-down-5m,btc-updown-5m,btc-updown-5m-1780828500,0x3885362aaafa96230b4a73355bbd370302e32770ce43e7971da865068ee2c7cc,1780828500,1780828800,2026-06-07T10:35:00Z,2026-06-07T10:40:00Z,True,62435.310569043926,62339.20891673773,gamma_finalPrice,,,,,,,,,Down,-96.10165230619896,96.10165230619896,15.392195767157304,58046.50088599991,0.01,0.01,0.02,2095,2095,0,ok,,,,,,,,1,19.8,0.0,19.8,-19.8,0.0,0.0,-1.0,-19.8,,,,,,,,3,81.925,0.0,81.925,-81.925,0.0,0.0,-1.0,-62.125,,,,,,,,5,82.425,0.0,82.425,-82.425,0.0,0.0,-1.0,-62.125,,,,,,,,7,158.3877,0.0,158.3877,-158.3877,0.0,0.0,-1.0,-70.7058,,,,,,,,14,364.3573,97.88130000000001,266.476,-168.5947,0.2686409741207326,0.07142857142857142,-0.46271805175853475,97.88130000000001,,,,,,,,,,,,,60,,,
5m,300,btc-up-or-down-5m,btc-updown-5m,btc-updown-5m-1780828800,0x8dc921b035386f0983885abb462f6b82c20bb570bace9fa5f7eb3a2ebb1ed80b,1780828800,1780829100,2026-06-07T10:40:00Z,2026-06-07T10:45:00Z,True,62339.20891673773,62339.40541731312,gamma_finalPrice,,,,,,,,,Up,0.1965005753954756,0.1965005753954756,0.03152118527168482,74807.48864800001,0.99,0.51,0.52,2529,2529,0,ok,,,,,,,,45,443.4580720000002,331.86908100000005,111.58899099999998,220.28009000000003,0.7483663100397909,0.5111111111111111,0.496732620079582,139.43669500000004,,,,,,,,86,646.1433540000003,438.4681700000002,207.675184,230.79298599999993,0.678592710558159,0.5,0.3571854211163175,139.43669500000004,,,,,,,,161,1078.1600079999994,725.0461529999995,353.1138550000001,371.932298,0.6724847403169493,0.515527950310559,0.3449694806338988,139.43669500000004,,,,,,,,416,3322.637593000001,1771.0961159999993,1551.5414769999986,219.5546390000001,0.5330392094916621,0.4735576923076923,0.06607841898332487,-203.41508700000003,,,,,,,,619,5563.287099999984,2156.8062949999985,3406.4808049999997,-1249.6745099999991,0.38768559958014837,0.4135702746365105,-0.2246288008397055,-387.71758400000004,,,,,,,,,,,,,60,,,
5m,300,btc-up-or-down-5m,btc-updown-5m,btc-updown-5m-1780829100,0x13107da24817fad5906ecdb6d50b2103bf0a1d7ff7d13cf43aad942c9a347092,1780829100,1780829400,2026-06-07T10:45:00Z,2026-06-07T10:50:00Z,True,62339.40541731312,62389.748467993035,gamma_finalPrice,,,,,,,,,Up,50.34305067991227,50.34305067991227,8.075638569682413,65814.02075299995,0.99,0.22,0.23,2472,2472,0,ok,,,,,,,,5,42.134899999999995,0.0,42.134899999999995,-42.134899999999995,0.0,0.0,-1.0,-34.5312,,,,,,,,10,441.511,0.0,441.511,-441.511,0.0,0.0,-1.0,-311.5828,,,,,,,,22,528.1769999999999,0.0,528.1769999999999,-528.1769999999999,0.0,0.0,-1.0,-311.5828,,,,,,,,291,9091.645168000001,6145.287577999998,2946.3575900000014,3198.929988,0.6759269048059264,0.6563573883161512,0.3518538096118535,1906.285007,,,,,,,,682,12204.631857999973,7414.826212999981,4789.805645000002,2625.0205680000067,0.6075419807226435,0.626099706744868,0.21508396144528855,1906.285007,,,,,,,,,,,,,60,,,
5m,300,btc-up-or-down-5m,btc-updown-5m,btc-updown-5m-1780829400,0x8c7800e209593e807da9046832ec6112d277884235f16faa72a823a37b13c3f3,1780829400,1780829700,2026-06-07T10:50:00Z,2026-06-07T10:55:00Z,True,62389.748467993035,62360.44014358803,gamma_finalPrice,,,,,,,,,Down,-29.308324405006715,29.308324405006715,4.697618619193884,76885.42972699986,0.01,0.5,0.51,2575,2575,0,ok,,,,,,,,134,789.6178470000009,636.4163470000005,153.2015,483.2148470000004,0.8059801958858205,0.8880597014925373,0.6119603917716412,534.9947610000004,,,,,,,,179,1210.8275510000021,1000.9894510000016,209.83810000000003,791.1513510000013,0.82669860804976,0.8938547486033519,0.6533972160995203,534.9947610000004,,,,,,,,218,1711.7260420000023,1484.577044000002,227.14899800000006,1257.4280460000018,0.8672982752925833,0.8853211009174312,0.7345965505851667,534.9947610000004,,,,,,,,396,12300.759327999998,11190.306634999995,1110.4526930000002,10079.853941999994,0.9097248662956685,0.7651515151515151,0.8194497325913371,4676.311102999999,,,,,,,,731,17234.14836499995,15404.624300999945,1829.5240639999986,13575.100236999948,0.8938430826256839,0.7564979480164159,0.7876861652513683,4676.311102999999,,,,,,,,,,,,,60,,,
5m,300,btc-up-or-down-5m,btc-updown-5m,btc-updown-5m-1780829700,0x4a0c730b454ba0a18c42bd00a6b300b3f652897b495410ee5915c0fc319f8318,1780829700,1780830000,2026-06-07T10:55:00Z,2026-06-07T11:00:00Z,True,62360.44014358803,62349.88414557093,gamma_finalPrice,,,,,,,,,Down,-10.55599801709468,10.55599801709468,1.692739498436664,80012.62609799988,0.01,0.7,0.71,2971,2971,0,ok,,,,,,,,80,957.1591480000002,833.7898610000001,123.369287,710.420574,0.8711089088394733,0.65,0.7422178176789466,361.8355810000001,,,,,,,,131,1666.216732,1218.3441510000002,447.8725810000001,770.4715699999998,0.731203886986294,0.6641221374045801,0.4624077739725877,361.8355810000001,,,,,,,,195,2586.2245120000007,1643.7860339999997,942.4384780000003,701.3475559999997,0.6355929372615888,0.6,0.2711858745231781,361.8355810000001,,,,,,,,334,4165.404021000001,2903.767651000001,1261.6363700000002,1642.1312809999972,0.6971154866035983,0.6437125748502994,0.3942309732071958,507.047595,,,,,,,,662,6348.926943999989,4432.719394999995,1916.2075489999984,2516.5118459999917,0.6981840292223093,0.6404833836858006,0.3963680584446171,507.047595,,,,,,,,,,,,,60,,,
5m,300,btc-up-or-down-5m,btc-updown-5m,btc-updown-5m-1780830000,0xc0fbf408533bf45861a3dd40e2e39dc7d179cf941738b6e0cb43d553cc6c81c4,1780830000,1780830300,2026-06-07T11:00:00Z,2026-06-07T11:05:00Z,True,62349.88414557093,62351.25476864177,gamma_finalPrice,,,,,,,,,Up,1.3706230708339717,1.3706230708339717,0.21982768526625,84129.44410899995,0.99,0.5,0.51,2697,2697,0,ok,,,,,,,,108,955.577542,266.926472,688.6510699999999,-421.72459799999984,0.27933522950040196,0.3148148148148148,-0.4413295409991959,-425.399385,,,,,,,,169,1372.579002999999,532.0626409999999,840.5163619999997,-308.4537209999999,0.38763717049225493,0.378698224852071,-0.2247256590154907,-425.399385,,,,,,,,319,2665.3296279999986,1324.899194,1340.4304339999987,-15.531239999999855,0.49708643166743083,0.43260188087774293,-0.0058271366651389146,-425.399385,,,,,,,,595,5128.565005999994,2084.347373999999,3044.217631999993,-959.8702580000003,0.4064192169859378,0.334453781512605,-0.1871615660281252,-483.482683,,,,,,,,916,7737.844837999978,3884.8385540000017,3853.0062839999973,31.832269999999767,0.5020569209299532,0.3853711790393013,0.0041138418599031435,-483.482683,,,,,,,,,,,,,60,,,
5m,300,btc-up-or-down-5m,btc-updown-5m,btc-updown-5m-1780830300,0x8beea3fa6e02fbf6da51a3d7461a2b9988e680e4cd7d081a1c80bad2b7de80cf,1780830300,1780830600,2026-06-07T11:05:00Z,2026-06-07T11:10:00Z,True,62351.25476864177,62493.32868935698,gamma_finalPrice,,,,,,,,,Up,142.07392071521463,142.07392071521463,22.786056390106147,67230.43712499995,0.99,0.86,0.87,2234,2234,0,ok,,,,,,,,1,13.3254,0.0,13.3254,-13.3254,0.0,0.0,-1.0,-13.3254,,,,,,,,1,13.3254,0.0,13.3254,-13.3254,0.0,0.0,-1.0,-13.3254,,,,,,,,1,13.3254,0.0,13.3254,-13.3254,0.0,0.0,-1.0,-13.3254,,,,,,,,5,25.859099999999998,0.0,25.859099999999998,-25.859099999999998,0.0,0.0,-1.0,-13.3254,,,,,,,,151,5232.002197999994,4105.165897999998,1126.8363,2978.329597999998,0.7846261799295986,0.5761589403973509,0.5692523598591962,1762.3581980000001,,,,,,,,,,,,,60,,,
5m,300,btc-up-or-down-5m,btc-updown-5m,btc-updown-5m-1780830600,0x98c6a7277e520289df5d623507d5d56c92833aac6a962615b74ad9c0157a5b56,1780830600,1780830900,2026-06-07T11:10:00Z,2026-06-07T11:15:00Z,True,62493.32868935698,62441.456375,gamma_finalPrice,,,,,,,,,Down,-51.872314356980496,51.872314356980496,8.300456295875737,69420.60079799998,0.01,0.49,0.5,2498,2498,0,ok,,,,,,,,0,0.0,0.0,0.0,0.0,,,,0.0,,,,,,,,0,0.0,0.0,0.0,0.0,,,,0.0,,,,,,,,2,80.2494,0.0,80.2494,-80.2494,0.0,0.0,-1.0,-54.994499999999995,,,,,,,,115,5270.781764999993,4388.156066999997,882.6256979999998,3505.530368999999,0.8325436837736352,0.7217391304347827,0.66508736754727,2616.036040999999,,,,,,,,267,6509.420336999995,5454.663356000004,1054.7569809999993,4399.906375000004,0.8379645304199086,0.7116104868913857,0.6759290608398159,2616.036040999999,,,,,,,,,,,,,60,,,
5m,300,btc-up-or-down-5m,btc-updown-5m,btc-updown-5m-1780830900,0x50eb9c72a5b6d1d972ad0e361c78c8946790db90db9101e219ce8e3b3a05d44c,1780830900,1780831200,2026-06-07T11:15:00Z,2026-06-07T11:20:00Z,True,62441.456375,62438.23980894493,gamma_finalPrice,,,,,,,,,Down,-3.2165660550745088,3.2165660550745088,0.5151330929498212,79619.074533,0.01,0.7,0.71,2592,2592,0,ok,,,,,,,,63,609.5911739999998,454.4290789999999,155.16209500000005,299.2669840000001,0.7454653190237955,0.746031746031746,0.4909306380475912,180.305696,,,,,,,,112,1009.2593539999999,790.0924659999997,219.16688800000003,570.9255779999997,0.7828438377792828,0.6964285714285714,0.5656876755585659,194.801395,,,,,,,,164,1353.8871179999985,911.4234429999998,442.46367499999997,468.95976799999994,0.6731901285436418,0.6097560975609756,0.3463802570872829,194.801395,,,,,,,,290,2666.4286599999996,1653.964606999998,1012.4640530000001,641.5005539999995,0.6202920902447839,0.5827586206896552,0.240584180489569,260.477099,,,,,,,,715,5833.75217399999,3667.229377000001,2166.522796999999,1500.7065799999987,0.6286227572957588,0.5944055944055944,0.2572455145915153,415.6757970000001,,,,,,,,,,,,,60,,,
5m,300,btc-up-or-down-5m,btc-updown-5m,btc-updown-5m-1780831200,0xcf79f78d1be463743e65cbc912e62e8a4dfd23ccc6131345a5afe60edd1c7447,1780831200,1780831500,2026-06-07T11:20:00Z,2026-06-07T11:25:00Z,True,62438.23980894493,62519.08507901707,gamma_finalPrice,,,,,,,,,Up,80.84527007214638,80.84527007214638,12.948037984338637,53615.72200599997,0.99,0.5,0.51,1756,1756,0,ok,,,,,,,,0,0.0,0.0,0.0,0.0,,,,0.0,,,,,,,,4,6.0,0.0,6.0,-6.0,0.0,0.0,-1.0,-6.0,,,,,,,,5,7.9404,0.0,7.9404,-7.9404,0.0,0.0,-1.0,-6.0,,,,,,,,11,706.425,0.0,706.425,-706.425,0.0,0.0,-1.0,-670.7943000000001,,,,,,,,174,8343.905677999983,6667.18587999999,1676.7197979999996,4990.4660819999945,0.7990485675765814,0.7068965517241379,0.5980971351531623,2298.2156,,,,,,,,,,,,,60,,,
5m,300,btc-up-or-down-5m,btc-updown-5m,btc-updown-5m-1780831500,0xfd9d3c2996a2c0c7bc3ba4156cac38fb8daebbe3e35d14296b2d8977c9b2e6d8,1780831500,1780831800,2026-06-07T11:25:00Z,2026-06-07T11:30:00Z,True,62519.08507901707,62502.99013147479,gamma_finalPrice,,,,,,,,,Down,-16.09494754228217,16.09494754228217,2.574405483052091,70045.3963240001,0.01,0.4,0.41,2457,2457,0,ok,,,,,,,,107,2077.0828269999993,1892.5531369999992,184.5296900000001,1708.0234469999994,0.9111592048226008,0.7102803738317757,0.8223184096452019,842.532173,,,,,,,,161,2639.4990129999987,2404.9300239999984,234.5689890000001,2170.361034999999,0.9111312457990298,0.7267080745341615,0.82226249159806,842.532173,,,,,,,,239,3759.454694,2795.097814999999,964.3568790000002,1830.7409359999986,0.743484904728579,0.6652719665271967,0.48696980945715806,842.532173,,,,,,,,374,4868.626835999998,3416.5831860000017,1452.0436499999994,1964.539535999998,0.7017549919284887,0.6310160427807486,0.40350998385697573,842.532173,,,,,,,,516,6016.186072999989,4093.934445000003,1922.2516279999986,2171.6828169999994,0.6804866730058684,0.624031007751938,0.36097334601173386,842.532173,,,,,,,,,,,,,60,,,
5m,300,btc-up-or-down-5m,btc-updown-5m,btc-updown-5m-1780831800,0x062ee955b1d53bdfb2264275329fe31d3eed89cf18fe7eb3b4eea638ec901fbb,1780831800,1780832100,2026-06-07T11:30:00Z,2026-06-07T11:35:00Z,True,62502.99013147479,62452.790311526456,gamma_finalPrice,,,,,,,,,Down,-50.19981994833506,50.19981994833506,8.031586943719002,58941.72757099991,0.01,0.47,0.48,2111,2111,0,ok,,,,,,,,4,27.3545,0.0,27.3545,-27.3545,0.0,0.0,-1.0,-17.1575,,,,,,,,8,42.64810000000001,0.0,42.64810000000001,-42.64810000000001,0.0,0.0,-1.0,-17.1575,,,,,,,,14,78.1309,0.0,78.1309,-78.1309,0.0,0.0,-1.0,-33.2245,,,,,,,,33,206.45160000000007,0.0,206.45160000000007,-206.45160000000007,0.0,0.0,-1.0,-62.47539999999999,,,,,,,,306,9729.12801099999,8711.369825999993,1017.7581850000001,7693.611640999998,0.8953906060389693,0.696078431372549,0.7907812120779388,4591.896956999998,,,,,,,,,,,,,60,,,
5m,300,btc-up-or-down-5m,btc-updown-5m,btc-updown-5m-1780832100,0x3d26f929850e9581ca1a554c8045231e0e69e76f187e3905ffad69ed0fa51d68,1780832100,1780832400,2026-06-07T11:35:00Z,2026-06-07T11:40:00Z,True,62452.790311526456,62607.84569785269,gamma_finalPrice,,,,,,,,,Up,155.0553863262321,155.0553863262321,24.827615476071795,54807.11551899995,0.99,0.91,0.92,1356,1356,0,ok,,,,,,,,2,0.5,0.0,0.5,-0.5,0.0,0.0,-1.0,-0.25,,,,,,,,2,0.5,0.0,0.5,-0.5,0.0,0.0,-1.0,-0.25,,,,,,,,2,0.5,0.0,0.5,-0.5,0.0,0.0,-1.0,-0.25,,,,,,,,3,1.9652,0.0,1.9652,-1.9652,0.0,0.0,-1.0,-1.4652,,,,,,,,6,13.0637,0.0,13.0637,-13.0637,0.0,0.0,-1.0,-5.0985000000000005,,,,,,,,,,,,,60,,,
5m,300,btc-up-or-down-5m,btc-updown-5m,btc-updown-5m-1780832400,0xe32fb46175f15dd59ef031d090e1b42d37d8b734c7da5712848dabcb9c1a5c31,1780832400,1780832700,2026-06-07T11:40:00Z,2026-06-07T11:45:00Z,True,62607.84569785269,62657.226137528,gamma_finalPrice,,,,,,,,,Up,49.38043967531121,49.38043967531121,7.887260634014253,55196.93364899999,0.99,0.48,0.49,1839,1839,0,ok,,,,,,,,0,0.0,0.0,0.0,0.0,,,,0.0,,,,,,,,2,24.7802,0.0,24.7802,-24.7802,0.0,0.0,-1.0,-19.7802,,,,,,,,6,143.0359,0.0,143.0359,-143.0359,0.0,0.0,-1.0,-102.5246,,,,,,,,27,491.8136,5.9994,485.8142,-479.81480000000005,0.012198523993643118,0.1111111111111111,-0.9756029520127139,-170.6859,,,,,,,,282,12159.518015999984,10801.86601899999,1357.6519969999995,9444.214021999993,0.8883465614991038,0.6666666666666666,0.7766931229982073,5894.872136,,,,,,,,,,,,,60,,,
5m,300,btc-up-or-down-5m,btc-updown-5m,btc-updown-5m-1780832700,0x65577bcabef212976ac0d2c6b9d33c697c0b16444b9dea9f2e323076039a8a11,1780832700,1780833000,2026-06-07T11:45:00Z,2026-06-07T11:50:00Z,True,62657.226137528,62723.310361251824,gamma_finalPrice,,,,,,,,,Up,66.08422372382483,66.08422372382483,10.546943712250338,63743.60652199991,0.99,0.57,0.58,2202,2202,0,ok,,,,,,,,2,11.1179,0.0,11.1179,-11.1179,0.0,0.0,-1.0,-10.1079,,,,,,,,9,104.59899999999999,0.0,104.59899999999999,-104.59899999999999,0.0,0.0,-1.0,-75.47200000000001,,,,,,,,16,128.8342,0.0,128.8342,-128.8342,0.0,0.0,-1.0,-75.47200000000001,,,,,,,,168,6613.531489999992,6137.802191999994,475.729298,5662.072893999997,0.9280672816453167,0.6607142857142857,0.8561345632906336,3275.1651889999994,,,,,,,,345,9191.689354999995,8338.028764,853.660591,7484.368173000001,0.9071269101870126,0.7043478260869566,0.8142538203740247,3275.1651889999994,,,,,,,,,,,,,60,,,
5m,300,btc-up-or-down-5m,btc-updown-5m,btc-updown-5m-1780833000,0xcbbd27ec9e0ffaa83c1f2d5b4233a49ea52796c006c23176f944672369b5c4cc,1780833000,1780833300,2026-06-07T11:50:00Z,2026-06-07T11:55:00Z,True,62723.310361251824,62644.982646896635,gamma_finalPrice,,,,,,,,,Down,-78.32771435518953,78.32771435518953,12.487815758458044,61803.865697000016,0.01,0.49,0.5,1207,1207,0,ok,,,,,,,,4,2.75,0.0,2.75,-2.75,0.0,0.0,-1.0,-2.25,,,,,,,,4,2.75,0.0,2.75,-2.75,0.0,0.0,-1.0,-2.25,,,,,,,,5,4.61,0.0,4.61,-4.61,0.0,0.0,-1.0,-2.25,,,,,,,,18,40.0525,0.0,40.0525,-40.0525,0.0,0.0,-1.0,-19.404,,,,,,,,26,126.4779,0.0,126.4779,-126.4779,0.0,0.0,-1.0,-75.77459999999999,,,,,,,,,,,,,60,,,
5m,300,btc-up-or-down-5m,btc-updown-5m,btc-updown-5m-1780833300,0x53dbd9e206e3a1933d78916cea2f07974dd11bbdbff5c1c0ae2bc4602e0fb418,1780833300,1780833600,2026-06-07T11:55:00Z,2026-06-07T12:00:00Z,True,62644.982646896635,62601.62901557397,gamma_finalPrice,,,,,,,,,Down,-43.353631322665024,43.353631322665024,6.920527309749796,56263.37987099985,0.01,0.12,0.13,1933,1933,0,ok,,,,,,,,4,70.9236,0.0,70.9236,-70.9236,0.0,0.0,-1.0,-58.41,,,,,,,,15,115.33529999999999,0.0,115.33529999999999,-115.33529999999999,0.0,0.0,-1.0,-58.41,,,,,,,,89,4875.188021999998,4691.723325,183.46469700000003,4508.258628000001,0.9623676674269613,0.6629213483146067,0.9247353348539227,3723.383465,,,,,,,,178,5859.711517999997,5581.64153,278.0699880000001,5303.571542000002,0.9525454474770958,0.6685393258426966,0.9050908949541916,3723.383465,,,,,,,,377,7718.237445000003,7127.209072000008,591.028373,6536.180699000012,0.9234244376113522,0.6790450928381963,0.8468488752227044,3723.383465,,,,,,,,,,,,,60,,,
5m,300,btc-up-or-down-5m,btc-updown-5m,btc-updown-5m-1780833600,0x6e4dc4bd7dd8c947b38a5b3153da10c0e605cb843d865e0770872941cf2eb286,1780833600,1780833900,2026-06-07T12:00:00Z,2026-06-07T12:05:00Z,True,62601.62901557397,62607.800064999996,gamma_finalPrice,,,,,,,,,Up,6.171049426026002,6.171049426026002,0.9857649909542728,66619.54499699995,0.99,0.5,0.51,2463,2463,0,ok,,,,,,,,72,1812.901215,1504.242722,308.65849299999996,1195.584229,0.8297433470471803,0.7083333333333334,0.6594866940943608,1028.086993,,,,,,,,106,2033.064996999999,1676.7738049999991,356.2911919999999,1320.4826129999992,0.8247516963177542,0.7264150943396226,0.6495033926355085,1028.086993,,,,,,,,133,2111.1477729999983,1725.355884999999,385.791888,1339.5639969999995,0.8172596476030768,0.7218045112781954,0.6345192952061535,1028.086993,,,,,,,,282,3517.113405999997,2562.828234999997,954.285171,1608.5430639999995,0.7286737557645871,0.648936170212766,0.45734751152917497,1028.086993,,,,,,,,681,6415.205836999998,4074.7632540000004,2340.4425829999986,1734.3206709999988,0.6351726441104374,0.6358296622613803,0.27034528822087417,1028.086993,,,,,,,,,,,,,60,,,
5m,300,btc-up-or-down-5m,btc-updown-5m,btc-updown-5m-1780833900,0x6cd962b2ad5da0b32f400bc138dd393a421ce413bfbbed599bce253951829f8f,1780833900,1780834200,2026-06-07T12:05:00Z,2026-06-07T12:10:00Z,True,62607.800064999996,62406.68599659767,gamma_finalPrice,,,,,,,,,Down,-201.11406840232667,201.11406840232667,32.122845427171725,68229.39055299983,0.01,0.47,0.48,2249,2249,0,ok,,,,,,,,1,0.25,0.0,0.25,-0.25,0.0,0.0,-1.0,-0.25,,,,,,,,2,1.25,0.0,1.25,-1.25,0.0,0.0,-1.0,-1.0,,,,,,,,20,21.637600000000003,0.0,21.637600000000003,-21.637600000000003,0.0,0.0,-1.0,-11.356,,,,,,,,23,26.957600000000003,0.0,26.957600000000003,-26.957600000000003,0.0,0.0,-1.0,-11.356,,,,,,,,199,7073.561367999996,5360.300068999997,1713.2612989999993,3647.0387699999997,0.7577936756510515,0.49246231155778897,0.5155873513021032,2899.6356499999997,,,,,,,,,,,,,60,,,
5m,300,btc-up-or-down-5m,btc-updown-5m,btc-updown-5m-1780834200,0x886e88c828dae2055361a4a08117734386f14b7381e6a411578166987678b59d,1780834200,1780834500,2026-06-07T12:10:00Z,2026-06-07T12:15:00Z,True,62406.68599659767,62061.71028974335,gamma_finalPrice,,,,,,,,,Down,-344.97570685431856,344.97570685431856,55.278645444035625,78749.85540199984,0.01,0.49,0.5,2021,2021,0,ok,,,,,,,,0,0.0,0.0,0.0,0.0,,,,0.0,,,,,,,,0,0.0,0.0,0.0,0.0,,,,0.0,,,,,,,,1,1.0,0.0,1.0,-1.0,0.0,0.0,-1.0,-1.0,,,,,,,,4,8.049,0.0,8.049,-8.049,0.0,0.0,-1.0,-5.0489999999999995,,,,,,,,15,57.556799999999996,0.0,57.556799999999996,-57.556799999999996,0.0,0.0,-1.0,-25.413300000000003,,,,,,,,,,,,,60,,,
5m,300,btc-up-or-down-5m,btc-updown-5m,btc-updown-5m-1780834500,0xa9759e773694c0319f8f4ff2fc349dd421dcb3305aabeee9038ea3a460fe2aad,1780834500,1780834800,2026-06-07T12:15:00Z,2026-06-07T12:20:00Z,True,62061.71028974335,61977.21445357376,gamma_finalPrice,,,,,,,,,Down,-84.4958361695899,84.4958361695899,13.614809481580485,111960.25387500002,0.01,0.75,0.76,3485,3485,0,truncated_http_400_at_offset_3500,,,,,,,,1,1.0,0.0,1.0,-1.0,0.0,0.0,-1.0,-1.0,,,,,,,,3,2.26,0.0,2.26,-2.26,0.0,0.0,-1.0,-1.01,,,,,,,,39,1441.5082889999996,1413.603589,27.904700000000002,1385.698889,0.9806420121112466,0.717948717948718,0.9612840242224929,943.532827,,,,,,,,218,4162.502834000002,3510.444734000003,652.0581000000003,2858.3866340000013,0.8433495120594556,0.7568807339449541,0.6866990241189107,943.532827,,,,,,,,829,15088.682798999971,12062.862315999966,3025.8204830000022,9037.041832999992,0.7994642393038743,0.6598311218335344,0.5989284786077508,2211.204537999999,,,,,,,,,,,,,60,,,
5m,300,btc-up-or-down-5m,btc-updown-5m,btc-updown-5m-1780834800,0xe6d643addbd62821d68049f39ea772654f7f5c02ed10db91b149f8602e55d2d3,1780834800,1780835100,2026-06-07T12:20:00Z,2026-06-07T12:25:00Z,True,61977.21445357376,61948.95207477693,gamma_finalPrice,,,,,,,,,Down,-28.262378796833218,28.262378796833218,4.560124078826447,94631.24203399982,0.01,0.52,0.53,3381,3381,0,truncated_http_400_at_offset_3500,,,,,,,,111,1557.5408620000003,1438.6326670000003,118.90819500000002,1319.7244720000003,0.9236564523595786,0.7837837837837838,0.8473129047191573,1177.7100610000002,,,,,,,,248,2816.973714000004,2130.4888440000004,686.4848699999998,1444.0039739999993,0.7563041264502185,0.5887096774193549,0.5126082529004378,1177.7100610000002,,,,,,,,322,3571.4320020000046,2765.3430340000014,806.0889679999997,1959.2540659999986,0.7742953057629005,0.6086956521739131,0.5485906115258011,1177.7100610000002,,,,,,,,567,6848.427981000001,5623.619315999996,1224.8086650000005,4398.810650999999,0.8211547718106894,0.656084656084656,0.6423095436213799,1177.7100610000002,,,,,,,,1040,14977.31392199998,11103.971903999976,3873.342018000004,7230.629886000003,0.7413860697470925,0.6490384615384616,0.482772139494187,2081.917586,,,,,,,,,,,,,60,,,
5m,300,btc-up-or-down-5m,btc-updown-5m,btc-updown-5m-1780835100,0x80de27f0207185be03a9d02515d15176439386f41ac9b8bc4b1f452790f3b815,1780835100,1780835400,2026-06-07T12:25:00Z,2026-06-07T12:30:00Z,True,61948.95207477693,61916.97951362721,gamma_finalPrice,,,,,,,,,Down,-31.972561149719695,31.972561149719695,5.161114123629802,87461.74859899998,0.01,0.38,0.39,3427,3427,0,ok,,,,,,,,101,2462.462168,2349.6299689999996,112.832199,2236.797769999999,0.9541791137073012,0.8811881188118812,0.9083582274146026,1420.645229,,,,,,,,229,4060.7132760000013,3422.4171779999997,638.2960979999997,2784.121079999998,0.8428118277218641,0.7510917030567685,0.6856236554437283,1420.645229,,,,,,,,361,10410.171857000003,9316.936363999994,1093.2354929999995,8223.700870999995,0.8949839149615099,0.7285318559556787,0.7899678299230207,3206.495936,,,,,,,,547,13216.047031999988,11642.901472999984,1573.1455589999973,10069.755913999987,0.880967012663397,0.696526508226691,0.7619340253267946,3206.495936,,,,,,,,1042,18730.839524999938,14187.129437999958,4543.710086999998,9643.419350999982,0.7574209057241926,0.6142034548944337,0.5148418114483854,3206.495936,,,,,,,,,,,,,60,,,
5m,300,btc-up-or-down-5m,btc-updown-5m,btc-updown-5m-1780835400,0x8ae8a06b7d017d2cd450720859dcdb2a69ed5512d2ffc2edb0909d8f9f9703c1,1780835400,1780835700,2026-06-07T12:30:00Z,2026-06-07T12:35:00Z,True,61916.97951362721,61765.9166624983,gamma_finalPrice,,,,,,,,,Down,-151.06285112891055,151.06285112891055,24.397645414157093,73329.6364479999,0.01,0.51,0.52,2615,2615,0,ok,,,,,,,,1,1.0,0.0,1.0,-1.0,0.0,0.0,-1.0,-1.0,,,,,,,,2,2.0,0.0,2.0,-2.0,0.0,0.0,-1.0,-1.0,,,,,,,,6,25.1809,0.0,25.1809,-25.1809,0.0,0.0,-1.0,-23.1809,,,,,,,,15,38.3782,0.0,38.3782,-38.3782,0.0,0.0,-1.0,-23.1809,,,,,,,,139,4781.141035999997,4385.275137999998,395.865898,3989.40924,0.9172026311252285,0.39568345323741005,0.8344052622504571,2867.077,,,,,,,,,,,,,60,,,
5m,300,btc-up-or-down-5m,btc-updown-5m,btc-updown-5m-1780835700,0x76e9fa6d01c0209015a4368e4e3f714fc5c865794ede1dd6bd0bff46feb0e768,1780835700,1780836000,2026-06-07T12:35:00Z,2026-06-07T12:40:00Z,True,61765.9166624983,61866.0955632766,gamma_finalPrice,,,,,,,,,Up,100.17890077830089,100.17890077830089,16.219123133183476,85424.65424599993,0.99,0.61,0.62,2973,2973,0,ok,,,,,,,,3,35.029199999999996,0.0,35.029199999999996,-35.029199999999996,0.0,0.0,-1.0,-34.7292,,,,,,,,5,41.029199999999996,0.0,41.029199999999996,-41.029199999999996,0.0,0.0,-1.0,-34.7292,,,,,,,,11,105.4585,0.0,105.4585,-105.4585,0.0,0.0,-1.0,-35.5905,,,,,,,,169,8404.00429399999,7974.259694999987,429.744599,7544.515095999986,0.9488643051614315,0.727810650887574,0.8977286103228633,5295.999605999998,,,,,,,,490,12429.145198999975,10810.576913999976,1618.568285,9192.008628999976,0.8697763797038732,0.753061224489796,0.7395527594077466,5295.999605999998,,,,,,,,,,,,,60,,,
5m,300,btc-up-or-down-5m,btc-updown-5m,btc-updown-5m-1780836000,0xb771ff819f156772e4a008f3ad450b5c7df3827c25a51a12a38a76ea5772c687,1780836000,1780836300,2026-06-07T12:40:00Z,2026-06-07T12:45:00Z,True,61866.0955632766,61629.016665425464,gamma_finalPrice,,,,,,,,,Down,-237.07889785113366,237.07889785113366,38.32129629202954,88776.06583499978,0.01,,0.01,2355,2355,0,ok,,,,,,,,2,0.5,0.0,0.5,-0.5,0.0,0.0,-1.0,-0.25,,,,,,,,4,11.78,0.0,11.78,-11.78,0.0,0.0,-1.0,-10.28,,,,,,,,5,18.1754,0.0,18.1754,-18.1754,0.0,0.0,-1.0,-10.28,,,,,,,,10,35.6254,0.0,35.6254,-35.6254,0.0,0.0,-1.0,-16.25,,,,,,,,28,332.099,0.0,332.099,-332.099,0.0,0.0,-1.0,-103.1184,,,,,,,,,61829.59287910687,0,-32.492896346886454,32.492896346886454,60,,,
5m,300,btc-up-or-down-5m,btc-updown-5m,btc-updown-5m-1780836300,0x9272e5cf7cebc59e278c483a829a7f8b033831788c6e418be2c750cb85caa3fc,1780836300,1780836600,2026-06-07T12:45:00Z,2026-06-07T12:50:00Z,True,61629.016665425464,61829.59287910687,gamma_finalPrice,,,61829.59287910687,0,61829.59287910687,0,0.0,0.0,Up,200.57621368140826,200.57621368140826,32.545742985046466,71093.11275399991,0.99,0.54,0.55,1975,1975,0,ok,61829.50410737085,0,200.4874419453845,32.5313387740389,Up,0,0.01435749381870863,0,0.0,0.0,0.0,0.0,,,,0.0,61824.34043099658,0,195.32376557111274,31.6934742982345,Up,0,0.8495399980990129,1,0.12,0.0,0.12,-0.12,0.0,0.0,-1.0,-0.12,61826.013983185454,0,196.99731775998953,31.965026933572204,Up,0,0.5788489520583797,6,20.5539,0.0,20.5539,-20.5539,0.0,0.0,-1.0,-17.4339,61803.778792357654,0,174.76212693218986,28.357117537822614,Up,0,4.175909267110521,8,43.9972,0.0,43.9972,-43.9972,0.0,0.0,-1.0,-22.4433,,,,,,,,17,174.97400000000002,0.0,174.97400000000002,-174.97400000000002,0.0,0.0,-1.0,-103.1184,61798.4247061025,0,-5.042250822026711,5.042250822026711,61824.09649110598,0,-0.8889970097141934,0.8889970097141934,61830.32296838311,0,0.11808018325765103,-0.11808018325765103,60,,,
5m,300,btc-up-or-down-5m,btc-updown-5m,btc-updown-5m-1780836600,0xfc7b800b86c68dc7bf5e141de05900fb492af4268ac30027211f2c49b8f9901f,1780836600,1780836900,2026-06-07T12:50:00Z,2026-06-07T12:55:00Z,True,61829.59287910687,61830.322968383116,gamma_finalPrice,61829.59287910687,0,61830.32296838311,0,61830.32296838311,0,7.275957614183426e-12,1.1767759215898183e-12,Up,0.730089276243234,0.730089276243234,0.11808088040798696,88725.83049399985,0.99,0.5,0.51,3018,3018,0,ok,61830.30271429138,0,0.7098351845052093,0.114805087895876,Up,0,0.003275754368579282,38,546.6314920000001,166.25229399999998,380.37919800000003,-214.12690399999997,0.3041396195300068,0.4473684210526316,-0.3917207609399861,-137.444499,61829.731163687065,0,0.1382845801927033,0.02236543599164336,Up,0,0.09571477227867319,72,856.7818810000002,317.92768499999994,538.854196,-220.926511,0.37107190528927614,0.5138888888888888,-0.25785618942144733,-137.444499,61827.03151543823,0,-2.5613636686393875,0.4142617716483315,Down,1,0.5323505357858126,144,1647.1780559999997,720.9976660000001,926.1803900000001,-205.18272400000004,0.4377168961022148,0.625,-0.12456620779557062,-137.444499,61795.427723303525,0,-34.16515580334817,5.525696387836492,Down,1,5.645303799749071,486,4411.9421489999995,2023.1880009999993,2388.754147999999,-365.5661470000004,0.45857083630585915,0.5967078189300411,-0.08285832738828154,198.241607,61725.50392297211,0,-104.08895613476489,16.834811825186396,Down,1,16.96707847690956,798,9745.642974999979,3931.690184000001,5813.9527909999915,-1882.2626070000001,0.40343055805407335,0.5162907268170426,-0.1931388838918557,791.5316099999998,61822.55410147282,0,-1.2565606404976428,1.2565606404976428,61804.6966395467,0,-4.145480671199936,4.145480671199936,61879.37608095317,0,7.930358818721876,-7.930358818721876,60,16.834811825186396,Down,16.96707847690956
5m,300,btc-up-or-down-5m,btc-updown-5m,btc-updown-5m-1780836900,0x6b61b0d23c29318e74b29878daf105566bb2d31814e06a9e58331ff3bbfcb258,1780836900,1780837200,2026-06-07T12:55:00Z,2026-06-07T13:00:00Z,True,61830.322968383116,61879.376080953174,gamma_finalPrice,61830.32296838311,0,61879.37608095317,0,61879.37608095317,0,7.275957614183426e-12,1.176762026280209e-12,Up,49.05311257005815,49.05311257005815,7.933504179679187,83040.93318800014,0.99,0.51,0.52,2602,2602,0,ok,61872.207950523,0,41.884982139883505,6.774181361029176,Up,0,1.1584708986633439,1,0.5,0.0,0.5,-0.5,0.0,0.0,-1.0,-0.5,61870.78234726044,0,40.459378877327254,6.543614352138532,Up,0,1.3888844775144606,11,14.4453,0.0,14.4453,-14.4453,0.0,0.0,-1.0,-7.2284,61872.95316930569,0,42.63020092257648,6.894707786723902,Up,0,1.038026789823782,47,1164.5177289999997,1103.8857319999997,60.63199699999999,1043.2537350000002,0.9479338137238441,0.48936170212765956,0.8958676274476887,533.33224,61875.737991167145,0,45.415022784029134,7.345105217589122,Up,0,0.5879498094846015,240,4432.205395999996,4226.136699999999,206.06869600000005,4020.0680039999975,0.9535065102835778,0.7583333333333333,0.9070130205671545,1030.6246870000014,61917.53477485603,0,87.21180647291476,14.105021983713469,Up,0,-6.164724926905681,605,7271.269624999992,6511.622165999999,759.6474589999993,5751.974707000001,0.8955275353305313,0.6595041322314049,0.7910550706610618,1030.6246870000014,61863.68291164746,0,-2.536412065064716,2.536412065064716,61807.79327632285,0,-11.574816206773043,11.574816206773043,61744.15058930713,0,-21.876992061466034,21.876992061466034,60,14.105021983713469,Up,-6.164724926905681
5m,300,btc-up-or-down-5m,btc-updown-5m,btc-updown-5m-1780837200,0x9f229dc284fd68397b3ed312b4b795d02e7248430bb8224c6e903359902bc343,1780837200,1780837500,2026-06-07T13:00:00Z,2026-06-07T13:05:00Z,True,61879.376080953174,61744.15058930714,gamma_finalPrice,61879.37608095317,0,61744.15058930713,0,61744.15058930713,0,7.275957614183426e-12,1.1758291817074424e-12,Down,-135.22549164603697,135.22549164603697,21.85307936349089,57678.84927399983,0.01,0.5,0.51,2059,2059,0,ok,61767.55119875638,0,-111.82488219679362,18.07143014022954,Down,0,3.789213392815222,1,8.7714,0.0,8.7714,-8.7714,0.0,0.0,-1.0,-8.7714,61773.74901212001,0,-105.62706883316423,17.06983417140123,Down,0,4.79257232756013,1,8.7714,0.0,8.7714,-8.7714,0.0,0.0,-1.0,-8.7714,61776.962065959095,0,-102.41401499407948,16.55058946620554,Down,0,5.312691363989855,3,29.1357,0.0,29.1357,-29.1357,0.0,0.0,-1.0,-20.3643,61775.30782283601,0,-104.06825811716408,16.81792298309822,Down,0,5.044911075587041,8,43.2037,0.0,43.2037,-43.2037,0.0,0.0,-1.0,-20.3643,61782.52690283438,0,-96.84917811879131,15.651285493261792,Down,0,6.2134456363643125,153,7797.048672999988,6823.180478999992,973.868194,5849.312284999998,0.875097843447822,0.6928104575163399,0.7501956868956443,4788.327264999998,61762.35947694512,0,-2.9486523034526217,2.9486523034526217,,,,,,,,,60,15.651285493261792,Down,6.2134456363643125
